assemble_cvd(1257142)  D 10-03 22:51:14 1257142 1257142 assemble_cvd.cc:616] received flags: --webrtc_device_id=apkrun_target_wug3f7-1-1 --num_instances=1 --daemon=true
assemble_cvd(1257142)  D 10-03 22:51:14 1257142 1257142 config_flag.cpp:206] Reading --config option from: <HOST_TEMP_PATH>
assemble_cvd(1257142)  D 10-03 22:51:14 1257142 1257142 config_flag.cpp:151] Launching CVD using --config='phone'
assemble_cvd(1257142)  D 10-03 22:51:14 1257142 1257142 assemble_cvd.cc:697] AndroidBuilds(1 builds, 1 distinct)
assemble_cvd(1257142)  D 10-03 22:51:14 1257142 1257142 command.cc:323] Started (pid: 1257145): <HOST_TEMP_PATH>
assemble_cvd(1257142)  D 10-03 22:51:14 1257142 1257142 command.cc:325] <HOST_TEMP_PATH>
assemble_cvd(1257142)  D 10-03 22:51:15 1257142 1257142 managed_stdio.cc:153] Ran <HOST_TEMP_PATH> with stdout:
assemble_cvd(1257142)  D 10-03 22:51:15 1257142 1257142 managed_stdio.cc:153] #
assemble_cvd(1257142)  D 10-03 22:51:15 1257142 1257142 managed_stdio.cc:153] # Automatically generated file; DO NOT EDIT.
assemble_cvd(1257142)  D 10-03 22:51:15 1257142 1257142 managed_stdio.cc:153] # Linux/arm64 6.12.74 Kernel Configuration
assemble_cvd(1257142)  D 10-03 22:51:15 1257142 1257142 managed_stdio.cc:153] #
assemble_cvd(1257142)  D 10-03 22:51:15 1257142 1257142 managed_stdio.cc:153] CONFIG_CC_VERSION_TEXT="Android (14043575, +pgo, +bolt, +lto, +mlgo, based on r536225) clang version 19.0.1 (https://android.googlesource.com/toolchain/llvm-project b3a530ec6537146650e42be89f1089e9a3588460)"
assemble_cvd(1257142)  D 10-03 22:51:15 1257142 1257142 managed_stdio.cc:153] CONFIG_GCC_VERSION=0
assemble_cvd(1257142)  D 10-03 22:51:15 1257142 1257142 managed_stdio.cc:153] CONFIG_CC_IS_CLANG=y
assemble_cvd(1257142)  D 10-03 22:51:15 1257142 1257142 managed_stdio.cc:153] CONFIG_CLANG_VERSION=190001
assemble_cvd(1257142)  D 10-03 22:51:15 1257142 1257142 managed_stdio.cc:153] CONFIG_AS_IS_LLVM=y
assemble_cvd(1257142)  D 10-03 22:51:15 1257142 1257142 managed_stdio.cc:153] CONFIG_AS_VERSION=190001
assemble_cvd(1257142)  D 10-03 22:51:15 1257142 1257142 managed_stdio.cc:153] CONFIG_LD_VERSION=0
assemble_cvd(1257142)  D 10-03 22:51:15 1257142 1257142 managed_stdio.cc:153] CONFIG_LD_IS_LLD=y
assemble_cvd(1257142)  D 10-03 22:51:15 1257142 1257142 managed_stdio.cc:153] CONFIG_LLD_VERSION=190001
assemble_cvd(1257142)  D 10-03 22:51:15 1257142 1257142 managed_stdio.cc:153] CONFIG_RUSTC_VERSION=108200
assemble_cvd(1257142)  D 10-03 22:51:15 1257142 1257142 managed_stdio.cc:153] CONFIG_RUST_IS_AVAILABLE=y
assemble_cvd(1257142)  D 10-03 22:51:15 1257142 1257142 managed_stdio.cc:153] CONFIG_RUSTC_LLVM_VERSION=190001
assemble_cvd(1257142)  D 10-03 22:51:15 1257142 1257142 managed_stdio.cc:153] CONFIG_RUSTC_LLVM_MAJOR_VERSION=19
assemble_cvd(1257142)  D 10-03 22:51:15 1257142 1257142 managed_stdio.cc:153] CONFIG_RUSTC_CLANG_LLVM_COMPATIBLE=y
assemble_cvd(1257142)  D 10-03 22:51:15 1257142 1257142 managed_stdio.cc:153] CONFIG_CC_CAN_LINK=y
assemble_cvd(1257142)  D 10-03 22:51:15 1257142 1257142 managed_stdio.cc:153] CONFIG_CC_CAN_LINK_STATIC=y
assemble_cvd(1257142)  D 10-03 22:51:15 1257142 1257142 managed_stdio.cc:153] CONFIG_CC_HAS_ASM_GOTO_OUTPUT=y
assemble_cvd(1257142)  D 10-03 22:51:15 1257142 1257142 managed_stdio.cc:153] CONFIG_CC_HAS_ASM_GOTO_TIED_OUTPUT=y
assemble_cvd(1257142)  D 10-03 22:51:15 1257142 1257142 managed_stdio.cc:153] CONFIG_TOOLS_SUPPORT_RELR=y
assemble_cvd(1257142)  D 10-03 22:51:15 1257142 1257142 managed_stdio.cc:153] CONFIG_CC_HAS_ASM_INLINE=y
assemble_cvd(1257142)  D 10-03 22:51:15 1257142 1257142 managed_stdio.cc:153] CONFIG_CC_HAS_NO_PROFILE_FN_ATTR=y
assemble_cvd(1257142)  D 10-03 22:51:15 1257142 1257142 managed_stdio.cc:153] CONFIG_PAHOLE_VERSION=125
assemble_cvd(1257142)  D 10-03 22:51:15 1257142 1257142 managed_stdio.cc:153] CONFIG_IRQ_WORK=y
assemble_cvd(1257142)  D 10-03 22:51:15 1257142 1257142 managed_stdio.cc:153] CONFIG_BUILDTIME_TABLE_SORT=y
assemble_cvd(1257142)  D 10-03 22:51:15 1257142 1257142 managed_stdio.cc:153] CONFIG_THREAD_INFO_IN_TASK=y
assemble_cvd(1257142)  D 10-03 22:51:15 1257142 1257142 managed_stdio.cc:153] 
assemble_cvd(1257142)  D 10-03 22:51:15 1257142 1257142 managed_stdio.cc:153] #
assemble_cvd(1257142)  D 10-03 22:51:15 1257142 1257142 managed_stdio.cc:153] # General setup
assemble_cvd(1257142)  D 10-03 22:51:15 1257142 1257142 managed_stdio.cc:153] #
assemble_cvd(1257142)  D 10-03 22:51:15 1257142 1257142 managed_stdio.cc:153] CONFIG_INIT_ENV_ARG_LIMIT=32
assemble_cvd(1257142)  D 10-03 22:51:15 1257142 1257142 managed_stdio.cc:153] # CONFIG_COMPILE_TEST is not set
assemble_cvd(1257142)  D 10-03 22:51:15 1257142 1257142 managed_stdio.cc:153] CONFIG_WERROR=y
assemble_cvd(1257142)  D 10-03 22:51:15 1257142 1257142 managed_stdio.cc:153] # CONFIG_UAPI_HEADER_TEST is not set
assemble_cvd(1257142)  D 10-03 22:51:15 1257142 1257142 managed_stdio.cc:153] CONFIG_LOCALVERSION="-4k"
assemble_cvd(1257142)  D 10-03 22:51:15 1257142 1257142 managed_stdio.cc:153] CONFIG_LOCALVERSION_AUTO=y
assemble_cvd(1257142)  D 10-03 22:51:15 1257142 1257142 managed_stdio.cc:153] CONFIG_BUILD_SALT=""
assemble_cvd(1257142)  D 10-03 22:51:15 1257142 1257142 managed_stdio.cc:153] CONFIG_DEFAULT_INIT=""
assemble_cvd(1257142)  D 10-03 22:51:15 1257142 1257142 managed_stdio.cc:153] CONFIG_DEFAULT_HOSTNAME="(none)"
assemble_cvd(1257142)  D 10-03 22:51:15 1257142 1257142 managed_stdio.cc:153] # CONFIG_SYSVIPC is not set
assemble_cvd(1257142)  D 10-03 22:51:15 1257142 1257142 managed_stdio.cc:153] # CONFIG_POSIX_MQUEUE is not set
assemble_cvd(1257142)  D 10-03 22:51:15 1257142 1257142 managed_stdio.cc:153] # CONFIG_WATCH_QUEUE is not set
assemble_cvd(1257142)  D 10-03 22:51:15 1257142 1257142 managed_stdio.cc:153] CONFIG_CROSS_MEMORY_ATTACH=y
assemble_cvd(1257142)  D 10-03 22:51:15 1257142 1257142 managed_stdio.cc:153] # CONFIG_USELIB is not set
assemble_cvd(1257142)  D 10-03 22:51:15 1257142 1257142 managed_stdio.cc:153] CONFIG_AUDIT=y
assemble_cvd(1257142)  D 10-03 22:51:15 1257142 1257142 managed_stdio.cc:153] CONFIG_HAVE_ARCH_AUDITSYSCALL=y
assemble_cvd(1257142)  D 10-03 22:51:15 1257142 1257142 managed_stdio.cc:153] CONFIG_AUDITSYSCALL=y
assemble_cvd(1257142)  D 10-03 22:51:15 1257142 1257142 managed_stdio.cc:153] 
assemble_cvd(1257142)  D 10-03 22:51:15 1257142 1257142 managed_stdio.cc:153] #
assemble_cvd(1257142)  D 10-03 22:51:15 1257142 1257142 managed_stdio.cc:153] # IRQ subsystem
assemble_cvd(1257142)  D 10-03 22:51:15 1257142 1257142 managed_stdio.cc:153] #
assemble_cvd(1257142)  D 10-03 22:51:15 1257142 1257142 managed_stdio.cc:153] CONFIG_GENERIC_IRQ_PROBE=y
assemble_cvd(1257142)  D 10-03 22:51:15 1257142 1257142 managed_stdio.cc:153] CONFIG_GENERIC_IRQ_SHOW=y
assemble_cvd(1257142)  D 10-03 22:51:15 1257142 1257142 managed_stdio.cc:153] CONFIG_GENERIC_IRQ_SHOW_LEVEL=y
assemble_cvd(1257142)  D 10-03 22:51:15 1257142 1257142 managed_stdio.cc:153] CONFIG_GENERIC_IRQ_EFFECTIVE_AFF_MASK=y
assemble_cvd(1257142)  D 10-03 22:51:15 1257142 1257142 managed_stdio.cc:153] CONFIG_GENERIC_IRQ_MIGRATION=y
assemble_cvd(1257142)  D 10-03 22:51:15 1257142 1257142 managed_stdio.cc:153] CONFIG_HARDIRQS_SW_RESEND=y
assemble_cvd(1257142)  D 10-03 22:51:15 1257142 1257142 managed_stdio.cc:153] CONFIG_GENERIC_IRQ_CHIP=y
assemble_cvd(1257142)  D 10-03 22:51:15 1257142 1257142 managed_stdio.cc:153] CONFIG_IRQ_DOMAIN=y
assemble_cvd(1257142)  D 10-03 22:51:15 1257142 1257142 managed_stdio.cc:153] CONFIG_IRQ_DOMAIN_HIERARCHY=y
assemble_cvd(1257142)  D 10-03 22:51:15 1257142 1257142 managed_stdio.cc:153] CONFIG_IRQ_FASTEOI_HIERARCHY_HANDLERS=y
assemble_cvd(1257142)  D 10-03 22:51:15 1257142 1257142 managed_stdio.cc:153] CONFIG_GENERIC_IRQ_IPI=y
assemble_cvd(1257142)  D 10-03 22:51:15 1257142 1257142 managed_stdio.cc:153] CONFIG_GENERIC_MSI_IRQ=y
assemble_cvd(1257142)  D 10-03 22:51:15 1257142 1257142 managed_stdio.cc:153] CONFIG_IRQ_MSI_IOMMU=y
assemble_cvd(1257142)  D 10-03 22:51:15 1257142 1257142 managed_stdio.cc:153] CONFIG_GENERIC_IRQ_STAT_SNAPSHOT=y
assemble_cvd(1257142)  D 10-03 22:51:15 1257142 1257142 managed_stdio.cc:153] CONFIG_IRQ_FORCED_THREADING=y
assemble_cvd(1257142)  D 10-03 22:51:15 1257142 1257142 managed_stdio.cc:153] CONFIG_SPARSE_IRQ=y
assemble_cvd(1257142)  D 10-03 22:51:15 1257142 1257142 managed_stdio.cc:153] # CONFIG_GENERIC_IRQ_DEBUGFS is not set
assemble_cvd(1257142)  D 10-03 22:51:15 1257142 1257142 managed_stdio.cc:153] # end of IRQ subsystem
assemble_cvd(1257142)  D 10-03 22:51:15 1257142 1257142 managed_stdio.cc:153] 
assemble_cvd(1257142)  D 10-03 22:51:15 1257142 1257142 managed_stdio.cc:153] CONFIG_GENERIC_TIME_VSYSCALL=y
assemble_cvd(1257142)  D 10-03 22:51:15 1257142 1257142 managed_stdio.cc:153] CONFIG_GENERIC_CLOCKEVENTS=y
assemble_cvd(1257142)  D 10-03 22:51:15 1257142 1257142 managed_stdio.cc:153] CONFIG_ARCH_HAS_TICK_BROADCAST=y
assemble_cvd(1257142)  D 10-03 22:51:15 1257142 1257142 managed_stdio.cc:153] CONFIG_GENERIC_CLOCKEVENTS_BROADCAST=y
assemble_cvd(1257142)  D 10-03 22:51:15 1257142 1257142 managed_stdio.cc:153] CONFIG_HAVE_POSIX_CPU_TIMERS_TASK_WORK=y
assemble_cvd(1257142)  D 10-03 22:51:15 1257142 1257142 managed_stdio.cc:153] CONFIG_POSIX_CPU_TIMERS_TASK_WORK=y
assemble_cvd(1257142)  D 10-03 22:51:15 1257142 1257142 managed_stdio.cc:153] CONFIG_TIME_KUNIT_TEST=m
assemble_cvd(1257142)  D 10-03 22:51:15 1257142 1257142 managed_stdio.cc:153] CONFIG_CONTEXT_TRACKING=y
assemble_cvd(1257142)  D 10-03 22:51:15 1257142 1257142 managed_stdio.cc:153] CONFIG_CONTEXT_TRACKING_IDLE=y
assemble_cvd(1257142)  D 10-03 22:51:15 1257142 1257142 managed_stdio.cc:153] 
assemble_cvd(1257142)  D 10-03 22:51:15 1257142 1257142 managed_stdio.cc:153] #
assemble_cvd(1257142)  D 10-03 22:51:15 1257142 1257142 managed_stdio.cc:153] # Timers subsystem
assemble_cvd(1257142)  D 10-03 22:51:15 1257142 1257142 managed_stdio.cc:153] #
assemble_cvd(1257142)  D 10-03 22:51:15 1257142 1257142 managed_stdio.cc:153] CONFIG_TICK_ONESHOT=y
assemble_cvd(1257142)  D 10-03 22:51:15 1257142 1257142 managed_stdio.cc:153] CONFIG_NO_HZ_COMMON=y
assemble_cvd(1257142)  D 10-03 22:51:15 1257142 1257142 managed_stdio.cc:153] # CONFIG_HZ_PERIODIC is not set
assemble_cvd(1257142)  D 10-03 22:51:15 1257142 1257142 managed_stdio.cc:153] CONFIG_NO_HZ_IDLE=y
assemble_cvd(1257142)  D 10-03 22:51:15 1257142 1257142 managed_stdio.cc:153] # CONFIG_NO_HZ_FULL is not set
assemble_cvd(1257142)  D 10-03 22:51:15 1257142 1257142 managed_stdio.cc:153] CONFIG_NO_HZ=y
assemble_cvd(1257142)  D 10-03 22:51:15 1257142 1257142 managed_stdio.cc:153] CONFIG_HIGH_RES_TIMERS=y
assemble_cvd(1257142)  D 10-03 22:51:15 1257142 1257142 managed_stdio.cc:153] # end of Timers subsystem
assemble_cvd(1257142)  D 10-03 22:51:15 1257142 1257142 managed_stdio.cc:153] 
assemble_cvd(1257142)  D 10-03 22:51:15 1257142 1257142 managed_stdio.cc:153] CONFIG_BPF=y
assemble_cvd(1257142)  D 10-03 22:51:15 1257142 1257142 managed_stdio.cc:153] CONFIG_HAVE_EBPF_JIT=y
assemble_cvd(1257142)  D 10-03 22:51:15 1257142 1257142 managed_stdio.cc:153] CONFIG_ARCH_WANT_DEFAULT_BPF_JIT=y
assemble_cvd(1257142)  D 10-03 22:51:15 1257142 1257142 managed_stdio.cc:153] 
assemble_cvd(1257142)  D 10-03 22:51:15 1257142 1257142 managed_stdio.cc:153] #
assemble_cvd(1257142)  D 10-03 22:51:15 1257142 1257142 managed_stdio.cc:153] # BPF subsystem
assemble_cvd(1257142)  D 10-03 22:51:15 1257142 1257142 managed_stdio.cc:153] #
assemble_cvd(1257142)  D 10-03 22:51:15 1257142 1257142 managed_stdio.cc:153] CONFIG_BPF_SYSCALL=y
assemble_cvd(1257142)  D 10-03 22:51:15 1257142 1257142 managed_stdio.cc:153] CONFIG_BPF_JIT=y
assemble_cvd(1257142)  D 10-03 22:51:15 1257142 1257142 managed_stdio.cc:153] CONFIG_BPF_JIT_ALWAYS_ON=y
assemble_cvd(1257142)  D 10-03 22:51:15 1257142 1257142 managed_stdio.cc:153] CONFIG_BPF_JIT_DEFAULT_ON=y
assemble_cvd(1257142)  D 10-03 22:51:15 1257142 1257142 managed_stdio.cc:153] # CONFIG_BPF_UNPRIV_DEFAULT_OFF is not set
assemble_cvd(1257142)  D 10-03 22:51:15 1257142 1257142 managed_stdio.cc:153] # CONFIG_BPF_PRELOAD is not set
assemble_cvd(1257142)  D 10-03 22:51:15 1257142 1257142 managed_stdio.cc:153] CONFIG_BPF_LSM=y
assemble_cvd(1257142)  D 10-03 22:51:15 1257142 1257142 managed_stdio.cc:153] # end of BPF subsystem
assemble_cvd(1257142)  D 10-03 22:51:15 1257142 1257142 managed_stdio.cc:153] 
assemble_cvd(1257142)  D 10-03 22:51:15 1257142 1257142 managed_stdio.cc:153] CONFIG_PREEMPT_BUILD=y
assemble_cvd(1257142)  D 10-03 22:51:15 1257142 1257142 managed_stdio.cc:153] # CONFIG_PREEMPT_NONE is not set
assemble_cvd(1257142)  D 10-03 22:51:15 1257142 1257142 managed_stdio.cc:153] # CONFIG_PREEMPT_VOLUNTARY is not set
assemble_cvd(1257142)  D 10-03 22:51:15 1257142 1257142 managed_stdio.cc:153] CONFIG_PREEMPT=y
assemble_cvd(1257142)  D 10-03 22:51:15 1257142 1257142 managed_stdio.cc:153] # CONFIG_PREEMPT_RT is not set
assemble_cvd(1257142)  D 10-03 22:51:15 1257142 1257142 managed_stdio.cc:153] CONFIG_PREEMPT_COUNT=y
assemble_cvd(1257142)  D 10-03 22:51:15 1257142 1257142 managed_stdio.cc:153] CONFIG_PREEMPTION=y
assemble_cvd(1257142)  D 10-03 22:51:15 1257142 1257142 managed_stdio.cc:153] # CONFIG_PREEMPT_DYNAMIC is not set
assemble_cvd(1257142)  D 10-03 22:51:15 1257142 1257142 managed_stdio.cc:153] CONFIG_SCHED_CLASS_EXT=y
assemble_cvd(1257142)  D 10-03 22:51:15 1257142 1257142 managed_stdio.cc:153] 
assemble_cvd(1257142)  D 10-03 22:51:15 1257142 1257142 managed_stdio.cc:153] #
assemble_cvd(1257142)  D 10-03 22:51:15 1257142 1257142 managed_stdio.cc:153] # CPU/Task time and stats accounting
assemble_cvd(1257142)  D 10-03 22:51:15 1257142 1257142 managed_stdio.cc:153] #
assemble_cvd(1257142)  D 10-03 22:51:15 1257142 1257142 managed_stdio.cc:153] CONFIG_TICK_CPU_ACCOUNTING=y
assemble_cvd(1257142)  D 10-03 22:51:15 1257142 1257142 managed_stdio.cc:153] # CONFIG_VIRT_CPU_ACCOUNTING_GEN is not set
assemble_cvd(1257142)  D 10-03 22:51:15 1257142 1257142 managed_stdio.cc:153] CONFIG_IRQ_TIME_ACCOUNTING=y
assemble_cvd(1257142)  D 10-03 22:51:15 1257142 1257142 managed_stdio.cc:153] CONFIG_HAVE_SCHED_AVG_IRQ=y
assemble_cvd(1257142)  D 10-03 22:51:15 1257142 1257142 managed_stdio.cc:153] CONFIG_SCHED_HW_PRESSURE=y
assemble_cvd(1257142)  D 10-03 22:51:15 1257142 1257142 managed_stdio.cc:153] # CONFIG_BSD_PROCESS_ACCT is not set
assemble_cvd(1257142)  D 10-03 22:51:15 1257142 1257142 managed_stdio.cc:153] CONFIG_TASKSTATS=y
assemble_cvd(1257142)  D 10-03 22:51:15 1257142 1257142 managed_stdio.cc:153] CONFIG_TASK_DELAY_ACCT=y
assemble_cvd(1257142)  D 10-03 22:51:15 1257142 1257142 managed_stdio.cc:153] CONFIG_TASK_XACCT=y
assemble_cvd(1257142)  D 10-03 22:51:15 1257142 1257142 managed_stdio.cc:153] CONFIG_TASK_IO_ACCOUNTING=y
assemble_cvd(1257142)  D 10-03 22:51:15 1257142 1257142 managed_stdio.cc:153] CONFIG_PSI=y
assemble_cvd(1257142)  D 10-03 22:51:15 1257142 1257142 managed_stdio.cc:153] # CONFIG_PSI_DEFAULT_DISABLED is not set
assemble_cvd(1257142)  D 10-03 22:51:15 1257142 1257142 managed_stdio.cc:153] # end of CPU/Task time and stats accounting
assemble_cvd(1257142)  D 10-03 22:51:15 1257142 1257142 managed_stdio.cc:153] 
assemble_cvd(1257142)  D 10-03 22:51:15 1257142 1257142 managed_stdio.cc:153] CONFIG_CPU_ISOLATION=y
assemble_cvd(1257142)  D 10-03 22:51:15 1257142 1257142 managed_stdio.cc:153] 
assemble_cvd(1257142)  D 10-03 22:51:15 1257142 1257142 managed_stdio.cc:153] #
assemble_cvd(1257142)  D 10-03 22:51:15 1257142 1257142 managed_stdio.cc:153] # RCU Subsystem
assemble_cvd(1257142)  D 10-03 22:51:15 1257142 1257142 managed_stdio.cc:153] #
assemble_cvd(1257142)  D 10-03 22:51:15 1257142 1257142 managed_stdio.cc:153] CONFIG_TREE_RCU=y
assemble_cvd(1257142)  D 10-03 22:51:15 1257142 1257142 managed_stdio.cc:153] CONFIG_PREEMPT_RCU=y
assemble_cvd(1257142)  D 10-03 22:51:15 1257142 1257142 managed_stdio.cc:153] CONFIG_RCU_EXPERT=y
assemble_cvd(1257142)  D 10-03 22:51:15 1257142 1257142 managed_stdio.cc:153] CONFIG_TREE_SRCU=y
assemble_cvd(1257142)  D 10-03 22:51:15 1257142 1257142 managed_stdio.cc:153] CONFIG_TASKS_RCU_GENERIC=y
assemble_cvd(1257142)  D 10-03 22:51:15 1257142 1257142 managed_stdio.cc:153] # CONFIG_FORCE_TASKS_RCU is not set
assemble_cvd(1257142)  D 10-03 22:51:15 1257142 1257142 managed_stdio.cc:153] CONFIG_NEED_TASKS_RCU=y
assemble_cvd(1257142)  D 10-03 22:51:15 1257142 1257142 managed_stdio.cc:153] CONFIG_TASKS_RCU=y
assemble_cvd(1257142)  D 10-03 22:51:15 1257142 1257142 managed_stdio.cc:153] # CONFIG_FORCE_TASKS_RUDE_RCU is not set
assemble_cvd(1257142)  D 10-03 22:51:15 1257142 1257142 managed_stdio.cc:153] # CONFIG_FORCE_TASKS_TRACE_RCU is not set
assemble_cvd(1257142)  D 10-03 22:51:15 1257142 1257142 managed_stdio.cc:153] CONFIG_TASKS_TRACE_RCU=y
assemble_cvd(1257142)  D 10-03 22:51:15 1257142 1257142 managed_stdio.cc:153] CONFIG_RCU_STALL_COMMON=y
assemble_cvd(1257142)  D 10-03 22:51:15 1257142 1257142 managed_stdio.cc:153] CONFIG_RCU_NEED_SEGCBLIST=y
assemble_cvd(1257142)  D 10-03 22:51:15 1257142 1257142 managed_stdio.cc:153] CONFIG_RCU_FANOUT=64
assemble_cvd(1257142)  D 10-03 22:51:15 1257142 1257142 managed_stdio.cc:153] CONFIG_RCU_FANOUT_LEAF=16
assemble_cvd(1257142)  D 10-03 22:51:15 1257142 1257142 managed_stdio.cc:153] CONFIG_RCU_BOOST=y
assemble_cvd(1257142)  D 10-03 22:51:15 1257142 1257142 managed_stdio.cc:153] CONFIG_RCU_BOOST_DELAY=500
assemble_cvd(1257142)  D 10-03 22:51:15 1257142 1257142 managed_stdio.cc:153] CONFIG_RCU_EXP_KTHREAD=y
assemble_cvd(1257142)  D 10-03 22:51:15 1257142 1257142 managed_stdio.cc:153] CONFIG_RCU_NOCB_CPU=y
assemble_cvd(1257142)  D 10-03 22:51:15 1257142 1257142 managed_stdio.cc:153] CONFIG_RCU_NOCB_CPU_DEFAULT_ALL=y
assemble_cvd(1257142)  D 10-03 22:51:15 1257142 1257142 managed_stdio.cc:153] # CONFIG_RCU_NOCB_CPU_CB_BOOST is not set
assemble_cvd(1257142)  D 10-03 22:51:15 1257142 1257142 managed_stdio.cc:153] # CONFIG_TASKS_TRACE_RCU_READ_MB is not set
assemble_cvd(1257142)  D 10-03 22:51:15 1257142 1257142 managed_stdio.cc:153] CONFIG_RCU_LAZY=y
assemble_cvd(1257142)  D 10-03 22:51:15 1257142 1257142 managed_stdio.cc:153] # CONFIG_RCU_LAZY_DEFAULT_OFF is not set
assemble_cvd(1257142)  D 10-03 22:51:15 1257142 1257142 managed_stdio.cc:153] # CONFIG_RCU_DOUBLE_CHECK_CB_TIME is not set
assemble_cvd(1257142)  D 10-03 22:51:15 1257142 1257142 managed_stdio.cc:153] CONFIG_RCU_BOOT_END_DELAY=20000
assemble_cvd(1257142)  D 10-03 22:51:15 1257142 1257142 managed_stdio.cc:153] # end of RCU Subsystem
assemble_cvd(1257142)  D 10-03 22:51:15 1257142 1257142 managed_stdio.cc:153] 
assemble_cvd(1257142)  D 10-03 22:51:15 1257142 1257142 managed_stdio.cc:153] CONFIG_IKCONFIG=y
assemble_cvd(1257142)  D 10-03 22:51:15 1257142 1257142 managed_stdio.cc:153] CONFIG_IKCONFIG_PROC=y
assemble_cvd(1257142)  D 10-03 22:51:15 1257142 1257142 managed_stdio.cc:153] CONFIG_IKHEADERS=m
assemble_cvd(1257142)  D 10-03 22:51:15 1257142 1257142 managed_stdio.cc:153] CONFIG_LOG_BUF_SHIFT=17
assemble_cvd(1257142)  D 10-03 22:51:15 1257142 1257142 managed_stdio.cc:153] CONFIG_LOG_CPU_MAX_BUF_SHIFT=12
assemble_cvd(1257142)  D 10-03 22:51:15 1257142 1257142 managed_stdio.cc:153] # CONFIG_PRINTK_INDEX is not set
assemble_cvd(1257142)  D 10-03 22:51:15 1257142 1257142 managed_stdio.cc:153] CONFIG_GENERIC_SCHED_CLOCK=y
assemble_cvd(1257142)  D 10-03 22:51:15 1257142 1257142 managed_stdio.cc:153] 
assemble_cvd(1257142)  D 10-03 22:51:15 1257142 1257142 managed_stdio.cc:153] #
assemble_cvd(1257142)  D 10-03 22:51:15 1257142 1257142 managed_stdio.cc:153] # Scheduler features
assemble_cvd(1257142)  D 10-03 22:51:15 1257142 1257142 managed_stdio.cc:153] #
assemble_cvd(1257142)  D 10-03 22:51:15 1257142 1257142 managed_stdio.cc:153] CONFIG_UCLAMP_TASK=y
assemble_cvd(1257142)  D 10-03 22:51:15 1257142 1257142 managed_stdio.cc:153] CONFIG_UCLAMP_BUCKETS_COUNT=20
assemble_cvd(1257142)  D 10-03 22:51:15 1257142 1257142 managed_stdio.cc:153] CONFIG_SCHED_PROXY_EXEC=y
assemble_cvd(1257142)  D 10-03 22:51:15 1257142 1257142 managed_stdio.cc:153] # end of Scheduler features
assemble_cvd(1257142)  D 10-03 22:51:15 1257142 1257142 managed_stdio.cc:153] 
assemble_cvd(1257142)  D 10-03 22:51:15 1257142 1257142 managed_stdio.cc:153] CONFIG_ARCH_SUPPORTS_NUMA_BALANCING=y
assemble_cvd(1257142)  D 10-03 22:51:15 1257142 1257142 managed_stdio.cc:153] CONFIG_ARCH_WANT_BATCHED_UNMAP_TLB_FLUSH=y
assemble_cvd(1257142)  D 10-03 22:51:15 1257142 1257142 managed_stdio.cc:153] CONFIG_CC_HAS_INT128=y
assemble_cvd(1257142)  D 10-03 22:51:15 1257142 1257142 managed_stdio.cc:153] CONFIG_CC_IMPLICIT_FALLTHROUGH="-Wimplicit-fallthrough"
assemble_cvd(1257142)  D 10-03 22:51:15 1257142 1257142 managed_stdio.cc:153] CONFIG_GCC10_NO_ARRAY_BOUNDS=y
assemble_cvd(1257142)  D 10-03 22:51:15 1257142 1257142 managed_stdio.cc:153] CONFIG_GCC_NO_STRINGOP_OVERFLOW=y
assemble_cvd(1257142)  D 10-03 22:51:15 1257142 1257142 managed_stdio.cc:153] CONFIG_ARCH_SUPPORTS_INT128=y
assemble_cvd(1257142)  D 10-03 22:51:15 1257142 1257142 managed_stdio.cc:153] CONFIG_SLAB_OBJ_EXT=y
assemble_cvd(1257142)  D 10-03 22:51:15 1257142 1257142 managed_stdio.cc:153] CONFIG_CGROUPS=y
assemble_cvd(1257142)  D 10-03 22:51:15 1257142 1257142 managed_stdio.cc:153] CONFIG_PAGE_COUNTER=y
assemble_cvd(1257142)  D 10-03 22:51:15 1257142 1257142 managed_stdio.cc:153] # CONFIG_CGROUP_FAVOR_DYNMODS is not set
assemble_cvd(1257142)  D 10-03 22:51:15 1257142 1257142 managed_stdio.cc:153] CONFIG_MEMCG=y
assemble_cvd(1257142)  D 10-03 22:51:15 1257142 1257142 managed_stdio.cc:153] CONFIG_MEMCG_V1=y
assemble_cvd(1257142)  D 10-03 22:51:15 1257142 1257142 managed_stdio.cc:153] CONFIG_BLK_CGROUP=y
assemble_cvd(1257142)  D 10-03 22:51:15 1257142 1257142 managed_stdio.cc:153] CONFIG_CGROUP_WRITEBACK=y
assemble_cvd(1257142)  D 10-03 22:51:15 1257142 1257142 managed_stdio.cc:153] CONFIG_CGROUP_SCHED=y
assemble_cvd(1257142)  D 10-03 22:51:15 1257142 1257142 managed_stdio.cc:153] CONFIG_GROUP_SCHED_WEIGHT=y
assemble_cvd(1257142)  D 10-03 22:51:15 1257142 1257142 managed_stdio.cc:153] CONFIG_FAIR_GROUP_SCHED=y
assemble_cvd(1257142)  D 10-03 22:51:15 1257142 1257142 managed_stdio.cc:153] CONFIG_CFS_BANDWIDTH=y
assemble_cvd(1257142)  D 10-03 22:51:15 1257142 1257142 managed_stdio.cc:153] # CONFIG_RT_GROUP_SCHED is not set
assemble_cvd(1257142)  D 10-03 22:51:15 1257142 1257142 managed_stdio.cc:153] CONFIG_EXT_GROUP_SCHED=y
assemble_cvd(1257142)  D 10-03 22:51:15 1257142 1257142 managed_stdio.cc:153] CONFIG_UCLAMP_TASK_GROUP=y
assemble_cvd(1257142)  D 10-03 22:51:15 1257142 1257142 managed_stdio.cc:153] # CONFIG_CGROUP_PIDS is not set
assemble_cvd(1257142)  D 10-03 22:51:15 1257142 1257142 managed_stdio.cc:153] # CONFIG_CGROUP_RDMA is not set
assemble_cvd(1257142)  D 10-03 22:51:15 1257142 1257142 managed_stdio.cc:153] CONFIG_CGROUP_FREEZER=y
assemble_cvd(1257142)  D 10-03 22:51:15 1257142 1257142 managed_stdio.cc:153] CONFIG_CPUSETS=y
assemble_cvd(1257142)  D 10-03 22:51:15 1257142 1257142 managed_stdio.cc:153] CONFIG_CPUSETS_V1=y
assemble_cvd(1257142)  D 10-03 22:51:15 1257142 1257142 managed_stdio.cc:153] CONFIG_PROC_PID_CPUSET=y
assemble_cvd(1257142)  D 10-03 22:51:15 1257142 1257142 managed_stdio.cc:153] # CONFIG_CGROUP_DEVICE is not set
assemble_cvd(1257142)  D 10-03 22:51:15 1257142 1257142 managed_stdio.cc:153] CONFIG_CGROUP_CPUACCT=y
assemble_cvd(1257142)  D 10-03 22:51:15 1257142 1257142 managed_stdio.cc:153] # CONFIG_CGROUP_PERF is not set
assemble_cvd(1257142)  D 10-03 22:51:15 1257142 1257142 managed_stdio.cc:153] CONFIG_CGROUP_BPF=y
assemble_cvd(1257142)  D 10-03 22:51:15 1257142 1257142 managed_stdio.cc:153] # CONFIG_CGROUP_MISC is not set
assemble_cvd(1257142)  D 10-03 22:51:15 1257142 1257142 managed_stdio.cc:153] # CONFIG_CGROUP_DEBUG is not set
assemble_cvd(1257142)  D 10-03 22:51:15 1257142 1257142 managed_stdio.cc:153] CONFIG_SOCK_CGROUP_DATA=y
assemble_cvd(1257142)  D 10-03 22:51:15 1257142 1257142 managed_stdio.cc:153] CONFIG_NAMESPACES=y
assemble_cvd(1257142)  D 10-03 22:51:15 1257142 1257142 managed_stdio.cc:153] CONFIG_UTS_NS=y
assemble_cvd(1257142)  D 10-03 22:51:15 1257142 1257142 managed_stdio.cc:153] CONFIG_TIME_NS=y
assemble_cvd(1257142)  D 10-03 22:51:15 1257142 1257142 managed_stdio.cc:153] # CONFIG_USER_NS is not set
assemble_cvd(1257142)  D 10-03 22:51:15 1257142 1257142 managed_stdio.cc:153] # CONFIG_PID_NS is not set
assemble_cvd(1257142)  D 10-03 22:51:15 1257142 1257142 managed_stdio.cc:153] CONFIG_NET_NS=y
assemble_cvd(1257142)  D 10-03 22:51:15 1257142 1257142 managed_stdio.cc:153] # CONFIG_CHECKPOINT_RESTORE is not set
assemble_cvd(1257142)  D 10-03 22:51:15 1257142 1257142 managed_stdio.cc:153] # CONFIG_SCHED_AUTOGROUP is not set
assemble_cvd(1257142)  D 10-03 22:51:15 1257142 1257142 managed_stdio.cc:153] CONFIG_RT_SOFTIRQ_AWARE_SCHED=y
assemble_cvd(1257142)  D 10-03 22:51:15 1257142 1257142 managed_stdio.cc:153] # CONFIG_RELAY is not set
assemble_cvd(1257142)  D 10-03 22:51:15 1257142 1257142 managed_stdio.cc:153] CONFIG_BLK_DEV_INITRD=y
assemble_cvd(1257142)  D 10-03 22:51:15 1257142 1257142 managed_stdio.cc:153] CONFIG_INITRAMFS_SOURCE=""
assemble_cvd(1257142)  D 10-03 22:51:15 1257142 1257142 managed_stdio.cc:153] # CONFIG_INITRAMFS_FORCE is not set
assemble_cvd(1257142)  D 10-03 22:51:15 1257142 1257142 managed_stdio.cc:153] CONFIG_RD_GZIP=y
assemble_cvd(1257142)  D 10-03 22:51:15 1257142 1257142 managed_stdio.cc:153] # CONFIG_RD_BZIP2 is not set
assemble_cvd(1257142)  D 10-03 22:51:15 1257142 1257142 managed_stdio.cc:153] # CONFIG_RD_LZMA is not set
assemble_cvd(1257142)  D 10-03 22:51:15 1257142 1257142 managed_stdio.cc:153] # CONFIG_RD_XZ is not set
assemble_cvd(1257142)  D 10-03 22:51:15 1257142 1257142 managed_stdio.cc:153] # CONFIG_RD_LZO is not set
assemble_cvd(1257142)  D 10-03 22:51:15 1257142 1257142 managed_stdio.cc:153] CONFIG_RD_LZ4=y
assemble_cvd(1257142)  D 10-03 22:51:15 1257142 1257142 managed_stdio.cc:153] CONFIG_RD_ZSTD=y
assemble_cvd(1257142)  D 10-03 22:51:15 1257142 1257142 managed_stdio.cc:153] CONFIG_BOOT_CONFIG=y
assemble_cvd(1257142)  D 10-03 22:51:15 1257142 1257142 managed_stdio.cc:153] # CONFIG_BOOT_CONFIG_FORCE is not set
assemble_cvd(1257142)  D 10-03 22:51:15 1257142 1257142 managed_stdio.cc:153] # CONFIG_BOOT_CONFIG_EMBED is not set
assemble_cvd(1257142)  D 10-03 22:51:15 1257142 1257142 managed_stdio.cc:153] CONFIG_CMDLINE_LOG_WRAP_IDEAL_LEN=1021
assemble_cvd(1257142)  D 10-03 22:51:15 1257142 1257142 managed_stdio.cc:153] CONFIG_INITRAMFS_PRESERVE_MTIME=y
assemble_cvd(1257142)  D 10-03 22:51:15 1257142 1257142 managed_stdio.cc:153] CONFIG_CC_OPTIMIZE_FOR_PERFORMANCE=y
assemble_cvd(1257142)  D 10-03 22:51:15 1257142 1257142 managed_stdio.cc:153] # CONFIG_CC_OPTIMIZE_FOR_SIZE is not set
assemble_cvd(1257142)  D 10-03 22:51:15 1257142 1257142 managed_stdio.cc:153] CONFIG_LD_ORPHAN_WARN=y
assemble_cvd(1257142)  D 10-03 22:51:15 1257142 1257142 managed_stdio.cc:153] CONFIG_LD_ORPHAN_WARN_LEVEL="error"
assemble_cvd(1257142)  D 10-03 22:51:15 1257142 1257142 managed_stdio.cc:153] CONFIG_SYSCTL=y
assemble_cvd(1257142)  D 10-03 22:51:15 1257142 1257142 managed_stdio.cc:153] CONFIG_HAVE_UID16=y
assemble_cvd(1257142)  D 10-03 22:51:15 1257142 1257142 managed_stdio.cc:153] CONFIG_SYSCTL_EXCEPTION_TRACE=y
assemble_cvd(1257142)  D 10-03 22:51:15 1257142 1257142 managed_stdio.cc:153] CONFIG_EXPERT=y
assemble_cvd(1257142)  D 10-03 22:51:15 1257142 1257142 managed_stdio.cc:153] CONFIG_UID16=y
assemble_cvd(1257142)  D 10-03 22:51:15 1257142 1257142 managed_stdio.cc:153] CONFIG_MULTIUSER=y
assemble_cvd(1257142)  D 10-03 22:51:15 1257142 1257142 managed_stdio.cc:153] # CONFIG_SGETMASK_SYSCALL is not set
assemble_cvd(1257142)  D 10-03 22:51:15 1257142 1257142 managed_stdio.cc:153] # CONFIG_SYSFS_SYSCALL is not set
assemble_cvd(1257142)  D 10-03 22:51:15 1257142 1257142 managed_stdio.cc:153] # CONFIG_FHANDLE is not set
assemble_cvd(1257142)  D 10-03 22:51:15 1257142 1257142 managed_stdio.cc:153] CONFIG_POSIX_TIMERS=y
assemble_cvd(1257142)  D 10-03 22:51:15 1257142 1257142 managed_stdio.cc:153] CONFIG_PRINTK=y
assemble_cvd(1257142)  D 10-03 22:51:15 1257142 1257142 managed_stdio.cc:153] CONFIG_BUG=y
assemble_cvd(1257142)  D 10-03 22:51:15 1257142 1257142 managed_stdio.cc:153] CONFIG_ELF_CORE=y
assemble_cvd(1257142)  D 10-03 22:51:15 1257142 1257142 managed_stdio.cc:153] # CONFIG_BASE_SMALL is not set
assemble_cvd(1257142)  D 10-03 22:51:15 1257142 1257142 managed_stdio.cc:153] CONFIG_FUTEX=y
assemble_cvd(1257142)  D 10-03 22:51:15 1257142 1257142 managed_stdio.cc:153] CONFIG_FUTEX_PI=y
assemble_cvd(1257142)  D 10-03 22:51:15 1257142 1257142 managed_stdio.cc:153] CONFIG_EPOLL=y
assemble_cvd(1257142)  D 10-03 22:51:15 1257142 1257142 managed_stdio.cc:153] CONFIG_SIGNALFD=y
assemble_cvd(1257142)  D 10-03 22:51:15 1257142 1257142 managed_stdio.cc:153] CONFIG_TIMERFD=y
assemble_cvd(1257142)  D 10-03 22:51:15 1257142 1257142 managed_stdio.cc:153] CONFIG_EVENTFD=y
assemble_cvd(1257142)  D 10-03 22:51:15 1257142 1257142 managed_stdio.cc:153] CONFIG_SHMEM=y
assemble_cvd(1257142)  D 10-03 22:51:15 1257142 1257142 managed_stdio.cc:153] CONFIG_AIO=y
assemble_cvd(1257142)  D 10-03 22:51:15 1257142 1257142 managed_stdio.cc:153] CONFIG_IO_URING=y
assemble_cvd(1257142)  D 10-03 22:51:15 1257142 1257142 managed_stdio.cc:153] CONFIG_ADVISE_SYSCALLS=y
assemble_cvd(1257142)  D 10-03 22:51:15 1257142 1257142 managed_stdio.cc:153] CONFIG_MEMBARRIER=y
assemble_cvd(1257142)  D 10-03 22:51:15 1257142 1257142 managed_stdio.cc:153] CONFIG_KCMP=y
assemble_cvd(1257142)  D 10-03 22:51:15 1257142 1257142 managed_stdio.cc:153] # CONFIG_RSEQ is not set
assemble_cvd(1257142)  D 10-03 22:51:15 1257142 1257142 managed_stdio.cc:153] CONFIG_CACHESTAT_SYSCALL=y
assemble_cvd(1257142)  D 10-03 22:51:15 1257142 1257142 managed_stdio.cc:153] # CONFIG_PC104 is not set
assemble_cvd(1257142)  D 10-03 22:51:15 1257142 1257142 managed_stdio.cc:153] CONFIG_KALLSYMS=y
assemble_cvd(1257142)  D 10-03 22:51:15 1257142 1257142 managed_stdio.cc:153] # CONFIG_KALLSYMS_SELFTEST is not set
assemble_cvd(1257142)  D 10-03 22:51:15 1257142 1257142 managed_stdio.cc:153] CONFIG_KALLSYMS_ALL=y
assemble_cvd(1257142)  D 10-03 22:51:15 1257142 1257142 managed_stdio.cc:153] CONFIG_ARCH_HAS_MEMBARRIER_SYNC_CORE=y
assemble_cvd(1257142)  D 10-03 22:51:15 1257142 1257142 managed_stdio.cc:153] CONFIG_HAVE_PERF_EVENTS=y
assemble_cvd(1257142)  D 10-03 22:51:15 1257142 1257142 managed_stdio.cc:153] CONFIG_GUEST_PERF_EVENTS=y
assemble_cvd(1257142)  D 10-03 22:51:15 1257142 1257142 managed_stdio.cc:153] 
assemble_cvd(1257142)  D 10-03 22:51:15 1257142 1257142 managed_stdio.cc:153] #
assemble_cvd(1257142)  D 10-03 22:51:15 1257142 1257142 managed_stdio.cc:153] # Kernel Performance Events And Counters
assemble_cvd(1257142)  D 10-03 22:51:15 1257142 1257142 managed_stdio.cc:153] #
assemble_cvd(1257142)  D 10-03 22:51:15 1257142 1257142 managed_stdio.cc:153] CONFIG_PERF_EVENTS=y
assemble_cvd(1257142)  D 10-03 22:51:15 1257142 1257142 managed_stdio.cc:153] # CONFIG_DEBUG_PERF_USE_VMALLOC is not set
assemble_cvd(1257142)  D 10-03 22:51:15 1257142 1257142 managed_stdio.cc:153] # end of Kernel Performance Events And Counters
assemble_cvd(1257142)  D 10-03 22:51:15 1257142 1257142 managed_stdio.cc:153] 
assemble_cvd(1257142)  D 10-03 22:51:15 1257142 1257142 managed_stdio.cc:153] CONFIG_SYSTEM_DATA_VERIFICATION=y
assemble_cvd(1257142)  D 10-03 22:51:15 1257142 1257142 managed_stdio.cc:153] CONFIG_PROFILING=y
assemble_cvd(1257142)  D 10-03 22:51:15 1257142 1257142 managed_stdio.cc:153] CONFIG_RUST=y
assemble_cvd(1257142)  D 10-03 22:51:15 1257142 1257142 managed_stdio.cc:153] CONFIG_RUSTC_VERSION_TEXT="rustc 1.82.0-dev (f6e511eec 2024-10-15) (Android Rust Toolchain version linux-12909517)"
assemble_cvd(1257142)  D 10-03 22:51:15 1257142 1257142 managed_stdio.cc:153] CONFIG_BINDGEN_VERSION_TEXT="bindgen 0.69.5"
assemble_cvd(1257142)  D 10-03 22:51:15 1257142 1257142 managed_stdio.cc:153] CONFIG_TRACEPOINTS=y
assemble_cvd(1257142)  D 10-03 22:51:15 1257142 1257142 managed_stdio.cc:153] 
assemble_cvd(1257142)  D 10-03 22:51:15 1257142 1257142 managed_stdio.cc:153] #
assemble_cvd(1257142)  D 10-03 22:51:15 1257142 1257142 managed_stdio.cc:153] # Kexec and crash features
assemble_cvd(1257142)  D 10-03 22:51:15 1257142 1257142 managed_stdio.cc:153] #
assemble_cvd(1257142)  D 10-03 22:51:15 1257142 1257142 managed_stdio.cc:153] # CONFIG_KEXEC is not set
assemble_cvd(1257142)  D 10-03 22:51:15 1257142 1257142 managed_stdio.cc:153] # CONFIG_KEXEC_FILE is not set
assemble_cvd(1257142)  D 10-03 22:51:15 1257142 1257142 managed_stdio.cc:153] # end of Kexec and crash features
assemble_cvd(1257142)  D 10-03 22:51:15 1257142 1257142 managed_stdio.cc:153] # end of General setup
assemble_cvd(1257142)  D 10-03 22:51:15 1257142 1257142 managed_stdio.cc:153] 
assemble_cvd(1257142)  D 10-03 22:51:15 1257142 1257142 managed_stdio.cc:153] CONFIG_ARM64=y
assemble_cvd(1257142)  D 10-03 22:51:15 1257142 1257142 managed_stdio.cc:153] CONFIG_RUSTC_SUPPORTS_ARM64=y
assemble_cvd(1257142)  D 10-03 22:51:15 1257142 1257142 managed_stdio.cc:153] CONFIG_CLANG_SUPPORTS_DYNAMIC_FTRACE_WITH_ARGS=y
assemble_cvd(1257142)  D 10-03 22:51:15 1257142 1257142 managed_stdio.cc:153] CONFIG_64BIT=y
assemble_cvd(1257142)  D 10-03 22:51:15 1257142 1257142 managed_stdio.cc:153] CONFIG_MMU=y
assemble_cvd(1257142)  D 10-03 22:51:15 1257142 1257142 managed_stdio.cc:153] CONFIG_ARM64_CONT_PTE_SHIFT=4
assemble_cvd(1257142)  D 10-03 22:51:15 1257142 1257142 managed_stdio.cc:153] CONFIG_ARM64_CONT_PMD_SHIFT=4
assemble_cvd(1257142)  D 10-03 22:51:15 1257142 1257142 managed_stdio.cc:153] CONFIG_ARCH_MMAP_RND_BITS_MIN=18
assemble_cvd(1257142)  D 10-03 22:51:15 1257142 1257142 managed_stdio.cc:153] CONFIG_ARCH_MMAP_RND_BITS_MAX=24
assemble_cvd(1257142)  D 10-03 22:51:15 1257142 1257142 managed_stdio.cc:153] CONFIG_ARCH_MMAP_RND_COMPAT_BITS_MIN=11
assemble_cvd(1257142)  D 10-03 22:51:15 1257142 1257142 managed_stdio.cc:153] CONFIG_ARCH_MMAP_RND_COMPAT_BITS_MAX=16
assemble_cvd(1257142)  D 10-03 22:51:15 1257142 1257142 managed_stdio.cc:153] CONFIG_STACKTRACE_SUPPORT=y
assemble_cvd(1257142)  D 10-03 22:51:15 1257142 1257142 managed_stdio.cc:153] CONFIG_ILLEGAL_POINTER_VALUE=0xdead000000000000
assemble_cvd(1257142)  D 10-03 22:51:15 1257142 1257142 managed_stdio.cc:153] CONFIG_LOCKDEP_SUPPORT=y
assemble_cvd(1257142)  D 10-03 22:51:15 1257142 1257142 managed_stdio.cc:153] CONFIG_GENERIC_BUG=y
assemble_cvd(1257142)  D 10-03 22:51:15 1257142 1257142 managed_stdio.cc:153] CONFIG_GENERIC_BUG_RELATIVE_POINTERS=y
assemble_cvd(1257142)  D 10-03 22:51:15 1257142 1257142 managed_stdio.cc:153] CONFIG_GENERIC_HWEIGHT=y
assemble_cvd(1257142)  D 10-03 22:51:15 1257142 1257142 managed_stdio.cc:153] CONFIG_GENERIC_CSUM=y
assemble_cvd(1257142)  D 10-03 22:51:15 1257142 1257142 managed_stdio.cc:153] CONFIG_GENERIC_CALIBRATE_DELAY=y
assemble_cvd(1257142)  D 10-03 22:51:15 1257142 1257142 managed_stdio.cc:153] CONFIG_SMP=y
assemble_cvd(1257142)  D 10-03 22:51:15 1257142 1257142 managed_stdio.cc:153] CONFIG_KERNEL_MODE_NEON=y
assemble_cvd(1257142)  D 10-03 22:51:15 1257142 1257142 managed_stdio.cc:153] CONFIG_FIX_EARLYCON_MEM=y
assemble_cvd(1257142)  D 10-03 22:51:15 1257142 1257142 managed_stdio.cc:153] CONFIG_PGTABLE_LEVELS=3
assemble_cvd(1257142)  D 10-03 22:51:15 1257142 1257142 managed_stdio.cc:153] CONFIG_ARCH_SUPPORTS_UPROBES=y
assemble_cvd(1257142)  D 10-03 22:51:15 1257142 1257142 managed_stdio.cc:153] CONFIG_ARCH_PROC_KCORE_TEXT=y
assemble_cvd(1257142)  D 10-03 22:51:15 1257142 1257142 managed_stdio.cc:153] CONFIG_BUILTIN_RETURN_ADDRESS_STRIPS_PAC=y
assemble_cvd(1257142)  D 10-03 22:51:15 1257142 1257142 managed_stdio.cc:153] CONFIG_UNWIND_TABLES=y
assemble_cvd(1257142)  D 10-03 22:51:15 1257142 1257142 managed_stdio.cc:153] 
assemble_cvd(1257142)  D 10-03 22:51:15 1257142 1257142 managed_stdio.cc:153] #
assemble_cvd(1257142)  D 10-03 22:51:15 1257142 1257142 managed_stdio.cc:153] # Platform selection
assemble_cvd(1257142)  D 10-03 22:51:15 1257142 1257142 managed_stdio.cc:153] #
assemble_cvd(1257142)  D 10-03 22:51:15 1257142 1257142 managed_stdio.cc:153] # CONFIG_ARCH_ACTIONS is not set
assemble_cvd(1257142)  D 10-03 22:51:15 1257142 1257142 managed_stdio.cc:153] # CONFIG_ARCH_AIROHA is not set
assemble_cvd(1257142)  D 10-03 22:51:15 1257142 1257142 managed_stdio.cc:153] CONFIG_ARCH_SUNXI=y
assemble_cvd(1257142)  D 10-03 22:51:15 1257142 1257142 managed_stdio.cc:153] # CONFIG_ARCH_ALPINE is not set
assemble_cvd(1257142)  D 10-03 22:51:15 1257142 1257142 managed_stdio.cc:153] # CONFIG_ARCH_APPLE is not set
assemble_cvd(1257142)  D 10-03 22:51:15 1257142 1257142 managed_stdio.cc:153] CONFIG_ARCH_BCM=y
assemble_cvd(1257142)  D 10-03 22:51:15 1257142 1257142 managed_stdio.cc:153] # CONFIG_ARCH_BCM2835 is not set
assemble_cvd(1257142)  D 10-03 22:51:15 1257142 1257142 managed_stdio.cc:153] # CONFIG_ARCH_BCM_IPROC is not set
assemble_cvd(1257142)  D 10-03 22:51:15 1257142 1257142 managed_stdio.cc:153] # CONFIG_ARCH_BCMBCA is not set
assemble_cvd(1257142)  D 10-03 22:51:15 1257142 1257142 managed_stdio.cc:153] CONFIG_ARCH_BRCMSTB=y
assemble_cvd(1257142)  D 10-03 22:51:15 1257142 1257142 managed_stdio.cc:153] # CONFIG_ARCH_BERLIN is not set
assemble_cvd(1257142)  D 10-03 22:51:15 1257142 1257142 managed_stdio.cc:153] # CONFIG_ARCH_BITMAIN is not set
assemble_cvd(1257142)  D 10-03 22:51:15 1257142 1257142 managed_stdio.cc:153] # CONFIG_ARCH_EXYNOS is not set
assemble_cvd(1257142)  D 10-03 22:51:15 1257142 1257142 managed_stdio.cc:153] # CONFIG_ARCH_SPARX5 is not set
assemble_cvd(1257142)  D 10-03 22:51:15 1257142 1257142 managed_stdio.cc:153] # CONFIG_ARCH_K3 is not set
assemble_cvd(1257142)  D 10-03 22:51:15 1257142 1257142 managed_stdio.cc:153] # CONFIG_ARCH_LG1K is not set
assemble_cvd(1257142)  D 10-03 22:51:15 1257142 1257142 managed_stdio.cc:153] CONFIG_ARCH_HISI=y
assemble_cvd(1257142)  D 10-03 22:51:15 1257142 1257142 managed_stdio.cc:153] # CONFIG_ARCH_KEEMBAY is not set
assemble_cvd(1257142)  D 10-03 22:51:15 1257142 1257142 managed_stdio.cc:153] # CONFIG_ARCH_MEDIATEK is not set
assemble_cvd(1257142)  D 10-03 22:51:15 1257142 1257142 managed_stdio.cc:153] # CONFIG_ARCH_MESON is not set
assemble_cvd(1257142)  D 10-03 22:51:15 1257142 1257142 managed_stdio.cc:153] # CONFIG_ARCH_MVEBU is not set
assemble_cvd(1257142)  D 10-03 22:51:15 1257142 1257142 managed_stdio.cc:153] # CONFIG_ARCH_NXP is not set
assemble_cvd(1257142)  D 10-03 22:51:15 1257142 1257142 managed_stdio.cc:153] # CONFIG_ARCH_MA35 is not set
assemble_cvd(1257142)  D 10-03 22:51:15 1257142 1257142 managed_stdio.cc:153] # CONFIG_ARCH_NPCM is not set
assemble_cvd(1257142)  D 10-03 22:51:15 1257142 1257142 managed_stdio.cc:153] # CONFIG_ARCH_PENSANDO is not set
assemble_cvd(1257142)  D 10-03 22:51:15 1257142 1257142 managed_stdio.cc:153] CONFIG_ARCH_QCOM=y
assemble_cvd(1257142)  D 10-03 22:51:15 1257142 1257142 managed_stdio.cc:153] # CONFIG_ARCH_REALTEK is not set
assemble_cvd(1257142)  D 10-03 22:51:15 1257142 1257142 managed_stdio.cc:153] # CONFIG_ARCH_RENESAS is not set
assemble_cvd(1257142)  D 10-03 22:51:15 1257142 1257142 managed_stdio.cc:153] # CONFIG_ARCH_ROCKCHIP is not set
assemble_cvd(1257142)  D 10-03 22:51:15 1257142 1257142 managed_stdio.cc:153] # CONFIG_ARCH_SEATTLE is not set
assemble_cvd(1257142)  D 10-03 22:51:15 1257142 1257142 managed_stdio.cc:153] # CONFIG_ARCH_INTEL_SOCFPGA is not set
assemble_cvd(1257142)  D 10-03 22:51:15 1257142 1257142 managed_stdio.cc:153] # CONFIG_ARCH_STM32 is not set
assemble_cvd(1257142)  D 10-03 22:51:15 1257142 1257142 managed_stdio.cc:153] # CONFIG_ARCH_SYNQUACER is not set
assemble_cvd(1257142)  D 10-03 22:51:15 1257142 1257142 managed_stdio.cc:153] CONFIG_ARCH_TEGRA=y
assemble_cvd(1257142)  D 10-03 22:51:15 1257142 1257142 managed_stdio.cc:153] # CONFIG_ARCH_SPRD is not set
assemble_cvd(1257142)  D 10-03 22:51:15 1257142 1257142 managed_stdio.cc:153] # CONFIG_ARCH_THUNDER is not set
assemble_cvd(1257142)  D 10-03 22:51:15 1257142 1257142 managed_stdio.cc:153] # CONFIG_ARCH_THUNDER2 is not set
assemble_cvd(1257142)  D 10-03 22:51:15 1257142 1257142 managed_stdio.cc:153] # CONFIG_ARCH_UNIPHIER is not set
assemble_cvd(1257142)  D 10-03 22:51:15 1257142 1257142 managed_stdio.cc:153] # CONFIG_ARCH_VEXPRESS is not set
assemble_cvd(1257142)  D 10-03 22:51:15 1257142 1257142 managed_stdio.cc:153] # CONFIG_ARCH_VISCONTI is not set
assemble_cvd(1257142)  D 10-03 22:51:15 1257142 1257142 managed_stdio.cc:153] # CONFIG_ARCH_XGENE is not set
assemble_cvd(1257142)  D 10-03 22:51:15 1257142 1257142 managed_stdio.cc:153] # CONFIG_ARCH_ZYNQMP is not set
assemble_cvd(1257142)  D 10-03 22:51:15 1257142 1257142 managed_stdio.cc:153] # end of Platform selection
assemble_cvd(1257142)  D 10-03 22:51:15 1257142 1257142 managed_stdio.cc:153] 
assemble_cvd(1257142)  D 10-03 22:51:15 1257142 1257142 managed_stdio.cc:153] #
assemble_cvd(1257142)  D 10-03 22:51:15 1257142 1257142 managed_stdio.cc:153] # Kernel Features
assemble_cvd(1257142)  D 10-03 22:51:15 1257142 1257142 managed_stdio.cc:153] #
assemble_cvd(1257142)  D 10-03 22:51:15 1257142 1257142 managed_stdio.cc:153] 
assemble_cvd(1257142)  D 10-03 22:51:15 1257142 1257142 managed_stdio.cc:153] #
assemble_cvd(1257142)  D 10-03 22:51:15 1257142 1257142 managed_stdio.cc:153] # ARM errata workarounds via the alternatives framework
assemble_cvd(1257142)  D 10-03 22:51:15 1257142 1257142 managed_stdio.cc:153] #
assemble_cvd(1257142)  D 10-03 22:51:15 1257142 1257142 managed_stdio.cc:153] CONFIG_AMPERE_ERRATUM_AC03_CPU_38=y
assemble_cvd(1257142)  D 10-03 22:51:15 1257142 1257142 managed_stdio.cc:153] CONFIG_ARM64_WORKAROUND_CLEAN_CACHE=y
assemble_cvd(1257142)  D 10-03 22:51:15 1257142 1257142 managed_stdio.cc:153] CONFIG_ARM64_ERRATUM_826319=y
assemble_cvd(1257142)  D 10-03 22:51:15 1257142 1257142 managed_stdio.cc:153] CONFIG_ARM64_ERRATUM_827319=y
assemble_cvd(1257142)  D 10-03 22:51:15 1257142 1257142 managed_stdio.cc:153] CONFIG_ARM64_ERRATUM_824069=y
assemble_cvd(1257142)  D 10-03 22:51:15 1257142 1257142 managed_stdio.cc:153] CONFIG_ARM64_ERRATUM_819472=y
assemble_cvd(1257142)  D 10-03 22:51:15 1257142 1257142 managed_stdio.cc:153] CONFIG_ARM64_ERRATUM_832075=y
assemble_cvd(1257142)  D 10-03 22:51:15 1257142 1257142 managed_stdio.cc:153] # CONFIG_ARM64_ERRATUM_834220 is not set
assemble_cvd(1257142)  D 10-03 22:51:15 1257142 1257142 managed_stdio.cc:153] CONFIG_ARM64_ERRATUM_1742098=y
assemble_cvd(1257142)  D 10-03 22:51:15 1257142 1257142 managed_stdio.cc:153] CONFIG_ARM64_ERRATUM_845719=y
assemble_cvd(1257142)  D 10-03 22:51:15 1257142 1257142 managed_stdio.cc:153] CONFIG_ARM64_ERRATUM_843419=y
assemble_cvd(1257142)  D 10-03 22:51:15 1257142 1257142 managed_stdio.cc:153] CONFIG_ARM64_LD_HAS_FIX_ERRATUM_843419=y
assemble_cvd(1257142)  D 10-03 22:51:15 1257142 1257142 managed_stdio.cc:153] CONFIG_ARM64_ERRATUM_1024718=y
assemble_cvd(1257142)  D 10-03 22:51:15 1257142 1257142 managed_stdio.cc:153] CONFIG_ARM64_ERRATUM_1418040=y
assemble_cvd(1257142)  D 10-03 22:51:15 1257142 1257142 managed_stdio.cc:153] CONFIG_ARM64_WORKAROUND_SPECULATIVE_AT=y
assemble_cvd(1257142)  D 10-03 22:51:15 1257142 1257142 managed_stdio.cc:153] CONFIG_ARM64_ERRATUM_1165522=y
assemble_cvd(1257142)  D 10-03 22:51:15 1257142 1257142 managed_stdio.cc:153] CONFIG_ARM64_ERRATUM_1319367=y
assemble_cvd(1257142)  D 10-03 22:51:15 1257142 1257142 managed_stdio.cc:153] CONFIG_ARM64_ERRATUM_1530923=y
assemble_cvd(1257142)  D 10-03 22:51:15 1257142 1257142 managed_stdio.cc:153] CONFIG_ARM64_WORKAROUND_REPEAT_TLBI=y
assemble_cvd(1257142)  D 10-03 22:51:15 1257142 1257142 managed_stdio.cc:153] # CONFIG_ARM64_ERRATUM_2441007 is not set
assemble_cvd(1257142)  D 10-03 22:51:15 1257142 1257142 managed_stdio.cc:153] # CONFIG_ARM64_ERRATUM_1286807 is not set
assemble_cvd(1257142)  D 10-03 22:51:15 1257142 1257142 managed_stdio.cc:153] CONFIG_ARM64_ERRATUM_1463225=y
assemble_cvd(1257142)  D 10-03 22:51:15 1257142 1257142 managed_stdio.cc:153] # CONFIG_ARM64_ERRATUM_1542419 is not set
assemble_cvd(1257142)  D 10-03 22:51:15 1257142 1257142 managed_stdio.cc:153] CONFIG_ARM64_ERRATUM_1508412=y
assemble_cvd(1257142)  D 10-03 22:51:15 1257142 1257142 managed_stdio.cc:153] CONFIG_ARM64_ERRATUM_2051678=y
assemble_cvd(1257142)  D 10-03 22:51:15 1257142 1257142 managed_stdio.cc:153] CONFIG_ARM64_ERRATUM_2077057=y
assemble_cvd(1257142)  D 10-03 22:51:15 1257142 1257142 managed_stdio.cc:153] CONFIG_ARM64_ERRATUM_2658417=y
assemble_cvd(1257142)  D 10-03 22:51:15 1257142 1257142 managed_stdio.cc:153] CONFIG_ARM64_WORKAROUND_TSB_FLUSH_FAILURE=y
assemble_cvd(1257142)  D 10-03 22:51:15 1257142 1257142 managed_stdio.cc:153] CONFIG_ARM64_ERRATUM_2054223=y
assemble_cvd(1257142)  D 10-03 22:51:15 1257142 1257142 managed_stdio.cc:153] CONFIG_ARM64_ERRATUM_2067961=y
assemble_cvd(1257142)  D 10-03 22:51:15 1257142 1257142 managed_stdio.cc:153] # CONFIG_ARM64_ERRATUM_2441009 is not set
assemble_cvd(1257142)  D 10-03 22:51:15 1257142 1257142 managed_stdio.cc:153] CONFIG_ARM64_ERRATUM_2457168=y
assemble_cvd(1257142)  D 10-03 22:51:15 1257142 1257142 managed_stdio.cc:153] CONFIG_ARM64_ERRATUM_2645198=y
assemble_cvd(1257142)  D 10-03 22:51:15 1257142 1257142 managed_stdio.cc:153] CONFIG_ARM64_WORKAROUND_SPECULATIVE_UNPRIV_LOAD=y
assemble_cvd(1257142)  D 10-03 22:51:15 1257142 1257142 managed_stdio.cc:153] CONFIG_ARM64_ERRATUM_2966298=y
assemble_cvd(1257142)  D 10-03 22:51:15 1257142 1257142 managed_stdio.cc:153] CONFIG_ARM64_ERRATUM_3117295=y
assemble_cvd(1257142)  D 10-03 22:51:15 1257142 1257142 managed_stdio.cc:153] CONFIG_ARM64_ERRATUM_3194386=y
assemble_cvd(1257142)  D 10-03 22:51:15 1257142 1257142 managed_stdio.cc:153] CONFIG_ARM64_ERRATUM_4311569=y
assemble_cvd(1257142)  D 10-03 22:51:15 1257142 1257142 managed_stdio.cc:153] CONFIG_CAVIUM_ERRATUM_22375=y
assemble_cvd(1257142)  D 10-03 22:51:15 1257142 1257142 managed_stdio.cc:153] CONFIG_CAVIUM_ERRATUM_23154=y
assemble_cvd(1257142)  D 10-03 22:51:15 1257142 1257142 managed_stdio.cc:153] CONFIG_CAVIUM_ERRATUM_27456=y
assemble_cvd(1257142)  D 10-03 22:51:15 1257142 1257142 managed_stdio.cc:153] CONFIG_CAVIUM_ERRATUM_30115=y
assemble_cvd(1257142)  D 10-03 22:51:15 1257142 1257142 managed_stdio.cc:153] CONFIG_CAVIUM_TX2_ERRATUM_219=y
assemble_cvd(1257142)  D 10-03 22:51:15 1257142 1257142 managed_stdio.cc:153] CONFIG_FUJITSU_ERRATUM_010001=y
assemble_cvd(1257142)  D 10-03 22:51:15 1257142 1257142 managed_stdio.cc:153] CONFIG_HISILICON_ERRATUM_161600802=y
assemble_cvd(1257142)  D 10-03 22:51:15 1257142 1257142 managed_stdio.cc:153] CONFIG_HISILICON_ERRATUM_162100801=y
assemble_cvd(1257142)  D 10-03 22:51:15 1257142 1257142 managed_stdio.cc:153] CONFIG_QCOM_FALKOR_ERRATUM_1003=y
assemble_cvd(1257142)  D 10-03 22:51:15 1257142 1257142 managed_stdio.cc:153] CONFIG_QCOM_FALKOR_ERRATUM_1009=y
assemble_cvd(1257142)  D 10-03 22:51:15 1257142 1257142 managed_stdio.cc:153] CONFIG_QCOM_QDF2400_ERRATUM_0065=y
assemble_cvd(1257142)  D 10-03 22:51:15 1257142 1257142 managed_stdio.cc:153] CONFIG_QCOM_FALKOR_ERRATUM_E1041=y
assemble_cvd(1257142)  D 10-03 22:51:15 1257142 1257142 managed_stdio.cc:153] CONFIG_NVIDIA_CARMEL_CNP_ERRATUM=y
assemble_cvd(1257142)  D 10-03 22:51:15 1257142 1257142 managed_stdio.cc:153] CONFIG_ROCKCHIP_ERRATUM_3588001=y
assemble_cvd(1257142)  D 10-03 22:51:15 1257142 1257142 managed_stdio.cc:153] CONFIG_SOCIONEXT_SYNQUACER_PREITS=y
assemble_cvd(1257142)  D 10-03 22:51:15 1257142 1257142 managed_stdio.cc:153] # end of ARM errata workarounds via the alternatives framework
assemble_cvd(1257142)  D 10-03 22:51:15 1257142 1257142 managed_stdio.cc:153] 
assemble_cvd(1257142)  D 10-03 22:51:15 1257142 1257142 managed_stdio.cc:153] CONFIG_ARM64_4K_PAGES=y
assemble_cvd(1257142)  D 10-03 22:51:15 1257142 1257142 managed_stdio.cc:153] # CONFIG_ARM64_16K_PAGES is not set
assemble_cvd(1257142)  D 10-03 22:51:15 1257142 1257142 managed_stdio.cc:153] # CONFIG_ARM64_64K_PAGES is not set
assemble_cvd(1257142)  D 10-03 22:51:15 1257142 1257142 managed_stdio.cc:153] CONFIG_ARM64_VA_BITS_39=y
assemble_cvd(1257142)  D 10-03 22:51:15 1257142 1257142 managed_stdio.cc:153] # CONFIG_ARM64_VA_BITS_48 is not set
assemble_cvd(1257142)  D 10-03 22:51:15 1257142 1257142 managed_stdio.cc:153] # CONFIG_ARM64_VA_BITS_52 is not set
assemble_cvd(1257142)  D 10-03 22:51:15 1257142 1257142 managed_stdio.cc:153] CONFIG_ARM64_VA_BITS=39
assemble_cvd(1257142)  D 10-03 22:51:15 1257142 1257142 managed_stdio.cc:153] CONFIG_ARM64_PA_BITS_48=y
assemble_cvd(1257142)  D 10-03 22:51:15 1257142 1257142 managed_stdio.cc:153] CONFIG_ARM64_PA_BITS=48
assemble_cvd(1257142)  D 10-03 22:51:15 1257142 1257142 managed_stdio.cc:153] # CONFIG_CPU_BIG_ENDIAN is not set
assemble_cvd(1257142)  D 10-03 22:51:15 1257142 1257142 managed_stdio.cc:153] CONFIG_CPU_LITTLE_ENDIAN=y
assemble_cvd(1257142)  D 10-03 22:51:15 1257142 1257142 managed_stdio.cc:153] CONFIG_SCHED_MC=y
assemble_cvd(1257142)  D 10-03 22:51:15 1257142 1257142 managed_stdio.cc:153] # CONFIG_SCHED_CLUSTER is not set
assemble_cvd(1257142)  D 10-03 22:51:15 1257142 1257142 managed_stdio.cc:153] # CONFIG_SCHED_SMT is not set
assemble_cvd(1257142)  D 10-03 22:51:15 1257142 1257142 managed_stdio.cc:153] CONFIG_NR_CPUS=32
assemble_cvd(1257142)  D 10-03 22:51:15 1257142 1257142 managed_stdio.cc:153] CONFIG_HOTPLUG_CPU=y
assemble_cvd(1257142)  D 10-03 22:51:15 1257142 1257142 managed_stdio.cc:153] # CONFIG_NUMA is not set
assemble_cvd(1257142)  D 10-03 22:51:15 1257142 1257142 managed_stdio.cc:153] # CONFIG_HZ_100 is not set
assemble_cvd(1257142)  D 10-03 22:51:15 1257142 1257142 managed_stdio.cc:153] CONFIG_HZ_250=y
assemble_cvd(1257142)  D 10-03 22:51:15 1257142 1257142 managed_stdio.cc:153] # CONFIG_HZ_300 is not set
assemble_cvd(1257142)  D 10-03 22:51:15 1257142 1257142 managed_stdio.cc:153] # CONFIG_HZ_1000 is not set
assemble_cvd(1257142)  D 10-03 22:51:15 1257142 1257142 managed_stdio.cc:153] CONFIG_HZ=250
assemble_cvd(1257142)  D 10-03 22:51:15 1257142 1257142 managed_stdio.cc:153] CONFIG_SCHED_HRTICK=y
assemble_cvd(1257142)  D 10-03 22:51:15 1257142 1257142 managed_stdio.cc:153] CONFIG_ARCH_SPARSEMEM_ENABLE=y
assemble_cvd(1257142)  D 10-03 22:51:15 1257142 1257142 managed_stdio.cc:153] CONFIG_HW_PERF_EVENTS=y
assemble_cvd(1257142)  D 10-03 22:51:15 1257142 1257142 managed_stdio.cc:153] CONFIG_CC_HAVE_SHADOW_CALL_STACK=y
assemble_cvd(1257142)  D 10-03 22:51:15 1257142 1257142 managed_stdio.cc:153] CONFIG_PARAVIRT=y
assemble_cvd(1257142)  D 10-03 22:51:15 1257142 1257142 managed_stdio.cc:153] CONFIG_PARAVIRT_TIME_ACCOUNTING=y
assemble_cvd(1257142)  D 10-03 22:51:15 1257142 1257142 managed_stdio.cc:153] CONFIG_ARCH_SUPPORTS_KEXEC=y
assemble_cvd(1257142)  D 10-03 22:51:15 1257142 1257142 managed_stdio.cc:153] CONFIG_ARCH_SUPPORTS_KEXEC_FILE=y
assemble_cvd(1257142)  D 10-03 22:51:15 1257142 1257142 managed_stdio.cc:153] CONFIG_ARCH_SUPPORTS_KEXEC_SIG=y
assemble_cvd(1257142)  D 10-03 22:51:15 1257142 1257142 managed_stdio.cc:153] CONFIG_ARCH_SUPPORTS_KEXEC_IMAGE_VERIFY_SIG=y
assemble_cvd(1257142)  D 10-03 22:51:15 1257142 1257142 managed_stdio.cc:153] CONFIG_ARCH_DEFAULT_KEXEC_IMAGE_VERIFY_SIG=y
assemble_cvd(1257142)  D 10-03 22:51:15 1257142 1257142 managed_stdio.cc:153] CONFIG_ARCH_SUPPORTS_CRASH_DUMP=y
assemble_cvd(1257142)  D 10-03 22:51:15 1257142 1257142 managed_stdio.cc:153] CONFIG_ARCH_DEFAULT_CRASH_DUMP=y
assemble_cvd(1257142)  D 10-03 22:51:15 1257142 1257142 managed_stdio.cc:153] CONFIG_TRANS_TABLE=y
assemble_cvd(1257142)  D 10-03 22:51:15 1257142 1257142 managed_stdio.cc:153] # CONFIG_XEN is not set
assemble_cvd(1257142)  D 10-03 22:51:15 1257142 1257142 managed_stdio.cc:153] CONFIG_ARCH_FORCE_MAX_ORDER=10
assemble_cvd(1257142)  D 10-03 22:51:15 1257142 1257142 managed_stdio.cc:153] CONFIG_UNMAP_KERNEL_AT_EL0=y
assemble_cvd(1257142)  D 10-03 22:51:15 1257142 1257142 managed_stdio.cc:153] CONFIG_MITIGATE_SPECTRE_BRANCH_HISTORY=y
assemble_cvd(1257142)  D 10-03 22:51:15 1257142 1257142 managed_stdio.cc:153] CONFIG_RODATA_FULL_DEFAULT_ENABLED=y
assemble_cvd(1257142)  D 10-03 22:51:15 1257142 1257142 managed_stdio.cc:153] CONFIG_ARM64_SW_TTBR0_PAN=y
assemble_cvd(1257142)  D 10-03 22:51:15 1257142 1257142 managed_stdio.cc:153] CONFIG_ARM64_TAGGED_ADDR_ABI=y
assemble_cvd(1257142)  D 10-03 22:51:15 1257142 1257142 managed_stdio.cc:153] CONFIG_COMPAT=y
assemble_cvd(1257142)  D 10-03 22:51:15 1257142 1257142 managed_stdio.cc:153] CONFIG_KUSER_HELPERS=y
assemble_cvd(1257142)  D 10-03 22:51:15 1257142 1257142 managed_stdio.cc:153] CONFIG_COMPAT_VDSO=y
assemble_cvd(1257142)  D 10-03 22:51:15 1257142 1257142 managed_stdio.cc:153] CONFIG_THUMB2_COMPAT_VDSO=y
assemble_cvd(1257142)  D 10-03 22:51:15 1257142 1257142 managed_stdio.cc:153] # CONFIG_COMPAT_ALIGNMENT_FIXUPS is not set
assemble_cvd(1257142)  D 10-03 22:51:15 1257142 1257142 managed_stdio.cc:153] CONFIG_ARMV8_DEPRECATED=y
assemble_cvd(1257142)  D 10-03 22:51:15 1257142 1257142 managed_stdio.cc:153] CONFIG_SWP_EMULATION=y
assemble_cvd(1257142)  D 10-03 22:51:15 1257142 1257142 managed_stdio.cc:153] CONFIG_CP15_BARRIER_EMULATION=y
assemble_cvd(1257142)  D 10-03 22:51:15 1257142 1257142 managed_stdio.cc:153] CONFIG_SETEND_EMULATION=y
assemble_cvd(1257142)  D 10-03 22:51:15 1257142 1257142 managed_stdio.cc:153] 
assemble_cvd(1257142)  D 10-03 22:51:15 1257142 1257142 managed_stdio.cc:153] #
assemble_cvd(1257142)  D 10-03 22:51:15 1257142 1257142 managed_stdio.cc:153] # ARMv8.1 architectural features
assemble_cvd(1257142)  D 10-03 22:51:15 1257142 1257142 managed_stdio.cc:153] #
assemble_cvd(1257142)  D 10-03 22:51:15 1257142 1257142 managed_stdio.cc:153] CONFIG_ARM64_HW_AFDBM=y
assemble_cvd(1257142)  D 10-03 22:51:15 1257142 1257142 managed_stdio.cc:153] CONFIG_ARM64_PAN=y
assemble_cvd(1257142)  D 10-03 22:51:15 1257142 1257142 managed_stdio.cc:153] CONFIG_AS_HAS_LSE_ATOMICS=y
assemble_cvd(1257142)  D 10-03 22:51:15 1257142 1257142 managed_stdio.cc:153] CONFIG_ARM64_LSE_ATOMICS=y
assemble_cvd(1257142)  D 10-03 22:51:15 1257142 1257142 managed_stdio.cc:153] CONFIG_ARM64_USE_LSE_ATOMICS=y
assemble_cvd(1257142)  D 10-03 22:51:15 1257142 1257142 managed_stdio.cc:153] # end of ARMv8.1 architectural features
assemble_cvd(1257142)  D 10-03 22:51:15 1257142 1257142 managed_stdio.cc:153] 
assemble_cvd(1257142)  D 10-03 22:51:15 1257142 1257142 managed_stdio.cc:153] #
assemble_cvd(1257142)  D 10-03 22:51:15 1257142 1257142 managed_stdio.cc:153] # ARMv8.2 architectural features
assemble_cvd(1257142)  D 10-03 22:51:15 1257142 1257142 managed_stdio.cc:153] #
assemble_cvd(1257142)  D 10-03 22:51:15 1257142 1257142 managed_stdio.cc:153] CONFIG_AS_HAS_ARMV8_2=y
assemble_cvd(1257142)  D 10-03 22:51:15 1257142 1257142 managed_stdio.cc:153] CONFIG_AS_HAS_SHA3=y
assemble_cvd(1257142)  D 10-03 22:51:15 1257142 1257142 managed_stdio.cc:153] CONFIG_ARM64_PMEM=y
assemble_cvd(1257142)  D 10-03 22:51:15 1257142 1257142 managed_stdio.cc:153] CONFIG_ARM64_RAS_EXTN=y
assemble_cvd(1257142)  D 10-03 22:51:15 1257142 1257142 managed_stdio.cc:153] CONFIG_ARM64_CNP=y
assemble_cvd(1257142)  D 10-03 22:51:15 1257142 1257142 managed_stdio.cc:153] # end of ARMv8.2 architectural features
assemble_cvd(1257142)  D 10-03 22:51:15 1257142 1257142 managed_stdio.cc:153] 
assemble_cvd(1257142)  D 10-03 22:51:15 1257142 1257142 managed_stdio.cc:153] #
assemble_cvd(1257142)  D 10-03 22:51:15 1257142 1257142 managed_stdio.cc:153] # ARMv8.3 architectural features
assemble_cvd(1257142)  D 10-03 22:51:15 1257142 1257142 managed_stdio.cc:153] #
assemble_cvd(1257142)  D 10-03 22:51:15 1257142 1257142 managed_stdio.cc:153] CONFIG_ARM64_PTR_AUTH=y
assemble_cvd(1257142)  D 10-03 22:51:15 1257142 1257142 managed_stdio.cc:153] CONFIG_ARM64_PTR_AUTH_KERNEL=y
assemble_cvd(1257142)  D 10-03 22:51:15 1257142 1257142 managed_stdio.cc:153] CONFIG_CC_HAS_BRANCH_PROT_PAC_RET=y
assemble_cvd(1257142)  D 10-03 22:51:15 1257142 1257142 managed_stdio.cc:153] CONFIG_CC_HAS_SIGN_RETURN_ADDRESS=y
assemble_cvd(1257142)  D 10-03 22:51:15 1257142 1257142 managed_stdio.cc:153] CONFIG_AS_HAS_ARMV8_3=y
assemble_cvd(1257142)  D 10-03 22:51:15 1257142 1257142 managed_stdio.cc:153] CONFIG_AS_HAS_CFI_NEGATE_RA_STATE=y
assemble_cvd(1257142)  D 10-03 22:51:15 1257142 1257142 managed_stdio.cc:153] CONFIG_AS_HAS_LDAPR=y
assemble_cvd(1257142)  D 10-03 22:51:15 1257142 1257142 managed_stdio.cc:153] # end of ARMv8.3 architectural features
assemble_cvd(1257142)  D 10-03 22:51:15 1257142 1257142 managed_stdio.cc:153] 
assemble_cvd(1257142)  D 10-03 22:51:15 1257142 1257142 managed_stdio.cc:153] #
assemble_cvd(1257142)  D 10-03 22:51:15 1257142 1257142 managed_stdio.cc:153] # ARMv8.4 architectural features
assemble_cvd(1257142)  D 10-03 22:51:15 1257142 1257142 managed_stdio.cc:153] #
assemble_cvd(1257142)  D 10-03 22:51:15 1257142 1257142 managed_stdio.cc:153] CONFIG_ARM64_AMU_EXTN=y
assemble_cvd(1257142)  D 10-03 22:51:15 1257142 1257142 managed_stdio.cc:153] CONFIG_AS_HAS_ARMV8_4=y
assemble_cvd(1257142)  D 10-03 22:51:15 1257142 1257142 managed_stdio.cc:153] CONFIG_ARM64_TLB_RANGE=y
assemble_cvd(1257142)  D 10-03 22:51:15 1257142 1257142 managed_stdio.cc:153] # end of ARMv8.4 architectural features
assemble_cvd(1257142)  D 10-03 22:51:15 1257142 1257142 managed_stdio.cc:153] 
assemble_cvd(1257142)  D 10-03 22:51:15 1257142 1257142 managed_stdio.cc:153] #
assemble_cvd(1257142)  D 10-03 22:51:15 1257142 1257142 managed_stdio.cc:153] # ARMv8.5 architectural features
assemble_cvd(1257142)  D 10-03 22:51:15 1257142 1257142 managed_stdio.cc:153] #
assemble_cvd(1257142)  D 10-03 22:51:15 1257142 1257142 managed_stdio.cc:153] CONFIG_AS_HAS_ARMV8_5=y
assemble_cvd(1257142)  D 10-03 22:51:15 1257142 1257142 managed_stdio.cc:153] CONFIG_ARM64_BTI=y
assemble_cvd(1257142)  D 10-03 22:51:15 1257142 1257142 managed_stdio.cc:153] # CONFIG_ARM64_BTI_KERNEL is not set
assemble_cvd(1257142)  D 10-03 22:51:15 1257142 1257142 managed_stdio.cc:153] CONFIG_CC_HAS_BRANCH_PROT_PAC_RET_BTI=y
assemble_cvd(1257142)  D 10-03 22:51:15 1257142 1257142 managed_stdio.cc:153] CONFIG_ARM64_E0PD=y
assemble_cvd(1257142)  D 10-03 22:51:15 1257142 1257142 managed_stdio.cc:153] CONFIG_ARM64_AS_HAS_MTE=y
assemble_cvd(1257142)  D 10-03 22:51:15 1257142 1257142 managed_stdio.cc:153] CONFIG_ARM64_MTE=y
assemble_cvd(1257142)  D 10-03 22:51:15 1257142 1257142 managed_stdio.cc:153] # end of ARMv8.5 architectural features
assemble_cvd(1257142)  D 10-03 22:51:15 1257142 1257142 managed_stdio.cc:153] 
assemble_cvd(1257142)  D 10-03 22:51:15 1257142 1257142 managed_stdio.cc:153] #
assemble_cvd(1257142)  D 10-03 22:51:15 1257142 1257142 managed_stdio.cc:153] # ARMv8.7 architectural features
assemble_cvd(1257142)  D 10-03 22:51:15 1257142 1257142 managed_stdio.cc:153] #
assemble_cvd(1257142)  D 10-03 22:51:15 1257142 1257142 managed_stdio.cc:153] CONFIG_ARM64_EPAN=y
assemble_cvd(1257142)  D 10-03 22:51:15 1257142 1257142 managed_stdio.cc:153] # end of ARMv8.7 architectural features
assemble_cvd(1257142)  D 10-03 22:51:15 1257142 1257142 managed_stdio.cc:153] 
assemble_cvd(1257142)  D 10-03 22:51:15 1257142 1257142 managed_stdio.cc:153] #
assemble_cvd(1257142)  D 10-03 22:51:15 1257142 1257142 managed_stdio.cc:153] # ARMv8.9 architectural features
assemble_cvd(1257142)  D 10-03 22:51:15 1257142 1257142 managed_stdio.cc:153] #
assemble_cvd(1257142)  D 10-03 22:51:15 1257142 1257142 managed_stdio.cc:153] CONFIG_ARM64_POE=y
assemble_cvd(1257142)  D 10-03 22:51:15 1257142 1257142 managed_stdio.cc:153] CONFIG_ARCH_PKEY_BITS=3
assemble_cvd(1257142)  D 10-03 22:51:15 1257142 1257142 managed_stdio.cc:153] # end of ARMv8.9 architectural features
assemble_cvd(1257142)  D 10-03 22:51:15 1257142 1257142 managed_stdio.cc:153] 
assemble_cvd(1257142)  D 10-03 22:51:15 1257142 1257142 managed_stdio.cc:153] CONFIG_ARM64_SVE=y
assemble_cvd(1257142)  D 10-03 22:51:15 1257142 1257142 managed_stdio.cc:153] CONFIG_ARM64_SME=y
assemble_cvd(1257142)  D 10-03 22:51:15 1257142 1257142 managed_stdio.cc:153] CONFIG_ARM64_PSEUDO_NMI=y
assemble_cvd(1257142)  D 10-03 22:51:15 1257142 1257142 managed_stdio.cc:153] # CONFIG_ARM64_DEBUG_PRIORITY_MASKING is not set
assemble_cvd(1257142)  D 10-03 22:51:15 1257142 1257142 managed_stdio.cc:153] CONFIG_RELOCATABLE=y
assemble_cvd(1257142)  D 10-03 22:51:15 1257142 1257142 managed_stdio.cc:153] CONFIG_RANDOMIZE_BASE=y
assemble_cvd(1257142)  D 10-03 22:51:15 1257142 1257142 managed_stdio.cc:153] # CONFIG_RANDOMIZE_MODULE_REGION_FULL is not set
assemble_cvd(1257142)  D 10-03 22:51:15 1257142 1257142 managed_stdio.cc:153] CONFIG_CC_HAVE_STACKPROTECTOR_SYSREG=y
assemble_cvd(1257142)  D 10-03 22:51:15 1257142 1257142 managed_stdio.cc:153] CONFIG_STACKPROTECTOR_
assemble_cvd(1257142)  D 10-03 22:51:15 1257142 1257142 managed_stdio.cc:154] Ran <HOST_TEMP_PATH> with stderr:
assemble_cvd(1257142)  D 10-03 22:51:15 1257142 1257142 managed_stdio.cc:154] 
assemble_cvd(1257142)  D 10-03 22:51:15 1257142 1257142 assemble_cvd.cc:717] Guest configs: {
assemble_cvd(1257142)  D 10-03 22:51:15 1257142 1257142 assemble_cvd.cc:717]   GuestConfig {
assemble_cvd(1257142)  D 10-03 22:51:15 1257142 1257142 assemble_cvd.cc:717]     target_arch: arm64,
assemble_cvd(1257142)  D 10-03 22:51:15 1257142 1257142 assemble_cvd.cc:717]     device_type: phone,
assemble_cvd(1257142)  D 10-03 22:51:15 1257142 1257142 assemble_cvd.cc:717]     bootconfig_supported: 1,
assemble_cvd(1257142)  D 10-03 22:51:15 1257142 1257142 assemble_cvd.cc:717]     hctr2_supported: 1,
assemble_cvd(1257142)  D 10-03 22:51:15 1257142 1257142 assemble_cvd.cc:717]     android_version_number: "17",
assemble_cvd(1257142)  D 10-03 22:51:15 1257142 1257142 assemble_cvd.cc:717]     gfxstream_supported: 1,
assemble_cvd(1257142)  D 10-03 22:51:15 1257142 1257142 assemble_cvd.cc:717]     gfxstream_gl_program_binary_link_status_supported: 1,
assemble_cvd(1257142)  D 10-03 22:51:15 1257142 1257142 assemble_cvd.cc:717]     vhost_user_vsock: 0,
assemble_cvd(1257142)  D 10-03 22:51:15 1257142 1257142 assemble_cvd.cc:717]     supports_bgra_framebuffers: 0,
assemble_cvd(1257142)  D 10-03 22:51:15 1257142 1257142 assemble_cvd.cc:717]     prefer_drm_virgl_when_supported: 0,
assemble_cvd(1257142)  D 10-03 22:51:15 1257142 1257142 assemble_cvd.cc:717]     mouse_supported: 0,
assemble_cvd(1257142)  D 10-03 22:51:15 1257142 1257142 assemble_cvd.cc:717]     gamepad_supported: 0,
assemble_cvd(1257142)  D 10-03 22:51:15 1257142 1257142 assemble_cvd.cc:717]     ti50_emulator: "",
assemble_cvd(1257142)  D 10-03 22:51:15 1257142 1257142 assemble_cvd.cc:717]     custom_keyboard_config: (absent),
assemble_cvd(1257142)  D 10-03 22:51:15 1257142 1257142 assemble_cvd.cc:717]     domkey_mapping_config: (absent),
assemble_cvd(1257142)  D 10-03 22:51:15 1257142 1257142 assemble_cvd.cc:717]     output_audio_streams_count: 1,
assemble_cvd(1257142)  D 10-03 22:51:15 1257142 1257142 assemble_cvd.cc:717]     audio_settings: (absent),
assemble_cvd(1257142)  D 10-03 22:51:15 1257142 1257142 assemble_cvd.cc:717]     enforce_mac80211_hwsim: (absent),
assemble_cvd(1257142)  D 10-03 22:51:15 1257142 1257142 assemble_cvd.cc:717]     blank_data_image_mb: 0,
assemble_cvd(1257142)  D 10-03 22:51:15 1257142 1257142 assemble_cvd.cc:717]     lights_server_enabled: 1
assemble_cvd(1257142)  D 10-03 22:51:15 1257142 1257142 assemble_cvd.cc:717]   }
assemble_cvd(1257142)  D 10-03 22:51:15 1257142 1257142 assemble_cvd.cc:717] }
assemble_cvd(1257142)  I 10-03 22:51:15 1257142 1257142 flags.cc:1527] SetFlagDefaultsFromConfig: No flag defaults to override.
assemble_cvd(1257142)  D 10-03 22:51:15 1257142 1257142 command.cc:323] Started (pid: 1257155): /usr/lib/cuttlefish-common/bin/capability_query.py
assemble_cvd(1257142)  D 10-03 22:51:15 1257142 1257142 command.cc:325] qemu_cli
assemble_cvd(1257142)  D 10-03 22:51:15 1257142 1257142 flags.cc:684] rootcanal_instance_num: 0
assemble_cvd(1257142)  D 10-03 22:51:15 1257142 1257142 flags.cc:685] launch rootcanal: true
assemble_cvd(1257142)  D 10-03 22:51:15 1257142 1257142 flags.cc:694] casimir_instance_num: 0
assemble_cvd(1257142)  D 10-03 22:51:15 1257142 1257142 flags.cc:695] launch casimir: true
assemble_cvd(1257142)  D 10-03 22:51:15 1257142 1257142 flags.cc:699] netsim_instance_num: 0
assemble_cvd(1257142)  D 10-03 22:51:15 1257142 1257142 flags.cc:721] launch pica: true
assemble_cvd(1257142)  D 10-03 22:51:15 1257142 1257142 command.cc:323] Started (pid: 1257158): <HOST_TEMP_PATH>
assemble_cvd(1257142)  D 10-03 22:51:15 1257142 1257142 command.cc:325] <HOST_TEMP_PATH>
assemble_cvd(1257142)  D 10-03 22:51:15 1257142 1257142 managed_stdio.cc:153] Ran <HOST_TEMP_PATH> with stdout:
assemble_cvd(1257142)  D 10-03 22:51:15 1257142 1257142 managed_stdio.cc:153] 
assemble_cvd(1257142)  D 10-03 22:51:15 1257142 1257142 managed_stdio.cc:154] Ran <HOST_TEMP_PATH> with stderr:
assemble_cvd(1257142)  D 10-03 22:51:15 1257142 1257142 managed_stdio.cc:154] 
assemble_cvd(1257142)  D 10-03 22:51:15 1257142 1257142 graphics_flags.cc:872] 
assemble_cvd(1257142)  D 10-03 22:51:15 1257142 1257142 graphics_flags.cc:900] Host Graphics Availability:
assemble_cvd(1257142)  D 10-03 22:51:15 1257142 1257142 graphics_flags.cc:903] vulkan {
assemble_cvd(1257142)  D 10-03 22:51:15 1257142 1257142 graphics_flags.cc:903]   physical_devices {
assemble_cvd(1257142)  D 10-03 22:51:15 1257142 1257142 graphics_flags.cc:903]     name: "llvmpipe (LLVM 20.1.2, 128 bits)"
assemble_cvd(1257142)  D 10-03 22:51:15 1257142 1257142 graphics_flags.cc:903]     extensions: "VK_KHR_8bit_storage"
assemble_cvd(1257142)  D 10-03 22:51:15 1257142 1257142 graphics_flags.cc:903]     extensions: "VK_KHR_16bit_storage"
assemble_cvd(1257142)  D 10-03 22:51:15 1257142 1257142 graphics_flags.cc:903]     extensions: "VK_KHR_acceleration_structure"
assemble_cvd(1257142)  D 10-03 22:51:15 1257142 1257142 graphics_flags.cc:903]     extensions: "VK_KHR_bind_memory2"
assemble_cvd(1257142)  D 10-03 22:51:15 1257142 1257142 graphics_flags.cc:903]     extensions: "VK_KHR_buffer_device_address"
assemble_cvd(1257142)  D 10-03 22:51:15 1257142 1257142 graphics_flags.cc:903]     extensions: "VK_KHR_compute_shader_derivatives"
assemble_cvd(1257142)  D 10-03 22:51:15 1257142 1257142 graphics_flags.cc:903]     extensions: "VK_KHR_copy_commands2"
assemble_cvd(1257142)  D 10-03 22:51:15 1257142 1257142 graphics_flags.cc:903]     extensions: "VK_KHR_create_renderpass2"
assemble_cvd(1257142)  D 10-03 22:51:15 1257142 1257142 graphics_flags.cc:903]     extensions: "VK_KHR_dedicated_allocation"
assemble_cvd(1257142)  D 10-03 22:51:15 1257142 1257142 graphics_flags.cc:903]     extensions: "VK_KHR_deferred_host_operations"
assemble_cvd(1257142)  D 10-03 22:51:15 1257142 1257142 graphics_flags.cc:903]     extensions: "VK_KHR_depth_stencil_resolve"
assemble_cvd(1257142)  D 10-03 22:51:15 1257142 1257142 graphics_flags.cc:903]     extensions: "VK_KHR_descriptor_update_template"
assemble_cvd(1257142)  D 10-03 22:51:15 1257142 1257142 graphics_flags.cc:903]     extensions: "VK_KHR_device_group"
assemble_cvd(1257142)  D 10-03 22:51:15 1257142 1257142 graphics_flags.cc:903]     extensions: "VK_KHR_draw_indirect_count"
assemble_cvd(1257142)  D 10-03 22:51:15 1257142 1257142 graphics_flags.cc:903]     extensions: "VK_KHR_driver_properties"
assemble_cvd(1257142)  D 10-03 22:51:15 1257142 1257142 graphics_flags.cc:903]     extensions: "VK_KHR_dynamic_rendering"
assemble_cvd(1257142)  D 10-03 22:51:15 1257142 1257142 graphics_flags.cc:903]     extensions: "VK_KHR_dynamic_rendering_local_read"
assemble_cvd(1257142)  D 10-03 22:51:15 1257142 1257142 graphics_flags.cc:903]     extensions: "VK_KHR_external_fence"
assemble_cvd(1257142)  D 10-03 22:51:15 1257142 1257142 graphics_flags.cc:903]     extensions: "VK_KHR_external_fence_fd"
assemble_cvd(1257142)  D 10-03 22:51:15 1257142 1257142 graphics_flags.cc:903]     extensions: "VK_KHR_external_memory"
assemble_cvd(1257142)  D 10-03 22:51:15 1257142 1257142 graphics_flags.cc:903]     extensions: "VK_KHR_external_memory_fd"
assemble_cvd(1257142)  D 10-03 22:51:15 1257142 1257142 graphics_flags.cc:903]     extensions: "VK_KHR_external_semaphore"
assemble_cvd(1257142)  D 10-03 22:51:15 1257142 1257142 graphics_flags.cc:903]     extensions: "VK_KHR_external_semaphore_fd"
assemble_cvd(1257142)  D 10-03 22:51:15 1257142 1257142 graphics_flags.cc:903]     extensions: "VK_KHR_format_feature_flags2"
assemble_cvd(1257142)  D 10-03 22:51:15 1257142 1257142 graphics_flags.cc:903]     extensions: "VK_KHR_get_memory_requirements2"
assemble_cvd(1257142)  D 10-03 22:51:15 1257142 1257142 graphics_flags.cc:903]     extensions: "VK_KHR_global_priority"
assemble_cvd(1257142)  D 10-03 22:51:15 1257142 1257142 graphics_flags.cc:903]     extensions: "VK_KHR_image_format_list"
assemble_cvd(1257142)  D 10-03 22:51:15 1257142 1257142 graphics_flags.cc:903]     extensions: "VK_KHR_imageless_framebuffer"
assemble_cvd(1257142)  D 10-03 22:51:15 1257142 1257142 graphics_flags.cc:903]     extensions: "VK_KHR_incremental_present"
assemble_cvd(1257142)  D 10-03 22:51:15 1257142 1257142 graphics_flags.cc:903]     extensions: "VK_KHR_index_type_uint8"
assemble_cvd(1257142)  D 10-03 22:51:15 1257142 1257142 graphics_flags.cc:903]     extensions: "VK_KHR_line_rasterization"
assemble_cvd(1257142)  D 10-03 22:51:15 1257142 1257142 graphics_flags.cc:903]     extensions: "VK_KHR_load_store_op_none"
assemble_cvd(1257142)  D 10-03 22:51:15 1257142 1257142 graphics_flags.cc:903]     extensions: "VK_KHR_maintenance1"
assemble_cvd(1257142)  D 10-03 22:51:15 1257142 1257142 graphics_flags.cc:903]     extensions: "VK_KHR_maintenance2"
assemble_cvd(1257142)  D 10-03 22:51:15 1257142 1257142 graphics_flags.cc:903]     extensions: "VK_KHR_maintenance3"
assemble_cvd(1257142)  D 10-03 22:51:15 1257142 1257142 graphics_flags.cc:903]     extensions: "VK_KHR_maintenance4"
assemble_cvd(1257142)  D 10-03 22:51:15 1257142 1257142 graphics_flags.cc:903]     extensions: "VK_KHR_maintenance5"
assemble_cvd(1257142)  D 10-03 22:51:15 1257142 1257142 graphics_flags.cc:903]     extensions: "VK_KHR_maintenance6"
assemble_cvd(1257142)  D 10-03 22:51:15 1257142 1257142 graphics_flags.cc:903]     extensions: "VK_KHR_maintenance7"
assemble_cvd(1257142)  D 10-03 22:51:15 1257142 1257142 graphics_flags.cc:903]     extensions: "VK_KHR_maintenance8"
assemble_cvd(1257142)  D 10-03 22:51:15 1257142 1257142 graphics_flags.cc:903]     extensions: "VK_KHR_map_memory2"
assemble_cvd(1257142)  D 10-03 22:51:15 1257142 1257142 graphics_flags.cc:903]     extensions: "VK_KHR_multiview"
assemble_cvd(1257142)  D 10-03 22:51:15 1257142 1257142 graphics_flags.cc:903]     extensions: "VK_KHR_pipeline_library"
assemble_cvd(1257142)  D 10-03 22:51:15 1257142 1257142 graphics_flags.cc:903]     extensions: "VK_KHR_push_descriptor"
assemble_cvd(1257142)  D 10-03 22:51:15 1257142 1257142 graphics_flags.cc:903]     extensions: "VK_KHR_ray_query"
assemble_cvd(1257142)  D 10-03 22:51:15 1257142 1257142 graphics_flags.cc:903]     extensions: "VK_KHR_ray_tracing_maintenance1"
assemble_cvd(1257142)  D 10-03 22:51:15 1257142 1257142 graphics_flags.cc:903]     extensions: "VK_KHR_ray_tracing_pipeline"
assemble_cvd(1257142)  D 10-03 22:51:15 1257142 1257142 graphics_flags.cc:903]     extensions: "VK_KHR_ray_tracing_position_fetch"
assemble_cvd(1257142)  D 10-03 22:51:15 1257142 1257142 graphics_flags.cc:903]     extensions: "VK_KHR_relaxed_block_layout"
assemble_cvd(1257142)  D 10-03 22:51:15 1257142 1257142 graphics_flags.cc:903]     extensions: "VK_KHR_sampler_mirror_clamp_to_edge"
assemble_cvd(1257142)  D 10-03 22:51:15 1257142 1257142 graphics_flags.cc:903]     extensions: "VK_KHR_sampler_ycbcr_conversion"
assemble_cvd(1257142)  D 10-03 22:51:15 1257142 1257142 graphics_flags.cc:903]     extensions: "VK_KHR_separate_depth_stencil_layouts"
assemble_cvd(1257142)  D 10-03 22:51:15 1257142 1257142 graphics_flags.cc:903]     extensions: "VK_KHR_shader_atomic_int64"
assemble_cvd(1257142)  D 10-03 22:51:15 1257142 1257142 graphics_flags.cc:903]     extensions: "VK_KHR_shader_clock"
assemble_cvd(1257142)  D 10-03 22:51:15 1257142 1257142 graphics_flags.cc:903]     extensions: "VK_KHR_shader_draw_parameters"
assemble_cvd(1257142)  D 10-03 22:51:15 1257142 1257142 graphics_flags.cc:903]     extensions: "VK_KHR_shader_expect_assume"
assemble_cvd(1257142)  D 10-03 22:51:15 1257142 1257142 graphics_flags.cc:903]     extensions: "VK_KHR_shader_float16_int8"
assemble_cvd(1257142)  D 10-03 22:51:15 1257142 1257142 graphics_flags.cc:903]     extensions: "VK_KHR_shader_float_controls"
assemble_cvd(1257142)  D 10-03 22:51:15 1257142 1257142 graphics_flags.cc:903]     extensions: "VK_KHR_shader_float_controls2"
assemble_cvd(1257142)  D 10-03 22:51:15 1257142 1257142 graphics_flags.cc:903]     extensions: "VK_KHR_shader_integer_dot_product"
assemble_cvd(1257142)  D 10-03 22:51:15 1257142 1257142 graphics_flags.cc:903]     extensions: "VK_KHR_shader_maximal_reconvergence"
assemble_cvd(1257142)  D 10-03 22:51:15 1257142 1257142 graphics_flags.cc:903]     extensions: "VK_KHR_shader_non_semantic_info"
assemble_cvd(1257142)  D 10-03 22:51:15 1257142 1257142 graphics_flags.cc:903]     extensions: "VK_KHR_shader_quad_control"
assemble_cvd(1257142)  D 10-03 22:51:15 1257142 1257142 graphics_flags.cc:903]     extensions: "VK_KHR_shader_relaxed_extended_instruction"
assemble_cvd(1257142)  D 10-03 22:51:15 1257142 1257142 graphics_flags.cc:903]     extensions: "VK_KHR_shader_subgroup_extended_types"
assemble_cvd(1257142)  D 10-03 22:51:15 1257142 1257142 graphics_flags.cc:903]     extensions: "VK_KHR_shader_subgroup_rotate"
assemble_cvd(1257142)  D 10-03 22:51:15 1257142 1257142 graphics_flags.cc:903]     extensions: "VK_KHR_shader_terminate_invocation"
assemble_cvd(1257142)  D 10-03 22:51:15 1257142 1257142 graphics_flags.cc:903]     extensions: "VK_KHR_spirv_1_4"
assemble_cvd(1257142)  D 10-03 22:51:15 1257142 1257142 graphics_flags.cc:903]     extensions: "VK_KHR_storage_buffer_storage_class"
assemble_cvd(1257142)  D 10-03 22:51:15 1257142 1257142 graphics_flags.cc:903]     extensions: "VK_KHR_swapchain"
assemble_cvd(1257142)  D 10-03 22:51:15 1257142 1257142 graphics_flags.cc:903]     extensions: "VK_KHR_swapchain_mutable_format"
assemble_cvd(1257142)  D 10-03 22:51:15 1257142 1257142 graphics_flags.cc:903]     extensions: "VK_KHR_synchronization2"
assemble_cvd(1257142)  D 10-03 22:51:15 1257142 1257142 graphics_flags.cc:903]     extensions: "VK_KHR_timeline_semaphore"
assemble_cvd(1257142)  D 10-03 22:51:15 1257142 1257142 graphics_flags.cc:903]     extensions: "VK_KHR_uniform_buffer_standard_layout"
assemble_cvd(1257142)  D 10-03 22:51:15 1257142 1257142 graphics_flags.cc:903]     extensions: "VK_KHR_variable_pointers"
assemble_cvd(1257142)  D 10-03 22:51:15 1257142 1257142 graphics_flags.cc:903]     extensions: "VK_KHR_vertex_attribute_divisor"
assemble_cvd(1257142)  D 10-03 22:51:15 1257142 1257142 graphics_flags.cc:903]     extensions: "VK_KHR_vulkan_memory_model"
assemble_cvd(1257142)  D 10-03 22:51:15 1257142 1257142 graphics_flags.cc:903]     extensions: "VK_KHR_workgroup_memory_explicit_layout"
assemble_cvd(1257142)  D 10-03 22:51:15 1257142 1257142 graphics_flags.cc:903]     extensions: "VK_KHR_zero_initialize_workgroup_memory"
assemble_cvd(1257142)  D 10-03 22:51:15 1257142 1257142 graphics_flags.cc:903]     extensions: "VK_EXT_4444_formats"
assemble_cvd(1257142)  D 10-03 22:51:15 1257142 1257142 graphics_flags.cc:903]     extensions: "VK_EXT_attachment_feedback_loop_dynamic_state"
assemble_cvd(1257142)  D 10-03 22:51:15 1257142 1257142 graphics_flags.cc:903]     extensions: "VK_EXT_attachment_feedback_loop_layout"
assemble_cvd(1257142)  D 10-03 22:51:15 1257142 1257142 graphics_flags.cc:903]     extensions: "VK_EXT_border_color_swizzle"
assemble_cvd(1257142)  D 10-03 22:51:15 1257142 1257142 graphics_flags.cc:903]     extensions: "VK_EXT_calibrated_timestamps"
assemble_cvd(1257142)  D 10-03 22:51:15 1257142 1257142 graphics_flags.cc:903]     extensions: "VK_EXT_color_write_enable"
assemble_cvd(1257142)  D 10-03 22:51:15 1257142 1257142 graphics_flags.cc:903]     extensions: "VK_EXT_conditional_rendering"
assemble_cvd(1257142)  D 10-03 22:51:15 1257142 1257142 graphics_flags.cc:903]     extensions: "VK_EXT_custom_border_color"
assemble_cvd(1257142)  D 10-03 22:51:15 1257142 1257142 graphics_flags.cc:903]     extensions: "VK_EXT_depth_bias_control"
assemble_cvd(1257142)  D 10-03 22:51:15 1257142 1257142 graphics_flags.cc:903]     extensions: "VK_EXT_depth_clip_control"
assemble_cvd(1257142)  D 10-03 22:51:15 1257142 1257142 graphics_flags.cc:903]     extensions: "VK_EXT_depth_clip_enable"
assemble_cvd(1257142)  D 10-03 22:51:15 1257142 1257142 graphics_flags.cc:903]     extensions: "VK_EXT_depth_range_unrestricted"
assemble_cvd(1257142)  D 10-03 22:51:15 1257142 1257142 graphics_flags.cc:903]     extensions: "VK_EXT_descriptor_buffer"
assemble_cvd(1257142)  D 10-03 22:51:15 1257142 1257142 graphics_flags.cc:903]     extensions: "VK_EXT_descriptor_indexing"
assemble_cvd(1257142)  D 10-03 22:51:15 1257142 1257142 graphics_flags.cc:903]     extensions: "VK_EXT_device_generated_commands"
assemble_cvd(1257142)  D 10-03 22:51:15 1257142 1257142 graphics_flags.cc:903]     extensions: "VK_EXT_dynamic_rendering_unused_attachments"
assemble_cvd(1257142)  D 10-03 22:51:15 1257142 1257142 graphics_flags.cc:903]     extensions: "VK_EXT_extended_dynamic_state"
assemble_cvd(1257142)  D 10-03 22:51:15 1257142 1257142 graphics_flags.cc:903]     extensions: "VK_EXT_extended_dynamic_state2"
assemble_cvd(1257142)  D 10-03 22:51:15 1257142 1257142 graphics_flags.cc:903]     extensions: "VK_EXT_extended_dynamic_state3"
assemble_cvd(1257142)  D 10-03 22:51:15 1257142 1257142 graphics_flags.cc:903]     extensions: "VK_EXT_external_memory_dma_buf"
assemble_cvd(1257142)  D 10-03 22:51:15 1257142 1257142 graphics_flags.cc:903]     extensions: "VK_EXT_external_memory_host"
assemble_cvd(1257142)  D 10-03 22:51:15 1257142 1257142 graphics_flags.cc:903]     extensions: "VK_EXT_fragment_shader_interlock"
assemble_cvd(1257142)  D 10-03 22:51:15 1257142 1257142 graphics_flags.cc:903]     extensions: "VK_EXT_graphics_pipeline_library"
assemble_cvd(1257142)  D 10-03 22:51:15 1257142 1257142 graphics_flags.cc:903]     extensions: "VK_EXT_hdr_metadata"
assemble_cvd(1257142)  D 10-03 22:51:15 1257142 1257142 graphics_flags.cc:903]     extensions: "VK_EXT_host_image_copy"
assemble_cvd(1257142)  D 10-03 22:51:15 1257142 1257142 graphics_flags.cc:903]     extensions: "VK_EXT_host_query_reset"
assemble_cvd(1257142)  D 10-03 22:51:15 1257142 1257142 graphics_flags.cc:903]     extensions: "VK_EXT_image_2d_view_of_3d"
assemble_cvd(1257142)  D 10-03 22:51:15 1257142 1257142 graphics_flags.cc:903]     extensions: "VK_EXT_image_drm_format_modifier"
assemble_cvd(1257142)  D 10-03 22:51:15 1257142 1257142 graphics_flags.cc:903]     extensions: "VK_EXT_image_robustness"
assemble_cvd(1257142)  D 10-03 22:51:15 1257142 1257142 graphics_flags.cc:903]     extensions: "VK_EXT_image_sliced_view_of_3d"
assemble_cvd(1257142)  D 10-03 22:51:15 1257142 1257142 graphics_flags.cc:903]     extensions: "VK_EXT_index_type_uint8"
assemble_cvd(1257142)  D 10-03 22:51:15 1257142 1257142 graphics_flags.cc:903]     extensions: "VK_EXT_inline_uniform_block"
assemble_cvd(1257142)  D 10-03 22:51:15 1257142 1257142 graphics_flags.cc:903]     extensions: "VK_EXT_legacy_vertex_attributes"
assemble_cvd(1257142)  D 10-03 22:51:15 1257142 1257142 graphics_flags.cc:903]     extensions: "VK_EXT_line_rasterization"
assemble_cvd(1257142)  D 10-03 22:51:15 1257142 1257142 graphics_flags.cc:903]     extensions: "VK_EXT_load_store_op_none"
assemble_cvd(1257142)  D 10-03 22:51:15 1257142 1257142 graphics_flags.cc:903]     extensions: "VK_EXT_memory_budget"
assemble_cvd(1257142)  D 10-03 22:51:15 1257142 1257142 graphics_flags.cc:903]     extensions: "VK_EXT_memory_priority"
assemble_cvd(1257142)  D 10-03 22:51:15 1257142 1257142 graphics_flags.cc:903]     extensions: "VK_EXT_mesh_shader"
assemble_cvd(1257142)  D 10-03 22:51:15 1257142 1257142 graphics_flags.cc:903]     extensions: "VK_EXT_multi_draw"
assemble_cvd(1257142)  D 10-03 22:51:15 1257142 1257142 graphics_flags.cc:903]     extensions: "VK_EXT_multisampled_render_to_single_sampled"
assemble_cvd(1257142)  D 10-03 22:51:15 1257142 1257142 graphics_flags.cc:903]     extensions: "VK_EXT_mutable_descriptor_type"
assemble_cvd(1257142)  D 10-03 22:51:15 1257142 1257142 graphics_flags.cc:903]     extensions: "VK_EXT_nested_command_buffer"
assemble_cvd(1257142)  D 10-03 22:51:15 1257142 1257142 graphics_flags.cc:903]     extensions: "VK_EXT_non_seamless_cube_map"
assemble_cvd(1257142)  D 10-03 22:51:15 1257142 1257142 graphics_flags.cc:903]     extensions: "VK_EXT_pageable_device_local_memory"
assemble_cvd(1257142)  D 10-03 22:51:15 1257142 1257142 graphics_flags.cc:903]     extensions: "VK_EXT_pipeline_creation_cache_control"
assemble_cvd(1257142)  D 10-03 22:51:15 1257142 1257142 graphics_flags.cc:903]     extensions: "VK_EXT_pipeline_creation_feedback"
assemble_cvd(1257142)  D 10-03 22:51:15 1257142 1257142 graphics_flags.cc:903]     extensions: "VK_EXT_pipeline_library_group_handles"
assemble_cvd(1257142)  D 10-03 22:51:15 1257142 1257142 graphics_flags.cc:903]     extensions: "VK_EXT_pipeline_protected_access"
assemble_cvd(1257142)  D 10-03 22:51:15 1257142 1257142 graphics_flags.cc:903]     extensions: "VK_EXT_pipeline_robustness"
assemble_cvd(1257142)  D 10-03 22:51:15 1257142 1257142 graphics_flags.cc:903]     extensions: "VK_EXT_post_depth_coverage"
assemble_cvd(1257142)  D 10-03 22:51:15 1257142 1257142 graphics_flags.cc:903]     extensions: "VK_EXT_primitive_topology_list_restart"
assemble_cvd(1257142)  D 10-03 22:51:15 1257142 1257142 graphics_flags.cc:903]     extensions: "VK_EXT_primitives_generated_query"
assemble_cvd(1257142)  D 10-03 22:51:15 1257142 1257142 graphics_flags.cc:903]     extensions: "VK_EXT_private_data"
assemble_cvd(1257142)  D 10-03 22:51:15 1257142 1257142 graphics_flags.cc:903]     extensions: "VK_EXT_provoking_vertex"
assemble_cvd(1257142)  D 10-03 22:51:15 1257142 1257142 graphics_flags.cc:903]     extensions: "VK_EXT_queue_family_foreign"
assemble_cvd(1257142)  D 10-03 22:51:15 1257142 1257142 graphics_flags.cc:903]     extensions: "VK_EXT_rasterization_order_attachment_access"
assemble_cvd(1257142)  D 10-03 22:51:15 1257142 1257142 graphics_flags.cc:903]     extensions: "VK_EXT_robustness2"
assemble_cvd(1257142)  D 10-03 22:51:15 1257142 1257142 graphics_flags.cc:903]     extensions: "VK_EXT_sampler_filter_minmax"
assemble_cvd(1257142)  D 10-03 22:51:15 1257142 1257142 graphics_flags.cc:903]     extensions: "VK_EXT_scalar_block_layout"
assemble_cvd(1257142)  D 10-03 22:51:15 1257142 1257142 graphics_flags.cc:903]     extensions: "VK_EXT_separate_stencil_usage"
assemble_cvd(1257142)  D 10-03 22:51:15 1257142 1257142 graphics_flags.cc:903]     extensions: "VK_EXT_shader_atomic_float"
assemble_cvd(1257142)  D 10-03 22:51:15 1257142 1257142 graphics_flags.cc:903]     extensions: "VK_EXT_shader_atomic_float2"
assemble_cvd(1257142)  D 10-03 22:51:15 1257142 1257142 graphics_flags.cc:903]     extensions: "VK_EXT_shader_demote_to_helper_invocation"
assemble_cvd(1257142)  D 10-03 22:51:15 1257142 1257142 graphics_flags.cc:903]     extensions: "VK_EXT_shader_image_atomic_int64"
assemble_cvd(1257142)  D 10-03 22:51:15 1257142 1257142 graphics_flags.cc:903]     extensions: "VK_EXT_shader_object"
assemble_cvd(1257142)  D 10-03 22:51:15 1257142 1257142 graphics_flags.cc:903]     extensions: "VK_EXT_shader_replicated_composites"
assemble_cvd(1257142)  D 10-03 22:51:15 1257142 1257142 graphics_flags.cc:903]     extensions: "VK_EXT_shader_stencil_export"
assemble_cvd(1257142)  D 10-03 22:51:15 1257142 1257142 graphics_flags.cc:903]     extensions: "VK_EXT_shader_subgroup_ballot"
assemble_cvd(1257142)  D 10-03 22:51:15 1257142 1257142 graphics_flags.cc:903]     extensions: "VK_EXT_shader_subgroup_vote"
assemble_cvd(1257142)  D 10-03 22:51:15 1257142 1257142 graphics_flags.cc:903]     extensions: "VK_EXT_shader_viewport_index_layer"
assemble_cvd(1257142)  D 10-03 22:51:15 1257142 1257142 graphics_flags.cc:903]     extensions: "VK_EXT_subgroup_size_control"
assemble_cvd(1257142)  D 10-03 22:51:15 1257142 1257142 graphics_flags.cc:903]     extensions: "VK_EXT_swapchain_maintenance1"
assemble_cvd(1257142)  D 10-03 22:51:15 1257142 1257142 graphics_flags.cc:903]     extensions: "VK_EXT_texel_buffer_alignment"
assemble_cvd(1257142)  D 10-03 22:51:15 1257142 1257142 graphics_flags.cc:903]     extensions: "VK_EXT_tooling_info"
assemble_cvd(1257142)  D 10-03 22:51:15 1257142 1257142 graphics_flags.cc:903]     extensions: "VK_EXT_transform_feedback"
assemble_cvd(1257142)  D 10-03 22:51:15 1257142 1257142 graphics_flags.cc:903]     extensions: "VK_EXT_vertex_attribute_divisor"
assemble_cvd(1257142)  D 10-03 22:51:15 1257142 1257142 graphics_flags.cc:903]     extensions: "VK_EXT_vertex_input_dynamic_state"
assemble_cvd(1257142)  D 10-03 22:51:15 1257142 1257142 graphics_flags.cc:903]     extensions: "VK_EXT_ycbcr_2plane_444_formats"
assemble_cvd(1257142)  D 10-03 22:51:15 1257142 1257142 graphics_flags.cc:903]     extensions: "VK_EXT_ycbcr_image_arrays"
assemble_cvd(1257142)  D 10-03 22:51:15 1257142 1257142 graphics_flags.cc:903]     extensions: "VK_EXT_zero_initialize_device_memory"
assemble_cvd(1257142)  D 10-03 22:51:15 1257142 1257142 graphics_flags.cc:903]     extensions: "VK_AMDX_shader_enqueue"
assemble_cvd(1257142)  D 10-03 22:51:15 1257142 1257142 graphics_flags.cc:903]     extensions: "VK_ANDROID_external_memory_android_hardware_buffer"
assemble_cvd(1257142)  D 10-03 22:51:15 1257142 1257142 graphics_flags.cc:903]     extensions: "VK_ARM_rasterization_order_attachment_access"
assemble_cvd(1257142)  D 10-03 22:51:15 1257142 1257142 graphics_flags.cc:903]     extensions: "VK_GOOGLE_decorate_string"
assemble_cvd(1257142)  D 10-03 22:51:15 1257142 1257142 graphics_flags.cc:903]     extensions: "VK_GOOGLE_hlsl_functionality1"
assemble_cvd(1257142)  D 10-03 22:51:15 1257142 1257142 graphics_flags.cc:903]     type: TYPE_OTHER
assemble_cvd(1257142)  D 10-03 22:51:15 1257142 1257142 graphics_flags.cc:903]     quirks {
assemble_cvd(1257142)  D 10-03 22:51:15 1257142 1257142 graphics_flags.cc:903]       has_issue_with_precision_qualifiers_on_yuv_samplers: false
assemble_cvd(1257142)  D 10-03 22:51:15 1257142 1257142 graphics_flags.cc:903]       external_memory_host_quirks {
assemble_cvd(1257142)  D 10-03 22:51:15 1257142 1257142 graphics_flags.cc:903]         can_import_shm: true
assemble_cvd(1257142)  D 10-03 22:51:15 1257142 1257142 graphics_flags.cc:903]       }
assemble_cvd(1257142)  D 10-03 22:51:15 1257142 1257142 graphics_flags.cc:903]     }
assemble_cvd(1257142)  D 10-03 22:51:15 1257142 1257142 graphics_flags.cc:903]     queue_families {
assemble_cvd(1257142)  D 10-03 22:51:15 1257142 1257142 graphics_flags.cc:903]       supports_compute: true
assemble_cvd(1257142)  D 10-03 22:51:15 1257142 1257142 graphics_flags.cc:903]       supports_graphics: true
assemble_cvd(1257142)  D 10-03 22:51:15 1257142 1257142 graphics_flags.cc:903]       supports_transfer: true
assemble_cvd(1257142)  D 10-03 22:51:15 1257142 1257142 graphics_flags.cc:903]       queue_count: 1
assemble_cvd(1257142)  D 10-03 22:51:15 1257142 1257142 graphics_flags.cc:903]     }
assemble_cvd(1257142)  D 10-03 22:51:15 1257142 1257142 graphics_flags.cc:903]   }
assemble_cvd(1257142)  D 10-03 22:51:15 1257142 1257142 graphics_flags.cc:903] }
assemble_cvd(1257142)  D 10-03 22:51:15 1257142 1257142 graphics_flags.cc:903] errors: "Graphics check failure for PopulateEglAndGlesAvailability: Failed to initialize display."
assemble_cvd(1257142)  D 10-03 22:51:15 1257142 1257142 graphics_flags.cc:903] vulkan_loader_available: true
assemble_cvd(1257142)  D 10-03 22:51:15 1257142 1257142 graphics_flags.cc:903] 
assemble_cvd(1257142)  D 10-03 22:51:15 1257142 1257142 network_flags.cpp:60] Network config:
assemble_cvd(1257142)  D 10-03 22:51:15 1257142 1257142 network_flags.cpp:61] ipaddr = 192.168.97.2
assemble_cvd(1257142)  D 10-03 22:51:15 1257142 1257142 network_flags.cpp:62] gateway = 192.168.97.1
assemble_cvd(1257142)  D 10-03 22:51:15 1257142 1257142 network_flags.cpp:63] dns = 8.8.8.8
assemble_cvd(1257142)  D 10-03 22:51:15 1257142 1257142 network_flags.cpp:64] broadcast = 192.168.97.3
assemble_cvd(1257142)  D 10-03 22:51:15 1257142 1257142 network_flags.cpp:65] prefix length = 30
assemble_cvd(1257142)  D 10-03 22:51:15 1257142 1257142 graphics_flags.cc:505] GPU mode candidates not provided by guest config. Assuming the historically accepted modes.
assemble_cvd(1257142)  D 10-03 22:51:15 1257142 1257142 graphics_flags.cc:601] Initial GPU mode candidates:
assemble_cvd(1257142)  D 10-03 22:51:15 1257142 1257142 graphics_flags.cc:603]   1: gfxstream
assemble_cvd(1257142)  D 10-03 22:51:15 1257142 1257142 graphics_flags.cc:603]   2: guest_swiftshader
assemble_cvd(1257142)  D 10-03 22:51:15 1257142 1257142 graphics_flags.cc:603]   3: gfxstream_guest_angle
assemble_cvd(1257142)  D 10-03 22:51:15 1257142 1257142 graphics_flags.cc:603]   4: gfxstream_guest_angle_host_swiftshader
assemble_cvd(1257142)  D 10-03 22:51:15 1257142 1257142 graphics_flags.cc:603]   5: gfxstream_guest_angle_host_lavapipe
assemble_cvd(1257142)  D 10-03 22:51:15 1257142 1257142 graphics_flags.cc:603]   6: none
assemble_cvd(1257142)  D 10-03 22:51:15 1257142 1257142 graphics_flags.cc:605] 
assemble_cvd(1257142)  D 10-03 22:51:15 1257142 1257142 graphics_flags.cc:546] Checking requirements for --gpu_mode=gfxstream
assemble_cvd(1257142)  D 10-03 22:51:15 1257142 1257142 graphics_flags.cc:551]   1. PASSED: The guest supports Gfxstream.
assemble_cvd(1257142)  D 10-03 22:51:15 1257142 1257142 graphics_flags.cc:551]   2. FAILED: The host does not have GLES support. Please ensure the GLES userspace drivers are installed and available.
assemble_cvd(1257142)  D 10-03 22:51:15 1257142 1257142 graphics_flags.cc:551]   3. PASSED: The host GLES driver is not a software implementation.
assemble_cvd(1257142)  D 10-03 22:51:15 1257142 1257142 graphics_flags.cc:551]   4. FAILED: The host is ARM64. Not enabling accelerated modes on ARM64 until vhost-user-gpu has been more thoroughly tested. Please explicitly use --gpu_mode=gfxstream or --gpu_mode=gfxstream_guest_angle to enable for now.
assemble_cvd(1257142)  D 10-03 22:51:15 1257142 1257142 graphics_flags.cc:551]   5. PASSED: The host has the Vulkan loader installed and available.
assemble_cvd(1257142)  D 10-03 22:51:15 1257142 1257142 graphics_flags.cc:551]   6. PASSED: The host has a Vulkan driver available.
assemble_cvd(1257142)  D 10-03 22:51:15 1257142 1257142 graphics_flags.cc:551]   7. FAILED: The host does not have a non-software implementation Vulkan driver. Consider enabling --gpu_mode=gfxstream_guest_angle_host_swiftshader for host software rendering which has a vetted software renderer.
assemble_cvd(1257142)  D 10-03 22:51:15 1257142 1257142 graphics_flags.cc:569]   All requirements not met. Removing mode from candidate modes.
assemble_cvd(1257142)  D 10-03 22:51:15 1257142 1257142 graphics_flags.cc:572] 
assemble_cvd(1257142)  D 10-03 22:51:15 1257142 1257142 graphics_flags.cc:546] Checking requirements for --gpu_mode=guest_swiftshader
assemble_cvd(1257142)  D 10-03 22:51:15 1257142 1257142 graphics_flags.cc:566]   All requirements met.
assemble_cvd(1257142)  D 10-03 22:51:15 1257142 1257142 graphics_flags.cc:572] 
assemble_cvd(1257142)  D 10-03 22:51:15 1257142 1257142 graphics_flags.cc:546] Checking requirements for --gpu_mode=gfxstream_guest_angle
assemble_cvd(1257142)  D 10-03 22:51:15 1257142 1257142 graphics_flags.cc:551]   1. PASSED: The guest supports Gfxstream.
assemble_cvd(1257142)  D 10-03 22:51:15 1257142 1257142 graphics_flags.cc:551]   2. FAILED: The host is ARM64. Not enabling accelerated modes on ARM64 until vhost-user-gpu has been more thoroughly tested. Please explicitly use --gpu_mode=gfxstream or --gpu_mode=gfxstream_guest_angle to enable for now.
assemble_cvd(1257142)  D 10-03 22:51:15 1257142 1257142 graphics_flags.cc:551]   3. PASSED: The host has the Vulkan loader installed and available.
assemble_cvd(1257142)  D 10-03 22:51:15 1257142 1257142 graphics_flags.cc:551]   4. PASSED: The host has a Vulkan driver available.
assemble_cvd(1257142)  D 10-03 22:51:15 1257142 1257142 graphics_flags.cc:551]   5. FAILED: The host does not have a non-software implementation Vulkan driver. Consider enabling --gpu_mode=gfxstream_guest_angle_host_swiftshader for host software rendering which has a vetted software renderer.
assemble_cvd(1257142)  D 10-03 22:51:15 1257142 1257142 graphics_flags.cc:551]   6. PASSED: The host's KVM should be able to map GPU memory into the guest.
assemble_cvd(1257142)  D 10-03 22:51:15 1257142 1257142 graphics_flags.cc:551]   7. PASSED: The instance is not using the system QEMU.
assemble_cvd(1257142)  D 10-03 22:51:15 1257142 1257142 graphics_flags.cc:569]   All requirements not met. Removing mode from candidate modes.
assemble_cvd(1257142)  D 10-03 22:51:15 1257142 1257142 graphics_flags.cc:572] 
assemble_cvd(1257142)  D 10-03 22:51:15 1257142 1257142 graphics_flags.cc:546] Checking requirements for --gpu_mode=gfxstream_guest_angle_host_swiftshader
assemble_cvd(1257142)  D 10-03 22:51:15 1257142 1257142 graphics_flags.cc:551]   1. PASSED: The guest supports Gfxstream.
assemble_cvd(1257142)  D 10-03 22:51:15 1257142 1257142 graphics_flags.cc:551]   2. FAILED: The host is ARM64. Not enabling accelerated modes on ARM64 until vhost-user-gpu has been more thoroughly tested. Please explicitly use --gpu_mode=gfxstream or --gpu_mode=gfxstream_guest_angle to enable for now.
assemble_cvd(1257142)  D 10-03 22:51:15 1257142 1257142 graphics_flags.cc:551]   3. PASSED: The host has the Vulkan loader installed and available.
assemble_cvd(1257142)  D 10-03 22:51:15 1257142 1257142 graphics_flags.cc:551]   4. PASSED: The instance is not using the system QEMU.
assemble_cvd(1257142)  D 10-03 22:51:15 1257142 1257142 graphics_flags.cc:569]   All requirements not met. Removing mode from candidate modes.
assemble_cvd(1257142)  D 10-03 22:51:15 1257142 1257142 graphics_flags.cc:572] 
assemble_cvd(1257142)  D 10-03 22:51:15 1257142 1257142 graphics_flags.cc:546] Checking requirements for --gpu_mode=gfxstream_guest_angle_host_lavapipe
assemble_cvd(1257142)  D 10-03 22:51:15 1257142 1257142 graphics_flags.cc:551]   1. PASSED: The guest supports Gfxstream.
assemble_cvd(1257142)  D 10-03 22:51:15 1257142 1257142 graphics_flags.cc:551]   2. FAILED: The host is ARM64. Not enabling accelerated modes on ARM64 until vhost-user-gpu has been more thoroughly tested. Please explicitly use --gpu_mode=gfxstream or --gpu_mode=gfxstream_guest_angle to enable for now.
assemble_cvd(1257142)  D 10-03 22:51:15 1257142 1257142 graphics_flags.cc:551]   3. PASSED: The host has the Vulkan loader installed and available.
assemble_cvd(1257142)  D 10-03 22:51:15 1257142 1257142 graphics_flags.cc:551]   4. PASSED: The instance is not using the system QEMU.
assemble_cvd(1257142)  D 10-03 22:51:15 1257142 1257142 graphics_flags.cc:569]   All requirements not met. Removing mode from candidate modes.
assemble_cvd(1257142)  D 10-03 22:51:15 1257142 1257142 graphics_flags.cc:572] 
assemble_cvd(1257142)  D 10-03 22:51:15 1257142 1257142 graphics_flags.cc:546] Checking requirements for --gpu_mode=none
assemble_cvd(1257142)  D 10-03 22:51:15 1257142 1257142 graphics_flags.cc:566]   All requirements met.
assemble_cvd(1257142)  D 10-03 22:51:15 1257142 1257142 graphics_flags.cc:572] 
assemble_cvd(1257142)  D 10-03 22:51:15 1257142 1257142 graphics_flags.cc:615] GPU mode candidates with satisfied requirements:
assemble_cvd(1257142)  D 10-03 22:51:15 1257142 1257142 graphics_flags.cc:617]   1: guest_swiftshader
assemble_cvd(1257142)  D 10-03 22:51:15 1257142 1257142 graphics_flags.cc:617]   2: none
assemble_cvd(1257142)  D 10-03 22:51:15 1257142 1257142 graphics_flags.cc:620] 
assemble_cvd(1257142)  D 10-03 22:51:15 1257142 1257142 graphics_flags.cc:623] GPU auto mode: selecting --gpu_mode=guest_swiftshader
assemble_cvd(1257142)  D 10-03 22:51:15 1257142 1257142 graphics_flags.cc:635] GPU vhost user auto mode: not needed for --gpu_mode=guest_swiftshader. Not enabling vhost user gpu.
assemble_cvd(1257142)  D 10-03 22:51:15 1257142 1257142 graphics_flags.cc:415] ANGLE features: 
assemble_cvd(1257142)  D 10-03 22:51:15 1257142 1257142 graphics_flags.cc:415]  - prefer_linear_filtering_for_yuv: false
assemble_cvd(1257142)  D 10-03 22:51:15 1257142 1257142 graphics_flags.cc:415]  - map_unspecified_color_space_to_pass_through: true
assemble_cvd(1257142)  D 10-03 22:51:15 1257142 1257142 graphics_flags.cc:415]  - ignore_precision_qualifiers: false
assemble_cvd(1257142)  D 10-03 22:51:15 1257142 1257142 graphics_flags.cc:415] 
assemble_cvd(1257142)  D 10-03 22:51:15 1257142 1257142 disk_builder.cpp:176] Composite disk text config mismatch
assemble_cvd(1257142)  D 10-03 22:51:15 1257142 1257142 assemble_cvd.cc:228] Trying to resume previous session, but base images have changed.  Wiping overlay files.
assemble_cvd(1257142)  D 10-03 22:51:15 1257142 1257142 clean.cc:162] Prior dirs: <HOST_TEMP_PATH>, <HOST_TEMP_PATH>
assemble_cvd(1257142)  D 10-03 22:51:15 1257142 1257142 clean.cc:163] Prior files: 
assemble_cvd(1257142)  D 10-03 22:51:15 1257142 1257142 clean.cc:100] Checking if prior dirs or files are in use: 
assemble_cvd(1257142)  D 10-03 22:51:15 1257142 1257142 clean.cc:102] <HOST_TEMP_PATH>
assemble_cvd(1257142)  D 10-03 22:51:15 1257142 1257142 clean.cc:102] <HOST_TEMP_PATH>
assemble_cvd(1257142)  D 10-03 22:51:15 1257142 1257142 clean.cc:62] Deleting: <HOST_TEMP_PATH>
assemble_cvd(1257142)  D 10-03 22:51:15 1257142 1257142 clean.cc:62] Deleting: <HOST_TEMP_PATH>
assemble_cvd(1257142)  D 10-03 22:51:15 1257142 1257142 clean.cc:62] Deleting: <HOST_TEMP_PATH>
assemble_cvd(1257142)  D 10-03 22:51:15 1257142 1257142 clean.cc:62] Deleting: <HOST_TEMP_PATH>
assemble_cvd(1257142)  D 10-03 22:51:15 1257142 1257142 clean.cc:62] Deleting: <HOST_TEMP_PATH>
assemble_cvd(1257142)  D 10-03 22:51:15 1257142 1257142 clean.cc:62] Deleting: <HOST_TEMP_PATH>
assemble_cvd(1257142)  D 10-03 22:51:15 1257142 1257142 clean.cc:62] Deleting: <HOST_TEMP_PATH>
assemble_cvd(1257142)  D 10-03 22:51:15 1257142 1257142 clean.cc:62] Deleting: <HOST_TEMP_PATH>
assemble_cvd(1257142)  D 10-03 22:51:15 1257142 1257142 clean.cc:62] Deleting: <HOST_TEMP_PATH>
assemble_cvd(1257142)  D 10-03 22:51:15 1257142 1257142 clean.cc:62] Deleting: <HOST_TEMP_PATH>
assemble_cvd(1257142)  D 10-03 22:51:15 1257142 1257142 clean.cc:62] Deleting: <HOST_TEMP_PATH>
assemble_cvd(1257142)  D 10-03 22:51:15 1257142 1257142 clean.cc:62] Deleting: <HOST_TEMP_PATH>
assemble_cvd(1257142)  D 10-03 22:51:15 1257142 1257142 clean.cc:62] Deleting: <HOST_TEMP_PATH>
assemble_cvd(1257142)  D 10-03 22:51:15 1257142 1257142 clean.cc:62] Deleting: <HOST_TEMP_PATH>
assemble_cvd(1257142)  D 10-03 22:51:15 1257142 1257142 clean.cc:62] Deleting: <HOST_TEMP_PATH>
assemble_cvd(1257142)  D 10-03 22:51:15 1257142 1257142 clean.cc:62] Deleting: <HOST_TEMP_PATH>
assemble_cvd(1257142)  D 10-03 22:51:15 1257142 1257142 clean.cc:62] Deleting: <HOST_TEMP_PATH>
assemble_cvd(1257142)  D 10-03 22:51:15 1257142 1257142 clean.cc:62] Deleting: <HOST_TEMP_PATH>
assemble_cvd(1257142)  D 10-03 22:51:15 1257142 1257142 clean.cc:62] Deleting: <HOST_TEMP_PATH>
assemble_cvd(1257142)  D 10-03 22:51:15 1257142 1257142 clean.cc:62] Deleting: <HOST_TEMP_PATH>
assemble_cvd(1257142)  D 10-03 22:51:15 1257142 1257142 clean.cc:62] Deleting: <HOST_TEMP_PATH>
assemble_cvd(1257142)  D 10-03 22:51:15 1257142 1257142 assemble_cvd.cc:460] Path for instance UDS: <HOST_TEMP_PATH>
assemble_cvd(1257142)  D 10-03 22:51:15 1257142 1257142 create_dynamic_disk_files.cc:121] Error accessing '-img-*.zip', expected for a local build.
assemble_cvd(1257142)  D 10-03 22:51:15 1257142 1257142 create_dynamic_disk_files.cc:122]  | cuttlefish/host/commands/assemble_cvd/create_dynamic_disk_files.cc:99
assemble_cvd(1257142)  D 10-03 22:51:15 1257142 1257142 create_dynamic_disk_files.cc:122]  v Result<BuildArchive> cuttlefish::(anonymous namespace)::FindImgZip(const FetcherConfig &, std::string_view)
assemble_cvd(1257142)  D 10-03 22:51:15 1257142 1257142 create_dynamic_disk_files.cc:122] No img zip found
assemble_cvd(1257142)  D 10-03 22:51:15 1257142 1257142 data_image.cpp:162] Creating <HOST_TEMP_PATH>
assemble_cvd(1257142)  D 10-03 22:51:15 1257142 1257142 data_image.cpp:162] Creating <HOST_TEMP_PATH>
assemble_cvd(1257142)  D 10-03 22:51:15 1257142 1257142 data_image.cpp:162] Creating <HOST_TEMP_PATH>
assemble_cvd(1257142)  D 10-03 22:51:15 1257142 1257142 command.cc:323] Started (pid: 1257385): <HOST_TEMP_PATH>
assemble_cvd(1257142)  D 10-03 22:51:15 1257142 1257142 command.cc:325] -F
assemble_cvd(1257142)  D 10-03 22:51:15 1257142 1257142 command.cc:325] 32
assemble_cvd(1257142)  D 10-03 22:51:15 1257142 1257142 command.cc:325] -M
assemble_cvd(1257142)  D 10-03 22:51:15 1257142 1257142 command.cc:325] 0xf8
assemble_cvd(1257142)  D 10-03 22:51:15 1257142 1257142 command.cc:325] -h
assemble_cvd(1257142)  D 10-03 22:51:15 1257142 1257142 command.cc:325] 0
assemble_cvd(1257142)  D 10-03 22:51:15 1257142 1257142 command.cc:325] -s
assemble_cvd(1257142)  D 10-03 22:51:15 1257142 1257142 command.cc:325] 8
assemble_cvd(1257142)  D 10-03 22:51:15 1257142 1257142 command.cc:325] -g
assemble_cvd(1257142)  D 10-03 22:51:15 1257142 1257142 command.cc:325] 255/63
assemble_cvd(1257142)  D 10-03 22:51:15 1257142 1257142 command.cc:325] -S
assemble_cvd(1257142)  D 10-03 22:51:15 1257142 1257142 command.cc:325] 512
assemble_cvd(1257142)  D 10-03 22:51:15 1257142 1257142 command.cc:325] --offset=1048576
assemble_cvd(1257142)  D 10-03 22:51:15 1257142 1257142 command.cc:325] <HOST_TEMP_PATH>
assemble_cvd(1257142)  D 10-03 22:51:15 1257142 1257142 data_image.cpp:207] <HOST_TEMP_PATH> exists. Not creating it.
assemble_cvd(1257142)  D 10-03 22:51:15 1257142 1257142 data_image.cpp:162] Creating <HOST_TEMP_PATH>
assemble_cvd(1257142)  D 10-03 22:51:15 1257142 1257142 create_dynamic_disk_files.cc:164] Available space: 109689135104
assemble_cvd(1257142)  D 10-03 22:51:15 1257142 1257142 create_dynamic_disk_files.cc:165] Sparse size of <HOST_PATH>: 2249012
assemble_cvd(1257142)  D 10-03 22:51:15 1257142 1257142 create_dynamic_disk_files.cc:167] Disk size of <HOST_PATH>: 2249012
assemble_cvd(1257142)  D 10-03 22:51:15 1257142 1257142 data_image.cpp:162] Creating <HOST_TEMP_PATH>
assemble_cvd(1257142)  D 10-03 22:51:15 1257142 1257142 data_image.cpp:162] Creating <HOST_TEMP_PATH>
assemble_cvd(1257142)  D 10-03 22:51:15 1257142 1257142 disk_builder.cpp:176] Composite disk text config mismatch
assemble_cvd(1257142)  D 10-03 22:51:15 1257142 1257142 command.cc:323] Started (pid: 1257386): <HOST_TEMP_PATH>
assemble_cvd(1257142)  D 10-03 22:51:15 1257142 1257142 command.cc:325] <HOST_TEMP_PATH>
assemble_cvd(1257142)  D 10-03 22:51:15 1257142 1257142 command.cc:325] <HOST_TEMP_PATH>
assemble_cvd(1257142)  D 10-03 22:51:17 1257142 1257142 command.cc:323] Started (pid: 1257404): <HOST_TEMP_PATH>
assemble_cvd(1257142)  D 10-03 22:51:17 1257142 1257142 command.cc:325] <HOST_TEMP_PATH>
assemble_cvd(1257142)  D 10-03 22:51:17 1257142 1257142 command.cc:325] <HOST_TEMP_PATH>
assemble_cvd(1257142)  D 10-03 22:51:17 1257142 1257142 command.cc:323] Started (pid: 1257405): <HOST_TEMP_PATH>
assemble_cvd(1257142)  D 10-03 22:51:17 1257142 1257142 command.cc:325] add_hash_footer
assemble_cvd(1257142)  D 10-03 22:51:17 1257142 1257142 command.cc:325] --algorithm
assemble_cvd(1257142)  D 10-03 22:51:17 1257142 1257142 command.cc:325] SHA256_RSA4096
assemble_cvd(1257142)  D 10-03 22:51:17 1257142 1257142 command.cc:325] --key
assemble_cvd(1257142)  D 10-03 22:51:17 1257142 1257142 command.cc:325] <HOST_TEMP_PATH>
assemble_cvd(1257142)  D 10-03 22:51:17 1257142 1257142 command.cc:325] --image
assemble_cvd(1257142)  D 10-03 22:51:17 1257142 1257142 command.cc:325] <HOST_TEMP_PATH>
assemble_cvd(1257142)  D 10-03 22:51:17 1257142 1257142 command.cc:325] --partition_name
assemble_cvd(1257142)  D 10-03 22:51:17 1257142 1257142 command.cc:325] uboot_env
assemble_cvd(1257142)  D 10-03 22:51:17 1257142 1257142 command.cc:325] --partition_size
assemble_cvd(1257142)  D 10-03 22:51:17 1257142 1257142 command.cc:325] 73728
assemble_cvd(1257142)  D 10-03 22:51:17 1257142 1257142 boot_config.cc:199] Updated bootloader environment image.
assemble_cvd(1257142)  D 10-03 22:51:17 1257142 1257142 data_image.cpp:162] Creating <HOST_TEMP_PATH>
assemble_cvd(1257142)  D 10-03 22:51:17 1257142 1257142 data_image.cpp:162] Creating <HOST_TEMP_PATH>
assemble_cvd(1257142)  D 10-03 22:51:17 1257142 1257142 bootconfig_args.cpp:428] Parsing extra_bootconfig_args of size:0; Contents: 
assemble_cvd(1257142)  D 10-03 22:51:17 1257142 1257142 generate_persistent_bootconfig.cpp:99] bootconfig size is 1895
assemble_cvd(1257142)  D 10-03 22:51:17 1257142 1257142 generate_persistent_bootconfig.cpp:103] Bootconfig parameters from vendor boot image and config are androidboot.vendor.apex.com.google.emulated.camera.provider.hal=com.google.emulated.camera.provider.hal
assemble_cvd(1257142)  D 10-03 22:51:17 1257142 1257142 generate_persistent_bootconfig.cpp:103] androidboot.wifi_impl=mac80211_hwsim_virtio
assemble_cvd(1257142)  D 10-03 22:51:17 1257142 1257142 generate_persistent_bootconfig.cpp:103] androidboot.auto_eth_guest_addr=192.168.98.3
assemble_cvd(1257142)  D 10-03 22:51:17 1257142 1257142 generate_persistent_bootconfig.cpp:103] androidboot.vhal_proxy_server_port=9300
assemble_cvd(1257142)  D 10-03 22:51:17 1257142 1257142 generate_persistent_bootconfig.cpp:103] androidboot.vendor.apex.com.android.hardware.weaver=none
assemble_cvd(1257142)  D 10-03 22:51:17 1257142 1257142 generate_persistent_bootconfig.cpp:103] androidboot.vendor.apex.com.android.hardware.strongbox=none
assemble_cvd(1257142)  D 10-03 22:51:17 1257142 1257142 generate_persistent_bootconfig.cpp:103] androidboot.vendor.apex.com.android.hardware.secure_element=com.android.hardware.secure_element
assemble_cvd(1257142)  D 10-03 22:51:17 1257142 1257142 generate_persistent_bootconfig.cpp:103] androidboot.vendor.apex.com.android.hardware.gatekeeper=com.android.hardware.gatekeeper.nonsecure
assemble_cvd(1257142)  D 10-03 22:51:17 1257142 1257142 generate_persistent_bootconfig.cpp:103] androidboot.vendor.apex.com.android.hardware.keymint=com.android.hardware.keymint.rust_nonsecure
assemble_cvd(1257142)  D 10-03 22:51:17 1257142 1257142 generate_persistent_bootconfig.cpp:103] androidboot.hw_timeout_multiplier=3
assemble_cvd(1257142)  D 10-03 22:51:17 1257142 1257142 generate_persistent_bootconfig.cpp:103] androidboot.vendor.apex.com.android.hardware.graphics.composer=com.android.hardware.graphics.composer.ranchu
assemble_cvd(1257142)  D 10-03 22:51:17 1257142 1257142 generate_persistent_bootconfig.cpp:103] androidboot.fstab_suffix=cf.f2fs.hctr2
assemble_cvd(1257142)  D 10-03 22:51:17 1257142 1257142 generate_persistent_bootconfig.cpp:103] androidboot.modem_simulator_ports=9600
assemble_cvd(1257142)  D 10-03 22:51:17 1257142 1257142 generate_persistent_bootconfig.cpp:103] androidboot.vsock_lights_port=6900
assemble_cvd(1257142)  D 10-03 22:51:17 1257142 1257142 generate_persistent_bootconfig.cpp:103] androidboot.lcd_density=280
assemble_cvd(1257142)  D 10-03 22:51:17 1257142 1257142 generate_persistent_bootconfig.cpp:103] androidboot.vendor.audiocontrol.server.port=9410
assemble_cvd(1257142)  D 10-03 22:51:17 1257142 1257142 generate_persistent_bootconfig.cpp:103] androidboot.enable_confirmationui=1
assemble_cvd(1257142)  D 10-03 22:51:17 1257142 1257142 generate_persistent_bootconfig.cpp:103] androidboot.vendor.audiocontrol.server.cid=3
assemble_cvd(1257142)  D 10-03 22:51:17 1257142 1257142 generate_persistent_bootconfig.cpp:103] androidboot.openthread_node_id=1
assemble_cvd(1257142)  D 10-03 22:51:17 1257142 1257142 generate_persistent_bootconfig.cpp:103] androidboot.setupwizard_mode=DISABLED
assemble_cvd(1257142)  D 10-03 22:51:17 1257142 1257142 generate_persistent_bootconfig.cpp:103] androidboot.serialno=<SERIAL>
assemble_cvd(1257142)  D 10-03 22:51:17 1257142 1257142 generate_persistent_bootconfig.cpp:103] androidboot.ddr_size=4915MB
assemble_cvd(1257142)  D 10-03 22:51:17 1257142 1257142 generate_persistent_bootconfig.cpp:103] androidboot.cpuvulkan.version=4206592
assemble_cvd(1257142)  D 10-03 22:51:17 1257142 1257142 generate_persistent_bootconfig.cpp:103] androidboot.enable_bootanimation=1
assemble_cvd(1257142)  D 10-03 22:51:17 1257142 1257142 generate_persistent_bootconfig.cpp:103] androidboot.hardware.hwcomposer.display_finder_mode=drm
assemble_cvd(1257142)  D 10-03 22:51:17 1257142 1257142 generate_persistent_bootconfig.cpp:103] androidboot.vsock_lights_cid=3
assemble_cvd(1257142)  D 10-03 22:51:17 1257142 1257142 generate_persistent_bootconfig.cpp:103] androidboot.hardware.gralloc=minigbm
assemble_cvd(1257142)  D 10-03 22:51:17 1257142 1257142 generate_persistent_bootconfig.cpp:103] androidboot.hardware.vulkan=pastel
assemble_cvd(1257142)  D 10-03 22:51:17 1257142 1257142 generate_persistent_bootconfig.cpp:103] androidboot.hardware.angle_feature_overrides_enabled=mapUnspecifiedColorSpaceToPassThrough
assemble_cvd(1257142)  D 10-03 22:51:17 1257142 1257142 generate_persistent_bootconfig.cpp:103] androidboot.hardware.egl=angle
assemble_cvd(1257142)  D 10-03 22:51:17 1257142 1257142 generate_persistent_bootconfig.cpp:103] androidboot.boot_devices=10000.pci
assemble_cvd(1257142)  D 10-03 22:51:17 1257142 1257142 generate_persistent_bootconfig.cpp:103] androidboot.opengles.version=196609
assemble_cvd(1257142)  D 10-03 22:51:17 1257142 1257142 generate_persistent_bootconfig.cpp:103] androidboot.wifi_mac_prefix=5554
assemble_cvd(1257142)  D 10-03 22:51:17 1257142 1257142 generate_persistent_bootconfig.cpp:103] androidboot.vsock_tombstone_port=6600
assemble_cvd(1257142)  D 10-03 22:51:17 1257142 1257142 generate_persistent_bootconfig.cpp:103] androidboot.hardware.hwcomposer=ranchu
assemble_cvd(1257142)  D 10-03 22:51:17 1257142 1257142 generate_persistent_bootconfig.cpp:103] androidboot.hardware.hwcomposer.display_framebuffer_format=rgba
assemble_cvd(1257142)  D 10-03 22:51:17 1257142 1257142 generate_persistent_bootconfig.cpp:103] androidboot.hardware.angle_feature_overrides_disabled=exposeES32ForTesting
assemble_cvd(1257142)  D 10-03 22:51:17 1257142 1257142 generate_persistent_bootconfig.cpp:103] androidboot.serialconsole=0
assemble_cvd(1257142)  D 10-03 22:51:17 1257142 1257142 generate_persistent_bootconfig.cpp:103] 
assemble_cvd(1257142)  D 10-03 22:51:17 1257142 1257142 command.cc:323] Started (pid: 1257409): <HOST_TEMP_PATH>
assemble_cvd(1257142)  D 10-03 22:51:17 1257142 1257142 command.cc:325] add_hash_footer
assemble_cvd(1257142)  D 10-03 22:51:17 1257142 1257142 command.cc:325] --algorithm
assemble_cvd(1257142)  D 10-03 22:51:17 1257142 1257142 command.cc:325] SHA256_RSA4096
assemble_cvd(1257142)  D 10-03 22:51:17 1257142 1257142 command.cc:325] --key
assemble_cvd(1257142)  D 10-03 22:51:17 1257142 1257142 command.cc:325] <HOST_TEMP_PATH>
assemble_cvd(1257142)  D 10-03 22:51:17 1257142 1257142 command.cc:325] --image
assemble_cvd(1257142)  D 10-03 22:51:17 1257142 1257142 command.cc:325] <HOST_TEMP_PATH>
assemble_cvd(1257142)  D 10-03 22:51:17 1257142 1257142 command.cc:325] --partition_name
assemble_cvd(1257142)  D 10-03 22:51:17 1257142 1257142 command.cc:325] bootconfig
assemble_cvd(1257142)  D 10-03 22:51:17 1257142 1257142 command.cc:325] --partition_size
assemble_cvd(1257142)  D 10-03 22:51:17 1257142 1257142 command.cc:325] 73728
assemble_cvd(1257142)  D 10-03 22:51:17 1257142 1257142 command.cc:323] Started (pid: 1257413): <HOST_TEMP_PATH>
assemble_cvd(1257142)  D 10-03 22:51:17 1257142 1257142 command.cc:325] make_vbmeta_image
assemble_cvd(1257142)  D 10-03 22:51:17 1257142 1257142 command.cc:325] --algorithm
assemble_cvd(1257142)  D 10-03 22:51:17 1257142 1257142 command.cc:325] SHA256_RSA4096
assemble_cvd(1257142)  D 10-03 22:51:17 1257142 1257142 command.cc:325] --key
assemble_cvd(1257142)  D 10-03 22:51:17 1257142 1257142 command.cc:325] <HOST_TEMP_PATH>
assemble_cvd(1257142)  D 10-03 22:51:17 1257142 1257142 command.cc:325] --output
assemble_cvd(1257142)  D 10-03 22:51:17 1257142 1257142 command.cc:325] <HOST_TEMP_PATH>
assemble_cvd(1257142)  D 10-03 22:51:17 1257142 1257142 command.cc:325] --chain_partition
assemble_cvd(1257142)  D 10-03 22:51:17 1257142 1257142 command.cc:325] uboot_env:1:<HOST_TEMP_PATH>
assemble_cvd(1257142)  D 10-03 22:51:17 1257142 1257142 command.cc:325] --chain_partition
assemble_cvd(1257142)  D 10-03 22:51:17 1257142 1257142 command.cc:325] bootconfig:2:<HOST_TEMP_PATH>
assemble_cvd(1257142)  D 10-03 22:51:18 1257142 1257142 disk_builder.cpp:176] Composite disk text config mismatch
assemble_cvd(1257142)  D 10-03 22:51:18 1257142 1257142 disk_builder.cpp:176] Composite disk text config mismatch
assemble_cvd(1257142)  D 10-03 22:51:18 1257142 1257142 data_image.cpp:162] Creating <HOST_TEMP_PATH>
assemble_cvd(1257142)  D 10-03 22:51:18 1257142 1257142 data_image.cpp:162] Creating <HOST_TEMP_PATH>
assemble_cvd(1257142)  D 10-03 22:51:18 1257142 1257142 data_image.cpp:162] Creating <HOST_TEMP_PATH>
assemble_cvd(1257142)  D 10-03 22:51:18 1257142 1257142 disk_builder.cpp:249] No prior overlay
assemble_cvd(1257142)  D 10-03 22:51:18 1257142 1257142 command.cc:323] Started (pid: 1257434): <HOST_TEMP_PATH>
assemble_cvd(1257142)  D 10-03 22:51:18 1257142 1257142 command.cc:325] create_qcow2
assemble_cvd(1257142)  D 10-03 22:51:18 1257142 1257142 command.cc:325] --backing-file
assemble_cvd(1257142)  D 10-03 22:51:18 1257142 1257142 command.cc:325] <HOST_TEMP_PATH>
assemble_cvd(1257142)  D 10-03 22:51:18 1257142 1257142 command.cc:325] <HOST_TEMP_PATH>
assemble_cvd(1257142)  D 10-03 22:51:18 1257142 1257142 managed_stdio.cc:153] Ran <HOST_TEMP_PATH> with stdout:
assemble_cvd(1257142)  D 10-03 22:51:18 1257142 1257142 managed_stdio.cc:153] 
assemble_cvd(1257142)  D 10-03 22:51:18 1257142 1257142 managed_stdio.cc:154] Ran <HOST_TEMP_PATH> with stderr:
assemble_cvd(1257142)  D 10-03 22:51:18 1257142 1257142 managed_stdio.cc:154] [2026-10-03T13:51:18.526266129+00:00 INFO  disk] disk size 1594
assemble_cvd(1257142)  D 10-03 22:51:18 1257142 1257142 managed_stdio.cc:154] [2026-10-03T13:51:18.526359049+00:00 INFO  disk] disk size 20480
assemble_cvd(1257142)  D 10-03 22:51:18 1257142 1257142 managed_stdio.cc:154] [2026-10-03T13:51:18.526377257+00:00 INFO  disk] disk size 67108864
assemble_cvd(1257142)  D 10-03 22:51:18 1257142 1257142 managed_stdio.cc:154] [2026-10-03T13:51:18.526389049+00:00 INFO  disk] disk size 67108864
assemble_cvd(1257142)  D 10-03 22:51:18 1257142 1257142 managed_stdio.cc:154] [2026-10-03T13:51:18.526397216+00:00 INFO  disk] disk size 1048576
assemble_cvd(1257142)  D 10-03 22:51:18 1257142 1257142 managed_stdio.cc:154] [2026-10-03T13:51:18.526408050+00:00 INFO  disk] disk size 8388608
assemble_cvd(1257142)  D 10-03 22:51:18 1257142 1257142 managed_stdio.cc:154] [2026-10-03T13:51:18.526414758+00:00 INFO  disk] disk size 8388608
assemble_cvd(1257142)  D 10-03 22:51:18 1257142 1257142 managed_stdio.cc:154] [2026-10-03T13:51:18.526421050+00:00 INFO  disk] disk size 67108864
assemble_cvd(1257142)  D 10-03 22:51:18 1257142 1257142 managed_stdio.cc:154] [2026-10-03T13:51:18.526427884+00:00 INFO  disk] disk size 1048576
assemble_cvd(1257142)  D 10-03 22:51:18 1257142 1257142 managed_stdio.cc:154] [2026-10-03T13:51:18.526437592+00:00 INFO  disk] disk size 8589934592
assemble_cvd(1257142)  D 10-03 22:51:18 1257142 1257142 managed_stdio.cc:154] [2026-10-03T13:51:18.526445676+00:00 INFO  disk] disk size 8589934592
assemble_cvd(1257142)  D 10-03 22:51:18 1257142 1257142 managed_stdio.cc:154] [2026-10-03T13:51:18.526455093+00:00 INFO  disk] disk size 65536
assemble_cvd(1257142)  D 10-03 22:51:18 1257142 1257142 managed_stdio.cc:154] [2026-10-03T13:51:18.526466801+00:00 INFO  disk] disk size 65536
assemble_cvd(1257142)  D 10-03 22:51:18 1257142 1257142 managed_stdio.cc:154] [2026-10-03T13:51:18.526472552+00:00 INFO  disk] disk size 65536
assemble_cvd(1257142)  D 10-03 22:51:18 1257142 1257142 managed_stdio.cc:154] [2026-10-03T13:51:18.526478760+00:00 INFO  disk] disk size 65536
assemble_cvd(1257142)  D 10-03 22:51:18 1257142 1257142 managed_stdio.cc:154] [2026-10-03T13:51:18.526487177+00:00 INFO  disk] disk size 65536
assemble_cvd(1257142)  D 10-03 22:51:18 1257142 1257142 managed_stdio.cc:154] [2026-10-03T13:51:18.526499052+00:00 INFO  disk] disk size 65536
assemble_cvd(1257142)  D 10-03 22:51:18 1257142 1257142 managed_stdio.cc:154] [2026-10-03T13:51:18.526511594+00:00 INFO  disk] disk size 65536
assemble_cvd(1257142)  D 10-03 22:51:18 1257142 1257142 managed_stdio.cc:154] [2026-10-03T13:51:18.526521595+00:00 INFO  disk] disk size 65536
assemble_cvd(1257142)  D 10-03 22:51:18 1257142 1257142 managed_stdio.cc:154] [2026-10-03T13:51:18.526536887+00:00 INFO  disk] disk size 67108864
assemble_cvd(1257142)  D 10-03 22:51:18 1257142 1257142 managed_stdio.cc:154] [2026-10-03T13:51:18.526543053+00:00 INFO  disk] disk size 67108864
assemble_cvd(1257142)  D 10-03 22:51:18 1257142 1257142 managed_stdio.cc:154] [2026-10-03T13:51:18.526549387+00:00 INFO  disk] disk size 45056
assemble_cvd(1257142)  D 10-03 22:51:18 1257142 1257142 managed_stdio.cc:154] [2026-10-03T13:51:18.526637056+00:00 INFO  disk] disk size 20480
assemble_cvd(1257142)  D 10-03 22:51:18 1257142 1257142 managed_stdio.cc:154] [2026-10-03T13:51:18.526648348+00:00 INFO  disk] disk size 67108864
assemble_cvd(1257142)  D 10-03 22:51:18 1257142 1257142 managed_stdio.cc:154] [2026-10-03T13:51:18.526657306+00:00 INFO  disk] disk size 67108864
assemble_cvd(1257142)  D 10-03 22:51:18 1257142 1257142 managed_stdio.cc:154] [2026-10-03T13:51:18.526665973+00:00 INFO  disk] disk size 1048576
assemble_cvd(1257142)  D 10-03 22:51:18 1257142 1257142 managed_stdio.cc:154] [2026-10-03T13:51:18.526672140+00:00 INFO  disk] disk size 8388608
assemble_cvd(1257142)  D 10-03 22:51:18 1257142 1257142 managed_stdio.cc:154] [2026-10-03T13:51:18.526681224+00:00 INFO  disk] disk size 8388608
assemble_cvd(1257142)  D 10-03 22:51:18 1257142 1257142 managed_stdio.cc:154] [2026-10-03T13:51:18.526693641+00:00 INFO  disk] disk size 67108864
assemble_cvd(1257142)  D 10-03 22:51:18 1257142 1257142 managed_stdio.cc:154] [2026-10-03T13:51:18.526701849+00:00 INFO  disk] disk size 1048576
assemble_cvd(1257142)  D 10-03 22:51:18 1257142 1257142 managed_stdio.cc:154] [2026-10-03T13:51:18.526709975+00:00 INFO  disk] disk size 8589934592
assemble_cvd(1257142)  D 10-03 22:51:18 1257142 1257142 managed_stdio.cc:154] [2026-10-03T13:51:18.526716100+00:00 INFO  disk] disk size 8589934592
assemble_cvd(1257142)  D 10-03 22:51:18 1257142 1257142 managed_stdio.cc:154] [2026-10-03T13:51:18.526724642+00:00 INFO  disk] disk size 65536
assemble_cvd(1257142)  D 10-03 22:51:18 1257142 1257142 managed_stdio.cc:154] [2026-10-03T13:51:18.526760601+00:00 INFO  disk] disk size 65536
assemble_cvd(1257142)  D 10-03 22:51:18 1257142 1257142 managed_stdio.cc:154] [2026-10-03T13:51:18.526769768+00:00 INFO  disk] disk size 65536
assemble_cvd(1257142)  D 10-03 22:51:18 1257142 1257142 managed_stdio.cc:154] [2026-10-03T13:51:18.526776685+00:00 INFO  disk] disk size 65536
assemble_cvd(1257142)  D 10-03 22:51:18 1257142 1257142 managed_stdio.cc:154] [2026-10-03T13:51:18.526782101+00:00 INFO  disk] disk size 65536
assemble_cvd(1257142)  D 10-03 22:51:18 1257142 1257142 managed_stdio.cc:154] [2026-10-03T13:51:18.526789893+00:00 INFO  disk] disk size 65536
assemble_cvd(1257142)  D 10-03 22:51:18 1257142 1257142 managed_stdio.cc:154] [2026-10-03T13:51:18.526797394+00:00 INFO  disk] disk size 65536
assemble_cvd(1257142)  D 10-03 22:51:18 1257142 1257142 managed_stdio.cc:154] [2026-10-03T13:51:18.526810227+00:00 INFO  disk] disk size 65536
assemble_cvd(1257142)  D 10-03 22:51:18 1257142 1257142 managed_stdio.cc:154] [2026-10-03T13:51:18.526818311+00:00 INFO  disk] disk size 67108864
assemble_cvd(1257142)  D 10-03 22:51:18 1257142 1257142 managed_stdio.cc:154] [2026-10-03T13:51:18.526826519+00:00 INFO  disk] disk size 67108864
assemble_cvd(1257142)  D 10-03 22:51:18 1257142 1257142 managed_stdio.cc:154] [2026-10-03T13:51:18.526831811+00:00 INFO  disk] disk size 45056
assemble_cvd(1257142)  D 10-03 22:51:18 1257142 1257142 managed_stdio.cc:154] [2026-10-03T13:51:18.538468202+00:00 INFO  crosvm__bin] exiting with success
assemble_cvd(1257142)  D 10-03 22:51:18 1257142 1257142 managed_stdio.cc:154] 
assemble_cvd(1257142)  D 10-03 22:51:18 1257142 1257142 disk_builder.cpp:249] No prior overlay
assemble_cvd(1257142)  D 10-03 22:51:18 1257142 1257142 command.cc:323] Started (pid: 1257437): <HOST_TEMP_PATH>
assemble_cvd(1257142)  D 10-03 22:51:18 1257142 1257142 command.cc:325] create_qcow2
assemble_cvd(1257142)  D 10-03 22:51:18 1257142 1257142 command.cc:325] --backing-file
assemble_cvd(1257142)  D 10-03 22:51:18 1257142 1257142 command.cc:325] <HOST_TEMP_PATH>
assemble_cvd(1257142)  D 10-03 22:51:18 1257142 1257142 command.cc:325] <HOST_TEMP_PATH>
assemble_cvd(1257142)  D 10-03 22:51:18 1257142 1257142 managed_stdio.cc:153] Ran <HOST_TEMP_PATH> with stdout:
assemble_cvd(1257142)  D 10-03 22:51:18 1257142 1257142 managed_stdio.cc:153] 
assemble_cvd(1257142)  D 10-03 22:51:18 1257142 1257142 managed_stdio.cc:154] Ran <HOST_TEMP_PATH> with stderr:
assemble_cvd(1257142)  D 10-03 22:51:18 1257142 1257142 managed_stdio.cc:154] [2026-10-03T13:51:18.543373664+00:00 INFO  disk] disk size 325
assemble_cvd(1257142)  D 10-03 22:51:18 1257142 1257142 managed_stdio.cc:154] [2026-10-03T13:51:18.543428124+00:00 INFO  disk] disk size 20480
assemble_cvd(1257142)  D 10-03 22:51:18 1257142 1257142 managed_stdio.cc:154] [2026-10-03T13:51:18.543443750+00:00 INFO  disk] disk size 137625600
assemble_cvd(1257142)  D 10-03 22:51:18 1257142 1257142 managed_stdio.cc:154] [2026-10-03T13:51:18.543455500+00:00 INFO  disk] disk size 45056
assemble_cvd(1257142)  D 10-03 22:51:18 1257142 1257142 managed_stdio.cc:154] [2026-10-03T13:51:18.543519585+00:00 INFO  disk] disk size 20480
assemble_cvd(1257142)  D 10-03 22:51:18 1257142 1257142 managed_stdio.cc:154] [2026-10-03T13:51:18.543533044+00:00 INFO  disk] disk size 137625600
assemble_cvd(1257142)  D 10-03 22:51:18 1257142 1257142 managed_stdio.cc:154] [2026-10-03T13:51:18.543539669+00:00 INFO  disk] disk size 45056
assemble_cvd(1257142)  D 10-03 22:51:18 1257142 1257142 managed_stdio.cc:154] [2026-10-03T13:51:18.553661061+00:00 INFO  crosvm__bin] exiting with success
assemble_cvd(1257142)  D 10-03 22:51:18 1257142 1257142 managed_stdio.cc:154] 
run_cvd(1257438)  D 10-03 22:51:18 1257438 1257438 command.cc:323] Started (pid: 1257439): /usr/lib/cuttlefish-common/bin/capability_query.py
run_cvd(1257438)  D 10-03 22:51:18 1257438 1257438 command.cc:325] qemu_cli
run_cvd(1257438)  I 10-03 22:51:18 1257438 1257438 reporting.cpp:37]   Run `cvd logs` to report paths to device logs.
run_cvd(1257438)  I 10-03 22:51:18 1257438 1257438 reporting.cpp:44]   Point your browser to https://localhost:8443 to interact with the device.
run_cvd(1257438)  I 10-03 22:51:18 1257438 1257438 reporting.cpp:44]   Serial console is disabled; use -console=true to enable it.
run_cvd(1257438)  I 10-03 22:51:18 1257438 1257438 reporting.cpp:44]   Launcher Build ID: 9bb9c72329cedcb436bb75afc05c24d73fbcdf5d
run_cvd(1257438)  D 10-03 22:51:18 1257438 1257438 feature.cpp:52] Running setup for OpenWrt
run_cvd(1257438)  D 10-03 22:51:18 1257438 1257438 feature.cpp:52] Running setup for cuttlefish::SnapshotControlFiles::Create
run_cvd(1257438)  D 10-03 22:51:18 1257438 1257438 feature.cpp:52] Running setup for Netsim
run_cvd(1257438)  D 10-03 22:51:18 1257438 1257438 feature.cpp:52] Running setup for OpenwrtControlServer
run_cvd(1257438)  D 10-03 22:51:18 1257438 1257438 feature.cpp:52] Running setup for cuttlefish::ValidateTapDevices
run_cvd(1257438)  D 10-03 22:51:18 1257438 1257438 feature.cpp:52] Running setup for KernelLogMonitor
run_cvd(1257438)  D 10-03 22:51:18 1257438 1257438 feature.cpp:52] Running setup for cuttlefish::SecureEnv
run_cvd(1257438)  D 10-03 22:51:18 1257438 1257438 feature.cpp:52] Running setup for ControlEnvProxyServer
run_cvd(1257438)  D 10-03 22:51:18 1257438 1257438 feature.cpp:52] Running setup for cuttlefish::ValidateHostConfiguration
run_cvd(1257438)  D 10-03 22:51:18 1257438 1257438 feature.cpp:52] Running setup for cuttlefish::ConsoleForwarder
run_cvd(1257438)  D 10-03 22:51:18 1257438 1257438 feature.cpp:52] Running setup for cuttlefish::BluetoothConnector
run_cvd(1257438)  D 10-03 22:51:18 1257438 1257438 feature.cpp:52] Running setup for FastbootProxy
run_cvd(1257438)  D 10-03 22:51:18 1257438 1257438 feature.cpp:52] Running setup for VhostInputDevices
run_cvd(1257438)  D 10-03 22:51:18 1257438 1257438 feature.cpp:52] Running setup for StreamerSockets
run_cvd(1257438)  D 10-03 22:51:18 1257438 1257438 feature.cpp:52] Running setup for SocketVsockProxy
run_cvd(1257438)  D 10-03 22:51:18 1257438 1257438 feature.cpp:52] Running setup for cuttlefish::LogcatReceiver
run_cvd(1257438)  D 10-03 22:51:18 1257438 1257438 feature.cpp:52] Running setup for AdbConnector
run_cvd(1257438)  D 10-03 22:51:18 1257438 1257438 feature.cpp:52] Running setup for cuttlefish::SensorsSocketPair::Create
run_cvd(1257438)  D 10-03 22:51:18 1257438 1257438 feature.cpp:52] Running setup for cuttlefish::EchoServer
run_cvd(1257438)  D 10-03 22:51:18 1257438 1257438 feature.cpp:52] Running setup for cuttlefish::ScreenRecordingServer
run_cvd(1257438)  D 10-03 22:51:18 1257438 1257438 feature.cpp:52] Running setup for cuttlefish::NfcConnector
run_cvd(1257438)  D 10-03 22:51:18 1257438 1257438 feature.cpp:52] Running setup for cuttlefish::CasimirControlServer
run_cvd(1257438)  D 10-03 22:51:18 1257438 1257438 feature.cpp:52] Running setup for cuttlefish::(anonymous namespace)::ProcessLeader
run_cvd(1257441)  D 10-03 22:51:18 1257441 1257441 feature.cpp:52] Running setup for cuttlefish::GnssGrpcProxyServer
run_cvd(1257441)  D 10-03 22:51:18 1257441 1257441 feature.cpp:52] Running setup for WebRtcController
run_cvd(1257441)  D 10-03 22:51:18 1257441 1257441 webrtc_controller.cpp:49] Initializing the WebRTC command sockets.
run_cvd(1257441)  D 10-03 22:51:18 1257441 1257441 feature.cpp:52] Running setup for cuttlefish::VhalProxyServer
run_cvd(1257441)  D 10-03 22:51:18 1257441 1257441 feature.cpp:52] Running setup for ServerLoop
run_cvd(1257441)  D 10-03 22:51:18 1257441 1257441 feature.cpp:52] Running setup for cuttlefish::Pica
run_cvd(1257441)  D 10-03 22:51:18 1257441 1257441 feature.cpp:52] Running setup for cuttlefish::UwbConnector
run_cvd(1257441)  D 10-03 22:51:18 1257441 1257441 feature.cpp:52] Running setup for WebRtcServer
run_cvd(1257441)  D 10-03 22:51:18 1257441 1257441 feature.cpp:52] Running setup for VhostDeviceVsock
run_cvd(1257441)  D 10-03 22:51:18 1257441 1257441 feature.cpp:52] Running setup for cuttlefish::SensorsSimulator
run_cvd(1257441)  D 10-03 22:51:18 1257441 1257441 feature.cpp:52] Running setup for VirtualMachineManager
run_cvd(1257441)  D 10-03 22:51:18 1257441 1257441 feature.cpp:52] Running setup for cuttlefish::ValidateHostKernel
run_cvd(1257441)  D 10-03 22:51:18 1257441 1257441 validate.cpp:105] uts.sysname = "Linux"
run_cvd(1257441)  D 10-03 22:51:18 1257441 1257441 validate.cpp:106] uts.nodename = "lima-apkrun-cuttlefish"
run_cvd(1257441)  D 10-03 22:51:18 1257441 1257441 validate.cpp:107] uts.release = "6.8.0-134-generic"
run_cvd(1257441)  D 10-03 22:51:18 1257441 1257441 validate.cpp:108] uts.version = "#134-Ubuntu SMP PREEMPT_DYNAMIC Fri Jun 26 18:28:11 UTC 2026"
run_cvd(1257441)  D 10-03 22:51:18 1257441 1257441 validate.cpp:109] uts.machine = "aarch64"
run_cvd(1257441)  D 10-03 22:51:18 1257441 1257441 validate.cpp:111] uts.domainname = "(none)"
run_cvd(1257441)  D 10-03 22:51:18 1257441 1257441 feature.cpp:52] Running setup for cuttlefish::Casimir
run_cvd(1257441)  D 10-03 22:51:18 1257441 1257441 feature.cpp:52] Running setup for cuttlefish::ModemSimulator
run_cvd(1257441)  D 10-03 22:51:18 1257441 1257441 feature.cpp:52] Running setup for cuttlefish::AutomotiveProxyService
run_cvd(1257441)  D 10-03 22:51:18 1257441 1257441 feature.cpp:52] Running setup for WmediumdServer
run_cvd(1257441)  D 10-03 22:51:18 1257441 1257441 command.cc:323] Started (pid: 1257442): <HOST_TEMP_PATH>
run_cvd(1257441)  D 10-03 22:51:18 1257441 1257441 command.cc:325] -o<HOST_TEMP_PATH>
run_cvd(1257441)  D 10-03 22:51:18 1257441 1257441 command.cc:325] -p5554
run_cvd(1257441)  D 10-03 22:51:18 1257441 1257441 feature.cpp:52] Running setup for CvdBootStateMachine
run_cvd(1257441)  D 10-03 22:51:18 1257441 1257441 feature.cpp:52] Running setup for cuttlefish::TombstoneReceiver
run_cvd(1257441)  D 10-03 22:51:18 1257441 1257441 tombstone_receiver.cpp:41] Setting up <HOST_TEMP_PATH>
run_cvd(1257441)  I 10-03 22:51:18 1257441 1257444 boot_state_machine.cc:573] TimeoutThreadLoop: waiting for 40m
run_cvd(1257441)  I 10-03 22:51:18 1257441 1257441 vhost_device_vsock.cpp:103] VhostDeviceVsock::vhost param is:guest-cid=3,socket=<HOST_TEMP_PATH>,uds-path=<HOST_TEMP_PATH>
run_cvd(1257441)  D 10-03 22:51:18 1257441 1257441 open_wrt.cpp:96] Restart OpenWRT due to hostapd issue
run_cvd(1257441)  D 10-03 22:51:18 1257445 1257445 process_monitor.cc:440] Monitoring subprocesses
run_cvd(1257441)  D 10-03 22:51:18 1257445 1257445 process_monitor.cc:258] Starting monitored subprocesses
run_cvd(1257441)  I 10-03 22:51:18 1257445 1257445 process_monitor.cc:260] Starting monitored subprocess: <HOST_TEMP_PATH>
run_cvd(1257441)  D 10-03 22:51:18 1257445 1257445 command.cc:323] Started (pid: 1257446): <HOST_TEMP_PATH>
run_cvd(1257441)  D 10-03 22:51:18 1257445 1257445 command.cc:325] -sim_type=1
run_cvd(1257441)  D 10-03 22:51:18 1257445 1257445 command.cc:325] -server_fds=106
run_cvd(1257441)  I 10-03 22:51:18 1257445 1257445 process_monitor.cc:260] Starting monitored subprocess: <HOST_TEMP_PATH>
run_cvd(1257441)  D 10-03 22:51:18 1257445 1257445 command.cc:323] Started (pid: 1257447): <HOST_TEMP_PATH>
run_cvd(1257441)  D 10-03 22:51:18 1257445 1257445 command.cc:325] -server_fd=110
run_cvd(1257441)  D 10-03 22:51:18 1257445 1257445 command.cc:325] -tombstone_dir=<HOST_TEMP_PATH>
run_cvd(1257441)  I 10-03 22:51:18 1257445 1257445 process_monitor.cc:260] Starting monitored subprocess: <HOST_TEMP_PATH>
run_cvd(1257441)  D 10-03 22:51:18 1257445 1257445 command.cc:323] Started (pid: 1257448): <HOST_TEMP_PATH>
run_cvd(1257441)  D 10-03 22:51:18 1257445 1257445 command.cc:325] --process_name=vhost_device_vsock
run_cvd(1257441)  D 10-03 22:51:18 1257445 1257445 command.cc:325] --log_fd_in=114
run_cvd(1257441)  I 10-03 22:51:18 1257445 1257445 process_monitor.cc:260] Starting monitored subprocess: <HOST_TEMP_PATH>
run_cvd(1257441)  D 10-03 22:51:18 1257445 1257445 command.cc:323] Started (pid: 1257449): <HOST_TEMP_PATH>
run_cvd(1257441)  D 10-03 22:51:18 1257445 1257445 command.cc:325] -when_killed
run_cvd(1257441)  D 10-03 22:51:18 1257445 1257445 command.cc:325] -when_dumped
run_cvd(1257441)  D 10-03 22:51:18 1257445 1257445 command.cc:325] -when_exited_with_failure
run_cvd(1257441)  D 10-03 22:51:18 1257445 1257445 command.cc:325] --
run_cvd(1257441)  D 10-03 22:51:18 1257445 1257445 command.cc:325] <HOST_TEMP_PATH>
run_cvd(1257441)  D 10-03 22:51:18 1257445 1257445 command.cc:325] --vm
run_cvd(1257441)  D 10-03 22:51:18 1257445 1257445 command.cc:325] guest-cid=3,socket=<HOST_TEMP_PATH>,uds-path=<HOST_TEMP_PATH>
run_cvd(1257441)  I 10-03 22:51:18 1257445 1257445 process_monitor.cc:260] Starting monitored subprocess: <HOST_TEMP_PATH>
run_cvd(1257441)  D 10-03 22:51:18 1257445 1257445 command.cc:323] Started (pid: 1257450): <HOST_TEMP_PATH>
run_cvd(1257441)  D 10-03 22:51:18 1257445 1257445 command.cc:325] --verbosity=DEBUG
run_cvd(1257441)  D 10-03 22:51:18 1257445 1257445 command.cc:325] --socket-fd=115
run_cvd(1257441)  D 10-03 22:51:18 1257445 1257445 command.cc:325] --device-config=<HOST_TEMP_PATH>
run_cvd(1257441)  I 10-03 22:51:18 1257445 1257445 process_monitor.cc:260] Starting monitored subprocess: <HOST_TEMP_PATH>
run_cvd(1257441)  D 10-03 22:51:18 1257445 1257445 command.cc:323] Started (pid: 1257451): <HOST_TEMP_PATH>
run_cvd(1257441)  D 10-03 22:51:18 1257445 1257445 command.cc:325] --process_name=vhost_user_rotary
run_cvd(1257441)  D 10-03 22:51:18 1257445 1257445 command.cc:325] --log_fd_in=120
run_cvd(1257441)  I 10-03 22:51:18 1257445 1257445 process_monitor.cc:260] Starting monitored subprocess: <HOST_TEMP_PATH>
run_cvd(1257441)  D 10-03 22:51:18 1257445 1257445 command.cc:323] Started (pid: 1257452): <HOST_TEMP_PATH>
run_cvd(1257441)  D 10-03 22:51:18 1257445 1257445 command.cc:325] --verbosity=DEBUG
run_cvd(1257441)  D 10-03 22:51:18 1257445 1257445 command.cc:325] --socket-fd=121
run_cvd(1257441)  D 10-03 22:51:18 1257445 1257445 command.cc:325] --device-config=<HOST_TEMP_PATH>
run_cvd(1257441)  I 10-03 22:51:18 1257445 1257445 process_monitor.cc:260] Starting monitored subprocess: <HOST_TEMP_PATH>
run_cvd(1257441)  D 10-03 22:51:18 1257445 1257445 command.cc:323] Started (pid: 1257453): <HOST_TEMP_PATH>
run_cvd(1257441)  D 10-03 22:51:18 1257445 1257445 command.cc:325] --process_name=vhost_user_keyboard
run_cvd(1257441)  D 10-03 22:51:18 1257445 1257445 command.cc:325] --log_fd_in=126
run_cvd(1257441)  I 10-03 22:51:18 1257445 1257445 process_monitor.cc:260] Starting monitored subprocess: <HOST_TEMP_PATH>
run_cvd(1257441)  D 10-03 22:51:18 1257445 1257445 command.cc:323] Started (pid: 1257454): <HOST_TEMP_PATH>
run_cvd(1257441)  D 10-03 22:51:18 1257445 1257445 command.cc:325] --verbosity=DEBUG
run_cvd(1257441)  D 10-03 22:51:18 1257445 1257445 command.cc:325] --socket-fd=127
run_cvd(1257441)  D 10-03 22:51:18 1257445 1257445 command.cc:325] --device-config=<HOST_TEMP_PATH>
run_cvd(1257441)  I 10-03 22:51:18 1257445 1257445 process_monitor.cc:260] Starting monitored subprocess: <HOST_TEMP_PATH>
run_cvd(1257441)  D 10-03 22:51:18 1257445 1257445 command.cc:323] Started (pid: 1257455): <HOST_TEMP_PATH>
run_cvd(1257441)  D 10-03 22:51:18 1257445 1257445 command.cc:325] --process_name=vhost_user_switches
run_cvd(1257441)  D 10-03 22:51:18 1257445 1257445 command.cc:325] --log_fd_in=132
run_cvd(1257441)  I 10-03 22:51:18 1257445 1257445 process_monitor.cc:260] Starting monitored subprocess: <HOST_TEMP_PATH>
tombstone_receiver(1257447)  D 10-03 22:51:18 1257447 1257447 main.cpp:89] Host is starting server on port 1982820461
run_cvd(1257441)  D 10-03 22:51:18 1257445 1257445 command.cc:323] Started (pid: 1257456): <HOST_TEMP_PATH>
run_cvd(1257441)  D 10-03 22:51:18 1257445 1257445 command.cc:325] --verbosity=DEBUG
run_cvd(1257441)  D 10-03 22:51:18 1257445 1257445 command.cc:325] --socket-fd=133
run_cvd(1257441)  D 10-03 22:51:18 1257445 1257445 command.cc:325] --device-config=<HOST_TEMP_PATH>
run_cvd(1257441)  I 10-03 22:51:18 1257445 1257445 process_monitor.cc:260] Starting monitored subprocess: <HOST_TEMP_PATH>
log_tee(1257448)  W 10-03 22:51:18 1257448 1257448 log_tee.cpp:88] Log tags unsupported with abseil logging: vhost_device_vsock
modem_simulator(1257446)  I 10-03 22:51:18 1257446 1257446 main.cpp:81] Start modem simulator, server_fds: 106, Sim type: normal
Start modem simulator, server_fds: 106, Sim type: normal
log_tee(1257448)  D 10-03 22:51:18 1257448 1257448 log_tee.cpp:120] Starting to read from process vhost_device_vsock
log_tee(1257451)  W 10-03 22:51:18 1257451 1257451 log_tee.cpp:88] Log tags unsupported with abseil logging: vhost_user_rotary
log_tee(1257451)  D 10-03 22:51:18 1257451 1257451 log_tee.cpp:120] Starting to read from process vhost_user_rotary
process_restarter(1257449)  D 10-03 22:51:18 1257449 1257449 command.cc:323] Started (pid: 1257459): <HOST_TEMP_PATH>
process_restarter(1257449)  D 10-03 22:51:18 1257449 1257449 command.cc:325] --vm
process_restarter(1257449)  D 10-03 22:51:18 1257449 1257449 command.cc:325] guest-cid=3,socket=<HOST_TEMP_PATH>,uds-path=<HOST_TEMP_PATH>
run_cvd(1257441)  D 10-03 22:51:18 1257445 1257445 command.cc:323] Started (pid: 1257460): <HOST_TEMP_PATH>
run_cvd(1257441)  D 10-03 22:51:18 1257445 1257445 command.cc:325] --process_name=vhost_user_touchscreen_0
run_cvd(1257441)  D 10-03 22:51:18 1257445 1257445 command.cc:325] --log_fd_in=138
run_cvd(1257441)  I 10-03 22:51:18 1257445 1257445 process_monitor.cc:260] Starting monitored subprocess: <HOST_TEMP_PATH>
run_cvd(1257441)  D 10-03 22:51:18 1257445 1257445 command.cc:323] Started (pid: 1257461): <HOST_TEMP_PATH>
run_cvd(1257441)  D 10-03 22:51:18 1257445 1257445 command.cc:325] --process_name=wmediumd
run_cvd(1257441)  D 10-03 22:51:18 1257445 1257445 command.cc:325] --log_fd_in=142
run_cvd(1257441)  I 10-03 22:51:18 1257445 1257445 process_monitor.cc:260] Starting monitored subprocess: <HOST_TEMP_PATH>
run_cvd(1257441)  D 10-03 22:51:18 1257445 1257445 command.cc:323] Started (pid: 1257462): <HOST_TEMP_PATH>
run_cvd(1257441)  D 10-03 22:51:18 1257445 1257445 command.cc:325] -u<HOST_TEMP_PATH>
run_cvd(1257441)  D 10-03 22:51:18 1257445 1257445 command.cc:325] -a<HOST_TEMP_PATH>
run_cvd(1257441)  D 10-03 22:51:18 1257445 1257445 command.cc:325] -c<HOST_TEMP_PATH>
run_cvd(1257441)  D 10-03 22:51:18 1257445 1257445 command.cc:325] --grpc_uds_path=<HOST_TEMP_PATH>
run_cvd(1257441)  I 10-03 22:51:18 1257445 1257445 process_monitor.cc:260] Starting monitored subprocess: <HOST_TEMP_PATH>
log_tee(1257453)  W 10-03 22:51:18 1257453 1257453 log_tee.cpp:88] Log tags unsupported with abseil logging: vhost_user_keyboard
log_tee(1257460)  W 10-03 22:51:18 1257460 1257460 log_tee.cpp:88] Log tags unsupported with abseil logging: vhost_user_touchscreen_0
log_tee(1257453)  D 10-03 22:51:18 1257453 1257453 log_tee.cpp:120] Starting to read from process vhost_user_keyboard
log_tee(1257460)  D 10-03 22:51:18 1257460 1257460 log_tee.cpp:120] Starting to read from process vhost_user_touchscreen_0
log_tee(1257455)  W 10-03 22:51:18 1257455 1257455 log_tee.cpp:88] Log tags unsupported with abseil logging: vhost_user_switches
log_tee(1257455)  D 10-03 22:51:18 1257455 1257455 log_tee.cpp:120] Starting to read from process vhost_user_switches
log_tee(1257451)  D 10-03 22:51:18 1257451 1257451 log_tee.cpp:185] [2026-10-03T13:51:18Z DEBUG cf_vhost_user_input::vio_input] Parsed device config: InputConfigFile { name: "Cuttlefish Vhost User Rotary 0", serial_name: "virtio-rotary-0", properties: {}, events: [InputConfigFileEvent { event_type: "EV_REL", event_type_code: 2, supported_events: {"REL_WHEEL": 8} }], axis_info: [] }
log_tee(1257451)  D 10-03 22:51:18 1257451 1257451 log_tee.cpp:185] [2026-10-03T13:51:18Z DEBUG cf_vhost_user_input::vio_input] supporting event: 2
log_tee(1257451)  D 10-03 22:51:18 1257451 1257451 log_tee.cpp:185] [2026-10-03T13:51:18Z INFO  cf_vhost_user_input] Created vhost-user daemon
log_tee(1257460)  D 10-03 22:51:18 1257460 1257460 log_tee.cpp:185] [2026-10-03T13:51:18Z DEBUG cf_vhost_user_input::vio_input] Parsed device config: InputConfigFile { name: "Cuttlefish Vhost User Multitouch Touchscreen 0", serial_name: "virtio-touchscreen-0", properties: {"INPUT_PROP_DIRECT": 1}, events: [InputConfigFileEvent { event_type: "EV_KEY", event_type_code: 1, supported_events: {"BTN_TOUCH": 330} }, InputConfigFileEvent { event_type: "EV_ABS", event_type_code: 3, supported_events: {"ABS_MT_POSITION_X": 53, "ABS_MT_POSITION_Y": 54, "ABS_MT_SLOT": 47, "ABS_MT_TRACKING_ID": 57, "ABS_X": 0, "ABS_Y": 1} }], axis_info: [InputConfigFileAbsInfo { axis: "ABS_X", axis_code: 0, min: 0, max: 720, fuzz: 0, flat: 0 }, InputConfigFileAbsInfo { axis: "ABS_Y", axis_code: 1, min: 0, max: 1348, fuzz: 0, flat: 0 }, InputConfigFileAbsInfo { axis: "ABS_MT_POSITION_X", axis_code: 53, min: 0, max: 720, fuzz: 0, flat: 0 }, InputConfigFileAbsInfo { axis: "ABS_MT_POSITION_Y", axis_code: 54, min: 0, max: 1348, fuzz: 0, flat: 0 }, InputConfigFileAbsInfo { axis: "ABS_MT_SLOT", axis_code: 47, min: 0, max: 10, fuzz: 0, flat: 0 }, InputConfigFileAbsInfo { axis: "ABS_MT_TRACKING_ID", axis_code: 57, min: 0, max: 10, fuzz: 0, flat: 0 }] }
log_tee(1257460)  D 10-03 22:51:18 1257460 1257460 log_tee.cpp:185] [2026-10-03T13:51:18Z DEBUG cf_vhost_user_input::vio_input] supporting event: 1
log_tee(1257460)  D 10-03 22:51:18 1257460 1257460 log_tee.cpp:185] [2026-10-03T13:51:18Z DEBUG cf_vhost_user_input::vio_input] supporting event: 3
log_tee(1257460)  D 10-03 22:51:18 1257460 1257460 log_tee.cpp:185] [2026-10-03T13:51:18Z INFO  cf_vhost_user_input] Created vhost-user daemon
log_tee(1257453)  D 10-03 22:51:18 1257453 1257453 log_tee.cpp:185] [2026-10-03T13:51:18Z DEBUG cf_vhost_user_input::vio_input] Parsed device config: InputConfigFile { name: "Cuttlefish Vhost User Keyboard 0", serial_name: "virtio-keyboard-0", properties: {}, events: [InputConfigFileEvent { event_type: "EV_KEY", event_type_code: 1, supported_events: {"KEY_0": 11, "KEY_1": 2, "KEY_2": 3, "KEY_3": 4, "KEY_4": 5, "KEY_5": 6, "KEY_6": 7, "KEY_7": 8, "KEY_8": 9, "KEY_9": 10, "KEY_A": 30, "KEY_APOSTROPHE": 40, "KEY_B": 48, "KEY_BACK": 158, "KEY_BACKSLASH": 43, "KEY_BACKSPACE": 14, "KEY_C": 46, "KEY_CAPSLOCK": 58, "KEY_COMMA": 51, "KEY_D": 32, "KEY_DELETE": 111, "KEY_DOT": 52, "KEY_DOWN": 108, "KEY_E": 18, "KEY_END": 107, "KEY_ENTER": 28, "KEY_EQUAL": 13, "KEY_ESC": 1, "KEY_F": 33, "KEY_F1": 59, "KEY_F10": 68, "KEY_F11": 87, "KEY_F12": 88, "KEY_F2": 60, "KEY_F3": 61, "KEY_F4": 62, "KEY_F5": 63, "KEY_F6": 64, "KEY_F7": 65, "KEY_F8": 66, "KEY_F9": 67, "KEY_G": 34, "KEY_GRAVE": 41, "KEY_H": 35, "KEY_HOME": 102, "KEY_HOMEPAGE": 172, "KEY_I": 23, "KEY_INSERT": 110, "KEY_J": 36, "KEY_K": 37, "KEY_KP0": 82, "KEY_KP1": 79, "KEY_KP2": 80, "KEY_KP3": 81, "KEY_KP4": 75, "KEY_KP5": 76, "KEY_KP6": 77, "KEY_KP7": 71, "KEY_KP8": 72, "KEY_KP9": 73, "KEY_KPASTERISK": 55, "KEY_KPDOT": 83, "KEY_KPENTER": 96, "KEY_KPMINUS": 74, "KEY_KPPLUS": 78, "KEY_KPSLASH": 98, "KEY_L": 38, "KEY_LEFT": 105, "KEY_LEFTALT": 56, "KEY_LEFTBRACE": 26, "KEY_LEFTCTRL": 29, "KEY_LEFTSHIFT": 42, "KEY_M": 50, "KEY_MENU": 139, "KEY_MINUS": 12, "KEY_MUTE": 113, "KEY_N": 49, "KEY_NUMLOCK": 69, "KEY_O": 24, "KEY_P": 25, "KEY_PAGEDOWN": 109, "KEY_PAGEUP": 104, "KEY_PAUSE": 119, "KEY_POWER": 116, "KEY_PRINT": 210, "KEY_Q": 16, "KEY_R": 19, "KEY_RIGHT": 106, "KEY_RIGHTALT": 100, "KEY_RIGHTBRACE": 27, "KEY_RIGHTCTRL": 97, "KEY_RIGHTSHIFT": 54, "KEY_S": 31, "KEY_SCROLLLOCK": 70, "KEY_SEMICOLON": 39, "KEY_SLASH": 53, "KEY_SPACE": 57, "KEY_SYSRQ": 99, "KEY_T": 20, "KEY_TAB": 15, "KEY_U": 22, "KEY_UP": 103, "KEY_V": 47, "KEY_VOLUMEDOWN": 114, "KEY_VOLUMEUP": 115, "KEY_W": 17, "KEY_X": 45, "KEY_Y": 21, "KEY_Z": 44} }, InputConfigFileEvent { event_type: "EV_REP", event_type_code: 20, supported_events: {"REP_DELAY": 0, "REP_PERIOD": 1} }, InputConfigFileEvent { event_type: "EV_LED", event_type_code: 17, supported_events: {"LED_CAPSL": 1, "LED_NUML": 0, "LED_SCROLLL": 2} }], axis_info: [] }
log_tee(1257453)  D 10-03 22:51:18 1257453 1257453 log_tee.cpp:185] [2026-10-03T13:51:18Z DEBUG cf_vhost_user_input::vio_input] supporting event: 1
log_tee(1257453)  D 10-03 22:51:18 1257453 1257453 log_tee.cpp:185] [2026-10-03T13:51:18Z DEBUG cf_vhost_user_input::vio_input] supporting event: 20
log_tee(1257453)  D 10-03 22:51:18 1257453 1257453 log_tee.cpp:185] [2026-10-03T13:51:18Z DEBUG cf_vhost_user_input::vio_input] supporting event: 17
log_tee(1257453)  D 10-03 22:51:18 1257453 1257453 log_tee.cpp:185] [2026-10-03T13:51:18Z INFO  cf_vhost_user_input] Created vhost-user daemon
log_tee(1257455)  D 10-03 22:51:18 1257455 1257455 log_tee.cpp:185] [2026-10-03T13:51:18Z DEBUG cf_vhost_user_input::vio_input] Parsed device config: InputConfigFile { name: "Cuttlefish Vhost User Switches 0", serial_name: "virtio-switches-0", properties: {}, events: [InputConfigFileEvent { event_type: "EV_SW", event_type_code: 5, supported_events: {"SW_CAMERA_LENS_COVER": 9, "SW_DOCK": 5, "SW_FRONT_PROXIMITY": 11, "SW_HEADPHONE_INSERT": 2, "SW_JACK_PHYSICAL_INS": 7, "SW_KEYPAD_SLIDE": 10, "SW_LID": 0, "SW_LINEIN_INSERT": 13, "SW_LINEOUT_INSERT": 6, "SW_MACHINE_COVER": 16, "SW_MICROPHONE_INSERT": 4, "SW_MUTE_DEVICE": 14, "SW_PEN_INSERTED": 15, "SW_RFKILL_ALL": 3, "SW_ROTATE_LOCK": 12, "SW_TABLET_MODE": 1, "SW_VIDEOOUT_INSERT": 8} }], axis_info: [] }
log_tee(1257455)  D 10-03 22:51:18 1257455 1257455 log_tee.cpp:185] [2026-10-03T13:51:18Z DEBUG cf_vhost_user_input::vio_input] supporting event: 5
log_tee(1257455)  D 10-03 22:51:18 1257455 1257455 log_tee.cpp:185] [2026-10-03T13:51:18Z INFO  cf_vhost_user_input] Created vhost-user daemon
log_tee(1257461)  W 10-03 22:51:18 1257461 1257461 log_tee.cpp:88] Log tags unsupported with abseil logging: wmediumd
log_tee(1257461)  D 10-03 22:51:18 1257461 1257461 log_tee.cpp:120] Starting to read from process wmediumd
run_cvd(1257441)  D 10-03 22:51:18 1257445 1257445 command.cc:323] Started (pid: 1257463): <HOST_TEMP_PATH>
run_cvd(1257441)  D 10-03 22:51:18 1257445 1257445 command.cc:325] -server_port=8443
run_cvd(1257441)  I 10-03 22:51:18 1257445 1257445 process_monitor.cc:260] Starting monitored subprocess: <HOST_TEMP_PATH>
run_cvd(1257441)  D 10-03 22:51:18 1257445 1257445 command.cc:323] Started (pid: 1257471): <HOST_TEMP_PATH>
run_cvd(1257441)  D 10-03 22:51:18 1257445 1257445 command.cc:325] 155
run_cvd(1257441)  I 10-03 22:51:18 1257445 1257445 process_monitor.cc:260] Starting monitored subprocess: <HOST_TEMP_PATH>
WARNING: All log messages before absl::InitializeLog() is called are written to STDERR
I0000 00:00:1791035478.603898 1257471 main.cpp:41] Connecting to WebRTC server...
I0000 00:00:1791035478.604070 1257471 main.cpp:45] Connected
run_cvd(1257441)  D 10-03 22:51:18 1257445 1257445 command.cc:323] Started (pid: 1257473): <HOST_TEMP_PATH>
run_cvd(1257441)  D 10-03 22:51:18 1257445 1257445 command.cc:325] --multitouch=true
run_cvd(1257441)  D 10-03 22:51:18 1257445 1257445 command.cc:325] -touch_fds=143
run_cvd(1257441)  D 10-03 22:51:18 1257445 1257445 command.cc:325] -rotary_fd=144
run_cvd(1257441)  D 10-03 22:51:18 1257445 1257445 command.cc:325] -keyboard_fd=145
run_cvd(1257441)  D 10-03 22:51:18 1257445 1257445 command.cc:325] -frame_server_fd=146
run_cvd(1257441)  D 10-03 22:51:18 1257445 1257445 command.cc:325] --audio_server_fd=147
run_cvd(1257441)  D 10-03 22:51:18 1257445 1257445 command.cc:325] --confui_in_fd=148
run_cvd(1257441)  D 10-03 22:51:18 1257445 1257445 command.cc:325] --confui_out_fd=149
run_cvd(1257441)  D 10-03 22:51:18 1257445 1257445 command.cc:325] -switches_fd=150
run_cvd(1257441)  D 10-03 22:51:18 1257445 1257445 command.cc:325] --command_fd=151
run_cvd(1257441)  D 10-03 22:51:18 1257445 1257445 command.cc:325] -kernel_log_events_fd=152
run_cvd(1257441)  D 10-03 22:51:18 1257445 1257445 command.cc:325] -client_dir=<HOST_TEMP_PATH>
run_cvd(1257441)  D 10-03 22:51:18 1257445 1257445 command.cc:325] -action_servers=cuttlefish_example_action_server:156
run_cvd(1257441)  D 10-03 22:51:18 1257445 1257445 command.cc:325] -sensors_fd=157
run_cvd(1257441)  I 10-03 22:51:18 1257445 1257445 process_monitor.cc:260] Starting monitored subprocess: <HOST_TEMP_PATH>
run_cvd(1257441)  D 10-03 22:51:18 1257445 1257445 command.cc:323] Started (pid: 1257474): <HOST_TEMP_PATH>
run_cvd(1257441)  D 10-03 22:51:18 1257445 1257445 command.cc:325] -grpc_uds_path=<HOST_TEMP_PATH>
run_cvd(1257441)  D 10-03 22:51:18 1257445 1257445 command.cc:325] -casimir_rf_path=<HOST_TEMP_PATH>
run_cvd(1257441)  I 10-03 22:51:18 1257445 1257445 process_monitor.cc:260] Starting monitored subprocess: <HOST_TEMP_PATH>
run_cvd(1257441)  D 10-03 22:51:18 1257445 1257445 command.cc:323] Started (pid: 1257475): <HOST_TEMP_PATH>
run_cvd(1257441)  D 10-03 22:51:18 1257445 1257445 command.cc:325] -grpc_uds_path=<HOST_TEMP_PATH>
run_cvd(1257441)  I 10-03 22:51:18 1257445 1257445 process_monitor.cc:260] Starting monitored subprocess: <HOST_TEMP_PATH>
run_cvd(1257441)  D 10-03 22:51:18 1257445 1257445 command.cc:323] Started (pid: 1257476): <HOST_TEMP_PATH>
run_cvd(1257441)  D 10-03 22:51:18 1257445 1257445 command.cc:325] --addresses=127.0.0.1:6520
run_cvd(1257441)  I 10-03 22:51:18 1257445 1257445 process_monitor.cc:260] Starting monitored subprocess: <HOST_TEMP_PATH>
run_cvd(1257441)  D 10-03 22:51:18 1257445 1257445 command.cc:323] Started (pid: 1257477): <HOST_TEMP_PATH>
run_cvd(1257441)  D 10-03 22:51:18 1257445 1257445 command.cc:325] --vhost_user_vsock=true
run_cvd(1257441)  D 10-03 22:51:18 1257445 1257445 command.cc:325] --events_fd=158
run_cvd(1257441)  D 10-03 22:51:18 1257445 1257445 command.cc:325] --start_event_id=5
run_cvd(1257441)  D 10-03 22:51:18 1257445 1257445 command.cc:325] --stop_event_id=11
run_cvd(1257441)  D 10-03 22:51:18 1257445 1257445 command.cc:325] --server_type=tcp
run_cvd(1257441)  D 10-03 22:51:18 1257445 1257445 command.cc:325] --server_tcp_port=6520
run_cvd(1257441)  D 10-03 22:51:18 1257445 1257445 command.cc:325] --client_type=vsock
run_cvd(1257441)  D 10-03 22:51:18 1257445 1257445 command.cc:325] --client_vsock_port=5555
run_cvd(1257441)  D 10-03 22:51:18 1257445 1257445 command.cc:325] --client_vsock_id=3
run_cvd(1257441)  D 10-03 22:51:18 1257445 1257445 command.cc:325] --label=adb
run_cvd(1257441)  I 10-03 22:51:18 1257445 1257445 process_monitor.cc:260] Starting monitored subprocess: <HOST_TEMP_PATH>
run_cvd(1257441)  D 10-03 22:51:18 1257445 1257445 command.cc:323] Started (pid: 1257478): <HOST_TEMP_PATH>
run_cvd(1257441)  D 10-03 22:51:18 1257445 1257445 command.cc:325] --events_fd=159
run_cvd(1257441)  D 10-03 22:51:18 1257445 1257445 command.cc:325] --start_event_id=11
run_cvd(1257441)  D 10-03 22:51:18 1257445 1257445 command.cc:325] --stop_event_id=5
run_cvd(1257441)  D 10-03 22:51:18 1257445 1257445 command.cc:325] --server_type=tcp
run_cvd(1257441)  D 10-03 22:51:18 1257445 1257445 command.cc:325] --server_tcp_port=6520
run_cvd(1257441)  D 10-03 22:51:18 1257445 1257445 command.cc:325] --client_type=tcp
run_cvd(1257441)  D 10-03 22:51:18 1257445 1257445 command.cc:325] --client_tcp_host=<EUI64_STYLE_IPV6>%cvd-ebr
run_cvd(1257441)  D 10-03 22:51:18 1257445 1257445 command.cc:325] --client_tcp_port=5554
run_cvd(1257441)  D 10-03 22:51:18 1257445 1257445 command.cc:325] --label=fastboot
run_cvd(1257441)  I 10-03 22:51:18 1257445 1257445 process_monitor.cc:260] Starting monitored subprocess: <HOST_TEMP_PATH>
log_tee(1257461)  D 10-03 22:51:18 1257461 1257461 log_tee.cpp:185] Input configuration file: <HOST_TEMP_PATH>
run_cvd(1257441)  D 10-03 22:51:18 1257445 1257445 command.cc:323] Started (pid: 1257480): <HOST_TEMP_PATH>
run_cvd(1257441)  D 10-03 22:51:18 1257445 1257445 command.cc:325] -fifo_out=74
run_cvd(1257441)  D 10-03 22:51:18 1257445 1257445 command.cc:325] -fifo_in=75
run_cvd(1257441)  D 10-03 22:51:18 1257445 1257445 command.cc:325] -data_path=<HOST_TEMP_PATH>
log_tee(1257461)  D 10-03 22:51:18 1257461 1257461 log_tee.cpp:185] #_if = 130
run_cvd(1257441)  D 10-03 22:51:18 1257445 1257445 command.cc:325] -buffer_size=1024
run_cvd(1257441)  I 10-03 22:51:18 1257445 1257445 process_monitor.cc:260] Starting monitored subprocess: <HOST_TEMP_PATH>
log_tee(1257461)  D 10-03 22:51:18 1257461 1257461 log_tee.cpp:185] Added station 0: <MAC>
log_tee(1257461)  D 10-03 22:51:18 1257461 1257461 log_tee.cpp:185] Added station 1: <MAC>
log_tee(1257461)  D 10-03 22:51:18 1257461 1257461 log_tee.cpp:185] Added station 2: <MAC>
log_tee(1257461)  D 10-03 22:51:18 1257461 1257461 log_tee.cpp:185] Added station 3: <MAC>
socket_vsock_proxy(1257477)  W 10-03 22:51:18 1257477 1257477 socket_vsock_proxy.cpp:266] Log tags unsupported with abseil logging: adb
socket_vsock_proxy(1257477)  D 10-03 22:51:18 1257477 1257477 socket_vsock_proxy.cpp:196] Start reading events to start/stop proxying
adb_connector(1257476)  D 10-03 22:51:18 1257476 1257482 adb_connection_maintainer.cpp:223] Attempting to connect to device with address 127.0.0.1:6520
run_cvd(1257441)  D 10-03 22:51:18 1257445 1257445 command.cc:323] Started (pid: 1257481): <HOST_TEMP_PATH>
run_cvd(1257441)  D 10-03 22:51:18 1257445 1257445 command.cc:325] --grpc_uds_path=<HOST_TEMP_PATH>
run_cvd(1257441)  D 10-03 22:51:18 1257445 1257445 command.cc:325] --grpc_socket_path=<HOST_TEMP_PATH>
run_cvd(1257441)  I 10-03 22:51:18 1257445 1257445 process_monitor.cc:260] Starting monitored subprocess: <HOST_TEMP_PATH>
run_cvd(1257441)  D 10-03 22:51:18 1257445 1257445 command.cc:323] Started (pid: 1257483): <HOST_TEMP_PATH>
run_cvd(1257441)  D 10-03 22:51:18 1257445 1257445 command.cc:325] --grpc_uds_path=<HOST_TEMP_PATH>
run_cvd(1257441)  I 10-03 22:51:18 1257445 1257445 process_monitor.cc:260] Starting monitored subprocess: <HOST_TEMP_PATH>
socket_vsock_proxy(1257478)  W 10-03 22:51:18 1257478 1257478 socket_vsock_proxy.cpp:266] Log tags unsupported with abseil logging: fastboot
socket_vsock_proxy(1257478)  D 10-03 22:51:18 1257478 1257478 socket_vsock_proxy.cpp:196] Start reading events to start/stop proxying
adb_connector(1257476)  D 10-03 22:51:18 1257476 1257482 adb_connection_maintainer.cpp:227] adb connect message for 127.0.0.1:6520 successfully sent
run_cvd(1257441)  D 10-03 22:51:18 1257445 1257445 command.cc:323] Started (pid: 1257484): <HOST_TEMP_PATH>
run_cvd(1257441)  D 10-03 22:51:18 1257445 1257445 command.cc:325] --gnss_in_fd=80
run_cvd(1257441)  D 10-03 22:51:18 1257445 1257445 command.cc:325] --gnss_out_fd=81
run_cvd(1257441)  D 10-03 22:51:18 1257445 1257445 command.cc:325] --fixed_location_in_fd=82
run_cvd(1257441)  D 10-03 22:51:18 1257445 1257445 command.cc:325] --fixed_location_out_fd=83
run_cvd(1257441)  D 10-03 22:51:18 1257445 1257445 command.cc:325] --gnss_grpc_socket=<HOST_TEMP_PATH>
run_cvd(1257441)  D 10-03 22:51:18 1257445 1257445 command.cc:325] --gnss_grpc_port=7200
run_cvd(1257441)  I 10-03 22:51:18 1257445 1257445 process_monitor.cc:260] Starting monitored subprocess: <HOST_TEMP_PATH>
run_cvd(1257441)  D 10-03 22:51:18 1257445 1257445 command.cc:323] Started (pid: 1257509): <HOST_TEMP_PATH>
run_cvd(1257441)  D 10-03 22:51:18 1257445 1257445 command.cc:325] -log_pipe_fd=69
run_cvd(1257441)  I 10-03 22:51:18 1257445 1257445 process_monitor.cc:260] Starting monitored subprocess: <HOST_TEMP_PATH>
log_tee(1257461)  D 10-03 22:51:18 1257461 1257461 log_tee.cpp:185] Added station 4: <MAC>
log_tee(1257461)  D 10-03 22:51:18 1257461 1257461 log_tee.cpp:185] Added station 5: <MAC>
log_tee(1257461)  D 10-03 22:51:18 1257461 1257461 log_tee.cpp:185] Added station 6: <MAC>
log_tee(1257461)  D 10-03 22:51:18 1257461 1257461 log_tee.cpp:185] Added station 7: <MAC>
log_tee(1257461)  D 10-03 22:51:18 1257461 1257461 log_tee.cpp:185] Added station 8: <MAC>
log_tee(1257461)  D 10-03 22:51:18 1257461 1257461 log_tee.cpp:185] Added station 9: <MAC>
log_tee(1257461)  D 10-03 22:51:18 1257461 1257461 log_tee.cpp:185] Added station 10: <MAC>
log_tee(1257461)  D 10-03 22:51:18 1257461 1257461 log_tee.cpp:185] Added station 11: <MAC>
log_tee(1257461)  D 10-03 22:51:18 1257461 1257461 log_tee.cpp:185] Added station 12: <MAC>
log_tee(1257461)  D 10-03 22:51:18 1257461 1257461 log_tee.cpp:185] Added station 13: <MAC>
log_tee(1257461)  D 10-03 22:51:18 1257461 1257461 log_tee.cpp:185] Added station 14: <MAC>
log_tee(1257461)  D 10-03 22:51:18 1257461 1257461 log_tee.cpp:185] Added station 15: <MAC>
log_tee(1257461)  D 10-03 22:51:18 1257461 1257461 log_tee.cpp:185] Added station 16: <MAC>
log_tee(1257461)  D 10-03 22:51:18 1257461 1257461 log_tee.cpp:185] Added station 17: <MAC>
log_tee(1257461)  D 10-03 22:51:18 1257461 1257461 log_tee.cpp:185] Added station 18: <MAC>
log_tee(1257461)  D 10-03 22:51:18 1257461 1257461 log_tee.cpp:185] Added station 19: <MAC>
log_tee(1257461)  D 10-03 22:51:18 1257461 1257461 log_tee.cpp:185] Added station 20: <MAC>
log_tee(1257461)  D 10-03 22:51:18 1257461 1257461 log_tee.cpp:185] Added station 21: <MAC>
log_tee(1257461)  D 10-03 22:51:18 1257461 1257461 log_tee.cpp:185] Added station 22: <MAC>
log_tee(1257461)  D 10-03 22:51:18 1257461 1257461 log_tee.cpp:185] Added station 23: <MAC>
log_tee(1257461)  D 10-03 22:51:18 1257461 1257461 log_tee.cpp:185] Added station 24: <MAC>
log_tee(1257461)  D 10-03 22:51:18 1257461 1257461 log_tee.cpp:185] Added station 25: <MAC>
log_tee(1257461)  D 10-03 22:51:18 1257461 1257461 log_tee.cpp:185] Added station 26: <MAC>
log_tee(1257461)  D 10-03 22:51:18 1257461 1257461 log_tee.cpp:185] Added station 27: <MAC>
log_tee(1257461)  D 10-03 22:51:18 1257461 1257461 log_tee.cpp:185] Added station 28: <MAC>
log_tee(1257461)  D 10-03 22:51:18 1257461 1257461 log_tee.cpp:185] Added station 29: <MAC>
log_tee(1257461)  D 10-03 22:51:18 1257461 1257461 log_tee.cpp:185] Added station 30: <MAC>
log_tee(1257461)  D 10-03 22:51:18 1257461 1257461 log_tee.cpp:185] Added station 31: <MAC>
log_tee(1257461)  D 10-03 22:51:18 1257461 1257461 log_tee.cpp:185] Added station 32: <MAC>
log_tee(1257461)  D 10-03 22:51:18 1257461 1257461 log_tee.cpp:185] Added station 33: <MAC>
log_tee(1257461)  D 10-03 22:51:18 1257461 1257461 log_tee.cpp:185] Added station 34: <MAC>
log_tee(1257461)  D 10-03 22:51:18 1257461 1257461 log_tee.cpp:185] Added station 35: <MAC>
log_tee(1257461)  D 10-03 22:51:18 1257461 1257461 log_tee.cpp:185] Added station 36: <MAC>
log_tee(1257461)  D 10-03 22:51:18 1257461 1257461 log_tee.cpp:185] Added station 37: <MAC>
log_tee(1257461)  D 10-03 22:51:18 1257461 1257461 log_tee.cpp:185] Added station 38: <MAC>
log_tee(1257461)  D 10-03 22:51:18 1257461 1257461 log_tee.cpp:185] Added station 39: <MAC>
log_tee(1257461)  D 10-03 22:51:18 1257461 1257461 log_tee.cpp:185] Added station 40: <MAC>
log_tee(1257461)  D 10-03 22:51:18 1257461 1257461 log_tee.cpp:185] Added station 41: <MAC>
log_tee(1257461)  D 10-03 22:51:18 1257461 1257461 log_tee.cpp:185] Added station 42: <MAC>
log_tee(1257461)  D 10-03 22:51:18 1257461 1257461 log_tee.cpp:185] Added station 43: <MAC>
log_tee(1257461)  D 10-03 22:51:18 1257461 1257461 log_tee.cpp:185] Added station 44: <MAC>
log_tee(1257461)  D 10-03 22:51:18 1257461 1257461 log_tee.cpp:185] Added station 45: <MAC>
log_tee(1257461)  D 10-03 22:51:18 1257461 1257461 log_tee.cpp:185] Added station 46: <MAC>
log_tee(1257461)  D 10-03 22:51:18 1257461 1257461 log_tee.cpp:185] Added station 47: <MAC>
log_tee(1257461)  D 10-03 22:51:18 1257461 1257461 log_tee.cpp:185] Added station 48: <MAC>
log_tee(1257461)  D 10-03 22:51:18 1257461 1257461 log_tee.cpp:185] Added station 49: <MAC>
log_tee(1257461)  D 10-03 22:51:18 1257461 1257461 log_tee.cpp:185] Added station 50: <MAC>
log_tee(1257461)  D 10-03 22:51:18 1257461 1257461 log_tee.cpp:185] Added station 51: <MAC>
log_tee(1257461)  D 10-03 22:51:18 1257461 1257461 log_tee.cpp:185] Added station 52: <MAC>
log_tee(1257461)  D 10-03 22:51:18 1257461 1257461 log_tee.cpp:185] Added station 53: <MAC>
log_tee(1257461)  D 10-03 22:51:18 1257461 1257461 log_tee.cpp:185] Added station 54: <MAC>
log_tee(1257461)  D 10-03 22:51:18 1257461 1257461 log_tee.cpp:185] Added station 55: <MAC>
log_tee(1257461)  D 10-03 22:51:18 1257461 1257461 log_tee.cpp:185] Added station 56: <MAC>
log_tee(1257461)  D 10-03 22:51:18 1257461 1257461 log_tee.cpp:185] Added station 57: <MAC>
log_tee(1257461)  D 10-03 22:51:18 1257461 1257461 log_tee.cpp:185] Added station 58: <MAC>
log_tee(1257461)  D 10-03 22:51:18 1257461 1257461 log_tee.cpp:185] Added station 59: <MAC>
log_tee(1257461)  D 10-03 22:51:18 1257461 1257461 log_tee.cpp:185] Added station 60: <MAC>
log_tee(1257461)  D 10-03 22:51:18 1257461 1257461 log_tee.cpp:185] Added station 61: <MAC>
log_tee(1257461)  D 10-03 22:51:18 1257461 1257461 log_tee.cpp:185] Added station 62: <MAC>
log_tee(1257461)  D 10-03 22:51:18 1257461 1257461 log_tee.cpp:185] Added station 63: <MAC>
log_tee(1257461)  D 10-03 22:51:18 1257461 1257461 log_tee.cpp:185] Added station 64: <MAC>
log_tee(1257461)  D 10-03 22:51:18 1257461 1257461 log_tee.cpp:185] Added station 65: <MAC>
log_tee(1257461)  D 10-03 22:51:18 1257461 1257461 log_tee.cpp:185] Added station 66: <MAC>
log_tee(1257461)  D 10-03 22:51:18 1257461 1257461 log_tee.cpp:185] Added station 67: <MAC>
log_tee(1257461)  D 10-03 22:51:18 1257461 1257461 log_tee.cpp:185] Added station 68: <MAC>
log_tee(1257461)  D 10-03 22:51:18 1257461 1257461 log_tee.cpp:185] Added station 69: <MAC>
log_tee(1257461)  D 10-03 22:51:18 1257461 1257461 log_tee.cpp:185] Added station 70: <MAC>
log_tee(1257461)  D 10-03 22:51:18 1257461 1257461 log_tee.cpp:185] Added station 71: <MAC>
log_tee(1257461)  D 10-03 22:51:18 1257461 1257461 log_tee.cpp:185] Added station 72: <MAC>
log_tee(1257461)  D 10-03 22:51:18 1257461 1257461 log_tee.cpp:185] Added station 73: <MAC>
log_tee(1257461)  D 10-03 22:51:18 1257461 1257461 log_tee.cpp:185] Added station 74: <MAC>
log_tee(1257461)  D 10-03 22:51:18 1257461 1257461 log_tee.cpp:185] Added station 75: <MAC>
log_tee(1257461)  D 10-03 22:51:18 1257461 1257461 log_tee.cpp:185] Added station 76: <MAC>
log_tee(1257461)  D 10-03 22:51:18 1257461 1257461 log_tee.cpp:185] Added station 77: <MAC>
log_tee(1257461)  D 10-03 22:51:18 1257461 1257461 log_tee.cpp:185] Added station 78: <MAC>
log_tee(1257461)  D 10-03 22:51:18 1257461 1257461 log_tee.cpp:185] Added station 79: <MAC>
log_tee(1257461)  D 10-03 22:51:18 1257461 1257461 log_tee.cpp:185] Added station 80: <MAC>
log_tee(1257461)  D 10-03 22:51:18 1257461 1257461 log_tee.cpp:185] Added station 81: <MAC>
log_tee(1257461)  D 10-03 22:51:18 1257461 1257461 log_tee.cpp:185] Added station 82: <MAC>
log_tee(1257461)  D 10-03 22:51:18 1257461 1257461 log_tee.cpp:185] Added station 83: <MAC>
log_tee(1257461)  D 10-03 22:51:18 1257461 1257461 log_tee.cpp:185] Added station 84: <MAC>
log_tee(1257461)  D 10-03 22:51:18 1257461 1257461 log_tee.cpp:185] Added station 85: <MAC>
log_tee(1257461)  D 10-03 22:51:18 1257461 1257461 log_tee.cpp:185] Added station 86: <MAC>
log_tee(1257461)  D 10-03 22:51:18 1257461 1257461 log_tee.cpp:185] Added station 87: <MAC>
log_tee(1257461)  D 10-03 22:51:18 1257461 1257461 log_tee.cpp:185] Added station 88: <MAC>
log_tee(1257461)  D 10-03 22:51:18 1257461 1257461 log_tee.cpp:185] Added station 89: <MAC>
log_tee(1257461)  D 10-03 22:51:18 1257461 1257461 log_tee.cpp:185] Added station 90: <MAC>
log_tee(1257461)  D 10-03 22:51:18 1257461 1257461 log_tee.cpp:185] Added station 91: <MAC>
log_tee(1257461)  D 10-03 22:51:18 1257461 1257461 log_tee.cpp:185] Added station 92: <MAC>
log_tee(1257461)  D 10-03 22:51:18 1257461 1257461 log_tee.cpp:185] Added station 93: <MAC>
log_tee(1257461)  D 10-03 22:51:18 1257461 1257461 log_tee.cpp:185] Added station 94: <MAC>
log_tee(1257461)  D 10-03 22:51:18 1257461 1257461 log_tee.cpp:185] Added station 95: <MAC>
log_tee(1257461)  D 10-03 22:51:18 1257461 1257461 log_tee.cpp:185] Added station 96: <MAC>
log_tee(1257461)  D 10-03 22:51:18 1257461 1257461 log_tee.cpp:185] Added station 97: <MAC>
log_tee(1257461)  D 10-03 22:51:18 1257461 1257461 log_tee.cpp:185] Added station 98: <MAC>
log_tee(1257461)  D 10-03 22:51:18 1257461 1257461 log_tee.cpp:185] Added station 99: <MAC>
log_tee(1257461)  D 10-03 22:51:18 1257461 1257461 log_tee.cpp:185] Added station 100: <MAC>
log_tee(1257461)  D 10-03 22:51:18 1257461 1257461 log_tee.cpp:185] Added station 101: <MAC>
log_tee(1257461)  D 10-03 22:51:18 1257461 1257461 log_tee.cpp:185] Added station 102: <MAC>
log_tee(1257461)  D 10-03 22:51:18 1257461 1257461 log_tee.cpp:185] Added station 103: <MAC>
log_tee(1257461)  D 10-03 22:51:18 1257461 1257461 log_tee.cpp:185] Added station 104: <MAC>
log_tee(1257461)  D 10-03 22:51:18 1257461 1257461 log_tee.cpp:185] Added station 105: <MAC>
log_tee(1257461)  D 10-03 22:51:18 1257461 1257461 log_tee.cpp:185] Added station 106: <MAC>
log_tee(1257461)  D 10-03 22:51:18 1257461 1257461 log_tee.cpp:185] Added station 107: <MAC>
log_tee(1257461)  D 10-03 22:51:18 1257461 1257461 log_tee.cpp:185] Added station 108: <MAC>
log_tee(1257461)  D 10-03 22:51:18 1257461 1257461 log_tee.cpp:185] Added station 109: <MAC>
log_tee(1257461)  D 10-03 22:51:18 1257461 1257461 log_tee.cpp:185] Added station 110: <MAC>
log_tee(1257461)  D 10-03 22:51:18 1257461 1257461 log_tee.cpp:185] Added station 111: <MAC>
log_tee(1257461)  D 10-03 22:51:18 1257461 1257461 log_tee.cpp:185] Added station 112: <MAC>
log_tee(1257461)  D 10-03 22:51:18 1257461 1257461 log_tee.cpp:185] Added station 113: <MAC>
log_tee(1257461)  D 10-03 22:51:18 1257461 1257461 log_tee.cpp:185] Added station 114: <MAC>
log_tee(1257461)  D 10-03 22:51:18 1257461 1257461 log_tee.cpp:185] Added station 115: <MAC>
log_tee(1257461)  D 10-03 22:51:18 1257461 1257461 log_tee.cpp:185] Added station 116: <MAC>
log_tee(1257461)  D 10-03 22:51:18 1257461 1257461 log_tee.cpp:185] Added station 117: <MAC>
log_tee(1257461)  D 10-03 22:51:18 1257461 1257461 log_tee.cpp:185] Added station 118: <MAC>
log_tee(1257461)  D 10-03 22:51:18 1257461 1257461 log_tee.cpp:185] Added station 119: <MAC>
log_tee(1257461)  D 10-03 22:51:18 1257461 1257461 log_tee.cpp:185] Added station 120: <MAC>
log_tee(1257461)  D 10-03 22:51:18 1257461 1257461 log_tee.cpp:185] Added station 121: <MAC>
log_tee(1257461)  D 10-03 22:51:18 1257461 1257461 log_tee.cpp:185] Added station 122: <MAC>
log_tee(1257461)  D 10-03 22:51:18 1257461 1257461 log_tee.cpp:185] Added station 123: <MAC>
log_tee(1257461)  D 10-03 22:51:18 1257461 1257461 log_tee.cpp:185] Added station 124: <MAC>
log_tee(1257461)  D 10-03 22:51:18 1257461 1257461 log_tee.cpp:185] Added station 125: <MAC>
log_tee(1257461)  D 10-03 22:51:18 1257461 1257461 log_tee.cpp:185] Added station 126: <MAC>
log_tee(1257461)  D 10-03 22:51:18 1257461 1257461 log_tee.cpp:185] Added station 127: <MAC>
log_tee(1257461)  D 10-03 22:51:18 1257461 1257461 log_tee.cpp:185] Added station 128: <MAC>
log_tee(1257461)  D 10-03 22:51:18 1257461 1257461 log_tee.cpp:185] Added station 129: <MAC>
run_cvd(1257441)  D 10-03 22:51:18 1257445 1257445 command.cc:323] Started (pid: 1257511): <HOST_TEMP_PATH>
run_cvd(1257441)  D 10-03 22:51:18 1257445 1257445 command.cc:325] -log_pipe_fd=160
run_cvd(1257441)  D 10-03 22:51:18 1257445 1257445 command.cc:325] -subscriber_fds=161,162,163,164,165,166
log_tee(1257461)  D 10-03 22:51:18 1257461 1257461 log_tee.cpp:185] Server listening on unix:<HOST_TEMP_PATH>
run_cvd(1257441)  I 10-03 22:51:18 1257445 1257445 process_monitor.cc:260] Starting monitored subprocess: <HOST_TEMP_PATH>
run_cvd(1257441)  D 10-03 22:51:18 1257445 1257445 command.cc:323] Started (pid: 1257512): <HOST_TEMP_PATH>
run_cvd(1257441)  D 10-03 22:51:18 1257445 1257445 command.cc:325] --grpc_uds_path=<HOST_TEMP_PATH>
run_cvd(1257441)  D 10-03 22:51:18 1257445 1257445 command.cc:325] --bridged_wifi_tap=0
Server listening on unix:<HOST_TEMP_PATH>
run_cvd(1257441)  D 10-03 22:51:18 1257445 1257445 command.cc:325] --webrtc_device_id=apkrun_target_wug3f7-1-1
run_cvd(1257441)  D 10-03 22:51:18 1257445 1257445 command.cc:325] --launcher_log_path=<HOST_TEMP_PATH>
run_cvd(1257441)  D 10-03 22:51:18 1257445 1257445 command.cc:325] --openwrt_log_path=<HOST_TEMP_PATH>
run_cvd(1257441)  I 10-03 22:51:18 1257445 1257445 process_monitor.cc:260] Starting monitored subprocess: <HOST_TEMP_PATH>
WARNING: All log messages before absl::InitializeLog() is called are written to STDERR
W0000 00:00:1791035478.611001 1257473 nvenc_capabilities.cpp:37] NVENC capabilities: NVENC not available
I0000 00:00:1791035478.611062 1257473 encoder_provider_registry.cpp:32] Encoder provider nvenc_av1 not available, skipping registration
I0000 00:00:1791035478.611078 1257473 decoder_provider_registry.cpp:37] Registering decoder provider: builtin (priority=0)
I0000 00:00:1791035478.611095 1257473 encoder_provider_registry.cpp:37] Registering encoder provider: builtin (priority=0)
run_cvd(1257441)  D 10-03 22:51:18 1257445 1257445 command.cc:323] Started (pid: 1257514): <HOST_TEMP_PATH>
run_cvd(1257441)  D 10-03 22:51:18 1257445 1257445 command.cc:325] --process_name=casimir
run_cvd(1257441)  D 10-03 22:51:18 1257445 1257445 command.cc:325] --log_fd_in=104
run_cvd(1257441)  I 10-03 22:51:18 1257445 1257445 process_monitor.cc:260] Starting monitored subprocess: <HOST_TEMP_PATH>
run_cvd(1257441)  D 10-03 22:51:18 1257445 1257445 command.cc:323] Started (pid: 1257518): <HOST_TEMP_PATH>
run_cvd(1257441)  D 10-03 22:51:18 1257445 1257445 command.cc:325] -when_killed
run_cvd(1257441)  D 10-03 22:51:18 1257445 1257445 command.cc:325] -when_dumped
run_cvd(1257441)  D 10-03 22:51:18 1257445 1257445 command.cc:325] -when_exited_with_failure
run_cvd(1257441)  D 10-03 22:51:18 1257445 1257445 command.cc:325] --
run_cvd(1257441)  D 10-03 22:51:18 1257445 1257445 command.cc:325] <HOST_TEMP_PATH>
run_cvd(1257441)  D 10-03 22:51:18 1257445 1257445 command.cc:325] --nci-unix-fd
run_cvd(1257441)  D 10-03 22:51:18 1257445 1257445 command.cc:325] 99
run_cvd(1257441)  D 10-03 22:51:18 1257445 1257445 command.cc:325] --rf-unix-fd
run_cvd(1257441)  D 10-03 22:51:18 1257445 1257445 command.cc:325] 100
run_cvd(1257441)  I 10-03 22:51:18 1257445 1257445 process_monitor.cc:260] Starting monitored subprocess: <HOST_TEMP_PATH>
run_cvd(1257441)  D 10-03 22:51:18 1257445 1257445 command.cc:323] Started (pid: 1257524): <HOST_TEMP_PATH>
run_cvd(1257441)  D 10-03 22:51:18 1257445 1257445 command.cc:325] -s
run_cvd(1257441)  D 10-03 22:51:18 1257445 1257445 command.cc:325] {"devices":[{"name":"0.0.0.0:6520","chips":[{"kind":"BLUETOOTH","fdIn":167,"fdOut":168},{"kind":"UWB","fdIn":169,"fdOut":170}],"device_info":{"name":"0.0.0.0:6520", "kind":"CUTTLEFISH"}}]}
run_cvd(1257441)  D 10-03 22:51:18 1257445 1257445 command.cc:325] --hci_port=7300
run_cvd(1257441)  D 10-03 22:51:18 1257445 1257445 command.cc:325] --instance_num=1
run_cvd(1257441)  I 10-03 22:51:18 1257445 1257445 process_monitor.cc:260] Starting monitored subprocess: <HOST_TEMP_PATH>
gnss_grpc_proxy(1257484)  D 10-03 22:51:18 1257484 1257484 gnss_grpc_proxy.cpp:470] Starting gnss grpc proxy server...
run_cvd(1257441)  D 10-03 22:51:18 1257445 1257445 command.cc:323] Started (pid: 1257526): <HOST_TEMP_PATH>
run_cvd(1257441)  D 10-03 22:51:18 1257445 1257445 command.cc:325] --server_type=vsock
run_cvd(1257441)  D 10-03 22:51:18 1257445 1257445 command.cc:325] --server_vsock_port=7300
run_cvd(1257441)  D 10-03 22:51:18 1257445 1257445 command.cc:325] --server_vsock_id=3
run_cvd(1257441)  D 10-03 22:51:18 1257445 1257445 command.cc:325] --client_type=tcp
run_cvd(1257441)  D 10-03 22:51:18 1257445 1257445 command.cc:325] --client_tcp_host=127.0.0.1
run_cvd(1257441)  D 10-03 22:51:18 1257445 1257445 command.cc:325] --client_tcp_port=7300
run_cvd(1257441)  D 10-03 22:51:18 1257445 1257445 command.cc:325] --vhost_user_vsock=true
run_cvd(1257441)  I 10-03 22:51:18 1257445 1257445 process_monitor.cc:260] Starting monitored subprocess: <HOST_TEMP_PATH>
log_tee(1257514)  W 10-03 22:51:18 1257514 1257514 log_tee.cpp:88] Log tags unsupported with abseil logging: casimir
log_tee(1257514)  D 10-03 22:51:18 1257514 1257514 log_tee.cpp:120] Starting to read from process casimir
run_cvd(1257441)  D 10-03 22:51:18 1257445 1257445 command.cc:323] Started (pid: 1257530): <HOST_TEMP_PATH>
run_cvd(1257441)  D 10-03 22:51:18 1257445 1257445 command.cc:325] --server_type=vsock
run_cvd(1257441)  D 10-03 22:51:18 1257445 1257445 command.cc:325] --server_vsock_port=7500
run_cvd(1257441)  D 10-03 22:51:18 1257445 1257445 command.cc:325] --server_vsock_id=3
run_cvd(1257441)  D 10-03 22:51:18 1257445 1257445 command.cc:325] --client_type=tcp
run_cvd(1257441)  D 10-03 22:51:18 1257445 1257445 command.cc:325] --client_tcp_host=127.0.0.1
run_cvd(1257441)  D 10-03 22:51:18 1257445 1257445 command.cc:325] --client_tcp_port=7500
run_cvd(1257441)  D 10-03 22:51:18 1257445 1257445 command.cc:325] --vhost_user_vsock=true
run_cvd(1257441)  I 10-03 22:51:18 1257445 1257445 process_monitor.cc:260] Starting monitored subprocess: <HOST_TEMP_PATH>
screen_recording_server(1257475)  D 10-03 22:51:18 1257475 1257475 main.cpp:115] Server listening on unix:<HOST_TEMP_PATH>
socket_vsock_proxy(1257530)  W 10-03 22:51:18 1257530 1257530 socket_vsock_proxy.cpp:266] Log tags unsupported with abseil logging: socket_vsock_proxy
socket_vsock_proxy(1257530)  D 10-03 22:51:18 1257530 1257530 socket_vsock_proxy.cpp:248] Starting proxy
webRTC(1257473)  I 10-03 22:51:18 1257473 1257533 wayland_server.cpp:78] WaylandServer running on socket 13
process_restarter(1257518)  D 10-03 22:51:18 1257518 1257518 command.cc:323] Started (pid: 1257538): <HOST_TEMP_PATH>
process_restarter(1257518)  D 10-03 22:51:18 1257518 1257518 command.cc:325] --nci-unix-fd
process_restarter(1257518)  D 10-03 22:51:18 1257518 1257518 command.cc:325] 99
process_restarter(1257518)  D 10-03 22:51:18 1257518 1257518 command.cc:325] --rf-unix-fd
process_restarter(1257518)  D 10-03 22:51:18 1257518 1257518 command.cc:325] 100
Server listening on unix:<HOST_TEMP_PATH>
socket_vsock_proxy(1257526)  W 10-03 22:51:18 1257526 1257526 socket_vsock_proxy.cpp:266] Log tags unsupported with abseil logging: socket_vsock_proxy
socket_vsock_proxy(1257526)  D 10-03 22:51:18 1257526 1257526 socket_vsock_proxy.cpp:248] Starting proxy
gnss_grpc_proxy(1257484)  D 10-03 22:51:18 1257484 1257484 gnss_grpc_proxy.cpp:454] Server listening on port 7200
gnss_grpc_proxy(1257484)  D 10-03 22:51:18 1257484 1257484 gnss_grpc_proxy.cpp:457] Server listening on at <HOST_TEMP_PATH>
run_cvd(1257441)  D 10-03 22:51:18 1257445 1257445 command.cc:323] Started (pid: 1257532): <HOST_TEMP_PATH>
run_cvd(1257441)  D 10-03 22:51:18 1257445 1257445 command.cc:325] -confui_server_fd=25
run_cvd(1257441)  D 10-03 22:51:18 1257445 1257445 command.cc:325] -snapshot_control_fd=26
run_cvd(1257441)  D 10-03 22:51:18 1257445 1257445 command.cc:325] --undefok=weaver_fd_out,weaver_fd_in,weaver_storage_path
run_cvd(1257441)  D 10-03 22:51:18 1257445 1257445 command.cc:325] -keymaster_fd_out=39
run_cvd(1257441)  D 10-03 22:51:18 1257445 1257445 command.cc:325] -keymaster_fd_in=40
run_cvd(1257441)  D 10-03 22:51:18 1257445 1257445 command.cc:325] -gatekeeper_fd_out=41
run_cvd(1257441)  D 10-03 22:51:18 1257445 1257445 command.cc:325] -gatekeeper_fd_in=42
run_cvd(1257441)  D 10-03 22:51:18 1257445 1257445 command.cc:325] -oemlock_fd_out=43
run_cvd(1257441)  D 10-03 22:51:18 1257445 1257445 command.cc:325] -oemlock_fd_in=44
run_cvd(1257441)  D 10-03 22:51:18 1257445 1257445 command.cc:325] -keymint_fd_out=45
run_cvd(1257441)  D 10-03 22:51:18 1257445 1257445 command.cc:325] -keymint_fd_in=46
run_cvd(1257441)  D 10-03 22:51:18 1257445 1257445 command.cc:325] -jcardsim_fd_out=47
run_cvd(1257441)  D 10-03 22:51:18 1257445 1257445 command.cc:325] -jcardsim_fd_in=48
run_cvd(1257441)  D 10-03 22:51:18 1257445 1257445 command.cc:325] -weaver_fd_out=49
run_cvd(1257441)  D 10-03 22:51:18 1257445 1257445 command.cc:325] -weaver_fd_in=50
run_cvd(1257441)  D 10-03 22:51:18 1257445 1257445 command.cc:325] -weaver_storage_path=<HOST_TEMP_PATH>
run_cvd(1257441)  D 10-03 22:51:18 1257445 1257445 command.cc:325] -keymint_impl=software
run_cvd(1257441)  D 10-03 22:51:18 1257445 1257445 command.cc:325] -gatekeeper_impl=software
run_cvd(1257441)  D 10-03 22:51:18 1257445 1257445 command.cc:325] -oemlock_impl=tpm
run_cvd(1257441)  D 10-03 22:51:18 1257445 1257445 command.cc:325] -kernel_events_fd=51
run_cvd(1257441)  D 10-03 22:51:18 1257445 1257445 command.cc:325] --enable_jcard_simulator=false
run_cvd(1257441)  I 10-03 22:51:18 1257445 1257445 process_monitor.cc:260] Starting monitored subprocess: <HOST_TEMP_PATH>
log_tee(1257514)  D 10-03 22:51:18 1257514 1257514 log_tee.cpp:185] [2026-10-03T13:51:18Z INFO  casimir] Listening for NCI connections on fd 99
log_tee(1257514)  D 10-03 22:51:18 1257514 1257514 log_tee.cpp:185] [2026-10-03T13:51:18Z INFO  casimir] Listening for RF connections on fd 100
log_tee(1257514)  D 10-03 22:51:18 1257514 1257514 log_tee.cpp:185] [2026-10-03T13:51:18Z INFO  casimir] Incoming NCI connection from (unnamed)
log_tee(1257514)  D 10-03 22:51:18 1257514 1257514 log_tee.cpp:185] [2026-10-03T13:51:18Z INFO  casimir] Accepted NCI connection from (unnamed) in slot 0
run_cvd(1257441)  D 10-03 22:51:18 1257445 1257445 command.cc:323] Started (pid: 1257583): <HOST_TEMP_PATH>
run_cvd(1257441)  D 10-03 22:51:18 1257445 1257445 command.cc:325] --control_from_guest_fd=91
run_cvd(1257441)  D 10-03 22:51:18 1257445 1257445 command.cc:325] --control_to_guest_fd=92
run_cvd(1257441)  D 10-03 22:51:18 1257445 1257445 command.cc:325] --data_from_guest_fd=93
run_cvd(1257441)  D 10-03 22:51:18 1257445 1257445 command.cc:325] --data_to_guest_fd=94
run_cvd(1257441)  D 10-03 22:51:18 1257445 1257445 command.cc:325] --webrtc_fd=95
run_cvd(1257441)  D 10-03 22:51:18 1257445 1257445 command.cc:325] -kernel_events_fd=96
run_cvd(1257441)  D 10-03 22:51:18 1257445 1257445 command.cc:325] --device_type=1
run_cvd(1257441)  I 10-03 22:51:18 1257445 1257445 process_monitor.cc:260] Starting monitored subprocess: <HOST_TEMP_PATH>
[2026/10/03 22:51:18:6162] N: lws_create_context: LWS: 4.3.0, NET CLI SRV H1 H2 WS ConMon IPv6-absent
run_cvd(1257441)  D 10-03 22:51:18 1257445 1257445 command.cc:323] Started (pid: 1257585): <HOST_TEMP_PATH>
run_cvd(1257441)  D 10-03 22:51:18 1257445 1257445 command.cc:325] --process_name=openwrt
run_cvd(1257441)  D 10-03 22:51:18 1257445 1257445 command.cc:325] --log_fd_in=174
run_cvd(1257441)  I 10-03 22:51:18 1257445 1257445 process_monitor.cc:260] Starting monitored subprocess: <HOST_TEMP_PATH>
Server listening on unix:<HOST_TEMP_PATH>
run_cvd(1257441)  D 10-03 22:51:18 1257445 1257445 command.cc:323] Started (pid: 1257587): <HOST_TEMP_PATH>
run_cvd(1257441)  D 10-03 22:51:18 1257445 1257445 command.cc:325] -when_exited_with_code=32
run_cvd(1257441)  D 10-03 22:51:18 1257445 1257445 command.cc:325] -ignore_sigtstp
run_cvd(1257441)  D 10-03 22:51:18 1257445 1257445 command.cc:325] --
run_cvd(1257441)  D 10-03 22:51:18 1257445 1257445 command.cc:325] <HOST_TEMP_PATH>
run_cvd(1257441)  D 10-03 22:51:18 1257445 1257445 command.cc:325] --extended-status
run_cvd(1257441)  D 10-03 22:51:18 1257445 1257445 command.cc:325] run
run_cvd(1257441)  D 10-03 22:51:18 1257445 1257445 command.cc:325] --socket=<HOST_TEMP_PATH>
run_cvd(1257441)  D 10-03 22:51:18 1257445 1257445 command.cc:325] --no-usb
run_cvd(1257441)  D 10-03 22:51:18 1257445 1257445 command.cc:325] --core-scheduling=false
run_cvd(1257441)  D 10-03 22:51:18 1257445 1257445 command.cc:325] --vhost-user=mac80211-hwsim,socket=<HOST_TEMP_PATH>
run_cvd(1257441)  D 10-03 22:51:18 1257445 1257445 command.cc:325] --net=tap-name=cvd-wifiap-01
run_cvd(1257441)  D 10-03 22:51:18 1257445 1257445 command.cc:325] --disable-sandbox
run_cvd(1257441)  D 10-03 22:51:18 1257445 1257445 command.cc:325] --block=path=<HOST_TEMP_PATH>
run_cvd(1257441)  D 10-03 22:51:18 1257445 1257445 command.cc:325] --serial=hardware=serial,num=1,type=file,path=<HOST_PATH>/crosvm_openwrt_boot.log,earlycon=true
run_cvd(1257441)  D 10-03 22:51:18 1257445 1257445 command.cc:325] --serial=hardware=virtio-console,num=1,type=file,path=<HOST_PATH>/crosvm_openwrt.log
run_cvd(1257441)  D 10-03 22:51:18 1257445 1257445 command.cc:325] --params="root=/dev/vda1"
run_cvd(1257441)  D 10-03 22:51:18 1257445 1257445 command.cc:325] --params=wan_broadcast=192.168.94.3
run_cvd(1257441)  D 10-03 22:51:18 1257445 1257445 command.cc:325] --params=wan_gateway=192.168.94.1
run_cvd(1257441)  D 10-03 22:51:18 1257445 1257445 command.cc:325] --params=wan_ipaddr=192.168.94.2
run_cvd(1257441)  D 10-03 22:51:18 1257445 1257445 command.cc:325] --params=bridged_wifi_tap=false
run_cvd(1257441)  D 10-03 22:51:18 1257445 1257445 command.cc:325] --params=webrtc_device_id=apkrun_target_wug3f7-1-1
run_cvd(1257441)  D 10-03 22:51:18 1257445 1257445 command.cc:325] <HOST_TEMP_PATH>
run_cvd(1257441)  I 10-03 22:51:18 1257445 1257445 process_monitor.cc:260] Starting monitored subprocess: <HOST_TEMP_PATH>
log_tee(1257585)  W 10-03 22:51:18 1257585 1257585 log_tee.cpp:88] Log tags unsupported with abseil logging: openwrt
log_tee(1257585)  D 10-03 22:51:18 1257585 1257585 log_tee.cpp:120] Starting to read from process openwrt
run_cvd(1257441)  D 10-03 22:51:18 1257445 1257445 command.cc:323] Started (pid: 1257589): <HOST_TEMP_PATH>
run_cvd(1257441)  D 10-03 22:51:18 1257445 1257445 command.cc:325] --process_name=crosvm
run_cvd(1257441)  D 10-03 22:51:18 1257445 1257445 command.cc:325] --log_fd_in=176
run_cvd(1257441)  I 10-03 22:51:18 1257445 1257445 process_monitor.cc:260] Starting monitored subprocess: <HOST_TEMP_PATH>
log_tee(1257448)  D 10-03 22:51:18 1257448 1257448 log_tee.cpp:185] [WARN  vhost_device_vsock::vhu_vsock] Received a backend event before vring initialization
process_restarter(1257587)  D 10-03 22:51:18 1257587 1257587 command.cc:323] Started (pid: 1257593): <HOST_TEMP_PATH>
process_restarter(1257587)  D 10-03 22:51:18 1257587 1257587 command.cc:325] --extended-status
process_restarter(1257587)  D 10-03 22:51:18 1257587 1257587 command.cc:325] run
process_restarter(1257587)  D 10-03 22:51:18 1257587 1257587 command.cc:325] --socket=<HOST_TEMP_PATH>
process_restarter(1257587)  D 10-03 22:51:18 1257587 1257587 command.cc:325] --no-usb
process_restarter(1257587)  D 10-03 22:51:18 1257587 1257587 command.cc:325] --core-scheduling=false
process_restarter(1257587)  D 10-03 22:51:18 1257587 1257587 command.cc:325] --vhost-user=mac80211-hwsim,socket=<HOST_TEMP_PATH>
process_restarter(1257587)  D 10-03 22:51:18 1257587 1257587 command.cc:325] --net=tap-name=cvd-wifiap-01
run_cvd(1257441)  D 10-03 22:51:18 1257445 1257445 command.cc:323] Started (pid: 1257594): <HOST_TEMP_PATH>
process_restarter(1257587)  D 10-03 22:51:18 1257587 1257587 command.cc:325] --disable-sandbox
process_restarter(1257587)  D 10-03 22:51:18 1257587 1257587 command.cc:325] --block=path=<HOST_TEMP_PATH>
run_cvd(1257441)  D 10-03 22:51:18 1257445 1257445 command.cc:325] -when_exited_with_code=32
process_restarter(1257587)  D 10-03 22:51:18 1257587 1257587 command.cc:325] --serial=hardware=serial,num=1,type=file,path=<HOST_PATH>/crosvm_openwrt_boot.log,earlycon=true
run_cvd(1257441)  D 10-03 22:51:18 1257445 1257445 command.cc:325] -ignore_sigtstp
process_restarter(1257587)  D 10-03 22:51:18 1257587 1257587 command.cc:325] --serial=hardware=virtio-console,num=1,type=file,path=<HOST_PATH>/crosvm_openwrt.log
process_restarter(1257587)  D 10-03 22:51:18 1257587 1257587 command.cc:325] --params="root=/dev/vda1"
process_restarter(1257587)  D 10-03 22:51:18 1257587 1257587 command.cc:325] --params=wan_broadcast=192.168.94.3
process_restarter(1257587)  D 10-03 22:51:18 1257587 1257587 command.cc:325] --params=wan_gateway=192.168.94.1
process_restarter(1257587)  D 10-03 22:51:18 1257587 1257587 command.cc:325] --params=wan_ipaddr=192.168.94.2
process_restarter(1257587)  D 10-03 22:51:18 1257587 1257587 command.cc:325] --params=bridged_wifi_tap=false
process_restarter(1257587)  D 10-03 22:51:18 1257587 1257587 command.cc:325] --params=webrtc_device_id=apkrun_target_wug3f7-1-1
process_restarter(1257587)  D 10-03 22:51:18 1257587 1257587 command.cc:325] <HOST_TEMP_PATH>
run_cvd(1257441)  D 10-03 22:51:18 1257445 1257445 command.cc:325] --
run_cvd(1257441)  D 10-03 22:51:18 1257445 1257445 command.cc:325] <HOST_TEMP_PATH>
run_cvd(1257441)  D 10-03 22:51:18 1257445 1257445 command.cc:325] --extended-status
run_cvd(1257441)  D 10-03 22:51:18 1257445 1257445 command.cc:325] run
run_cvd(1257441)  D 10-03 22:51:18 1257445 1257445 command.cc:325] --socket=<HOST_TEMP_PATH>
run_cvd(1257441)  D 10-03 22:51:18 1257445 1257445 command.cc:325] --no-smt
run_cvd(1257441)  D 10-03 22:51:18 1257445 1257445 command.cc:325] --no-usb
run_cvd(1257441)  D 10-03 22:51:18 1257445 1257445 command.cc:325] --core-scheduling=false
run_cvd(1257441)  D 10-03 22:51:18 1257445 1257445 command.cc:325] --vhost-user-connect-timeout-ms=30000
run_cvd(1257441)  D 10-03 22:51:18 1257445 1257445 command.cc:325] --vhost-user=mac80211-hwsim,socket=<HOST_TEMP_PATH>
run_cvd(1257441)  D 10-03 22:51:18 1257445 1257445 command.cc:325] --wayland-sock=<HOST_TEMP_PATH>
run_cvd(1257441)  D 10-03 22:51:18 1257445 1257445 command.cc:325] --gpu=displays=[[mode=windowed[720,1348],dpi=[280,280],refresh-rate=60]],backend=2D,pci-address=00:02.0
run_cvd(1257441)  D 10-03 22:51:18 1257445 1257445 command.cc:325] --pmem=path=<HOST_TEMP_PATH>
run_cvd(1257441)  D 10-03 22:51:18 1257445 1257445 command.cc:325] --mem=4096
run_cvd(1257441)  D 10-03 22:51:18 1257445 1257445 command.cc:325] --cpus=4
run_cvd(1257441)  D 10-03 22:51:18 1257445 1257445 command.cc:325] --block=path=<HOST_TEMP_PATH>,pci-address=00:13.0
run_cvd(1257441)  D 10-03 22:51:18 1257445 1257445 command.cc:325] --block=path=<HOST_TEMP_PATH>,pci-address=00:14.0
run_cvd(1257441)  D 10-03 22:51:18 1257445 1257445 command.cc:325] --block=path=<HOST_TEMP_PATH>,pci-address=00:15.0
run_cvd(1257441)  D 10-03 22:51:18 1257445 1257445 command.cc:325] --vhost-user=type=input,socket=<HOST_TEMP_PATH>,max-queue-size=256
run_cvd(1257441)  D 10-03 22:51:18 1257445 1257445 command.cc:325] --vhost-user=type=input,socket=<HOST_TEMP_PATH>,max-queue-size=256
run_cvd(1257441)  D 10-03 22:51:18 1257445 1257445 command.cc:325] --vhost-user=type=input,socket=<HOST_TEMP_PATH>,max-queue-size=256
run_cvd(1257441)  D 10-03 22:51:18 1257445 1257445 command.cc:325] --vhost-user=type=input,socket=<HOST_TEMP_PATH>,max-queue-size=256
run_cvd(1257441)  D 10-03 22:51:18 1257445 1257445 command.cc:325] --net=tap-name=cvd-mtap-01,mac=<MAC>,pci-address=00:01.1
run_cvd(1257441)  D 10-03 22:51:18 1257445 1257445 command.cc:325] --net=tap-name=cvd-etap-01,mac=<MAC>,pci-address=00:01.2
run_cvd(1257441)  D 10-03 22:51:18 1257445 1257445 command.cc:325] --pmem=path=<HOST_TEMP_PATH>
run_cvd(1257441)  D 10-03 22:51:18 1257445 1257445 command.cc:325] --pstore=path=<HOST_TEMP_PATH>,size=2097152
run_cvd(1257441)  D 10-03 22:51:18 1257445 1257445 command.cc:325] --disable-sandbox
run_cvd(1257441)  D 10-03 22:51:18 1257445 1257445 command.cc:325] --vhost-user=type=vsock,socket=<HOST_TEMP_PATH>,max-queue-size=256
run_cvd(1257441)  D 10-03 22:51:18 1257445 1257445 command.cc:325] --serial=hardware=virtio-console,num=1,type=file,path=<HOST_PATH>/kernel-log-pipe,console=true
run_cvd(1257441)  D 10-03 22:51:18 1257445 1257445 command.cc:325] --serial=hardware=serial,num=1,type=file,path=<HOST_PATH>/kernel-log-pipe,earlycon=true
run_cvd(1257441)  D 10-03 22:51:18 1257445 1257445 command.cc:325] --serial=hardware=virtio-console,num=2,type=sink
run_cvd(1257441)  D 10-03 22:51:18 1257445 1257445 command.cc:325] --serial=hardware=virtio-console,num=3,type=file,path=<HOST_PATH>/logcat-pipe
run_cvd(1257441)  D 10-03 22:51:18 1257445 1257445 command.cc:325] --serial=hardware=virtio-console,num=4,type=file,path=<HOST_PATH>/keymaster_fifo_vm.out,input=<HOST_PATH>/keymaster_fifo_vm.in
run_cvd(1257441)  D 10-03 22:51:18 1257445 1257445 command.cc:325] --serial=hardware=virtio-console,num=5,type=file,path=<HOST_PATH>/gatekeeper_fifo_vm.out,input=<HOST_PATH>/gatekeeper_fifo_vm.in
run_cvd(1257441)  D 10-03 22:51:18 1257445 1257445 command.cc:325] --serial=hardware=virtio-console,num=6,type=file,path=<HOST_PATH>/bt_fifo_vm.out,input=<HOST_PATH>/bt_fifo_vm.in
run_cvd(1257441)  D 10-03 22:51:18 1257445 1257445 command.cc:325] --serial=hardware=virtio-console,num=7,type=file,path=<HOST_PATH>/gnsshvc_fifo_vm.out,input=<HOST_PATH>/gnsshvc_fifo_vm.in
run_cvd(1257441)  D 10-03 22:51:18 1257445 1257445 command.cc:325] --serial=hardware=virtio-console,num=8,type=file,path=<HOST_PATH>/locationhvc_fifo_vm.out,input=<HOST_PATH>/locationhvc_fifo_vm.in
run_cvd(1257441)  D 10-03 22:51:18 1257445 1257445 command.cc:325] --serial=hardware=virtio-console,num=9,type=file,path=<HOST_PATH>/confui_fifo_vm.out,input=<HOST_PATH>/confui_fifo_vm.in
run_cvd(1257441)  D 10-03 22:51:18 1257445 1257445 command.cc:325] --serial=hardware=virtio-console,num=10,type=file,path=<HOST_PATH>/uwb_fifo_vm.out,input=<HOST_PATH>/uwb_fifo_vm.in
run_cvd(1257441)  D 10-03 22:51:18 1257445 1257445 command.cc:325] --serial=hardware=virtio-console,num=11,type=file,path=<HOST_PATH>/oemlock_fifo_vm.out,input=<HOST_PATH>/oemlock_fifo_vm.in
run_cvd(1257441)  D 10-03 22:51:18 1257445 1257445 command.cc:325] --serial=hardware=virtio-console,num=12,type=file,path=<HOST_PATH>/keymint_fifo_vm.out,input=<HOST_PATH>/keymint_fifo_vm.in
run_cvd(1257441)  D 10-03 22:51:18 1257445 1257445 command.cc:325] --serial=hardware=virtio-console,num=13,type=file,path=<HOST_PATH>/nfc_fifo_vm.out,input=<HOST_PATH>/nfc_fifo_vm.in
run_cvd(1257441)  D 10-03 22:51:18 1257445 1257445 command.cc:325] --serial=hardware=virtio-console,num=14,type=file,path=<HOST_PATH>/weaver_fifo_vm.out,input=<HOST_PATH>/weaver_fifo_vm.in
run_cvd(1257441)  D 10-03 22:51:18 1257445 1257445 command.cc:325] --serial=hardware=virtio-console,num=15,type=sink
run_cvd(1257441)  D 10-03 22:51:18 1257445 1257445 command.cc:325] --serial=hardware=virtio-console,num=16,type=sink
run_cvd(1257441)  D 10-03 22:51:18 1257445 1257445 command.cc:325] --serial=hardware=virtio-console,num=17,type=sink
run_cvd(1257441)  D 10-03 22:51:18 1257445 1257445 command.cc:325] --serial=hardware=virtio-console,num=18,type=sink
run_cvd(1257441)  D 10-03 22:51:18 1257445 1257445 command.cc:325] --serial=hardware=virtio-console,num=19,type=file,path=<HOST_PATH>/sensors_control_fifo_vm.out,input=<HOST_PATH>/sensors_control_fifo_vm.in
run_cvd(1257441)  D 10-03 22:51:18 1257445 1257445 command.cc:325] --serial=hardware=virtio-console,num=20,type=file,path=<HOST_PATH>/sensors_data_fifo_vm.out,input=<HOST_PATH>/sensors_data_fifo_vm.in
run_cvd(1257441)  D 10-03 22:51:18 1257445 1257445 command.cc:325] --sound=<HOST_TEMP_PATH>
run_cvd(1257441)  D 10-03 22:51:18 1257445 1257445 command.cc:325] --bios=<HOST_TEMP_PATH>
run_cvd(1257441)  D 10-03 22:51:18 1257445 1257603 process_monitor.cc:279] Waiting for a `stop` message from the parent
log_tee(1257589)  W 10-03 22:51:18 1257589 1257589 log_tee.cpp:88] Log tags unsupported with abseil logging: crosvm
log_tee(1257589)  D 10-03 22:51:18 1257589 1257589 log_tee.cpp:120] Starting to read from process crosvm
Server listening on unix:<HOST_TEMP_PATH>
netsimd I 10-03 13:51:18.620 external/+_repo_rules+android_tools_netsim/rust/daemon/src/rust_main.rs:99 - netsim artifacts path: <HOST_PATH>
netsimd I 10-03 13:51:18.620 external/+_repo_rules+android_tools_netsim/rust/daemon/src/rust_main.rs:102 - NetsimdArgs {
    fd_startup_str: Some(
        "{\"devices\":[{\"name\":\"0.0.0.0:6520\",\"chips\":[{\"kind\":\"BLUETOOTH\",\"fdIn\":167,\"fdOut\":168},{\"kind\":\"UWB\",\"fdIn\":169,\"fdOut\":170}],\"device_info\":{\"name\":\"0.0.0.0:6520\", \"kind\":\"CUTTLEFISH\"}}]}",
    ),
    no_cli_ui: false,
    no_web_ui: false,
    pcap: false,
    disable_address_reuse: false,
    hci_port: Some(
        7300,
    ),
    connector_instance: None,
    instance: Some(
        1,
    ),
    logtostderr: false,
    dev: false,
    forward_host_mdns: false,
    vsock: None,
    config: None,
    host_dns: None,
    http_proxy: None,
    wifi_tap: None,
    test_beacons: false,
    no_test_beacons: false,
    no_shutdown: false,
    verbose: false,
    version: false,
}
process_restarter(1257594)  D 10-03 22:51:18 1257594 1257594 command.cc:323] Started (pid: 1257615): <HOST_TEMP_PATH>
process_restarter(1257594)  D 10-03 22:51:18 1257594 1257594 command.cc:325] --extended-status
process_restarter(1257594)  D 10-03 22:51:18 1257594 1257594 command.cc:325] run
process_restarter(1257594)  D 10-03 22:51:18 1257594 1257594 command.cc:325] --socket=<HOST_TEMP_PATH>
process_restarter(1257594)  D 10-03 22:51:18 1257594 1257594 command.cc:325] --no-smt
process_restarter(1257594)  D 10-03 22:51:18 1257594 1257594 command.cc:325] --no-usb
process_restarter(1257594)  D 10-03 22:51:18 1257594 1257594 command.cc:325] --core-scheduling=false
process_restarter(1257594)  D 10-03 22:51:18 1257594 1257594 command.cc:325] --vhost-user-connect-timeout-ms=30000
process_restarter(1257594)  D 10-03 22:51:18 1257594 1257594 command.cc:325] --vhost-user=mac80211-hwsim,socket=<HOST_TEMP_PATH>
process_restarter(1257594)  D 10-03 22:51:18 1257594 1257594 command.cc:325] --wayland-sock=<HOST_TEMP_PATH>
process_restarter(1257594)  D 10-03 22:51:18 1257594 1257594 command.cc:325] --gpu=displays=[[mode=windowed[720,1348],dpi=[280,280],refresh-rate=60]],backend=2D,pci-address=00:02.0
process_restarter(1257594)  D 10-03 22:51:18 1257594 1257594 command.cc:325] --pmem=path=<HOST_TEMP_PATH>
process_restarter(1257594)  D 10-03 22:51:18 1257594 1257594 command.cc:325] --mem=4096
process_restarter(1257594)  D 10-03 22:51:18 1257594 1257594 command.cc:325] --cpus=4
process_restarter(1257594)  D 10-03 22:51:18 1257594 1257594 command.cc:325] --block=path=<HOST_TEMP_PATH>,pci-address=00:13.0
process_restarter(1257594)  D 10-03 22:51:18 1257594 1257594 command.cc:325] --block=path=<HOST_TEMP_PATH>,pci-address=00:14.0
process_restarter(1257594)  D 10-03 22:51:18 1257594 1257594 command.cc:325] --block=path=<HOST_TEMP_PATH>,pci-address=00:15.0
process_restarter(1257594)  D 10-03 22:51:18 1257594 1257594 command.cc:325] --vhost-user=type=input,socket=<HOST_TEMP_PATH>,max-queue-size=256
process_restarter(1257594)  D 10-03 22:51:18 1257594 1257594 command.cc:325] --vhost-user=type=input,socket=<HOST_TEMP_PATH>,max-queue-size=256
process_restarter(1257594)  D 10-03 22:51:18 1257594 1257594 command.cc:325] --vhost-user=type=input,socket=<HOST_TEMP_PATH>,max-queue-size=256
process_restarter(1257594)  D 10-03 22:51:18 1257594 1257594 command.cc:325] --vhost-user=type=input,socket=<HOST_TEMP_PATH>,max-queue-size=256
process_restarter(1257594)  D 10-03 22:51:18 1257594 1257594 command.cc:325] --net=tap-name=cvd-mtap-01,mac=<MAC>,pci-address=00:01.1
process_restarter(1257594)  D 10-03 22:51:18 1257594 1257594 command.cc:325] --net=tap-name=cvd-etap-01,mac=<MAC>,pci-address=00:01.2
process_restarter(1257594)  D 10-03 22:51:18 1257594 1257594 command.cc:325] --pmem=path=<HOST_TEMP_PATH>
process_restarter(1257594)  D 10-03 22:51:18 1257594 1257594 command.cc:325] --pstore=path=<HOST_TEMP_PATH>,size=2097152
process_restarter(1257594)  D 10-03 22:51:18 1257594 1257594 command.cc:325] --disable-sandbox
process_restarter(1257594)  D 10-03 22:51:18 1257594 1257594 command.cc:325] --vhost-user=type=vsock,socket=<HOST_TEMP_PATH>,max-queue-size=256
process_restarter(1257594)  D 10-03 22:51:18 1257594 1257594 command.cc:325] --serial=hardware=virtio-console,num=1,type=file,path=<HOST_PATH>/kernel-log-pipe,console=true
process_restarter(1257594)  D 10-03 22:51:18 1257594 1257594 command.cc:325] --serial=hardware=serial,num=1,type=file,path=<HOST_PATH>/kernel-log-pipe,earlycon=true
process_restarter(1257594)  D 10-03 22:51:18 1257594 1257594 command.cc:325] --serial=hardware=virtio-console,num=2,type=sink
process_restarter(1257594)  D 10-03 22:51:18 1257594 1257594 command.cc:325] --serial=hardware=virtio-console,num=3,type=file,path=<HOST_PATH>/logcat-pipe
process_restarter(1257594)  D 10-03 22:51:18 1257594 1257594 command.cc:325] --serial=hardware=virtio-console,num=4,type=file,path=<HOST_PATH>/keymaster_fifo_vm.out,input=<HOST_PATH>/keymaster_fifo_vm.in
process_restarter(1257594)  D 10-03 22:51:18 1257594 1257594 command.cc:325] --serial=hardware=virtio-console,num=5,type=file,path=<HOST_PATH>/gatekeeper_fifo_vm.out,input=<HOST_PATH>/gatekeeper_fifo_vm.in
process_restarter(1257594)  D 10-03 22:51:18 1257594 1257594 command.cc:325] --serial=hardware=virtio-console,num=6,type=file,path=<HOST_PATH>/bt_fifo_vm.out,input=<HOST_PATH>/bt_fifo_vm.in
process_restarter(1257594)  D 10-03 22:51:18 1257594 1257594 command.cc:325] --serial=hardware=virtio-console,num=7,type=file,path=<HOST_PATH>/gnsshvc_fifo_vm.out,input=<HOST_PATH>/gnsshvc_fifo_vm.in
process_restarter(1257594)  D 10-03 22:51:18 1257594 1257594 command.cc:325] --serial=hardware=virtio-console,num=8,type=file,path=<HOST_PATH>/locationhvc_fifo_vm.out,input=<HOST_PATH>/locationhvc_fifo_vm.in
process_restarter(1257594)  D 10-03 22:51:18 1257594 1257594 command.cc:325] --serial=hardware=virtio-console,num=9,type=file,path=<HOST_PATH>/confui_fifo_vm.out,input=<HOST_PATH>/confui_fifo_vm.in
process_restarter(1257594)  D 10-03 22:51:18 1257594 1257594 command.cc:325] --serial=hardware=virtio-console,num=10,type=file,path=<HOST_PATH>/uwb_fifo_vm.out,input=<HOST_PATH>/uwb_fifo_vm.in
process_restarter(1257594)  D 10-03 22:51:18 1257594 1257594 command.cc:325] --serial=hardware=virtio-console,num=11,type=file,path=<HOST_PATH>/oemlock_fifo_vm.out,input=<HOST_PATH>/oemlock_fifo_vm.in
process_restarter(1257594)  D 10-03 22:51:18 1257594 1257594 command.cc:325] --serial=hardware=virtio-console,num=12,type=file,path=<HOST_PATH>/keymint_fifo_vm.out,input=<HOST_PATH>/keymint_fifo_vm.in
process_restarter(1257594)  D 10-03 22:51:18 1257594 1257594 command.cc:325] --serial=hardware=virtio-console,num=13,type=file,path=<HOST_PATH>/nfc_fifo_vm.out,input=<HOST_PATH>/nfc_fifo_vm.in
process_restarter(1257594)  D 10-03 22:51:18 1257594 1257594 command.cc:325] --serial=hardware=virtio-console,num=14,type=file,path=<HOST_PATH>/weaver_fifo_vm.out,input=<HOST_PATH>/weaver_fifo_vm.in
process_restarter(1257594)  D 10-03 22:51:18 1257594 1257594 command.cc:325] --serial=hardware=virtio-console,num=15,type=sink
process_restarter(1257594)  D 10-03 22:51:18 1257594 1257594 command.cc:325] --serial=hardware=virtio-console,num=16,type=sink
process_restarter(1257594)  D 10-03 22:51:18 1257594 1257594 command.cc:325] --serial=hardware=virtio-console,num=17,type=sink
process_restarter(1257594)  D 10-03 22:51:18 1257594 1257594 command.cc:325] --serial=hardware=virtio-console,num=18,type=sink
process_restarter(1257594)  D 10-03 22:51:18 1257594 1257594 command.cc:325] --serial=hardware=virtio-console,num=19,type=file,path=<HOST_PATH>/sensors_control_fifo_vm.out,input=<HOST_PATH>/sensors_control_fifo_vm.in
process_restarter(1257594)  D 10-03 22:51:18 1257594 1257594 command.cc:325] --serial=hardware=virtio-console,num=20,type=file,path=<HOST_PATH>/sensors_data_fifo_vm.out,input=<HOST_PATH>/sensors_data_fifo_vm.in
process_restarter(1257594)  D 10-03 22:51:18 1257594 1257594 command.cc:325] --sound=<HOST_TEMP_PATH>
process_restarter(1257594)  D 10-03 22:51:18 1257594 1257594 command.cc:325] --bios=<HOST_TEMP_PATH>
[2026/10/03 22:51:18:6238] N: __lws_lc_tag:  ++ [wsi|0|pipe] (1)
[2026/10/03 22:51:18:6239] N: __lws_lc_tag:  ++ [vh|0|default|127.0.0.1|127.0.0.1|0] (1)
[2026/10/03 22:51:18:6242] N: [vh|0|default|127.0.0.1|127.0.0.1|0]: lws_socket_bind: source ads 127.0.0.1
[2026/10/03 22:51:18:6242] N: __lws_lc_tag:  ++ [wsi|1|listen|default|127.0.0.1|37417] (2)
webRTC(1257473)  I 10-03 22:51:18 1257473 1257473 lights_observer.cpp:68] Connection thread running
log_tee(1257448)  D 10-03 22:51:18 1257448 1257448 log_tee.cpp:185] [WARN  vhost_device_vsock::vhu_vsock] Received a backend event before vring initialization
webRTC(1257473)  I 10-03 22:51:18 1257473 1257473 peer_connection_utils.cpp:79] PeerConnectionFactory: 1 encoder format(s), 3 decoder format(s)
webRTC(1257473)  E 10-03 22:51:18 1257473 1257627 shared_fd.cpp:301] cannot connect to 3:6900
webRTC(1257473)  E 10-03 22:51:18 1257473 1257627 vsock_connection.cpp:224] Failed to connect:UNAVAILABLE: StrError(): Connection reset by peer
log_tee(1257585)  I 10-03 22:51:18 1257585 1257585 log_tee.cpp:174] [2026-10-03T13:51:18.624386636+00:00 INFO  crosvm__bin::crosvm::sys::linux::device_helpers] Trying to attach block device: <HOST_TEMP_PATH>
(adm_helpers.cc:48): Unable to access speaker.
log_tee(1257585)  D 10-03 22:51:18 1257585 1257585 log_tee.cpp:172] [2026-10-03T13:51:18.625411497+00:00 INFO  disk] disk size 327680
webRTC(1257473)  I 10-03 22:51:18 1257473 1257473 main.cpp:534] Connecting to custom action server cuttlefish_example_action_server
webRTC(1257473)  D 10-03 22:51:18 1257473 1257473 connection_observer.cpp:485] Action server is listening to command: settings
webRTC(1257473)  D 10-03 22:51:18 1257473 1257473 connection_observer.cpp:485] Action server is listening to command: alert
log_tee(1257585)  D 10-03 22:51:18 1257585 1257585 log_tee.cpp:172] [2026-10-03T13:51:18.626061055+00:00 INFO  disk] disk size 20480
webRTC(1257473)  D 10-03 22:51:18 1257473 1257473 host_utils.h:75] ConfUI: HalInputLoopthread started.
webRTC(1257473)  D 10-03 22:51:18 1257473 1257473 host_utils.h:75] ConfUI: MainLoopthread started.
webRTC(1257473)  D 10-03 22:51:18 1257473 1257473 host_server.cc:108] ConfUI: host service started.
log_tee(1257589)  D 10-03 22:51:18 1257589 1257589 log_tee.cpp:172] [2026-10-03T13:51:18.627840061+00:00 INFO  crosvm__bin::crosvm::sys::linux::device_helpers] Trying to attach block device: <HOST_TEMP_PATH>
log_tee(1257589)  D 10-03 22:51:18 1257589 1257589 log_tee.cpp:172] [2026-10-03T13:51:18.627896562+00:00 INFO  disk] disk size 327680
log_tee(1257589)  D 10-03 22:51:18 1257589 1257589 log_tee.cpp:172] [2026-10-03T13:51:18.627934855+00:00 INFO  disk] disk size 20480
log_tee(1257589)  D 10-03 22:51:18 1257589 1257589 log_tee.cpp:172] [2026-10-03T13:51:18.627950772+00:00 INFO  disk] disk size 67108864
log_tee(1257589)  D 10-03 22:51:18 1257589 1257589 log_tee.cpp:172] [2026-10-03T13:51:18.627961397+00:00 INFO  disk] disk size 67108864
log_tee(1257589)  D 10-03 22:51:18 1257589 1257589 log_tee.cpp:172] [2026-10-03T13:51:18.627970356+00:00 INFO  disk] disk size 1048576
log_tee(1257589)  D 10-03 22:51:18 1257589 1257589 log_tee.cpp:172] [2026-10-03T13:51:18.627977606+00:00 INFO  disk] disk size 8388608
log_tee(1257589)  D 10-03 22:51:18 1257589 1257589 log_tee.cpp:172] [2026-10-03T13:51:18.627988898+00:00 INFO  disk] disk size 8388608
log_tee(1257589)  D 10-03 22:51:18 1257589 1257589 log_tee.cpp:172] [2026-10-03T13:51:18.627999648+00:00 INFO  disk] disk size 67108864
log_tee(1257589)  D 10-03 22:51:18 1257589 1257589 log_tee.cpp:172] [2026-10-03T13:51:18.628006232+00:00 INFO  disk] disk size 1048576
log_tee(1257589)  D 10-03 22:51:18 1257589 1257589 log_tee.cpp:172] [2026-10-03T13:51:18.628015649+00:00 INFO  disk] disk size 8589934592
log_tee(1257589)  D 10-03 22:51:18 1257589 1257589 log_tee.cpp:172] [2026-10-03T13:51:18.628024649+00:00 INFO  disk] disk size 8589934592
log_tee(1257589)  D 10-03 22:51:18 1257589 1257589 log_tee.cpp:172] [2026-10-03T13:51:18.628035608+00:00 INFO  disk] disk size 65536
log_tee(1257589)  D 10-03 22:51:18 1257589 1257589 log_tee.cpp:172] [2026-10-03T13:51:18.628041816+00:00 INFO  disk] disk size 65536
log_tee(1257589)  D 10-03 22:51:18 1257589 1257589 log_tee.cpp:172] [2026-10-03T13:51:18.628050483+00:00 INFO  disk] disk size 65536
log_tee(1257589)  D 10-03 22:51:18 1257589 1257589 log_tee.cpp:172] [2026-10-03T13:51:18.628056441+00:00 INFO  disk] disk size 65536
log_tee(1257589)  D 10-03 22:51:18 1257589 1257589 log_tee.cpp:172] [2026-10-03T13:51:18.628065775+00:00 INFO  disk] disk size 65536
log_tee(1257589)  D 10-03 22:51:18 1257589 1257589 log_tee.cpp:172] [2026-10-03T13:51:18.628071734+00:00 INFO  disk] disk size 65536
log_tee(1257589)  D 10-03 22:51:18 1257589 1257589 log_tee.cpp:172] [2026-10-03T13:51:18.628079192+00:00 INFO  disk] disk size 65536
log_tee(1257589)  D 10-03 22:51:18 1257589 1257589 log_tee.cpp:172] [2026-10-03T13:51:18.628086192+00:00 INFO  disk] disk size 65536
log_tee(1257589)  D 10-03 22:51:18 1257589 1257589 log_tee.cpp:172] [2026-10-03T13:51:18.628092317+00:00 INFO  disk] disk size 67108864
log_tee(1257589)  D 10-03 22:51:18 1257589 1257589 log_tee.cpp:172] [2026-10-03T13:51:18.628098318+00:00 INFO  disk] disk size 67108864
log_tee(1257589)  D 10-03 22:51:18 1257589 1257589 log_tee.cpp:172] [2026-10-03T13:51:18.628108526+00:00 INFO  disk] disk size 45056
log_tee(1257589)  D 10-03 22:51:18 1257589 1257589 log_tee.cpp:172] [2026-10-03T13:51:18.628146277+00:00 INFO  crosvm__bin::crosvm::sys::linux::device_helpers] Trying to attach block device: <HOST_TEMP_PATH>
log_tee(1257589)  D 10-03 22:51:18 1257589 1257589 log_tee.cpp:172] [2026-10-03T13:51:18.628162111+00:00 INFO  disk] disk size 628
log_tee(1257589)  D 10-03 22:51:18 1257589 1257589 log_tee.cpp:172] [2026-10-03T13:51:18.628173986+00:00 INFO  disk] disk size 20480
log_tee(1257589)  D 10-03 22:51:18 1257589 1257589 log_tee.cpp:172] [2026-10-03T13:51:18.628183945+00:00 INFO  disk] disk size 73728
log_tee(1257589)  D 10-03 22:51:18 1257589 1257589 log_tee.cpp:172] [2026-10-03T13:51:18.628191695+00:00 INFO  disk] disk size 65536
log_tee(1257589)  D 10-03 22:51:18 1257589 1257589 log_tee.cpp:172] [2026-10-03T13:51:18.628198279+00:00 INFO  disk] disk size 1048576
log_tee(1257589)  D 10-03 22:51:18 1257589 1257589 log_tee.cpp:172] [2026-10-03T13:51:18.628207195+00:00 INFO  disk] disk size 73728
log_tee(1257589)  D 10-03 22:51:18 1257589 1257589 log_tee.cpp:172] [2026-10-03T13:51:18.628214487+00:00 INFO  disk] disk size 28672
log_tee(1257589)  D 10-03 22:51:18 1257589 1257589 log_tee.cpp:172] [2026-10-03T13:51:18.628223363+00:00 INFO  crosvm__bin::crosvm::sys::linux::device_helpers] Trying to attach block device: <HOST_TEMP_PATH>
log_tee(1257589)  D 10-03 22:51:18 1257589 1257589 log_tee.cpp:172] [2026-10-03T13:51:18.628229529+00:00 INFO  disk] disk size 2147483648
log_tee(1257585)  D 10-03 22:51:18 1257585 1257585 log_tee.cpp:172] [2026-10-03T13:51:18.626147349+00:00 INFO  disk] disk size 137625600
log_tee(1257585)  D 10-03 22:51:18 1257585 1257585 log_tee.cpp:172] [2026-10-03T13:51:18.626173433+00:00 INFO  disk] disk size 45056
webRTC(1257473)  D 10-03 22:51:18 1257473 1257635 server.cpp:229] VIRTIO_SND_PCM_INFO: start=0, count=2
webRTC(1257473)  D 10-03 22:51:18 1257473 1257635 server.cpp:316] VRTIO_SND_R_CHMAP_INFO: start_id=0, count=2
log_tee(1257460)  D 10-03 22:51:18 1257460 1257460 log_tee.cpp:185] [2026-10-03T13:51:18Z INFO  cf_vhost_user_input] Accepted connection in vhost-user daemon
log_tee(1257451)  D 10-03 22:51:18 1257451 1257451 log_tee.cpp:185] [2026-10-03T13:51:18Z INFO  cf_vhost_user_input] Accepted connection in vhost-user daemon
log_tee(1257453)  D 10-03 22:51:18 1257453 1257453 log_tee.cpp:185] [2026-10-03T13:51:18Z INFO  cf_vhost_user_input] Accepted connection in vhost-user daemon
log_tee(1257455)  D 10-03 22:51:18 1257455 1257455 log_tee.cpp:185] [2026-10-03T13:51:18Z INFO  cf_vhost_user_input] Accepted connection in vhost-user daemon
kernel_log_monitor(1257511)  I 10-03 22:51:18 1257511 1257511 kernel_log_server.cc:145] GUEST_UBOOT_VERSION: 2024.04-g3fe964757589-ab15108624 (Mar 27 2026 - 21:26:21 +0000)
kernel_log_monitor(1257511)  I 10-03 22:51:18 1257511 1257511 kernel_log_server.cc:155] U-Boot 20
secure_env(1257532)  D 10-03 22:51:18 1257532 1257570 secure_env_only_oemlock.cpp:112] secure_env detected guest reboot, restarting.
kernel_log_monitor(1257511)  I 10-03 22:51:18 1257511 1257511 kernel_log_server.cc:145] GUEST_UBOOT_VERSION: generated SMBIOS tables
webRTC(1257473)  E 10-03 22:51:19 1257473 1257627 shared_fd.cpp:301] cannot connect to 3:6900
webRTC(1257473)  E 10-03 22:51:19 1257473 1257627 vsock_connection.cpp:224] Failed to connect:UNAVAILABLE: StrError(): Connection reset by peer
log_tee(1257448)  D 10-03 22:51:19 1257448 1257448 log_tee.cpp:185] [WARN  vhost_device_vsock::vhu_vsock] Received a backend event before vring initialization
secure_env(1257532)  D 10-03 22:51:20 1257532 1257674 oemlock_responder.cpp:34] Receiving oemlock command
secure_env(1257532)  D 10-03 22:51:20 1257532 1257674 channel_sharedfd.cpp:55] Received message with id: 3
secure_env(1257532)  D 10-03 22:51:20 1257532 1257674 oemlock_responder.cpp:86] Sending oemlock response
secure_env(1257532)  D 10-03 22:51:20 1257532 1257674 oemlock_responder.cpp:34] Receiving oemlock command
secure_env(1257532)  D 10-03 22:51:20 1257532 1257674 channel_sharedfd.cpp:55] Received message with id: 3
secure_env(1257532)  D 10-03 22:51:20 1257532 1257674 oemlock_responder.cpp:86] Sending oemlock response
secure_env(1257532)  D 10-03 22:51:20 1257532 1257674 oemlock_responder.cpp:34] Receiving oemlock command
secure_env(1257532)  D 10-03 22:51:20 1257532 1257674 channel_sharedfd.cpp:55] Received message with id: 3
secure_env(1257532)  D 10-03 22:51:20 1257532 1257674 oemlock_responder.cpp:86] Sending oemlock response
webRTC(1257473)  E 10-03 22:51:20 1257473 1257627 shared_fd.cpp:301] cannot connect to 3:6900
webRTC(1257473)  E 10-03 22:51:20 1257473 1257627 vsock_connection.cpp:224] Failed to connect:UNAVAILABLE: StrError(): Connection reset by peer
log_tee(1257448)  D 10-03 22:51:20 1257448 1257448 log_tee.cpp:185] [WARN  vhost_device_vsock::vhu_vsock] Received a backend event before vring initialization
webRTC(1257473)  E 10-03 22:51:21 1257473 1257627 shared_fd.cpp:301] cannot connect to 3:6900
webRTC(1257473)  E 10-03 22:51:21 1257473 1257627 vsock_connection.cpp:224] Failed to connect:UNAVAILABLE: StrError(): Connection reset by peer
log_tee(1257448)  D 10-03 22:51:21 1257448 1257448 log_tee.cpp:185] [WARN  vhost_device_vsock::vhu_vsock] Received a backend event before vring initialization
webRTC(1257473)  E 10-03 22:51:22 1257473 1257627 shared_fd.cpp:301] cannot connect to 3:6900
webRTC(1257473)  E 10-03 22:51:22 1257473 1257627 vsock_connection.cpp:224] Failed to connect:UNAVAILABLE: StrError(): Connection reset by peer
log_tee(1257448)  D 10-03 22:51:22 1257448 1257448 log_tee.cpp:185] [WARN  vhost_device_vsock::vhu_vsock] Received a backend event before vring initialization
secure_env(1257532)  D 10-03 22:51:23 1257532 1257674 oemlock_responder.cpp:34] Receiving oemlock command
secure_env(1257532)  D 10-03 22:51:23 1257532 1257674 channel_sharedfd.cpp:55] Received message with id: 3
secure_env(1257532)  D 10-03 22:51:23 1257532 1257674 oemlock_responder.cpp:86] Sending oemlock response
secure_env(1257532)  D 10-03 22:51:23 1257532 1257674 oemlock_responder.cpp:34] Receiving oemlock command
secure_env(1257532)  D 10-03 22:51:23 1257532 1257674 channel_sharedfd.cpp:55] Received message with id: 3
secure_env(1257532)  D 10-03 22:51:23 1257532 1257674 oemlock_responder.cpp:86] Sending oemlock response
secure_env(1257532)  D 10-03 22:51:23 1257532 1257674 oemlock_responder.cpp:34] Receiving oemlock command
secure_env(1257532)  D 10-03 22:51:23 1257532 1257674 channel_sharedfd.cpp:55] Received message with id: 3
secure_env(1257532)  D 10-03 22:51:23 1257532 1257674 oemlock_responder.cpp:86] Sending oemlock response
adb_connector(1257476)  D 10-03 22:51:23 1257476 1257482 adb_connection_maintainer.cpp:234] adb connected to 127.0.0.1:6520
webRTC(1257473)  E 10-03 22:51:23 1257473 1257627 shared_fd.cpp:301] cannot connect to 3:6900
webRTC(1257473)  E 10-03 22:51:23 1257473 1257627 vsock_connection.cpp:224] Failed to connect:UNAVAILABLE: StrError(): Connection reset by peer
log_tee(1257448)  D 10-03 22:51:23 1257448 1257448 log_tee.cpp:185] [WARN  vhost_device_vsock::vhu_vsock] Received a backend event before vring initialization
webRTC(1257473)  E 10-03 22:51:24 1257473 1257627 shared_fd.cpp:301] cannot connect to 3:6900
webRTC(1257473)  E 10-03 22:51:24 1257473 1257627 vsock_connection.cpp:224] Failed to connect:UNAVAILABLE: StrError(): Connection reset by peer
log_tee(1257448)  D 10-03 22:51:24 1257448 1257448 log_tee.cpp:185] [WARN  vhost_device_vsock::vhu_vsock] Received a backend event before vring initialization
log_tee(1257448)  D 10-03 22:51:25 1257448 1257448 log_tee.cpp:185] [WARN  vhost_device_vsock::vhu_vsock] Received a backend event before vring initialization
webRTC(1257473)  E 10-03 22:51:25 1257473 1257627 shared_fd.cpp:301] cannot connect to 3:6900
webRTC(1257473)  E 10-03 22:51:25 1257473 1257627 vsock_connection.cpp:224] Failed to connect:UNAVAILABLE: StrError(): Connection reset by peer
webRTC(1257473)  E 10-03 22:51:26 1257473 1257627 shared_fd.cpp:301] cannot connect to 3:6900
webRTC(1257473)  E 10-03 22:51:26 1257473 1257627 vsock_connection.cpp:224] Failed to connect:UNAVAILABLE: StrError(): Connection reset by peer
log_tee(1257448)  D 10-03 22:51:26 1257448 1257448 log_tee.cpp:185] [WARN  vhost_device_vsock::vhu_vsock] Received a backend event before vring initialization
webRTC(1257473)  E 10-03 22:51:27 1257473 1257627 shared_fd.cpp:301] cannot connect to 3:6900
webRTC(1257473)  E 10-03 22:51:27 1257473 1257627 vsock_connection.cpp:224] Failed to connect:UNAVAILABLE: StrError(): Connection reset by peer
log_tee(1257448)  D 10-03 22:51:27 1257448 1257448 log_tee.cpp:185] [WARN  vhost_device_vsock::vhu_vsock] Received a backend event before vring initialization
adb_connector(1257476)  D 10-03 22:51:28 1257476 1257482 adb_connection_maintainer.cpp:241] Watching for disconnect on 127.0.0.1:6520
adb_connector(1257476)  W 10-03 22:51:28 1257476 1257482 adb_connection_maintainer.cpp:250] transport message failed, response body: device '127.0.0.1:6520' not found
adb_connector(1257476)  D 10-03 22:51:28 1257476 1257482 adb_connection_maintainer.cpp:285] Sending adb disconnect
webRTC(1257473)  E 10-03 22:51:28 1257473 1257627 shared_fd.cpp:301] cannot connect to 3:6900
webRTC(1257473)  E 10-03 22:51:28 1257473 1257627 vsock_connection.cpp:224] Failed to connect:UNAVAILABLE: StrError(): Connection reset by peer
log_tee(1257448)  D 10-03 22:51:28 1257448 1257448 log_tee.cpp:185] [WARN  vhost_device_vsock::vhu_vsock] Received a backend event before vring initialization
webRTC(1257473)  E 10-03 22:51:29 1257473 1257627 shared_fd.cpp:301] cannot connect to 3:6900
webRTC(1257473)  E 10-03 22:51:29 1257473 1257627 vsock_connection.cpp:224] Failed to connect:UNAVAILABLE: StrError(): Connection reset by peer
log_tee(1257448)  D 10-03 22:51:29 1257448 1257448 log_tee.cpp:185] [WARN  vhost_device_vsock::vhu_vsock] Received a backend event before vring initialization
webRTC(1257473)  E 10-03 22:51:30 1257473 1257627 shared_fd.cpp:301] cannot connect to 3:6900
webRTC(1257473)  E 10-03 22:51:30 1257473 1257627 vsock_connection.cpp:224] Failed to connect:UNAVAILABLE: StrError(): Connection reset by peer
log_tee(1257448)  D 10-03 22:51:30 1257448 1257448 log_tee.cpp:185] [WARN  vhost_device_vsock::vhu_vsock] Received a backend event before vring initialization
log_tee(1257448)  D 10-03 22:51:31 1257448 1257448 log_tee.cpp:185] [WARN  vhost_device_vsock::vhu_vsock] Received a backend event before vring initialization
webRTC(1257473)  E 10-03 22:51:31 1257473 1257627 shared_fd.cpp:301] cannot connect to 3:6900
webRTC(1257473)  E 10-03 22:51:31 1257473 1257627 vsock_connection.cpp:224] Failed to connect:UNAVAILABLE: StrError(): Connection reset by peer
webRTC(1257473)  E 10-03 22:51:32 1257473 1257627 shared_fd.cpp:301] cannot connect to 3:6900
webRTC(1257473)  E 10-03 22:51:32 1257473 1257627 vsock_connection.cpp:224] Failed to connect:UNAVAILABLE: StrError(): Connection reset by peer
log_tee(1257448)  D 10-03 22:51:32 1257448 1257448 log_tee.cpp:185] [WARN  vhost_device_vsock::vhu_vsock] Received a backend event before vring initialization
adb_connector(1257476)  D 10-03 22:51:33 1257476 1257482 adb_connection_maintainer.cpp:223] Attempting to connect to device with address 127.0.0.1:6520
adb_connector(1257476)  D 10-03 22:51:33 1257476 1257482 adb_connection_maintainer.cpp:227] adb connect message for 127.0.0.1:6520 successfully sent
webRTC(1257473)  E 10-03 22:51:33 1257473 1257627 shared_fd.cpp:301] cannot connect to 3:6900
webRTC(1257473)  E 10-03 22:51:33 1257473 1257627 vsock_connection.cpp:224] Failed to connect:UNAVAILABLE: StrError(): Connection reset by peer
log_tee(1257448)  D 10-03 22:51:33 1257448 1257448 log_tee.cpp:185] [WARN  vhost_device_vsock::vhu_vsock] Received a backend event before vring initialization
webRTC(1257473)  E 10-03 22:51:34 1257473 1257627 shared_fd.cpp:301] cannot connect to 3:6900
webRTC(1257473)  E 10-03 22:51:34 1257473 1257627 vsock_connection.cpp:224] Failed to connect:UNAVAILABLE: StrError(): Connection reset by peer
log_tee(1257448)  D 10-03 22:51:34 1257448 1257448 log_tee.cpp:185] [WARN  vhost_device_vsock::vhu_vsock] Received a backend event before vring initialization
webRTC(1257473)  E 10-03 22:51:35 1257473 1257627 shared_fd.cpp:301] cannot connect to 3:6900
webRTC(1257473)  E 10-03 22:51:35 1257473 1257627 vsock_connection.cpp:224] Failed to connect:UNAVAILABLE: StrError(): Connection reset by peer
log_tee(1257448)  D 10-03 22:51:35 1257448 1257448 log_tee.cpp:185] [WARN  vhost_device_vsock::vhu_vsock] Received a backend event before vring initialization
webRTC(1257473)  E 10-03 22:51:36 1257473 1257627 shared_fd.cpp:301] cannot connect to 3:6900
webRTC(1257473)  E 10-03 22:51:36 1257473 1257627 vsock_connection.cpp:224] Failed to connect:UNAVAILABLE: StrError(): Connection reset by peer
log_tee(1257448)  D 10-03 22:51:36 1257448 1257448 log_tee.cpp:185] [WARN  vhost_device_vsock::vhu_vsock] Received a backend event before vring initialization
webRTC(1257473)  E 10-03 22:51:37 1257473 1257627 shared_fd.cpp:301] cannot connect to 3:6900
webRTC(1257473)  E 10-03 22:51:37 1257473 1257627 vsock_connection.cpp:224] Failed to connect:UNAVAILABLE: StrError(): Connection reset by peer
log_tee(1257448)  D 10-03 22:51:37 1257448 1257448 log_tee.cpp:185] [WARN  vhost_device_vsock::vhu_vsock] Received a backend event before vring initialization
adb_connector(1257476)  D 10-03 22:51:38 1257476 1257482 adb_connection_maintainer.cpp:234] adb connected to 127.0.0.1:6520
webRTC(1257473)  E 10-03 22:51:38 1257473 1257627 shared_fd.cpp:301] cannot connect to 3:6900
webRTC(1257473)  E 10-03 22:51:38 1257473 1257627 vsock_connection.cpp:224] Failed to connect:UNAVAILABLE: StrError(): Connection reset by peer
log_tee(1257448)  D 10-03 22:51:38 1257448 1257448 log_tee.cpp:185] [WARN  vhost_device_vsock::vhu_vsock] Received a backend event before vring initialization
webRTC(1257473)  E 10-03 22:51:39 1257473 1257627 shared_fd.cpp:301] cannot connect to 3:6900
webRTC(1257473)  E 10-03 22:51:39 1257473 1257627 vsock_connection.cpp:224] Failed to connect:UNAVAILABLE: StrError(): Connection reset by peer
log_tee(1257448)  D 10-03 22:51:39 1257448 1257448 log_tee.cpp:185] [WARN  vhost_device_vsock::vhu_vsock] Received a backend event before vring initialization
webRTC(1257473)  E 10-03 22:51:40 1257473 1257627 shared_fd.cpp:301] cannot connect to 3:6900
webRTC(1257473)  E 10-03 22:51:40 1257473 1257627 vsock_connection.cpp:224] Failed to connect:UNAVAILABLE: StrError(): Connection reset by peer
log_tee(1257448)  D 10-03 22:51:40 1257448 1257448 log_tee.cpp:185] [WARN  vhost_device_vsock::vhu_vsock] Received a backend event before vring initialization
webRTC(1257473)  E 10-03 22:51:41 1257473 1257627 shared_fd.cpp:301] cannot connect to 3:6900
webRTC(1257473)  E 10-03 22:51:41 1257473 1257627 vsock_connection.cpp:224] Failed to connect:UNAVAILABLE: StrError(): Connection reset by peer
log_tee(1257448)  D 10-03 22:51:41 1257448 1257448 log_tee.cpp:185] [WARN  vhost_device_vsock::vhu_vsock] Received a backend event before vring initialization
log_tee(1257448)  D 10-03 22:51:42 1257448 1257448 log_tee.cpp:185] [WARN  vhost_device_vsock::vhu_vsock] Received a backend event before vring initialization
webRTC(1257473)  E 10-03 22:51:42 1257473 1257627 shared_fd.cpp:301] cannot connect to 3:6900
webRTC(1257473)  E 10-03 22:51:42 1257473 1257627 vsock_connection.cpp:224] Failed to connect:UNAVAILABLE: StrError(): Connection reset by peer
adb_connector(1257476)  D 10-03 22:51:43 1257476 1257482 adb_connection_maintainer.cpp:241] Watching for disconnect on 127.0.0.1:6520
adb_connector(1257476)  W 10-03 22:51:43 1257476 1257482 adb_connection_maintainer.cpp:250] transport message failed, response body: device '127.0.0.1:6520' not found
adb_connector(1257476)  D 10-03 22:51:43 1257476 1257482 adb_connection_maintainer.cpp:285] Sending adb disconnect
webRTC(1257473)  E 10-03 22:51:43 1257473 1257627 shared_fd.cpp:301] cannot connect to 3:6900
webRTC(1257473)  E 10-03 22:51:43 1257473 1257627 vsock_connection.cpp:224] Failed to connect:UNAVAILABLE: StrError(): Connection reset by peer
log_tee(1257448)  D 10-03 22:51:43 1257448 1257448 log_tee.cpp:185] [WARN  vhost_device_vsock::vhu_vsock] Received a backend event before vring initialization
webRTC(1257473)  E 10-03 22:51:44 1257473 1257627 shared_fd.cpp:301] cannot connect to 3:6900
webRTC(1257473)  E 10-03 22:51:44 1257473 1257627 vsock_connection.cpp:224] Failed to connect:UNAVAILABLE: StrError(): Connection reset by peer
log_tee(1257448)  D 10-03 22:51:44 1257448 1257448 log_tee.cpp:185] [WARN  vhost_device_vsock::vhu_vsock] Received a backend event before vring initialization
webRTC(1257473)  E 10-03 22:51:45 1257473 1257627 shared_fd.cpp:301] cannot connect to 3:6900
webRTC(1257473)  E 10-03 22:51:45 1257473 1257627 vsock_connection.cpp:224] Failed to connect:UNAVAILABLE: StrError(): Connection reset by peer
log_tee(1257448)  D 10-03 22:51:45 1257448 1257448 log_tee.cpp:185] [WARN  vhost_device_vsock::vhu_vsock] Received a backend event before vring initialization
webRTC(1257473)  E 10-03 22:51:46 1257473 1257627 shared_fd.cpp:301] cannot connect to 3:6900
webRTC(1257473)  E 10-03 22:51:46 1257473 1257627 vsock_connection.cpp:224] Failed to connect:UNAVAILABLE: StrError(): Connection reset by peer
log_tee(1257448)  D 10-03 22:51:46 1257448 1257448 log_tee.cpp:185] [WARN  vhost_device_vsock::vhu_vsock] Received a backend event before vring initialization
webRTC(1257473)  E 10-03 22:51:47 1257473 1257627 shared_fd.cpp:301] cannot connect to 3:6900
webRTC(1257473)  E 10-03 22:51:47 1257473 1257627 vsock_connection.cpp:224] Failed to connect:UNAVAILABLE: StrError(): Connection reset by peer
log_tee(1257448)  D 10-03 22:51:47 1257448 1257448 log_tee.cpp:185] [WARN  vhost_device_vsock::vhu_vsock] Received a backend event before vring initialization
adb_connector(1257476)  D 10-03 22:51:48 1257476 1257482 adb_connection_maintainer.cpp:223] Attempting to connect to device with address 127.0.0.1:6520
adb_connector(1257476)  D 10-03 22:51:48 1257476 1257482 adb_connection_maintainer.cpp:227] adb connect message for 127.0.0.1:6520 successfully sent
webRTC(1257473)  E 10-03 22:51:48 1257473 1257627 shared_fd.cpp:301] cannot connect to 3:6900
webRTC(1257473)  E 10-03 22:51:48 1257473 1257627 vsock_connection.cpp:224] Failed to connect:UNAVAILABLE: StrError(): Connection reset by peer
log_tee(1257448)  D 10-03 22:51:48 1257448 1257448 log_tee.cpp:185] [WARN  vhost_device_vsock::vhu_vsock] Received a backend event before vring initialization
webRTC(1257473)  E 10-03 22:51:49 1257473 1257627 shared_fd.cpp:301] cannot connect to 3:6900
webRTC(1257473)  E 10-03 22:51:49 1257473 1257627 vsock_connection.cpp:224] Failed to connect:UNAVAILABLE: StrError(): Connection reset by peer
log_tee(1257448)  D 10-03 22:51:49 1257448 1257448 log_tee.cpp:185] [WARN  vhost_device_vsock::vhu_vsock] Received a backend event before vring initialization
webRTC(1257473)  E 10-03 22:51:50 1257473 1257627 shared_fd.cpp:301] cannot connect to 3:6900
webRTC(1257473)  E 10-03 22:51:50 1257473 1257627 vsock_connection.cpp:224] Failed to connect:UNAVAILABLE: StrError(): Connection reset by peer
log_tee(1257448)  D 10-03 22:51:50 1257448 1257448 log_tee.cpp:185] [WARN  vhost_device_vsock::vhu_vsock] Received a backend event before vring initialization
webRTC(1257473)  E 10-03 22:51:51 1257473 1257627 shared_fd.cpp:301] cannot connect to 3:6900
webRTC(1257473)  E 10-03 22:51:51 1257473 1257627 vsock_connection.cpp:224] Failed to connect:UNAVAILABLE: StrError(): Connection reset by peer
log_tee(1257448)  D 10-03 22:51:51 1257448 1257448 log_tee.cpp:185] [WARN  vhost_device_vsock::vhu_vsock] Received a backend event before vring initialization
webRTC(1257473)  E 10-03 22:51:52 1257473 1257627 shared_fd.cpp:301] cannot connect to 3:6900
webRTC(1257473)  E 10-03 22:51:52 1257473 1257627 vsock_connection.cpp:224] Failed to connect:UNAVAILABLE: StrError(): Connection reset by peer
log_tee(1257448)  D 10-03 22:51:52 1257448 1257448 log_tee.cpp:185] [WARN  vhost_device_vsock::vhu_vsock] Received a backend event before vring initialization
log_tee(1257585)  I 10-03 22:51:53 1257585 1257585 log_tee.cpp:174] [2026-10-03T13:51:53.485663095+00:00 INFO  crosvm__bin::crosvm::sys::linux::vcpu] system reset event
log_tee(1257585)  I 10-03 22:51:53 1257585 1257585 log_tee.cpp:174] [2026-10-03T13:51:53.485905227+00:00 INFO  crosvm__bin::crosvm::sys::linux] vcpu requested reset
log_tee(1257585)  I 10-03 22:51:53 1257585 1257585 log_tee.cpp:174] [2026-10-03T13:51:53.485933852+00:00 ERROR crosvm__bin::crosvm::sys::linux::vcpu] failed to send VcpuControl: sending on a closed channel
adb_connector(1257476)  D 10-03 22:51:53 1257476 1257482 adb_connection_maintainer.cpp:234] adb connected to 127.0.0.1:6520
webRTC(1257473)  E 10-03 22:51:53 1257473 1257627 shared_fd.cpp:301] cannot connect to 3:6900
webRTC(1257473)  E 10-03 22:51:53 1257473 1257627 vsock_connection.cpp:224] Failed to connect:UNAVAILABLE: StrError(): Connection reset by peer
log_tee(1257448)  D 10-03 22:51:53 1257448 1257448 log_tee.cpp:185] [WARN  vhost_device_vsock::vhu_vsock] Received a backend event before vring initialization
webRTC(1257473)  E 10-03 22:51:54 1257473 1257627 shared_fd.cpp:301] cannot connect to 3:6900
log_tee(1257448)  D 10-03 22:51:54 1257448 1257448 log_tee.cpp:185] [WARN  vhost_device_vsock::vhu_vsock] Received a backend event before vring initialization
webRTC(1257473)  E 10-03 22:51:54 1257473 1257627 vsock_connection.cpp:224] Failed to connect:UNAVAILABLE: StrError(): Connection reset by peer
webRTC(1257473)  E 10-03 22:51:55 1257473 1257627 shared_fd.cpp:301] cannot connect to 3:6900
webRTC(1257473)  E 10-03 22:51:55 1257473 1257627 vsock_connection.cpp:224] Failed to connect:UNAVAILABLE: StrError(): Connection reset by peer
log_tee(1257448)  D 10-03 22:51:55 1257448 1257448 log_tee.cpp:185] [WARN  vhost_device_vsock::vhu_vsock] Received a backend event before vring initialization
log_tee(1257585)  I 10-03 22:51:56 1257585 1257585 log_tee.cpp:174] [2026-10-03T13:51:56.250376919+00:00 INFO  crosvm__bin] exiting with reset
process_restarter(1257587)  D 10-03 22:51:56 1257587 1257587 command.cc:323] Started (pid: 1258163): <HOST_TEMP_PATH>
process_restarter(1257587)  D 10-03 22:51:56 1257587 1257587 command.cc:325] --extended-status
process_restarter(1257587)  D 10-03 22:51:56 1257587 1257587 command.cc:325] run
process_restarter(1257587)  D 10-03 22:51:56 1257587 1257587 command.cc:325] --socket=<HOST_TEMP_PATH>
process_restarter(1257587)  D 10-03 22:51:56 1257587 1257587 command.cc:325] --no-usb
process_restarter(1257587)  D 10-03 22:51:56 1257587 1257587 command.cc:325] --core-scheduling=false
process_restarter(1257587)  D 10-03 22:51:56 1257587 1257587 command.cc:325] --vhost-user=mac80211-hwsim,socket=<HOST_TEMP_PATH>
process_restarter(1257587)  D 10-03 22:51:56 1257587 1257587 command.cc:325] --net=tap-name=cvd-wifiap-01
process_restarter(1257587)  D 10-03 22:51:56 1257587 1257587 command.cc:325] --disable-sandbox
process_restarter(1257587)  D 10-03 22:51:56 1257587 1257587 command.cc:325] --block=path=<HOST_TEMP_PATH>
process_restarter(1257587)  D 10-03 22:51:56 1257587 1257587 command.cc:325] --serial=hardware=serial,num=1,type=file,path=<HOST_PATH>/crosvm_openwrt_boot.log,earlycon=true
process_restarter(1257587)  D 10-03 22:51:56 1257587 1257587 command.cc:325] --serial=hardware=virtio-console,num=1,type=file,path=<HOST_PATH>/crosvm_openwrt.log
process_restarter(1257587)  D 10-03 22:51:56 1257587 1257587 command.cc:325] --params="root=/dev/vda1"
process_restarter(1257587)  D 10-03 22:51:56 1257587 1257587 command.cc:325] --params=wan_broadcast=192.168.94.3
process_restarter(1257587)  D 10-03 22:51:56 1257587 1257587 command.cc:325] --params=wan_gateway=192.168.94.1
process_restarter(1257587)  D 10-03 22:51:56 1257587 1257587 command.cc:325] --params=wan_ipaddr=192.168.94.2
process_restarter(1257587)  D 10-03 22:51:56 1257587 1257587 command.cc:325] --params=bridged_wifi_tap=false
process_restarter(1257587)  D 10-03 22:51:56 1257587 1257587 command.cc:325] --params=webrtc_device_id=apkrun_target_wug3f7-1-1
process_restarter(1257587)  D 10-03 22:51:56 1257587 1257587 command.cc:325] <HOST_TEMP_PATH>
log_tee(1257585)  D 10-03 22:51:56 1257585 1257585 log_tee.cpp:172] [2026-10-03T13:51:56.255823267+00:00 INFO  crosvm__bin::crosvm::sys::linux::device_helpers] Trying to attach block device: <HOST_TEMP_PATH>
log_tee(1257585)  D 10-03 22:51:56 1257585 1257585 log_tee.cpp:172] [2026-10-03T13:51:56.255895936+00:00 INFO  disk] disk size 9371648
log_tee(1257585)  D 10-03 22:51:56 1257585 1257585 log_tee.cpp:172] [2026-10-03T13:51:56.255929812+00:00 INFO  disk] disk size 20480
log_tee(1257585)  D 10-03 22:51:56 1257585 1257585 log_tee.cpp:172] [2026-10-03T13:51:56.255941770+00:00 INFO  disk] disk size 137625600
log_tee(1257585)  D 10-03 22:51:56 1257585 1257585 log_tee.cpp:172] [2026-10-03T13:51:56.255950062+00:00 INFO  disk] disk size 45056
webRTC(1257473)  E 10-03 22:51:56 1257473 1257627 shared_fd.cpp:301] cannot connect to 3:6900
webRTC(1257473)  E 10-03 22:51:56 1257473 1257627 vsock_connection.cpp:224] Failed to connect:UNAVAILABLE: StrError(): Connection reset by peer
log_tee(1257448)  D 10-03 22:51:56 1257448 1257448 log_tee.cpp:185] [WARN  vhost_device_vsock::vhu_vsock] Received a backend event before vring initialization
webRTC(1257473)  E 10-03 22:51:57 1257473 1257627 shared_fd.cpp:301] cannot connect to 3:6900
webRTC(1257473)  E 10-03 22:51:57 1257473 1257627 vsock_connection.cpp:224] Failed to connect:UNAVAILABLE: StrError(): Connection reset by peer
log_tee(1257448)  D 10-03 22:51:57 1257448 1257448 log_tee.cpp:185] [WARN  vhost_device_vsock::vhu_vsock] Received a backend event before vring initialization
adb_connector(1257476)  D 10-03 22:51:58 1257476 1257482 adb_connection_maintainer.cpp:241] Watching for disconnect on 127.0.0.1:6520
adb_connector(1257476)  W 10-03 22:51:58 1257476 1257482 adb_connection_maintainer.cpp:250] transport message failed, response body: device '127.0.0.1:6520' not found
adb_connector(1257476)  D 10-03 22:51:58 1257476 1257482 adb_connection_maintainer.cpp:285] Sending adb disconnect
webRTC(1257473)  E 10-03 22:51:58 1257473 1257627 shared_fd.cpp:301] cannot connect to 3:6900
webRTC(1257473)  E 10-03 22:51:58 1257473 1257627 vsock_connection.cpp:224] Failed to connect:UNAVAILABLE: StrError(): Connection reset by peer
log_tee(1257448)  D 10-03 22:51:58 1257448 1257448 log_tee.cpp:185] [WARN  vhost_device_vsock::vhu_vsock] Received a backend event before vring initialization
webRTC(1257473)  E 10-03 22:51:59 1257473 1257627 shared_fd.cpp:301] cannot connect to 3:6900
webRTC(1257473)  E 10-03 22:51:59 1257473 1257627 vsock_connection.cpp:224] Failed to connect:UNAVAILABLE: StrError(): Connection reset by peer
log_tee(1257448)  D 10-03 22:51:59 1257448 1257448 log_tee.cpp:185] [WARN  vhost_device_vsock::vhu_vsock] Received a backend event before vring initialization
webRTC(1257473)  E 10-03 22:52:00 1257473 1257627 shared_fd.cpp:301] cannot connect to 3:6900
webRTC(1257473)  E 10-03 22:52:00 1257473 1257627 vsock_connection.cpp:224] Failed to connect:UNAVAILABLE: StrError(): Connection reset by peer
log_tee(1257448)  D 10-03 22:52:00 1257448 1257448 log_tee.cpp:185] [WARN  vhost_device_vsock::vhu_vsock] Received a backend event before vring initialization
webRTC(1257473)  E 10-03 22:52:01 1257473 1257627 shared_fd.cpp:301] cannot connect to 3:6900
webRTC(1257473)  E 10-03 22:52:01 1257473 1257627 vsock_connection.cpp:224] Failed to connect:UNAVAILABLE: StrError(): Connection reset by peer
log_tee(1257448)  D 10-03 22:52:01 1257448 1257448 log_tee.cpp:185] [WARN  vhost_device_vsock::vhu_vsock] Received a backend event before vring initialization
webRTC(1257473)  E 10-03 22:52:02 1257473 1257627 shared_fd.cpp:301] cannot connect to 3:6900
webRTC(1257473)  E 10-03 22:52:02 1257473 1257627 vsock_connection.cpp:224] Failed to connect:UNAVAILABLE: StrError(): Connection reset by peer
log_tee(1257448)  D 10-03 22:52:02 1257448 1257448 log_tee.cpp:185] [WARN  vhost_device_vsock::vhu_vsock] Received a backend event before vring initialization
adb_connector(1257476)  D 10-03 22:52:03 1257476 1257482 adb_connection_maintainer.cpp:223] Attempting to connect to device with address 127.0.0.1:6520
adb_connector(1257476)  D 10-03 22:52:03 1257476 1257482 adb_connection_maintainer.cpp:227] adb connect message for 127.0.0.1:6520 successfully sent
webRTC(1257473)  E 10-03 22:52:03 1257473 1257627 shared_fd.cpp:301] cannot connect to 3:6900
webRTC(1257473)  E 10-03 22:52:03 1257473 1257627 vsock_connection.cpp:224] Failed to connect:UNAVAILABLE: StrError(): Connection reset by peer
log_tee(1257448)  D 10-03 22:52:03 1257448 1257448 log_tee.cpp:185] [WARN  vhost_device_vsock::vhu_vsock] Received a backend event before vring initialization
webRTC(1257473)  E 10-03 22:52:04 1257473 1257627 shared_fd.cpp:301] cannot connect to 3:6900
webRTC(1257473)  E 10-03 22:52:04 1257473 1257627 vsock_connection.cpp:224] Failed to connect:UNAVAILABLE: StrError(): Connection reset by peer
log_tee(1257448)  D 10-03 22:52:04 1257448 1257448 log_tee.cpp:185] [WARN  vhost_device_vsock::vhu_vsock] Received a backend event before vring initialization
webRTC(1257473)  E 10-03 22:52:05 1257473 1257627 shared_fd.cpp:301] cannot connect to 3:6900
webRTC(1257473)  E 10-03 22:52:05 1257473 1257627 vsock_connection.cpp:224] Failed to connect:UNAVAILABLE: StrError(): Connection reset by peer
log_tee(1257448)  D 10-03 22:52:05 1257448 1257448 log_tee.cpp:185] [WARN  vhost_device_vsock::vhu_vsock] Received a backend event before vring initialization
webRTC(1257473)  E 10-03 22:52:06 1257473 1257627 shared_fd.cpp:301] cannot connect to 3:6900
webRTC(1257473)  E 10-03 22:52:06 1257473 1257627 vsock_connection.cpp:224] Failed to connect:UNAVAILABLE: StrError(): Connection reset by peer
log_tee(1257448)  D 10-03 22:52:06 1257448 1257448 log_tee.cpp:185] [WARN  vhost_device_vsock::vhu_vsock] Received a backend event before vring initialization
webRTC(1257473)  E 10-03 22:52:07 1257473 1257627 shared_fd.cpp:301] cannot connect to 3:6900
webRTC(1257473)  E 10-03 22:52:07 1257473 1257627 vsock_connection.cpp:224] Failed to connect:UNAVAILABLE: StrError(): Connection reset by peer
log_tee(1257448)  D 10-03 22:52:07 1257448 1257448 log_tee.cpp:185] [WARN  vhost_device_vsock::vhu_vsock] Received a backend event before vring initialization
adb_connector(1257476)  D 10-03 22:52:08 1257476 1257482 adb_connection_maintainer.cpp:234] adb connected to 127.0.0.1:6520
webRTC(1257473)  E 10-03 22:52:08 1257473 1257627 shared_fd.cpp:301] cannot connect to 3:6900
webRTC(1257473)  E 10-03 22:52:08 1257473 1257627 vsock_connection.cpp:224] Failed to connect:UNAVAILABLE: StrError(): Connection reset by peer
log_tee(1257448)  D 10-03 22:52:08 1257448 1257448 log_tee.cpp:185] [WARN  vhost_device_vsock::vhu_vsock] Received a backend event before vring initialization
webRTC(1257473)  E 10-03 22:52:09 1257473 1257627 shared_fd.cpp:301] cannot connect to 3:6900
webRTC(1257473)  E 10-03 22:52:09 1257473 1257627 vsock_connection.cpp:224] Failed to connect:UNAVAILABLE: StrError(): Connection reset by peer
log_tee(1257448)  D 10-03 22:52:09 1257448 1257448 log_tee.cpp:185] [WARN  vhost_device_vsock::vhu_vsock] Received a backend event before vring initialization
webRTC(1257473)  E 10-03 22:52:10 1257473 1257627 shared_fd.cpp:301] cannot connect to 3:6900
webRTC(1257473)  E 10-03 22:52:10 1257473 1257627 vsock_connection.cpp:224] Failed to connect:UNAVAILABLE: StrError(): Connection reset by peer
log_tee(1257448)  D 10-03 22:52:10 1257448 1257448 log_tee.cpp:185] [WARN  vhost_device_vsock::vhu_vsock] Received a backend event before vring initialization
webRTC(1257473)  E 10-03 22:52:11 1257473 1257627 shared_fd.cpp:301] cannot connect to 3:6900
webRTC(1257473)  E 10-03 22:52:11 1257473 1257627 vsock_connection.cpp:224] Failed to connect:UNAVAILABLE: StrError(): Connection reset by peer
log_tee(1257448)  D 10-03 22:52:11 1257448 1257448 log_tee.cpp:185] [WARN  vhost_device_vsock::vhu_vsock] Received a backend event before vring initialization
webRTC(1257473)  E 10-03 22:52:12 1257473 1257627 shared_fd.cpp:301] cannot connect to 3:6900
webRTC(1257473)  E 10-03 22:52:12 1257473 1257627 vsock_connection.cpp:224] Failed to connect:UNAVAILABLE: StrError(): Connection reset by peer
log_tee(1257448)  D 10-03 22:52:12 1257448 1257448 log_tee.cpp:185] [WARN  vhost_device_vsock::vhu_vsock] Received a backend event before vring initialization
adb_connector(1257476)  D 10-03 22:52:13 1257476 1257482 adb_connection_maintainer.cpp:241] Watching for disconnect on 127.0.0.1:6520
adb_connector(1257476)  W 10-03 22:52:13 1257476 1257482 adb_connection_maintainer.cpp:250] transport message failed, response body: device '127.0.0.1:6520' not found
adb_connector(1257476)  D 10-03 22:52:13 1257476 1257482 adb_connection_maintainer.cpp:285] Sending adb disconnect
webRTC(1257473)  E 10-03 22:52:13 1257473 1257627 shared_fd.cpp:301] cannot connect to 3:6900
webRTC(1257473)  E 10-03 22:52:13 1257473 1257627 vsock_connection.cpp:224] Failed to connect:UNAVAILABLE: StrError(): Connection reset by peer
log_tee(1257448)  D 10-03 22:52:13 1257448 1257448 log_tee.cpp:185] [WARN  vhost_device_vsock::vhu_vsock] Received a backend event before vring initialization
webRTC(1257473)  E 10-03 22:52:14 1257473 1257627 shared_fd.cpp:301] cannot connect to 3:6900
webRTC(1257473)  E 10-03 22:52:14 1257473 1257627 vsock_connection.cpp:224] Failed to connect:UNAVAILABLE: StrError(): Connection reset by peer
log_tee(1257448)  D 10-03 22:52:14 1257448 1257448 log_tee.cpp:185] [WARN  vhost_device_vsock::vhu_vsock] Received a backend event before vring initialization
webRTC(1257473)  E 10-03 22:52:15 1257473 1257627 shared_fd.cpp:301] cannot connect to 3:6900
webRTC(1257473)  E 10-03 22:52:15 1257473 1257627 vsock_connection.cpp:224] Failed to connect:UNAVAILABLE: StrError(): Connection reset by peer
log_tee(1257448)  D 10-03 22:52:15 1257448 1257448 log_tee.cpp:185] [WARN  vhost_device_vsock::vhu_vsock] Received a backend event before vring initialization
webRTC(1257473)  E 10-03 22:52:16 1257473 1257627 shared_fd.cpp:301] cannot connect to 3:6900
webRTC(1257473)  E 10-03 22:52:16 1257473 1257627 vsock_connection.cpp:224] Failed to connect:UNAVAILABLE: StrError(): Connection reset by peer
log_tee(1257448)  D 10-03 22:52:16 1257448 1257448 log_tee.cpp:185] [WARN  vhost_device_vsock::vhu_vsock] Received a backend event before vring initialization
webRTC(1257473)  E 10-03 22:52:17 1257473 1257627 shared_fd.cpp:301] cannot connect to 3:6900
webRTC(1257473)  E 10-03 22:52:17 1257473 1257627 vsock_connection.cpp:224] Failed to connect:UNAVAILABLE: StrError(): Connection reset by peer
log_tee(1257448)  D 10-03 22:52:17 1257448 1257448 log_tee.cpp:185] [WARN  vhost_device_vsock::vhu_vsock] Received a backend event before vring initialization
adb_connector(1257476)  D 10-03 22:52:18 1257476 1257482 adb_connection_maintainer.cpp:223] Attempting to connect to device with address 127.0.0.1:6520
adb_connector(1257476)  D 10-03 22:52:18 1257476 1257482 adb_connection_maintainer.cpp:227] adb connect message for 127.0.0.1:6520 successfully sent
webRTC(1257473)  E 10-03 22:52:18 1257473 1257627 shared_fd.cpp:301] cannot connect to 3:6900
webRTC(1257473)  E 10-03 22:52:18 1257473 1257627 vsock_connection.cpp:224] Failed to connect:UNAVAILABLE: StrError(): Connection reset by peer
log_tee(1257448)  D 10-03 22:52:18 1257448 1257448 log_tee.cpp:185] [WARN  vhost_device_vsock::vhu_vsock] Received a backend event before vring initialization
webRTC(1257473)  E 10-03 22:52:19 1257473 1257627 shared_fd.cpp:301] cannot connect to 3:6900
webRTC(1257473)  E 10-03 22:52:19 1257473 1257627 vsock_connection.cpp:224] Failed to connect:UNAVAILABLE: StrError(): Connection reset by peer
log_tee(1257448)  D 10-03 22:52:19 1257448 1257448 log_tee.cpp:185] [WARN  vhost_device_vsock::vhu_vsock] Received a backend event before vring initialization
webRTC(1257473)  E 10-03 22:52:20 1257473 1257627 shared_fd.cpp:301] cannot connect to 3:6900
webRTC(1257473)  E 10-03 22:52:20 1257473 1257627 vsock_connection.cpp:224] Failed to connect:UNAVAILABLE: StrError(): Connection reset by peer
log_tee(1257448)  D 10-03 22:52:20 1257448 1257448 log_tee.cpp:185] [WARN  vhost_device_vsock::vhu_vsock] Received a backend event before vring initialization
webRTC(1257473)  E 10-03 22:52:21 1257473 1257627 shared_fd.cpp:301] cannot connect to 3:6900
webRTC(1257473)  E 10-03 22:52:21 1257473 1257627 vsock_connection.cpp:224] Failed to connect:UNAVAILABLE: StrError(): Connection reset by peer
log_tee(1257448)  D 10-03 22:52:21 1257448 1257448 log_tee.cpp:185] [WARN  vhost_device_vsock::vhu_vsock] Received a backend event before vring initialization
webRTC(1257473)  E 10-03 22:52:22 1257473 1257627 shared_fd.cpp:301] cannot connect to 3:6900
webRTC(1257473)  E 10-03 22:52:22 1257473 1257627 vsock_connection.cpp:224] Failed to connect:UNAVAILABLE: StrError(): Connection reset by peer
log_tee(1257448)  D 10-03 22:52:22 1257448 1257448 log_tee.cpp:185] [WARN  vhost_device_vsock::vhu_vsock] Received a backend event before vring initialization
adb_connector(1257476)  D 10-03 22:52:23 1257476 1257482 adb_connection_maintainer.cpp:234] adb connected to 127.0.0.1:6520
webRTC(1257473)  E 10-03 22:52:23 1257473 1257627 shared_fd.cpp:301] cannot connect to 3:6900
webRTC(1257473)  E 10-03 22:52:23 1257473 1257627 vsock_connection.cpp:224] Failed to connect:UNAVAILABLE: StrError(): Connection reset by peer
log_tee(1257448)  D 10-03 22:52:23 1257448 1257448 log_tee.cpp:185] [WARN  vhost_device_vsock::vhu_vsock] Received a backend event before vring initialization
webRTC(1257473)  E 10-03 22:52:24 1257473 1257627 shared_fd.cpp:301] cannot connect to 3:6900
webRTC(1257473)  E 10-03 22:52:24 1257473 1257627 vsock_connection.cpp:224] Failed to connect:UNAVAILABLE: StrError(): Connection reset by peer
log_tee(1257448)  D 10-03 22:52:24 1257448 1257448 log_tee.cpp:185] [WARN  vhost_device_vsock::vhu_vsock] Received a backend event before vring initialization
webRTC(1257473)  E 10-03 22:52:25 1257473 1257627 shared_fd.cpp:301] cannot connect to 3:6900
webRTC(1257473)  E 10-03 22:52:25 1257473 1257627 vsock_connection.cpp:224] Failed to connect:UNAVAILABLE: StrError(): Connection reset by peer
log_tee(1257448)  D 10-03 22:52:25 1257448 1257448 log_tee.cpp:185] [WARN  vhost_device_vsock::vhu_vsock] Received a backend event before vring initialization
webRTC(1257473)  E 10-03 22:52:26 1257473 1257627 shared_fd.cpp:301] cannot connect to 3:6900
webRTC(1257473)  E 10-03 22:52:26 1257473 1257627 vsock_connection.cpp:224] Failed to connect:UNAVAILABLE: StrError(): Connection reset by peer
log_tee(1257448)  D 10-03 22:52:26 1257448 1257448 log_tee.cpp:185] [WARN  vhost_device_vsock::vhu_vsock] Received a backend event before vring initialization
webRTC(1257473)  E 10-03 22:52:27 1257473 1257627 shared_fd.cpp:301] cannot connect to 3:6900
webRTC(1257473)  E 10-03 22:52:27 1257473 1257627 vsock_connection.cpp:224] Failed to connect:UNAVAILABLE: StrError(): Connection reset by peer
log_tee(1257448)  D 10-03 22:52:27 1257448 1257448 log_tee.cpp:185] [WARN  vhost_device_vsock::vhu_vsock] Received a backend event before vring initialization
adb_connector(1257476)  D 10-03 22:52:28 1257476 1257482 adb_connection_maintainer.cpp:241] Watching for disconnect on 127.0.0.1:6520
adb_connector(1257476)  W 10-03 22:52:28 1257476 1257482 adb_connection_maintainer.cpp:250] transport message failed, response body: device '127.0.0.1:6520' not found
adb_connector(1257476)  D 10-03 22:52:28 1257476 1257482 adb_connection_maintainer.cpp:285] Sending adb disconnect
webRTC(1257473)  E 10-03 22:52:28 1257473 1257627 shared_fd.cpp:301] cannot connect to 3:6900
webRTC(1257473)  E 10-03 22:52:28 1257473 1257627 vsock_connection.cpp:224] Failed to connect:UNAVAILABLE: StrError(): Connection reset by peer
log_tee(1257448)  D 10-03 22:52:28 1257448 1257448 log_tee.cpp:185] [WARN  vhost_device_vsock::vhu_vsock] Received a backend event before vring initialization
webRTC(1257473)  E 10-03 22:52:29 1257473 1257627 shared_fd.cpp:301] cannot connect to 3:6900
log_tee(1257448)  D 10-03 22:52:29 1257448 1257448 log_tee.cpp:185] [WARN  vhost_device_vsock::vhu_vsock] Received a backend event before vring initialization
webRTC(1257473)  E 10-03 22:52:29 1257473 1257627 vsock_connection.cpp:224] Failed to connect:UNAVAILABLE: StrError(): Connection reset by peer
webRTC(1257473)  E 10-03 22:52:30 1257473 1257627 shared_fd.cpp:301] cannot connect to 3:6900
log_tee(1257448)  D 10-03 22:52:30 1257448 1257448 log_tee.cpp:185] [WARN  vhost_device_vsock::vhu_vsock] Received a backend event before vring initialization
webRTC(1257473)  E 10-03 22:52:30 1257473 1257627 vsock_connection.cpp:224] Failed to connect:UNAVAILABLE: StrError(): Connection reset by peer
log_tee(1257448)  D 10-03 22:52:31 1257448 1257448 log_tee.cpp:185] [WARN  vhost_device_vsock::vhu_vsock] Received a backend event before vring initialization
webRTC(1257473)  E 10-03 22:52:31 1257473 1257627 shared_fd.cpp:301] cannot connect to 3:6900
webRTC(1257473)  E 10-03 22:52:31 1257473 1257627 vsock_connection.cpp:224] Failed to connect:UNAVAILABLE: StrError(): Connection reset by peer
webRTC(1257473)  E 10-03 22:52:32 1257473 1257627 shared_fd.cpp:301] cannot connect to 3:6900
webRTC(1257473)  E 10-03 22:52:32 1257473 1257627 vsock_connection.cpp:224] Failed to connect:UNAVAILABLE: StrError(): Connection reset by peer
log_tee(1257448)  D 10-03 22:52:32 1257448 1257448 log_tee.cpp:185] [WARN  vhost_device_vsock::vhu_vsock] Received a backend event before vring initialization
adb_connector(1257476)  D 10-03 22:52:33 1257476 1257482 adb_connection_maintainer.cpp:223] Attempting to connect to device with address 127.0.0.1:6520
adb_connector(1257476)  D 10-03 22:52:33 1257476 1257482 adb_connection_maintainer.cpp:227] adb connect message for 127.0.0.1:6520 successfully sent
webRTC(1257473)  E 10-03 22:52:33 1257473 1257627 shared_fd.cpp:301] cannot connect to 3:6900
webRTC(1257473)  E 10-03 22:52:33 1257473 1257627 vsock_connection.cpp:224] Failed to connect:UNAVAILABLE: StrError(): Connection reset by peer
log_tee(1257448)  D 10-03 22:52:33 1257448 1257448 log_tee.cpp:185] [WARN  vhost_device_vsock::vhu_vsock] Received a backend event before vring initialization
webRTC(1257473)  E 10-03 22:52:34 1257473 1257627 shared_fd.cpp:301] cannot connect to 3:6900
log_tee(1257448)  D 10-03 22:52:34 1257448 1257448 log_tee.cpp:185] [WARN  vhost_device_vsock::vhu_vsock] Received a backend event before vring initialization
webRTC(1257473)  E 10-03 22:52:34 1257473 1257627 vsock_connection.cpp:224] Failed to connect:UNAVAILABLE: StrError(): Connection reset by peer
webRTC(1257473)  E 10-03 22:52:35 1257473 1257627 shared_fd.cpp:301] cannot connect to 3:6900
log_tee(1257448)  D 10-03 22:52:35 1257448 1257448 log_tee.cpp:185] [WARN  vhost_device_vsock::vhu_vsock] Received a backend event before vring initialization
webRTC(1257473)  E 10-03 22:52:35 1257473 1257627 vsock_connection.cpp:224] Failed to connect:UNAVAILABLE: StrError(): Connection reset by peer
webRTC(1257473)  E 10-03 22:52:36 1257473 1257627 shared_fd.cpp:301] cannot connect to 3:6900
log_tee(1257448)  D 10-03 22:52:36 1257448 1257448 log_tee.cpp:185] [WARN  vhost_device_vsock::vhu_vsock] Received a backend event before vring initialization
webRTC(1257473)  E 10-03 22:52:36 1257473 1257627 vsock_connection.cpp:224] Failed to connect:UNAVAILABLE: StrError(): Connection reset by peer
webRTC(1257473)  E 10-03 22:52:37 1257473 1257627 shared_fd.cpp:301] cannot connect to 3:6900
webRTC(1257473)  E 10-03 22:52:37 1257473 1257627 vsock_connection.cpp:224] Failed to connect:UNAVAILABLE: StrError(): Connection reset by peer
log_tee(1257448)  D 10-03 22:52:37 1257448 1257448 log_tee.cpp:185] [WARN  vhost_device_vsock::vhu_vsock] Received a backend event before vring initialization
adb_connector(1257476)  D 10-03 22:52:38 1257476 1257482 adb_connection_maintainer.cpp:234] adb connected to 127.0.0.1:6520
webRTC(1257473)  E 10-03 22:52:38 1257473 1257627 shared_fd.cpp:301] cannot connect to 3:6900
webRTC(1257473)  E 10-03 22:52:38 1257473 1257627 vsock_connection.cpp:224] Failed to connect:UNAVAILABLE: StrError(): Connection reset by peer
log_tee(1257448)  D 10-03 22:52:38 1257448 1257448 log_tee.cpp:185] [WARN  vhost_device_vsock::vhu_vsock] Received a backend event before vring initialization
webRTC(1257473)  E 10-03 22:52:39 1257473 1257627 shared_fd.cpp:301] cannot connect to 3:6900
webRTC(1257473)  E 10-03 22:52:39 1257473 1257627 vsock_connection.cpp:224] Failed to connect:UNAVAILABLE: StrError(): Connection reset by peer
log_tee(1257448)  D 10-03 22:52:39 1257448 1257448 log_tee.cpp:185] [WARN  vhost_device_vsock::vhu_vsock] Received a backend event before vring initialization
webRTC(1257473)  E 10-03 22:52:40 1257473 1257627 shared_fd.cpp:301] cannot connect to 3:6900
webRTC(1257473)  E 10-03 22:52:40 1257473 1257627 vsock_connection.cpp:224] Failed to connect:UNAVAILABLE: StrError(): Connection reset by peer
log_tee(1257448)  D 10-03 22:52:40 1257448 1257448 log_tee.cpp:185] [WARN  vhost_device_vsock::vhu_vsock] Received a backend event before vring initialization
webRTC(1257473)  E 10-03 22:52:41 1257473 1257627 shared_fd.cpp:301] cannot connect to 3:6900
webRTC(1257473)  E 10-03 22:52:41 1257473 1257627 vsock_connection.cpp:224] Failed to connect:UNAVAILABLE: StrError(): Connection reset by peer
log_tee(1257448)  D 10-03 22:52:41 1257448 1257448 log_tee.cpp:185] [WARN  vhost_device_vsock::vhu_vsock] Received a backend event before vring initialization
log_tee(1257448)  D 10-03 22:52:42 1257448 1257448 log_tee.cpp:185] [WARN  vhost_device_vsock::vhu_vsock] Received a backend event before vring initialization
webRTC(1257473)  E 10-03 22:52:42 1257473 1257627 shared_fd.cpp:301] cannot connect to 3:6900
webRTC(1257473)  E 10-03 22:52:42 1257473 1257627 vsock_connection.cpp:224] Failed to connect:UNAVAILABLE: StrError(): Connection reset by peer
adb_connector(1257476)  D 10-03 22:52:43 1257476 1257482 adb_connection_maintainer.cpp:241] Watching for disconnect on 127.0.0.1:6520
adb_connector(1257476)  W 10-03 22:52:43 1257476 1257482 adb_connection_maintainer.cpp:250] transport message failed, response body: device '127.0.0.1:6520' not found
adb_connector(1257476)  D 10-03 22:52:43 1257476 1257482 adb_connection_maintainer.cpp:285] Sending adb disconnect
webRTC(1257473)  E 10-03 22:52:43 1257473 1257627 shared_fd.cpp:301] cannot connect to 3:6900
webRTC(1257473)  E 10-03 22:52:43 1257473 1257627 vsock_connection.cpp:224] Failed to connect:UNAVAILABLE: StrError(): Connection reset by peer
log_tee(1257448)  D 10-03 22:52:43 1257448 1257448 log_tee.cpp:185] [WARN  vhost_device_vsock::vhu_vsock] Received a backend event before vring initialization
webRTC(1257473)  E 10-03 22:52:44 1257473 1257627 shared_fd.cpp:301] cannot connect to 3:6900
webRTC(1257473)  E 10-03 22:52:44 1257473 1257627 vsock_connection.cpp:224] Failed to connect:UNAVAILABLE: StrError(): Connection reset by peer
log_tee(1257448)  D 10-03 22:52:44 1257448 1257448 log_tee.cpp:185] [WARN  vhost_device_vsock::vhu_vsock] Received a backend event before vring initialization
webRTC(1257473)  E 10-03 22:52:45 1257473 1257627 shared_fd.cpp:301] cannot connect to 3:6900
webRTC(1257473)  E 10-03 22:52:45 1257473 1257627 vsock_connection.cpp:224] Failed to connect:UNAVAILABLE: StrError(): Connection reset by peer
log_tee(1257448)  D 10-03 22:52:45 1257448 1257448 log_tee.cpp:185] [WARN  vhost_device_vsock::vhu_vsock] Received a backend event before vring initialization
webRTC(1257473)  E 10-03 22:52:46 1257473 1257627 shared_fd.cpp:301] cannot connect to 3:6900
webRTC(1257473)  E 10-03 22:52:46 1257473 1257627 vsock_connection.cpp:224] Failed to connect:UNAVAILABLE: StrError(): Connection reset by peer
log_tee(1257448)  D 10-03 22:52:46 1257448 1257448 log_tee.cpp:185] [WARN  vhost_device_vsock::vhu_vsock] Received a backend event before vring initialization
webRTC(1257473)  E 10-03 22:52:47 1257473 1257627 shared_fd.cpp:301] cannot connect to 3:6900
webRTC(1257473)  E 10-03 22:52:47 1257473 1257627 vsock_connection.cpp:224] Failed to connect:UNAVAILABLE: StrError(): Connection reset by peer
log_tee(1257448)  D 10-03 22:52:47 1257448 1257448 log_tee.cpp:185] [WARN  vhost_device_vsock::vhu_vsock] Received a backend event before vring initialization
adb_connector(1257476)  D 10-03 22:52:48 1257476 1257482 adb_connection_maintainer.cpp:223] Attempting to connect to device with address 127.0.0.1:6520
adb_connector(1257476)  D 10-03 22:52:48 1257476 1257482 adb_connection_maintainer.cpp:227] adb connect message for 127.0.0.1:6520 successfully sent
webRTC(1257473)  E 10-03 22:52:48 1257473 1257627 shared_fd.cpp:301] cannot connect to 3:6900
log_tee(1257448)  D 10-03 22:52:48 1257448 1257448 log_tee.cpp:185] [WARN  vhost_device_vsock::vhu_vsock] Received a backend event before vring initialization
webRTC(1257473)  E 10-03 22:52:48 1257473 1257627 vsock_connection.cpp:224] Failed to connect:UNAVAILABLE: StrError(): Connection reset by peer
webRTC(1257473)  E 10-03 22:52:49 1257473 1257627 shared_fd.cpp:301] cannot connect to 3:6900
webRTC(1257473)  E 10-03 22:52:49 1257473 1257627 vsock_connection.cpp:224] Failed to connect:UNAVAILABLE: StrError(): Connection reset by peer
log_tee(1257448)  D 10-03 22:52:49 1257448 1257448 log_tee.cpp:185] [WARN  vhost_device_vsock::vhu_vsock] Received a backend event before vring initialization
webRTC(1257473)  E 10-03 22:52:50 1257473 1257627 shared_fd.cpp:301] cannot connect to 3:6900
webRTC(1257473)  E 10-03 22:52:50 1257473 1257627 vsock_connection.cpp:224] Failed to connect:UNAVAILABLE: StrError(): Connection reset by peer
log_tee(1257448)  D 10-03 22:52:50 1257448 1257448 log_tee.cpp:185] [WARN  vhost_device_vsock::vhu_vsock] Received a backend event before vring initialization
webRTC(1257473)  E 10-03 22:52:51 1257473 1257627 shared_fd.cpp:301] cannot connect to 3:6900
webRTC(1257473)  E 10-03 22:52:51 1257473 1257627 vsock_connection.cpp:224] Failed to connect:UNAVAILABLE: StrError(): Connection reset by peer
log_tee(1257448)  D 10-03 22:52:51 1257448 1257448 log_tee.cpp:185] [WARN  vhost_device_vsock::vhu_vsock] Received a backend event before vring initialization
webRTC(1257473)  E 10-03 22:52:52 1257473 1257627 shared_fd.cpp:301] cannot connect to 3:6900
webRTC(1257473)  E 10-03 22:52:52 1257473 1257627 vsock_connection.cpp:224] Failed to connect:UNAVAILABLE: StrError(): Connection reset by peer
log_tee(1257448)  D 10-03 22:52:52 1257448 1257448 log_tee.cpp:185] [WARN  vhost_device_vsock::vhu_vsock] Received a backend event before vring initialization
adb_connector(1257476)  D 10-03 22:52:53 1257476 1257482 adb_connection_maintainer.cpp:234] adb connected to 127.0.0.1:6520
webRTC(1257473)  E 10-03 22:52:53 1257473 1257627 shared_fd.cpp:301] cannot connect to 3:6900
webRTC(1257473)  E 10-03 22:52:53 1257473 1257627 vsock_connection.cpp:224] Failed to connect:UNAVAILABLE: StrError(): Connection reset by peer
log_tee(1257448)  D 10-03 22:52:53 1257448 1257448 log_tee.cpp:185] [WARN  vhost_device_vsock::vhu_vsock] Received a backend event before vring initialization
webRTC(1257473)  E 10-03 22:52:54 1257473 1257627 shared_fd.cpp:301] cannot connect to 3:6900
webRTC(1257473)  E 10-03 22:52:54 1257473 1257627 vsock_connection.cpp:224] Failed to connect:UNAVAILABLE: StrError(): Connection reset by peer
log_tee(1257448)  D 10-03 22:52:54 1257448 1257448 log_tee.cpp:185] [WARN  vhost_device_vsock::vhu_vsock] Received a backend event before vring initialization
webRTC(1257473)  E 10-03 22:52:55 1257473 1257627 shared_fd.cpp:301] cannot connect to 3:6900
webRTC(1257473)  E 10-03 22:52:55 1257473 1257627 vsock_connection.cpp:224] Failed to connect:UNAVAILABLE: StrError(): Connection reset by peer
log_tee(1257448)  D 10-03 22:52:55 1257448 1257448 log_tee.cpp:185] [WARN  vhost_device_vsock::vhu_vsock] Received a backend event before vring initialization
webRTC(1257473)  E 10-03 22:52:56 1257473 1257627 shared_fd.cpp:301] cannot connect to 3:6900
log_tee(1257448)  D 10-03 22:52:56 1257448 1257448 log_tee.cpp:185] [WARN  vhost_device_vsock::vhu_vsock] Received a backend event before vring initialization
webRTC(1257473)  E 10-03 22:52:56 1257473 1257627 vsock_connection.cpp:224] Failed to connect:UNAVAILABLE: StrError(): Connection reset by peer
webRTC(1257473)  E 10-03 22:52:57 1257473 1257627 shared_fd.cpp:301] cannot connect to 3:6900
log_tee(1257448)  D 10-03 22:52:57 1257448 1257448 log_tee.cpp:185] [WARN  vhost_device_vsock::vhu_vsock] Received a backend event before vring initialization
webRTC(1257473)  E 10-03 22:52:57 1257473 1257627 vsock_connection.cpp:224] Failed to connect:UNAVAILABLE: StrError(): Connection reset by peer
adb_connector(1257476)  D 10-03 22:52:58 1257476 1257482 adb_connection_maintainer.cpp:241] Watching for disconnect on 127.0.0.1:6520
adb_connector(1257476)  W 10-03 22:52:58 1257476 1257482 adb_connection_maintainer.cpp:250] transport message failed, response body: device '127.0.0.1:6520' not found
adb_connector(1257476)  D 10-03 22:52:58 1257476 1257482 adb_connection_maintainer.cpp:285] Sending adb disconnect
webRTC(1257473)  E 10-03 22:52:58 1257473 1257627 shared_fd.cpp:301] cannot connect to 3:6900
log_tee(1257448)  D 10-03 22:52:58 1257448 1257448 log_tee.cpp:185] [WARN  vhost_device_vsock::vhu_vsock] Received a backend event before vring initialization
webRTC(1257473)  E 10-03 22:52:58 1257473 1257627 vsock_connection.cpp:224] Failed to connect:UNAVAILABLE: StrError(): Connection reset by peer
webRTC(1257473)  E 10-03 22:52:59 1257473 1257627 shared_fd.cpp:301] cannot connect to 3:6900
webRTC(1257473)  E 10-03 22:52:59 1257473 1257627 vsock_connection.cpp:224] Failed to connect:UNAVAILABLE: StrError(): Connection reset by peer
log_tee(1257448)  D 10-03 22:52:59 1257448 1257448 log_tee.cpp:185] [WARN  vhost_device_vsock::vhu_vsock] Received a backend event before vring initialization
webRTC(1257473)  E 10-03 22:53:00 1257473 1257627 shared_fd.cpp:301] cannot connect to 3:6900
webRTC(1257473)  E 10-03 22:53:00 1257473 1257627 vsock_connection.cpp:224] Failed to connect:UNAVAILABLE: StrError(): Connection reset by peer
log_tee(1257448)  D 10-03 22:53:00 1257448 1257448 log_tee.cpp:185] [WARN  vhost_device_vsock::vhu_vsock] Received a backend event before vring initialization
webRTC(1257473)  E 10-03 22:53:01 1257473 1257627 shared_fd.cpp:301] cannot connect to 3:6900
webRTC(1257473)  E 10-03 22:53:01 1257473 1257627 vsock_connection.cpp:224] Failed to connect:UNAVAILABLE: StrError(): Connection reset by peer
log_tee(1257448)  D 10-03 22:53:01 1257448 1257448 log_tee.cpp:185] [WARN  vhost_device_vsock::vhu_vsock] Received a backend event before vring initialization
webRTC(1257473)  E 10-03 22:53:02 1257473 1257627 shared_fd.cpp:301] cannot connect to 3:6900
webRTC(1257473)  E 10-03 22:53:02 1257473 1257627 vsock_connection.cpp:224] Failed to connect:UNAVAILABLE: StrError(): Connection reset by peer
log_tee(1257448)  D 10-03 22:53:02 1257448 1257448 log_tee.cpp:185] [WARN  vhost_device_vsock::vhu_vsock] Received a backend event before vring initialization
adb_connector(1257476)  D 10-03 22:53:03 1257476 1257482 adb_connection_maintainer.cpp:223] Attempting to connect to device with address 127.0.0.1:6520
adb_connector(1257476)  D 10-03 22:53:03 1257476 1257482 adb_connection_maintainer.cpp:227] adb connect message for 127.0.0.1:6520 successfully sent
webRTC(1257473)  E 10-03 22:53:03 1257473 1257627 shared_fd.cpp:301] cannot connect to 3:6900
webRTC(1257473)  E 10-03 22:53:03 1257473 1257627 vsock_connection.cpp:224] Failed to connect:UNAVAILABLE: StrError(): Connection reset by peer
log_tee(1257448)  D 10-03 22:53:03 1257448 1257448 log_tee.cpp:185] [WARN  vhost_device_vsock::vhu_vsock] Received a backend event before vring initialization
webRTC(1257473)  E 10-03 22:53:04 1257473 1257627 shared_fd.cpp:301] cannot connect to 3:6900
webRTC(1257473)  E 10-03 22:53:04 1257473 1257627 vsock_connection.cpp:224] Failed to connect:UNAVAILABLE: StrError(): Connection reset by peer
log_tee(1257448)  D 10-03 22:53:04 1257448 1257448 log_tee.cpp:185] [WARN  vhost_device_vsock::vhu_vsock] Received a backend event before vring initialization
webRTC(1257473)  E 10-03 22:53:05 1257473 1257627 shared_fd.cpp:301] cannot connect to 3:6900
webRTC(1257473)  E 10-03 22:53:05 1257473 1257627 vsock_connection.cpp:224] Failed to connect:UNAVAILABLE: StrError(): Connection reset by peer
log_tee(1257448)  D 10-03 22:53:05 1257448 1257448 log_tee.cpp:185] [WARN  vhost_device_vsock::vhu_vsock] Received a backend event before vring initialization
webRTC(1257473)  E 10-03 22:53:06 1257473 1257627 shared_fd.cpp:301] cannot connect to 3:6900
webRTC(1257473)  E 10-03 22:53:06 1257473 1257627 vsock_connection.cpp:224] Failed to connect:UNAVAILABLE: StrError(): Connection reset by peer
log_tee(1257448)  D 10-03 22:53:06 1257448 1257448 log_tee.cpp:185] [WARN  vhost_device_vsock::vhu_vsock] Received a backend event before vring initialization
webRTC(1257473)  E 10-03 22:53:07 1257473 1257627 shared_fd.cpp:301] cannot connect to 3:6900
log_tee(1257448)  D 10-03 22:53:07 1257448 1257448 log_tee.cpp:185] [WARN  vhost_device_vsock::vhu_vsock] Received a backend event before vring initialization
webRTC(1257473)  E 10-03 22:53:07 1257473 1257627 vsock_connection.cpp:224] Failed to connect:UNAVAILABLE: StrError(): Connection reset by peer
adb_connector(1257476)  D 10-03 22:53:08 1257476 1257482 adb_connection_maintainer.cpp:234] adb connected to 127.0.0.1:6520
webRTC(1257473)  E 10-03 22:53:08 1257473 1257627 shared_fd.cpp:301] cannot connect to 3:6900
log_tee(1257448)  D 10-03 22:53:08 1257448 1257448 log_tee.cpp:185] [WARN  vhost_device_vsock::vhu_vsock] Received a backend event before vring initialization
webRTC(1257473)  E 10-03 22:53:08 1257473 1257627 vsock_connection.cpp:224] Failed to connect:UNAVAILABLE: StrError(): Connection reset by peer
webRTC(1257473)  E 10-03 22:53:09 1257473 1257627 shared_fd.cpp:301] cannot connect to 3:6900
webRTC(1257473)  E 10-03 22:53:09 1257473 1257627 vsock_connection.cpp:224] Failed to connect:UNAVAILABLE: StrError(): Connection reset by peer
log_tee(1257448)  D 10-03 22:53:09 1257448 1257448 log_tee.cpp:185] [WARN  vhost_device_vsock::vhu_vsock] Received a backend event before vring initialization
webRTC(1257473)  E 10-03 22:53:10 1257473 1257627 shared_fd.cpp:301] cannot connect to 3:6900
webRTC(1257473)  E 10-03 22:53:10 1257473 1257627 vsock_connection.cpp:224] Failed to connect:UNAVAILABLE: StrError(): Connection reset by peer
log_tee(1257448)  D 10-03 22:53:10 1257448 1257448 log_tee.cpp:185] [WARN  vhost_device_vsock::vhu_vsock] Received a backend event before vring initialization
webRTC(1257473)  E 10-03 22:53:11 1257473 1257627 shared_fd.cpp:301] cannot connect to 3:6900
webRTC(1257473)  E 10-03 22:53:11 1257473 1257627 vsock_connection.cpp:224] Failed to connect:UNAVAILABLE: StrError(): Connection reset by peer
log_tee(1257448)  D 10-03 22:53:11 1257448 1257448 log_tee.cpp:185] [WARN  vhost_device_vsock::vhu_vsock] Received a backend event before vring initialization
webRTC(1257473)  E 10-03 22:53:12 1257473 1257627 shared_fd.cpp:301] cannot connect to 3:6900
webRTC(1257473)  E 10-03 22:53:12 1257473 1257627 vsock_connection.cpp:224] Failed to connect:UNAVAILABLE: StrError(): Connection reset by peer
log_tee(1257448)  D 10-03 22:53:12 1257448 1257448 log_tee.cpp:185] [WARN  vhost_device_vsock::vhu_vsock] Received a backend event before vring initialization
adb_connector(1257476)  D 10-03 22:53:13 1257476 1257482 adb_connection_maintainer.cpp:241] Watching for disconnect on 127.0.0.1:6520
adb_connector(1257476)  W 10-03 22:53:13 1257476 1257482 adb_connection_maintainer.cpp:250] transport message failed, response body: device '127.0.0.1:6520' not found
adb_connector(1257476)  D 10-03 22:53:13 1257476 1257482 adb_connection_maintainer.cpp:285] Sending adb disconnect
webRTC(1257473)  E 10-03 22:53:13 1257473 1257627 shared_fd.cpp:301] cannot connect to 3:6900
webRTC(1257473)  E 10-03 22:53:13 1257473 1257627 vsock_connection.cpp:224] Failed to connect:UNAVAILABLE: StrError(): Connection reset by peer
log_tee(1257448)  D 10-03 22:53:13 1257448 1257448 log_tee.cpp:185] [WARN  vhost_device_vsock::vhu_vsock] Received a backend event before vring initialization
webRTC(1257473)  E 10-03 22:53:14 1257473 1257627 shared_fd.cpp:301] cannot connect to 3:6900
webRTC(1257473)  E 10-03 22:53:14 1257473 1257627 vsock_connection.cpp:224] Failed to connect:UNAVAILABLE: StrError(): Connection reset by peer
log_tee(1257448)  D 10-03 22:53:14 1257448 1257448 log_tee.cpp:185] [WARN  vhost_device_vsock::vhu_vsock] Received a backend event before vring initialization
webRTC(1257473)  E 10-03 22:53:15 1257473 1257627 shared_fd.cpp:301] cannot connect to 3:6900
webRTC(1257473)  E 10-03 22:53:15 1257473 1257627 vsock_connection.cpp:224] Failed to connect:UNAVAILABLE: StrError(): Connection reset by peer
log_tee(1257448)  D 10-03 22:53:15 1257448 1257448 log_tee.cpp:185] [WARN  vhost_device_vsock::vhu_vsock] Received a backend event before vring initialization
webRTC(1257473)  E 10-03 22:53:16 1257473 1257627 shared_fd.cpp:301] cannot connect to 3:6900
webRTC(1257473)  E 10-03 22:53:16 1257473 1257627 vsock_connection.cpp:224] Failed to connect:UNAVAILABLE: StrError(): Connection reset by peer
log_tee(1257448)  D 10-03 22:53:16 1257448 1257448 log_tee.cpp:185] [WARN  vhost_device_vsock::vhu_vsock] Received a backend event before vring initialization
webRTC(1257473)  E 10-03 22:53:17 1257473 1257627 shared_fd.cpp:301] cannot connect to 3:6900
log_tee(1257448)  D 10-03 22:53:17 1257448 1257448 log_tee.cpp:185] [WARN  vhost_device_vsock::vhu_vsock] Received a backend event before vring initialization
webRTC(1257473)  E 10-03 22:53:17 1257473 1257627 vsock_connection.cpp:224] Failed to connect:UNAVAILABLE: StrError(): Connection reset by peer
adb_connector(1257476)  D 10-03 22:53:18 1257476 1257482 adb_connection_maintainer.cpp:223] Attempting to connect to device with address 127.0.0.1:6520
adb_connector(1257476)  D 10-03 22:53:18 1257476 1257482 adb_connection_maintainer.cpp:227] adb connect message for 127.0.0.1:6520 successfully sent
webRTC(1257473)  E 10-03 22:53:18 1257473 1257627 shared_fd.cpp:301] cannot connect to 3:6900
webRTC(1257473)  E 10-03 22:53:18 1257473 1257627 vsock_connection.cpp:224] Failed to connect:UNAVAILABLE: StrError(): Connection reset by peer
log_tee(1257448)  D 10-03 22:53:18 1257448 1257448 log_tee.cpp:185] [WARN  vhost_device_vsock::vhu_vsock] Received a backend event before vring initialization
webRTC(1257473)  E 10-03 22:53:19 1257473 1257627 shared_fd.cpp:301] cannot connect to 3:6900
log_tee(1257448)  D 10-03 22:53:19 1257448 1257448 log_tee.cpp:185] [WARN  vhost_device_vsock::vhu_vsock] Received a backend event before vring initialization
webRTC(1257473)  E 10-03 22:53:19 1257473 1257627 vsock_connection.cpp:224] Failed to connect:UNAVAILABLE: StrError(): Connection reset by peer
webRTC(1257473)  E 10-03 22:53:20 1257473 1257627 shared_fd.cpp:301] cannot connect to 3:6900
webRTC(1257473)  E 10-03 22:53:20 1257473 1257627 vsock_connection.cpp:224] Failed to connect:UNAVAILABLE: StrError(): Connection reset by peer
log_tee(1257448)  D 10-03 22:53:20 1257448 1257448 log_tee.cpp:185] [WARN  vhost_device_vsock::vhu_vsock] Received a backend event before vring initialization
webRTC(1257473)  E 10-03 22:53:21 1257473 1257627 shared_fd.cpp:301] cannot connect to 3:6900
webRTC(1257473)  E 10-03 22:53:21 1257473 1257627 vsock_connection.cpp:224] Failed to connect:UNAVAILABLE: StrError(): Connection reset by peer
log_tee(1257448)  D 10-03 22:53:21 1257448 1257448 log_tee.cpp:185] [WARN  vhost_device_vsock::vhu_vsock] Received a backend event before vring initialization
log_tee(1257448)  D 10-03 22:53:22 1257448 1257448 log_tee.cpp:185] [WARN  vhost_device_vsock::vhu_vsock] Received a backend event before vring initialization
webRTC(1257473)  E 10-03 22:53:22 1257473 1257627 shared_fd.cpp:301] cannot connect to 3:6900
webRTC(1257473)  E 10-03 22:53:22 1257473 1257627 vsock_connection.cpp:224] Failed to connect:UNAVAILABLE: StrError(): Connection reset by peer
adb_connector(1257476)  D 10-03 22:53:23 1257476 1257482 adb_connection_maintainer.cpp:234] adb connected to 127.0.0.1:6520
webRTC(1257473)  E 10-03 22:53:23 1257473 1257627 shared_fd.cpp:301] cannot connect to 3:6900
webRTC(1257473)  E 10-03 22:53:23 1257473 1257627 vsock_connection.cpp:224] Failed to connect:UNAVAILABLE: StrError(): Connection reset by peer
log_tee(1257448)  D 10-03 22:53:23 1257448 1257448 log_tee.cpp:185] [WARN  vhost_device_vsock::vhu_vsock] Received a backend event before vring initialization
webRTC(1257473)  E 10-03 22:53:24 1257473 1257627 shared_fd.cpp:301] cannot connect to 3:6900
webRTC(1257473)  E 10-03 22:53:24 1257473 1257627 vsock_connection.cpp:224] Failed to connect:UNAVAILABLE: StrError(): Connection reset by peer
log_tee(1257448)  D 10-03 22:53:24 1257448 1257448 log_tee.cpp:185] [WARN  vhost_device_vsock::vhu_vsock] Received a backend event before vring initialization
webRTC(1257473)  E 10-03 22:53:25 1257473 1257627 shared_fd.cpp:301] cannot connect to 3:6900
webRTC(1257473)  E 10-03 22:53:25 1257473 1257627 vsock_connection.cpp:224] Failed to connect:UNAVAILABLE: StrError(): Connection reset by peer
log_tee(1257448)  D 10-03 22:53:25 1257448 1257448 log_tee.cpp:185] [WARN  vhost_device_vsock::vhu_vsock] Received a backend event before vring initialization
webRTC(1257473)  E 10-03 22:53:26 1257473 1257627 shared_fd.cpp:301] cannot connect to 3:6900
webRTC(1257473)  E 10-03 22:53:26 1257473 1257627 vsock_connection.cpp:224] Failed to connect:UNAVAILABLE: StrError(): Connection reset by peer
log_tee(1257448)  D 10-03 22:53:26 1257448 1257448 log_tee.cpp:185] [WARN  vhost_device_vsock::vhu_vsock] Received a backend event before vring initialization
webRTC(1257473)  E 10-03 22:53:27 1257473 1257627 shared_fd.cpp:301] cannot connect to 3:6900
webRTC(1257473)  E 10-03 22:53:27 1257473 1257627 vsock_connection.cpp:224] Failed to connect:UNAVAILABLE: StrError(): Connection reset by peer
log_tee(1257448)  D 10-03 22:53:27 1257448 1257448 log_tee.cpp:185] [WARN  vhost_device_vsock::vhu_vsock] Received a backend event before vring initialization
adb_connector(1257476)  D 10-03 22:53:28 1257476 1257482 adb_connection_maintainer.cpp:241] Watching for disconnect on 127.0.0.1:6520
adb_connector(1257476)  W 10-03 22:53:28 1257476 1257482 adb_connection_maintainer.cpp:250] transport message failed, response body: device '127.0.0.1:6520' not found
adb_connector(1257476)  D 10-03 22:53:28 1257476 1257482 adb_connection_maintainer.cpp:285] Sending adb disconnect
webRTC(1257473)  E 10-03 22:53:28 1257473 1257627 shared_fd.cpp:301] cannot connect to 3:6900
webRTC(1257473)  E 10-03 22:53:28 1257473 1257627 vsock_connection.cpp:224] Failed to connect:UNAVAILABLE: StrError(): Connection reset by peer
log_tee(1257448)  D 10-03 22:53:28 1257448 1257448 log_tee.cpp:185] [WARN  vhost_device_vsock::vhu_vsock] Received a backend event before vring initialization
webRTC(1257473)  E 10-03 22:53:29 1257473 1257627 shared_fd.cpp:301] cannot connect to 3:6900
webRTC(1257473)  E 10-03 22:53:29 1257473 1257627 vsock_connection.cpp:224] Failed to connect:UNAVAILABLE: StrError(): Connection reset by peer
log_tee(1257448)  D 10-03 22:53:29 1257448 1257448 log_tee.cpp:185] [WARN  vhost_device_vsock::vhu_vsock] Received a backend event before vring initialization
webRTC(1257473)  E 10-03 22:53:30 1257473 1257627 shared_fd.cpp:301] cannot connect to 3:6900
webRTC(1257473)  E 10-03 22:53:30 1257473 1257627 vsock_connection.cpp:224] Failed to connect:UNAVAILABLE: StrError(): Connection reset by peer
log_tee(1257448)  D 10-03 22:53:30 1257448 1257448 log_tee.cpp:185] [WARN  vhost_device_vsock::vhu_vsock] Received a backend event before vring initialization
webRTC(1257473)  E 10-03 22:53:31 1257473 1257627 shared_fd.cpp:301] cannot connect to 3:6900
webRTC(1257473)  E 10-03 22:53:31 1257473 1257627 vsock_connection.cpp:224] Failed to connect:UNAVAILABLE: StrError(): Connection reset by peer
log_tee(1257448)  D 10-03 22:53:31 1257448 1257448 log_tee.cpp:185] [WARN  vhost_device_vsock::vhu_vsock] Received a backend event before vring initialization
webRTC(1257473)  E 10-03 22:53:32 1257473 1257627 shared_fd.cpp:301] cannot connect to 3:6900
webRTC(1257473)  E 10-03 22:53:32 1257473 1257627 vsock_connection.cpp:224] Failed to connect:UNAVAILABLE: StrError(): Connection reset by peer
log_tee(1257448)  D 10-03 22:53:32 1257448 1257448 log_tee.cpp:185] [WARN  vhost_device_vsock::vhu_vsock] Received a backend event before vring initialization
adb_connector(1257476)  D 10-03 22:53:33 1257476 1257482 adb_connection_maintainer.cpp:223] Attempting to connect to device with address 127.0.0.1:6520
adb_connector(1257476)  D 10-03 22:53:33 1257476 1257482 adb_connection_maintainer.cpp:227] adb connect message for 127.0.0.1:6520 successfully sent
webRTC(1257473)  E 10-03 22:53:33 1257473 1257627 shared_fd.cpp:301] cannot connect to 3:6900
webRTC(1257473)  E 10-03 22:53:33 1257473 1257627 vsock_connection.cpp:224] Failed to connect:UNAVAILABLE: StrError(): Connection reset by peer
log_tee(1257448)  D 10-03 22:53:33 1257448 1257448 log_tee.cpp:185] [WARN  vhost_device_vsock::vhu_vsock] Received a backend event before vring initialization
webRTC(1257473)  E 10-03 22:53:34 1257473 1257627 shared_fd.cpp:301] cannot connect to 3:6900
webRTC(1257473)  E 10-03 22:53:34 1257473 1257627 vsock_connection.cpp:224] Failed to connect:UNAVAILABLE: StrError(): Connection reset by peer
log_tee(1257448)  D 10-03 22:53:34 1257448 1257448 log_tee.cpp:185] [WARN  vhost_device_vsock::vhu_vsock] Received a backend event before vring initialization
webRTC(1257473)  E 10-03 22:53:35 1257473 1257627 shared_fd.cpp:301] cannot connect to 3:6900
webRTC(1257473)  E 10-03 22:53:35 1257473 1257627 vsock_connection.cpp:224] Failed to connect:UNAVAILABLE: StrError(): Connection reset by peer
log_tee(1257448)  D 10-03 22:53:35 1257448 1257448 log_tee.cpp:185] [WARN  vhost_device_vsock::vhu_vsock] Received a backend event before vring initialization
webRTC(1257473)  E 10-03 22:53:36 1257473 1257627 shared_fd.cpp:301] cannot connect to 3:6900
webRTC(1257473)  E 10-03 22:53:36 1257473 1257627 vsock_connection.cpp:224] Failed to connect:UNAVAILABLE: StrError(): Connection reset by peer
log_tee(1257448)  D 10-03 22:53:36 1257448 1257448 log_tee.cpp:185] [WARN  vhost_device_vsock::vhu_vsock] Received a backend event before vring initialization
webRTC(1257473)  E 10-03 22:53:37 1257473 1257627 shared_fd.cpp:301] cannot connect to 3:6900
webRTC(1257473)  E 10-03 22:53:37 1257473 1257627 vsock_connection.cpp:224] Failed to connect:UNAVAILABLE: StrError(): Connection reset by peer
log_tee(1257448)  D 10-03 22:53:37 1257448 1257448 log_tee.cpp:185] [WARN  vhost_device_vsock::vhu_vsock] Received a backend event before vring initialization
adb_connector(1257476)  D 10-03 22:53:38 1257476 1257482 adb_connection_maintainer.cpp:234] adb connected to 127.0.0.1:6520
webRTC(1257473)  E 10-03 22:53:38 1257473 1257627 shared_fd.cpp:301] cannot connect to 3:6900
webRTC(1257473)  E 10-03 22:53:38 1257473 1257627 vsock_connection.cpp:224] Failed to connect:UNAVAILABLE: StrError(): Connection reset by peer
log_tee(1257448)  D 10-03 22:53:38 1257448 1257448 log_tee.cpp:185] [WARN  vhost_device_vsock::vhu_vsock] Received a backend event before vring initialization
webRTC(1257473)  E 10-03 22:53:39 1257473 1257627 shared_fd.cpp:301] cannot connect to 3:6900
webRTC(1257473)  E 10-03 22:53:39 1257473 1257627 vsock_connection.cpp:224] Failed to connect:UNAVAILABLE: StrError(): Connection reset by peer
log_tee(1257448)  D 10-03 22:53:39 1257448 1257448 log_tee.cpp:185] [WARN  vhost_device_vsock::vhu_vsock] Received a backend event before vring initialization
webRTC(1257473)  E 10-03 22:53:40 1257473 1257627 shared_fd.cpp:301] cannot connect to 3:6900
webRTC(1257473)  E 10-03 22:53:40 1257473 1257627 vsock_connection.cpp:224] Failed to connect:UNAVAILABLE: StrError(): Connection reset by peer
log_tee(1257448)  D 10-03 22:53:40 1257448 1257448 log_tee.cpp:185] [WARN  vhost_device_vsock::vhu_vsock] Received a backend event before vring initialization
webRTC(1257473)  E 10-03 22:53:41 1257473 1257627 shared_fd.cpp:301] cannot connect to 3:6900
webRTC(1257473)  E 10-03 22:53:41 1257473 1257627 vsock_connection.cpp:224] Failed to connect:UNAVAILABLE: StrError(): Connection reset by peer
log_tee(1257448)  D 10-03 22:53:41 1257448 1257448 log_tee.cpp:185] [WARN  vhost_device_vsock::vhu_vsock] Received a backend event before vring initialization
webRTC(1257473)  E 10-03 22:53:42 1257473 1257627 shared_fd.cpp:301] cannot connect to 3:6900
webRTC(1257473)  E 10-03 22:53:42 1257473 1257627 vsock_connection.cpp:224] Failed to connect:UNAVAILABLE: StrError(): Connection reset by peer
log_tee(1257448)  D 10-03 22:53:42 1257448 1257448 log_tee.cpp:185] [WARN  vhost_device_vsock::vhu_vsock] Received a backend event before vring initialization
adb_connector(1257476)  D 10-03 22:53:43 1257476 1257482 adb_connection_maintainer.cpp:241] Watching for disconnect on 127.0.0.1:6520
adb_connector(1257476)  W 10-03 22:53:43 1257476 1257482 adb_connection_maintainer.cpp:250] transport message failed, response body: device '127.0.0.1:6520' not found
adb_connector(1257476)  D 10-03 22:53:43 1257476 1257482 adb_connection_maintainer.cpp:285] Sending adb disconnect
webRTC(1257473)  E 10-03 22:53:43 1257473 1257627 shared_fd.cpp:301] cannot connect to 3:6900
webRTC(1257473)  E 10-03 22:53:43 1257473 1257627 vsock_connection.cpp:224] Failed to connect:UNAVAILABLE: StrError(): Connection reset by peer
log_tee(1257448)  D 10-03 22:53:43 1257448 1257448 log_tee.cpp:185] [WARN  vhost_device_vsock::vhu_vsock] Received a backend event before vring initialization
webRTC(1257473)  E 10-03 22:53:44 1257473 1257627 shared_fd.cpp:301] cannot connect to 3:6900
webRTC(1257473)  E 10-03 22:53:44 1257473 1257627 vsock_connection.cpp:224] Failed to connect:UNAVAILABLE: StrError(): Connection reset by peer
log_tee(1257448)  D 10-03 22:53:44 1257448 1257448 log_tee.cpp:185] [WARN  vhost_device_vsock::vhu_vsock] Received a backend event before vring initialization
webRTC(1257473)  E 10-03 22:53:45 1257473 1257627 shared_fd.cpp:301] cannot connect to 3:6900
webRTC(1257473)  E 10-03 22:53:45 1257473 1257627 vsock_connection.cpp:224] Failed to connect:UNAVAILABLE: StrError(): Connection reset by peer
log_tee(1257448)  D 10-03 22:53:45 1257448 1257448 log_tee.cpp:185] [WARN  vhost_device_vsock::vhu_vsock] Received a backend event before vring initialization
webRTC(1257473)  E 10-03 22:53:46 1257473 1257627 shared_fd.cpp:301] cannot connect to 3:6900
webRTC(1257473)  E 10-03 22:53:46 1257473 1257627 vsock_connection.cpp:224] Failed to connect:UNAVAILABLE: StrError(): Connection reset by peer
log_tee(1257448)  D 10-03 22:53:46 1257448 1257448 log_tee.cpp:185] [WARN  vhost_device_vsock::vhu_vsock] Received a backend event before vring initialization
webRTC(1257473)  E 10-03 22:53:47 1257473 1257627 shared_fd.cpp:301] cannot connect to 3:6900
webRTC(1257473)  E 10-03 22:53:47 1257473 1257627 vsock_connection.cpp:224] Failed to connect:UNAVAILABLE: StrError(): Connection reset by peer
log_tee(1257448)  D 10-03 22:53:47 1257448 1257448 log_tee.cpp:185] [WARN  vhost_device_vsock::vhu_vsock] Received a backend event before vring initialization
adb_connector(1257476)  D 10-03 22:53:48 1257476 1257482 adb_connection_maintainer.cpp:223] Attempting to connect to device with address 127.0.0.1:6520
adb_connector(1257476)  D 10-03 22:53:48 1257476 1257482 adb_connection_maintainer.cpp:227] adb connect message for 127.0.0.1:6520 successfully sent
webRTC(1257473)  E 10-03 22:53:48 1257473 1257627 shared_fd.cpp:301] cannot connect to 3:6900
webRTC(1257473)  E 10-03 22:53:48 1257473 1257627 vsock_connection.cpp:224] Failed to connect:UNAVAILABLE: StrError(): Connection reset by peer
log_tee(1257448)  D 10-03 22:53:48 1257448 1257448 log_tee.cpp:185] [WARN  vhost_device_vsock::vhu_vsock] Received a backend event before vring initialization
webRTC(1257473)  E 10-03 22:53:49 1257473 1257627 shared_fd.cpp:301] cannot connect to 3:6900
webRTC(1257473)  E 10-03 22:53:49 1257473 1257627 vsock_connection.cpp:224] Failed to connect:UNAVAILABLE: StrError(): Connection reset by peer
log_tee(1257448)  D 10-03 22:53:49 1257448 1257448 log_tee.cpp:185] [WARN  vhost_device_vsock::vhu_vsock] Received a backend event before vring initialization
webRTC(1257473)  E 10-03 22:53:50 1257473 1257627 shared_fd.cpp:301] cannot connect to 3:6900
webRTC(1257473)  E 10-03 22:53:50 1257473 1257627 vsock_connection.cpp:224] Failed to connect:UNAVAILABLE: StrError(): Connection reset by peer
log_tee(1257448)  D 10-03 22:53:50 1257448 1257448 log_tee.cpp:185] [WARN  vhost_device_vsock::vhu_vsock] Received a backend event before vring initialization
webRTC(1257473)  E 10-03 22:53:51 1257473 1257627 shared_fd.cpp:301] cannot connect to 3:6900
webRTC(1257473)  E 10-03 22:53:51 1257473 1257627 vsock_connection.cpp:224] Failed to connect:UNAVAILABLE: StrError(): Connection reset by peer
log_tee(1257448)  D 10-03 22:53:51 1257448 1257448 log_tee.cpp:185] [WARN  vhost_device_vsock::vhu_vsock] Received a backend event before vring initialization
webRTC(1257473)  E 10-03 22:53:52 1257473 1257627 shared_fd.cpp:301] cannot connect to 3:6900
webRTC(1257473)  E 10-03 22:53:52 1257473 1257627 vsock_connection.cpp:224] Failed to connect:UNAVAILABLE: StrError(): Connection reset by peer
log_tee(1257448)  D 10-03 22:53:52 1257448 1257448 log_tee.cpp:185] [WARN  vhost_device_vsock::vhu_vsock] Received a backend event before vring initialization
adb_connector(1257476)  D 10-03 22:53:53 1257476 1257482 adb_connection_maintainer.cpp:234] adb connected to 127.0.0.1:6520
webRTC(1257473)  E 10-03 22:53:53 1257473 1257627 shared_fd.cpp:301] cannot connect to 3:6900
webRTC(1257473)  E 10-03 22:53:53 1257473 1257627 vsock_connection.cpp:224] Failed to connect:UNAVAILABLE: StrError(): Connection reset by peer
log_tee(1257448)  D 10-03 22:53:53 1257448 1257448 log_tee.cpp:185] [WARN  vhost_device_vsock::vhu_vsock] Received a backend event before vring initialization
webRTC(1257473)  E 10-03 22:53:54 1257473 1257627 shared_fd.cpp:301] cannot connect to 3:6900
webRTC(1257473)  E 10-03 22:53:54 1257473 1257627 vsock_connection.cpp:224] Failed to connect:UNAVAILABLE: StrError(): Connection reset by peer
log_tee(1257448)  D 10-03 22:53:54 1257448 1257448 log_tee.cpp:185] [WARN  vhost_device_vsock::vhu_vsock] Received a backend event before vring initialization
webRTC(1257473)  E 10-03 22:53:55 1257473 1257627 shared_fd.cpp:301] cannot connect to 3:6900
webRTC(1257473)  E 10-03 22:53:55 1257473 1257627 vsock_connection.cpp:224] Failed to connect:UNAVAILABLE: StrError(): Connection reset by peer
log_tee(1257448)  D 10-03 22:53:55 1257448 1257448 log_tee.cpp:185] [WARN  vhost_device_vsock::vhu_vsock] Received a backend event before vring initialization
webRTC(1257473)  E 10-03 22:53:56 1257473 1257627 shared_fd.cpp:301] cannot connect to 3:6900
webRTC(1257473)  E 10-03 22:53:56 1257473 1257627 vsock_connection.cpp:224] Failed to connect:UNAVAILABLE: StrError(): Connection reset by peer
log_tee(1257448)  D 10-03 22:53:56 1257448 1257448 log_tee.cpp:185] [WARN  vhost_device_vsock::vhu_vsock] Received a backend event before vring initialization
webRTC(1257473)  E 10-03 22:53:57 1257473 1257627 shared_fd.cpp:301] cannot connect to 3:6900
webRTC(1257473)  E 10-03 22:53:57 1257473 1257627 vsock_connection.cpp:224] Failed to connect:UNAVAILABLE: StrError(): Connection reset by peer
log_tee(1257448)  D 10-03 22:53:57 1257448 1257448 log_tee.cpp:185] [WARN  vhost_device_vsock::vhu_vsock] Received a backend event before vring initialization
adb_connector(1257476)  D 10-03 22:53:58 1257476 1257482 adb_connection_maintainer.cpp:241] Watching for disconnect on 127.0.0.1:6520
adb_connector(1257476)  W 10-03 22:53:58 1257476 1257482 adb_connection_maintainer.cpp:250] transport message failed, response body: device '127.0.0.1:6520' not found
adb_connector(1257476)  D 10-03 22:53:58 1257476 1257482 adb_connection_maintainer.cpp:285] Sending adb disconnect
webRTC(1257473)  E 10-03 22:53:58 1257473 1257627 shared_fd.cpp:301] cannot connect to 3:6900
webRTC(1257473)  E 10-03 22:53:58 1257473 1257627 vsock_connection.cpp:224] Failed to connect:UNAVAILABLE: StrError(): Connection reset by peer
log_tee(1257448)  D 10-03 22:53:58 1257448 1257448 log_tee.cpp:185] [WARN  vhost_device_vsock::vhu_vsock] Received a backend event before vring initialization
webRTC(1257473)  E 10-03 22:53:59 1257473 1257627 shared_fd.cpp:301] cannot connect to 3:6900
webRTC(1257473)  E 10-03 22:53:59 1257473 1257627 vsock_connection.cpp:224] Failed to connect:UNAVAILABLE: StrError(): Connection reset by peer
log_tee(1257448)  D 10-03 22:53:59 1257448 1257448 log_tee.cpp:185] [WARN  vhost_device_vsock::vhu_vsock] Received a backend event before vring initialization
webRTC(1257473)  E 10-03 22:54:00 1257473 1257627 shared_fd.cpp:301] cannot connect to 3:6900
webRTC(1257473)  E 10-03 22:54:00 1257473 1257627 vsock_connection.cpp:224] Failed to connect:UNAVAILABLE: StrError(): Connection reset by peer
log_tee(1257448)  D 10-03 22:54:00 1257448 1257448 log_tee.cpp:185] [WARN  vhost_device_vsock::vhu_vsock] Received a backend event before vring initialization
webRTC(1257473)  E 10-03 22:54:01 1257473 1257627 shared_fd.cpp:301] cannot connect to 3:6900
webRTC(1257473)  E 10-03 22:54:01 1257473 1257627 vsock_connection.cpp:224] Failed to connect:UNAVAILABLE: StrError(): Connection reset by peer
log_tee(1257448)  D 10-03 22:54:01 1257448 1257448 log_tee.cpp:185] [WARN  vhost_device_vsock::vhu_vsock] Received a backend event before vring initialization
webRTC(1257473)  E 10-03 22:54:02 1257473 1257627 shared_fd.cpp:301] cannot connect to 3:6900
webRTC(1257473)  E 10-03 22:54:02 1257473 1257627 vsock_connection.cpp:224] Failed to connect:UNAVAILABLE: StrError(): Connection reset by peer
log_tee(1257448)  D 10-03 22:54:02 1257448 1257448 log_tee.cpp:185] [WARN  vhost_device_vsock::vhu_vsock] Received a backend event before vring initialization
adb_connector(1257476)  D 10-03 22:54:03 1257476 1257482 adb_connection_maintainer.cpp:223] Attempting to connect to device with address 127.0.0.1:6520
adb_connector(1257476)  D 10-03 22:54:03 1257476 1257482 adb_connection_maintainer.cpp:227] adb connect message for 127.0.0.1:6520 successfully sent
webRTC(1257473)  E 10-03 22:54:03 1257473 1257627 shared_fd.cpp:301] cannot connect to 3:6900
webRTC(1257473)  E 10-03 22:54:03 1257473 1257627 vsock_connection.cpp:224] Failed to connect:UNAVAILABLE: StrError(): Connection reset by peer
log_tee(1257448)  D 10-03 22:54:03 1257448 1257448 log_tee.cpp:185] [WARN  vhost_device_vsock::vhu_vsock] Received a backend event before vring initialization
webRTC(1257473)  E 10-03 22:54:04 1257473 1257627 shared_fd.cpp:301] cannot connect to 3:6900
webRTC(1257473)  E 10-03 22:54:04 1257473 1257627 vsock_connection.cpp:224] Failed to connect:UNAVAILABLE: StrError(): Connection reset by peer
log_tee(1257448)  D 10-03 22:54:04 1257448 1257448 log_tee.cpp:185] [WARN  vhost_device_vsock::vhu_vsock] Received a backend event before vring initialization
webRTC(1257473)  E 10-03 22:54:05 1257473 1257627 shared_fd.cpp:301] cannot connect to 3:6900
webRTC(1257473)  E 10-03 22:54:05 1257473 1257627 vsock_connection.cpp:224] Failed to connect:UNAVAILABLE: StrError(): Connection reset by peer
log_tee(1257448)  D 10-03 22:54:05 1257448 1257448 log_tee.cpp:185] [WARN  vhost_device_vsock::vhu_vsock] Received a backend event before vring initialization
webRTC(1257473)  E 10-03 22:54:06 1257473 1257627 shared_fd.cpp:301] cannot connect to 3:6900
webRTC(1257473)  E 10-03 22:54:06 1257473 1257627 vsock_connection.cpp:224] Failed to connect:UNAVAILABLE: StrError(): Connection reset by peer
log_tee(1257448)  D 10-03 22:54:06 1257448 1257448 log_tee.cpp:185] [WARN  vhost_device_vsock::vhu_vsock] Received a backend event before vring initialization
webRTC(1257473)  E 10-03 22:54:07 1257473 1257627 shared_fd.cpp:301] cannot connect to 3:6900
webRTC(1257473)  E 10-03 22:54:07 1257473 1257627 vsock_connection.cpp:224] Failed to connect:UNAVAILABLE: StrError(): Connection reset by peer
log_tee(1257448)  D 10-03 22:54:07 1257448 1257448 log_tee.cpp:185] [WARN  vhost_device_vsock::vhu_vsock] Received a backend event before vring initialization
adb_connector(1257476)  D 10-03 22:54:08 1257476 1257482 adb_connection_maintainer.cpp:234] adb connected to 127.0.0.1:6520
webRTC(1257473)  E 10-03 22:54:08 1257473 1257627 shared_fd.cpp:301] cannot connect to 3:6900
webRTC(1257473)  E 10-03 22:54:08 1257473 1257627 vsock_connection.cpp:224] Failed to connect:UNAVAILABLE: StrError(): Connection reset by peer
log_tee(1257448)  D 10-03 22:54:08 1257448 1257448 log_tee.cpp:185] [WARN  vhost_device_vsock::vhu_vsock] Received a backend event before vring initialization
webRTC(1257473)  E 10-03 22:54:09 1257473 1257627 shared_fd.cpp:301] cannot connect to 3:6900
webRTC(1257473)  E 10-03 22:54:09 1257473 1257627 vsock_connection.cpp:224] Failed to connect:UNAVAILABLE: StrError(): Connection reset by peer
log_tee(1257448)  D 10-03 22:54:09 1257448 1257448 log_tee.cpp:185] [WARN  vhost_device_vsock::vhu_vsock] Received a backend event before vring initialization
webRTC(1257473)  E 10-03 22:54:10 1257473 1257627 shared_fd.cpp:301] cannot connect to 3:6900
webRTC(1257473)  E 10-03 22:54:10 1257473 1257627 vsock_connection.cpp:224] Failed to connect:UNAVAILABLE: StrError(): Connection reset by peer
log_tee(1257448)  D 10-03 22:54:10 1257448 1257448 log_tee.cpp:185] [WARN  vhost_device_vsock::vhu_vsock] Received a backend event before vring initialization
webRTC(1257473)  E 10-03 22:54:11 1257473 1257627 shared_fd.cpp:301] cannot connect to 3:6900
webRTC(1257473)  E 10-03 22:54:11 1257473 1257627 vsock_connection.cpp:224] Failed to connect:UNAVAILABLE: StrError(): Connection reset by peer
log_tee(1257448)  D 10-03 22:54:11 1257448 1257448 log_tee.cpp:185] [WARN  vhost_device_vsock::vhu_vsock] Received a backend event before vring initialization
webRTC(1257473)  E 10-03 22:54:12 1257473 1257627 shared_fd.cpp:301] cannot connect to 3:6900
webRTC(1257473)  E 10-03 22:54:12 1257473 1257627 vsock_connection.cpp:224] Failed to connect:UNAVAILABLE: StrError(): Connection reset by peer
log_tee(1257448)  D 10-03 22:54:12 1257448 1257448 log_tee.cpp:185] [WARN  vhost_device_vsock::vhu_vsock] Received a backend event before vring initialization
adb_connector(1257476)  D 10-03 22:54:13 1257476 1257482 adb_connection_maintainer.cpp:241] Watching for disconnect on 127.0.0.1:6520
adb_connector(1257476)  W 10-03 22:54:13 1257476 1257482 adb_connection_maintainer.cpp:250] transport message failed, response body: device '127.0.0.1:6520' not found
adb_connector(1257476)  D 10-03 22:54:13 1257476 1257482 adb_connection_maintainer.cpp:285] Sending adb disconnect
webRTC(1257473)  E 10-03 22:54:13 1257473 1257627 shared_fd.cpp:301] cannot connect to 3:6900
webRTC(1257473)  E 10-03 22:54:13 1257473 1257627 vsock_connection.cpp:224] Failed to connect:UNAVAILABLE: StrError(): Connection reset by peer
log_tee(1257448)  D 10-03 22:54:13 1257448 1257448 log_tee.cpp:185] [WARN  vhost_device_vsock::vhu_vsock] Received a backend event before vring initialization
webRTC(1257473)  E 10-03 22:54:14 1257473 1257627 shared_fd.cpp:301] cannot connect to 3:6900
webRTC(1257473)  E 10-03 22:54:14 1257473 1257627 vsock_connection.cpp:224] Failed to connect:UNAVAILABLE: StrError(): Connection reset by peer
log_tee(1257448)  D 10-03 22:54:14 1257448 1257448 log_tee.cpp:185] [WARN  vhost_device_vsock::vhu_vsock] Received a backend event before vring initialization
webRTC(1257473)  E 10-03 22:54:15 1257473 1257627 shared_fd.cpp:301] cannot connect to 3:6900
webRTC(1257473)  E 10-03 22:54:15 1257473 1257627 vsock_connection.cpp:224] Failed to connect:UNAVAILABLE: StrError(): Connection reset by peer
log_tee(1257448)  D 10-03 22:54:15 1257448 1257448 log_tee.cpp:185] [WARN  vhost_device_vsock::vhu_vsock] Received a backend event before vring initialization
webRTC(1257473)  E 10-03 22:54:16 1257473 1257627 shared_fd.cpp:301] cannot connect to 3:6900
webRTC(1257473)  E 10-03 22:54:16 1257473 1257627 vsock_connection.cpp:224] Failed to connect:UNAVAILABLE: StrError(): Connection reset by peer
log_tee(1257448)  D 10-03 22:54:16 1257448 1257448 log_tee.cpp:185] [WARN  vhost_device_vsock::vhu_vsock] Received a backend event before vring initialization
webRTC(1257473)  E 10-03 22:54:17 1257473 1257627 shared_fd.cpp:301] cannot connect to 3:6900
webRTC(1257473)  E 10-03 22:54:17 1257473 1257627 vsock_connection.cpp:224] Failed to connect:UNAVAILABLE: StrError(): Connection reset by peer
log_tee(1257448)  D 10-03 22:54:17 1257448 1257448 log_tee.cpp:185] [WARN  vhost_device_vsock::vhu_vsock] Received a backend event before vring initialization
adb_connector(1257476)  D 10-03 22:54:18 1257476 1257482 adb_connection_maintainer.cpp:223] Attempting to connect to device with address 127.0.0.1:6520
adb_connector(1257476)  D 10-03 22:54:18 1257476 1257482 adb_connection_maintainer.cpp:227] adb connect message for 127.0.0.1:6520 successfully sent
webRTC(1257473)  E 10-03 22:54:18 1257473 1257627 shared_fd.cpp:301] cannot connect to 3:6900
webRTC(1257473)  E 10-03 22:54:18 1257473 1257627 vsock_connection.cpp:224] Failed to connect:UNAVAILABLE: StrError(): Connection reset by peer
log_tee(1257448)  D 10-03 22:54:18 1257448 1257448 log_tee.cpp:185] [WARN  vhost_device_vsock::vhu_vsock] Received a backend event before vring initialization
webRTC(1257473)  E 10-03 22:54:19 1257473 1257627 shared_fd.cpp:301] cannot connect to 3:6900
webRTC(1257473)  E 10-03 22:54:19 1257473 1257627 vsock_connection.cpp:224] Failed to connect:UNAVAILABLE: StrError(): Connection reset by peer
log_tee(1257448)  D 10-03 22:54:19 1257448 1257448 log_tee.cpp:185] [WARN  vhost_device_vsock::vhu_vsock] Received a backend event before vring initialization
webRTC(1257473)  E 10-03 22:54:20 1257473 1257627 shared_fd.cpp:301] cannot connect to 3:6900
webRTC(1257473)  E 10-03 22:54:20 1257473 1257627 vsock_connection.cpp:224] Failed to connect:UNAVAILABLE: StrError(): Connection reset by peer
log_tee(1257448)  D 10-03 22:54:20 1257448 1257448 log_tee.cpp:185] [WARN  vhost_device_vsock::vhu_vsock] Received a backend event before vring initialization
webRTC(1257473)  E 10-03 22:54:21 1257473 1257627 shared_fd.cpp:301] cannot connect to 3:6900
webRTC(1257473)  E 10-03 22:54:21 1257473 1257627 vsock_connection.cpp:224] Failed to connect:UNAVAILABLE: StrError(): Connection reset by peer
log_tee(1257448)  D 10-03 22:54:21 1257448 1257448 log_tee.cpp:185] [WARN  vhost_device_vsock::vhu_vsock] Received a backend event before vring initialization
webRTC(1257473)  E 10-03 22:54:22 1257473 1257627 shared_fd.cpp:301] cannot connect to 3:6900
webRTC(1257473)  E 10-03 22:54:22 1257473 1257627 vsock_connection.cpp:224] Failed to connect:UNAVAILABLE: StrError(): Connection reset by peer
log_tee(1257448)  D 10-03 22:54:22 1257448 1257448 log_tee.cpp:185] [WARN  vhost_device_vsock::vhu_vsock] Received a backend event before vring initialization
adb_connector(1257476)  D 10-03 22:54:23 1257476 1257482 adb_connection_maintainer.cpp:234] adb connected to 127.0.0.1:6520
webRTC(1257473)  E 10-03 22:54:23 1257473 1257627 shared_fd.cpp:301] cannot connect to 3:6900
webRTC(1257473)  E 10-03 22:54:23 1257473 1257627 vsock_connection.cpp:224] Failed to connect:UNAVAILABLE: StrError(): Connection reset by peer
log_tee(1257448)  D 10-03 22:54:23 1257448 1257448 log_tee.cpp:185] [WARN  vhost_device_vsock::vhu_vsock] Received a backend event before vring initialization
webRTC(1257473)  E 10-03 22:54:24 1257473 1257627 shared_fd.cpp:301] cannot connect to 3:6900
webRTC(1257473)  E 10-03 22:54:24 1257473 1257627 vsock_connection.cpp:224] Failed to connect:UNAVAILABLE: StrError(): Connection reset by peer
log_tee(1257448)  D 10-03 22:54:24 1257448 1257448 log_tee.cpp:185] [WARN  vhost_device_vsock::vhu_vsock] Received a backend event before vring initialization
webRTC(1257473)  E 10-03 22:54:25 1257473 1257627 shared_fd.cpp:301] cannot connect to 3:6900
log_tee(1257448)  D 10-03 22:54:25 1257448 1257448 log_tee.cpp:185] [WARN  vhost_device_vsock::vhu_vsock] Received a backend event before vring initialization
webRTC(1257473)  E 10-03 22:54:25 1257473 1257627 vsock_connection.cpp:224] Failed to connect:UNAVAILABLE: StrError(): Connection reset by peer
webRTC(1257473)  E 10-03 22:54:26 1257473 1257627 shared_fd.cpp:301] cannot connect to 3:6900
webRTC(1257473)  E 10-03 22:54:26 1257473 1257627 vsock_connection.cpp:224] Failed to connect:UNAVAILABLE: StrError(): Connection reset by peer
log_tee(1257448)  D 10-03 22:54:26 1257448 1257448 log_tee.cpp:185] [WARN  vhost_device_vsock::vhu_vsock] Received a backend event before vring initialization
webRTC(1257473)  E 10-03 22:54:27 1257473 1257627 shared_fd.cpp:301] cannot connect to 3:6900
log_tee(1257448)  D 10-03 22:54:27 1257448 1257448 log_tee.cpp:185] [WARN  vhost_device_vsock::vhu_vsock] Received a backend event before vring initialization
webRTC(1257473)  E 10-03 22:54:27 1257473 1257627 vsock_connection.cpp:224] Failed to connect:UNAVAILABLE: StrError(): Connection reset by peer
adb_connector(1257476)  D 10-03 22:54:28 1257476 1257482 adb_connection_maintainer.cpp:241] Watching for disconnect on 127.0.0.1:6520
adb_connector(1257476)  W 10-03 22:54:28 1257476 1257482 adb_connection_maintainer.cpp:250] transport message failed, response body: device '127.0.0.1:6520' not found
adb_connector(1257476)  D 10-03 22:54:28 1257476 1257482 adb_connection_maintainer.cpp:285] Sending adb disconnect
webRTC(1257473)  E 10-03 22:54:28 1257473 1257627 shared_fd.cpp:301] cannot connect to 3:6900
webRTC(1257473)  E 10-03 22:54:28 1257473 1257627 vsock_connection.cpp:224] Failed to connect:UNAVAILABLE: StrError(): Connection reset by peer
log_tee(1257448)  D 10-03 22:54:28 1257448 1257448 log_tee.cpp:185] [WARN  vhost_device_vsock::vhu_vsock] Received a backend event before vring initialization
webRTC(1257473)  E 10-03 22:54:29 1257473 1257627 shared_fd.cpp:301] cannot connect to 3:6900
webRTC(1257473)  E 10-03 22:54:29 1257473 1257627 vsock_connection.cpp:224] Failed to connect:UNAVAILABLE: StrError(): Connection reset by peer
log_tee(1257448)  D 10-03 22:54:29 1257448 1257448 log_tee.cpp:185] [WARN  vhost_device_vsock::vhu_vsock] Received a backend event before vring initialization
webRTC(1257473)  E 10-03 22:54:30 1257473 1257627 shared_fd.cpp:301] cannot connect to 3:6900
webRTC(1257473)  E 10-03 22:54:30 1257473 1257627 vsock_connection.cpp:224] Failed to connect:UNAVAILABLE: StrError(): Connection reset by peer
log_tee(1257448)  D 10-03 22:54:30 1257448 1257448 log_tee.cpp:185] [WARN  vhost_device_vsock::vhu_vsock] Received a backend event before vring initialization
webRTC(1257473)  E 10-03 22:54:31 1257473 1257627 shared_fd.cpp:301] cannot connect to 3:6900
webRTC(1257473)  E 10-03 22:54:31 1257473 1257627 vsock_connection.cpp:224] Failed to connect:UNAVAILABLE: StrError(): Connection reset by peer
log_tee(1257448)  D 10-03 22:54:31 1257448 1257448 log_tee.cpp:185] [WARN  vhost_device_vsock::vhu_vsock] Received a backend event before vring initialization
webRTC(1257473)  E 10-03 22:54:32 1257473 1257627 shared_fd.cpp:301] cannot connect to 3:6900
webRTC(1257473)  E 10-03 22:54:32 1257473 1257627 vsock_connection.cpp:224] Failed to connect:UNAVAILABLE: StrError(): Connection reset by peer
log_tee(1257448)  D 10-03 22:54:32 1257448 1257448 log_tee.cpp:185] [WARN  vhost_device_vsock::vhu_vsock] Received a backend event before vring initialization
adb_connector(1257476)  D 10-03 22:54:33 1257476 1257482 adb_connection_maintainer.cpp:223] Attempting to connect to device with address 127.0.0.1:6520
adb_connector(1257476)  D 10-03 22:54:33 1257476 1257482 adb_connection_maintainer.cpp:227] adb connect message for 127.0.0.1:6520 successfully sent
webRTC(1257473)  E 10-03 22:54:33 1257473 1257627 shared_fd.cpp:301] cannot connect to 3:6900
webRTC(1257473)  E 10-03 22:54:33 1257473 1257627 vsock_connection.cpp:224] Failed to connect:UNAVAILABLE: StrError(): Connection reset by peer
log_tee(1257448)  D 10-03 22:54:33 1257448 1257448 log_tee.cpp:185] [WARN  vhost_device_vsock::vhu_vsock] Received a backend event before vring initialization
webRTC(1257473)  E 10-03 22:54:34 1257473 1257627 shared_fd.cpp:301] cannot connect to 3:6900
webRTC(1257473)  E 10-03 22:54:34 1257473 1257627 vsock_connection.cpp:224] Failed to connect:UNAVAILABLE: StrError(): Connection reset by peer
log_tee(1257448)  D 10-03 22:54:34 1257448 1257448 log_tee.cpp:185] [WARN  vhost_device_vsock::vhu_vsock] Received a backend event before vring initialization
webRTC(1257473)  E 10-03 22:54:35 1257473 1257627 shared_fd.cpp:301] cannot connect to 3:6900
webRTC(1257473)  E 10-03 22:54:35 1257473 1257627 vsock_connection.cpp:224] Failed to connect:UNAVAILABLE: StrError(): Connection reset by peer
log_tee(1257448)  D 10-03 22:54:35 1257448 1257448 log_tee.cpp:185] [WARN  vhost_device_vsock::vhu_vsock] Received a backend event before vring initialization
webRTC(1257473)  E 10-03 22:54:36 1257473 1257627 shared_fd.cpp:301] cannot connect to 3:6900
webRTC(1257473)  E 10-03 22:54:36 1257473 1257627 vsock_connection.cpp:224] Failed to connect:UNAVAILABLE: StrError(): Connection reset by peer
log_tee(1257448)  D 10-03 22:54:36 1257448 1257448 log_tee.cpp:185] [WARN  vhost_device_vsock::vhu_vsock] Received a backend event before vring initialization
webRTC(1257473)  E 10-03 22:54:37 1257473 1257627 shared_fd.cpp:301] cannot connect to 3:6900
webRTC(1257473)  E 10-03 22:54:37 1257473 1257627 vsock_connection.cpp:224] Failed to connect:UNAVAILABLE: StrError(): Connection reset by peer
log_tee(1257448)  D 10-03 22:54:37 1257448 1257448 log_tee.cpp:185] [WARN  vhost_device_vsock::vhu_vsock] Received a backend event before vring initialization
adb_connector(1257476)  D 10-03 22:54:38 1257476 1257482 adb_connection_maintainer.cpp:234] adb connected to 127.0.0.1:6520
webRTC(1257473)  E 10-03 22:54:38 1257473 1257627 shared_fd.cpp:301] cannot connect to 3:6900
webRTC(1257473)  E 10-03 22:54:38 1257473 1257627 vsock_connection.cpp:224] Failed to connect:UNAVAILABLE: StrError(): Connection reset by peer
log_tee(1257448)  D 10-03 22:54:38 1257448 1257448 log_tee.cpp:185] [WARN  vhost_device_vsock::vhu_vsock] Received a backend event before vring initialization
webRTC(1257473)  E 10-03 22:54:39 1257473 1257627 shared_fd.cpp:301] cannot connect to 3:6900
webRTC(1257473)  E 10-03 22:54:39 1257473 1257627 vsock_connection.cpp:224] Failed to connect:UNAVAILABLE: StrError(): Connection reset by peer
log_tee(1257448)  D 10-03 22:54:39 1257448 1257448 log_tee.cpp:185] [WARN  vhost_device_vsock::vhu_vsock] Received a backend event before vring initialization
webRTC(1257473)  E 10-03 22:54:40 1257473 1257627 shared_fd.cpp:301] cannot connect to 3:6900
webRTC(1257473)  E 10-03 22:54:40 1257473 1257627 vsock_connection.cpp:224] Failed to connect:UNAVAILABLE: StrError(): Connection reset by peer
log_tee(1257448)  D 10-03 22:54:40 1257448 1257448 log_tee.cpp:185] [WARN  vhost_device_vsock::vhu_vsock] Received a backend event before vring initialization
webRTC(1257473)  E 10-03 22:54:41 1257473 1257627 shared_fd.cpp:301] cannot connect to 3:6900
webRTC(1257473)  E 10-03 22:54:41 1257473 1257627 vsock_connection.cpp:224] Failed to connect:UNAVAILABLE: StrError(): Connection reset by peer
log_tee(1257448)  D 10-03 22:54:41 1257448 1257448 log_tee.cpp:185] [WARN  vhost_device_vsock::vhu_vsock] Received a backend event before vring initialization
webRTC(1257473)  E 10-03 22:54:42 1257473 1257627 shared_fd.cpp:301] cannot connect to 3:6900
webRTC(1257473)  E 10-03 22:54:42 1257473 1257627 vsock_connection.cpp:224] Failed to connect:UNAVAILABLE: StrError(): Connection reset by peer
log_tee(1257448)  D 10-03 22:54:42 1257448 1257448 log_tee.cpp:185] [WARN  vhost_device_vsock::vhu_vsock] Received a backend event before vring initialization
adb_connector(1257476)  D 10-03 22:54:43 1257476 1257482 adb_connection_maintainer.cpp:241] Watching for disconnect on 127.0.0.1:6520
adb_connector(1257476)  W 10-03 22:54:43 1257476 1257482 adb_connection_maintainer.cpp:250] transport message failed, response body: device '127.0.0.1:6520' not found
adb_connector(1257476)  D 10-03 22:54:43 1257476 1257482 adb_connection_maintainer.cpp:285] Sending adb disconnect
webRTC(1257473)  E 10-03 22:54:43 1257473 1257627 shared_fd.cpp:301] cannot connect to 3:6900
webRTC(1257473)  E 10-03 22:54:43 1257473 1257627 vsock_connection.cpp:224] Failed to connect:UNAVAILABLE: StrError(): Connection reset by peer
log_tee(1257448)  D 10-03 22:54:43 1257448 1257448 log_tee.cpp:185] [WARN  vhost_device_vsock::vhu_vsock] Received a backend event before vring initialization
webRTC(1257473)  E 10-03 22:54:44 1257473 1257627 shared_fd.cpp:301] cannot connect to 3:6900
webRTC(1257473)  E 10-03 22:54:44 1257473 1257627 vsock_connection.cpp:224] Failed to connect:UNAVAILABLE: StrError(): Connection reset by peer
log_tee(1257448)  D 10-03 22:54:44 1257448 1257448 log_tee.cpp:185] [WARN  vhost_device_vsock::vhu_vsock] Received a backend event before vring initialization
webRTC(1257473)  E 10-03 22:54:45 1257473 1257627 shared_fd.cpp:301] cannot connect to 3:6900
log_tee(1257448)  D 10-03 22:54:45 1257448 1257448 log_tee.cpp:185] [WARN  vhost_device_vsock::vhu_vsock] Received a backend event before vring initialization
webRTC(1257473)  E 10-03 22:54:45 1257473 1257627 vsock_connection.cpp:224] Failed to connect:UNAVAILABLE: StrError(): Connection reset by peer
webRTC(1257473)  E 10-03 22:54:46 1257473 1257627 shared_fd.cpp:301] cannot connect to 3:6900
log_tee(1257448)  D 10-03 22:54:46 1257448 1257448 log_tee.cpp:185] [WARN  vhost_device_vsock::vhu_vsock] Received a backend event before vring initialization
webRTC(1257473)  E 10-03 22:54:46 1257473 1257627 vsock_connection.cpp:224] Failed to connect:UNAVAILABLE: StrError(): Connection reset by peer
webRTC(1257473)  E 10-03 22:54:47 1257473 1257627 shared_fd.cpp:301] cannot connect to 3:6900
webRTC(1257473)  E 10-03 22:54:47 1257473 1257627 vsock_connection.cpp:224] Failed to connect:UNAVAILABLE: StrError(): Connection reset by peer
log_tee(1257448)  D 10-03 22:54:47 1257448 1257448 log_tee.cpp:185] [WARN  vhost_device_vsock::vhu_vsock] Received a backend event before vring initialization
adb_connector(1257476)  D 10-03 22:54:48 1257476 1257482 adb_connection_maintainer.cpp:223] Attempting to connect to device with address 127.0.0.1:6520
adb_connector(1257476)  D 10-03 22:54:48 1257476 1257482 adb_connection_maintainer.cpp:227] adb connect message for 127.0.0.1:6520 successfully sent
webRTC(1257473)  E 10-03 22:54:48 1257473 1257627 shared_fd.cpp:301] cannot connect to 3:6900
log_tee(1257448)  D 10-03 22:54:48 1257448 1257448 log_tee.cpp:185] [WARN  vhost_device_vsock::vhu_vsock] Received a backend event before vring initialization
webRTC(1257473)  E 10-03 22:54:48 1257473 1257627 vsock_connection.cpp:224] Failed to connect:UNAVAILABLE: StrError(): Connection reset by peer
webRTC(1257473)  E 10-03 22:54:49 1257473 1257627 shared_fd.cpp:301] cannot connect to 3:6900
log_tee(1257448)  D 10-03 22:54:49 1257448 1257448 log_tee.cpp:185] [WARN  vhost_device_vsock::vhu_vsock] Received a backend event before vring initialization
webRTC(1257473)  E 10-03 22:54:49 1257473 1257627 vsock_connection.cpp:224] Failed to connect:UNAVAILABLE: StrError(): Connection reset by peer
webRTC(1257473)  E 10-03 22:54:50 1257473 1257627 shared_fd.cpp:301] cannot connect to 3:6900
webRTC(1257473)  E 10-03 22:54:50 1257473 1257627 vsock_connection.cpp:224] Failed to connect:UNAVAILABLE: StrError(): Connection reset by peer
log_tee(1257448)  D 10-03 22:54:50 1257448 1257448 log_tee.cpp:185] [WARN  vhost_device_vsock::vhu_vsock] Received a backend event before vring initialization
webRTC(1257473)  E 10-03 22:54:51 1257473 1257627 shared_fd.cpp:301] cannot connect to 3:6900
webRTC(1257473)  E 10-03 22:54:51 1257473 1257627 vsock_connection.cpp:224] Failed to connect:UNAVAILABLE: StrError(): Connection reset by peer
log_tee(1257448)  D 10-03 22:54:51 1257448 1257448 log_tee.cpp:185] [WARN  vhost_device_vsock::vhu_vsock] Received a backend event before vring initialization
webRTC(1257473)  E 10-03 22:54:52 1257473 1257627 shared_fd.cpp:301] cannot connect to 3:6900
webRTC(1257473)  E 10-03 22:54:52 1257473 1257627 vsock_connection.cpp:224] Failed to connect:UNAVAILABLE: StrError(): Connection reset by peer
log_tee(1257448)  D 10-03 22:54:52 1257448 1257448 log_tee.cpp:185] [WARN  vhost_device_vsock::vhu_vsock] Received a backend event before vring initialization
adb_connector(1257476)  D 10-03 22:54:53 1257476 1257482 adb_connection_maintainer.cpp:234] adb connected to 127.0.0.1:6520
webRTC(1257473)  E 10-03 22:54:53 1257473 1257627 shared_fd.cpp:301] cannot connect to 3:6900
webRTC(1257473)  E 10-03 22:54:53 1257473 1257627 vsock_connection.cpp:224] Failed to connect:UNAVAILABLE: StrError(): Connection reset by peer
log_tee(1257448)  D 10-03 22:54:53 1257448 1257448 log_tee.cpp:185] [WARN  vhost_device_vsock::vhu_vsock] Received a backend event before vring initialization
webRTC(1257473)  E 10-03 22:54:54 1257473 1257627 shared_fd.cpp:301] cannot connect to 3:6900
log_tee(1257448)  D 10-03 22:54:54 1257448 1257448 log_tee.cpp:185] [WARN  vhost_device_vsock::vhu_vsock] Received a backend event before vring initialization
webRTC(1257473)  E 10-03 22:54:54 1257473 1257627 vsock_connection.cpp:224] Failed to connect:UNAVAILABLE: StrError(): Connection reset by peer
webRTC(1257473)  E 10-03 22:54:55 1257473 1257627 shared_fd.cpp:301] cannot connect to 3:6900
webRTC(1257473)  E 10-03 22:54:55 1257473 1257627 vsock_connection.cpp:224] Failed to connect:UNAVAILABLE: StrError(): Connection reset by peer
log_tee(1257448)  D 10-03 22:54:55 1257448 1257448 log_tee.cpp:185] [WARN  vhost_device_vsock::vhu_vsock] Received a backend event before vring initialization
webRTC(1257473)  E 10-03 22:54:56 1257473 1257627 shared_fd.cpp:301] cannot connect to 3:6900
webRTC(1257473)  E 10-03 22:54:56 1257473 1257627 vsock_connection.cpp:224] Failed to connect:UNAVAILABLE: StrError(): Connection reset by peer
log_tee(1257448)  D 10-03 22:54:56 1257448 1257448 log_tee.cpp:185] [WARN  vhost_device_vsock::vhu_vsock] Received a backend event before vring initialization
webRTC(1257473)  E 10-03 22:54:57 1257473 1257627 shared_fd.cpp:301] cannot connect to 3:6900
webRTC(1257473)  E 10-03 22:54:57 1257473 1257627 vsock_connection.cpp:224] Failed to connect:UNAVAILABLE: StrError(): Connection reset by peer
log_tee(1257448)  D 10-03 22:54:57 1257448 1257448 log_tee.cpp:185] [WARN  vhost_device_vsock::vhu_vsock] Received a backend event before vring initialization
adb_connector(1257476)  D 10-03 22:54:58 1257476 1257482 adb_connection_maintainer.cpp:241] Watching for disconnect on 127.0.0.1:6520
adb_connector(1257476)  W 10-03 22:54:58 1257476 1257482 adb_connection_maintainer.cpp:250] transport message failed, response body: device '127.0.0.1:6520' not found
adb_connector(1257476)  D 10-03 22:54:58 1257476 1257482 adb_connection_maintainer.cpp:285] Sending adb disconnect
webRTC(1257473)  E 10-03 22:54:58 1257473 1257627 shared_fd.cpp:301] cannot connect to 3:6900
webRTC(1257473)  E 10-03 22:54:58 1257473 1257627 vsock_connection.cpp:224] Failed to connect:UNAVAILABLE: StrError(): Connection reset by peer
log_tee(1257448)  D 10-03 22:54:58 1257448 1257448 log_tee.cpp:185] [WARN  vhost_device_vsock::vhu_vsock] Received a backend event before vring initialization
webRTC(1257473)  E 10-03 22:54:59 1257473 1257627 shared_fd.cpp:301] cannot connect to 3:6900
webRTC(1257473)  E 10-03 22:54:59 1257473 1257627 vsock_connection.cpp:224] Failed to connect:UNAVAILABLE: StrError(): Connection reset by peer
log_tee(1257448)  D 10-03 22:54:59 1257448 1257448 log_tee.cpp:185] [WARN  vhost_device_vsock::vhu_vsock] Received a backend event before vring initialization
webRTC(1257473)  E 10-03 22:55:00 1257473 1257627 shared_fd.cpp:301] cannot connect to 3:6900
webRTC(1257473)  E 10-03 22:55:00 1257473 1257627 vsock_connection.cpp:224] Failed to connect:UNAVAILABLE: StrError(): Connection reset by peer
log_tee(1257448)  D 10-03 22:55:00 1257448 1257448 log_tee.cpp:185] [WARN  vhost_device_vsock::vhu_vsock] Received a backend event before vring initialization
webRTC(1257473)  E 10-03 22:55:01 1257473 1257627 shared_fd.cpp:301] cannot connect to 3:6900
webRTC(1257473)  E 10-03 22:55:01 1257473 1257627 vsock_connection.cpp:224] Failed to connect:UNAVAILABLE: StrError(): Connection reset by peer
log_tee(1257448)  D 10-03 22:55:01 1257448 1257448 log_tee.cpp:185] [WARN  vhost_device_vsock::vhu_vsock] Received a backend event before vring initialization
webRTC(1257473)  E 10-03 22:55:02 1257473 1257627 shared_fd.cpp:301] cannot connect to 3:6900
webRTC(1257473)  E 10-03 22:55:02 1257473 1257627 vsock_connection.cpp:224] Failed to connect:UNAVAILABLE: StrError(): Connection reset by peer
log_tee(1257448)  D 10-03 22:55:02 1257448 1257448 log_tee.cpp:185] [WARN  vhost_device_vsock::vhu_vsock] Received a backend event before vring initialization
adb_connector(1257476)  D 10-03 22:55:03 1257476 1257482 adb_connection_maintainer.cpp:223] Attempting to connect to device with address 127.0.0.1:6520
adb_connector(1257476)  D 10-03 22:55:03 1257476 1257482 adb_connection_maintainer.cpp:227] adb connect message for 127.0.0.1:6520 successfully sent
log_tee(1257448)  D 10-03 22:55:03 1257448 1257448 log_tee.cpp:185] [WARN  vhost_device_vsock::vhu_vsock] Received a backend event before vring initialization
webRTC(1257473)  E 10-03 22:55:03 1257473 1257627 shared_fd.cpp:301] cannot connect to 3:6900
webRTC(1257473)  E 10-03 22:55:03 1257473 1257627 vsock_connection.cpp:224] Failed to connect:UNAVAILABLE: StrError(): Connection reset by peer
webRTC(1257473)  E 10-03 22:55:04 1257473 1257627 shared_fd.cpp:301] cannot connect to 3:6900
webRTC(1257473)  E 10-03 22:55:04 1257473 1257627 vsock_connection.cpp:224] Failed to connect:UNAVAILABLE: StrError(): Connection reset by peer
log_tee(1257448)  D 10-03 22:55:04 1257448 1257448 log_tee.cpp:185] [WARN  vhost_device_vsock::vhu_vsock] Received a backend event before vring initialization
webRTC(1257473)  E 10-03 22:55:05 1257473 1257627 shared_fd.cpp:301] cannot connect to 3:6900
webRTC(1257473)  E 10-03 22:55:05 1257473 1257627 vsock_connection.cpp:224] Failed to connect:UNAVAILABLE: StrError(): Connection reset by peer
log_tee(1257448)  D 10-03 22:55:05 1257448 1257448 log_tee.cpp:185] [WARN  vhost_device_vsock::vhu_vsock] Received a backend event before vring initialization
webRTC(1257473)  E 10-03 22:55:06 1257473 1257627 shared_fd.cpp:301] cannot connect to 3:6900
webRTC(1257473)  E 10-03 22:55:06 1257473 1257627 vsock_connection.cpp:224] Failed to connect:UNAVAILABLE: StrError(): Connection reset by peer
log_tee(1257448)  D 10-03 22:55:06 1257448 1257448 log_tee.cpp:185] [WARN  vhost_device_vsock::vhu_vsock] Received a backend event before vring initialization
webRTC(1257473)  E 10-03 22:55:07 1257473 1257627 shared_fd.cpp:301] cannot connect to 3:6900
log_tee(1257448)  D 10-03 22:55:07 1257448 1257448 log_tee.cpp:185] [WARN  vhost_device_vsock::vhu_vsock] Received a backend event before vring initialization
webRTC(1257473)  E 10-03 22:55:07 1257473 1257627 vsock_connection.cpp:224] Failed to connect:UNAVAILABLE: StrError(): Connection reset by peer
adb_connector(1257476)  D 10-03 22:55:08 1257476 1257482 adb_connection_maintainer.cpp:234] adb connected to 127.0.0.1:6520
webRTC(1257473)  E 10-03 22:55:08 1257473 1257627 shared_fd.cpp:301] cannot connect to 3:6900
webRTC(1257473)  E 10-03 22:55:08 1257473 1257627 vsock_connection.cpp:224] Failed to connect:UNAVAILABLE: StrError(): Connection reset by peer
log_tee(1257448)  D 10-03 22:55:08 1257448 1257448 log_tee.cpp:185] [WARN  vhost_device_vsock::vhu_vsock] Received a backend event before vring initialization
webRTC(1257473)  E 10-03 22:55:09 1257473 1257627 shared_fd.cpp:301] cannot connect to 3:6900
webRTC(1257473)  E 10-03 22:55:09 1257473 1257627 vsock_connection.cpp:224] Failed to connect:UNAVAILABLE: StrError(): Connection reset by peer
log_tee(1257448)  D 10-03 22:55:09 1257448 1257448 log_tee.cpp:185] [WARN  vhost_device_vsock::vhu_vsock] Received a backend event before vring initialization
webRTC(1257473)  E 10-03 22:55:10 1257473 1257627 shared_fd.cpp:301] cannot connect to 3:6900
webRTC(1257473)  E 10-03 22:55:10 1257473 1257627 vsock_connection.cpp:224] Failed to connect:UNAVAILABLE: StrError(): Connection reset by peer
log_tee(1257448)  D 10-03 22:55:10 1257448 1257448 log_tee.cpp:185] [WARN  vhost_device_vsock::vhu_vsock] Received a backend event before vring initialization
webRTC(1257473)  E 10-03 22:55:11 1257473 1257627 shared_fd.cpp:301] cannot connect to 3:6900
webRTC(1257473)  E 10-03 22:55:11 1257473 1257627 vsock_connection.cpp:224] Failed to connect:UNAVAILABLE: StrError(): Connection reset by peer
log_tee(1257448)  D 10-03 22:55:11 1257448 1257448 log_tee.cpp:185] [WARN  vhost_device_vsock::vhu_vsock] Received a backend event before vring initialization
webRTC(1257473)  E 10-03 22:55:12 1257473 1257627 shared_fd.cpp:301] cannot connect to 3:6900
webRTC(1257473)  E 10-03 22:55:12 1257473 1257627 vsock_connection.cpp:224] Failed to connect:UNAVAILABLE: StrError(): Connection reset by peer
log_tee(1257448)  D 10-03 22:55:12 1257448 1257448 log_tee.cpp:185] [WARN  vhost_device_vsock::vhu_vsock] Received a backend event before vring initialization
adb_connector(1257476)  D 10-03 22:55:13 1257476 1257482 adb_connection_maintainer.cpp:241] Watching for disconnect on 127.0.0.1:6520
adb_connector(1257476)  W 10-03 22:55:13 1257476 1257482 adb_connection_maintainer.cpp:250] transport message failed, response body: device '127.0.0.1:6520' not found
adb_connector(1257476)  D 10-03 22:55:13 1257476 1257482 adb_connection_maintainer.cpp:285] Sending adb disconnect
webRTC(1257473)  E 10-03 22:55:13 1257473 1257627 shared_fd.cpp:301] cannot connect to 3:6900
webRTC(1257473)  E 10-03 22:55:13 1257473 1257627 vsock_connection.cpp:224] Failed to connect:UNAVAILABLE: StrError(): Connection reset by peer
log_tee(1257448)  D 10-03 22:55:13 1257448 1257448 log_tee.cpp:185] [WARN  vhost_device_vsock::vhu_vsock] Received a backend event before vring initialization
webRTC(1257473)  E 10-03 22:55:14 1257473 1257627 shared_fd.cpp:301] cannot connect to 3:6900
webRTC(1257473)  E 10-03 22:55:14 1257473 1257627 vsock_connection.cpp:224] Failed to connect:UNAVAILABLE: StrError(): Connection reset by peer
log_tee(1257448)  D 10-03 22:55:14 1257448 1257448 log_tee.cpp:185] [WARN  vhost_device_vsock::vhu_vsock] Received a backend event before vring initialization
webRTC(1257473)  E 10-03 22:55:15 1257473 1257627 shared_fd.cpp:301] cannot connect to 3:6900
webRTC(1257473)  E 10-03 22:55:15 1257473 1257627 vsock_connection.cpp:224] Failed to connect:UNAVAILABLE: StrError(): Connection reset by peer
log_tee(1257448)  D 10-03 22:55:15 1257448 1257448 log_tee.cpp:185] [WARN  vhost_device_vsock::vhu_vsock] Received a backend event before vring initialization
webRTC(1257473)  E 10-03 22:55:16 1257473 1257627 shared_fd.cpp:301] cannot connect to 3:6900
log_tee(1257448)  D 10-03 22:55:16 1257448 1257448 log_tee.cpp:185] [WARN  vhost_device_vsock::vhu_vsock] Received a backend event before vring initialization
webRTC(1257473)  E 10-03 22:55:16 1257473 1257627 vsock_connection.cpp:224] Failed to connect:UNAVAILABLE: StrError(): Connection reset by peer
webRTC(1257473)  E 10-03 22:55:17 1257473 1257627 shared_fd.cpp:301] cannot connect to 3:6900
webRTC(1257473)  E 10-03 22:55:17 1257473 1257627 vsock_connection.cpp:224] Failed to connect:UNAVAILABLE: StrError(): Connection reset by peer
log_tee(1257448)  D 10-03 22:55:17 1257448 1257448 log_tee.cpp:185] [WARN  vhost_device_vsock::vhu_vsock] Received a backend event before vring initialization
adb_connector(1257476)  D 10-03 22:55:18 1257476 1257482 adb_connection_maintainer.cpp:223] Attempting to connect to device with address 127.0.0.1:6520
adb_connector(1257476)  D 10-03 22:55:18 1257476 1257482 adb_connection_maintainer.cpp:227] adb connect message for 127.0.0.1:6520 successfully sent
webRTC(1257473)  E 10-03 22:55:18 1257473 1257627 shared_fd.cpp:301] cannot connect to 3:6900
webRTC(1257473)  E 10-03 22:55:18 1257473 1257627 vsock_connection.cpp:224] Failed to connect:UNAVAILABLE: StrError(): Connection reset by peer
log_tee(1257448)  D 10-03 22:55:18 1257448 1257448 log_tee.cpp:185] [WARN  vhost_device_vsock::vhu_vsock] Received a backend event before vring initialization
webRTC(1257473)  E 10-03 22:55:19 1257473 1257627 shared_fd.cpp:301] cannot connect to 3:6900
webRTC(1257473)  E 10-03 22:55:19 1257473 1257627 vsock_connection.cpp:224] Failed to connect:UNAVAILABLE: StrError(): Connection reset by peer
log_tee(1257448)  D 10-03 22:55:19 1257448 1257448 log_tee.cpp:185] [WARN  vhost_device_vsock::vhu_vsock] Received a backend event before vring initialization
webRTC(1257473)  E 10-03 22:55:20 1257473 1257627 shared_fd.cpp:301] cannot connect to 3:6900
log_tee(1257448)  D 10-03 22:55:20 1257448 1257448 log_tee.cpp:185] [WARN  vhost_device_vsock::vhu_vsock] Received a backend event before vring initialization
webRTC(1257473)  E 10-03 22:55:20 1257473 1257627 vsock_connection.cpp:224] Failed to connect:UNAVAILABLE: StrError(): Connection reset by peer
webRTC(1257473)  E 10-03 22:55:21 1257473 1257627 shared_fd.cpp:301] cannot connect to 3:6900
webRTC(1257473)  E 10-03 22:55:21 1257473 1257627 vsock_connection.cpp:224] Failed to connect:UNAVAILABLE: StrError(): Connection reset by peer
log_tee(1257448)  D 10-03 22:55:21 1257448 1257448 log_tee.cpp:185] [WARN  vhost_device_vsock::vhu_vsock] Received a backend event before vring initialization
webRTC(1257473)  E 10-03 22:55:22 1257473 1257627 shared_fd.cpp:301] cannot connect to 3:6900
webRTC(1257473)  E 10-03 22:55:22 1257473 1257627 vsock_connection.cpp:224] Failed to connect:UNAVAILABLE: StrError(): Connection reset by peer
log_tee(1257448)  D 10-03 22:55:22 1257448 1257448 log_tee.cpp:185] [WARN  vhost_device_vsock::vhu_vsock] Received a backend event before vring initialization
adb_connector(1257476)  D 10-03 22:55:23 1257476 1257482 adb_connection_maintainer.cpp:234] adb connected to 127.0.0.1:6520
webRTC(1257473)  E 10-03 22:55:23 1257473 1257627 shared_fd.cpp:301] cannot connect to 3:6900
webRTC(1257473)  E 10-03 22:55:23 1257473 1257627 vsock_connection.cpp:224] Failed to connect:UNAVAILABLE: StrError(): Connection reset by peer
log_tee(1257448)  D 10-03 22:55:23 1257448 1257448 log_tee.cpp:185] [WARN  vhost_device_vsock::vhu_vsock] Received a backend event before vring initialization
webRTC(1257473)  E 10-03 22:55:24 1257473 1257627 shared_fd.cpp:301] cannot connect to 3:6900
webRTC(1257473)  E 10-03 22:55:24 1257473 1257627 vsock_connection.cpp:224] Failed to connect:UNAVAILABLE: StrError(): Connection reset by peer
log_tee(1257448)  D 10-03 22:55:24 1257448 1257448 log_tee.cpp:185] [WARN  vhost_device_vsock::vhu_vsock] Received a backend event before vring initialization
webRTC(1257473)  E 10-03 22:55:25 1257473 1257627 shared_fd.cpp:301] cannot connect to 3:6900
webRTC(1257473)  E 10-03 22:55:25 1257473 1257627 vsock_connection.cpp:224] Failed to connect:UNAVAILABLE: StrError(): Connection reset by peer
log_tee(1257448)  D 10-03 22:55:25 1257448 1257448 log_tee.cpp:185] [WARN  vhost_device_vsock::vhu_vsock] Received a backend event before vring initialization
webRTC(1257473)  E 10-03 22:55:26 1257473 1257627 shared_fd.cpp:301] cannot connect to 3:6900
webRTC(1257473)  E 10-03 22:55:26 1257473 1257627 vsock_connection.cpp:224] Failed to connect:UNAVAILABLE: StrError(): Connection reset by peer
log_tee(1257448)  D 10-03 22:55:26 1257448 1257448 log_tee.cpp:185] [WARN  vhost_device_vsock::vhu_vsock] Received a backend event before vring initialization
webRTC(1257473)  E 10-03 22:55:27 1257473 1257627 shared_fd.cpp:301] cannot connect to 3:6900
webRTC(1257473)  E 10-03 22:55:27 1257473 1257627 vsock_connection.cpp:224] Failed to connect:UNAVAILABLE: StrError(): Connection reset by peer
log_tee(1257448)  D 10-03 22:55:27 1257448 1257448 log_tee.cpp:185] [WARN  vhost_device_vsock::vhu_vsock] Received a backend event before vring initialization
adb_connector(1257476)  D 10-03 22:55:28 1257476 1257482 adb_connection_maintainer.cpp:241] Watching for disconnect on 127.0.0.1:6520
adb_connector(1257476)  W 10-03 22:55:28 1257476 1257482 adb_connection_maintainer.cpp:250] transport message failed, response body: device '127.0.0.1:6520' not found
adb_connector(1257476)  D 10-03 22:55:28 1257476 1257482 adb_connection_maintainer.cpp:285] Sending adb disconnect
webRTC(1257473)  E 10-03 22:55:28 1257473 1257627 shared_fd.cpp:301] cannot connect to 3:6900
webRTC(1257473)  E 10-03 22:55:28 1257473 1257627 vsock_connection.cpp:224] Failed to connect:OK
log_tee(1257448)  D 10-03 22:55:28 1257448 1257448 log_tee.cpp:185] [WARN  vhost_device_vsock::vhu_vsock] Received a backend event before vring initialization
webRTC(1257473)  E 10-03 22:55:29 1257473 1257627 shared_fd.cpp:301] cannot connect to 3:6900
webRTC(1257473)  E 10-03 22:55:29 1257473 1257627 vsock_connection.cpp:224] Failed to connect:UNAVAILABLE: StrError(): Connection reset by peer
log_tee(1257448)  D 10-03 22:55:29 1257448 1257448 log_tee.cpp:185] [WARN  vhost_device_vsock::vhu_vsock] Received a backend event before vring initialization
webRTC(1257473)  E 10-03 22:55:30 1257473 1257627 shared_fd.cpp:301] cannot connect to 3:6900
webRTC(1257473)  E 10-03 22:55:30 1257473 1257627 vsock_connection.cpp:224] Failed to connect:UNAVAILABLE: StrError(): Connection reset by peer
log_tee(1257448)  D 10-03 22:55:30 1257448 1257448 log_tee.cpp:185] [WARN  vhost_device_vsock::vhu_vsock] Received a backend event before vring initialization
webRTC(1257473)  E 10-03 22:55:31 1257473 1257627 shared_fd.cpp:301] cannot connect to 3:6900
webRTC(1257473)  E 10-03 22:55:31 1257473 1257627 vsock_connection.cpp:224] Failed to connect:UNAVAILABLE: StrError(): Connection reset by peer
log_tee(1257448)  D 10-03 22:55:31 1257448 1257448 log_tee.cpp:185] [WARN  vhost_device_vsock::vhu_vsock] Received a backend event before vring initialization
webRTC(1257473)  E 10-03 22:55:32 1257473 1257627 shared_fd.cpp:301] cannot connect to 3:6900
webRTC(1257473)  E 10-03 22:55:32 1257473 1257627 vsock_connection.cpp:224] Failed to connect:UNAVAILABLE: StrError(): Connection reset by peer
log_tee(1257448)  D 10-03 22:55:32 1257448 1257448 log_tee.cpp:185] [WARN  vhost_device_vsock::vhu_vsock] Received a backend event before vring initialization
adb_connector(1257476)  D 10-03 22:55:33 1257476 1257482 adb_connection_maintainer.cpp:223] Attempting to connect to device with address 127.0.0.1:6520
adb_connector(1257476)  D 10-03 22:55:33 1257476 1257482 adb_connection_maintainer.cpp:227] adb connect message for 127.0.0.1:6520 successfully sent
webRTC(1257473)  E 10-03 22:55:33 1257473 1257627 shared_fd.cpp:301] cannot connect to 3:6900
webRTC(1257473)  E 10-03 22:55:33 1257473 1257627 vsock_connection.cpp:224] Failed to connect:UNAVAILABLE: StrError(): Connection reset by peer
log_tee(1257448)  D 10-03 22:55:33 1257448 1257448 log_tee.cpp:185] [WARN  vhost_device_vsock::vhu_vsock] Received a backend event before vring initialization
webRTC(1257473)  E 10-03 22:55:34 1257473 1257627 shared_fd.cpp:301] cannot connect to 3:6900
webRTC(1257473)  E 10-03 22:55:34 1257473 1257627 vsock_connection.cpp:224] Failed to connect:UNAVAILABLE: StrError(): Connection reset by peer
log_tee(1257448)  D 10-03 22:55:34 1257448 1257448 log_tee.cpp:185] [WARN  vhost_device_vsock::vhu_vsock] Received a backend event before vring initialization
webRTC(1257473)  E 10-03 22:55:35 1257473 1257627 shared_fd.cpp:301] cannot connect to 3:6900
webRTC(1257473)  E 10-03 22:55:35 1257473 1257627 vsock_connection.cpp:224] Failed to connect:UNAVAILABLE: StrError(): Connection reset by peer
log_tee(1257448)  D 10-03 22:55:35 1257448 1257448 log_tee.cpp:185] [WARN  vhost_device_vsock::vhu_vsock] Received a backend event before vring initialization
webRTC(1257473)  E 10-03 22:55:36 1257473 1257627 shared_fd.cpp:301] cannot connect to 3:6900
webRTC(1257473)  E 10-03 22:55:36 1257473 1257627 vsock_connection.cpp:224] Failed to connect:UNAVAILABLE: StrError(): Connection reset by peer
log_tee(1257448)  D 10-03 22:55:36 1257448 1257448 log_tee.cpp:185] [WARN  vhost_device_vsock::vhu_vsock] Received a backend event before vring initialization
webRTC(1257473)  E 10-03 22:55:37 1257473 1257627 shared_fd.cpp:301] cannot connect to 3:6900
webRTC(1257473)  E 10-03 22:55:37 1257473 1257627 vsock_connection.cpp:224] Failed to connect:UNAVAILABLE: StrError(): Connection reset by peer
log_tee(1257448)  D 10-03 22:55:37 1257448 1257448 log_tee.cpp:185] [WARN  vhost_device_vsock::vhu_vsock] Received a backend event before vring initialization
adb_connector(1257476)  D 10-03 22:55:38 1257476 1257482 adb_connection_maintainer.cpp:234] adb connected to 127.0.0.1:6520
webRTC(1257473)  E 10-03 22:55:38 1257473 1257627 shared_fd.cpp:301] cannot connect to 3:6900
webRTC(1257473)  E 10-03 22:55:38 1257473 1257627 vsock_connection.cpp:224] Failed to connect:UNAVAILABLE: StrError(): Connection reset by peer
log_tee(1257448)  D 10-03 22:55:38 1257448 1257448 log_tee.cpp:185] [WARN  vhost_device_vsock::vhu_vsock] Received a backend event before vring initialization
webRTC(1257473)  E 10-03 22:55:39 1257473 1257627 shared_fd.cpp:301] cannot connect to 3:6900
webRTC(1257473)  E 10-03 22:55:39 1257473 1257627 vsock_connection.cpp:224] Failed to connect:UNAVAILABLE: StrError(): Connection reset by peer
log_tee(1257448)  D 10-03 22:55:39 1257448 1257448 log_tee.cpp:185] [WARN  vhost_device_vsock::vhu_vsock] Received a backend event before vring initialization
webRTC(1257473)  E 10-03 22:55:40 1257473 1257627 shared_fd.cpp:301] cannot connect to 3:6900
webRTC(1257473)  E 10-03 22:55:40 1257473 1257627 vsock_connection.cpp:224] Failed to connect:UNAVAILABLE: StrError(): Connection reset by peer
log_tee(1257448)  D 10-03 22:55:40 1257448 1257448 log_tee.cpp:185] [WARN  vhost_device_vsock::vhu_vsock] Received a backend event before vring initialization
webRTC(1257473)  E 10-03 22:55:41 1257473 1257627 shared_fd.cpp:301] cannot connect to 3:6900
webRTC(1257473)  E 10-03 22:55:41 1257473 1257627 vsock_connection.cpp:224] Failed to connect:UNAVAILABLE: StrError(): Connection reset by peer
log_tee(1257448)  D 10-03 22:55:41 1257448 1257448 log_tee.cpp:185] [WARN  vhost_device_vsock::vhu_vsock] Received a backend event before vring initialization
webRTC(1257473)  E 10-03 22:55:42 1257473 1257627 shared_fd.cpp:301] cannot connect to 3:6900
webRTC(1257473)  E 10-03 22:55:42 1257473 1257627 vsock_connection.cpp:224] Failed to connect:UNAVAILABLE: StrError(): Connection reset by peer
log_tee(1257448)  D 10-03 22:55:42 1257448 1257448 log_tee.cpp:185] [WARN  vhost_device_vsock::vhu_vsock] Received a backend event before vring initialization
adb_connector(1257476)  D 10-03 22:55:43 1257476 1257482 adb_connection_maintainer.cpp:241] Watching for disconnect on 127.0.0.1:6520
adb_connector(1257476)  W 10-03 22:55:43 1257476 1257482 adb_connection_maintainer.cpp:250] transport message failed, response body: device '127.0.0.1:6520' not found
adb_connector(1257476)  D 10-03 22:55:43 1257476 1257482 adb_connection_maintainer.cpp:285] Sending adb disconnect
webRTC(1257473)  E 10-03 22:55:43 1257473 1257627 shared_fd.cpp:301] cannot connect to 3:6900
log_tee(1257448)  D 10-03 22:55:43 1257448 1257448 log_tee.cpp:185] [WARN  vhost_device_vsock::vhu_vsock] Received a backend event before vring initialization
webRTC(1257473)  E 10-03 22:55:43 1257473 1257627 vsock_connection.cpp:224] Failed to connect:UNAVAILABLE: StrError(): Connection reset by peer
webRTC(1257473)  E 10-03 22:55:44 1257473 1257627 shared_fd.cpp:301] cannot connect to 3:6900
webRTC(1257473)  E 10-03 22:55:44 1257473 1257627 vsock_connection.cpp:224] Failed to connect:UNAVAILABLE: StrError(): Connection reset by peer
log_tee(1257448)  D 10-03 22:55:44 1257448 1257448 log_tee.cpp:185] [WARN  vhost_device_vsock::vhu_vsock] Received a backend event before vring initialization
webRTC(1257473)  E 10-03 22:55:45 1257473 1257627 shared_fd.cpp:301] cannot connect to 3:6900
webRTC(1257473)  E 10-03 22:55:45 1257473 1257627 vsock_connection.cpp:224] Failed to connect:UNAVAILABLE: StrError(): Connection reset by peer
log_tee(1257448)  D 10-03 22:55:45 1257448 1257448 log_tee.cpp:185] [WARN  vhost_device_vsock::vhu_vsock] Received a backend event before vring initialization
webRTC(1257473)  E 10-03 22:55:46 1257473 1257627 shared_fd.cpp:301] cannot connect to 3:6900
webRTC(1257473)  E 10-03 22:55:46 1257473 1257627 vsock_connection.cpp:224] Failed to connect:UNAVAILABLE: StrError(): Connection reset by peer
log_tee(1257448)  D 10-03 22:55:46 1257448 1257448 log_tee.cpp:185] [WARN  vhost_device_vsock::vhu_vsock] Received a backend event before vring initialization
webRTC(1257473)  E 10-03 22:55:47 1257473 1257627 shared_fd.cpp:301] cannot connect to 3:6900
webRTC(1257473)  E 10-03 22:55:47 1257473 1257627 vsock_connection.cpp:224] Failed to connect:UNAVAILABLE: StrError(): Connection reset by peer
log_tee(1257448)  D 10-03 22:55:47 1257448 1257448 log_tee.cpp:185] [WARN  vhost_device_vsock::vhu_vsock] Received a backend event before vring initialization
adb_connector(1257476)  D 10-03 22:55:48 1257476 1257482 adb_connection_maintainer.cpp:223] Attempting to connect to device with address 127.0.0.1:6520
adb_connector(1257476)  D 10-03 22:55:48 1257476 1257482 adb_connection_maintainer.cpp:227] adb connect message for 127.0.0.1:6520 successfully sent
webRTC(1257473)  E 10-03 22:55:48 1257473 1257627 shared_fd.cpp:301] cannot connect to 3:6900
log_tee(1257448)  D 10-03 22:55:48 1257448 1257448 log_tee.cpp:185] [WARN  vhost_device_vsock::vhu_vsock] Received a backend event before vring initialization
webRTC(1257473)  E 10-03 22:55:48 1257473 1257627 vsock_connection.cpp:224] Failed to connect:UNAVAILABLE: StrError(): Connection reset by peer
webRTC(1257473)  E 10-03 22:55:49 1257473 1257627 shared_fd.cpp:301] cannot connect to 3:6900
webRTC(1257473)  E 10-03 22:55:49 1257473 1257627 vsock_connection.cpp:224] Failed to connect:UNAVAILABLE: StrError(): Connection reset by peer
log_tee(1257448)  D 10-03 22:55:49 1257448 1257448 log_tee.cpp:185] [WARN  vhost_device_vsock::vhu_vsock] Received a backend event before vring initialization
webRTC(1257473)  E 10-03 22:55:50 1257473 1257627 shared_fd.cpp:301] cannot connect to 3:6900
webRTC(1257473)  E 10-03 22:55:50 1257473 1257627 vsock_connection.cpp:224] Failed to connect:UNAVAILABLE: StrError(): Connection reset by peer
log_tee(1257448)  D 10-03 22:55:50 1257448 1257448 log_tee.cpp:185] [WARN  vhost_device_vsock::vhu_vsock] Received a backend event before vring initialization
webRTC(1257473)  E 10-03 22:55:51 1257473 1257627 shared_fd.cpp:301] cannot connect to 3:6900
webRTC(1257473)  E 10-03 22:55:51 1257473 1257627 vsock_connection.cpp:224] Failed to connect:UNAVAILABLE: StrError(): Connection reset by peer
log_tee(1257448)  D 10-03 22:55:51 1257448 1257448 log_tee.cpp:185] [WARN  vhost_device_vsock::vhu_vsock] Received a backend event before vring initialization
webRTC(1257473)  E 10-03 22:55:52 1257473 1257627 shared_fd.cpp:301] cannot connect to 3:6900
log_tee(1257448)  D 10-03 22:55:52 1257448 1257448 log_tee.cpp:185] [WARN  vhost_device_vsock::vhu_vsock] Received a backend event before vring initialization
webRTC(1257473)  E 10-03 22:55:52 1257473 1257627 vsock_connection.cpp:224] Failed to connect:UNAVAILABLE: StrError(): Connection reset by peer
adb_connector(1257476)  D 10-03 22:55:53 1257476 1257482 adb_connection_maintainer.cpp:234] adb connected to 127.0.0.1:6520
webRTC(1257473)  E 10-03 22:55:53 1257473 1257627 shared_fd.cpp:301] cannot connect to 3:6900
log_tee(1257448)  D 10-03 22:55:53 1257448 1257448 log_tee.cpp:185] [WARN  vhost_device_vsock::vhu_vsock] Received a backend event before vring initialization
webRTC(1257473)  E 10-03 22:55:53 1257473 1257627 vsock_connection.cpp:224] Failed to connect:UNAVAILABLE: StrError(): Connection reset by peer
webRTC(1257473)  E 10-03 22:55:54 1257473 1257627 shared_fd.cpp:301] cannot connect to 3:6900
webRTC(1257473)  E 10-03 22:55:54 1257473 1257627 vsock_connection.cpp:224] Failed to connect:UNAVAILABLE: StrError(): Connection reset by peer
log_tee(1257448)  D 10-03 22:55:54 1257448 1257448 log_tee.cpp:185] [WARN  vhost_device_vsock::vhu_vsock] Received a backend event before vring initialization
webRTC(1257473)  E 10-03 22:55:55 1257473 1257627 shared_fd.cpp:301] cannot connect to 3:6900
webRTC(1257473)  E 10-03 22:55:55 1257473 1257627 vsock_connection.cpp:224] Failed to connect:UNAVAILABLE: StrError(): Connection reset by peer
log_tee(1257448)  D 10-03 22:55:55 1257448 1257448 log_tee.cpp:185] [WARN  vhost_device_vsock::vhu_vsock] Received a backend event before vring initialization
webRTC(1257473)  E 10-03 22:55:56 1257473 1257627 shared_fd.cpp:301] cannot connect to 3:6900
webRTC(1257473)  E 10-03 22:55:56 1257473 1257627 vsock_connection.cpp:224] Failed to connect:UNAVAILABLE: StrError(): Connection reset by peer
log_tee(1257448)  D 10-03 22:55:56 1257448 1257448 log_tee.cpp:185] [WARN  vhost_device_vsock::vhu_vsock] Received a backend event before vring initialization
webRTC(1257473)  E 10-03 22:55:57 1257473 1257627 shared_fd.cpp:301] cannot connect to 3:6900
webRTC(1257473)  E 10-03 22:55:57 1257473 1257627 vsock_connection.cpp:224] Failed to connect:UNAVAILABLE: StrError(): Connection reset by peer
log_tee(1257448)  D 10-03 22:55:57 1257448 1257448 log_tee.cpp:185] [WARN  vhost_device_vsock::vhu_vsock] Received a backend event before vring initialization
adb_connector(1257476)  D 10-03 22:55:58 1257476 1257482 adb_connection_maintainer.cpp:241] Watching for disconnect on 127.0.0.1:6520
adb_connector(1257476)  W 10-03 22:55:58 1257476 1257482 adb_connection_maintainer.cpp:250] transport message failed, response body: device '127.0.0.1:6520' not found
adb_connector(1257476)  D 10-03 22:55:58 1257476 1257482 adb_connection_maintainer.cpp:285] Sending adb disconnect
webRTC(1257473)  E 10-03 22:55:58 1257473 1257627 shared_fd.cpp:301] cannot connect to 3:6900
webRTC(1257473)  E 10-03 22:55:58 1257473 1257627 vsock_connection.cpp:224] Failed to connect:UNAVAILABLE: StrError(): Connection reset by peer
log_tee(1257448)  D 10-03 22:55:58 1257448 1257448 log_tee.cpp:185] [WARN  vhost_device_vsock::vhu_vsock] Received a backend event before vring initialization
webRTC(1257473)  E 10-03 22:55:59 1257473 1257627 shared_fd.cpp:301] cannot connect to 3:6900
webRTC(1257473)  E 10-03 22:55:59 1257473 1257627 vsock_connection.cpp:224] Failed to connect:UNAVAILABLE: StrError(): Connection reset by peer
log_tee(1257448)  D 10-03 22:55:59 1257448 1257448 log_tee.cpp:185] [WARN  vhost_device_vsock::vhu_vsock] Received a backend event before vring initialization
webRTC(1257473)  E 10-03 22:56:00 1257473 1257627 shared_fd.cpp:301] cannot connect to 3:6900
webRTC(1257473)  E 10-03 22:56:00 1257473 1257627 vsock_connection.cpp:224] Failed to connect:UNAVAILABLE: StrError(): Connection reset by peer
log_tee(1257448)  D 10-03 22:56:00 1257448 1257448 log_tee.cpp:185] [WARN  vhost_device_vsock::vhu_vsock] Received a backend event before vring initialization
webRTC(1257473)  E 10-03 22:56:01 1257473 1257627 shared_fd.cpp:301] cannot connect to 3:6900
webRTC(1257473)  E 10-03 22:56:01 1257473 1257627 vsock_connection.cpp:224] Failed to connect:UNAVAILABLE: StrError(): Connection reset by peer
log_tee(1257448)  D 10-03 22:56:01 1257448 1257448 log_tee.cpp:185] [WARN  vhost_device_vsock::vhu_vsock] Received a backend event before vring initialization
webRTC(1257473)  E 10-03 22:56:02 1257473 1257627 shared_fd.cpp:301] cannot connect to 3:6900
log_tee(1257448)  D 10-03 22:56:02 1257448 1257448 log_tee.cpp:185] [WARN  vhost_device_vsock::vhu_vsock] Received a backend event before vring initialization
webRTC(1257473)  E 10-03 22:56:02 1257473 1257627 vsock_connection.cpp:224] Failed to connect:UNAVAILABLE: StrError(): Connection reset by peer
adb_connector(1257476)  D 10-03 22:56:03 1257476 1257482 adb_connection_maintainer.cpp:223] Attempting to connect to device with address 127.0.0.1:6520
adb_connector(1257476)  D 10-03 22:56:03 1257476 1257482 adb_connection_maintainer.cpp:227] adb connect message for 127.0.0.1:6520 successfully sent
webRTC(1257473)  E 10-03 22:56:03 1257473 1257627 shared_fd.cpp:301] cannot connect to 3:6900
webRTC(1257473)  E 10-03 22:56:03 1257473 1257627 vsock_connection.cpp:224] Failed to connect:UNAVAILABLE: StrError(): Connection reset by peer
log_tee(1257448)  D 10-03 22:56:03 1257448 1257448 log_tee.cpp:185] [WARN  vhost_device_vsock::vhu_vsock] Received a backend event before vring initialization
webRTC(1257473)  E 10-03 22:56:04 1257473 1257627 shared_fd.cpp:301] cannot connect to 3:6900
log_tee(1257448)  D 10-03 22:56:04 1257448 1257448 log_tee.cpp:185] [WARN  vhost_device_vsock::vhu_vsock] Received a backend event before vring initialization
webRTC(1257473)  E 10-03 22:56:04 1257473 1257627 vsock_connection.cpp:224] Failed to connect:UNAVAILABLE: StrError(): Connection reset by peer
webRTC(1257473)  E 10-03 22:56:05 1257473 1257627 shared_fd.cpp:301] cannot connect to 3:6900
webRTC(1257473)  E 10-03 22:56:05 1257473 1257627 vsock_connection.cpp:224] Failed to connect:UNAVAILABLE: StrError(): Connection reset by peer
log_tee(1257448)  D 10-03 22:56:05 1257448 1257448 log_tee.cpp:185] [WARN  vhost_device_vsock::vhu_vsock] Received a backend event before vring initialization
webRTC(1257473)  E 10-03 22:56:06 1257473 1257627 shared_fd.cpp:301] cannot connect to 3:6900
webRTC(1257473)  E 10-03 22:56:06 1257473 1257627 vsock_connection.cpp:224] Failed to connect:UNAVAILABLE: StrError(): Connection reset by peer
log_tee(1257448)  D 10-03 22:56:06 1257448 1257448 log_tee.cpp:185] [WARN  vhost_device_vsock::vhu_vsock] Received a backend event before vring initialization
webRTC(1257473)  E 10-03 22:56:07 1257473 1257627 shared_fd.cpp:301] cannot connect to 3:6900
webRTC(1257473)  E 10-03 22:56:07 1257473 1257627 vsock_connection.cpp:224] Failed to connect:UNAVAILABLE: StrError(): Connection reset by peer
log_tee(1257448)  D 10-03 22:56:07 1257448 1257448 log_tee.cpp:185] [WARN  vhost_device_vsock::vhu_vsock] Received a backend event before vring initialization
adb_connector(1257476)  D 10-03 22:56:08 1257476 1257482 adb_connection_maintainer.cpp:234] adb connected to 127.0.0.1:6520
webRTC(1257473)  E 10-03 22:56:08 1257473 1257627 shared_fd.cpp:301] cannot connect to 3:6900
webRTC(1257473)  E 10-03 22:56:08 1257473 1257627 vsock_connection.cpp:224] Failed to connect:UNAVAILABLE: StrError(): Connection reset by peer
log_tee(1257448)  D 10-03 22:56:08 1257448 1257448 log_tee.cpp:185] [WARN  vhost_device_vsock::vhu_vsock] Received a backend event before vring initialization
webRTC(1257473)  E 10-03 22:56:09 1257473 1257627 shared_fd.cpp:301] cannot connect to 3:6900
webRTC(1257473)  E 10-03 22:56:09 1257473 1257627 vsock_connection.cpp:224] Failed to connect:UNAVAILABLE: StrError(): Connection reset by peer
log_tee(1257448)  D 10-03 22:56:09 1257448 1257448 log_tee.cpp:185] [WARN  vhost_device_vsock::vhu_vsock] Received a backend event before vring initialization
webRTC(1257473)  E 10-03 22:56:10 1257473 1257627 shared_fd.cpp:301] cannot connect to 3:6900
webRTC(1257473)  E 10-03 22:56:10 1257473 1257627 vsock_connection.cpp:224] Failed to connect:UNAVAILABLE: StrError(): Connection reset by peer
log_tee(1257448)  D 10-03 22:56:10 1257448 1257448 log_tee.cpp:185] [WARN  vhost_device_vsock::vhu_vsock] Received a backend event before vring initialization
webRTC(1257473)  E 10-03 22:56:11 1257473 1257627 shared_fd.cpp:301] cannot connect to 3:6900
webRTC(1257473)  E 10-03 22:56:11 1257473 1257627 vsock_connection.cpp:224] Failed to connect:UNAVAILABLE: StrError(): Connection reset by peer
log_tee(1257448)  D 10-03 22:56:11 1257448 1257448 log_tee.cpp:185] [WARN  vhost_device_vsock::vhu_vsock] Received a backend event before vring initialization
webRTC(1257473)  E 10-03 22:56:12 1257473 1257627 shared_fd.cpp:301] cannot connect to 3:6900
webRTC(1257473)  E 10-03 22:56:12 1257473 1257627 vsock_connection.cpp:224] Failed to connect:UNAVAILABLE: StrError(): Connection reset by peer
log_tee(1257448)  D 10-03 22:56:12 1257448 1257448 log_tee.cpp:185] [WARN  vhost_device_vsock::vhu_vsock] Received a backend event before vring initialization
adb_connector(1257476)  D 10-03 22:56:13 1257476 1257482 adb_connection_maintainer.cpp:241] Watching for disconnect on 127.0.0.1:6520
adb_connector(1257476)  W 10-03 22:56:13 1257476 1257482 adb_connection_maintainer.cpp:250] transport message failed, response body: device '127.0.0.1:6520' not found
adb_connector(1257476)  D 10-03 22:56:13 1257476 1257482 adb_connection_maintainer.cpp:285] Sending adb disconnect
webRTC(1257473)  E 10-03 22:56:13 1257473 1257627 shared_fd.cpp:301] cannot connect to 3:6900
webRTC(1257473)  E 10-03 22:56:13 1257473 1257627 vsock_connection.cpp:224] Failed to connect:UNAVAILABLE: StrError(): Connection reset by peer
log_tee(1257448)  D 10-03 22:56:13 1257448 1257448 log_tee.cpp:185] [WARN  vhost_device_vsock::vhu_vsock] Received a backend event before vring initialization
webRTC(1257473)  E 10-03 22:56:14 1257473 1257627 shared_fd.cpp:301] cannot connect to 3:6900
webRTC(1257473)  E 10-03 22:56:14 1257473 1257627 vsock_connection.cpp:224] Failed to connect:UNAVAILABLE: StrError(): Connection reset by peer
log_tee(1257448)  D 10-03 22:56:14 1257448 1257448 log_tee.cpp:185] [WARN  vhost_device_vsock::vhu_vsock] Received a backend event before vring initialization
webRTC(1257473)  E 10-03 22:56:15 1257473 1257627 shared_fd.cpp:301] cannot connect to 3:6900
webRTC(1257473)  E 10-03 22:56:15 1257473 1257627 vsock_connection.cpp:224] Failed to connect:UNAVAILABLE: StrError(): Connection reset by peer
log_tee(1257448)  D 10-03 22:56:15 1257448 1257448 log_tee.cpp:185] [WARN  vhost_device_vsock::vhu_vsock] Received a backend event before vring initialization
webRTC(1257473)  E 10-03 22:56:16 1257473 1257627 shared_fd.cpp:301] cannot connect to 3:6900
webRTC(1257473)  E 10-03 22:56:16 1257473 1257627 vsock_connection.cpp:224] Failed to connect:UNAVAILABLE: StrError(): Connection reset by peer
log_tee(1257448)  D 10-03 22:56:16 1257448 1257448 log_tee.cpp:185] [WARN  vhost_device_vsock::vhu_vsock] Received a backend event before vring initialization
webRTC(1257473)  E 10-03 22:56:17 1257473 1257627 shared_fd.cpp:301] cannot connect to 3:6900
webRTC(1257473)  E 10-03 22:56:17 1257473 1257627 vsock_connection.cpp:224] Failed to connect:UNAVAILABLE: StrError(): Connection reset by peer
log_tee(1257448)  D 10-03 22:56:17 1257448 1257448 log_tee.cpp:185] [WARN  vhost_device_vsock::vhu_vsock] Received a backend event before vring initialization
adb_connector(1257476)  D 10-03 22:56:18 1257476 1257482 adb_connection_maintainer.cpp:223] Attempting to connect to device with address 127.0.0.1:6520
adb_connector(1257476)  D 10-03 22:56:18 1257476 1257482 adb_connection_maintainer.cpp:227] adb connect message for 127.0.0.1:6520 successfully sent
webRTC(1257473)  E 10-03 22:56:18 1257473 1257627 shared_fd.cpp:301] cannot connect to 3:6900
webRTC(1257473)  E 10-03 22:56:18 1257473 1257627 vsock_connection.cpp:224] Failed to connect:UNAVAILABLE: StrError(): Connection reset by peer
log_tee(1257448)  D 10-03 22:56:18 1257448 1257448 log_tee.cpp:185] [WARN  vhost_device_vsock::vhu_vsock] Received a backend event before vring initialization
webRTC(1257473)  E 10-03 22:56:19 1257473 1257627 shared_fd.cpp:301] cannot connect to 3:6900
webRTC(1257473)  E 10-03 22:56:19 1257473 1257627 vsock_connection.cpp:224] Failed to connect:UNAVAILABLE: StrError(): Connection reset by peer
log_tee(1257448)  D 10-03 22:56:19 1257448 1257448 log_tee.cpp:185] [WARN  vhost_device_vsock::vhu_vsock] Received a backend event before vring initialization
webRTC(1257473)  E 10-03 22:56:20 1257473 1257627 shared_fd.cpp:301] cannot connect to 3:6900
webRTC(1257473)  E 10-03 22:56:20 1257473 1257627 vsock_connection.cpp:224] Failed to connect:UNAVAILABLE: StrError(): Connection reset by peer
log_tee(1257448)  D 10-03 22:56:20 1257448 1257448 log_tee.cpp:185] [WARN  vhost_device_vsock::vhu_vsock] Received a backend event before vring initialization
webRTC(1257473)  E 10-03 22:56:21 1257473 1257627 shared_fd.cpp:301] cannot connect to 3:6900
webRTC(1257473)  E 10-03 22:56:21 1257473 1257627 vsock_connection.cpp:224] Failed to connect:UNAVAILABLE: StrError(): Connection reset by peer
log_tee(1257448)  D 10-03 22:56:21 1257448 1257448 log_tee.cpp:185] [WARN  vhost_device_vsock::vhu_vsock] Received a backend event before vring initialization
webRTC(1257473)  E 10-03 22:56:22 1257473 1257627 shared_fd.cpp:301] cannot connect to 3:6900
webRTC(1257473)  E 10-03 22:56:22 1257473 1257627 vsock_connection.cpp:224] Failed to connect:UNAVAILABLE: StrError(): Connection reset by peer
log_tee(1257448)  D 10-03 22:56:22 1257448 1257448 log_tee.cpp:185] [WARN  vhost_device_vsock::vhu_vsock] Received a backend event before vring initialization
adb_connector(1257476)  D 10-03 22:56:23 1257476 1257482 adb_connection_maintainer.cpp:234] adb connected to 127.0.0.1:6520
webRTC(1257473)  E 10-03 22:56:23 1257473 1257627 shared_fd.cpp:301] cannot connect to 3:6900
webRTC(1257473)  E 10-03 22:56:23 1257473 1257627 vsock_connection.cpp:224] Failed to connect:UNAVAILABLE: StrError(): Connection reset by peer
log_tee(1257448)  D 10-03 22:56:23 1257448 1257448 log_tee.cpp:185] [WARN  vhost_device_vsock::vhu_vsock] Received a backend event before vring initialization
webRTC(1257473)  E 10-03 22:56:24 1257473 1257627 shared_fd.cpp:301] cannot connect to 3:6900
webRTC(1257473)  E 10-03 22:56:24 1257473 1257627 vsock_connection.cpp:224] Failed to connect:UNAVAILABLE: StrError(): Connection reset by peer
log_tee(1257448)  D 10-03 22:56:24 1257448 1257448 log_tee.cpp:185] [WARN  vhost_device_vsock::vhu_vsock] Received a backend event before vring initialization
webRTC(1257473)  E 10-03 22:56:25 1257473 1257627 shared_fd.cpp:301] cannot connect to 3:6900
webRTC(1257473)  E 10-03 22:56:25 1257473 1257627 vsock_connection.cpp:224] Failed to connect:UNAVAILABLE: StrError(): Connection reset by peer
log_tee(1257448)  D 10-03 22:56:25 1257448 1257448 log_tee.cpp:185] [WARN  vhost_device_vsock::vhu_vsock] Received a backend event before vring initialization
webRTC(1257473)  E 10-03 22:56:26 1257473 1257627 shared_fd.cpp:301] cannot connect to 3:6900
webRTC(1257473)  E 10-03 22:56:26 1257473 1257627 vsock_connection.cpp:224] Failed to connect:UNAVAILABLE: StrError(): Connection reset by peer
log_tee(1257448)  D 10-03 22:56:26 1257448 1257448 log_tee.cpp:185] [WARN  vhost_device_vsock::vhu_vsock] Received a backend event before vring initialization
webRTC(1257473)  E 10-03 22:56:27 1257473 1257627 shared_fd.cpp:301] cannot connect to 3:6900
webRTC(1257473)  E 10-03 22:56:27 1257473 1257627 vsock_connection.cpp:224] Failed to connect:UNAVAILABLE: StrError(): Connection reset by peer
log_tee(1257448)  D 10-03 22:56:27 1257448 1257448 log_tee.cpp:185] [WARN  vhost_device_vsock::vhu_vsock] Received a backend event before vring initialization
adb_connector(1257476)  D 10-03 22:56:28 1257476 1257482 adb_connection_maintainer.cpp:241] Watching for disconnect on 127.0.0.1:6520
adb_connector(1257476)  W 10-03 22:56:28 1257476 1257482 adb_connection_maintainer.cpp:250] transport message failed, response body: device '127.0.0.1:6520' not found
adb_connector(1257476)  D 10-03 22:56:28 1257476 1257482 adb_connection_maintainer.cpp:285] Sending adb disconnect
webRTC(1257473)  E 10-03 22:56:28 1257473 1257627 shared_fd.cpp:301] cannot connect to 3:6900
webRTC(1257473)  E 10-03 22:56:28 1257473 1257627 vsock_connection.cpp:224] Failed to connect:UNAVAILABLE: StrError(): Connection reset by peer
log_tee(1257448)  D 10-03 22:56:28 1257448 1257448 log_tee.cpp:185] [WARN  vhost_device_vsock::vhu_vsock] Received a backend event before vring initialization
webRTC(1257473)  E 10-03 22:56:29 1257473 1257627 shared_fd.cpp:301] cannot connect to 3:6900
webRTC(1257473)  E 10-03 22:56:29 1257473 1257627 vsock_connection.cpp:224] Failed to connect:UNAVAILABLE: StrError(): Connection reset by peer
log_tee(1257448)  D 10-03 22:56:29 1257448 1257448 log_tee.cpp:185] [WARN  vhost_device_vsock::vhu_vsock] Received a backend event before vring initialization
webRTC(1257473)  E 10-03 22:56:30 1257473 1257627 shared_fd.cpp:301] cannot connect to 3:6900
webRTC(1257473)  E 10-03 22:56:30 1257473 1257627 vsock_connection.cpp:224] Failed to connect:UNAVAILABLE: StrError(): Connection reset by peer
log_tee(1257448)  D 10-03 22:56:30 1257448 1257448 log_tee.cpp:185] [WARN  vhost_device_vsock::vhu_vsock] Received a backend event before vring initialization
webRTC(1257473)  E 10-03 22:56:31 1257473 1257627 shared_fd.cpp:301] cannot connect to 3:6900
webRTC(1257473)  E 10-03 22:56:31 1257473 1257627 vsock_connection.cpp:224] Failed to connect:UNAVAILABLE: StrError(): Connection reset by peer
log_tee(1257448)  D 10-03 22:56:31 1257448 1257448 log_tee.cpp:185] [WARN  vhost_device_vsock::vhu_vsock] Received a backend event before vring initialization
webRTC(1257473)  E 10-03 22:56:32 1257473 1257627 shared_fd.cpp:301] cannot connect to 3:6900
webRTC(1257473)  E 10-03 22:56:32 1257473 1257627 vsock_connection.cpp:224] Failed to connect:UNAVAILABLE: StrError(): Connection reset by peer
log_tee(1257448)  D 10-03 22:56:32 1257448 1257448 log_tee.cpp:185] [WARN  vhost_device_vsock::vhu_vsock] Received a backend event before vring initialization
adb_connector(1257476)  D 10-03 22:56:33 1257476 1257482 adb_connection_maintainer.cpp:223] Attempting to connect to device with address 127.0.0.1:6520
adb_connector(1257476)  D 10-03 22:56:33 1257476 1257482 adb_connection_maintainer.cpp:227] adb connect message for 127.0.0.1:6520 successfully sent
webRTC(1257473)  E 10-03 22:56:33 1257473 1257627 shared_fd.cpp:301] cannot connect to 3:6900
webRTC(1257473)  E 10-03 22:56:33 1257473 1257627 vsock_connection.cpp:224] Failed to connect:UNAVAILABLE: StrError(): Connection reset by peer
log_tee(1257448)  D 10-03 22:56:33 1257448 1257448 log_tee.cpp:185] [WARN  vhost_device_vsock::vhu_vsock] Received a backend event before vring initialization
webRTC(1257473)  E 10-03 22:56:34 1257473 1257627 shared_fd.cpp:301] cannot connect to 3:6900
webRTC(1257473)  E 10-03 22:56:34 1257473 1257627 vsock_connection.cpp:224] Failed to connect:UNAVAILABLE: StrError(): Connection reset by peer
log_tee(1257448)  D 10-03 22:56:34 1257448 1257448 log_tee.cpp:185] [WARN  vhost_device_vsock::vhu_vsock] Received a backend event before vring initialization
webRTC(1257473)  E 10-03 22:56:35 1257473 1257627 shared_fd.cpp:301] cannot connect to 3:6900
webRTC(1257473)  E 10-03 22:56:35 1257473 1257627 vsock_connection.cpp:224] Failed to connect:UNAVAILABLE: StrError(): Connection reset by peer
log_tee(1257448)  D 10-03 22:56:35 1257448 1257448 log_tee.cpp:185] [WARN  vhost_device_vsock::vhu_vsock] Received a backend event before vring initialization
webRTC(1257473)  E 10-03 22:56:36 1257473 1257627 shared_fd.cpp:301] cannot connect to 3:6900
webRTC(1257473)  E 10-03 22:56:36 1257473 1257627 vsock_connection.cpp:224] Failed to connect:UNAVAILABLE: StrError(): Connection reset by peer
log_tee(1257448)  D 10-03 22:56:36 1257448 1257448 log_tee.cpp:185] [WARN  vhost_device_vsock::vhu_vsock] Received a backend event before vring initialization
webRTC(1257473)  E 10-03 22:56:37 1257473 1257627 shared_fd.cpp:301] cannot connect to 3:6900
webRTC(1257473)  E 10-03 22:56:37 1257473 1257627 vsock_connection.cpp:224] Failed to connect:UNAVAILABLE: StrError(): Connection reset by peer
log_tee(1257448)  D 10-03 22:56:37 1257448 1257448 log_tee.cpp:185] [WARN  vhost_device_vsock::vhu_vsock] Received a backend event before vring initialization
adb_connector(1257476)  D 10-03 22:56:38 1257476 1257482 adb_connection_maintainer.cpp:234] adb connected to 127.0.0.1:6520
webRTC(1257473)  E 10-03 22:56:38 1257473 1257627 shared_fd.cpp:301] cannot connect to 3:6900
webRTC(1257473)  E 10-03 22:56:38 1257473 1257627 vsock_connection.cpp:224] Failed to connect:UNAVAILABLE: StrError(): Connection reset by peer
log_tee(1257448)  D 10-03 22:56:38 1257448 1257448 log_tee.cpp:185] [WARN  vhost_device_vsock::vhu_vsock] Received a backend event before vring initialization
webRTC(1257473)  E 10-03 22:56:39 1257473 1257627 shared_fd.cpp:301] cannot connect to 3:6900
webRTC(1257473)  E 10-03 22:56:39 1257473 1257627 vsock_connection.cpp:224] Failed to connect:UNAVAILABLE: StrError(): Connection reset by peer
log_tee(1257448)  D 10-03 22:56:39 1257448 1257448 log_tee.cpp:185] [WARN  vhost_device_vsock::vhu_vsock] Received a backend event before vring initialization
webRTC(1257473)  E 10-03 22:56:40 1257473 1257627 shared_fd.cpp:301] cannot connect to 3:6900
webRTC(1257473)  E 10-03 22:56:40 1257473 1257627 vsock_connection.cpp:224] Failed to connect:UNAVAILABLE: StrError(): Connection reset by peer
log_tee(1257448)  D 10-03 22:56:40 1257448 1257448 log_tee.cpp:185] [WARN  vhost_device_vsock::vhu_vsock] Received a backend event before vring initialization
webRTC(1257473)  E 10-03 22:56:41 1257473 1257627 shared_fd.cpp:301] cannot connect to 3:6900
webRTC(1257473)  E 10-03 22:56:41 1257473 1257627 vsock_connection.cpp:224] Failed to connect:UNAVAILABLE: StrError(): Connection reset by peer
log_tee(1257448)  D 10-03 22:56:41 1257448 1257448 log_tee.cpp:185] [WARN  vhost_device_vsock::vhu_vsock] Received a backend event before vring initialization
webRTC(1257473)  E 10-03 22:56:42 1257473 1257627 shared_fd.cpp:301] cannot connect to 3:6900
webRTC(1257473)  E 10-03 22:56:42 1257473 1257627 vsock_connection.cpp:224] Failed to connect:UNAVAILABLE: StrError(): Connection reset by peer
log_tee(1257448)  D 10-03 22:56:42 1257448 1257448 log_tee.cpp:185] [WARN  vhost_device_vsock::vhu_vsock] Received a backend event before vring initialization
adb_connector(1257476)  D 10-03 22:56:43 1257476 1257482 adb_connection_maintainer.cpp:241] Watching for disconnect on 127.0.0.1:6520
adb_connector(1257476)  W 10-03 22:56:43 1257476 1257482 adb_connection_maintainer.cpp:250] transport message failed, response body: device '127.0.0.1:6520' not found
adb_connector(1257476)  D 10-03 22:56:43 1257476 1257482 adb_connection_maintainer.cpp:285] Sending adb disconnect
webRTC(1257473)  E 10-03 22:56:43 1257473 1257627 shared_fd.cpp:301] cannot connect to 3:6900
webRTC(1257473)  E 10-03 22:56:43 1257473 1257627 vsock_connection.cpp:224] Failed to connect:UNAVAILABLE: StrError(): Connection reset by peer
log_tee(1257448)  D 10-03 22:56:43 1257448 1257448 log_tee.cpp:185] [WARN  vhost_device_vsock::vhu_vsock] Received a backend event before vring initialization
webRTC(1257473)  E 10-03 22:56:44 1257473 1257627 shared_fd.cpp:301] cannot connect to 3:6900
webRTC(1257473)  E 10-03 22:56:44 1257473 1257627 vsock_connection.cpp:224] Failed to connect:UNAVAILABLE: StrError(): Connection reset by peer
log_tee(1257448)  D 10-03 22:56:44 1257448 1257448 log_tee.cpp:185] [WARN  vhost_device_vsock::vhu_vsock] Received a backend event before vring initialization
webRTC(1257473)  E 10-03 22:56:45 1257473 1257627 shared_fd.cpp:301] cannot connect to 3:6900
webRTC(1257473)  E 10-03 22:56:45 1257473 1257627 vsock_connection.cpp:224] Failed to connect:UNAVAILABLE: StrError(): Connection reset by peer
log_tee(1257448)  D 10-03 22:56:45 1257448 1257448 log_tee.cpp:185] [WARN  vhost_device_vsock::vhu_vsock] Received a backend event before vring initialization
webRTC(1257473)  E 10-03 22:56:46 1257473 1257627 shared_fd.cpp:301] cannot connect to 3:6900
webRTC(1257473)  E 10-03 22:56:46 1257473 1257627 vsock_connection.cpp:224] Failed to connect:UNAVAILABLE: StrError(): Connection reset by peer
log_tee(1257448)  D 10-03 22:56:46 1257448 1257448 log_tee.cpp:185] [WARN  vhost_device_vsock::vhu_vsock] Received a backend event before vring initialization
log_tee(1257448)  D 10-03 22:56:47 1257448 1257448 log_tee.cpp:185] [WARN  vhost_device_vsock::vhu_vsock] Received a backend event before vring initialization
webRTC(1257473)  E 10-03 22:56:47 1257473 1257627 shared_fd.cpp:301] cannot connect to 3:6900
webRTC(1257473)  E 10-03 22:56:47 1257473 1257627 vsock_connection.cpp:224] Failed to connect:UNAVAILABLE: StrError(): Connection reset by peer
adb_connector(1257476)  D 10-03 22:56:48 1257476 1257482 adb_connection_maintainer.cpp:223] Attempting to connect to device with address 127.0.0.1:6520
adb_connector(1257476)  D 10-03 22:56:48 1257476 1257482 adb_connection_maintainer.cpp:227] adb connect message for 127.0.0.1:6520 successfully sent
webRTC(1257473)  E 10-03 22:56:48 1257473 1257627 shared_fd.cpp:301] cannot connect to 3:6900
webRTC(1257473)  E 10-03 22:56:48 1257473 1257627 vsock_connection.cpp:224] Failed to connect:UNAVAILABLE: StrError(): Connection reset by peer
log_tee(1257448)  D 10-03 22:56:48 1257448 1257448 log_tee.cpp:185] [WARN  vhost_device_vsock::vhu_vsock] Received a backend event before vring initialization
webRTC(1257473)  E 10-03 22:56:49 1257473 1257627 shared_fd.cpp:301] cannot connect to 3:6900
webRTC(1257473)  E 10-03 22:56:49 1257473 1257627 vsock_connection.cpp:224] Failed to connect:UNAVAILABLE: StrError(): Connection reset by peer
log_tee(1257448)  D 10-03 22:56:49 1257448 1257448 log_tee.cpp:185] [WARN  vhost_device_vsock::vhu_vsock] Received a backend event before vring initialization
webRTC(1257473)  E 10-03 22:56:50 1257473 1257627 shared_fd.cpp:301] cannot connect to 3:6900
webRTC(1257473)  E 10-03 22:56:50 1257473 1257627 vsock_connection.cpp:224] Failed to connect:UNAVAILABLE: StrError(): Connection reset by peer
log_tee(1257448)  D 10-03 22:56:50 1257448 1257448 log_tee.cpp:185] [WARN  vhost_device_vsock::vhu_vsock] Received a backend event before vring initialization
webRTC(1257473)  E 10-03 22:56:51 1257473 1257627 shared_fd.cpp:301] cannot connect to 3:6900
webRTC(1257473)  E 10-03 22:56:51 1257473 1257627 vsock_connection.cpp:224] Failed to connect:UNAVAILABLE: StrError(): Connection reset by peer
log_tee(1257448)  D 10-03 22:56:51 1257448 1257448 log_tee.cpp:185] [WARN  vhost_device_vsock::vhu_vsock] Received a backend event before vring initialization
webRTC(1257473)  E 10-03 22:56:52 1257473 1257627 shared_fd.cpp:301] cannot connect to 3:6900
webRTC(1257473)  E 10-03 22:56:52 1257473 1257627 vsock_connection.cpp:224] Failed to connect:UNAVAILABLE: StrError(): Connection reset by peer
log_tee(1257448)  D 10-03 22:56:52 1257448 1257448 log_tee.cpp:185] [WARN  vhost_device_vsock::vhu_vsock] Received a backend event before vring initialization
adb_connector(1257476)  D 10-03 22:56:53 1257476 1257482 adb_connection_maintainer.cpp:234] adb connected to 127.0.0.1:6520
webRTC(1257473)  E 10-03 22:56:53 1257473 1257627 shared_fd.cpp:301] cannot connect to 3:6900
log_tee(1257448)  D 10-03 22:56:53 1257448 1257448 log_tee.cpp:185] [WARN  vhost_device_vsock::vhu_vsock] Received a backend event before vring initialization
webRTC(1257473)  E 10-03 22:56:53 1257473 1257627 vsock_connection.cpp:224] Failed to connect:UNAVAILABLE: StrError(): Connection reset by peer
webRTC(1257473)  E 10-03 22:56:54 1257473 1257627 shared_fd.cpp:301] cannot connect to 3:6900
webRTC(1257473)  E 10-03 22:56:54 1257473 1257627 vsock_connection.cpp:224] Failed to connect:UNAVAILABLE: StrError(): Connection reset by peer
log_tee(1257448)  D 10-03 22:56:54 1257448 1257448 log_tee.cpp:185] [WARN  vhost_device_vsock::vhu_vsock] Received a backend event before vring initialization
webRTC(1257473)  E 10-03 22:56:55 1257473 1257627 shared_fd.cpp:301] cannot connect to 3:6900
webRTC(1257473)  E 10-03 22:56:55 1257473 1257627 vsock_connection.cpp:224] Failed to connect:UNAVAILABLE: StrError(): Connection reset by peer
log_tee(1257448)  D 10-03 22:56:55 1257448 1257448 log_tee.cpp:185] [WARN  vhost_device_vsock::vhu_vsock] Received a backend event before vring initialization
webRTC(1257473)  E 10-03 22:56:56 1257473 1257627 shared_fd.cpp:301] cannot connect to 3:6900
webRTC(1257473)  E 10-03 22:56:56 1257473 1257627 vsock_connection.cpp:224] Failed to connect:UNAVAILABLE: StrError(): Connection reset by peer
log_tee(1257448)  D 10-03 22:56:56 1257448 1257448 log_tee.cpp:185] [WARN  vhost_device_vsock::vhu_vsock] Received a backend event before vring initialization
webRTC(1257473)  E 10-03 22:56:57 1257473 1257627 shared_fd.cpp:301] cannot connect to 3:6900
webRTC(1257473)  E 10-03 22:56:57 1257473 1257627 vsock_connection.cpp:224] Failed to connect:UNAVAILABLE: StrError(): Connection reset by peer
log_tee(1257448)  D 10-03 22:56:57 1257448 1257448 log_tee.cpp:185] [WARN  vhost_device_vsock::vhu_vsock] Received a backend event before vring initialization
adb_connector(1257476)  D 10-03 22:56:58 1257476 1257482 adb_connection_maintainer.cpp:241] Watching for disconnect on 127.0.0.1:6520
adb_connector(1257476)  W 10-03 22:56:58 1257476 1257482 adb_connection_maintainer.cpp:250] transport message failed, response body: device '127.0.0.1:6520' not found
adb_connector(1257476)  D 10-03 22:56:58 1257476 1257482 adb_connection_maintainer.cpp:285] Sending adb disconnect
webRTC(1257473)  E 10-03 22:56:58 1257473 1257627 shared_fd.cpp:301] cannot connect to 3:6900
webRTC(1257473)  E 10-03 22:56:58 1257473 1257627 vsock_connection.cpp:224] Failed to connect:UNAVAILABLE: StrError(): Connection reset by peer
log_tee(1257448)  D 10-03 22:56:58 1257448 1257448 log_tee.cpp:185] [WARN  vhost_device_vsock::vhu_vsock] Received a backend event before vring initialization
webRTC(1257473)  E 10-03 22:56:59 1257473 1257627 shared_fd.cpp:301] cannot connect to 3:6900
webRTC(1257473)  E 10-03 22:56:59 1257473 1257627 vsock_connection.cpp:224] Failed to connect:UNAVAILABLE: StrError(): Connection reset by peer
log_tee(1257448)  D 10-03 22:56:59 1257448 1257448 log_tee.cpp:185] [WARN  vhost_device_vsock::vhu_vsock] Received a backend event before vring initialization
webRTC(1257473)  E 10-03 22:57:00 1257473 1257627 shared_fd.cpp:301] cannot connect to 3:6900
webRTC(1257473)  E 10-03 22:57:00 1257473 1257627 vsock_connection.cpp:224] Failed to connect:UNAVAILABLE: StrError(): Connection reset by peer
log_tee(1257448)  D 10-03 22:57:00 1257448 1257448 log_tee.cpp:185] [WARN  vhost_device_vsock::vhu_vsock] Received a backend event before vring initialization
webRTC(1257473)  E 10-03 22:57:01 1257473 1257627 shared_fd.cpp:301] cannot connect to 3:6900
webRTC(1257473)  E 10-03 22:57:01 1257473 1257627 vsock_connection.cpp:224] Failed to connect:UNAVAILABLE: StrError(): Connection reset by peer
log_tee(1257448)  D 10-03 22:57:01 1257448 1257448 log_tee.cpp:185] [WARN  vhost_device_vsock::vhu_vsock] Received a backend event before vring initialization
webRTC(1257473)  E 10-03 22:57:02 1257473 1257627 shared_fd.cpp:301] cannot connect to 3:6900
webRTC(1257473)  E 10-03 22:57:02 1257473 1257627 vsock_connection.cpp:224] Failed to connect:UNAVAILABLE: StrError(): Connection reset by peer
log_tee(1257448)  D 10-03 22:57:02 1257448 1257448 log_tee.cpp:185] [WARN  vhost_device_vsock::vhu_vsock] Received a backend event before vring initialization
adb_connector(1257476)  D 10-03 22:57:03 1257476 1257482 adb_connection_maintainer.cpp:223] Attempting to connect to device with address 127.0.0.1:6520
adb_connector(1257476)  D 10-03 22:57:03 1257476 1257482 adb_connection_maintainer.cpp:227] adb connect message for 127.0.0.1:6520 successfully sent
webRTC(1257473)  E 10-03 22:57:03 1257473 1257627 shared_fd.cpp:301] cannot connect to 3:6900
webRTC(1257473)  E 10-03 22:57:03 1257473 1257627 vsock_connection.cpp:224] Failed to connect:UNAVAILABLE: StrError(): Connection reset by peer
log_tee(1257448)  D 10-03 22:57:03 1257448 1257448 log_tee.cpp:185] [WARN  vhost_device_vsock::vhu_vsock] Received a backend event before vring initialization
webRTC(1257473)  E 10-03 22:57:04 1257473 1257627 shared_fd.cpp:301] cannot connect to 3:6900
webRTC(1257473)  E 10-03 22:57:04 1257473 1257627 vsock_connection.cpp:224] Failed to connect:UNAVAILABLE: StrError(): Connection reset by peer
log_tee(1257448)  D 10-03 22:57:04 1257448 1257448 log_tee.cpp:185] [WARN  vhost_device_vsock::vhu_vsock] Received a backend event before vring initialization
webRTC(1257473)  E 10-03 22:57:05 1257473 1257627 shared_fd.cpp:301] cannot connect to 3:6900
webRTC(1257473)  E 10-03 22:57:05 1257473 1257627 vsock_connection.cpp:224] Failed to connect:UNAVAILABLE: StrError(): Connection reset by peer
log_tee(1257448)  D 10-03 22:57:05 1257448 1257448 log_tee.cpp:185] [WARN  vhost_device_vsock::vhu_vsock] Received a backend event before vring initialization
webRTC(1257473)  E 10-03 22:57:06 1257473 1257627 shared_fd.cpp:301] cannot connect to 3:6900
webRTC(1257473)  E 10-03 22:57:06 1257473 1257627 vsock_connection.cpp:224] Failed to connect:UNAVAILABLE: StrError(): Connection reset by peer
log_tee(1257448)  D 10-03 22:57:06 1257448 1257448 log_tee.cpp:185] [WARN  vhost_device_vsock::vhu_vsock] Received a backend event before vring initialization
webRTC(1257473)  E 10-03 22:57:07 1257473 1257627 shared_fd.cpp:301] cannot connect to 3:6900
webRTC(1257473)  E 10-03 22:57:07 1257473 1257627 vsock_connection.cpp:224] Failed to connect:UNAVAILABLE: StrError(): Connection reset by peer
log_tee(1257448)  D 10-03 22:57:07 1257448 1257448 log_tee.cpp:185] [WARN  vhost_device_vsock::vhu_vsock] Received a backend event before vring initialization
adb_connector(1257476)  D 10-03 22:57:08 1257476 1257482 adb_connection_maintainer.cpp:234] adb connected to 127.0.0.1:6520
webRTC(1257473)  E 10-03 22:57:08 1257473 1257627 shared_fd.cpp:301] cannot connect to 3:6900
webRTC(1257473)  E 10-03 22:57:08 1257473 1257627 vsock_connection.cpp:224] Failed to connect:UNAVAILABLE: StrError(): Connection reset by peer
log_tee(1257448)  D 10-03 22:57:08 1257448 1257448 log_tee.cpp:185] [WARN  vhost_device_vsock::vhu_vsock] Received a backend event before vring initialization
webRTC(1257473)  E 10-03 22:57:09 1257473 1257627 shared_fd.cpp:301] cannot connect to 3:6900
webRTC(1257473)  E 10-03 22:57:09 1257473 1257627 vsock_connection.cpp:224] Failed to connect:UNAVAILABLE: StrError(): Connection reset by peer
log_tee(1257448)  D 10-03 22:57:09 1257448 1257448 log_tee.cpp:185] [WARN  vhost_device_vsock::vhu_vsock] Received a backend event before vring initialization
webRTC(1257473)  E 10-03 22:57:10 1257473 1257627 shared_fd.cpp:301] cannot connect to 3:6900
webRTC(1257473)  E 10-03 22:57:10 1257473 1257627 vsock_connection.cpp:224] Failed to connect:UNAVAILABLE: StrError(): Connection reset by peer
log_tee(1257448)  D 10-03 22:57:10 1257448 1257448 log_tee.cpp:185] [WARN  vhost_device_vsock::vhu_vsock] Received a backend event before vring initialization
webRTC(1257473)  E 10-03 22:57:11 1257473 1257627 shared_fd.cpp:301] cannot connect to 3:6900
webRTC(1257473)  E 10-03 22:57:11 1257473 1257627 vsock_connection.cpp:224] Failed to connect:UNAVAILABLE: StrError(): Connection reset by peer
log_tee(1257448)  D 10-03 22:57:11 1257448 1257448 log_tee.cpp:185] [WARN  vhost_device_vsock::vhu_vsock] Received a backend event before vring initialization
webRTC(1257473)  E 10-03 22:57:12 1257473 1257627 shared_fd.cpp:301] cannot connect to 3:6900
webRTC(1257473)  E 10-03 22:57:12 1257473 1257627 vsock_connection.cpp:224] Failed to connect:UNAVAILABLE: StrError(): Connection reset by peer
log_tee(1257448)  D 10-03 22:57:12 1257448 1257448 log_tee.cpp:185] [WARN  vhost_device_vsock::vhu_vsock] Received a backend event before vring initialization
adb_connector(1257476)  D 10-03 22:57:13 1257476 1257482 adb_connection_maintainer.cpp:241] Watching for disconnect on 127.0.0.1:6520
adb_connector(1257476)  W 10-03 22:57:13 1257476 1257482 adb_connection_maintainer.cpp:250] transport message failed, response body: device '127.0.0.1:6520' not found
adb_connector(1257476)  D 10-03 22:57:13 1257476 1257482 adb_connection_maintainer.cpp:285] Sending adb disconnect
webRTC(1257473)  E 10-03 22:57:13 1257473 1257627 shared_fd.cpp:301] cannot connect to 3:6900
webRTC(1257473)  E 10-03 22:57:13 1257473 1257627 vsock_connection.cpp:224] Failed to connect:UNAVAILABLE: StrError(): Connection reset by peer
log_tee(1257448)  D 10-03 22:57:13 1257448 1257448 log_tee.cpp:185] [WARN  vhost_device_vsock::vhu_vsock] Received a backend event before vring initialization
webRTC(1257473)  E 10-03 22:57:14 1257473 1257627 shared_fd.cpp:301] cannot connect to 3:6900
webRTC(1257473)  E 10-03 22:57:14 1257473 1257627 vsock_connection.cpp:224] Failed to connect:UNAVAILABLE: StrError(): Connection reset by peer
log_tee(1257448)  D 10-03 22:57:14 1257448 1257448 log_tee.cpp:185] [WARN  vhost_device_vsock::vhu_vsock] Received a backend event before vring initialization
webRTC(1257473)  E 10-03 22:57:15 1257473 1257627 shared_fd.cpp:301] cannot connect to 3:6900
webRTC(1257473)  E 10-03 22:57:15 1257473 1257627 vsock_connection.cpp:224] Failed to connect:UNAVAILABLE: StrError(): Connection reset by peer
log_tee(1257448)  D 10-03 22:57:15 1257448 1257448 log_tee.cpp:185] [WARN  vhost_device_vsock::vhu_vsock] Received a backend event before vring initialization
webRTC(1257473)  E 10-03 22:57:16 1257473 1257627 shared_fd.cpp:301] cannot connect to 3:6900
webRTC(1257473)  E 10-03 22:57:16 1257473 1257627 vsock_connection.cpp:224] Failed to connect:UNAVAILABLE: StrError(): Connection reset by peer
log_tee(1257448)  D 10-03 22:57:16 1257448 1257448 log_tee.cpp:185] [WARN  vhost_device_vsock::vhu_vsock] Received a backend event before vring initialization
webRTC(1257473)  E 10-03 22:57:17 1257473 1257627 shared_fd.cpp:301] cannot connect to 3:6900
webRTC(1257473)  E 10-03 22:57:17 1257473 1257627 vsock_connection.cpp:224] Failed to connect:UNAVAILABLE: StrError(): Connection reset by peer
log_tee(1257448)  D 10-03 22:57:17 1257448 1257448 log_tee.cpp:185] [WARN  vhost_device_vsock::vhu_vsock] Received a backend event before vring initialization
adb_connector(1257476)  D 10-03 22:57:18 1257476 1257482 adb_connection_maintainer.cpp:223] Attempting to connect to device with address 127.0.0.1:6520
adb_connector(1257476)  D 10-03 22:57:18 1257476 1257482 adb_connection_maintainer.cpp:227] adb connect message for 127.0.0.1:6520 successfully sent
webRTC(1257473)  E 10-03 22:57:18 1257473 1257627 shared_fd.cpp:301] cannot connect to 3:6900
log_tee(1257448)  D 10-03 22:57:18 1257448 1257448 log_tee.cpp:185] [WARN  vhost_device_vsock::vhu_vsock] Received a backend event before vring initialization
webRTC(1257473)  E 10-03 22:57:18 1257473 1257627 vsock_connection.cpp:224] Failed to connect:UNAVAILABLE: StrError(): Connection reset by peer
webRTC(1257473)  E 10-03 22:57:19 1257473 1257627 shared_fd.cpp:301] cannot connect to 3:6900
webRTC(1257473)  E 10-03 22:57:19 1257473 1257627 vsock_connection.cpp:224] Failed to connect:UNAVAILABLE: StrError(): Connection reset by peer
log_tee(1257448)  D 10-03 22:57:19 1257448 1257448 log_tee.cpp:185] [WARN  vhost_device_vsock::vhu_vsock] Received a backend event before vring initialization
webRTC(1257473)  E 10-03 22:57:20 1257473 1257627 shared_fd.cpp:301] cannot connect to 3:6900
webRTC(1257473)  E 10-03 22:57:20 1257473 1257627 vsock_connection.cpp:224] Failed to connect:UNAVAILABLE: StrError(): Connection reset by peer
log_tee(1257448)  D 10-03 22:57:20 1257448 1257448 log_tee.cpp:185] [WARN  vhost_device_vsock::vhu_vsock] Received a backend event before vring initialization
webRTC(1257473)  E 10-03 22:57:21 1257473 1257627 shared_fd.cpp:301] cannot connect to 3:6900
webRTC(1257473)  E 10-03 22:57:21 1257473 1257627 vsock_connection.cpp:224] Failed to connect:UNAVAILABLE: StrError(): Connection reset by peer
log_tee(1257448)  D 10-03 22:57:21 1257448 1257448 log_tee.cpp:185] [WARN  vhost_device_vsock::vhu_vsock] Received a backend event before vring initialization
webRTC(1257473)  E 10-03 22:57:22 1257473 1257627 shared_fd.cpp:301] cannot connect to 3:6900
webRTC(1257473)  E 10-03 22:57:22 1257473 1257627 vsock_connection.cpp:224] Failed to connect:UNAVAILABLE: StrError(): Connection reset by peer
log_tee(1257448)  D 10-03 22:57:22 1257448 1257448 log_tee.cpp:185] [WARN  vhost_device_vsock::vhu_vsock] Received a backend event before vring initialization
adb_connector(1257476)  D 10-03 22:57:23 1257476 1257482 adb_connection_maintainer.cpp:234] adb connected to 127.0.0.1:6520
webRTC(1257473)  E 10-03 22:57:23 1257473 1257627 shared_fd.cpp:301] cannot connect to 3:6900
webRTC(1257473)  E 10-03 22:57:23 1257473 1257627 vsock_connection.cpp:224] Failed to connect:UNAVAILABLE: StrError(): Connection reset by peer
log_tee(1257448)  D 10-03 22:57:23 1257448 1257448 log_tee.cpp:185] [WARN  vhost_device_vsock::vhu_vsock] Received a backend event before vring initialization
webRTC(1257473)  E 10-03 22:57:24 1257473 1257627 shared_fd.cpp:301] cannot connect to 3:6900
webRTC(1257473)  E 10-03 22:57:24 1257473 1257627 vsock_connection.cpp:224] Failed to connect:UNAVAILABLE: StrError(): Connection reset by peer
log_tee(1257448)  D 10-03 22:57:24 1257448 1257448 log_tee.cpp:185] [WARN  vhost_device_vsock::vhu_vsock] Received a backend event before vring initialization
webRTC(1257473)  E 10-03 22:57:25 1257473 1257627 shared_fd.cpp:301] cannot connect to 3:6900
webRTC(1257473)  E 10-03 22:57:25 1257473 1257627 vsock_connection.cpp:224] Failed to connect:UNAVAILABLE: StrError(): Connection reset by peer
log_tee(1257448)  D 10-03 22:57:25 1257448 1257448 log_tee.cpp:185] [WARN  vhost_device_vsock::vhu_vsock] Received a backend event before vring initialization
webRTC(1257473)  E 10-03 22:57:26 1257473 1257627 shared_fd.cpp:301] cannot connect to 3:6900
webRTC(1257473)  E 10-03 22:57:26 1257473 1257627 vsock_connection.cpp:224] Failed to connect:UNAVAILABLE: StrError(): Connection reset by peer
log_tee(1257448)  D 10-03 22:57:26 1257448 1257448 log_tee.cpp:185] [WARN  vhost_device_vsock::vhu_vsock] Received a backend event before vring initialization
webRTC(1257473)  E 10-03 22:57:27 1257473 1257627 shared_fd.cpp:301] cannot connect to 3:6900
webRTC(1257473)  E 10-03 22:57:27 1257473 1257627 vsock_connection.cpp:224] Failed to connect:UNAVAILABLE: StrError(): Connection reset by peer
log_tee(1257448)  D 10-03 22:57:27 1257448 1257448 log_tee.cpp:185] [WARN  vhost_device_vsock::vhu_vsock] Received a backend event before vring initialization
adb_connector(1257476)  D 10-03 22:57:28 1257476 1257482 adb_connection_maintainer.cpp:241] Watching for disconnect on 127.0.0.1:6520
adb_connector(1257476)  W 10-03 22:57:28 1257476 1257482 adb_connection_maintainer.cpp:250] transport message failed, response body: device '127.0.0.1:6520' not found
adb_connector(1257476)  D 10-03 22:57:28 1257476 1257482 adb_connection_maintainer.cpp:285] Sending adb disconnect
webRTC(1257473)  E 10-03 22:57:28 1257473 1257627 shared_fd.cpp:301] cannot connect to 3:6900
webRTC(1257473)  E 10-03 22:57:28 1257473 1257627 vsock_connection.cpp:224] Failed to connect:UNAVAILABLE: StrError(): Connection reset by peer
log_tee(1257448)  D 10-03 22:57:28 1257448 1257448 log_tee.cpp:185] [WARN  vhost_device_vsock::vhu_vsock] Received a backend event before vring initialization
webRTC(1257473)  E 10-03 22:57:29 1257473 1257627 shared_fd.cpp:301] cannot connect to 3:6900
webRTC(1257473)  E 10-03 22:57:29 1257473 1257627 vsock_connection.cpp:224] Failed to connect:UNAVAILABLE: StrError(): Connection reset by peer
log_tee(1257448)  D 10-03 22:57:29 1257448 1257448 log_tee.cpp:185] [WARN  vhost_device_vsock::vhu_vsock] Received a backend event before vring initialization
webRTC(1257473)  E 10-03 22:57:30 1257473 1257627 shared_fd.cpp:301] cannot connect to 3:6900
webRTC(1257473)  E 10-03 22:57:30 1257473 1257627 vsock_connection.cpp:224] Failed to connect:UNAVAILABLE: StrError(): Connection reset by peer
log_tee(1257448)  D 10-03 22:57:30 1257448 1257448 log_tee.cpp:185] [WARN  vhost_device_vsock::vhu_vsock] Received a backend event before vring initialization
webRTC(1257473)  E 10-03 22:57:31 1257473 1257627 shared_fd.cpp:301] cannot connect to 3:6900
webRTC(1257473)  E 10-03 22:57:31 1257473 1257627 vsock_connection.cpp:224] Failed to connect:UNAVAILABLE: StrError(): Connection reset by peer
log_tee(1257448)  D 10-03 22:57:31 1257448 1257448 log_tee.cpp:185] [WARN  vhost_device_vsock::vhu_vsock] Received a backend event before vring initialization
webRTC(1257473)  E 10-03 22:57:32 1257473 1257627 shared_fd.cpp:301] cannot connect to 3:6900
webRTC(1257473)  E 10-03 22:57:32 1257473 1257627 vsock_connection.cpp:224] Failed to connect:UNAVAILABLE: StrError(): Connection reset by peer
log_tee(1257448)  D 10-03 22:57:32 1257448 1257448 log_tee.cpp:185] [WARN  vhost_device_vsock::vhu_vsock] Received a backend event before vring initialization
adb_connector(1257476)  D 10-03 22:57:33 1257476 1257482 adb_connection_maintainer.cpp:223] Attempting to connect to device with address 127.0.0.1:6520
adb_connector(1257476)  D 10-03 22:57:33 1257476 1257482 adb_connection_maintainer.cpp:227] adb connect message for 127.0.0.1:6520 successfully sent
webRTC(1257473)  E 10-03 22:57:33 1257473 1257627 shared_fd.cpp:301] cannot connect to 3:6900
webRTC(1257473)  E 10-03 22:57:33 1257473 1257627 vsock_connection.cpp:224] Failed to connect:UNAVAILABLE: StrError(): Connection reset by peer
log_tee(1257448)  D 10-03 22:57:33 1257448 1257448 log_tee.cpp:185] [WARN  vhost_device_vsock::vhu_vsock] Received a backend event before vring initialization
webRTC(1257473)  E 10-03 22:57:34 1257473 1257627 shared_fd.cpp:301] cannot connect to 3:6900
webRTC(1257473)  E 10-03 22:57:34 1257473 1257627 vsock_connection.cpp:224] Failed to connect:UNAVAILABLE: StrError(): Connection reset by peer
log_tee(1257448)  D 10-03 22:57:34 1257448 1257448 log_tee.cpp:185] [WARN  vhost_device_vsock::vhu_vsock] Received a backend event before vring initialization
webRTC(1257473)  E 10-03 22:57:35 1257473 1257627 shared_fd.cpp:301] cannot connect to 3:6900
webRTC(1257473)  E 10-03 22:57:35 1257473 1257627 vsock_connection.cpp:224] Failed to connect:UNAVAILABLE: StrError(): Connection reset by peer
log_tee(1257448)  D 10-03 22:57:35 1257448 1257448 log_tee.cpp:185] [WARN  vhost_device_vsock::vhu_vsock] Received a backend event before vring initialization
webRTC(1257473)  E 10-03 22:57:36 1257473 1257627 shared_fd.cpp:301] cannot connect to 3:6900
webRTC(1257473)  E 10-03 22:57:36 1257473 1257627 vsock_connection.cpp:224] Failed to connect:UNAVAILABLE: StrError(): Connection reset by peer
log_tee(1257448)  D 10-03 22:57:36 1257448 1257448 log_tee.cpp:185] [WARN  vhost_device_vsock::vhu_vsock] Received a backend event before vring initialization
webRTC(1257473)  E 10-03 22:57:37 1257473 1257627 shared_fd.cpp:301] cannot connect to 3:6900
webRTC(1257473)  E 10-03 22:57:37 1257473 1257627 vsock_connection.cpp:224] Failed to connect:UNAVAILABLE: StrError(): Connection reset by peer
log_tee(1257448)  D 10-03 22:57:37 1257448 1257448 log_tee.cpp:185] [WARN  vhost_device_vsock::vhu_vsock] Received a backend event before vring initialization
adb_connector(1257476)  D 10-03 22:57:38 1257476 1257482 adb_connection_maintainer.cpp:234] adb connected to 127.0.0.1:6520
webRTC(1257473)  E 10-03 22:57:38 1257473 1257627 shared_fd.cpp:301] cannot connect to 3:6900
webRTC(1257473)  E 10-03 22:57:38 1257473 1257627 vsock_connection.cpp:224] Failed to connect:UNAVAILABLE: StrError(): Connection reset by peer
log_tee(1257448)  D 10-03 22:57:38 1257448 1257448 log_tee.cpp:185] [WARN  vhost_device_vsock::vhu_vsock] Received a backend event before vring initialization
webRTC(1257473)  E 10-03 22:57:39 1257473 1257627 shared_fd.cpp:301] cannot connect to 3:6900
webRTC(1257473)  E 10-03 22:57:39 1257473 1257627 vsock_connection.cpp:224] Failed to connect:UNAVAILABLE: StrError(): Connection reset by peer
log_tee(1257448)  D 10-03 22:57:39 1257448 1257448 log_tee.cpp:185] [WARN  vhost_device_vsock::vhu_vsock] Received a backend event before vring initialization
webRTC(1257473)  E 10-03 22:57:40 1257473 1257627 shared_fd.cpp:301] cannot connect to 3:6900
webRTC(1257473)  E 10-03 22:57:40 1257473 1257627 vsock_connection.cpp:224] Failed to connect:UNAVAILABLE: StrError(): Connection reset by peer
log_tee(1257448)  D 10-03 22:57:40 1257448 1257448 log_tee.cpp:185] [WARN  vhost_device_vsock::vhu_vsock] Received a backend event before vring initialization
webRTC(1257473)  E 10-03 22:57:41 1257473 1257627 shared_fd.cpp:301] cannot connect to 3:6900
webRTC(1257473)  E 10-03 22:57:41 1257473 1257627 vsock_connection.cpp:224] Failed to connect:UNAVAILABLE: StrError(): Connection reset by peer
log_tee(1257448)  D 10-03 22:57:41 1257448 1257448 log_tee.cpp:185] [WARN  vhost_device_vsock::vhu_vsock] Received a backend event before vring initialization
webRTC(1257473)  E 10-03 22:57:42 1257473 1257627 shared_fd.cpp:301] cannot connect to 3:6900
webRTC(1257473)  E 10-03 22:57:42 1257473 1257627 vsock_connection.cpp:224] Failed to connect:UNAVAILABLE: StrError(): Connection reset by peer
log_tee(1257448)  D 10-03 22:57:42 1257448 1257448 log_tee.cpp:185] [WARN  vhost_device_vsock::vhu_vsock] Received a backend event before vring initialization
adb_connector(1257476)  D 10-03 22:57:43 1257476 1257482 adb_connection_maintainer.cpp:241] Watching for disconnect on 127.0.0.1:6520
adb_connector(1257476)  W 10-03 22:57:43 1257476 1257482 adb_connection_maintainer.cpp:250] transport message failed, response body: device '127.0.0.1:6520' not found
adb_connector(1257476)  D 10-03 22:57:43 1257476 1257482 adb_connection_maintainer.cpp:285] Sending adb disconnect
webRTC(1257473)  E 10-03 22:57:43 1257473 1257627 shared_fd.cpp:301] cannot connect to 3:6900
webRTC(1257473)  E 10-03 22:57:43 1257473 1257627 vsock_connection.cpp:224] Failed to connect:UNAVAILABLE: StrError(): Connection reset by peer
log_tee(1257448)  D 10-03 22:57:43 1257448 1257448 log_tee.cpp:185] [WARN  vhost_device_vsock::vhu_vsock] Received a backend event before vring initialization
webRTC(1257473)  E 10-03 22:57:44 1257473 1257627 shared_fd.cpp:301] cannot connect to 3:6900
webRTC(1257473)  E 10-03 22:57:44 1257473 1257627 vsock_connection.cpp:224] Failed to connect:UNAVAILABLE: StrError(): Connection reset by peer
log_tee(1257448)  D 10-03 22:57:44 1257448 1257448 log_tee.cpp:185] [WARN  vhost_device_vsock::vhu_vsock] Received a backend event before vring initialization
webRTC(1257473)  E 10-03 22:57:45 1257473 1257627 shared_fd.cpp:301] cannot connect to 3:6900
webRTC(1257473)  E 10-03 22:57:45 1257473 1257627 vsock_connection.cpp:224] Failed to connect:UNAVAILABLE: StrError(): Connection reset by peer
log_tee(1257448)  D 10-03 22:57:45 1257448 1257448 log_tee.cpp:185] [WARN  vhost_device_vsock::vhu_vsock] Received a backend event before vring initialization
webRTC(1257473)  E 10-03 22:57:46 1257473 1257627 shared_fd.cpp:301] cannot connect to 3:6900
webRTC(1257473)  E 10-03 22:57:46 1257473 1257627 vsock_connection.cpp:224] Failed to connect:UNAVAILABLE: StrError(): Connection reset by peer
log_tee(1257448)  D 10-03 22:57:46 1257448 1257448 log_tee.cpp:185] [WARN  vhost_device_vsock::vhu_vsock] Received a backend event before vring initialization
webRTC(1257473)  E 10-03 22:57:47 1257473 1257627 shared_fd.cpp:301] cannot connect to 3:6900
webRTC(1257473)  E 10-03 22:57:47 1257473 1257627 vsock_connection.cpp:224] Failed to connect:UNAVAILABLE: StrError(): Connection reset by peer
log_tee(1257448)  D 10-03 22:57:47 1257448 1257448 log_tee.cpp:185] [WARN  vhost_device_vsock::vhu_vsock] Received a backend event before vring initialization
adb_connector(1257476)  D 10-03 22:57:48 1257476 1257482 adb_connection_maintainer.cpp:223] Attempting to connect to device with address 127.0.0.1:6520
adb_connector(1257476)  D 10-03 22:57:48 1257476 1257482 adb_connection_maintainer.cpp:227] adb connect message for 127.0.0.1:6520 successfully sent
webRTC(1257473)  E 10-03 22:57:48 1257473 1257627 shared_fd.cpp:301] cannot connect to 3:6900
webRTC(1257473)  E 10-03 22:57:48 1257473 1257627 vsock_connection.cpp:224] Failed to connect:UNAVAILABLE: StrError(): Connection reset by peer
log_tee(1257448)  D 10-03 22:57:48 1257448 1257448 log_tee.cpp:185] [WARN  vhost_device_vsock::vhu_vsock] Received a backend event before vring initialization
webRTC(1257473)  E 10-03 22:57:49 1257473 1257627 shared_fd.cpp:301] cannot connect to 3:6900
webRTC(1257473)  E 10-03 22:57:49 1257473 1257627 vsock_connection.cpp:224] Failed to connect:UNAVAILABLE: StrError(): Connection reset by peer
log_tee(1257448)  D 10-03 22:57:49 1257448 1257448 log_tee.cpp:185] [WARN  vhost_device_vsock::vhu_vsock] Received a backend event before vring initialization
webRTC(1257473)  E 10-03 22:57:50 1257473 1257627 shared_fd.cpp:301] cannot connect to 3:6900
webRTC(1257473)  E 10-03 22:57:50 1257473 1257627 vsock_connection.cpp:224] Failed to connect:UNAVAILABLE: StrError(): Connection reset by peer
log_tee(1257448)  D 10-03 22:57:50 1257448 1257448 log_tee.cpp:185] [WARN  vhost_device_vsock::vhu_vsock] Received a backend event before vring initialization
webRTC(1257473)  E 10-03 22:57:51 1257473 1257627 shared_fd.cpp:301] cannot connect to 3:6900
webRTC(1257473)  E 10-03 22:57:51 1257473 1257627 vsock_connection.cpp:224] Failed to connect:UNAVAILABLE: StrError(): Connection reset by peer
log_tee(1257448)  D 10-03 22:57:51 1257448 1257448 log_tee.cpp:185] [WARN  vhost_device_vsock::vhu_vsock] Received a backend event before vring initialization
webRTC(1257473)  E 10-03 22:57:52 1257473 1257627 shared_fd.cpp:301] cannot connect to 3:6900
webRTC(1257473)  E 10-03 22:57:52 1257473 1257627 vsock_connection.cpp:224] Failed to connect:UNAVAILABLE: StrError(): Connection reset by peer
log_tee(1257448)  D 10-03 22:57:52 1257448 1257448 log_tee.cpp:185] [WARN  vhost_device_vsock::vhu_vsock] Received a backend event before vring initialization
adb_connector(1257476)  D 10-03 22:57:53 1257476 1257482 adb_connection_maintainer.cpp:234] adb connected to 127.0.0.1:6520
webRTC(1257473)  E 10-03 22:57:53 1257473 1257627 shared_fd.cpp:301] cannot connect to 3:6900
webRTC(1257473)  E 10-03 22:57:53 1257473 1257627 vsock_connection.cpp:224] Failed to connect:UNAVAILABLE: StrError(): Connection reset by peer
log_tee(1257448)  D 10-03 22:57:53 1257448 1257448 log_tee.cpp:185] [WARN  vhost_device_vsock::vhu_vsock] Received a backend event before vring initialization
webRTC(1257473)  E 10-03 22:57:54 1257473 1257627 shared_fd.cpp:301] cannot connect to 3:6900
webRTC(1257473)  E 10-03 22:57:54 1257473 1257627 vsock_connection.cpp:224] Failed to connect:UNAVAILABLE: StrError(): Connection reset by peer
log_tee(1257448)  D 10-03 22:57:54 1257448 1257448 log_tee.cpp:185] [WARN  vhost_device_vsock::vhu_vsock] Received a backend event before vring initialization
webRTC(1257473)  E 10-03 22:57:55 1257473 1257627 shared_fd.cpp:301] cannot connect to 3:6900
webRTC(1257473)  E 10-03 22:57:55 1257473 1257627 vsock_connection.cpp:224] Failed to connect:UNAVAILABLE: StrError(): Connection reset by peer
log_tee(1257448)  D 10-03 22:57:55 1257448 1257448 log_tee.cpp:185] [WARN  vhost_device_vsock::vhu_vsock] Received a backend event before vring initialization
webRTC(1257473)  E 10-03 22:57:56 1257473 1257627 shared_fd.cpp:301] cannot connect to 3:6900
webRTC(1257473)  E 10-03 22:57:56 1257473 1257627 vsock_connection.cpp:224] Failed to connect:UNAVAILABLE: StrError(): Connection reset by peer
log_tee(1257448)  D 10-03 22:57:56 1257448 1257448 log_tee.cpp:185] [WARN  vhost_device_vsock::vhu_vsock] Received a backend event before vring initialization
webRTC(1257473)  E 10-03 22:57:57 1257473 1257627 shared_fd.cpp:301] cannot connect to 3:6900
webRTC(1257473)  E 10-03 22:57:57 1257473 1257627 vsock_connection.cpp:224] Failed to connect:UNAVAILABLE: StrError(): Connection reset by peer
log_tee(1257448)  D 10-03 22:57:57 1257448 1257448 log_tee.cpp:185] [WARN  vhost_device_vsock::vhu_vsock] Received a backend event before vring initialization
adb_connector(1257476)  D 10-03 22:57:58 1257476 1257482 adb_connection_maintainer.cpp:241] Watching for disconnect on 127.0.0.1:6520
adb_connector(1257476)  W 10-03 22:57:58 1257476 1257482 adb_connection_maintainer.cpp:250] transport message failed, response body: device '127.0.0.1:6520' not found
adb_connector(1257476)  D 10-03 22:57:58 1257476 1257482 adb_connection_maintainer.cpp:285] Sending adb disconnect
webRTC(1257473)  E 10-03 22:57:58 1257473 1257627 shared_fd.cpp:301] cannot connect to 3:6900
webRTC(1257473)  E 10-03 22:57:58 1257473 1257627 vsock_connection.cpp:224] Failed to connect:UNAVAILABLE: StrError(): Connection reset by peer
log_tee(1257448)  D 10-03 22:57:58 1257448 1257448 log_tee.cpp:185] [WARN  vhost_device_vsock::vhu_vsock] Received a backend event before vring initialization
webRTC(1257473)  E 10-03 22:57:59 1257473 1257627 shared_fd.cpp:301] cannot connect to 3:6900
webRTC(1257473)  E 10-03 22:57:59 1257473 1257627 vsock_connection.cpp:224] Failed to connect:UNAVAILABLE: StrError(): Connection reset by peer
log_tee(1257448)  D 10-03 22:57:59 1257448 1257448 log_tee.cpp:185] [WARN  vhost_device_vsock::vhu_vsock] Received a backend event before vring initialization
webRTC(1257473)  E 10-03 22:58:00 1257473 1257627 shared_fd.cpp:301] cannot connect to 3:6900
webRTC(1257473)  E 10-03 22:58:00 1257473 1257627 vsock_connection.cpp:224] Failed to connect:UNAVAILABLE: StrError(): Connection reset by peer
log_tee(1257448)  D 10-03 22:58:00 1257448 1257448 log_tee.cpp:185] [WARN  vhost_device_vsock::vhu_vsock] Received a backend event before vring initialization
webRTC(1257473)  E 10-03 22:58:01 1257473 1257627 shared_fd.cpp:301] cannot connect to 3:6900
webRTC(1257473)  E 10-03 22:58:01 1257473 1257627 vsock_connection.cpp:224] Failed to connect:UNAVAILABLE: StrError(): Connection reset by peer
log_tee(1257448)  D 10-03 22:58:01 1257448 1257448 log_tee.cpp:185] [WARN  vhost_device_vsock::vhu_vsock] Received a backend event before vring initialization
webRTC(1257473)  E 10-03 22:58:02 1257473 1257627 shared_fd.cpp:301] cannot connect to 3:6900
webRTC(1257473)  E 10-03 22:58:02 1257473 1257627 vsock_connection.cpp:224] Failed to connect:UNAVAILABLE: StrError(): Connection reset by peer
log_tee(1257448)  D 10-03 22:58:02 1257448 1257448 log_tee.cpp:185] [WARN  vhost_device_vsock::vhu_vsock] Received a backend event before vring initialization
adb_connector(1257476)  D 10-03 22:58:03 1257476 1257482 adb_connection_maintainer.cpp:223] Attempting to connect to device with address 127.0.0.1:6520
adb_connector(1257476)  D 10-03 22:58:03 1257476 1257482 adb_connection_maintainer.cpp:227] adb connect message for 127.0.0.1:6520 successfully sent
webRTC(1257473)  E 10-03 22:58:03 1257473 1257627 shared_fd.cpp:301] cannot connect to 3:6900
webRTC(1257473)  E 10-03 22:58:03 1257473 1257627 vsock_connection.cpp:224] Failed to connect:UNAVAILABLE: StrError(): Connection reset by peer
log_tee(1257448)  D 10-03 22:58:03 1257448 1257448 log_tee.cpp:185] [WARN  vhost_device_vsock::vhu_vsock] Received a backend event before vring initialization
webRTC(1257473)  E 10-03 22:58:04 1257473 1257627 shared_fd.cpp:301] cannot connect to 3:6900
webRTC(1257473)  E 10-03 22:58:04 1257473 1257627 vsock_connection.cpp:224] Failed to connect:UNAVAILABLE: StrError(): Connection reset by peer
log_tee(1257448)  D 10-03 22:58:04 1257448 1257448 log_tee.cpp:185] [WARN  vhost_device_vsock::vhu_vsock] Received a backend event before vring initialization
webRTC(1257473)  E 10-03 22:58:05 1257473 1257627 shared_fd.cpp:301] cannot connect to 3:6900
webRTC(1257473)  E 10-03 22:58:05 1257473 1257627 vsock_connection.cpp:224] Failed to connect:UNAVAILABLE: StrError(): Connection reset by peer
log_tee(1257448)  D 10-03 22:58:05 1257448 1257448 log_tee.cpp:185] [WARN  vhost_device_vsock::vhu_vsock] Received a backend event before vring initialization
webRTC(1257473)  E 10-03 22:58:06 1257473 1257627 shared_fd.cpp:301] cannot connect to 3:6900
webRTC(1257473)  E 10-03 22:58:06 1257473 1257627 vsock_connection.cpp:224] Failed to connect:UNAVAILABLE: StrError(): Connection reset by peer
log_tee(1257448)  D 10-03 22:58:06 1257448 1257448 log_tee.cpp:185] [WARN  vhost_device_vsock::vhu_vsock] Received a backend event before vring initialization
webRTC(1257473)  E 10-03 22:58:07 1257473 1257627 shared_fd.cpp:301] cannot connect to 3:6900
webRTC(1257473)  E 10-03 22:58:07 1257473 1257627 vsock_connection.cpp:224] Failed to connect:UNAVAILABLE: StrError(): Connection reset by peer
log_tee(1257448)  D 10-03 22:58:07 1257448 1257448 log_tee.cpp:185] [WARN  vhost_device_vsock::vhu_vsock] Received a backend event before vring initialization
adb_connector(1257476)  D 10-03 22:58:08 1257476 1257482 adb_connection_maintainer.cpp:234] adb connected to 127.0.0.1:6520
webRTC(1257473)  E 10-03 22:58:08 1257473 1257627 shared_fd.cpp:301] cannot connect to 3:6900
webRTC(1257473)  E 10-03 22:58:08 1257473 1257627 vsock_connection.cpp:224] Failed to connect:UNAVAILABLE: StrError(): Connection reset by peer
log_tee(1257448)  D 10-03 22:58:08 1257448 1257448 log_tee.cpp:185] [WARN  vhost_device_vsock::vhu_vsock] Received a backend event before vring initialization
webRTC(1257473)  E 10-03 22:58:09 1257473 1257627 shared_fd.cpp:301] cannot connect to 3:6900
webRTC(1257473)  E 10-03 22:58:09 1257473 1257627 vsock_connection.cpp:224] Failed to connect:UNAVAILABLE: StrError(): Connection reset by peer
log_tee(1257448)  D 10-03 22:58:09 1257448 1257448 log_tee.cpp:185] [WARN  vhost_device_vsock::vhu_vsock] Received a backend event before vring initialization
webRTC(1257473)  E 10-03 22:58:10 1257473 1257627 shared_fd.cpp:301] cannot connect to 3:6900
webRTC(1257473)  E 10-03 22:58:10 1257473 1257627 vsock_connection.cpp:224] Failed to connect:UNAVAILABLE: StrError(): Connection reset by peer
log_tee(1257448)  D 10-03 22:58:10 1257448 1257448 log_tee.cpp:185] [WARN  vhost_device_vsock::vhu_vsock] Received a backend event before vring initialization
webRTC(1257473)  E 10-03 22:58:11 1257473 1257627 shared_fd.cpp:301] cannot connect to 3:6900
webRTC(1257473)  E 10-03 22:58:11 1257473 1257627 vsock_connection.cpp:224] Failed to connect:UNAVAILABLE: StrError(): Connection reset by peer
log_tee(1257448)  D 10-03 22:58:11 1257448 1257448 log_tee.cpp:185] [WARN  vhost_device_vsock::vhu_vsock] Received a backend event before vring initialization
webRTC(1257473)  E 10-03 22:58:12 1257473 1257627 shared_fd.cpp:301] cannot connect to 3:6900
webRTC(1257473)  E 10-03 22:58:12 1257473 1257627 vsock_connection.cpp:224] Failed to connect:UNAVAILABLE: StrError(): Connection reset by peer
log_tee(1257448)  D 10-03 22:58:12 1257448 1257448 log_tee.cpp:185] [WARN  vhost_device_vsock::vhu_vsock] Received a backend event before vring initialization
adb_connector(1257476)  D 10-03 22:58:13 1257476 1257482 adb_connection_maintainer.cpp:241] Watching for disconnect on 127.0.0.1:6520
adb_connector(1257476)  W 10-03 22:58:13 1257476 1257482 adb_connection_maintainer.cpp:250] transport message failed, response body: device '127.0.0.1:6520' not found
adb_connector(1257476)  D 10-03 22:58:13 1257476 1257482 adb_connection_maintainer.cpp:285] Sending adb disconnect
webRTC(1257473)  E 10-03 22:58:13 1257473 1257627 shared_fd.cpp:301] cannot connect to 3:6900
webRTC(1257473)  E 10-03 22:58:13 1257473 1257627 vsock_connection.cpp:224] Failed to connect:UNAVAILABLE: StrError(): Connection reset by peer
log_tee(1257448)  D 10-03 22:58:13 1257448 1257448 log_tee.cpp:185] [WARN  vhost_device_vsock::vhu_vsock] Received a backend event before vring initialization
webRTC(1257473)  E 10-03 22:58:14 1257473 1257627 shared_fd.cpp:301] cannot connect to 3:6900
webRTC(1257473)  E 10-03 22:58:14 1257473 1257627 vsock_connection.cpp:224] Failed to connect:UNAVAILABLE: StrError(): Connection reset by peer
log_tee(1257448)  D 10-03 22:58:14 1257448 1257448 log_tee.cpp:185] [WARN  vhost_device_vsock::vhu_vsock] Received a backend event before vring initialization
webRTC(1257473)  E 10-03 22:58:15 1257473 1257627 shared_fd.cpp:301] cannot connect to 3:6900
webRTC(1257473)  E 10-03 22:58:15 1257473 1257627 vsock_connection.cpp:224] Failed to connect:UNAVAILABLE: StrError(): Connection reset by peer
log_tee(1257448)  D 10-03 22:58:15 1257448 1257448 log_tee.cpp:185] [WARN  vhost_device_vsock::vhu_vsock] Received a backend event before vring initialization
webRTC(1257473)  E 10-03 22:58:16 1257473 1257627 shared_fd.cpp:301] cannot connect to 3:6900
webRTC(1257473)  E 10-03 22:58:16 1257473 1257627 vsock_connection.cpp:224] Failed to connect:UNAVAILABLE: StrError(): Connection reset by peer
log_tee(1257448)  D 10-03 22:58:16 1257448 1257448 log_tee.cpp:185] [WARN  vhost_device_vsock::vhu_vsock] Received a backend event before vring initialization
webRTC(1257473)  E 10-03 22:58:17 1257473 1257627 shared_fd.cpp:301] cannot connect to 3:6900
webRTC(1257473)  E 10-03 22:58:17 1257473 1257627 vsock_connection.cpp:224] Failed to connect:UNAVAILABLE: StrError(): Connection reset by peer
log_tee(1257448)  D 10-03 22:58:17 1257448 1257448 log_tee.cpp:185] [WARN  vhost_device_vsock::vhu_vsock] Received a backend event before vring initialization
adb_connector(1257476)  D 10-03 22:58:18 1257476 1257482 adb_connection_maintainer.cpp:223] Attempting to connect to device with address 127.0.0.1:6520
adb_connector(1257476)  D 10-03 22:58:18 1257476 1257482 adb_connection_maintainer.cpp:227] adb connect message for 127.0.0.1:6520 successfully sent
webRTC(1257473)  E 10-03 22:58:18 1257473 1257627 shared_fd.cpp:301] cannot connect to 3:6900
webRTC(1257473)  E 10-03 22:58:18 1257473 1257627 vsock_connection.cpp:224] Failed to connect:UNAVAILABLE: StrError(): Connection reset by peer
log_tee(1257448)  D 10-03 22:58:18 1257448 1257448 log_tee.cpp:185] [WARN  vhost_device_vsock::vhu_vsock] Received a backend event before vring initialization
webRTC(1257473)  E 10-03 22:58:19 1257473 1257627 shared_fd.cpp:301] cannot connect to 3:6900
webRTC(1257473)  E 10-03 22:58:19 1257473 1257627 vsock_connection.cpp:224] Failed to connect:UNAVAILABLE: StrError(): Connection reset by peer
log_tee(1257448)  D 10-03 22:58:19 1257448 1257448 log_tee.cpp:185] [WARN  vhost_device_vsock::vhu_vsock] Received a backend event before vring initialization
webRTC(1257473)  E 10-03 22:58:20 1257473 1257627 shared_fd.cpp:301] cannot connect to 3:6900
webRTC(1257473)  E 10-03 22:58:20 1257473 1257627 vsock_connection.cpp:224] Failed to connect:UNAVAILABLE: StrError(): Connection reset by peer
log_tee(1257448)  D 10-03 22:58:20 1257448 1257448 log_tee.cpp:185] [WARN  vhost_device_vsock::vhu_vsock] Received a backend event before vring initialization
webRTC(1257473)  E 10-03 22:58:21 1257473 1257627 shared_fd.cpp:301] cannot connect to 3:6900
webRTC(1257473)  E 10-03 22:58:21 1257473 1257627 vsock_connection.cpp:224] Failed to connect:UNAVAILABLE: StrError(): Connection reset by peer
log_tee(1257448)  D 10-03 22:58:21 1257448 1257448 log_tee.cpp:185] [WARN  vhost_device_vsock::vhu_vsock] Received a backend event before vring initialization
webRTC(1257473)  E 10-03 22:58:22 1257473 1257627 shared_fd.cpp:301] cannot connect to 3:6900
webRTC(1257473)  E 10-03 22:58:22 1257473 1257627 vsock_connection.cpp:224] Failed to connect:UNAVAILABLE: StrError(): Connection reset by peer
log_tee(1257448)  D 10-03 22:58:22 1257448 1257448 log_tee.cpp:185] [WARN  vhost_device_vsock::vhu_vsock] Received a backend event before vring initialization
adb_connector(1257476)  D 10-03 22:58:23 1257476 1257482 adb_connection_maintainer.cpp:234] adb connected to 127.0.0.1:6520
webRTC(1257473)  E 10-03 22:58:23 1257473 1257627 shared_fd.cpp:301] cannot connect to 3:6900
webRTC(1257473)  E 10-03 22:58:23 1257473 1257627 vsock_connection.cpp:224] Failed to connect:UNAVAILABLE: StrError(): Connection reset by peer
log_tee(1257448)  D 10-03 22:58:23 1257448 1257448 log_tee.cpp:185] [WARN  vhost_device_vsock::vhu_vsock] Received a backend event before vring initialization
webRTC(1257473)  E 10-03 22:58:24 1257473 1257627 shared_fd.cpp:301] cannot connect to 3:6900
webRTC(1257473)  E 10-03 22:58:24 1257473 1257627 vsock_connection.cpp:224] Failed to connect:UNAVAILABLE: StrError(): Connection reset by peer
log_tee(1257448)  D 10-03 22:58:24 1257448 1257448 log_tee.cpp:185] [WARN  vhost_device_vsock::vhu_vsock] Received a backend event before vring initialization
webRTC(1257473)  E 10-03 22:58:25 1257473 1257627 shared_fd.cpp:301] cannot connect to 3:6900
webRTC(1257473)  E 10-03 22:58:25 1257473 1257627 vsock_connection.cpp:224] Failed to connect:UNAVAILABLE: StrError(): Connection reset by peer
log_tee(1257448)  D 10-03 22:58:25 1257448 1257448 log_tee.cpp:185] [WARN  vhost_device_vsock::vhu_vsock] Received a backend event before vring initialization
webRTC(1257473)  E 10-03 22:58:26 1257473 1257627 shared_fd.cpp:301] cannot connect to 3:6900
webRTC(1257473)  E 10-03 22:58:26 1257473 1257627 vsock_connection.cpp:224] Failed to connect:UNAVAILABLE: StrError(): Connection reset by peer
log_tee(1257448)  D 10-03 22:58:26 1257448 1257448 log_tee.cpp:185] [WARN  vhost_device_vsock::vhu_vsock] Received a backend event before vring initialization
webRTC(1257473)  E 10-03 22:58:27 1257473 1257627 shared_fd.cpp:301] cannot connect to 3:6900
webRTC(1257473)  E 10-03 22:58:27 1257473 1257627 vsock_connection.cpp:224] Failed to connect:UNAVAILABLE: StrError(): Connection reset by peer
log_tee(1257448)  D 10-03 22:58:27 1257448 1257448 log_tee.cpp:185] [WARN  vhost_device_vsock::vhu_vsock] Received a backend event before vring initialization
adb_connector(1257476)  D 10-03 22:58:28 1257476 1257482 adb_connection_maintainer.cpp:241] Watching for disconnect on 127.0.0.1:6520
adb_connector(1257476)  W 10-03 22:58:28 1257476 1257482 adb_connection_maintainer.cpp:250] transport message failed, response body: device '127.0.0.1:6520' not found
adb_connector(1257476)  D 10-03 22:58:28 1257476 1257482 adb_connection_maintainer.cpp:285] Sending adb disconnect
webRTC(1257473)  E 10-03 22:58:28 1257473 1257627 shared_fd.cpp:301] cannot connect to 3:6900
webRTC(1257473)  E 10-03 22:58:28 1257473 1257627 vsock_connection.cpp:224] Failed to connect:UNAVAILABLE: StrError(): Connection reset by peer
log_tee(1257448)  D 10-03 22:58:28 1257448 1257448 log_tee.cpp:185] [WARN  vhost_device_vsock::vhu_vsock] Received a backend event before vring initialization
webRTC(1257473)  E 10-03 22:58:29 1257473 1257627 shared_fd.cpp:301] cannot connect to 3:6900
webRTC(1257473)  E 10-03 22:58:29 1257473 1257627 vsock_connection.cpp:224] Failed to connect:UNAVAILABLE: StrError(): Connection reset by peer
log_tee(1257448)  D 10-03 22:58:29 1257448 1257448 log_tee.cpp:185] [WARN  vhost_device_vsock::vhu_vsock] Received a backend event before vring initialization
webRTC(1257473)  E 10-03 22:58:30 1257473 1257627 shared_fd.cpp:301] cannot connect to 3:6900
webRTC(1257473)  E 10-03 22:58:30 1257473 1257627 vsock_connection.cpp:224] Failed to connect:UNAVAILABLE: StrError(): Connection reset by peer
log_tee(1257448)  D 10-03 22:58:30 1257448 1257448 log_tee.cpp:185] [WARN  vhost_device_vsock::vhu_vsock] Received a backend event before vring initialization
webRTC(1257473)  E 10-03 22:58:31 1257473 1257627 shared_fd.cpp:301] cannot connect to 3:6900
webRTC(1257473)  E 10-03 22:58:31 1257473 1257627 vsock_connection.cpp:224] Failed to connect:UNAVAILABLE: StrError(): Connection reset by peer
log_tee(1257448)  D 10-03 22:58:31 1257448 1257448 log_tee.cpp:185] [WARN  vhost_device_vsock::vhu_vsock] Received a backend event before vring initialization
webRTC(1257473)  E 10-03 22:58:32 1257473 1257627 shared_fd.cpp:301] cannot connect to 3:6900
webRTC(1257473)  E 10-03 22:58:32 1257473 1257627 vsock_connection.cpp:224] Failed to connect:UNAVAILABLE: StrError(): Connection reset by peer
log_tee(1257448)  D 10-03 22:58:32 1257448 1257448 log_tee.cpp:185] [WARN  vhost_device_vsock::vhu_vsock] Received a backend event before vring initialization
adb_connector(1257476)  D 10-03 22:58:33 1257476 1257482 adb_connection_maintainer.cpp:223] Attempting to connect to device with address 127.0.0.1:6520
adb_connector(1257476)  D 10-03 22:58:33 1257476 1257482 adb_connection_maintainer.cpp:227] adb connect message for 127.0.0.1:6520 successfully sent
webRTC(1257473)  E 10-03 22:58:34 1257473 1257627 shared_fd.cpp:301] cannot connect to 3:6900
webRTC(1257473)  E 10-03 22:58:34 1257473 1257627 vsock_connection.cpp:224] Failed to connect:UNAVAILABLE: StrError(): Connection reset by peer
log_tee(1257448)  D 10-03 22:58:34 1257448 1257448 log_tee.cpp:185] [WARN  vhost_device_vsock::vhu_vsock] Received a backend event before vring initialization
webRTC(1257473)  E 10-03 22:58:35 1257473 1257627 shared_fd.cpp:301] cannot connect to 3:6900
webRTC(1257473)  E 10-03 22:58:35 1257473 1257627 vsock_connection.cpp:224] Failed to connect:UNAVAILABLE: StrError(): Connection reset by peer
log_tee(1257448)  D 10-03 22:58:35 1257448 1257448 log_tee.cpp:185] [WARN  vhost_device_vsock::vhu_vsock] Received a backend event before vring initialization
webRTC(1257473)  E 10-03 22:58:36 1257473 1257627 shared_fd.cpp:301] cannot connect to 3:6900
webRTC(1257473)  E 10-03 22:58:36 1257473 1257627 vsock_connection.cpp:224] Failed to connect:UNAVAILABLE: StrError(): Connection reset by peer
log_tee(1257448)  D 10-03 22:58:36 1257448 1257448 log_tee.cpp:185] [WARN  vhost_device_vsock::vhu_vsock] Received a backend event before vring initialization
webRTC(1257473)  E 10-03 22:58:37 1257473 1257627 shared_fd.cpp:301] cannot connect to 3:6900
webRTC(1257473)  E 10-03 22:58:37 1257473 1257627 vsock_connection.cpp:224] Failed to connect:UNAVAILABLE: StrError(): Connection reset by peer
log_tee(1257448)  D 10-03 22:58:37 1257448 1257448 log_tee.cpp:185] [WARN  vhost_device_vsock::vhu_vsock] Received a backend event before vring initialization
webRTC(1257473)  E 10-03 22:58:38 1257473 1257627 shared_fd.cpp:301] cannot connect to 3:6900
log_tee(1257448)  D 10-03 22:58:38 1257448 1257448 log_tee.cpp:185] [WARN  vhost_device_vsock::vhu_vsock] Received a backend event before vring initialization
webRTC(1257473)  E 10-03 22:58:38 1257473 1257627 vsock_connection.cpp:224] Failed to connect:UNAVAILABLE: StrError(): Connection reset by peer
adb_connector(1257476)  D 10-03 22:58:38 1257476 1257482 adb_connection_maintainer.cpp:234] adb connected to 127.0.0.1:6520
webRTC(1257473)  E 10-03 22:58:39 1257473 1257627 shared_fd.cpp:301] cannot connect to 3:6900
webRTC(1257473)  E 10-03 22:58:39 1257473 1257627 vsock_connection.cpp:224] Failed to connect:UNAVAILABLE: StrError(): Connection reset by peer
log_tee(1257448)  D 10-03 22:58:39 1257448 1257448 log_tee.cpp:185] [WARN  vhost_device_vsock::vhu_vsock] Received a backend event before vring initialization
webRTC(1257473)  E 10-03 22:58:40 1257473 1257627 shared_fd.cpp:301] cannot connect to 3:6900
webRTC(1257473)  E 10-03 22:58:40 1257473 1257627 vsock_connection.cpp:224] Failed to connect:UNAVAILABLE: StrError(): Connection reset by peer
log_tee(1257448)  D 10-03 22:58:40 1257448 1257448 log_tee.cpp:185] [WARN  vhost_device_vsock::vhu_vsock] Received a backend event before vring initialization
webRTC(1257473)  E 10-03 22:58:41 1257473 1257627 shared_fd.cpp:301] cannot connect to 3:6900
webRTC(1257473)  E 10-03 22:58:41 1257473 1257627 vsock_connection.cpp:224] Failed to connect:UNAVAILABLE: StrError(): Connection reset by peer
log_tee(1257448)  D 10-03 22:58:41 1257448 1257448 log_tee.cpp:185] [WARN  vhost_device_vsock::vhu_vsock] Received a backend event before vring initialization
webRTC(1257473)  E 10-03 22:58:42 1257473 1257627 shared_fd.cpp:301] cannot connect to 3:6900
webRTC(1257473)  E 10-03 22:58:42 1257473 1257627 vsock_connection.cpp:224] Failed to connect:UNAVAILABLE: StrError(): Connection reset by peer
log_tee(1257448)  D 10-03 22:58:42 1257448 1257448 log_tee.cpp:185] [WARN  vhost_device_vsock::vhu_vsock] Received a backend event before vring initialization
webRTC(1257473)  E 10-03 22:58:43 1257473 1257627 shared_fd.cpp:301] cannot connect to 3:6900
webRTC(1257473)  E 10-03 22:58:43 1257473 1257627 vsock_connection.cpp:224] Failed to connect:UNAVAILABLE: StrError(): Connection reset by peer
log_tee(1257448)  D 10-03 22:58:43 1257448 1257448 log_tee.cpp:185] [WARN  vhost_device_vsock::vhu_vsock] Received a backend event before vring initialization
adb_connector(1257476)  D 10-03 22:58:43 1257476 1257482 adb_connection_maintainer.cpp:241] Watching for disconnect on 127.0.0.1:6520
adb_connector(1257476)  W 10-03 22:58:43 1257476 1257482 adb_connection_maintainer.cpp:250] transport message failed, response body: device '127.0.0.1:6520' not found
adb_connector(1257476)  D 10-03 22:58:43 1257476 1257482 adb_connection_maintainer.cpp:285] Sending adb disconnect
webRTC(1257473)  E 10-03 22:58:44 1257473 1257627 shared_fd.cpp:301] cannot connect to 3:6900
webRTC(1257473)  E 10-03 22:58:44 1257473 1257627 vsock_connection.cpp:224] Failed to connect:UNAVAILABLE: StrError(): Connection reset by peer
log_tee(1257448)  D 10-03 22:58:44 1257448 1257448 log_tee.cpp:185] [WARN  vhost_device_vsock::vhu_vsock] Received a backend event before vring initialization
webRTC(1257473)  E 10-03 22:58:45 1257473 1257627 shared_fd.cpp:301] cannot connect to 3:6900
webRTC(1257473)  E 10-03 22:58:45 1257473 1257627 vsock_connection.cpp:224] Failed to connect:UNAVAILABLE: StrError(): Connection reset by peer
log_tee(1257448)  D 10-03 22:58:45 1257448 1257448 log_tee.cpp:185] [WARN  vhost_device_vsock::vhu_vsock] Received a backend event before vring initialization
webRTC(1257473)  E 10-03 22:58:46 1257473 1257627 shared_fd.cpp:301] cannot connect to 3:6900
webRTC(1257473)  E 10-03 22:58:46 1257473 1257627 vsock_connection.cpp:224] Failed to connect:UNAVAILABLE: StrError(): Connection reset by peer
log_tee(1257448)  D 10-03 22:58:46 1257448 1257448 log_tee.cpp:185] [WARN  vhost_device_vsock::vhu_vsock] Received a backend event before vring initialization
webRTC(1257473)  E 10-03 22:58:47 1257473 1257627 shared_fd.cpp:301] cannot connect to 3:6900
webRTC(1257473)  E 10-03 22:58:47 1257473 1257627 vsock_connection.cpp:224] Failed to connect:UNAVAILABLE: StrError(): Connection reset by peer
log_tee(1257448)  D 10-03 22:58:47 1257448 1257448 log_tee.cpp:185] [WARN  vhost_device_vsock::vhu_vsock] Received a backend event before vring initialization
webRTC(1257473)  E 10-03 22:58:48 1257473 1257627 shared_fd.cpp:301] cannot connect to 3:6900
webRTC(1257473)  E 10-03 22:58:48 1257473 1257627 vsock_connection.cpp:224] Failed to connect:UNAVAILABLE: StrError(): Connection reset by peer
log_tee(1257448)  D 10-03 22:58:48 1257448 1257448 log_tee.cpp:185] [WARN  vhost_device_vsock::vhu_vsock] Received a backend event before vring initialization
adb_connector(1257476)  D 10-03 22:58:48 1257476 1257482 adb_connection_maintainer.cpp:223] Attempting to connect to device with address 127.0.0.1:6520
adb_connector(1257476)  D 10-03 22:58:48 1257476 1257482 adb_connection_maintainer.cpp:227] adb connect message for 127.0.0.1:6520 successfully sent
webRTC(1257473)  E 10-03 22:58:49 1257473 1257627 shared_fd.cpp:301] cannot connect to 3:6900
webRTC(1257473)  E 10-03 22:58:49 1257473 1257627 vsock_connection.cpp:224] Failed to connect:UNAVAILABLE: StrError(): Connection reset by peer
log_tee(1257448)  D 10-03 22:58:49 1257448 1257448 log_tee.cpp:185] [WARN  vhost_device_vsock::vhu_vsock] Received a backend event before vring initialization
webRTC(1257473)  E 10-03 22:58:50 1257473 1257627 shared_fd.cpp:301] cannot connect to 3:6900
webRTC(1257473)  E 10-03 22:58:50 1257473 1257627 vsock_connection.cpp:224] Failed to connect:UNAVAILABLE: StrError(): Connection reset by peer
log_tee(1257448)  D 10-03 22:58:50 1257448 1257448 log_tee.cpp:185] [WARN  vhost_device_vsock::vhu_vsock] Received a backend event before vring initialization
webRTC(1257473)  E 10-03 22:58:51 1257473 1257627 shared_fd.cpp:301] cannot connect to 3:6900
webRTC(1257473)  E 10-03 22:58:51 1257473 1257627 vsock_connection.cpp:224] Failed to connect:UNAVAILABLE: StrError(): Connection reset by peer
log_tee(1257448)  D 10-03 22:58:51 1257448 1257448 log_tee.cpp:185] [WARN  vhost_device_vsock::vhu_vsock] Received a backend event before vring initialization
webRTC(1257473)  E 10-03 22:58:52 1257473 1257627 shared_fd.cpp:301] cannot connect to 3:6900
webRTC(1257473)  E 10-03 22:58:52 1257473 1257627 vsock_connection.cpp:224] Failed to connect:UNAVAILABLE: StrError(): Connection reset by peer
log_tee(1257448)  D 10-03 22:58:52 1257448 1257448 log_tee.cpp:185] [WARN  vhost_device_vsock::vhu_vsock] Received a backend event before vring initialization
webRTC(1257473)  E 10-03 22:58:53 1257473 1257627 shared_fd.cpp:301] cannot connect to 3:6900
webRTC(1257473)  E 10-03 22:58:53 1257473 1257627 vsock_connection.cpp:224] Failed to connect:UNAVAILABLE: StrError(): Connection reset by peer
log_tee(1257448)  D 10-03 22:58:53 1257448 1257448 log_tee.cpp:185] [WARN  vhost_device_vsock::vhu_vsock] Received a backend event before vring initialization
adb_connector(1257476)  D 10-03 22:58:53 1257476 1257482 adb_connection_maintainer.cpp:234] adb connected to 127.0.0.1:6520
webRTC(1257473)  E 10-03 22:58:54 1257473 1257627 shared_fd.cpp:301] cannot connect to 3:6900
webRTC(1257473)  E 10-03 22:58:54 1257473 1257627 vsock_connection.cpp:224] Failed to connect:UNAVAILABLE: StrError(): Connection reset by peer
log_tee(1257448)  D 10-03 22:58:54 1257448 1257448 log_tee.cpp:185] [WARN  vhost_device_vsock::vhu_vsock] Received a backend event before vring initialization
webRTC(1257473)  E 10-03 22:58:55 1257473 1257627 shared_fd.cpp:301] cannot connect to 3:6900
webRTC(1257473)  E 10-03 22:58:55 1257473 1257627 vsock_connection.cpp:224] Failed to connect:UNAVAILABLE: StrError(): Connection reset by peer
log_tee(1257448)  D 10-03 22:58:55 1257448 1257448 log_tee.cpp:185] [WARN  vhost_device_vsock::vhu_vsock] Received a backend event before vring initialization
webRTC(1257473)  E 10-03 22:58:56 1257473 1257627 shared_fd.cpp:301] cannot connect to 3:6900
webRTC(1257473)  E 10-03 22:58:56 1257473 1257627 vsock_connection.cpp:224] Failed to connect:UNAVAILABLE: StrError(): Connection reset by peer
log_tee(1257448)  D 10-03 22:58:56 1257448 1257448 log_tee.cpp:185] [WARN  vhost_device_vsock::vhu_vsock] Received a backend event before vring initialization
webRTC(1257473)  E 10-03 22:58:57 1257473 1257627 shared_fd.cpp:301] cannot connect to 3:6900
webRTC(1257473)  E 10-03 22:58:57 1257473 1257627 vsock_connection.cpp:224] Failed to connect:UNAVAILABLE: StrError(): Connection reset by peer
log_tee(1257448)  D 10-03 22:58:57 1257448 1257448 log_tee.cpp:185] [WARN  vhost_device_vsock::vhu_vsock] Received a backend event before vring initialization
webRTC(1257473)  E 10-03 22:58:58 1257473 1257627 shared_fd.cpp:301] cannot connect to 3:6900
webRTC(1257473)  E 10-03 22:58:58 1257473 1257627 vsock_connection.cpp:224] Failed to connect:UNAVAILABLE: StrError(): Connection reset by peer
log_tee(1257448)  D 10-03 22:58:58 1257448 1257448 log_tee.cpp:185] [WARN  vhost_device_vsock::vhu_vsock] Received a backend event before vring initialization
adb_connector(1257476)  D 10-03 22:58:58 1257476 1257482 adb_connection_maintainer.cpp:241] Watching for disconnect on 127.0.0.1:6520
adb_connector(1257476)  W 10-03 22:58:58 1257476 1257482 adb_connection_maintainer.cpp:250] transport message failed, response body: device '127.0.0.1:6520' not found
adb_connector(1257476)  D 10-03 22:58:58 1257476 1257482 adb_connection_maintainer.cpp:285] Sending adb disconnect
webRTC(1257473)  E 10-03 22:58:59 1257473 1257627 shared_fd.cpp:301] cannot connect to 3:6900
webRTC(1257473)  E 10-03 22:58:59 1257473 1257627 vsock_connection.cpp:224] Failed to connect:UNAVAILABLE: StrError(): Connection reset by peer
log_tee(1257448)  D 10-03 22:58:59 1257448 1257448 log_tee.cpp:185] [WARN  vhost_device_vsock::vhu_vsock] Received a backend event before vring initialization
webRTC(1257473)  E 10-03 22:59:00 1257473 1257627 shared_fd.cpp:301] cannot connect to 3:6900
webRTC(1257473)  E 10-03 22:59:00 1257473 1257627 vsock_connection.cpp:224] Failed to connect:UNAVAILABLE: StrError(): Connection reset by peer
log_tee(1257448)  D 10-03 22:59:00 1257448 1257448 log_tee.cpp:185] [WARN  vhost_device_vsock::vhu_vsock] Received a backend event before vring initialization
webRTC(1257473)  E 10-03 22:59:01 1257473 1257627 shared_fd.cpp:301] cannot connect to 3:6900
webRTC(1257473)  E 10-03 22:59:01 1257473 1257627 vsock_connection.cpp:224] Failed to connect:UNAVAILABLE: StrError(): Connection reset by peer
log_tee(1257448)  D 10-03 22:59:01 1257448 1257448 log_tee.cpp:185] [WARN  vhost_device_vsock::vhu_vsock] Received a backend event before vring initialization
webRTC(1257473)  E 10-03 22:59:02 1257473 1257627 shared_fd.cpp:301] cannot connect to 3:6900
webRTC(1257473)  E 10-03 22:59:02 1257473 1257627 vsock_connection.cpp:224] Failed to connect:UNAVAILABLE: StrError(): Connection reset by peer
log_tee(1257448)  D 10-03 22:59:02 1257448 1257448 log_tee.cpp:185] [WARN  vhost_device_vsock::vhu_vsock] Received a backend event before vring initialization
webRTC(1257473)  E 10-03 22:59:03 1257473 1257627 shared_fd.cpp:301] cannot connect to 3:6900
webRTC(1257473)  E 10-03 22:59:03 1257473 1257627 vsock_connection.cpp:224] Failed to connect:UNAVAILABLE: StrError(): Connection reset by peer
log_tee(1257448)  D 10-03 22:59:03 1257448 1257448 log_tee.cpp:185] [WARN  vhost_device_vsock::vhu_vsock] Received a backend event before vring initialization
adb_connector(1257476)  D 10-03 22:59:03 1257476 1257482 adb_connection_maintainer.cpp:223] Attempting to connect to device with address 127.0.0.1:6520
adb_connector(1257476)  D 10-03 22:59:03 1257476 1257482 adb_connection_maintainer.cpp:227] adb connect message for 127.0.0.1:6520 successfully sent
webRTC(1257473)  E 10-03 22:59:04 1257473 1257627 shared_fd.cpp:301] cannot connect to 3:6900
webRTC(1257473)  E 10-03 22:59:04 1257473 1257627 vsock_connection.cpp:224] Failed to connect:UNAVAILABLE: StrError(): Connection reset by peer
log_tee(1257448)  D 10-03 22:59:04 1257448 1257448 log_tee.cpp:185] [WARN  vhost_device_vsock::vhu_vsock] Received a backend event before vring initialization
webRTC(1257473)  E 10-03 22:59:05 1257473 1257627 shared_fd.cpp:301] cannot connect to 3:6900
webRTC(1257473)  E 10-03 22:59:05 1257473 1257627 vsock_connection.cpp:224] Failed to connect:UNAVAILABLE: StrError(): Connection reset by peer
log_tee(1257448)  D 10-03 22:59:05 1257448 1257448 log_tee.cpp:185] [WARN  vhost_device_vsock::vhu_vsock] Received a backend event before vring initialization
webRTC(1257473)  E 10-03 22:59:06 1257473 1257627 shared_fd.cpp:301] cannot connect to 3:6900
webRTC(1257473)  E 10-03 22:59:06 1257473 1257627 vsock_connection.cpp:224] Failed to connect:UNAVAILABLE: StrError(): Connection reset by peer
log_tee(1257448)  D 10-03 22:59:06 1257448 1257448 log_tee.cpp:185] [WARN  vhost_device_vsock::vhu_vsock] Received a backend event before vring initialization
webRTC(1257473)  E 10-03 22:59:07 1257473 1257627 shared_fd.cpp:301] cannot connect to 3:6900
webRTC(1257473)  E 10-03 22:59:07 1257473 1257627 vsock_connection.cpp:224] Failed to connect:UNAVAILABLE: StrError(): Connection reset by peer
log_tee(1257448)  D 10-03 22:59:07 1257448 1257448 log_tee.cpp:185] [WARN  vhost_device_vsock::vhu_vsock] Received a backend event before vring initialization
webRTC(1257473)  E 10-03 22:59:08 1257473 1257627 shared_fd.cpp:301] cannot connect to 3:6900
webRTC(1257473)  E 10-03 22:59:08 1257473 1257627 vsock_connection.cpp:224] Failed to connect:UNAVAILABLE: StrError(): Connection reset by peer
log_tee(1257448)  D 10-03 22:59:08 1257448 1257448 log_tee.cpp:185] [WARN  vhost_device_vsock::vhu_vsock] Received a backend event before vring initialization
adb_connector(1257476)  D 10-03 22:59:08 1257476 1257482 adb_connection_maintainer.cpp:234] adb connected to 127.0.0.1:6520
webRTC(1257473)  E 10-03 22:59:09 1257473 1257627 shared_fd.cpp:301] cannot connect to 3:6900
webRTC(1257473)  E 10-03 22:59:09 1257473 1257627 vsock_connection.cpp:224] Failed to connect:UNAVAILABLE: StrError(): Connection reset by peer
log_tee(1257448)  D 10-03 22:59:09 1257448 1257448 log_tee.cpp:185] [WARN  vhost_device_vsock::vhu_vsock] Received a backend event before vring initialization
webRTC(1257473)  E 10-03 22:59:10 1257473 1257627 shared_fd.cpp:301] cannot connect to 3:6900
webRTC(1257473)  E 10-03 22:59:10 1257473 1257627 vsock_connection.cpp:224] Failed to connect:UNAVAILABLE: StrError(): Connection reset by peer
log_tee(1257448)  D 10-03 22:59:10 1257448 1257448 log_tee.cpp:185] [WARN  vhost_device_vsock::vhu_vsock] Received a backend event before vring initialization
webRTC(1257473)  E 10-03 22:59:11 1257473 1257627 shared_fd.cpp:301] cannot connect to 3:6900
webRTC(1257473)  E 10-03 22:59:11 1257473 1257627 vsock_connection.cpp:224] Failed to connect:UNAVAILABLE: StrError(): Connection reset by peer
log_tee(1257448)  D 10-03 22:59:11 1257448 1257448 log_tee.cpp:185] [WARN  vhost_device_vsock::vhu_vsock] Received a backend event before vring initialization
webRTC(1257473)  E 10-03 22:59:12 1257473 1257627 shared_fd.cpp:301] cannot connect to 3:6900
webRTC(1257473)  E 10-03 22:59:12 1257473 1257627 vsock_connection.cpp:224] Failed to connect:UNAVAILABLE: StrError(): Connection reset by peer
log_tee(1257448)  D 10-03 22:59:12 1257448 1257448 log_tee.cpp:185] [WARN  vhost_device_vsock::vhu_vsock] Received a backend event before vring initialization
webRTC(1257473)  E 10-03 22:59:13 1257473 1257627 shared_fd.cpp:301] cannot connect to 3:6900
webRTC(1257473)  E 10-03 22:59:13 1257473 1257627 vsock_connection.cpp:224] Failed to connect:UNAVAILABLE: StrError(): Connection reset by peer
log_tee(1257448)  D 10-03 22:59:13 1257448 1257448 log_tee.cpp:185] [WARN  vhost_device_vsock::vhu_vsock] Received a backend event before vring initialization
adb_connector(1257476)  D 10-03 22:59:13 1257476 1257482 adb_connection_maintainer.cpp:241] Watching for disconnect on 127.0.0.1:6520
adb_connector(1257476)  W 10-03 22:59:13 1257476 1257482 adb_connection_maintainer.cpp:250] transport message failed, response body: device '127.0.0.1:6520' not found
adb_connector(1257476)  D 10-03 22:59:13 1257476 1257482 adb_connection_maintainer.cpp:285] Sending adb disconnect
webRTC(1257473)  E 10-03 22:59:14 1257473 1257627 shared_fd.cpp:301] cannot connect to 3:6900
webRTC(1257473)  E 10-03 22:59:14 1257473 1257627 vsock_connection.cpp:224] Failed to connect:UNAVAILABLE: StrError(): Connection reset by peer
log_tee(1257448)  D 10-03 22:59:14 1257448 1257448 log_tee.cpp:185] [WARN  vhost_device_vsock::vhu_vsock] Received a backend event before vring initialization
webRTC(1257473)  E 10-03 22:59:15 1257473 1257627 shared_fd.cpp:301] cannot connect to 3:6900
webRTC(1257473)  E 10-03 22:59:15 1257473 1257627 vsock_connection.cpp:224] Failed to connect:UNAVAILABLE: StrError(): Connection reset by peer
log_tee(1257448)  D 10-03 22:59:15 1257448 1257448 log_tee.cpp:185] [WARN  vhost_device_vsock::vhu_vsock] Received a backend event before vring initialization
webRTC(1257473)  E 10-03 22:59:16 1257473 1257627 shared_fd.cpp:301] cannot connect to 3:6900
webRTC(1257473)  E 10-03 22:59:16 1257473 1257627 vsock_connection.cpp:224] Failed to connect:UNAVAILABLE: StrError(): Connection reset by peer
log_tee(1257448)  D 10-03 22:59:16 1257448 1257448 log_tee.cpp:185] [WARN  vhost_device_vsock::vhu_vsock] Received a backend event before vring initialization
webRTC(1257473)  E 10-03 22:59:17 1257473 1257627 shared_fd.cpp:301] cannot connect to 3:6900
webRTC(1257473)  E 10-03 22:59:17 1257473 1257627 vsock_connection.cpp:224] Failed to connect:UNAVAILABLE: StrError(): Connection reset by peer
log_tee(1257448)  D 10-03 22:59:17 1257448 1257448 log_tee.cpp:185] [WARN  vhost_device_vsock::vhu_vsock] Received a backend event before vring initialization
webRTC(1257473)  E 10-03 22:59:18 1257473 1257627 shared_fd.cpp:301] cannot connect to 3:6900
webRTC(1257473)  E 10-03 22:59:18 1257473 1257627 vsock_connection.cpp:224] Failed to connect:UNAVAILABLE: StrError(): Connection reset by peer
log_tee(1257448)  D 10-03 22:59:18 1257448 1257448 log_tee.cpp:185] [WARN  vhost_device_vsock::vhu_vsock] Received a backend event before vring initialization
adb_connector(1257476)  D 10-03 22:59:18 1257476 1257482 adb_connection_maintainer.cpp:223] Attempting to connect to device with address 127.0.0.1:6520
adb_connector(1257476)  D 10-03 22:59:18 1257476 1257482 adb_connection_maintainer.cpp:227] adb connect message for 127.0.0.1:6520 successfully sent
webRTC(1257473)  E 10-03 22:59:19 1257473 1257627 shared_fd.cpp:301] cannot connect to 3:6900
webRTC(1257473)  E 10-03 22:59:19 1257473 1257627 vsock_connection.cpp:224] Failed to connect:UNAVAILABLE: StrError(): Connection reset by peer
log_tee(1257448)  D 10-03 22:59:19 1257448 1257448 log_tee.cpp:185] [WARN  vhost_device_vsock::vhu_vsock] Received a backend event before vring initialization
webRTC(1257473)  E 10-03 22:59:20 1257473 1257627 shared_fd.cpp:301] cannot connect to 3:6900
webRTC(1257473)  E 10-03 22:59:20 1257473 1257627 vsock_connection.cpp:224] Failed to connect:UNAVAILABLE: StrError(): Connection reset by peer
log_tee(1257448)  D 10-03 22:59:20 1257448 1257448 log_tee.cpp:185] [WARN  vhost_device_vsock::vhu_vsock] Received a backend event before vring initialization
webRTC(1257473)  E 10-03 22:59:21 1257473 1257627 shared_fd.cpp:301] cannot connect to 3:6900
webRTC(1257473)  E 10-03 22:59:21 1257473 1257627 vsock_connection.cpp:224] Failed to connect:UNAVAILABLE: StrError(): Connection reset by peer
log_tee(1257448)  D 10-03 22:59:21 1257448 1257448 log_tee.cpp:185] [WARN  vhost_device_vsock::vhu_vsock] Received a backend event before vring initialization
webRTC(1257473)  E 10-03 22:59:22 1257473 1257627 shared_fd.cpp:301] cannot connect to 3:6900
webRTC(1257473)  E 10-03 22:59:22 1257473 1257627 vsock_connection.cpp:224] Failed to connect:UNAVAILABLE: StrError(): Connection reset by peer
log_tee(1257448)  D 10-03 22:59:22 1257448 1257448 log_tee.cpp:185] [WARN  vhost_device_vsock::vhu_vsock] Received a backend event before vring initialization
webRTC(1257473)  E 10-03 22:59:23 1257473 1257627 shared_fd.cpp:301] cannot connect to 3:6900
webRTC(1257473)  E 10-03 22:59:23 1257473 1257627 vsock_connection.cpp:224] Failed to connect:UNAVAILABLE: StrError(): Connection reset by peer
log_tee(1257448)  D 10-03 22:59:23 1257448 1257448 log_tee.cpp:185] [WARN  vhost_device_vsock::vhu_vsock] Received a backend event before vring initialization
adb_connector(1257476)  D 10-03 22:59:23 1257476 1257482 adb_connection_maintainer.cpp:234] adb connected to 127.0.0.1:6520
webRTC(1257473)  E 10-03 22:59:24 1257473 1257627 shared_fd.cpp:301] cannot connect to 3:6900
webRTC(1257473)  E 10-03 22:59:24 1257473 1257627 vsock_connection.cpp:224] Failed to connect:UNAVAILABLE: StrError(): Connection reset by peer
log_tee(1257448)  D 10-03 22:59:24 1257448 1257448 log_tee.cpp:185] [WARN  vhost_device_vsock::vhu_vsock] Received a backend event before vring initialization
webRTC(1257473)  E 10-03 22:59:25 1257473 1257627 shared_fd.cpp:301] cannot connect to 3:6900
webRTC(1257473)  E 10-03 22:59:25 1257473 1257627 vsock_connection.cpp:224] Failed to connect:UNAVAILABLE: StrError(): Connection reset by peer
log_tee(1257448)  D 10-03 22:59:25 1257448 1257448 log_tee.cpp:185] [WARN  vhost_device_vsock::vhu_vsock] Received a backend event before vring initialization
webRTC(1257473)  E 10-03 22:59:26 1257473 1257627 shared_fd.cpp:301] cannot connect to 3:6900
webRTC(1257473)  E 10-03 22:59:26 1257473 1257627 vsock_connection.cpp:224] Failed to connect:UNAVAILABLE: StrError(): Connection reset by peer
log_tee(1257448)  D 10-03 22:59:26 1257448 1257448 log_tee.cpp:185] [WARN  vhost_device_vsock::vhu_vsock] Received a backend event before vring initialization
webRTC(1257473)  E 10-03 22:59:27 1257473 1257627 shared_fd.cpp:301] cannot connect to 3:6900
webRTC(1257473)  E 10-03 22:59:27 1257473 1257627 vsock_connection.cpp:224] Failed to connect:UNAVAILABLE: StrError(): Connection reset by peer
log_tee(1257448)  D 10-03 22:59:27 1257448 1257448 log_tee.cpp:185] [WARN  vhost_device_vsock::vhu_vsock] Received a backend event before vring initialization
webRTC(1257473)  E 10-03 22:59:28 1257473 1257627 shared_fd.cpp:301] cannot connect to 3:6900
webRTC(1257473)  E 10-03 22:59:28 1257473 1257627 vsock_connection.cpp:224] Failed to connect:UNAVAILABLE: StrError(): Connection reset by peer
log_tee(1257448)  D 10-03 22:59:28 1257448 1257448 log_tee.cpp:185] [WARN  vhost_device_vsock::vhu_vsock] Received a backend event before vring initialization
adb_connector(1257476)  D 10-03 22:59:28 1257476 1257482 adb_connection_maintainer.cpp:241] Watching for disconnect on 127.0.0.1:6520
adb_connector(1257476)  W 10-03 22:59:28 1257476 1257482 adb_connection_maintainer.cpp:250] transport message failed, response body: device '127.0.0.1:6520' not found
adb_connector(1257476)  D 10-03 22:59:28 1257476 1257482 adb_connection_maintainer.cpp:285] Sending adb disconnect
webRTC(1257473)  E 10-03 22:59:29 1257473 1257627 shared_fd.cpp:301] cannot connect to 3:6900
webRTC(1257473)  E 10-03 22:59:29 1257473 1257627 vsock_connection.cpp:224] Failed to connect:UNAVAILABLE: StrError(): Connection reset by peer
log_tee(1257448)  D 10-03 22:59:29 1257448 1257448 log_tee.cpp:185] [WARN  vhost_device_vsock::vhu_vsock] Received a backend event before vring initialization
webRTC(1257473)  E 10-03 22:59:30 1257473 1257627 shared_fd.cpp:301] cannot connect to 3:6900
webRTC(1257473)  E 10-03 22:59:30 1257473 1257627 vsock_connection.cpp:224] Failed to connect:UNAVAILABLE: StrError(): Connection reset by peer
log_tee(1257448)  D 10-03 22:59:30 1257448 1257448 log_tee.cpp:185] [WARN  vhost_device_vsock::vhu_vsock] Received a backend event before vring initialization
webRTC(1257473)  E 10-03 22:59:31 1257473 1257627 shared_fd.cpp:301] cannot connect to 3:6900
webRTC(1257473)  E 10-03 22:59:31 1257473 1257627 vsock_connection.cpp:224] Failed to connect:UNAVAILABLE: StrError(): Connection reset by peer
log_tee(1257448)  D 10-03 22:59:31 1257448 1257448 log_tee.cpp:185] [WARN  vhost_device_vsock::vhu_vsock] Received a backend event before vring initialization
webRTC(1257473)  E 10-03 22:59:32 1257473 1257627 shared_fd.cpp:301] cannot connect to 3:6900
webRTC(1257473)  E 10-03 22:59:32 1257473 1257627 vsock_connection.cpp:224] Failed to connect:UNAVAILABLE: StrError(): Connection reset by peer
log_tee(1257448)  D 10-03 22:59:32 1257448 1257448 log_tee.cpp:185] [WARN  vhost_device_vsock::vhu_vsock] Received a backend event before vring initialization
webRTC(1257473)  E 10-03 22:59:33 1257473 1257627 shared_fd.cpp:301] cannot connect to 3:6900
webRTC(1257473)  E 10-03 22:59:33 1257473 1257627 vsock_connection.cpp:224] Failed to connect:UNAVAILABLE: StrError(): Connection reset by peer
log_tee(1257448)  D 10-03 22:59:33 1257448 1257448 log_tee.cpp:185] [WARN  vhost_device_vsock::vhu_vsock] Received a backend event before vring initialization
adb_connector(1257476)  D 10-03 22:59:33 1257476 1257482 adb_connection_maintainer.cpp:223] Attempting to connect to device with address 127.0.0.1:6520
adb_connector(1257476)  D 10-03 22:59:33 1257476 1257482 adb_connection_maintainer.cpp:227] adb connect message for 127.0.0.1:6520 successfully sent
webRTC(1257473)  E 10-03 22:59:34 1257473 1257627 shared_fd.cpp:301] cannot connect to 3:6900
webRTC(1257473)  E 10-03 22:59:34 1257473 1257627 vsock_connection.cpp:224] Failed to connect:UNAVAILABLE: StrError(): Connection reset by peer
log_tee(1257448)  D 10-03 22:59:34 1257448 1257448 log_tee.cpp:185] [WARN  vhost_device_vsock::vhu_vsock] Received a backend event before vring initialization
webRTC(1257473)  E 10-03 22:59:35 1257473 1257627 shared_fd.cpp:301] cannot connect to 3:6900
webRTC(1257473)  E 10-03 22:59:35 1257473 1257627 vsock_connection.cpp:224] Failed to connect:UNAVAILABLE: StrError(): Connection reset by peer
log_tee(1257448)  D 10-03 22:59:35 1257448 1257448 log_tee.cpp:185] [WARN  vhost_device_vsock::vhu_vsock] Received a backend event before vring initialization
webRTC(1257473)  E 10-03 22:59:36 1257473 1257627 shared_fd.cpp:301] cannot connect to 3:6900
webRTC(1257473)  E 10-03 22:59:36 1257473 1257627 vsock_connection.cpp:224] Failed to connect:UNAVAILABLE: StrError(): Connection reset by peer
log_tee(1257448)  D 10-03 22:59:36 1257448 1257448 log_tee.cpp:185] [WARN  vhost_device_vsock::vhu_vsock] Received a backend event before vring initialization
webRTC(1257473)  E 10-03 22:59:37 1257473 1257627 shared_fd.cpp:301] cannot connect to 3:6900
webRTC(1257473)  E 10-03 22:59:37 1257473 1257627 vsock_connection.cpp:224] Failed to connect:UNAVAILABLE: StrError(): Connection reset by peer
log_tee(1257448)  D 10-03 22:59:37 1257448 1257448 log_tee.cpp:185] [WARN  vhost_device_vsock::vhu_vsock] Received a backend event before vring initialization
webRTC(1257473)  E 10-03 22:59:38 1257473 1257627 shared_fd.cpp:301] cannot connect to 3:6900
webRTC(1257473)  E 10-03 22:59:38 1257473 1257627 vsock_connection.cpp:224] Failed to connect:UNAVAILABLE: StrError(): Connection reset by peer
log_tee(1257448)  D 10-03 22:59:38 1257448 1257448 log_tee.cpp:185] [WARN  vhost_device_vsock::vhu_vsock] Received a backend event before vring initialization
adb_connector(1257476)  D 10-03 22:59:38 1257476 1257482 adb_connection_maintainer.cpp:234] adb connected to 127.0.0.1:6520
webRTC(1257473)  E 10-03 22:59:39 1257473 1257627 shared_fd.cpp:301] cannot connect to 3:6900
webRTC(1257473)  E 10-03 22:59:39 1257473 1257627 vsock_connection.cpp:224] Failed to connect:UNAVAILABLE: StrError(): Connection reset by peer
log_tee(1257448)  D 10-03 22:59:39 1257448 1257448 log_tee.cpp:185] [WARN  vhost_device_vsock::vhu_vsock] Received a backend event before vring initialization
webRTC(1257473)  E 10-03 22:59:40 1257473 1257627 shared_fd.cpp:301] cannot connect to 3:6900
webRTC(1257473)  E 10-03 22:59:40 1257473 1257627 vsock_connection.cpp:224] Failed to connect:UNAVAILABLE: StrError(): Connection reset by peer
log_tee(1257448)  D 10-03 22:59:40 1257448 1257448 log_tee.cpp:185] [WARN  vhost_device_vsock::vhu_vsock] Received a backend event before vring initialization
webRTC(1257473)  E 10-03 22:59:41 1257473 1257627 shared_fd.cpp:301] cannot connect to 3:6900
webRTC(1257473)  E 10-03 22:59:41 1257473 1257627 vsock_connection.cpp:224] Failed to connect:UNAVAILABLE: StrError(): Connection reset by peer
log_tee(1257448)  D 10-03 22:59:41 1257448 1257448 log_tee.cpp:185] [WARN  vhost_device_vsock::vhu_vsock] Received a backend event before vring initialization
webRTC(1257473)  E 10-03 22:59:42 1257473 1257627 shared_fd.cpp:301] cannot connect to 3:6900
webRTC(1257473)  E 10-03 22:59:42 1257473 1257627 vsock_connection.cpp:224] Failed to connect:UNAVAILABLE: StrError(): Connection reset by peer
log_tee(1257448)  D 10-03 22:59:42 1257448 1257448 log_tee.cpp:185] [WARN  vhost_device_vsock::vhu_vsock] Received a backend event before vring initialization
webRTC(1257473)  E 10-03 22:59:43 1257473 1257627 shared_fd.cpp:301] cannot connect to 3:6900
webRTC(1257473)  E 10-03 22:59:43 1257473 1257627 vsock_connection.cpp:224] Failed to connect:UNAVAILABLE: StrError(): Connection reset by peer
log_tee(1257448)  D 10-03 22:59:43 1257448 1257448 log_tee.cpp:185] [WARN  vhost_device_vsock::vhu_vsock] Received a backend event before vring initialization
adb_connector(1257476)  D 10-03 22:59:43 1257476 1257482 adb_connection_maintainer.cpp:241] Watching for disconnect on 127.0.0.1:6520
adb_connector(1257476)  W 10-03 22:59:43 1257476 1257482 adb_connection_maintainer.cpp:250] transport message failed, response body: device '127.0.0.1:6520' not found
adb_connector(1257476)  D 10-03 22:59:43 1257476 1257482 adb_connection_maintainer.cpp:285] Sending adb disconnect
webRTC(1257473)  E 10-03 22:59:44 1257473 1257627 shared_fd.cpp:301] cannot connect to 3:6900
webRTC(1257473)  E 10-03 22:59:44 1257473 1257627 vsock_connection.cpp:224] Failed to connect:UNAVAILABLE: StrError(): Connection reset by peer
log_tee(1257448)  D 10-03 22:59:44 1257448 1257448 log_tee.cpp:185] [WARN  vhost_device_vsock::vhu_vsock] Received a backend event before vring initialization
webRTC(1257473)  E 10-03 22:59:45 1257473 1257627 shared_fd.cpp:301] cannot connect to 3:6900
webRTC(1257473)  E 10-03 22:59:45 1257473 1257627 vsock_connection.cpp:224] Failed to connect:UNAVAILABLE: StrError(): Connection reset by peer
log_tee(1257448)  D 10-03 22:59:45 1257448 1257448 log_tee.cpp:185] [WARN  vhost_device_vsock::vhu_vsock] Received a backend event before vring initialization
webRTC(1257473)  E 10-03 22:59:46 1257473 1257627 shared_fd.cpp:301] cannot connect to 3:6900
webRTC(1257473)  E 10-03 22:59:46 1257473 1257627 vsock_connection.cpp:224] Failed to connect:UNAVAILABLE: StrError(): Connection reset by peer
log_tee(1257448)  D 10-03 22:59:46 1257448 1257448 log_tee.cpp:185] [WARN  vhost_device_vsock::vhu_vsock] Received a backend event before vring initialization
webRTC(1257473)  E 10-03 22:59:47 1257473 1257627 shared_fd.cpp:301] cannot connect to 3:6900
webRTC(1257473)  E 10-03 22:59:47 1257473 1257627 vsock_connection.cpp:224] Failed to connect:UNAVAILABLE: StrError(): Connection reset by peer
log_tee(1257448)  D 10-03 22:59:47 1257448 1257448 log_tee.cpp:185] [WARN  vhost_device_vsock::vhu_vsock] Received a backend event before vring initialization
webRTC(1257473)  E 10-03 22:59:48 1257473 1257627 shared_fd.cpp:301] cannot connect to 3:6900
webRTC(1257473)  E 10-03 22:59:48 1257473 1257627 vsock_connection.cpp:224] Failed to connect:UNAVAILABLE: StrError(): Connection reset by peer
log_tee(1257448)  D 10-03 22:59:48 1257448 1257448 log_tee.cpp:185] [WARN  vhost_device_vsock::vhu_vsock] Received a backend event before vring initialization
adb_connector(1257476)  D 10-03 22:59:48 1257476 1257482 adb_connection_maintainer.cpp:223] Attempting to connect to device with address 127.0.0.1:6520
adb_connector(1257476)  D 10-03 22:59:48 1257476 1257482 adb_connection_maintainer.cpp:227] adb connect message for 127.0.0.1:6520 successfully sent
webRTC(1257473)  E 10-03 22:59:49 1257473 1257627 shared_fd.cpp:301] cannot connect to 3:6900
log_tee(1257448)  D 10-03 22:59:49 1257448 1257448 log_tee.cpp:185] [WARN  vhost_device_vsock::vhu_vsock] Received a backend event before vring initialization
webRTC(1257473)  E 10-03 22:59:49 1257473 1257627 vsock_connection.cpp:224] Failed to connect:UNAVAILABLE: StrError(): Connection reset by peer
kernel_log_monitor(1257511)  I 10-03 22:59:49 1257511 1257511 kernel_log_server.cc:145] GUEST_KERNEL_VERSION: 6.12.74-android16-6-g3ec022196c4e-ab15076761-4k (kleaf@build-host) (Android (14043575, +pgo, +bolt, +lto, +mlgo, based on r536225) clang version 19.0.1 (https://android.googlesource.com/toolchain/llvm-project b3a530ec6537146650e42be89f1089e9a3588460), LLD 19.0.1) #1 SMP PREEMPT Tue Mar 24 05:36:21 UTC 2026
kernel_log_monitor(1257511)  I 10-03 22:59:49 1257511 1257511 kernel_log_server.cc:155] ] Linux version
webRTC(1257473)  E 10-03 22:59:50 1257473 1257627 shared_fd.cpp:301] cannot connect to 3:6900
webRTC(1257473)  E 10-03 22:59:50 1257473 1257627 vsock_connection.cpp:224] Failed to connect:UNAVAILABLE: StrError(): Connection reset by peer
log_tee(1257448)  D 10-03 22:59:50 1257448 1257448 log_tee.cpp:185] [WARN  vhost_device_vsock::vhu_vsock] Received a backend event before vring initialization
webRTC(1257473)  E 10-03 22:59:51 1257473 1257627 shared_fd.cpp:301] cannot connect to 3:6900
webRTC(1257473)  E 10-03 22:59:51 1257473 1257627 vsock_connection.cpp:224] Failed to connect:UNAVAILABLE: StrError(): Connection reset by peer
log_tee(1257448)  D 10-03 22:59:51 1257448 1257448 log_tee.cpp:185] [WARN  vhost_device_vsock::vhu_vsock] Received a backend event before vring initialization
webRTC(1257473)  E 10-03 22:59:52 1257473 1257627 shared_fd.cpp:301] cannot connect to 3:6900
webRTC(1257473)  E 10-03 22:59:52 1257473 1257627 vsock_connection.cpp:224] Failed to connect:UNAVAILABLE: StrError(): Connection reset by peer
log_tee(1257448)  D 10-03 22:59:52 1257448 1257448 log_tee.cpp:185] [WARN  vhost_device_vsock::vhu_vsock] Received a backend event before vring initialization
webRTC(1257473)  E 10-03 22:59:53 1257473 1257627 shared_fd.cpp:301] cannot connect to 3:6900
webRTC(1257473)  E 10-03 22:59:53 1257473 1257627 vsock_connection.cpp:224] Failed to connect:UNAVAILABLE: StrError(): Connection reset by peer
log_tee(1257448)  D 10-03 22:59:53 1257448 1257448 log_tee.cpp:185] [WARN  vhost_device_vsock::vhu_vsock] Received a backend event before vring initialization
adb_connector(1257476)  D 10-03 22:59:53 1257476 1257482 adb_connection_maintainer.cpp:234] adb connected to 127.0.0.1:6520
webRTC(1257473)  E 10-03 22:59:54 1257473 1257627 shared_fd.cpp:301] cannot connect to 3:6900
webRTC(1257473)  E 10-03 22:59:54 1257473 1257627 vsock_connection.cpp:224] Failed to connect:UNAVAILABLE: StrError(): Connection reset by peer
log_tee(1257448)  D 10-03 22:59:54 1257448 1257448 log_tee.cpp:185] [WARN  vhost_device_vsock::vhu_vsock] Received a backend event before vring initialization
webRTC(1257473)  E 10-03 22:59:55 1257473 1257627 shared_fd.cpp:301] cannot connect to 3:6900
webRTC(1257473)  E 10-03 22:59:55 1257473 1257627 vsock_connection.cpp:224] Failed to connect:UNAVAILABLE: StrError(): Connection reset by peer
log_tee(1257448)  D 10-03 22:59:55 1257448 1257448 log_tee.cpp:185] [WARN  vhost_device_vsock::vhu_vsock] Received a backend event before vring initialization
webRTC(1257473)  E 10-03 22:59:56 1257473 1257627 shared_fd.cpp:301] cannot connect to 3:6900
log_tee(1257448)  D 10-03 22:59:56 1257448 1257448 log_tee.cpp:185] [WARN  vhost_device_vsock::vhu_vsock] Received a backend event before vring initialization
webRTC(1257473)  E 10-03 22:59:56 1257473 1257627 vsock_connection.cpp:224] Failed to connect:UNAVAILABLE: StrError(): Connection reset by peer
webRTC(1257473)  E 10-03 22:59:57 1257473 1257627 shared_fd.cpp:301] cannot connect to 3:6900
webRTC(1257473)  E 10-03 22:59:57 1257473 1257627 vsock_connection.cpp:224] Failed to connect:UNAVAILABLE: StrError(): Connection reset by peer
log_tee(1257448)  D 10-03 22:59:57 1257448 1257448 log_tee.cpp:185] [WARN  vhost_device_vsock::vhu_vsock] Received a backend event before vring initialization
webRTC(1257473)  E 10-03 22:59:58 1257473 1257627 shared_fd.cpp:301] cannot connect to 3:6900
webRTC(1257473)  E 10-03 22:59:58 1257473 1257627 vsock_connection.cpp:224] Failed to connect:UNAVAILABLE: StrError(): Connection reset by peer
log_tee(1257448)  D 10-03 22:59:58 1257448 1257448 log_tee.cpp:185] [WARN  vhost_device_vsock::vhu_vsock] Received a backend event before vring initialization
adb_connector(1257476)  D 10-03 22:59:58 1257476 1257482 adb_connection_maintainer.cpp:241] Watching for disconnect on 127.0.0.1:6520
adb_connector(1257476)  W 10-03 22:59:58 1257476 1257482 adb_connection_maintainer.cpp:250] transport message failed, response body: device '127.0.0.1:6520' not found
adb_connector(1257476)  D 10-03 22:59:58 1257476 1257482 adb_connection_maintainer.cpp:285] Sending adb disconnect
webRTC(1257473)  E 10-03 22:59:59 1257473 1257627 shared_fd.cpp:301] cannot connect to 3:6900
webRTC(1257473)  E 10-03 22:59:59 1257473 1257627 vsock_connection.cpp:224] Failed to connect:UNAVAILABLE: StrError(): Connection reset by peer
log_tee(1257448)  D 10-03 22:59:59 1257448 1257448 log_tee.cpp:185] [WARN  vhost_device_vsock::vhu_vsock] Received a backend event before vring initialization
webRTC(1257473)  E 10-03 23:00:00 1257473 1257627 shared_fd.cpp:301] cannot connect to 3:6900
webRTC(1257473)  E 10-03 23:00:00 1257473 1257627 vsock_connection.cpp:224] Failed to connect:UNAVAILABLE: StrError(): Connection reset by peer
log_tee(1257448)  D 10-03 23:00:00 1257448 1257448 log_tee.cpp:185] [WARN  vhost_device_vsock::vhu_vsock] Received a backend event before vring initialization
webRTC(1257473)  E 10-03 23:00:01 1257473 1257627 shared_fd.cpp:301] cannot connect to 3:6900
webRTC(1257473)  E 10-03 23:00:01 1257473 1257627 vsock_connection.cpp:224] Failed to connect:UNAVAILABLE: StrError(): Connection reset by peer
log_tee(1257448)  D 10-03 23:00:01 1257448 1257448 log_tee.cpp:185] [WARN  vhost_device_vsock::vhu_vsock] Received a backend event before vring initialization
webRTC(1257473)  E 10-03 23:00:02 1257473 1257627 shared_fd.cpp:301] cannot connect to 3:6900
webRTC(1257473)  E 10-03 23:00:02 1257473 1257627 vsock_connection.cpp:224] Failed to connect:UNAVAILABLE: StrError(): Connection reset by peer
log_tee(1257448)  D 10-03 23:00:02 1257448 1257448 log_tee.cpp:185] [WARN  vhost_device_vsock::vhu_vsock] Received a backend event before vring initialization
webRTC(1257473)  E 10-03 23:00:03 1257473 1257627 shared_fd.cpp:301] cannot connect to 3:6900
webRTC(1257473)  E 10-03 23:00:03 1257473 1257627 vsock_connection.cpp:224] Failed to connect:UNAVAILABLE: StrError(): Connection reset by peer
log_tee(1257448)  D 10-03 23:00:03 1257448 1257448 log_tee.cpp:185] [WARN  vhost_device_vsock::vhu_vsock] Received a backend event before vring initialization
adb_connector(1257476)  D 10-03 23:00:03 1257476 1257482 adb_connection_maintainer.cpp:223] Attempting to connect to device with address 127.0.0.1:6520
adb_connector(1257476)  D 10-03 23:00:03 1257476 1257482 adb_connection_maintainer.cpp:227] adb connect message for 127.0.0.1:6520 successfully sent
webRTC(1257473)  E 10-03 23:00:04 1257473 1257627 shared_fd.cpp:301] cannot connect to 3:6900
webRTC(1257473)  E 10-03 23:00:04 1257473 1257627 vsock_connection.cpp:224] Failed to connect:UNAVAILABLE: StrError(): Connection reset by peer
log_tee(1257448)  D 10-03 23:00:04 1257448 1257448 log_tee.cpp:185] [WARN  vhost_device_vsock::vhu_vsock] Received a backend event before vring initialization
webRTC(1257473)  E 10-03 23:00:05 1257473 1257627 shared_fd.cpp:301] cannot connect to 3:6900
webRTC(1257473)  E 10-03 23:00:05 1257473 1257627 vsock_connection.cpp:224] Failed to connect:UNAVAILABLE: StrError(): Connection reset by peer
log_tee(1257448)  D 10-03 23:00:05 1257448 1257448 log_tee.cpp:185] [WARN  vhost_device_vsock::vhu_vsock] Received a backend event before vring initialization
webRTC(1257473)  E 10-03 23:00:06 1257473 1257627 shared_fd.cpp:301] cannot connect to 3:6900
webRTC(1257473)  E 10-03 23:00:06 1257473 1257627 vsock_connection.cpp:224] Failed to connect:UNAVAILABLE: StrError(): Connection reset by peer
log_tee(1257448)  D 10-03 23:00:06 1257448 1257448 log_tee.cpp:185] [WARN  vhost_device_vsock::vhu_vsock] Received a backend event before vring initialization
webRTC(1257473)  E 10-03 23:00:07 1257473 1257627 shared_fd.cpp:301] cannot connect to 3:6900
webRTC(1257473)  E 10-03 23:00:07 1257473 1257627 vsock_connection.cpp:224] Failed to connect:UNAVAILABLE: StrError(): Connection reset by peer
log_tee(1257448)  D 10-03 23:00:07 1257448 1257448 log_tee.cpp:185] [WARN  vhost_device_vsock::vhu_vsock] Received a backend event before vring initialization
webRTC(1257473)  E 10-03 23:00:08 1257473 1257627 shared_fd.cpp:301] cannot connect to 3:6900
webRTC(1257473)  E 10-03 23:00:08 1257473 1257627 vsock_connection.cpp:224] Failed to connect:UNAVAILABLE: StrError(): Connection reset by peer
log_tee(1257448)  D 10-03 23:00:08 1257448 1257448 log_tee.cpp:185] [WARN  vhost_device_vsock::vhu_vsock] Received a backend event before vring initialization
adb_connector(1257476)  D 10-03 23:00:08 1257476 1257482 adb_connection_maintainer.cpp:234] adb connected to 127.0.0.1:6520
webRTC(1257473)  E 10-03 23:00:09 1257473 1257627 shared_fd.cpp:301] cannot connect to 3:6900
webRTC(1257473)  E 10-03 23:00:09 1257473 1257627 vsock_connection.cpp:224] Failed to connect:UNAVAILABLE: StrError(): Connection reset by peer
log_tee(1257448)  D 10-03 23:00:09 1257448 1257448 log_tee.cpp:185] [WARN  vhost_device_vsock::vhu_vsock] Received a backend event before vring initialization
webRTC(1257473)  E 10-03 23:00:10 1257473 1257627 shared_fd.cpp:301] cannot connect to 3:6900
webRTC(1257473)  E 10-03 23:00:10 1257473 1257627 vsock_connection.cpp:224] Failed to connect:UNAVAILABLE: StrError(): Connection reset by peer
log_tee(1257448)  D 10-03 23:00:10 1257448 1257448 log_tee.cpp:185] [WARN  vhost_device_vsock::vhu_vsock] Received a backend event before vring initialization
webRTC(1257473)  E 10-03 23:00:11 1257473 1257627 shared_fd.cpp:301] cannot connect to 3:6900
webRTC(1257473)  E 10-03 23:00:11 1257473 1257627 vsock_connection.cpp:224] Failed to connect:UNAVAILABLE: StrError(): Connection reset by peer
log_tee(1257448)  D 10-03 23:00:11 1257448 1257448 log_tee.cpp:185] [WARN  vhost_device_vsock::vhu_vsock] Received a backend event before vring initialization
webRTC(1257473)  E 10-03 23:00:12 1257473 1257627 shared_fd.cpp:301] cannot connect to 3:6900
webRTC(1257473)  E 10-03 23:00:12 1257473 1257627 vsock_connection.cpp:224] Failed to connect:UNAVAILABLE: StrError(): Connection reset by peer
log_tee(1257448)  D 10-03 23:00:12 1257448 1257448 log_tee.cpp:185] [WARN  vhost_device_vsock::vhu_vsock] Received a backend event before vring initialization
webRTC(1257473)  E 10-03 23:00:13 1257473 1257627 shared_fd.cpp:301] cannot connect to 3:6900
webRTC(1257473)  E 10-03 23:00:13 1257473 1257627 vsock_connection.cpp:224] Failed to connect:UNAVAILABLE: StrError(): Connection reset by peer
log_tee(1257448)  D 10-03 23:00:13 1257448 1257448 log_tee.cpp:185] [WARN  vhost_device_vsock::vhu_vsock] Received a backend event before vring initialization
adb_connector(1257476)  D 10-03 23:00:13 1257476 1257482 adb_connection_maintainer.cpp:241] Watching for disconnect on 127.0.0.1:6520
adb_connector(1257476)  W 10-03 23:00:13 1257476 1257482 adb_connection_maintainer.cpp:250] transport message failed, response body: device '127.0.0.1:6520' not found
adb_connector(1257476)  D 10-03 23:00:13 1257476 1257482 adb_connection_maintainer.cpp:285] Sending adb disconnect
webRTC(1257473)  E 10-03 23:00:14 1257473 1257627 shared_fd.cpp:301] cannot connect to 3:6900
webRTC(1257473)  E 10-03 23:00:14 1257473 1257627 vsock_connection.cpp:224] Failed to connect:UNAVAILABLE: StrError(): Connection reset by peer
log_tee(1257448)  D 10-03 23:00:14 1257448 1257448 log_tee.cpp:185] [WARN  vhost_device_vsock::vhu_vsock] Received a backend event before vring initialization
webRTC(1257473)  E 10-03 23:00:15 1257473 1257627 shared_fd.cpp:301] cannot connect to 3:6900
webRTC(1257473)  E 10-03 23:00:15 1257473 1257627 vsock_connection.cpp:224] Failed to connect:UNAVAILABLE: StrError(): Connection reset by peer
log_tee(1257448)  D 10-03 23:00:15 1257448 1257448 log_tee.cpp:185] [WARN  vhost_device_vsock::vhu_vsock] Received a backend event before vring initialization
webRTC(1257473)  E 10-03 23:00:16 1257473 1257627 shared_fd.cpp:301] cannot connect to 3:6900
log_tee(1257448)  D 10-03 23:00:16 1257448 1257448 log_tee.cpp:185] [WARN  vhost_device_vsock::vhu_vsock] Received a backend event before vring initialization
webRTC(1257473)  E 10-03 23:00:16 1257473 1257627 vsock_connection.cpp:224] Failed to connect:UNAVAILABLE: StrError(): Connection reset by peer
webRTC(1257473)  E 10-03 23:00:17 1257473 1257627 shared_fd.cpp:301] cannot connect to 3:6900
webRTC(1257473)  E 10-03 23:00:17 1257473 1257627 vsock_connection.cpp:224] Failed to connect:UNAVAILABLE: StrError(): Connection reset by peer
log_tee(1257448)  D 10-03 23:00:17 1257448 1257448 log_tee.cpp:185] [WARN  vhost_device_vsock::vhu_vsock] Received a backend event before vring initialization
webRTC(1257473)  E 10-03 23:00:18 1257473 1257627 shared_fd.cpp:301] cannot connect to 3:6900
webRTC(1257473)  E 10-03 23:00:18 1257473 1257627 vsock_connection.cpp:224] Failed to connect:UNAVAILABLE: StrError(): Connection reset by peer
log_tee(1257448)  D 10-03 23:00:18 1257448 1257448 log_tee.cpp:185] [WARN  vhost_device_vsock::vhu_vsock] Received a backend event before vring initialization
adb_connector(1257476)  D 10-03 23:00:18 1257476 1257482 adb_connection_maintainer.cpp:223] Attempting to connect to device with address 127.0.0.1:6520
adb_connector(1257476)  D 10-03 23:00:18 1257476 1257482 adb_connection_maintainer.cpp:227] adb connect message for 127.0.0.1:6520 successfully sent
webRTC(1257473)  E 10-03 23:00:19 1257473 1257627 shared_fd.cpp:301] cannot connect to 3:6900
webRTC(1257473)  E 10-03 23:00:19 1257473 1257627 vsock_connection.cpp:224] Failed to connect:UNAVAILABLE: StrError(): Connection reset by peer
log_tee(1257448)  D 10-03 23:00:19 1257448 1257448 log_tee.cpp:185] [WARN  vhost_device_vsock::vhu_vsock] Received a backend event before vring initialization
webRTC(1257473)  E 10-03 23:00:20 1257473 1257627 shared_fd.cpp:301] cannot connect to 3:6900
webRTC(1257473)  E 10-03 23:00:20 1257473 1257627 vsock_connection.cpp:224] Failed to connect:UNAVAILABLE: StrError(): Connection reset by peer
log_tee(1257448)  D 10-03 23:00:20 1257448 1257448 log_tee.cpp:185] [WARN  vhost_device_vsock::vhu_vsock] Received a backend event before vring initialization
webRTC(1257473)  E 10-03 23:00:21 1257473 1257627 shared_fd.cpp:301] cannot connect to 3:6900
webRTC(1257473)  E 10-03 23:00:21 1257473 1257627 vsock_connection.cpp:224] Failed to connect:OK
webRTC(1257473)  E 10-03 23:00:22 1257473 1257627 shared_fd.cpp:301] cannot connect to 3:6900
webRTC(1257473)  E 10-03 23:00:22 1257473 1257627 vsock_connection.cpp:224] Failed to connect:OK
webRTC(1257473)  E 10-03 23:00:23 1257473 1257627 shared_fd.cpp:301] cannot connect to 3:6900
webRTC(1257473)  E 10-03 23:00:23 1257473 1257627 vsock_connection.cpp:224] Failed to connect:OK
adb_connector(1257476)  D 10-03 23:00:23 1257476 1257482 adb_connection_maintainer.cpp:234] adb connected to 127.0.0.1:6520
webRTC(1257473)  E 10-03 23:00:24 1257473 1257627 shared_fd.cpp:301] cannot connect to 3:6900
webRTC(1257473)  E 10-03 23:00:24 1257473 1257627 vsock_connection.cpp:224] Failed to connect:OK
webRTC(1257473)  E 10-03 23:00:25 1257473 1257627 shared_fd.cpp:301] cannot connect to 3:6900
webRTC(1257473)  E 10-03 23:00:25 1257473 1257627 vsock_connection.cpp:224] Failed to connect:OK
webRTC(1257473)  E 10-03 23:00:26 1257473 1257627 shared_fd.cpp:301] cannot connect to 3:6900
webRTC(1257473)  E 10-03 23:00:26 1257473 1257627 vsock_connection.cpp:224] Failed to connect:OK
webRTC(1257473)  E 10-03 23:00:27 1257473 1257627 shared_fd.cpp:301] cannot connect to 3:6900
webRTC(1257473)  E 10-03 23:00:27 1257473 1257627 vsock_connection.cpp:224] Failed to connect:OK
webRTC(1257473)  E 10-03 23:00:28 1257473 1257627 shared_fd.cpp:301] cannot connect to 3:6900
webRTC(1257473)  E 10-03 23:00:28 1257473 1257627 vsock_connection.cpp:224] Failed to connect:OK
adb_connector(1257476)  D 10-03 23:00:28 1257476 1257482 adb_connection_maintainer.cpp:241] Watching for disconnect on 127.0.0.1:6520
adb_connector(1257476)  W 10-03 23:00:28 1257476 1257482 adb_connection_maintainer.cpp:250] transport message failed, response body: device '127.0.0.1:6520' not found
adb_connector(1257476)  D 10-03 23:00:28 1257476 1257482 adb_connection_maintainer.cpp:285] Sending adb disconnect
webRTC(1257473)  E 10-03 23:00:29 1257473 1257627 shared_fd.cpp:301] cannot connect to 3:6900
webRTC(1257473)  E 10-03 23:00:29 1257473 1257627 vsock_connection.cpp:224] Failed to connect:OK
webRTC(1257473)  E 10-03 23:00:30 1257473 1257627 shared_fd.cpp:301] cannot connect to 3:6900
webRTC(1257473)  E 10-03 23:00:30 1257473 1257627 vsock_connection.cpp:224] Failed to connect:OK
webRTC(1257473)  E 10-03 23:00:31 1257473 1257627 shared_fd.cpp:301] cannot connect to 3:6900
webRTC(1257473)  E 10-03 23:00:31 1257473 1257627 vsock_connection.cpp:224] Failed to connect:OK
webRTC(1257473)  E 10-03 23:00:32 1257473 1257627 shared_fd.cpp:301] cannot connect to 3:6900
webRTC(1257473)  E 10-03 23:00:32 1257473 1257627 vsock_connection.cpp:224] Failed to connect:OK
webRTC(1257473)  E 10-03 23:00:33 1257473 1257627 shared_fd.cpp:301] cannot connect to 3:6900
webRTC(1257473)  E 10-03 23:00:33 1257473 1257627 vsock_connection.cpp:224] Failed to connect:OK
adb_connector(1257476)  D 10-03 23:00:33 1257476 1257482 adb_connection_maintainer.cpp:223] Attempting to connect to device with address 127.0.0.1:6520
adb_connector(1257476)  D 10-03 23:00:33 1257476 1257482 adb_connection_maintainer.cpp:227] adb connect message for 127.0.0.1:6520 successfully sent
webRTC(1257473)  E 10-03 23:00:34 1257473 1257627 shared_fd.cpp:301] cannot connect to 3:6900
webRTC(1257473)  E 10-03 23:00:34 1257473 1257627 vsock_connection.cpp:224] Failed to connect:OK
webRTC(1257473)  E 10-03 23:00:35 1257473 1257627 shared_fd.cpp:301] cannot connect to 3:6900
webRTC(1257473)  E 10-03 23:00:35 1257473 1257627 vsock_connection.cpp:224] Failed to connect:OK
webRTC(1257473)  E 10-03 23:00:36 1257473 1257627 shared_fd.cpp:301] cannot connect to 3:6900
webRTC(1257473)  E 10-03 23:00:36 1257473 1257627 vsock_connection.cpp:224] Failed to connect:OK
webRTC(1257473)  E 10-03 23:00:37 1257473 1257627 shared_fd.cpp:301] cannot connect to 3:6900
webRTC(1257473)  E 10-03 23:00:37 1257473 1257627 vsock_connection.cpp:224] Failed to connect:OK
webRTC(1257473)  E 10-03 23:00:38 1257473 1257627 shared_fd.cpp:301] cannot connect to 3:6900
webRTC(1257473)  E 10-03 23:00:38 1257473 1257627 vsock_connection.cpp:224] Failed to connect:OK
adb_connector(1257476)  D 10-03 23:00:38 1257476 1257482 adb_connection_maintainer.cpp:234] adb connected to 127.0.0.1:6520
webRTC(1257473)  E 10-03 23:00:39 1257473 1257627 shared_fd.cpp:301] cannot connect to 3:6900
webRTC(1257473)  E 10-03 23:00:39 1257473 1257627 vsock_connection.cpp:224] Failed to connect:OK
webRTC(1257473)  E 10-03 23:00:40 1257473 1257627 shared_fd.cpp:301] cannot connect to 3:6900
webRTC(1257473)  E 10-03 23:00:40 1257473 1257627 vsock_connection.cpp:224] Failed to connect:OK
webRTC(1257473)  E 10-03 23:00:41 1257473 1257627 shared_fd.cpp:301] cannot connect to 3:6900
webRTC(1257473)  E 10-03 23:00:41 1257473 1257627 vsock_connection.cpp:224] Failed to connect:OK
webRTC(1257473)  E 10-03 23:00:42 1257473 1257627 shared_fd.cpp:301] cannot connect to 3:6900
webRTC(1257473)  E 10-03 23:00:42 1257473 1257627 vsock_connection.cpp:224] Failed to connect:OK
adb_connector(1257476)  D 10-03 23:00:43 1257476 1257482 adb_connection_maintainer.cpp:241] Watching for disconnect on 127.0.0.1:6520
adb_connector(1257476)  W 10-03 23:00:43 1257476 1257482 adb_connection_maintainer.cpp:250] transport message failed, response body: device '127.0.0.1:6520' not found
adb_connector(1257476)  D 10-03 23:00:43 1257476 1257482 adb_connection_maintainer.cpp:285] Sending adb disconnect
webRTC(1257473)  E 10-03 23:00:43 1257473 1257627 shared_fd.cpp:301] cannot connect to 3:6900
webRTC(1257473)  E 10-03 23:00:43 1257473 1257627 vsock_connection.cpp:224] Failed to connect:OK
webRTC(1257473)  E 10-03 23:00:44 1257473 1257627 shared_fd.cpp:301] cannot connect to 3:6900
webRTC(1257473)  E 10-03 23:00:44 1257473 1257627 vsock_connection.cpp:224] Failed to connect:OK
webRTC(1257473)  E 10-03 23:00:46 1257473 1257627 shared_fd.cpp:301] cannot connect to 3:6900
webRTC(1257473)  E 10-03 23:00:46 1257473 1257627 vsock_connection.cpp:224] Failed to connect:OK
webRTC(1257473)  E 10-03 23:00:47 1257473 1257627 shared_fd.cpp:301] cannot connect to 3:6900
webRTC(1257473)  E 10-03 23:00:47 1257473 1257627 vsock_connection.cpp:224] Failed to connect:OK
webRTC(1257473)  E 10-03 23:00:48 1257473 1257627 shared_fd.cpp:301] cannot connect to 3:6900
webRTC(1257473)  E 10-03 23:00:48 1257473 1257627 vsock_connection.cpp:224] Failed to connect:OK
adb_connector(1257476)  D 10-03 23:00:48 1257476 1257482 adb_connection_maintainer.cpp:223] Attempting to connect to device with address 127.0.0.1:6520
adb_connector(1257476)  D 10-03 23:00:48 1257476 1257482 adb_connection_maintainer.cpp:227] adb connect message for 127.0.0.1:6520 successfully sent
webRTC(1257473)  E 10-03 23:00:49 1257473 1257627 shared_fd.cpp:301] cannot connect to 3:6900
webRTC(1257473)  E 10-03 23:00:49 1257473 1257627 vsock_connection.cpp:224] Failed to connect:OK
webRTC(1257473)  E 10-03 23:00:50 1257473 1257627 shared_fd.cpp:301] cannot connect to 3:6900
webRTC(1257473)  E 10-03 23:00:50 1257473 1257627 vsock_connection.cpp:224] Failed to connect:OK
webRTC(1257473)  E 10-03 23:00:51 1257473 1257627 shared_fd.cpp:301] cannot connect to 3:6900
webRTC(1257473)  E 10-03 23:00:51 1257473 1257627 vsock_connection.cpp:224] Failed to connect:OK
webRTC(1257473)  E 10-03 23:00:52 1257473 1257627 shared_fd.cpp:301] cannot connect to 3:6900
webRTC(1257473)  E 10-03 23:00:52 1257473 1257627 vsock_connection.cpp:224] Failed to connect:OK
webRTC(1257473)  E 10-03 23:00:53 1257473 1257627 shared_fd.cpp:301] cannot connect to 3:6900
webRTC(1257473)  E 10-03 23:00:53 1257473 1257627 vsock_connection.cpp:224] Failed to connect:OK
adb_connector(1257476)  D 10-03 23:00:53 1257476 1257482 adb_connection_maintainer.cpp:234] adb connected to 127.0.0.1:6520
webRTC(1257473)  E 10-03 23:00:54 1257473 1257627 shared_fd.cpp:301] cannot connect to 3:6900
webRTC(1257473)  E 10-03 23:00:54 1257473 1257627 vsock_connection.cpp:224] Failed to connect:OK
webRTC(1257473)  E 10-03 23:00:55 1257473 1257627 shared_fd.cpp:301] cannot connect to 3:6900
webRTC(1257473)  E 10-03 23:00:55 1257473 1257627 vsock_connection.cpp:224] Failed to connect:OK
webRTC(1257473)  E 10-03 23:00:56 1257473 1257627 shared_fd.cpp:301] cannot connect to 3:6900
webRTC(1257473)  E 10-03 23:00:56 1257473 1257627 vsock_connection.cpp:224] Failed to connect:OK
webRTC(1257473)  E 10-03 23:00:57 1257473 1257627 shared_fd.cpp:301] cannot connect to 3:6900
webRTC(1257473)  E 10-03 23:00:57 1257473 1257627 vsock_connection.cpp:224] Failed to connect:OK
webRTC(1257473)  E 10-03 23:00:58 1257473 1257627 shared_fd.cpp:301] cannot connect to 3:6900
webRTC(1257473)  E 10-03 23:00:58 1257473 1257627 vsock_connection.cpp:224] Failed to connect:OK
adb_connector(1257476)  D 10-03 23:00:58 1257476 1257482 adb_connection_maintainer.cpp:241] Watching for disconnect on 127.0.0.1:6520
adb_connector(1257476)  W 10-03 23:00:58 1257476 1257482 adb_connection_maintainer.cpp:250] transport message failed, response body: device '127.0.0.1:6520' not found
adb_connector(1257476)  D 10-03 23:00:58 1257476 1257482 adb_connection_maintainer.cpp:285] Sending adb disconnect
webRTC(1257473)  E 10-03 23:00:59 1257473 1257627 shared_fd.cpp:301] cannot connect to 3:6900
webRTC(1257473)  E 10-03 23:00:59 1257473 1257627 vsock_connection.cpp:224] Failed to connect:OK
webRTC(1257473)  E 10-03 23:01:00 1257473 1257627 shared_fd.cpp:301] cannot connect to 3:6900
webRTC(1257473)  E 10-03 23:01:00 1257473 1257627 vsock_connection.cpp:224] Failed to connect:OK
webRTC(1257473)  E 10-03 23:01:01 1257473 1257627 shared_fd.cpp:301] cannot connect to 3:6900
webRTC(1257473)  E 10-03 23:01:01 1257473 1257627 vsock_connection.cpp:224] Failed to connect:OK
webRTC(1257473)  E 10-03 23:01:02 1257473 1257627 shared_fd.cpp:301] cannot connect to 3:6900
webRTC(1257473)  E 10-03 23:01:02 1257473 1257627 vsock_connection.cpp:224] Failed to connect:OK
webRTC(1257473)  E 10-03 23:01:03 1257473 1257627 shared_fd.cpp:301] cannot connect to 3:6900
webRTC(1257473)  E 10-03 23:01:03 1257473 1257627 vsock_connection.cpp:224] Failed to connect:OK
adb_connector(1257476)  D 10-03 23:01:03 1257476 1257482 adb_connection_maintainer.cpp:223] Attempting to connect to device with address 127.0.0.1:6520
adb_connector(1257476)  D 10-03 23:01:03 1257476 1257482 adb_connection_maintainer.cpp:227] adb connect message for 127.0.0.1:6520 successfully sent
webRTC(1257473)  E 10-03 23:01:04 1257473 1257627 shared_fd.cpp:301] cannot connect to 3:6900
webRTC(1257473)  E 10-03 23:01:04 1257473 1257627 vsock_connection.cpp:224] Failed to connect:OK
webRTC(1257473)  E 10-03 23:01:05 1257473 1257627 shared_fd.cpp:301] cannot connect to 3:6900
webRTC(1257473)  E 10-03 23:01:05 1257473 1257627 vsock_connection.cpp:224] Failed to connect:OK
webRTC(1257473)  E 10-03 23:01:06 1257473 1257627 shared_fd.cpp:301] cannot connect to 3:6900
webRTC(1257473)  E 10-03 23:01:06 1257473 1257627 vsock_connection.cpp:224] Failed to connect:OK
webRTC(1257473)  E 10-03 23:01:07 1257473 1257627 shared_fd.cpp:301] cannot connect to 3:6900
webRTC(1257473)  E 10-03 23:01:07 1257473 1257627 vsock_connection.cpp:224] Failed to connect:OK
webRTC(1257473)  E 10-03 23:01:08 1257473 1257627 shared_fd.cpp:301] cannot connect to 3:6900
webRTC(1257473)  E 10-03 23:01:08 1257473 1257627 vsock_connection.cpp:224] Failed to connect:OK
adb_connector(1257476)  D 10-03 23:01:08 1257476 1257482 adb_connection_maintainer.cpp:234] adb connected to 127.0.0.1:6520
webRTC(1257473)  E 10-03 23:01:09 1257473 1257627 shared_fd.cpp:301] cannot connect to 3:6900
webRTC(1257473)  E 10-03 23:01:09 1257473 1257627 vsock_connection.cpp:224] Failed to connect:OK
webRTC(1257473)  E 10-03 23:01:10 1257473 1257627 shared_fd.cpp:301] cannot connect to 3:6900
webRTC(1257473)  E 10-03 23:01:10 1257473 1257627 vsock_connection.cpp:224] Failed to connect:OK
webRTC(1257473)  E 10-03 23:01:11 1257473 1257627 shared_fd.cpp:301] cannot connect to 3:6900
webRTC(1257473)  E 10-03 23:01:11 1257473 1257627 vsock_connection.cpp:224] Failed to connect:OK
webRTC(1257473)  E 10-03 23:01:12 1257473 1257627 shared_fd.cpp:301] cannot connect to 3:6900
webRTC(1257473)  E 10-03 23:01:12 1257473 1257627 vsock_connection.cpp:224] Failed to connect:OK
adb_connector(1257476)  D 10-03 23:01:13 1257476 1257482 adb_connection_maintainer.cpp:241] Watching for disconnect on 127.0.0.1:6520
adb_connector(1257476)  W 10-03 23:01:13 1257476 1257482 adb_connection_maintainer.cpp:250] transport message failed, response body: device '127.0.0.1:6520' not found
adb_connector(1257476)  D 10-03 23:01:13 1257476 1257482 adb_connection_maintainer.cpp:285] Sending adb disconnect
webRTC(1257473)  E 10-03 23:01:13 1257473 1257627 shared_fd.cpp:301] cannot connect to 3:6900
webRTC(1257473)  E 10-03 23:01:13 1257473 1257627 vsock_connection.cpp:224] Failed to connect:OK
webRTC(1257473)  E 10-03 23:01:14 1257473 1257627 shared_fd.cpp:301] cannot connect to 3:6900
webRTC(1257473)  E 10-03 23:01:14 1257473 1257627 vsock_connection.cpp:224] Failed to connect:OK
log_tee(1257589)  W 10-03 23:01:15 1257589 1257589 log_tee.cpp:167] [2026-10-03T14:01:15.496467758+00:00 WARN  devices::virtio::snd::vios_backend::streams] Failed to set audio stream thread to real time: Operation not permitted (os error 1)
log_tee(1257589)  W 10-03 23:01:15 1257589 1257589 log_tee.cpp:167] [2026-10-03T14:01:15.496556426+00:00 WARN  devices::virtio::snd::vios_backend::streams] Failed to set audio stream thread to real time: Operation not permitted (os error 1)
log_tee(1257589)  W 10-03 23:01:15 1257589 1257589 log_tee.cpp:167] [2026-10-03T14:01:15.496858807+00:00 WARN  devices::virtio::snd::vios_backend::streams] Failed to set audio stream thread to real time: Operation not permitted (os error 1)
webRTC(1257473)  E 10-03 23:01:15 1257473 1257627 shared_fd.cpp:301] cannot connect to 3:6900
webRTC(1257473)  E 10-03 23:01:15 1257473 1257627 vsock_connection.cpp:224] Failed to connect:OK
webRTC(1257473)  E 10-03 23:01:16 1257473 1257627 shared_fd.cpp:301] cannot connect to 3:6900
webRTC(1257473)  E 10-03 23:01:16 1257473 1257627 vsock_connection.cpp:224] Failed to connect:OK
webRTC(1257473)  E 10-03 23:01:17 1257473 1257627 shared_fd.cpp:301] cannot connect to 3:6900
webRTC(1257473)  E 10-03 23:01:17 1257473 1257627 vsock_connection.cpp:224] Failed to connect:OK
adb_connector(1257476)  D 10-03 23:01:18 1257476 1257482 adb_connection_maintainer.cpp:223] Attempting to connect to device with address 127.0.0.1:6520
adb_connector(1257476)  D 10-03 23:01:18 1257476 1257482 adb_connection_maintainer.cpp:227] adb connect message for 127.0.0.1:6520 successfully sent
webRTC(1257473)  E 10-03 23:01:19 1257473 1257627 shared_fd.cpp:301] cannot connect to 3:6900
webRTC(1257473)  E 10-03 23:01:19 1257473 1257627 vsock_connection.cpp:224] Failed to connect:OK
webRTC(1257473)  E 10-03 23:01:20 1257473 1257627 shared_fd.cpp:301] cannot connect to 3:6900
webRTC(1257473)  E 10-03 23:01:20 1257473 1257627 vsock_connection.cpp:224] Failed to connect:OK
webRTC(1257473)  E 10-03 23:01:21 1257473 1257627 shared_fd.cpp:301] cannot connect to 3:6900
webRTC(1257473)  E 10-03 23:01:21 1257473 1257627 vsock_connection.cpp:224] Failed to connect:OK
webRTC(1257473)  E 10-03 23:01:22 1257473 1257627 shared_fd.cpp:301] cannot connect to 3:6900
webRTC(1257473)  E 10-03 23:01:22 1257473 1257627 vsock_connection.cpp:224] Failed to connect:OK
webRTC(1257473)  E 10-03 23:01:23 1257473 1257627 shared_fd.cpp:301] cannot connect to 3:6900
webRTC(1257473)  E 10-03 23:01:23 1257473 1257627 vsock_connection.cpp:224] Failed to connect:OK
adb_connector(1257476)  D 10-03 23:01:23 1257476 1257482 adb_connection_maintainer.cpp:234] adb connected to 127.0.0.1:6520
webRTC(1257473)  E 10-03 23:01:24 1257473 1257627 shared_fd.cpp:301] cannot connect to 3:6900
webRTC(1257473)  E 10-03 23:01:24 1257473 1257627 vsock_connection.cpp:224] Failed to connect:OK
webRTC(1257473)  E 10-03 23:01:25 1257473 1257627 shared_fd.cpp:301] cannot connect to 3:6900
webRTC(1257473)  E 10-03 23:01:25 1257473 1257627 vsock_connection.cpp:224] Failed to connect:OK
webRTC(1257473)  E 10-03 23:01:26 1257473 1257627 shared_fd.cpp:301] cannot connect to 3:6900
webRTC(1257473)  E 10-03 23:01:26 1257473 1257627 vsock_connection.cpp:224] Failed to connect:OK
webRTC(1257473)  E 10-03 23:01:27 1257473 1257627 shared_fd.cpp:301] cannot connect to 3:6900
webRTC(1257473)  E 10-03 23:01:27 1257473 1257627 vsock_connection.cpp:224] Failed to connect:OK
adb_connector(1257476)  D 10-03 23:01:28 1257476 1257482 adb_connection_maintainer.cpp:241] Watching for disconnect on 127.0.0.1:6520
adb_connector(1257476)  W 10-03 23:01:28 1257476 1257482 adb_connection_maintainer.cpp:250] transport message failed, response body: device '127.0.0.1:6520' not found
adb_connector(1257476)  D 10-03 23:01:28 1257476 1257482 adb_connection_maintainer.cpp:285] Sending adb disconnect
webRTC(1257473)  E 10-03 23:01:28 1257473 1257627 shared_fd.cpp:301] cannot connect to 3:6900
webRTC(1257473)  E 10-03 23:01:28 1257473 1257627 vsock_connection.cpp:224] Failed to connect:OK
webRTC(1257473)  E 10-03 23:01:29 1257473 1257627 shared_fd.cpp:301] cannot connect to 3:6900
webRTC(1257473)  E 10-03 23:01:29 1257473 1257627 vsock_connection.cpp:224] Failed to connect:OK
webRTC(1257473)  E 10-03 23:01:30 1257473 1257627 shared_fd.cpp:301] cannot connect to 3:6900
webRTC(1257473)  E 10-03 23:01:30 1257473 1257627 vsock_connection.cpp:224] Failed to connect:OK
webRTC(1257473)  E 10-03 23:01:32 1257473 1257627 shared_fd.cpp:301] cannot connect to 3:6900
webRTC(1257473)  E 10-03 23:01:32 1257473 1257627 vsock_connection.cpp:224] Failed to connect:OK
webRTC(1257473)  E 10-03 23:01:33 1257473 1257627 shared_fd.cpp:301] cannot connect to 3:6900
webRTC(1257473)  E 10-03 23:01:33 1257473 1257627 vsock_connection.cpp:224] Failed to connect:OK
adb_connector(1257476)  D 10-03 23:01:33 1257476 1257482 adb_connection_maintainer.cpp:223] Attempting to connect to device with address 127.0.0.1:6520
adb_connector(1257476)  D 10-03 23:01:33 1257476 1257482 adb_connection_maintainer.cpp:227] adb connect message for 127.0.0.1:6520 successfully sent
webRTC(1257473)  E 10-03 23:01:34 1257473 1257627 shared_fd.cpp:301] cannot connect to 3:6900
webRTC(1257473)  E 10-03 23:01:34 1257473 1257627 vsock_connection.cpp:224] Failed to connect:OK
webRTC(1257473)  E 10-03 23:01:35 1257473 1257627 shared_fd.cpp:301] cannot connect to 3:6900
webRTC(1257473)  E 10-03 23:01:35 1257473 1257627 vsock_connection.cpp:224] Failed to connect:OK
webRTC(1257473)  E 10-03 23:01:36 1257473 1257627 shared_fd.cpp:301] cannot connect to 3:6900
webRTC(1257473)  E 10-03 23:01:36 1257473 1257627 vsock_connection.cpp:224] Failed to connect:OK
webRTC(1257473)  E 10-03 23:01:37 1257473 1257627 shared_fd.cpp:301] cannot connect to 3:6900
webRTC(1257473)  E 10-03 23:01:37 1257473 1257627 vsock_connection.cpp:224] Failed to connect:OK
webRTC(1257473)  E 10-03 23:01:38 1257473 1257627 shared_fd.cpp:301] cannot connect to 3:6900
webRTC(1257473)  E 10-03 23:01:38 1257473 1257627 vsock_connection.cpp:224] Failed to connect:OK
adb_connector(1257476)  D 10-03 23:01:38 1257476 1257482 adb_connection_maintainer.cpp:234] adb connected to 127.0.0.1:6520
webRTC(1257473)  E 10-03 23:01:39 1257473 1257627 shared_fd.cpp:301] cannot connect to 3:6900
webRTC(1257473)  E 10-03 23:01:39 1257473 1257627 vsock_connection.cpp:224] Failed to connect:OK
webRTC(1257473)  E 10-03 23:01:40 1257473 1257627 shared_fd.cpp:301] cannot connect to 3:6900
webRTC(1257473)  E 10-03 23:01:40 1257473 1257627 vsock_connection.cpp:224] Failed to connect:OK
webRTC(1257473)  E 10-03 23:01:41 1257473 1257627 shared_fd.cpp:301] cannot connect to 3:6900
webRTC(1257473)  E 10-03 23:01:41 1257473 1257627 vsock_connection.cpp:224] Failed to connect:OK
webRTC(1257473)  E 10-03 23:01:42 1257473 1257627 shared_fd.cpp:301] cannot connect to 3:6900
webRTC(1257473)  E 10-03 23:01:42 1257473 1257627 vsock_connection.cpp:224] Failed to connect:OK
webRTC(1257473)  E 10-03 23:01:43 1257473 1257627 shared_fd.cpp:301] cannot connect to 3:6900
webRTC(1257473)  E 10-03 23:01:43 1257473 1257627 vsock_connection.cpp:224] Failed to connect:OK
adb_connector(1257476)  D 10-03 23:01:43 1257476 1257482 adb_connection_maintainer.cpp:241] Watching for disconnect on 127.0.0.1:6520
adb_connector(1257476)  W 10-03 23:01:43 1257476 1257482 adb_connection_maintainer.cpp:250] transport message failed, response body: device '127.0.0.1:6520' not found
adb_connector(1257476)  D 10-03 23:01:43 1257476 1257482 adb_connection_maintainer.cpp:285] Sending adb disconnect
webRTC(1257473)  E 10-03 23:01:44 1257473 1257627 shared_fd.cpp:301] cannot connect to 3:6900
webRTC(1257473)  E 10-03 23:01:44 1257473 1257627 vsock_connection.cpp:224] Failed to connect:OK
webRTC(1257473)  E 10-03 23:01:45 1257473 1257627 shared_fd.cpp:301] cannot connect to 3:6900
webRTC(1257473)  E 10-03 23:01:45 1257473 1257627 vsock_connection.cpp:224] Failed to connect:OK
webRTC(1257473)  E 10-03 23:01:46 1257473 1257627 shared_fd.cpp:301] cannot connect to 3:6900
webRTC(1257473)  E 10-03 23:01:46 1257473 1257627 vsock_connection.cpp:224] Failed to connect:OK
webRTC(1257473)  E 10-03 23:01:47 1257473 1257627 shared_fd.cpp:301] cannot connect to 3:6900
webRTC(1257473)  E 10-03 23:01:47 1257473 1257627 vsock_connection.cpp:224] Failed to connect:OK
webRTC(1257473)  E 10-03 23:01:48 1257473 1257627 shared_fd.cpp:301] cannot connect to 3:6900
webRTC(1257473)  E 10-03 23:01:48 1257473 1257627 vsock_connection.cpp:224] Failed to connect:OK
adb_connector(1257476)  D 10-03 23:01:48 1257476 1257482 adb_connection_maintainer.cpp:223] Attempting to connect to device with address 127.0.0.1:6520
adb_connector(1257476)  D 10-03 23:01:48 1257476 1257482 adb_connection_maintainer.cpp:227] adb connect message for 127.0.0.1:6520 successfully sent
webRTC(1257473)  E 10-03 23:01:49 1257473 1257627 shared_fd.cpp:301] cannot connect to 3:6900
webRTC(1257473)  E 10-03 23:01:49 1257473 1257627 vsock_connection.cpp:224] Failed to connect:OK
webRTC(1257473)  E 10-03 23:01:50 1257473 1257627 shared_fd.cpp:301] cannot connect to 3:6900
webRTC(1257473)  E 10-03 23:01:50 1257473 1257627 vsock_connection.cpp:224] Failed to connect:OK
webRTC(1257473)  E 10-03 23:01:51 1257473 1257627 shared_fd.cpp:301] cannot connect to 3:6900
webRTC(1257473)  E 10-03 23:01:51 1257473 1257627 vsock_connection.cpp:224] Failed to connect:OK
webRTC(1257473)  E 10-03 23:01:52 1257473 1257627 shared_fd.cpp:301] cannot connect to 3:6900
webRTC(1257473)  E 10-03 23:01:52 1257473 1257627 vsock_connection.cpp:224] Failed to connect:OK
adb_connector(1257476)  D 10-03 23:01:53 1257476 1257482 adb_connection_maintainer.cpp:234] adb connected to 127.0.0.1:6520
webRTC(1257473)  E 10-03 23:01:53 1257473 1257627 shared_fd.cpp:301] cannot connect to 3:6900
webRTC(1257473)  E 10-03 23:01:53 1257473 1257627 vsock_connection.cpp:224] Failed to connect:OK
webRTC(1257473)  E 10-03 23:01:54 1257473 1257627 shared_fd.cpp:301] cannot connect to 3:6900
webRTC(1257473)  E 10-03 23:01:54 1257473 1257627 vsock_connection.cpp:224] Failed to connect:OK
webRTC(1257473)  E 10-03 23:01:55 1257473 1257627 shared_fd.cpp:301] cannot connect to 3:6900
webRTC(1257473)  E 10-03 23:01:55 1257473 1257627 vsock_connection.cpp:224] Failed to connect:OK
webRTC(1257473)  E 10-03 23:01:56 1257473 1257627 shared_fd.cpp:301] cannot connect to 3:6900
webRTC(1257473)  E 10-03 23:01:56 1257473 1257627 vsock_connection.cpp:224] Failed to connect:OK
webRTC(1257473)  E 10-03 23:01:57 1257473 1257627 shared_fd.cpp:301] cannot connect to 3:6900
webRTC(1257473)  E 10-03 23:01:57 1257473 1257627 vsock_connection.cpp:224] Failed to connect:OK
adb_connector(1257476)  D 10-03 23:01:58 1257476 1257482 adb_connection_maintainer.cpp:241] Watching for disconnect on 127.0.0.1:6520
adb_connector(1257476)  W 10-03 23:01:58 1257476 1257482 adb_connection_maintainer.cpp:250] transport message failed, response body: device '127.0.0.1:6520' not found
adb_connector(1257476)  D 10-03 23:01:58 1257476 1257482 adb_connection_maintainer.cpp:285] Sending adb disconnect
webRTC(1257473)  E 10-03 23:01:58 1257473 1257627 shared_fd.cpp:301] cannot connect to 3:6900
webRTC(1257473)  E 10-03 23:01:58 1257473 1257627 vsock_connection.cpp:224] Failed to connect:OK
webRTC(1257473)  E 10-03 23:02:00 1257473 1257627 shared_fd.cpp:301] cannot connect to 3:6900
webRTC(1257473)  E 10-03 23:02:00 1257473 1257627 vsock_connection.cpp:224] Failed to connect:OK
webRTC(1257473)  E 10-03 23:02:01 1257473 1257627 shared_fd.cpp:301] cannot connect to 3:6900
webRTC(1257473)  E 10-03 23:02:01 1257473 1257627 vsock_connection.cpp:224] Failed to connect:OK
webRTC(1257473)  E 10-03 23:02:02 1257473 1257627 shared_fd.cpp:301] cannot connect to 3:6900
webRTC(1257473)  E 10-03 23:02:02 1257473 1257627 vsock_connection.cpp:224] Failed to connect:OK
webRTC(1257473)  E 10-03 23:02:03 1257473 1257627 shared_fd.cpp:301] cannot connect to 3:6900
webRTC(1257473)  E 10-03 23:02:03 1257473 1257627 vsock_connection.cpp:224] Failed to connect:OK
adb_connector(1257476)  D 10-03 23:02:03 1257476 1257482 adb_connection_maintainer.cpp:223] Attempting to connect to device with address 127.0.0.1:6520
adb_connector(1257476)  D 10-03 23:02:03 1257476 1257482 adb_connection_maintainer.cpp:227] adb connect message for 127.0.0.1:6520 successfully sent
webRTC(1257473)  E 10-03 23:02:04 1257473 1257627 shared_fd.cpp:301] cannot connect to 3:6900
webRTC(1257473)  E 10-03 23:02:04 1257473 1257627 vsock_connection.cpp:224] Failed to connect:OK
webRTC(1257473)  E 10-03 23:02:05 1257473 1257627 shared_fd.cpp:301] cannot connect to 3:6900
webRTC(1257473)  E 10-03 23:02:05 1257473 1257627 vsock_connection.cpp:224] Failed to connect:OK
webRTC(1257473)  E 10-03 23:02:06 1257473 1257627 shared_fd.cpp:301] cannot connect to 3:6900
webRTC(1257473)  E 10-03 23:02:06 1257473 1257627 vsock_connection.cpp:224] Failed to connect:OK
webRTC(1257473)  E 10-03 23:02:07 1257473 1257627 shared_fd.cpp:301] cannot connect to 3:6900
webRTC(1257473)  E 10-03 23:02:07 1257473 1257627 vsock_connection.cpp:224] Failed to connect:OK
webRTC(1257473)  E 10-03 23:02:08 1257473 1257627 shared_fd.cpp:301] cannot connect to 3:6900
webRTC(1257473)  E 10-03 23:02:08 1257473 1257627 vsock_connection.cpp:224] Failed to connect:OK
adb_connector(1257476)  D 10-03 23:02:08 1257476 1257482 adb_connection_maintainer.cpp:234] adb connected to 127.0.0.1:6520
webRTC(1257473)  E 10-03 23:02:09 1257473 1257627 shared_fd.cpp:301] cannot connect to 3:6900
webRTC(1257473)  E 10-03 23:02:09 1257473 1257627 vsock_connection.cpp:224] Failed to connect:OK
webRTC(1257473)  E 10-03 23:02:10 1257473 1257627 shared_fd.cpp:301] cannot connect to 3:6900
webRTC(1257473)  E 10-03 23:02:10 1257473 1257627 vsock_connection.cpp:224] Failed to connect:OK
webRTC(1257473)  E 10-03 23:02:11 1257473 1257627 shared_fd.cpp:301] cannot connect to 3:6900
webRTC(1257473)  E 10-03 23:02:11 1257473 1257627 vsock_connection.cpp:224] Failed to connect:OK
webRTC(1257473)  E 10-03 23:02:12 1257473 1257627 shared_fd.cpp:301] cannot connect to 3:6900
webRTC(1257473)  E 10-03 23:02:12 1257473 1257627 vsock_connection.cpp:224] Failed to connect:OK
webRTC(1257473)  E 10-03 23:02:13 1257473 1257627 shared_fd.cpp:301] cannot connect to 3:6900
webRTC(1257473)  E 10-03 23:02:13 1257473 1257627 vsock_connection.cpp:224] Failed to connect:OK
adb_connector(1257476)  D 10-03 23:02:13 1257476 1257482 adb_connection_maintainer.cpp:241] Watching for disconnect on 127.0.0.1:6520
adb_connector(1257476)  W 10-03 23:02:13 1257476 1257482 adb_connection_maintainer.cpp:250] transport message failed, response body: device '127.0.0.1:6520' not found
adb_connector(1257476)  D 10-03 23:02:13 1257476 1257482 adb_connection_maintainer.cpp:285] Sending adb disconnect
webRTC(1257473)  E 10-03 23:02:14 1257473 1257627 shared_fd.cpp:301] cannot connect to 3:6900
webRTC(1257473)  E 10-03 23:02:14 1257473 1257627 vsock_connection.cpp:224] Failed to connect:OK
webRTC(1257473)  E 10-03 23:02:15 1257473 1257627 shared_fd.cpp:301] cannot connect to 3:6900
webRTC(1257473)  E 10-03 23:02:15 1257473 1257627 vsock_connection.cpp:224] Failed to connect:OK
webRTC(1257473)  E 10-03 23:02:16 1257473 1257627 shared_fd.cpp:301] cannot connect to 3:6900
webRTC(1257473)  E 10-03 23:02:16 1257473 1257627 vsock_connection.cpp:224] Failed to connect:OK
kernel_log_monitor(1257511)  I 10-03 23:02:17 1257511 1257511 kernel_log_server.cc:145] GUEST_BUILD_FINGERPRINT: generic/aosp_cf_arm64_only_phone/vsoc_arm64_only:17/CP2A.260605.016/16373615:userdebug/test-keys
webRTC(1257473)  E 10-03 23:02:17 1257473 1257627 shared_fd.cpp:301] cannot connect to 3:6900
webRTC(1257473)  E 10-03 23:02:17 1257473 1257627 vsock_connection.cpp:224] Failed to connect:OK
webRTC(1257473)  E 10-03 23:02:18 1257473 1257627 shared_fd.cpp:301] cannot connect to 3:6900
webRTC(1257473)  E 10-03 23:02:18 1257473 1257627 vsock_connection.cpp:224] Failed to connect:OK
adb_connector(1257476)  D 10-03 23:02:18 1257476 1257482 adb_connection_maintainer.cpp:223] Attempting to connect to device with address 127.0.0.1:6520
adb_connector(1257476)  D 10-03 23:02:18 1257476 1257482 adb_connection_maintainer.cpp:227] adb connect message for 127.0.0.1:6520 successfully sent
webRTC(1257473)  E 10-03 23:02:19 1257473 1257627 shared_fd.cpp:301] cannot connect to 3:6900
webRTC(1257473)  E 10-03 23:02:19 1257473 1257627 vsock_connection.cpp:224] Failed to connect:OK
webRTC(1257473)  E 10-03 23:02:20 1257473 1257627 shared_fd.cpp:301] cannot connect to 3:6900
webRTC(1257473)  E 10-03 23:02:20 1257473 1257627 vsock_connection.cpp:224] Failed to connect:OK
webRTC(1257473)  E 10-03 23:02:21 1257473 1257627 shared_fd.cpp:301] cannot connect to 3:6900
webRTC(1257473)  E 10-03 23:02:21 1257473 1257627 vsock_connection.cpp:224] Failed to connect:OK
webRTC(1257473)  E 10-03 23:02:22 1257473 1257627 shared_fd.cpp:301] cannot connect to 3:6900
webRTC(1257473)  E 10-03 23:02:22 1257473 1257627 vsock_connection.cpp:224] Failed to connect:OK
webRTC(1257473)  E 10-03 23:02:23 1257473 1257627 shared_fd.cpp:301] cannot connect to 3:6900
webRTC(1257473)  E 10-03 23:02:23 1257473 1257627 vsock_connection.cpp:224] Failed to connect:OK
adb_connector(1257476)  D 10-03 23:02:23 1257476 1257482 adb_connection_maintainer.cpp:234] adb connected to 127.0.0.1:6520
webRTC(1257473)  E 10-03 23:02:24 1257473 1257627 shared_fd.cpp:301] cannot connect to 3:6900
webRTC(1257473)  E 10-03 23:02:24 1257473 1257627 vsock_connection.cpp:224] Failed to connect:OK
webRTC(1257473)  E 10-03 23:02:25 1257473 1257627 shared_fd.cpp:301] cannot connect to 3:6900
webRTC(1257473)  E 10-03 23:02:25 1257473 1257627 vsock_connection.cpp:224] Failed to connect:OK
webRTC(1257473)  E 10-03 23:02:26 1257473 1257627 shared_fd.cpp:301] cannot connect to 3:6900
webRTC(1257473)  E 10-03 23:02:26 1257473 1257627 vsock_connection.cpp:224] Failed to connect:OK
webRTC(1257473)  E 10-03 23:02:27 1257473 1257627 shared_fd.cpp:301] cannot connect to 3:6900
webRTC(1257473)  E 10-03 23:02:27 1257473 1257627 vsock_connection.cpp:224] Failed to connect:OK
adb_connector(1257476)  D 10-03 23:02:28 1257476 1257482 adb_connection_maintainer.cpp:241] Watching for disconnect on 127.0.0.1:6520
adb_connector(1257476)  W 10-03 23:02:28 1257476 1257482 adb_connection_maintainer.cpp:250] transport message failed, response body: device '127.0.0.1:6520' not found
adb_connector(1257476)  D 10-03 23:02:28 1257476 1257482 adb_connection_maintainer.cpp:285] Sending adb disconnect
webRTC(1257473)  E 10-03 23:02:28 1257473 1257627 shared_fd.cpp:301] cannot connect to 3:6900
webRTC(1257473)  E 10-03 23:02:28 1257473 1257627 vsock_connection.cpp:224] Failed to connect:OK
webRTC(1257473)  E 10-03 23:02:29 1257473 1257627 shared_fd.cpp:301] cannot connect to 3:6900
webRTC(1257473)  E 10-03 23:02:29 1257473 1257627 vsock_connection.cpp:224] Failed to connect:OK
webRTC(1257473)  E 10-03 23:02:30 1257473 1257627 shared_fd.cpp:301] cannot connect to 3:6900
webRTC(1257473)  E 10-03 23:02:30 1257473 1257627 vsock_connection.cpp:224] Failed to connect:OK
webRTC(1257473)  E 10-03 23:02:31 1257473 1257627 shared_fd.cpp:301] cannot connect to 3:6900
webRTC(1257473)  E 10-03 23:02:31 1257473 1257627 vsock_connection.cpp:224] Failed to connect:OK
webRTC(1257473)  E 10-03 23:02:32 1257473 1257627 shared_fd.cpp:301] cannot connect to 3:6900
webRTC(1257473)  E 10-03 23:02:32 1257473 1257627 vsock_connection.cpp:224] Failed to connect:OK
adb_connector(1257476)  D 10-03 23:02:33 1257476 1257482 adb_connection_maintainer.cpp:223] Attempting to connect to device with address 127.0.0.1:6520
adb_connector(1257476)  D 10-03 23:02:33 1257476 1257482 adb_connection_maintainer.cpp:227] adb connect message for 127.0.0.1:6520 successfully sent
webRTC(1257473)  E 10-03 23:02:33 1257473 1257627 shared_fd.cpp:301] cannot connect to 3:6900
webRTC(1257473)  E 10-03 23:02:33 1257473 1257627 vsock_connection.cpp:224] Failed to connect:OK
webRTC(1257473)  E 10-03 23:02:34 1257473 1257627 shared_fd.cpp:301] cannot connect to 3:6900
webRTC(1257473)  E 10-03 23:02:34 1257473 1257627 vsock_connection.cpp:224] Failed to connect:OK
webRTC(1257473)  E 10-03 23:02:35 1257473 1257627 shared_fd.cpp:301] cannot connect to 3:6900
webRTC(1257473)  E 10-03 23:02:35 1257473 1257627 vsock_connection.cpp:224] Failed to connect:OK
webRTC(1257473)  E 10-03 23:02:36 1257473 1257627 shared_fd.cpp:301] cannot connect to 3:6900
webRTC(1257473)  E 10-03 23:02:36 1257473 1257627 vsock_connection.cpp:224] Failed to connect:OK
webRTC(1257473)  E 10-03 23:02:37 1257473 1257627 shared_fd.cpp:301] cannot connect to 3:6900
webRTC(1257473)  E 10-03 23:02:37 1257473 1257627 vsock_connection.cpp:224] Failed to connect:OK
adb_connector(1257476)  D 10-03 23:02:38 1257476 1257482 adb_connection_maintainer.cpp:234] adb connected to 127.0.0.1:6520
webRTC(1257473)  E 10-03 23:02:38 1257473 1257627 shared_fd.cpp:301] cannot connect to 3:6900
webRTC(1257473)  E 10-03 23:02:38 1257473 1257627 vsock_connection.cpp:224] Failed to connect:OK
webRTC(1257473)  E 10-03 23:02:39 1257473 1257627 shared_fd.cpp:301] cannot connect to 3:6900
webRTC(1257473)  E 10-03 23:02:39 1257473 1257627 vsock_connection.cpp:224] Failed to connect:OK
webRTC(1257473)  E 10-03 23:02:41 1257473 1257627 shared_fd.cpp:301] cannot connect to 3:6900
webRTC(1257473)  E 10-03 23:02:41 1257473 1257627 vsock_connection.cpp:224] Failed to connect:OK
webRTC(1257473)  E 10-03 23:02:42 1257473 1257627 shared_fd.cpp:301] cannot connect to 3:6900
webRTC(1257473)  E 10-03 23:02:42 1257473 1257627 vsock_connection.cpp:224] Failed to connect:OK
webRTC(1257473)  E 10-03 23:02:43 1257473 1257627 shared_fd.cpp:301] cannot connect to 3:6900
webRTC(1257473)  E 10-03 23:02:43 1257473 1257627 vsock_connection.cpp:224] Failed to connect:OK
adb_connector(1257476)  D 10-03 23:02:43 1257476 1257482 adb_connection_maintainer.cpp:241] Watching for disconnect on 127.0.0.1:6520
adb_connector(1257476)  W 10-03 23:02:43 1257476 1257482 adb_connection_maintainer.cpp:250] transport message failed, response body: device '127.0.0.1:6520' not found
adb_connector(1257476)  D 10-03 23:02:43 1257476 1257482 adb_connection_maintainer.cpp:285] Sending adb disconnect
webRTC(1257473)  E 10-03 23:02:44 1257473 1257627 shared_fd.cpp:301] cannot connect to 3:6900
webRTC(1257473)  E 10-03 23:02:44 1257473 1257627 vsock_connection.cpp:224] Failed to connect:OK
webRTC(1257473)  E 10-03 23:02:45 1257473 1257627 shared_fd.cpp:301] cannot connect to 3:6900
webRTC(1257473)  E 10-03 23:02:45 1257473 1257627 vsock_connection.cpp:224] Failed to connect:OK
webRTC(1257473)  E 10-03 23:02:46 1257473 1257627 shared_fd.cpp:301] cannot connect to 3:6900
webRTC(1257473)  E 10-03 23:02:46 1257473 1257627 vsock_connection.cpp:224] Failed to connect:OK
webRTC(1257473)  E 10-03 23:02:47 1257473 1257627 shared_fd.cpp:301] cannot connect to 3:6900
webRTC(1257473)  E 10-03 23:02:47 1257473 1257627 vsock_connection.cpp:224] Failed to connect:OK
webRTC(1257473)  E 10-03 23:02:48 1257473 1257627 shared_fd.cpp:301] cannot connect to 3:6900
webRTC(1257473)  E 10-03 23:02:48 1257473 1257627 vsock_connection.cpp:224] Failed to connect:OK
adb_connector(1257476)  D 10-03 23:02:48 1257476 1257482 adb_connection_maintainer.cpp:223] Attempting to connect to device with address 127.0.0.1:6520
adb_connector(1257476)  D 10-03 23:02:48 1257476 1257482 adb_connection_maintainer.cpp:227] adb connect message for 127.0.0.1:6520 successfully sent
webRTC(1257473)  E 10-03 23:02:49 1257473 1257627 shared_fd.cpp:301] cannot connect to 3:6900
webRTC(1257473)  E 10-03 23:02:49 1257473 1257627 vsock_connection.cpp:224] Failed to connect:OK
webRTC(1257473)  E 10-03 23:02:50 1257473 1257627 shared_fd.cpp:301] cannot connect to 3:6900
webRTC(1257473)  E 10-03 23:02:50 1257473 1257627 vsock_connection.cpp:224] Failed to connect:OK
webRTC(1257473)  E 10-03 23:02:51 1257473 1257627 shared_fd.cpp:301] cannot connect to 3:6900
webRTC(1257473)  E 10-03 23:02:51 1257473 1257627 vsock_connection.cpp:224] Failed to connect:OK
webRTC(1257473)  E 10-03 23:02:52 1257473 1257627 shared_fd.cpp:301] cannot connect to 3:6900
webRTC(1257473)  E 10-03 23:02:52 1257473 1257627 vsock_connection.cpp:224] Failed to connect:OK
webRTC(1257473)  E 10-03 23:02:53 1257473 1257627 shared_fd.cpp:301] cannot connect to 3:6900
webRTC(1257473)  E 10-03 23:02:53 1257473 1257627 vsock_connection.cpp:224] Failed to connect:OK
adb_connector(1257476)  D 10-03 23:02:53 1257476 1257482 adb_connection_maintainer.cpp:234] adb connected to 127.0.0.1:6520
webRTC(1257473)  E 10-03 23:02:54 1257473 1257627 shared_fd.cpp:301] cannot connect to 3:6900
webRTC(1257473)  E 10-03 23:02:54 1257473 1257627 vsock_connection.cpp:224] Failed to connect:OK
webRTC(1257473)  E 10-03 23:02:55 1257473 1257627 shared_fd.cpp:301] cannot connect to 3:6900
webRTC(1257473)  E 10-03 23:02:55 1257473 1257627 vsock_connection.cpp:224] Failed to connect:OK
webRTC(1257473)  E 10-03 23:02:56 1257473 1257627 shared_fd.cpp:301] cannot connect to 3:6900
webRTC(1257473)  E 10-03 23:02:56 1257473 1257627 vsock_connection.cpp:224] Failed to connect:OK
webRTC(1257473)  E 10-03 23:02:57 1257473 1257627 shared_fd.cpp:301] cannot connect to 3:6900
webRTC(1257473)  E 10-03 23:02:57 1257473 1257627 vsock_connection.cpp:224] Failed to connect:OK
webRTC(1257473)  E 10-03 23:02:58 1257473 1257627 shared_fd.cpp:301] cannot connect to 3:6900
webRTC(1257473)  E 10-03 23:02:58 1257473 1257627 vsock_connection.cpp:224] Failed to connect:OK
adb_connector(1257476)  D 10-03 23:02:58 1257476 1257482 adb_connection_maintainer.cpp:241] Watching for disconnect on 127.0.0.1:6520
adb_connector(1257476)  W 10-03 23:02:58 1257476 1257482 adb_connection_maintainer.cpp:250] transport message failed, response body: device '127.0.0.1:6520' not found
adb_connector(1257476)  D 10-03 23:02:58 1257476 1257482 adb_connection_maintainer.cpp:285] Sending adb disconnect
webRTC(1257473)  E 10-03 23:02:59 1257473 1257627 shared_fd.cpp:301] cannot connect to 3:6900
webRTC(1257473)  E 10-03 23:02:59 1257473 1257627 vsock_connection.cpp:224] Failed to connect:OK
webRTC(1257473)  E 10-03 23:03:00 1257473 1257627 shared_fd.cpp:301] cannot connect to 3:6900
webRTC(1257473)  E 10-03 23:03:00 1257473 1257627 vsock_connection.cpp:224] Failed to connect:OK
webRTC(1257473)  E 10-03 23:03:01 1257473 1257627 shared_fd.cpp:301] cannot connect to 3:6900
webRTC(1257473)  E 10-03 23:03:01 1257473 1257627 vsock_connection.cpp:224] Failed to connect:OK
webRTC(1257473)  E 10-03 23:03:02 1257473 1257627 shared_fd.cpp:301] cannot connect to 3:6900
webRTC(1257473)  E 10-03 23:03:02 1257473 1257627 vsock_connection.cpp:224] Failed to connect:OK
webRTC(1257473)  E 10-03 23:03:03 1257473 1257627 shared_fd.cpp:301] cannot connect to 3:6900
webRTC(1257473)  E 10-03 23:03:03 1257473 1257627 vsock_connection.cpp:224] Failed to connect:OK
adb_connector(1257476)  D 10-03 23:03:03 1257476 1257482 adb_connection_maintainer.cpp:223] Attempting to connect to device with address 127.0.0.1:6520
adb_connector(1257476)  D 10-03 23:03:03 1257476 1257482 adb_connection_maintainer.cpp:227] adb connect message for 127.0.0.1:6520 successfully sent
webRTC(1257473)  E 10-03 23:03:04 1257473 1257627 shared_fd.cpp:301] cannot connect to 3:6900
webRTC(1257473)  E 10-03 23:03:04 1257473 1257627 vsock_connection.cpp:224] Failed to connect:OK
webRTC(1257473)  E 10-03 23:03:05 1257473 1257627 shared_fd.cpp:301] cannot connect to 3:6900
webRTC(1257473)  E 10-03 23:03:05 1257473 1257627 vsock_connection.cpp:224] Failed to connect:OK
webRTC(1257473)  E 10-03 23:03:06 1257473 1257627 shared_fd.cpp:301] cannot connect to 3:6900
webRTC(1257473)  E 10-03 23:03:06 1257473 1257627 vsock_connection.cpp:224] Failed to connect:OK
webRTC(1257473)  E 10-03 23:03:07 1257473 1257627 shared_fd.cpp:301] cannot connect to 3:6900
webRTC(1257473)  E 10-03 23:03:07 1257473 1257627 vsock_connection.cpp:224] Failed to connect:OK
adb_connector(1257476)  D 10-03 23:03:08 1257476 1257482 adb_connection_maintainer.cpp:234] adb connected to 127.0.0.1:6520
webRTC(1257473)  E 10-03 23:03:08 1257473 1257627 shared_fd.cpp:301] cannot connect to 3:6900
webRTC(1257473)  E 10-03 23:03:08 1257473 1257627 vsock_connection.cpp:224] Failed to connect:OK
webRTC(1257473)  E 10-03 23:03:09 1257473 1257627 shared_fd.cpp:301] cannot connect to 3:6900
webRTC(1257473)  E 10-03 23:03:09 1257473 1257627 vsock_connection.cpp:224] Failed to connect:OK
webRTC(1257473)  E 10-03 23:03:10 1257473 1257627 shared_fd.cpp:301] cannot connect to 3:6900
webRTC(1257473)  E 10-03 23:03:10 1257473 1257627 vsock_connection.cpp:224] Failed to connect:OK
webRTC(1257473)  E 10-03 23:03:11 1257473 1257627 shared_fd.cpp:301] cannot connect to 3:6900
webRTC(1257473)  E 10-03 23:03:11 1257473 1257627 vsock_connection.cpp:224] Failed to connect:OK
webRTC(1257473)  E 10-03 23:03:12 1257473 1257627 shared_fd.cpp:301] cannot connect to 3:6900
webRTC(1257473)  E 10-03 23:03:12 1257473 1257627 vsock_connection.cpp:224] Failed to connect:OK
adb_connector(1257476)  D 10-03 23:03:13 1257476 1257482 adb_connection_maintainer.cpp:241] Watching for disconnect on 127.0.0.1:6520
adb_connector(1257476)  W 10-03 23:03:13 1257476 1257482 adb_connection_maintainer.cpp:250] transport message failed, response body: device '127.0.0.1:6520' not found
adb_connector(1257476)  D 10-03 23:03:13 1257476 1257482 adb_connection_maintainer.cpp:285] Sending adb disconnect
webRTC(1257473)  E 10-03 23:03:14 1257473 1257627 shared_fd.cpp:301] cannot connect to 3:6900
webRTC(1257473)  E 10-03 23:03:14 1257473 1257627 vsock_connection.cpp:224] Failed to connect:OK
webRTC(1257473)  E 10-03 23:03:15 1257473 1257627 shared_fd.cpp:301] cannot connect to 3:6900
webRTC(1257473)  E 10-03 23:03:15 1257473 1257627 vsock_connection.cpp:224] Failed to connect:OK
webRTC(1257473)  E 10-03 23:03:16 1257473 1257627 shared_fd.cpp:301] cannot connect to 3:6900
webRTC(1257473)  E 10-03 23:03:16 1257473 1257627 vsock_connection.cpp:224] Failed to connect:OK
webRTC(1257473)  E 10-03 23:03:17 1257473 1257627 shared_fd.cpp:301] cannot connect to 3:6900
webRTC(1257473)  E 10-03 23:03:17 1257473 1257627 vsock_connection.cpp:224] Failed to connect:OK
webRTC(1257473)  E 10-03 23:03:18 1257473 1257627 shared_fd.cpp:301] cannot connect to 3:6900
webRTC(1257473)  E 10-03 23:03:18 1257473 1257627 vsock_connection.cpp:224] Failed to connect:OK
adb_connector(1257476)  D 10-03 23:03:18 1257476 1257482 adb_connection_maintainer.cpp:223] Attempting to connect to device with address 127.0.0.1:6520
adb_connector(1257476)  D 10-03 23:03:18 1257476 1257482 adb_connection_maintainer.cpp:227] adb connect message for 127.0.0.1:6520 successfully sent
webRTC(1257473)  E 10-03 23:03:19 1257473 1257627 shared_fd.cpp:301] cannot connect to 3:6900
webRTC(1257473)  E 10-03 23:03:19 1257473 1257627 vsock_connection.cpp:224] Failed to connect:OK
webRTC(1257473)  E 10-03 23:03:20 1257473 1257627 shared_fd.cpp:301] cannot connect to 3:6900
webRTC(1257473)  E 10-03 23:03:20 1257473 1257627 vsock_connection.cpp:224] Failed to connect:OK
webRTC(1257473)  E 10-03 23:03:21 1257473 1257627 shared_fd.cpp:301] cannot connect to 3:6900
webRTC(1257473)  E 10-03 23:03:21 1257473 1257627 vsock_connection.cpp:224] Failed to connect:OK
webRTC(1257473)  E 10-03 23:03:22 1257473 1257627 shared_fd.cpp:301] cannot connect to 3:6900
webRTC(1257473)  E 10-03 23:03:22 1257473 1257627 vsock_connection.cpp:224] Failed to connect:OK
webRTC(1257473)  E 10-03 23:03:23 1257473 1257627 shared_fd.cpp:301] cannot connect to 3:6900
webRTC(1257473)  E 10-03 23:03:23 1257473 1257627 vsock_connection.cpp:224] Failed to connect:OK
adb_connector(1257476)  D 10-03 23:03:23 1257476 1257482 adb_connection_maintainer.cpp:234] adb connected to 127.0.0.1:6520
webRTC(1257473)  E 10-03 23:03:24 1257473 1257627 shared_fd.cpp:301] cannot connect to 3:6900
webRTC(1257473)  E 10-03 23:03:24 1257473 1257627 vsock_connection.cpp:224] Failed to connect:OK
webRTC(1257473)  E 10-03 23:03:25 1257473 1257627 shared_fd.cpp:301] cannot connect to 3:6900
webRTC(1257473)  E 10-03 23:03:25 1257473 1257627 vsock_connection.cpp:224] Failed to connect:OK
webRTC(1257473)  E 10-03 23:03:27 1257473 1257627 shared_fd.cpp:301] cannot connect to 3:6900
webRTC(1257473)  E 10-03 23:03:27 1257473 1257627 vsock_connection.cpp:224] Failed to connect:OK
webRTC(1257473)  E 10-03 23:03:28 1257473 1257627 shared_fd.cpp:301] cannot connect to 3:6900
webRTC(1257473)  E 10-03 23:03:28 1257473 1257627 vsock_connection.cpp:224] Failed to connect:OK
adb_connector(1257476)  D 10-03 23:03:28 1257476 1257482 adb_connection_maintainer.cpp:241] Watching for disconnect on 127.0.0.1:6520
adb_connector(1257476)  W 10-03 23:03:28 1257476 1257482 adb_connection_maintainer.cpp:250] transport message failed, response body: device '127.0.0.1:6520' not found
adb_connector(1257476)  D 10-03 23:03:28 1257476 1257482 adb_connection_maintainer.cpp:285] Sending adb disconnect
webRTC(1257473)  E 10-03 23:03:29 1257473 1257627 shared_fd.cpp:301] cannot connect to 3:6900
webRTC(1257473)  E 10-03 23:03:29 1257473 1257627 vsock_connection.cpp:224] Failed to connect:OK
webRTC(1257473)  E 10-03 23:03:30 1257473 1257627 shared_fd.cpp:301] cannot connect to 3:6900
webRTC(1257473)  E 10-03 23:03:30 1257473 1257627 vsock_connection.cpp:224] Failed to connect:OK
webRTC(1257473)  E 10-03 23:03:31 1257473 1257627 shared_fd.cpp:301] cannot connect to 3:6900
webRTC(1257473)  E 10-03 23:03:31 1257473 1257627 vsock_connection.cpp:224] Failed to connect:OK
webRTC(1257473)  E 10-03 23:03:32 1257473 1257627 shared_fd.cpp:301] cannot connect to 3:6900
webRTC(1257473)  E 10-03 23:03:32 1257473 1257627 vsock_connection.cpp:224] Failed to connect:OK
adb_connector(1257476)  D 10-03 23:03:33 1257476 1257482 adb_connection_maintainer.cpp:223] Attempting to connect to device with address 127.0.0.1:6520
adb_connector(1257476)  D 10-03 23:03:33 1257476 1257482 adb_connection_maintainer.cpp:227] adb connect message for 127.0.0.1:6520 successfully sent
webRTC(1257473)  E 10-03 23:03:33 1257473 1257627 shared_fd.cpp:301] cannot connect to 3:6900
webRTC(1257473)  E 10-03 23:03:33 1257473 1257627 vsock_connection.cpp:224] Failed to connect:OK
webRTC(1257473)  E 10-03 23:03:34 1257473 1257627 shared_fd.cpp:301] cannot connect to 3:6900
webRTC(1257473)  E 10-03 23:03:34 1257473 1257627 vsock_connection.cpp:224] Failed to connect:OK
webRTC(1257473)  E 10-03 23:03:35 1257473 1257627 shared_fd.cpp:301] cannot connect to 3:6900
webRTC(1257473)  E 10-03 23:03:35 1257473 1257627 vsock_connection.cpp:224] Failed to connect:OK
webRTC(1257473)  E 10-03 23:03:36 1257473 1257627 shared_fd.cpp:301] cannot connect to 3:6900
webRTC(1257473)  E 10-03 23:03:36 1257473 1257627 vsock_connection.cpp:224] Failed to connect:OK
webRTC(1257473)  E 10-03 23:03:37 1257473 1257627 shared_fd.cpp:301] cannot connect to 3:6900
webRTC(1257473)  E 10-03 23:03:37 1257473 1257627 vsock_connection.cpp:224] Failed to connect:OK
sensors_simulator(1257583)  D 10-03 23:03:38 1257583 1257590 channel_sharedfd.cpp:55] Received message with id: 0
adb_connector(1257476)  D 10-03 23:03:38 1257476 1257482 adb_connection_maintainer.cpp:234] adb connected to 127.0.0.1:6520
webRTC(1257473)  E 10-03 23:03:39 1257473 1257627 shared_fd.cpp:301] cannot connect to 3:6900
webRTC(1257473)  E 10-03 23:03:39 1257473 1257627 vsock_connection.cpp:224] Failed to connect:OK
sensors_simulator(1257583)  D 10-03 23:03:39 1257583 1257590 channel_sharedfd.cpp:55] Received message with id: 0
sensors_simulator(1257583)  D 10-03 23:03:39 1257583 1257590 channel_sharedfd.cpp:55] Received message with id: 0
sensors_simulator(1257583)  D 10-03 23:03:39 1257583 1257590 channel_sharedfd.cpp:55] Received message with id: 0
sensors_simulator(1257583)  D 10-03 23:03:39 1257583 1257590 channel_sharedfd.cpp:55] Received message with id: 0
sensors_simulator(1257583)  D 10-03 23:03:39 1257583 1257590 channel_sharedfd.cpp:55] Received message with id: 0
sensors_simulator(1257583)  D 10-03 23:03:39 1257583 1257590 channel_sharedfd.cpp:55] Received message with id: 0
sensors_simulator(1257583)  D 10-03 23:03:39 1257583 1257590 channel_sharedfd.cpp:55] Received message with id: 0
sensors_simulator(1257583)  D 10-03 23:03:39 1257583 1257590 channel_sharedfd.cpp:55] Received message with id: 0
sensors_simulator(1257583)  D 10-03 23:03:39 1257583 1257590 channel_sharedfd.cpp:55] Received message with id: 0
sensors_simulator(1257583)  D 10-03 23:03:39 1257583 1257590 channel_sharedfd.cpp:55] Received message with id: 0
webRTC(1257473)  E 10-03 23:03:40 1257473 1257627 shared_fd.cpp:301] cannot connect to 3:6900
webRTC(1257473)  E 10-03 23:03:40 1257473 1257627 vsock_connection.cpp:224] Failed to connect:OK
webRTC(1257473)  E 10-03 23:03:41 1257473 1257627 shared_fd.cpp:301] cannot connect to 3:6900
webRTC(1257473)  E 10-03 23:03:41 1257473 1257627 vsock_connection.cpp:224] Failed to connect:OK
webRTC(1257473)  E 10-03 23:03:42 1257473 1257627 shared_fd.cpp:301] cannot connect to 3:6900
webRTC(1257473)  E 10-03 23:03:42 1257473 1257627 vsock_connection.cpp:224] Failed to connect:OK
webRTC(1257473)  E 10-03 23:03:43 1257473 1257627 shared_fd.cpp:301] cannot connect to 3:6900
webRTC(1257473)  E 10-03 23:03:43 1257473 1257627 vsock_connection.cpp:224] Failed to connect:OK
adb_connector(1257476)  D 10-03 23:03:43 1257476 1257482 adb_connection_maintainer.cpp:241] Watching for disconnect on 127.0.0.1:6520
adb_connector(1257476)  W 10-03 23:03:43 1257476 1257482 adb_connection_maintainer.cpp:250] transport message failed, response body: device '127.0.0.1:6520' not found
adb_connector(1257476)  D 10-03 23:03:43 1257476 1257482 adb_connection_maintainer.cpp:285] Sending adb disconnect
webRTC(1257473)  E 10-03 23:03:44 1257473 1257627 shared_fd.cpp:301] cannot connect to 3:6900
webRTC(1257473)  E 10-03 23:03:44 1257473 1257627 vsock_connection.cpp:224] Failed to connect:OK
webRTC(1257473)  E 10-03 23:03:45 1257473 1257627 shared_fd.cpp:301] cannot connect to 3:6900
webRTC(1257473)  E 10-03 23:03:45 1257473 1257627 vsock_connection.cpp:224] Failed to connect:OK
webRTC(1257473)  E 10-03 23:03:46 1257473 1257627 shared_fd.cpp:301] cannot connect to 3:6900
webRTC(1257473)  E 10-03 23:03:46 1257473 1257627 vsock_connection.cpp:224] Failed to connect:OK
webRTC(1257473)  E 10-03 23:03:47 1257473 1257627 shared_fd.cpp:301] cannot connect to 3:6900
webRTC(1257473)  E 10-03 23:03:47 1257473 1257627 vsock_connection.cpp:224] Failed to connect:OK
webRTC(1257473)  E 10-03 23:03:48 1257473 1257627 shared_fd.cpp:301] cannot connect to 3:6900
webRTC(1257473)  E 10-03 23:03:48 1257473 1257627 vsock_connection.cpp:224] Failed to connect:OK
adb_connector(1257476)  D 10-03 23:03:48 1257476 1257482 adb_connection_maintainer.cpp:223] Attempting to connect to device with address 127.0.0.1:6520
adb_connector(1257476)  D 10-03 23:03:48 1257476 1257482 adb_connection_maintainer.cpp:227] adb connect message for 127.0.0.1:6520 successfully sent
webRTC(1257473)  E 10-03 23:03:49 1257473 1257627 shared_fd.cpp:301] cannot connect to 3:6900
webRTC(1257473)  E 10-03 23:03:49 1257473 1257627 vsock_connection.cpp:224] Failed to connect:OK
webRTC(1257473)  E 10-03 23:03:50 1257473 1257627 shared_fd.cpp:301] cannot connect to 3:6900
webRTC(1257473)  E 10-03 23:03:50 1257473 1257627 vsock_connection.cpp:224] Failed to connect:OK
webRTC(1257473)  E 10-03 23:03:51 1257473 1257627 shared_fd.cpp:301] cannot connect to 3:6900
webRTC(1257473)  E 10-03 23:03:51 1257473 1257627 vsock_connection.cpp:224] Failed to connect:OK
webRTC(1257473)  E 10-03 23:03:52 1257473 1257627 shared_fd.cpp:301] cannot connect to 3:6900
webRTC(1257473)  E 10-03 23:03:52 1257473 1257627 vsock_connection.cpp:224] Failed to connect:OK
adb_connector(1257476)  D 10-03 23:03:53 1257476 1257482 adb_connection_maintainer.cpp:234] adb connected to 127.0.0.1:6520
webRTC(1257473)  E 10-03 23:03:53 1257473 1257627 shared_fd.cpp:301] cannot connect to 3:6900
webRTC(1257473)  E 10-03 23:03:53 1257473 1257627 vsock_connection.cpp:224] Failed to connect:OK
webRTC(1257473)  E 10-03 23:03:54 1257473 1257627 shared_fd.cpp:301] cannot connect to 3:6900
webRTC(1257473)  E 10-03 23:03:54 1257473 1257627 vsock_connection.cpp:224] Failed to connect:OK
webRTC(1257473)  E 10-03 23:03:55 1257473 1257627 shared_fd.cpp:301] cannot connect to 3:6900
webRTC(1257473)  E 10-03 23:03:55 1257473 1257627 vsock_connection.cpp:224] Failed to connect:OK
webRTC(1257473)  E 10-03 23:03:57 1257473 1257627 shared_fd.cpp:301] cannot connect to 3:6900
webRTC(1257473)  E 10-03 23:03:57 1257473 1257627 vsock_connection.cpp:224] Failed to connect:OK
webRTC(1257473)  E 10-03 23:03:58 1257473 1257627 shared_fd.cpp:301] cannot connect to 3:6900
webRTC(1257473)  E 10-03 23:03:58 1257473 1257627 vsock_connection.cpp:224] Failed to connect:OK
adb_connector(1257476)  D 10-03 23:03:58 1257476 1257482 adb_connection_maintainer.cpp:241] Watching for disconnect on 127.0.0.1:6520
adb_connector(1257476)  W 10-03 23:03:58 1257476 1257482 adb_connection_maintainer.cpp:250] transport message failed, response body: device '127.0.0.1:6520' not found
adb_connector(1257476)  D 10-03 23:03:58 1257476 1257482 adb_connection_maintainer.cpp:285] Sending adb disconnect
webRTC(1257473)  E 10-03 23:03:59 1257473 1257627 shared_fd.cpp:301] cannot connect to 3:6900
webRTC(1257473)  E 10-03 23:03:59 1257473 1257627 vsock_connection.cpp:224] Failed to connect:OK
webRTC(1257473)  E 10-03 23:04:00 1257473 1257627 shared_fd.cpp:301] cannot connect to 3:6900
webRTC(1257473)  E 10-03 23:04:00 1257473 1257627 vsock_connection.cpp:224] Failed to connect:OK
webRTC(1257473)  E 10-03 23:04:01 1257473 1257627 shared_fd.cpp:301] cannot connect to 3:6900
webRTC(1257473)  E 10-03 23:04:01 1257473 1257627 vsock_connection.cpp:224] Failed to connect:OK
webRTC(1257473)  E 10-03 23:04:02 1257473 1257627 shared_fd.cpp:301] cannot connect to 3:6900
webRTC(1257473)  E 10-03 23:04:02 1257473 1257627 vsock_connection.cpp:224] Failed to connect:OK
webRTC(1257473)  E 10-03 23:04:03 1257473 1257627 shared_fd.cpp:301] cannot connect to 3:6900
webRTC(1257473)  E 10-03 23:04:03 1257473 1257627 vsock_connection.cpp:224] Failed to connect:OK
adb_connector(1257476)  D 10-03 23:04:03 1257476 1257482 adb_connection_maintainer.cpp:223] Attempting to connect to device with address 127.0.0.1:6520
adb_connector(1257476)  D 10-03 23:04:03 1257476 1257482 adb_connection_maintainer.cpp:227] adb connect message for 127.0.0.1:6520 successfully sent
webRTC(1257473)  E 10-03 23:04:04 1257473 1257627 shared_fd.cpp:301] cannot connect to 3:6900
webRTC(1257473)  E 10-03 23:04:04 1257473 1257627 vsock_connection.cpp:224] Failed to connect:OK
webRTC(1257473)  E 10-03 23:04:05 1257473 1257627 shared_fd.cpp:301] cannot connect to 3:6900
webRTC(1257473)  E 10-03 23:04:05 1257473 1257627 vsock_connection.cpp:224] Failed to connect:OK
webRTC(1257473)  E 10-03 23:04:06 1257473 1257627 shared_fd.cpp:301] cannot connect to 3:6900
webRTC(1257473)  E 10-03 23:04:06 1257473 1257627 vsock_connection.cpp:224] Failed to connect:OK
webRTC(1257473)  E 10-03 23:04:07 1257473 1257627 shared_fd.cpp:301] cannot connect to 3:6900
webRTC(1257473)  E 10-03 23:04:07 1257473 1257627 vsock_connection.cpp:224] Failed to connect:OK
adb_connector(1257476)  D 10-03 23:04:08 1257476 1257482 adb_connection_maintainer.cpp:234] adb connected to 127.0.0.1:6520
webRTC(1257473)  E 10-03 23:04:08 1257473 1257627 shared_fd.cpp:301] cannot connect to 3:6900
webRTC(1257473)  E 10-03 23:04:08 1257473 1257627 vsock_connection.cpp:224] Failed to connect:OK
webRTC(1257473)  E 10-03 23:04:09 1257473 1257627 shared_fd.cpp:301] cannot connect to 3:6900
webRTC(1257473)  E 10-03 23:04:09 1257473 1257627 vsock_connection.cpp:224] Failed to connect:OK
webRTC(1257473)  E 10-03 23:04:10 1257473 1257627 shared_fd.cpp:301] cannot connect to 3:6900
webRTC(1257473)  E 10-03 23:04:10 1257473 1257627 vsock_connection.cpp:224] Failed to connect:OK
webRTC(1257473)  E 10-03 23:04:11 1257473 1257627 shared_fd.cpp:301] cannot connect to 3:6900
webRTC(1257473)  E 10-03 23:04:11 1257473 1257627 vsock_connection.cpp:224] Failed to connect:OK
webRTC(1257473)  E 10-03 23:04:12 1257473 1257627 shared_fd.cpp:301] cannot connect to 3:6900
webRTC(1257473)  E 10-03 23:04:12 1257473 1257627 vsock_connection.cpp:224] Failed to connect:OK
adb_connector(1257476)  D 10-03 23:04:13 1257476 1257482 adb_connection_maintainer.cpp:241] Watching for disconnect on 127.0.0.1:6520
adb_connector(1257476)  W 10-03 23:04:13 1257476 1257482 adb_connection_maintainer.cpp:250] transport message failed, response body: device '127.0.0.1:6520' not found
adb_connector(1257476)  D 10-03 23:04:13 1257476 1257482 adb_connection_maintainer.cpp:285] Sending adb disconnect
webRTC(1257473)  E 10-03 23:04:14 1257473 1257627 shared_fd.cpp:301] cannot connect to 3:6900
webRTC(1257473)  E 10-03 23:04:14 1257473 1257627 vsock_connection.cpp:224] Failed to connect:OK
webRTC(1257473)  E 10-03 23:04:15 1257473 1257627 shared_fd.cpp:301] cannot connect to 3:6900
webRTC(1257473)  E 10-03 23:04:15 1257473 1257627 vsock_connection.cpp:224] Failed to connect:OK
webRTC(1257473)  E 10-03 23:04:16 1257473 1257627 shared_fd.cpp:301] cannot connect to 3:6900
webRTC(1257473)  E 10-03 23:04:16 1257473 1257627 vsock_connection.cpp:224] Failed to connect:OK
webRTC(1257473)  E 10-03 23:04:17 1257473 1257627 shared_fd.cpp:301] cannot connect to 3:6900
webRTC(1257473)  E 10-03 23:04:17 1257473 1257627 vsock_connection.cpp:224] Failed to connect:OK
webRTC(1257473)  E 10-03 23:04:18 1257473 1257627 shared_fd.cpp:301] cannot connect to 3:6900
webRTC(1257473)  E 10-03 23:04:18 1257473 1257627 vsock_connection.cpp:224] Failed to connect:OK
adb_connector(1257476)  D 10-03 23:04:18 1257476 1257482 adb_connection_maintainer.cpp:223] Attempting to connect to device with address 127.0.0.1:6520
adb_connector(1257476)  D 10-03 23:04:18 1257476 1257482 adb_connection_maintainer.cpp:227] adb connect message for 127.0.0.1:6520 successfully sent
webRTC(1257473)  E 10-03 23:04:19 1257473 1257627 shared_fd.cpp:301] cannot connect to 3:6900
webRTC(1257473)  E 10-03 23:04:19 1257473 1257627 vsock_connection.cpp:224] Failed to connect:OK
webRTC(1257473)  E 10-03 23:04:20 1257473 1257627 shared_fd.cpp:301] cannot connect to 3:6900
webRTC(1257473)  E 10-03 23:04:20 1257473 1257627 vsock_connection.cpp:224] Failed to connect:OK
webRTC(1257473)  E 10-03 23:04:21 1257473 1257627 shared_fd.cpp:301] cannot connect to 3:6900
webRTC(1257473)  E 10-03 23:04:21 1257473 1257627 vsock_connection.cpp:224] Failed to connect:OK
webRTC(1257473)  E 10-03 23:04:22 1257473 1257627 shared_fd.cpp:301] cannot connect to 3:6900
webRTC(1257473)  E 10-03 23:04:22 1257473 1257627 vsock_connection.cpp:224] Failed to connect:OK
webRTC(1257473)  E 10-03 23:04:23 1257473 1257627 shared_fd.cpp:301] cannot connect to 3:6900
webRTC(1257473)  E 10-03 23:04:23 1257473 1257627 vsock_connection.cpp:224] Failed to connect:OK
adb_connector(1257476)  D 10-03 23:04:23 1257476 1257482 adb_connection_maintainer.cpp:234] adb connected to 127.0.0.1:6520
webRTC(1257473)  E 10-03 23:04:24 1257473 1257627 shared_fd.cpp:301] cannot connect to 3:6900
webRTC(1257473)  E 10-03 23:04:24 1257473 1257627 vsock_connection.cpp:224] Failed to connect:OK
webRTC(1257473)  E 10-03 23:04:25 1257473 1257627 shared_fd.cpp:301] cannot connect to 3:6900
webRTC(1257473)  E 10-03 23:04:25 1257473 1257627 vsock_connection.cpp:224] Failed to connect:OK
webRTC(1257473)  E 10-03 23:04:26 1257473 1257627 shared_fd.cpp:301] cannot connect to 3:6900
webRTC(1257473)  E 10-03 23:04:26 1257473 1257627 vsock_connection.cpp:224] Failed to connect:OK
webRTC(1257473)  E 10-03 23:04:27 1257473 1257627 shared_fd.cpp:301] cannot connect to 3:6900
webRTC(1257473)  E 10-03 23:04:27 1257473 1257627 vsock_connection.cpp:224] Failed to connect:OK
webRTC(1257473)  E 10-03 23:04:28 1257473 1257627 shared_fd.cpp:301] cannot connect to 3:6900
webRTC(1257473)  E 10-03 23:04:28 1257473 1257627 vsock_connection.cpp:224] Failed to connect:OK
adb_connector(1257476)  D 10-03 23:04:28 1257476 1257482 adb_connection_maintainer.cpp:241] Watching for disconnect on 127.0.0.1:6520
adb_connector(1257476)  W 10-03 23:04:28 1257476 1257482 adb_connection_maintainer.cpp:250] transport message failed, response body: device '127.0.0.1:6520' not found
adb_connector(1257476)  D 10-03 23:04:28 1257476 1257482 adb_connection_maintainer.cpp:285] Sending adb disconnect
webRTC(1257473)  E 10-03 23:04:29 1257473 1257627 shared_fd.cpp:301] cannot connect to 3:6900
webRTC(1257473)  E 10-03 23:04:29 1257473 1257627 vsock_connection.cpp:224] Failed to connect:OK
webRTC(1257473)  E 10-03 23:04:30 1257473 1257627 shared_fd.cpp:301] cannot connect to 3:6900
webRTC(1257473)  E 10-03 23:04:30 1257473 1257627 vsock_connection.cpp:224] Failed to connect:OK
webRTC(1257473)  E 10-03 23:04:31 1257473 1257627 shared_fd.cpp:301] cannot connect to 3:6900
webRTC(1257473)  E 10-03 23:04:31 1257473 1257627 vsock_connection.cpp:224] Failed to connect:OK
webRTC(1257473)  E 10-03 23:04:32 1257473 1257627 shared_fd.cpp:301] cannot connect to 3:6900
webRTC(1257473)  E 10-03 23:04:32 1257473 1257627 vsock_connection.cpp:224] Failed to connect:OK
adb_connector(1257476)  D 10-03 23:04:33 1257476 1257482 adb_connection_maintainer.cpp:223] Attempting to connect to device with address 127.0.0.1:6520
adb_connector(1257476)  D 10-03 23:04:33 1257476 1257482 adb_connection_maintainer.cpp:227] adb connect message for 127.0.0.1:6520 successfully sent
webRTC(1257473)  E 10-03 23:04:34 1257473 1257627 shared_fd.cpp:301] cannot connect to 3:6900
webRTC(1257473)  E 10-03 23:04:34 1257473 1257627 vsock_connection.cpp:224] Failed to connect:OK
webRTC(1257473)  E 10-03 23:04:35 1257473 1257627 shared_fd.cpp:301] cannot connect to 3:6900
webRTC(1257473)  E 10-03 23:04:35 1257473 1257627 vsock_connection.cpp:224] Failed to connect:OK
webRTC(1257473)  E 10-03 23:04:36 1257473 1257627 shared_fd.cpp:301] cannot connect to 3:6900
webRTC(1257473)  E 10-03 23:04:36 1257473 1257627 vsock_connection.cpp:224] Failed to connect:OK
webRTC(1257473)  E 10-03 23:04:37 1257473 1257627 shared_fd.cpp:301] cannot connect to 3:6900
webRTC(1257473)  E 10-03 23:04:37 1257473 1257627 vsock_connection.cpp:224] Failed to connect:OK
webRTC(1257473)  E 10-03 23:04:38 1257473 1257627 shared_fd.cpp:301] cannot connect to 3:6900
webRTC(1257473)  E 10-03 23:04:38 1257473 1257627 vsock_connection.cpp:224] Failed to connect:OK
adb_connector(1257476)  D 10-03 23:04:38 1257476 1257482 adb_connection_maintainer.cpp:234] adb connected to 127.0.0.1:6520
webRTC(1257473)  E 10-03 23:04:39 1257473 1257627 shared_fd.cpp:301] cannot connect to 3:6900
webRTC(1257473)  E 10-03 23:04:39 1257473 1257627 vsock_connection.cpp:224] Failed to connect:OK
webRTC(1257473)  E 10-03 23:04:40 1257473 1257627 shared_fd.cpp:301] cannot connect to 3:6900
webRTC(1257473)  E 10-03 23:04:40 1257473 1257627 vsock_connection.cpp:224] Failed to connect:OK
webRTC(1257473)  E 10-03 23:04:41 1257473 1257627 shared_fd.cpp:301] cannot connect to 3:6900
webRTC(1257473)  E 10-03 23:04:41 1257473 1257627 vsock_connection.cpp:224] Failed to connect:OK
webRTC(1257473)  E 10-03 23:04:42 1257473 1257627 shared_fd.cpp:301] cannot connect to 3:6900
webRTC(1257473)  E 10-03 23:04:42 1257473 1257627 vsock_connection.cpp:224] Failed to connect:OK
webRTC(1257473)  E 10-03 23:04:43 1257473 1257627 shared_fd.cpp:301] cannot connect to 3:6900
webRTC(1257473)  E 10-03 23:04:43 1257473 1257627 vsock_connection.cpp:224] Failed to connect:OK
adb_connector(1257476)  D 10-03 23:04:43 1257476 1257482 adb_connection_maintainer.cpp:241] Watching for disconnect on 127.0.0.1:6520
adb_connector(1257476)  W 10-03 23:04:43 1257476 1257482 adb_connection_maintainer.cpp:250] transport message failed, response body: device '127.0.0.1:6520' not found
adb_connector(1257476)  D 10-03 23:04:43 1257476 1257482 adb_connection_maintainer.cpp:285] Sending adb disconnect
webRTC(1257473)  E 10-03 23:04:44 1257473 1257627 shared_fd.cpp:301] cannot connect to 3:6900
webRTC(1257473)  E 10-03 23:04:44 1257473 1257627 vsock_connection.cpp:224] Failed to connect:OK
webRTC(1257473)  E 10-03 23:04:45 1257473 1257627 shared_fd.cpp:301] cannot connect to 3:6900
webRTC(1257473)  E 10-03 23:04:45 1257473 1257627 vsock_connection.cpp:224] Failed to connect:OK
webRTC(1257473)  E 10-03 23:04:46 1257473 1257627 shared_fd.cpp:301] cannot connect to 3:6900
webRTC(1257473)  E 10-03 23:04:46 1257473 1257627 vsock_connection.cpp:224] Failed to connect:OK
webRTC(1257473)  E 10-03 23:04:48 1257473 1257627 shared_fd.cpp:301] cannot connect to 3:6900
webRTC(1257473)  E 10-03 23:04:48 1257473 1257627 vsock_connection.cpp:224] Failed to connect:OK
adb_connector(1257476)  D 10-03 23:04:48 1257476 1257482 adb_connection_maintainer.cpp:223] Attempting to connect to device with address 127.0.0.1:6520
adb_connector(1257476)  D 10-03 23:04:48 1257476 1257482 adb_connection_maintainer.cpp:227] adb connect message for 127.0.0.1:6520 successfully sent
webRTC(1257473)  E 10-03 23:04:49 1257473 1257627 shared_fd.cpp:301] cannot connect to 3:6900
webRTC(1257473)  E 10-03 23:04:49 1257473 1257627 vsock_connection.cpp:224] Failed to connect:OK
webRTC(1257473)  E 10-03 23:04:50 1257473 1257627 shared_fd.cpp:301] cannot connect to 3:6900
webRTC(1257473)  E 10-03 23:04:50 1257473 1257627 vsock_connection.cpp:224] Failed to connect:OK
webRTC(1257473)  E 10-03 23:04:51 1257473 1257627 shared_fd.cpp:301] cannot connect to 3:6900
webRTC(1257473)  E 10-03 23:04:51 1257473 1257627 vsock_connection.cpp:224] Failed to connect:OK
webRTC(1257473)  E 10-03 23:04:52 1257473 1257627 shared_fd.cpp:301] cannot connect to 3:6900
webRTC(1257473)  E 10-03 23:04:52 1257473 1257627 vsock_connection.cpp:224] Failed to connect:OK
webRTC(1257473)  E 10-03 23:04:53 1257473 1257627 shared_fd.cpp:301] cannot connect to 3:6900
webRTC(1257473)  E 10-03 23:04:53 1257473 1257627 vsock_connection.cpp:224] Failed to connect:OK
adb_connector(1257476)  D 10-03 23:04:53 1257476 1257482 adb_connection_maintainer.cpp:234] adb connected to 127.0.0.1:6520
webRTC(1257473)  E 10-03 23:04:54 1257473 1257627 shared_fd.cpp:301] cannot connect to 3:6900
webRTC(1257473)  E 10-03 23:04:54 1257473 1257627 vsock_connection.cpp:224] Failed to connect:OK
webRTC(1257473)  E 10-03 23:04:55 1257473 1257627 shared_fd.cpp:301] cannot connect to 3:6900
webRTC(1257473)  E 10-03 23:04:55 1257473 1257627 vsock_connection.cpp:224] Failed to connect:OK
webRTC(1257473)  E 10-03 23:04:56 1257473 1257627 shared_fd.cpp:301] cannot connect to 3:6900
webRTC(1257473)  E 10-03 23:04:56 1257473 1257627 vsock_connection.cpp:224] Failed to connect:OK
webRTC(1257473)  E 10-03 23:04:57 1257473 1257627 shared_fd.cpp:301] cannot connect to 3:6900
webRTC(1257473)  E 10-03 23:04:57 1257473 1257627 vsock_connection.cpp:224] Failed to connect:OK
adb_connector(1257476)  D 10-03 23:04:58 1257476 1257482 adb_connection_maintainer.cpp:241] Watching for disconnect on 127.0.0.1:6520
adb_connector(1257476)  W 10-03 23:04:58 1257476 1257482 adb_connection_maintainer.cpp:250] transport message failed, response body: device '127.0.0.1:6520' not found
adb_connector(1257476)  D 10-03 23:04:58 1257476 1257482 adb_connection_maintainer.cpp:285] Sending adb disconnect
webRTC(1257473)  E 10-03 23:04:58 1257473 1257627 shared_fd.cpp:301] cannot connect to 3:6900
webRTC(1257473)  E 10-03 23:04:58 1257473 1257627 vsock_connection.cpp:224] Failed to connect:OK
webRTC(1257473)  E 10-03 23:04:59 1257473 1257627 shared_fd.cpp:301] cannot connect to 3:6900
webRTC(1257473)  E 10-03 23:04:59 1257473 1257627 vsock_connection.cpp:224] Failed to connect:OK
webRTC(1257473)  E 10-03 23:05:00 1257473 1257627 shared_fd.cpp:301] cannot connect to 3:6900
webRTC(1257473)  E 10-03 23:05:00 1257473 1257627 vsock_connection.cpp:224] Failed to connect:OK
webRTC(1257473)  E 10-03 23:05:02 1257473 1257627 shared_fd.cpp:301] cannot connect to 3:6900
webRTC(1257473)  E 10-03 23:05:02 1257473 1257627 vsock_connection.cpp:224] Failed to connect:OK
webRTC(1257473)  E 10-03 23:05:03 1257473 1257627 shared_fd.cpp:301] cannot connect to 3:6900
webRTC(1257473)  E 10-03 23:05:03 1257473 1257627 vsock_connection.cpp:224] Failed to connect:OK
adb_connector(1257476)  D 10-03 23:05:03 1257476 1257482 adb_connection_maintainer.cpp:223] Attempting to connect to device with address 127.0.0.1:6520
adb_connector(1257476)  D 10-03 23:05:03 1257476 1257482 adb_connection_maintainer.cpp:227] adb connect message for 127.0.0.1:6520 successfully sent
webRTC(1257473)  E 10-03 23:05:04 1257473 1257627 shared_fd.cpp:301] cannot connect to 3:6900
webRTC(1257473)  E 10-03 23:05:04 1257473 1257627 vsock_connection.cpp:224] Failed to connect:OK
webRTC(1257473)  E 10-03 23:05:05 1257473 1257627 shared_fd.cpp:301] cannot connect to 3:6900
webRTC(1257473)  E 10-03 23:05:05 1257473 1257627 vsock_connection.cpp:224] Failed to connect:OK
webRTC(1257473)  E 10-03 23:05:06 1257473 1257627 shared_fd.cpp:301] cannot connect to 3:6900
webRTC(1257473)  E 10-03 23:05:06 1257473 1257627 vsock_connection.cpp:224] Failed to connect:OK
webRTC(1257473)  E 10-03 23:05:07 1257473 1257627 shared_fd.cpp:301] cannot connect to 3:6900
webRTC(1257473)  E 10-03 23:05:07 1257473 1257627 vsock_connection.cpp:224] Failed to connect:OK
webRTC(1257473)  E 10-03 23:05:08 1257473 1257627 shared_fd.cpp:301] cannot connect to 3:6900
webRTC(1257473)  E 10-03 23:05:08 1257473 1257627 vsock_connection.cpp:224] Failed to connect:OK
adb_connector(1257476)  D 10-03 23:05:08 1257476 1257482 adb_connection_maintainer.cpp:234] adb connected to 127.0.0.1:6520
webRTC(1257473)  E 10-03 23:05:09 1257473 1257627 shared_fd.cpp:301] cannot connect to 3:6900
webRTC(1257473)  E 10-03 23:05:09 1257473 1257627 vsock_connection.cpp:224] Failed to connect:OK
webRTC(1257473)  E 10-03 23:05:10 1257473 1257627 shared_fd.cpp:301] cannot connect to 3:6900
webRTC(1257473)  E 10-03 23:05:10 1257473 1257627 vsock_connection.cpp:224] Failed to connect:OK
webRTC(1257473)  E 10-03 23:05:11 1257473 1257627 shared_fd.cpp:301] cannot connect to 3:6900
webRTC(1257473)  E 10-03 23:05:11 1257473 1257627 vsock_connection.cpp:224] Failed to connect:OK
webRTC(1257473)  E 10-03 23:05:12 1257473 1257627 shared_fd.cpp:301] cannot connect to 3:6900
webRTC(1257473)  E 10-03 23:05:12 1257473 1257627 vsock_connection.cpp:224] Failed to connect:OK
adb_connector(1257476)  D 10-03 23:05:13 1257476 1257482 adb_connection_maintainer.cpp:241] Watching for disconnect on 127.0.0.1:6520
adb_connector(1257476)  W 10-03 23:05:13 1257476 1257482 adb_connection_maintainer.cpp:250] transport message failed, response body: device '127.0.0.1:6520' not found
adb_connector(1257476)  D 10-03 23:05:13 1257476 1257482 adb_connection_maintainer.cpp:285] Sending adb disconnect
webRTC(1257473)  E 10-03 23:05:13 1257473 1257627 shared_fd.cpp:301] cannot connect to 3:6900
webRTC(1257473)  E 10-03 23:05:13 1257473 1257627 vsock_connection.cpp:224] Failed to connect:OK
webRTC(1257473)  E 10-03 23:05:14 1257473 1257627 shared_fd.cpp:301] cannot connect to 3:6900
webRTC(1257473)  E 10-03 23:05:14 1257473 1257627 vsock_connection.cpp:224] Failed to connect:OK
webRTC(1257473)  E 10-03 23:05:15 1257473 1257627 shared_fd.cpp:301] cannot connect to 3:6900
webRTC(1257473)  E 10-03 23:05:15 1257473 1257627 vsock_connection.cpp:224] Failed to connect:OK
webRTC(1257473)  E 10-03 23:05:17 1257473 1257627 shared_fd.cpp:301] cannot connect to 3:6900
webRTC(1257473)  E 10-03 23:05:17 1257473 1257627 vsock_connection.cpp:224] Failed to connect:OK
webRTC(1257473)  E 10-03 23:05:18 1257473 1257627 shared_fd.cpp:301] cannot connect to 3:6900
webRTC(1257473)  E 10-03 23:05:18 1257473 1257627 vsock_connection.cpp:224] Failed to connect:OK
adb_connector(1257476)  D 10-03 23:05:18 1257476 1257482 adb_connection_maintainer.cpp:223] Attempting to connect to device with address 127.0.0.1:6520
adb_connector(1257476)  D 10-03 23:05:18 1257476 1257482 adb_connection_maintainer.cpp:227] adb connect message for 127.0.0.1:6520 successfully sent
webRTC(1257473)  E 10-03 23:05:19 1257473 1257627 shared_fd.cpp:301] cannot connect to 3:6900
webRTC(1257473)  E 10-03 23:05:19 1257473 1257627 vsock_connection.cpp:224] Failed to connect:OK
webRTC(1257473)  E 10-03 23:05:20 1257473 1257627 shared_fd.cpp:301] cannot connect to 3:6900
webRTC(1257473)  E 10-03 23:05:20 1257473 1257627 vsock_connection.cpp:224] Failed to connect:OK
webRTC(1257473)  E 10-03 23:05:21 1257473 1257627 shared_fd.cpp:301] cannot connect to 3:6900
webRTC(1257473)  E 10-03 23:05:21 1257473 1257627 vsock_connection.cpp:224] Failed to connect:OK
webRTC(1257473)  E 10-03 23:05:22 1257473 1257627 shared_fd.cpp:301] cannot connect to 3:6900
webRTC(1257473)  E 10-03 23:05:22 1257473 1257627 vsock_connection.cpp:224] Failed to connect:OK
webRTC(1257473)  E 10-03 23:05:23 1257473 1257627 shared_fd.cpp:301] cannot connect to 3:6900
webRTC(1257473)  E 10-03 23:05:23 1257473 1257627 vsock_connection.cpp:224] Failed to connect:OK
adb_connector(1257476)  D 10-03 23:05:23 1257476 1257482 adb_connection_maintainer.cpp:234] adb connected to 127.0.0.1:6520
webRTC(1257473)  E 10-03 23:05:24 1257473 1257627 shared_fd.cpp:301] cannot connect to 3:6900
webRTC(1257473)  E 10-03 23:05:24 1257473 1257627 vsock_connection.cpp:224] Failed to connect:OK
webRTC(1257473)  E 10-03 23:05:25 1257473 1257627 shared_fd.cpp:301] cannot connect to 3:6900
webRTC(1257473)  E 10-03 23:05:25 1257473 1257627 vsock_connection.cpp:224] Failed to connect:OK
webRTC(1257473)  E 10-03 23:05:27 1257473 1257627 shared_fd.cpp:301] cannot connect to 3:6900
webRTC(1257473)  E 10-03 23:05:27 1257473 1257627 vsock_connection.cpp:224] Failed to connect:OK
webRTC(1257473)  E 10-03 23:05:28 1257473 1257627 shared_fd.cpp:301] cannot connect to 3:6900
webRTC(1257473)  E 10-03 23:05:28 1257473 1257627 vsock_connection.cpp:224] Failed to connect:OK
adb_connector(1257476)  D 10-03 23:05:28 1257476 1257482 adb_connection_maintainer.cpp:241] Watching for disconnect on 127.0.0.1:6520
adb_connector(1257476)  W 10-03 23:05:28 1257476 1257482 adb_connection_maintainer.cpp:250] transport message failed, response body: device '127.0.0.1:6520' not found
adb_connector(1257476)  D 10-03 23:05:28 1257476 1257482 adb_connection_maintainer.cpp:285] Sending adb disconnect
webRTC(1257473)  E 10-03 23:05:29 1257473 1257627 shared_fd.cpp:301] cannot connect to 3:6900
webRTC(1257473)  E 10-03 23:05:29 1257473 1257627 vsock_connection.cpp:224] Failed to connect:OK
webRTC(1257473)  E 10-03 23:05:30 1257473 1257627 shared_fd.cpp:301] cannot connect to 3:6900
webRTC(1257473)  E 10-03 23:05:30 1257473 1257627 vsock_connection.cpp:224] Failed to connect:OK
webRTC(1257473)  E 10-03 23:05:31 1257473 1257627 shared_fd.cpp:301] cannot connect to 3:6900
webRTC(1257473)  E 10-03 23:05:31 1257473 1257627 vsock_connection.cpp:224] Failed to connect:OK
webRTC(1257473)  E 10-03 23:05:32 1257473 1257627 shared_fd.cpp:301] cannot connect to 3:6900
webRTC(1257473)  E 10-03 23:05:32 1257473 1257627 vsock_connection.cpp:224] Failed to connect:OK
webRTC(1257473)  E 10-03 23:05:33 1257473 1257627 shared_fd.cpp:301] cannot connect to 3:6900
webRTC(1257473)  E 10-03 23:05:33 1257473 1257627 vsock_connection.cpp:224] Failed to connect:OK
adb_connector(1257476)  D 10-03 23:05:33 1257476 1257482 adb_connection_maintainer.cpp:223] Attempting to connect to device with address 127.0.0.1:6520
adb_connector(1257476)  D 10-03 23:05:33 1257476 1257482 adb_connection_maintainer.cpp:227] adb connect message for 127.0.0.1:6520 successfully sent
webRTC(1257473)  E 10-03 23:05:34 1257473 1257627 shared_fd.cpp:301] cannot connect to 3:6900
webRTC(1257473)  E 10-03 23:05:34 1257473 1257627 vsock_connection.cpp:224] Failed to connect:OK
webRTC(1257473)  E 10-03 23:05:35 1257473 1257627 shared_fd.cpp:301] cannot connect to 3:6900
webRTC(1257473)  E 10-03 23:05:35 1257473 1257627 vsock_connection.cpp:224] Failed to connect:OK
webRTC(1257473)  E 10-03 23:05:36 1257473 1257627 shared_fd.cpp:301] cannot connect to 3:6900
webRTC(1257473)  E 10-03 23:05:36 1257473 1257627 vsock_connection.cpp:224] Failed to connect:OK
webRTC(1257473)  E 10-03 23:05:37 1257473 1257627 shared_fd.cpp:301] cannot connect to 3:6900
webRTC(1257473)  E 10-03 23:05:37 1257473 1257627 vsock_connection.cpp:224] Failed to connect:OK
webRTC(1257473)  E 10-03 23:05:38 1257473 1257627 shared_fd.cpp:301] cannot connect to 3:6900
webRTC(1257473)  E 10-03 23:05:38 1257473 1257627 vsock_connection.cpp:224] Failed to connect:OK
adb_connector(1257476)  D 10-03 23:05:38 1257476 1257482 adb_connection_maintainer.cpp:234] adb connected to 127.0.0.1:6520
webRTC(1257473)  E 10-03 23:05:39 1257473 1257627 shared_fd.cpp:301] cannot connect to 3:6900
webRTC(1257473)  E 10-03 23:05:39 1257473 1257627 vsock_connection.cpp:224] Failed to connect:OK
webRTC(1257473)  E 10-03 23:05:40 1257473 1257627 shared_fd.cpp:301] cannot connect to 3:6900
webRTC(1257473)  E 10-03 23:05:40 1257473 1257627 vsock_connection.cpp:224] Failed to connect:OK
webRTC(1257473)  E 10-03 23:05:41 1257473 1257627 shared_fd.cpp:301] cannot connect to 3:6900
webRTC(1257473)  E 10-03 23:05:41 1257473 1257627 vsock_connection.cpp:224] Failed to connect:OK
webRTC(1257473)  E 10-03 23:05:42 1257473 1257627 shared_fd.cpp:301] cannot connect to 3:6900
webRTC(1257473)  E 10-03 23:05:42 1257473 1257627 vsock_connection.cpp:224] Failed to connect:OK
adb_connector(1257476)  D 10-03 23:05:43 1257476 1257482 adb_connection_maintainer.cpp:241] Watching for disconnect on 127.0.0.1:6520
adb_connector(1257476)  W 10-03 23:05:43 1257476 1257482 adb_connection_maintainer.cpp:250] transport message failed, response body: device '127.0.0.1:6520' not found
adb_connector(1257476)  D 10-03 23:05:43 1257476 1257482 adb_connection_maintainer.cpp:285] Sending adb disconnect
webRTC(1257473)  E 10-03 23:05:43 1257473 1257627 shared_fd.cpp:301] cannot connect to 3:6900
webRTC(1257473)  E 10-03 23:05:43 1257473 1257627 vsock_connection.cpp:224] Failed to connect:OK
webRTC(1257473)  E 10-03 23:05:44 1257473 1257627 shared_fd.cpp:301] cannot connect to 3:6900
webRTC(1257473)  E 10-03 23:05:44 1257473 1257627 vsock_connection.cpp:224] Failed to connect:OK
webRTC(1257473)  E 10-03 23:05:46 1257473 1257627 shared_fd.cpp:301] cannot connect to 3:6900
webRTC(1257473)  E 10-03 23:05:46 1257473 1257627 vsock_connection.cpp:224] Failed to connect:OK
webRTC(1257473)  E 10-03 23:05:47 1257473 1257627 shared_fd.cpp:301] cannot connect to 3:6900
webRTC(1257473)  E 10-03 23:05:47 1257473 1257627 vsock_connection.cpp:224] Failed to connect:OK
webRTC(1257473)  E 10-03 23:05:48 1257473 1257627 shared_fd.cpp:301] cannot connect to 3:6900
webRTC(1257473)  E 10-03 23:05:48 1257473 1257627 vsock_connection.cpp:224] Failed to connect:OK
adb_connector(1257476)  D 10-03 23:05:48 1257476 1257482 adb_connection_maintainer.cpp:223] Attempting to connect to device with address 127.0.0.1:6520
adb_connector(1257476)  D 10-03 23:05:48 1257476 1257482 adb_connection_maintainer.cpp:227] adb connect message for 127.0.0.1:6520 successfully sent
webRTC(1257473)  E 10-03 23:05:49 1257473 1257627 shared_fd.cpp:301] cannot connect to 3:6900
webRTC(1257473)  E 10-03 23:05:49 1257473 1257627 vsock_connection.cpp:224] Failed to connect:OK
webRTC(1257473)  E 10-03 23:05:50 1257473 1257627 shared_fd.cpp:301] cannot connect to 3:6900
webRTC(1257473)  E 10-03 23:05:50 1257473 1257627 vsock_connection.cpp:224] Failed to connect:OK
webRTC(1257473)  E 10-03 23:05:51 1257473 1257627 shared_fd.cpp:301] cannot connect to 3:6900
webRTC(1257473)  E 10-03 23:05:51 1257473 1257627 vsock_connection.cpp:224] Failed to connect:OK
webRTC(1257473)  E 10-03 23:05:52 1257473 1257627 shared_fd.cpp:301] cannot connect to 3:6900
webRTC(1257473)  E 10-03 23:05:52 1257473 1257627 vsock_connection.cpp:224] Failed to connect:OK
webRTC(1257473)  E 10-03 23:05:53 1257473 1257627 shared_fd.cpp:301] cannot connect to 3:6900
webRTC(1257473)  E 10-03 23:05:53 1257473 1257627 vsock_connection.cpp:224] Failed to connect:OK
adb_connector(1257476)  D 10-03 23:05:53 1257476 1257482 adb_connection_maintainer.cpp:234] adb connected to 127.0.0.1:6520
webRTC(1257473)  E 10-03 23:05:54 1257473 1257627 shared_fd.cpp:301] cannot connect to 3:6900
webRTC(1257473)  E 10-03 23:05:54 1257473 1257627 vsock_connection.cpp:224] Failed to connect:OK
webRTC(1257473)  E 10-03 23:05:55 1257473 1257627 shared_fd.cpp:301] cannot connect to 3:6900
webRTC(1257473)  E 10-03 23:05:55 1257473 1257627 vsock_connection.cpp:224] Failed to connect:OK
webRTC(1257473)  E 10-03 23:05:56 1257473 1257627 shared_fd.cpp:301] cannot connect to 3:6900
webRTC(1257473)  E 10-03 23:05:56 1257473 1257627 vsock_connection.cpp:224] Failed to connect:OK
webRTC(1257473)  E 10-03 23:05:57 1257473 1257627 shared_fd.cpp:301] cannot connect to 3:6900
webRTC(1257473)  E 10-03 23:05:57 1257473 1257627 vsock_connection.cpp:224] Failed to connect:OK
webRTC(1257473)  E 10-03 23:05:58 1257473 1257627 shared_fd.cpp:301] cannot connect to 3:6900
webRTC(1257473)  E 10-03 23:05:58 1257473 1257627 vsock_connection.cpp:224] Failed to connect:OK
adb_connector(1257476)  D 10-03 23:05:58 1257476 1257482 adb_connection_maintainer.cpp:241] Watching for disconnect on 127.0.0.1:6520
adb_connector(1257476)  W 10-03 23:05:58 1257476 1257482 adb_connection_maintainer.cpp:250] transport message failed, response body: device '127.0.0.1:6520' not found
adb_connector(1257476)  D 10-03 23:05:58 1257476 1257482 adb_connection_maintainer.cpp:285] Sending adb disconnect
webRTC(1257473)  E 10-03 23:05:59 1257473 1257627 shared_fd.cpp:301] cannot connect to 3:6900
webRTC(1257473)  E 10-03 23:05:59 1257473 1257627 vsock_connection.cpp:224] Failed to connect:OK
webRTC(1257473)  E 10-03 23:06:00 1257473 1257627 shared_fd.cpp:301] cannot connect to 3:6900
webRTC(1257473)  E 10-03 23:06:00 1257473 1257627 vsock_connection.cpp:224] Failed to connect:OK
webRTC(1257473)  E 10-03 23:06:01 1257473 1257627 shared_fd.cpp:301] cannot connect to 3:6900
webRTC(1257473)  E 10-03 23:06:01 1257473 1257627 vsock_connection.cpp:224] Failed to connect:OK
webRTC(1257473)  E 10-03 23:06:02 1257473 1257627 shared_fd.cpp:301] cannot connect to 3:6900
webRTC(1257473)  E 10-03 23:06:02 1257473 1257627 vsock_connection.cpp:224] Failed to connect:OK
adb_connector(1257476)  D 10-03 23:06:03 1257476 1257482 adb_connection_maintainer.cpp:223] Attempting to connect to device with address 127.0.0.1:6520
adb_connector(1257476)  D 10-03 23:06:03 1257476 1257482 adb_connection_maintainer.cpp:227] adb connect message for 127.0.0.1:6520 successfully sent
webRTC(1257473)  E 10-03 23:06:04 1257473 1257627 shared_fd.cpp:301] cannot connect to 3:6900
webRTC(1257473)  E 10-03 23:06:04 1257473 1257627 vsock_connection.cpp:224] Failed to connect:OK
webRTC(1257473)  E 10-03 23:06:05 1257473 1257627 shared_fd.cpp:301] cannot connect to 3:6900
webRTC(1257473)  E 10-03 23:06:05 1257473 1257627 vsock_connection.cpp:224] Failed to connect:OK
webRTC(1257473)  E 10-03 23:06:06 1257473 1257627 shared_fd.cpp:301] cannot connect to 3:6900
webRTC(1257473)  E 10-03 23:06:06 1257473 1257627 vsock_connection.cpp:224] Failed to connect:OK
webRTC(1257473)  E 10-03 23:06:07 1257473 1257627 shared_fd.cpp:301] cannot connect to 3:6900
webRTC(1257473)  E 10-03 23:06:07 1257473 1257627 vsock_connection.cpp:224] Failed to connect:OK
webRTC(1257473)  E 10-03 23:06:08 1257473 1257627 shared_fd.cpp:301] cannot connect to 3:6900
webRTC(1257473)  E 10-03 23:06:08 1257473 1257627 vsock_connection.cpp:224] Failed to connect:OK
adb_connector(1257476)  D 10-03 23:06:08 1257476 1257482 adb_connection_maintainer.cpp:234] adb connected to 127.0.0.1:6520
webRTC(1257473)  E 10-03 23:06:09 1257473 1257627 shared_fd.cpp:301] cannot connect to 3:6900
webRTC(1257473)  E 10-03 23:06:09 1257473 1257627 vsock_connection.cpp:224] Failed to connect:OK
webRTC(1257473)  E 10-03 23:06:10 1257473 1257627 shared_fd.cpp:301] cannot connect to 3:6900
webRTC(1257473)  E 10-03 23:06:10 1257473 1257627 vsock_connection.cpp:224] Failed to connect:OK
webRTC(1257473)  E 10-03 23:06:11 1257473 1257627 shared_fd.cpp:301] cannot connect to 3:6900
webRTC(1257473)  E 10-03 23:06:11 1257473 1257627 vsock_connection.cpp:224] Failed to connect:OK
webRTC(1257473)  E 10-03 23:06:12 1257473 1257627 shared_fd.cpp:301] cannot connect to 3:6900
webRTC(1257473)  E 10-03 23:06:12 1257473 1257627 vsock_connection.cpp:224] Failed to connect:OK
webRTC(1257473)  E 10-03 23:06:13 1257473 1257627 shared_fd.cpp:301] cannot connect to 3:6900
webRTC(1257473)  E 10-03 23:06:13 1257473 1257627 vsock_connection.cpp:224] Failed to connect:OK
adb_connector(1257476)  D 10-03 23:06:13 1257476 1257482 adb_connection_maintainer.cpp:241] Watching for disconnect on 127.0.0.1:6520
adb_connector(1257476)  W 10-03 23:06:13 1257476 1257482 adb_connection_maintainer.cpp:250] transport message failed, response body: device '127.0.0.1:6520' not found
adb_connector(1257476)  D 10-03 23:06:13 1257476 1257482 adb_connection_maintainer.cpp:285] Sending adb disconnect
webRTC(1257473)  E 10-03 23:06:14 1257473 1257627 shared_fd.cpp:301] cannot connect to 3:6900
webRTC(1257473)  E 10-03 23:06:14 1257473 1257627 vsock_connection.cpp:224] Failed to connect:OK
webRTC(1257473)  E 10-03 23:06:15 1257473 1257627 shared_fd.cpp:301] cannot connect to 3:6900
webRTC(1257473)  E 10-03 23:06:15 1257473 1257627 vsock_connection.cpp:224] Failed to connect:OK
webRTC(1257473)  E 10-03 23:06:16 1257473 1257627 shared_fd.cpp:301] cannot connect to 3:6900
webRTC(1257473)  E 10-03 23:06:16 1257473 1257627 vsock_connection.cpp:224] Failed to connect:OK
webRTC(1257473)  E 10-03 23:06:17 1257473 1257627 shared_fd.cpp:301] cannot connect to 3:6900
webRTC(1257473)  E 10-03 23:06:17 1257473 1257627 vsock_connection.cpp:224] Failed to connect:OK
adb_connector(1257476)  D 10-03 23:06:18 1257476 1257482 adb_connection_maintainer.cpp:223] Attempting to connect to device with address 127.0.0.1:6520
adb_connector(1257476)  D 10-03 23:06:18 1257476 1257482 adb_connection_maintainer.cpp:227] adb connect message for 127.0.0.1:6520 successfully sent
webRTC(1257473)  E 10-03 23:06:18 1257473 1257627 shared_fd.cpp:301] cannot connect to 3:6900
webRTC(1257473)  E 10-03 23:06:18 1257473 1257627 vsock_connection.cpp:224] Failed to connect:OK
webRTC(1257473)  E 10-03 23:06:20 1257473 1257627 shared_fd.cpp:301] cannot connect to 3:6900
webRTC(1257473)  E 10-03 23:06:20 1257473 1257627 vsock_connection.cpp:224] Failed to connect:OK
webRTC(1257473)  E 10-03 23:06:21 1257473 1257627 shared_fd.cpp:301] cannot connect to 3:6900
webRTC(1257473)  E 10-03 23:06:21 1257473 1257627 vsock_connection.cpp:224] Failed to connect:OK
webRTC(1257473)  E 10-03 23:06:22 1257473 1257627 shared_fd.cpp:301] cannot connect to 3:6900
webRTC(1257473)  E 10-03 23:06:22 1257473 1257627 vsock_connection.cpp:224] Failed to connect:OK
webRTC(1257473)  E 10-03 23:06:23 1257473 1257627 shared_fd.cpp:301] cannot connect to 3:6900
webRTC(1257473)  E 10-03 23:06:23 1257473 1257627 vsock_connection.cpp:224] Failed to connect:OK
adb_connector(1257476)  D 10-03 23:06:23 1257476 1257482 adb_connection_maintainer.cpp:234] adb connected to 127.0.0.1:6520
webRTC(1257473)  E 10-03 23:06:24 1257473 1257627 shared_fd.cpp:301] cannot connect to 3:6900
webRTC(1257473)  E 10-03 23:06:24 1257473 1257627 vsock_connection.cpp:224] Failed to connect:OK
webRTC(1257473)  E 10-03 23:06:25 1257473 1257627 shared_fd.cpp:301] cannot connect to 3:6900
webRTC(1257473)  E 10-03 23:06:25 1257473 1257627 vsock_connection.cpp:224] Failed to connect:OK
webRTC(1257473)  E 10-03 23:06:26 1257473 1257627 shared_fd.cpp:301] cannot connect to 3:6900
webRTC(1257473)  E 10-03 23:06:26 1257473 1257627 vsock_connection.cpp:224] Failed to connect:OK
webRTC(1257473)  E 10-03 23:06:27 1257473 1257627 shared_fd.cpp:301] cannot connect to 3:6900
webRTC(1257473)  E 10-03 23:06:27 1257473 1257627 vsock_connection.cpp:224] Failed to connect:OK
webRTC(1257473)  E 10-03 23:06:28 1257473 1257627 shared_fd.cpp:301] cannot connect to 3:6900
webRTC(1257473)  E 10-03 23:06:28 1257473 1257627 vsock_connection.cpp:224] Failed to connect:OK
adb_connector(1257476)  D 10-03 23:06:28 1257476 1257482 adb_connection_maintainer.cpp:241] Watching for disconnect on 127.0.0.1:6520
adb_connector(1257476)  W 10-03 23:06:28 1257476 1257482 adb_connection_maintainer.cpp:250] transport message failed, response body: device '127.0.0.1:6520' not found
adb_connector(1257476)  D 10-03 23:06:28 1257476 1257482 adb_connection_maintainer.cpp:285] Sending adb disconnect
webRTC(1257473)  E 10-03 23:06:29 1257473 1257627 shared_fd.cpp:301] cannot connect to 3:6900
webRTC(1257473)  E 10-03 23:06:29 1257473 1257627 vsock_connection.cpp:224] Failed to connect:OK
webRTC(1257473)  E 10-03 23:06:30 1257473 1257627 shared_fd.cpp:301] cannot connect to 3:6900
webRTC(1257473)  E 10-03 23:06:30 1257473 1257627 vsock_connection.cpp:224] Failed to connect:OK
webRTC(1257473)  E 10-03 23:06:31 1257473 1257627 shared_fd.cpp:301] cannot connect to 3:6900
webRTC(1257473)  E 10-03 23:06:31 1257473 1257627 vsock_connection.cpp:224] Failed to connect:OK
webRTC(1257473)  E 10-03 23:06:32 1257473 1257627 shared_fd.cpp:301] cannot connect to 3:6900
webRTC(1257473)  E 10-03 23:06:32 1257473 1257627 vsock_connection.cpp:224] Failed to connect:OK
webRTC(1257473)  E 10-03 23:06:33 1257473 1257627 shared_fd.cpp:301] cannot connect to 3:6900
webRTC(1257473)  E 10-03 23:06:33 1257473 1257627 vsock_connection.cpp:224] Failed to connect:OK
adb_connector(1257476)  D 10-03 23:06:33 1257476 1257482 adb_connection_maintainer.cpp:223] Attempting to connect to device with address 127.0.0.1:6520
adb_connector(1257476)  D 10-03 23:06:33 1257476 1257482 adb_connection_maintainer.cpp:227] adb connect message for 127.0.0.1:6520 successfully sent
webRTC(1257473)  E 10-03 23:06:34 1257473 1257627 shared_fd.cpp:301] cannot connect to 3:6900
webRTC(1257473)  E 10-03 23:06:34 1257473 1257627 vsock_connection.cpp:224] Failed to connect:OK
webRTC(1257473)  E 10-03 23:06:35 1257473 1257627 shared_fd.cpp:301] cannot connect to 3:6900
webRTC(1257473)  E 10-03 23:06:35 1257473 1257627 vsock_connection.cpp:224] Failed to connect:OK
webRTC(1257473)  E 10-03 23:06:36 1257473 1257627 shared_fd.cpp:301] cannot connect to 3:6900
webRTC(1257473)  E 10-03 23:06:36 1257473 1257627 vsock_connection.cpp:224] Failed to connect:OK
webRTC(1257473)  E 10-03 23:06:37 1257473 1257627 shared_fd.cpp:301] cannot connect to 3:6900
webRTC(1257473)  E 10-03 23:06:37 1257473 1257627 vsock_connection.cpp:224] Failed to connect:OK
adb_connector(1257476)  D 10-03 23:06:38 1257476 1257482 adb_connection_maintainer.cpp:234] adb connected to 127.0.0.1:6520
webRTC(1257473)  E 10-03 23:06:39 1257473 1257627 shared_fd.cpp:301] cannot connect to 3:6900
webRTC(1257473)  E 10-03 23:06:39 1257473 1257627 vsock_connection.cpp:224] Failed to connect:OK
webRTC(1257473)  E 10-03 23:06:40 1257473 1257627 shared_fd.cpp:301] cannot connect to 3:6900
webRTC(1257473)  E 10-03 23:06:40 1257473 1257627 vsock_connection.cpp:224] Failed to connect:OK
webRTC(1257473)  E 10-03 23:06:41 1257473 1257627 shared_fd.cpp:301] cannot connect to 3:6900
webRTC(1257473)  E 10-03 23:06:41 1257473 1257627 vsock_connection.cpp:224] Failed to connect:OK
webRTC(1257473)  E 10-03 23:06:42 1257473 1257627 shared_fd.cpp:301] cannot connect to 3:6900
webRTC(1257473)  E 10-03 23:06:42 1257473 1257627 vsock_connection.cpp:224] Failed to connect:OK
webRTC(1257473)  E 10-03 23:06:43 1257473 1257627 shared_fd.cpp:301] cannot connect to 3:6900
webRTC(1257473)  E 10-03 23:06:43 1257473 1257627 vsock_connection.cpp:224] Failed to connect:OK
adb_connector(1257476)  D 10-03 23:06:43 1257476 1257482 adb_connection_maintainer.cpp:241] Watching for disconnect on 127.0.0.1:6520
adb_connector(1257476)  W 10-03 23:06:43 1257476 1257482 adb_connection_maintainer.cpp:250] transport message failed, response body: device '127.0.0.1:6520' not found
adb_connector(1257476)  D 10-03 23:06:43 1257476 1257482 adb_connection_maintainer.cpp:285] Sending adb disconnect
webRTC(1257473)  E 10-03 23:06:44 1257473 1257627 shared_fd.cpp:301] cannot connect to 3:6900
webRTC(1257473)  E 10-03 23:06:44 1257473 1257627 vsock_connection.cpp:224] Failed to connect:OK
webRTC(1257473)  E 10-03 23:06:45 1257473 1257627 shared_fd.cpp:301] cannot connect to 3:6900
webRTC(1257473)  E 10-03 23:06:45 1257473 1257627 vsock_connection.cpp:224] Failed to connect:OK
webRTC(1257473)  E 10-03 23:06:46 1257473 1257627 shared_fd.cpp:301] cannot connect to 3:6900
webRTC(1257473)  E 10-03 23:06:46 1257473 1257627 vsock_connection.cpp:224] Failed to connect:OK
webRTC(1257473)  E 10-03 23:06:47 1257473 1257627 shared_fd.cpp:301] cannot connect to 3:6900
webRTC(1257473)  E 10-03 23:06:47 1257473 1257627 vsock_connection.cpp:224] Failed to connect:OK
webRTC(1257473)  E 10-03 23:06:48 1257473 1257627 shared_fd.cpp:301] cannot connect to 3:6900
webRTC(1257473)  E 10-03 23:06:48 1257473 1257627 vsock_connection.cpp:224] Failed to connect:OK
adb_connector(1257476)  D 10-03 23:06:48 1257476 1257482 adb_connection_maintainer.cpp:223] Attempting to connect to device with address 127.0.0.1:6520
adb_connector(1257476)  D 10-03 23:06:48 1257476 1257482 adb_connection_maintainer.cpp:227] adb connect message for 127.0.0.1:6520 successfully sent
webRTC(1257473)  E 10-03 23:06:49 1257473 1257627 shared_fd.cpp:301] cannot connect to 3:6900
webRTC(1257473)  E 10-03 23:06:49 1257473 1257627 vsock_connection.cpp:224] Failed to connect:OK
webRTC(1257473)  E 10-03 23:06:50 1257473 1257627 shared_fd.cpp:301] cannot connect to 3:6900
webRTC(1257473)  E 10-03 23:06:50 1257473 1257627 vsock_connection.cpp:224] Failed to connect:OK
webRTC(1257473)  E 10-03 23:06:51 1257473 1257627 shared_fd.cpp:301] cannot connect to 3:6900
webRTC(1257473)  E 10-03 23:06:51 1257473 1257627 vsock_connection.cpp:224] Failed to connect:OK
webRTC(1257473)  E 10-03 23:06:52 1257473 1257627 shared_fd.cpp:301] cannot connect to 3:6900
webRTC(1257473)  E 10-03 23:06:52 1257473 1257627 vsock_connection.cpp:224] Failed to connect:OK
adb_connector(1257476)  D 10-03 23:06:53 1257476 1257482 adb_connection_maintainer.cpp:234] adb connected to 127.0.0.1:6520
webRTC(1257473)  E 10-03 23:06:54 1257473 1257627 shared_fd.cpp:301] cannot connect to 3:6900
webRTC(1257473)  E 10-03 23:06:54 1257473 1257627 vsock_connection.cpp:224] Failed to connect:OK
adb_connector(1257476)  D 10-03 23:06:58 1257476 1257482 adb_connection_maintainer.cpp:241] Watching for disconnect on 127.0.0.1:6520
adb_connector(1257476)  W 10-03 23:06:58 1257476 1257482 adb_connection_maintainer.cpp:250] transport message failed, response body: device '127.0.0.1:6520' not found
adb_connector(1257476)  D 10-03 23:06:58 1257476 1257482 adb_connection_maintainer.cpp:285] Sending adb disconnect
adb_connector(1257476)  D 10-03 23:07:03 1257476 1257482 adb_connection_maintainer.cpp:223] Attempting to connect to device with address 127.0.0.1:6520
adb_connector(1257476)  D 10-03 23:07:03 1257476 1257482 adb_connection_maintainer.cpp:227] adb connect message for 127.0.0.1:6520 successfully sent
adb_connector(1257476)  D 10-03 23:07:08 1257476 1257482 adb_connection_maintainer.cpp:234] adb connected to 127.0.0.1:6520
adb_connector(1257476)  D 10-03 23:07:13 1257476 1257482 adb_connection_maintainer.cpp:241] Watching for disconnect on 127.0.0.1:6520
adb_connector(1257476)  W 10-03 23:07:13 1257476 1257482 adb_connection_maintainer.cpp:250] transport message failed, response body: device '127.0.0.1:6520' not found
adb_connector(1257476)  D 10-03 23:07:13 1257476 1257482 adb_connection_maintainer.cpp:285] Sending adb disconnect
adb_connector(1257476)  D 10-03 23:07:18 1257476 1257482 adb_connection_maintainer.cpp:223] Attempting to connect to device with address 127.0.0.1:6520
adb_connector(1257476)  D 10-03 23:07:18 1257476 1257482 adb_connection_maintainer.cpp:227] adb connect message for 127.0.0.1:6520 successfully sent
adb_connector(1257476)  D 10-03 23:07:23 1257476 1257482 adb_connection_maintainer.cpp:234] adb connected to 127.0.0.1:6520
adb_connector(1257476)  D 10-03 23:07:28 1257476 1257482 adb_connection_maintainer.cpp:241] Watching for disconnect on 127.0.0.1:6520
adb_connector(1257476)  W 10-03 23:07:28 1257476 1257482 adb_connection_maintainer.cpp:250] transport message failed, response body: device '127.0.0.1:6520' not found
adb_connector(1257476)  D 10-03 23:07:28 1257476 1257482 adb_connection_maintainer.cpp:285] Sending adb disconnect
adb_connector(1257476)  D 10-03 23:07:33 1257476 1257482 adb_connection_maintainer.cpp:223] Attempting to connect to device with address 127.0.0.1:6520
adb_connector(1257476)  D 10-03 23:07:33 1257476 1257482 adb_connection_maintainer.cpp:227] adb connect message for 127.0.0.1:6520 successfully sent
adb_connector(1257476)  D 10-03 23:07:38 1257476 1257482 adb_connection_maintainer.cpp:234] adb connected to 127.0.0.1:6520
adb_connector(1257476)  D 10-03 23:07:43 1257476 1257482 adb_connection_maintainer.cpp:241] Watching for disconnect on 127.0.0.1:6520
adb_connector(1257476)  W 10-03 23:07:43 1257476 1257482 adb_connection_maintainer.cpp:250] transport message failed, response body: device '127.0.0.1:6520' not found
adb_connector(1257476)  D 10-03 23:07:43 1257476 1257482 adb_connection_maintainer.cpp:285] Sending adb disconnect
kernel_log_monitor(1257511)  I 10-03 23:07:46 1257511 1257511 kernel_log_server.cc:155] init: starting service 'adbd'...
socket_vsock_proxy(1257478)  I 10-03 23:07:46 1257478 1257478 socket_vsock_proxy.cpp:223] Stop event (11) received. Stopping proxy
socket_vsock_proxy(1257477)  I 10-03 23:07:46 1257477 1257477 socket_vsock_proxy.cpp:216] Start event (5) received. Starting proxy
socket_vsock_proxy(1257477)  I 10-03 23:07:46 1257477 1257477 socket_vsock_proxy.cpp:158] From: tcp: 6520
socket_vsock_proxy(1257477)  I 10-03 23:07:46 1257477 1257477 socket_vsock_proxy.cpp:159] To: vsock: 3:5555 vhost_user: true
socket_vsock_proxy(1257477)  E 10-03 23:07:48 1257477 1267915 shared_fd.cpp:301] cannot connect to 3:5555
socket_vsock_proxy(1257477)  E 10-03 23:07:48 1257477 1267915 socket2socket_proxy.cpp:170] Cannot connect to the target to setup proxying: OK
socket_vsock_proxy(1257477)  E 10-03 23:07:48 1257477 1267915 shared_fd.cpp:301] cannot connect to 3:5555
socket_vsock_proxy(1257477)  E 10-03 23:07:48 1257477 1267915 socket2socket_proxy.cpp:170] Cannot connect to the target to setup proxying: OK
socket_vsock_proxy(1257477)  E 10-03 23:07:48 1257477 1267915 shared_fd.cpp:301] cannot connect to 3:5555
socket_vsock_proxy(1257477)  E 10-03 23:07:48 1257477 1267915 socket2socket_proxy.cpp:170] Cannot connect to the target to setup proxying: OK
adb_connector(1257476)  D 10-03 23:07:48 1257476 1257482 adb_connection_maintainer.cpp:223] Attempting to connect to device with address 127.0.0.1:6520
adb_connector(1257476)  D 10-03 23:07:48 1257476 1257482 adb_connection_maintainer.cpp:227] adb connect message for 127.0.0.1:6520 successfully sent
socket_vsock_proxy(1257477)  E 10-03 23:07:48 1257477 1267915 shared_fd.cpp:301] cannot connect to 3:5555
socket_vsock_proxy(1257477)  E 10-03 23:07:48 1257477 1267915 socket2socket_proxy.cpp:170] Cannot connect to the target to setup proxying: OK
socket_vsock_proxy(1257477)  E 10-03 23:07:48 1257477 1267915 shared_fd.cpp:301] cannot connect to 3:5555
socket_vsock_proxy(1257477)  E 10-03 23:07:48 1257477 1267915 socket2socket_proxy.cpp:170] Cannot connect to the target to setup proxying: OK
socket_vsock_proxy(1257477)  E 10-03 23:07:49 1257477 1267915 shared_fd.cpp:301] cannot connect to 3:5555
socket_vsock_proxy(1257477)  E 10-03 23:07:49 1257477 1267915 socket2socket_proxy.cpp:170] Cannot connect to the target to setup proxying: OK
socket_vsock_proxy(1257477)  E 10-03 23:07:49 1257477 1267915 shared_fd.cpp:301] cannot connect to 3:5555
socket_vsock_proxy(1257477)  E 10-03 23:07:49 1257477 1267915 socket2socket_proxy.cpp:170] Cannot connect to the target to setup proxying: OK
socket_vsock_proxy(1257477)  E 10-03 23:07:49 1257477 1267915 shared_fd.cpp:301] cannot connect to 3:5555
socket_vsock_proxy(1257477)  E 10-03 23:07:49 1257477 1267915 socket2socket_proxy.cpp:170] Cannot connect to the target to setup proxying: OK
socket_vsock_proxy(1257477)  E 10-03 23:07:49 1257477 1267915 shared_fd.cpp:301] cannot connect to 3:5555
socket_vsock_proxy(1257477)  E 10-03 23:07:49 1257477 1267915 socket2socket_proxy.cpp:170] Cannot connect to the target to setup proxying: OK
socket_vsock_proxy(1257477)  E 10-03 23:07:49 1257477 1267915 shared_fd.cpp:301] cannot connect to 3:5555
socket_vsock_proxy(1257477)  E 10-03 23:07:49 1257477 1267915 socket2socket_proxy.cpp:170] Cannot connect to the target to setup proxying: OK
socket_vsock_proxy(1257477)  E 10-03 23:07:49 1257477 1267915 shared_fd.cpp:301] cannot connect to 3:5555
socket_vsock_proxy(1257477)  E 10-03 23:07:49 1257477 1267915 socket2socket_proxy.cpp:170] Cannot connect to the target to setup proxying: OK
socket_vsock_proxy(1257477)  E 10-03 23:07:50 1257477 1267915 shared_fd.cpp:301] cannot connect to 3:5555
socket_vsock_proxy(1257477)  E 10-03 23:07:50 1257477 1267915 socket2socket_proxy.cpp:170] Cannot connect to the target to setup proxying: OK
socket_vsock_proxy(1257477)  E 10-03 23:07:50 1257477 1267915 shared_fd.cpp:301] cannot connect to 3:5555
socket_vsock_proxy(1257477)  E 10-03 23:07:50 1257477 1267915 socket2socket_proxy.cpp:170] Cannot connect to the target to setup proxying: OK
socket_vsock_proxy(1257477)  E 10-03 23:07:50 1257477 1267915 shared_fd.cpp:301] cannot connect to 3:5555
socket_vsock_proxy(1257477)  E 10-03 23:07:50 1257477 1267915 socket2socket_proxy.cpp:170] Cannot connect to the target to setup proxying: OK
socket_vsock_proxy(1257477)  E 10-03 23:07:50 1257477 1267915 shared_fd.cpp:301] cannot connect to 3:5555
socket_vsock_proxy(1257477)  E 10-03 23:07:50 1257477 1267915 socket2socket_proxy.cpp:170] Cannot connect to the target to setup proxying: OK
socket_vsock_proxy(1257477)  E 10-03 23:07:50 1257477 1267915 shared_fd.cpp:301] cannot connect to 3:5555
socket_vsock_proxy(1257477)  E 10-03 23:07:50 1257477 1267915 socket2socket_proxy.cpp:170] Cannot connect to the target to setup proxying: OK
socket_vsock_proxy(1257477)  E 10-03 23:07:50 1257477 1267915 shared_fd.cpp:301] cannot connect to 3:5555
socket_vsock_proxy(1257477)  E 10-03 23:07:50 1257477 1267915 socket2socket_proxy.cpp:170] Cannot connect to the target to setup proxying: OK
socket_vsock_proxy(1257477)  E 10-03 23:07:50 1257477 1267915 shared_fd.cpp:301] cannot connect to 3:5555
socket_vsock_proxy(1257477)  E 10-03 23:07:50 1257477 1267915 socket2socket_proxy.cpp:170] Cannot connect to the target to setup proxying: OK
socket_vsock_proxy(1257477)  E 10-03 23:07:51 1257477 1267915 shared_fd.cpp:301] cannot connect to 3:5555
socket_vsock_proxy(1257477)  E 10-03 23:07:51 1257477 1267915 socket2socket_proxy.cpp:170] Cannot connect to the target to setup proxying: OK
socket_vsock_proxy(1257477)  E 10-03 23:07:51 1257477 1267915 shared_fd.cpp:301] cannot connect to 3:5555
socket_vsock_proxy(1257477)  E 10-03 23:07:51 1257477 1267915 socket2socket_proxy.cpp:170] Cannot connect to the target to setup proxying: OK
socket_vsock_proxy(1257477)  E 10-03 23:07:51 1257477 1267915 shared_fd.cpp:301] cannot connect to 3:5555
socket_vsock_proxy(1257477)  E 10-03 23:07:51 1257477 1267915 socket2socket_proxy.cpp:170] Cannot connect to the target to setup proxying: OK
socket_vsock_proxy(1257477)  E 10-03 23:07:51 1257477 1267915 shared_fd.cpp:301] cannot connect to 3:5555
socket_vsock_proxy(1257477)  E 10-03 23:07:51 1257477 1267915 socket2socket_proxy.cpp:170] Cannot connect to the target to setup proxying: OK
socket_vsock_proxy(1257477)  E 10-03 23:07:51 1257477 1267915 shared_fd.cpp:301] cannot connect to 3:5555
socket_vsock_proxy(1257477)  E 10-03 23:07:51 1257477 1267915 socket2socket_proxy.cpp:170] Cannot connect to the target to setup proxying: OK
socket_vsock_proxy(1257477)  E 10-03 23:07:51 1257477 1267915 shared_fd.cpp:301] cannot connect to 3:5555
socket_vsock_proxy(1257477)  E 10-03 23:07:51 1257477 1267915 socket2socket_proxy.cpp:170] Cannot connect to the target to setup proxying: OK
socket_vsock_proxy(1257477)  E 10-03 23:07:51 1257477 1267915 shared_fd.cpp:301] cannot connect to 3:5555
socket_vsock_proxy(1257477)  E 10-03 23:07:51 1257477 1267915 socket2socket_proxy.cpp:170] Cannot connect to the target to setup proxying: OK
socket_vsock_proxy(1257477)  E 10-03 23:07:52 1257477 1267915 shared_fd.cpp:301] cannot connect to 3:5555
socket_vsock_proxy(1257477)  E 10-03 23:07:52 1257477 1267915 socket2socket_proxy.cpp:170] Cannot connect to the target to setup proxying: OK
socket_vsock_proxy(1257477)  E 10-03 23:07:52 1257477 1267915 shared_fd.cpp:301] cannot connect to 3:5555
socket_vsock_proxy(1257477)  E 10-03 23:07:52 1257477 1267915 socket2socket_proxy.cpp:170] Cannot connect to the target to setup proxying: OK
socket_vsock_proxy(1257477)  E 10-03 23:07:52 1257477 1267915 shared_fd.cpp:301] cannot connect to 3:5555
socket_vsock_proxy(1257477)  E 10-03 23:07:52 1257477 1267915 socket2socket_proxy.cpp:170] Cannot connect to the target to setup proxying: OK
socket_vsock_proxy(1257477)  E 10-03 23:07:52 1257477 1267915 shared_fd.cpp:301] cannot connect to 3:5555
socket_vsock_proxy(1257477)  E 10-03 23:07:52 1257477 1267915 socket2socket_proxy.cpp:170] Cannot connect to the target to setup proxying: OK
socket_vsock_proxy(1257477)  E 10-03 23:07:52 1257477 1267915 shared_fd.cpp:301] cannot connect to 3:5555
socket_vsock_proxy(1257477)  E 10-03 23:07:52 1257477 1267915 socket2socket_proxy.cpp:170] Cannot connect to the target to setup proxying: OK
socket_vsock_proxy(1257477)  E 10-03 23:07:52 1257477 1267915 shared_fd.cpp:301] cannot connect to 3:5555
socket_vsock_proxy(1257477)  E 10-03 23:07:52 1257477 1267915 socket2socket_proxy.cpp:170] Cannot connect to the target to setup proxying: OK
socket_vsock_proxy(1257477)  E 10-03 23:07:52 1257477 1267915 shared_fd.cpp:301] cannot connect to 3:5555
socket_vsock_proxy(1257477)  E 10-03 23:07:52 1257477 1267915 socket2socket_proxy.cpp:170] Cannot connect to the target to setup proxying: OK
socket_vsock_proxy(1257477)  E 10-03 23:07:53 1257477 1267915 shared_fd.cpp:301] cannot connect to 3:5555
socket_vsock_proxy(1257477)  E 10-03 23:07:53 1257477 1267915 socket2socket_proxy.cpp:170] Cannot connect to the target to setup proxying: OK
socket_vsock_proxy(1257477)  E 10-03 23:07:53 1257477 1267915 shared_fd.cpp:301] cannot connect to 3:5555
socket_vsock_proxy(1257477)  E 10-03 23:07:53 1257477 1267915 socket2socket_proxy.cpp:170] Cannot connect to the target to setup proxying: OK
socket_vsock_proxy(1257477)  E 10-03 23:07:53 1257477 1267915 shared_fd.cpp:301] cannot connect to 3:5555
socket_vsock_proxy(1257477)  E 10-03 23:07:53 1257477 1267915 socket2socket_proxy.cpp:170] Cannot connect to the target to setup proxying: OK
socket_vsock_proxy(1257477)  E 10-03 23:07:53 1257477 1267915 shared_fd.cpp:301] cannot connect to 3:5555
socket_vsock_proxy(1257477)  E 10-03 23:07:53 1257477 1267915 socket2socket_proxy.cpp:170] Cannot connect to the target to setup proxying: OK
socket_vsock_proxy(1257477)  E 10-03 23:07:53 1257477 1267915 shared_fd.cpp:301] cannot connect to 3:5555
socket_vsock_proxy(1257477)  E 10-03 23:07:53 1257477 1267915 socket2socket_proxy.cpp:170] Cannot connect to the target to setup proxying: OK
adb_connector(1257476)  D 10-03 23:07:53 1257476 1257482 adb_connection_maintainer.cpp:234] adb connected to 127.0.0.1:6520
socket_vsock_proxy(1257477)  E 10-03 23:07:53 1257477 1267915 shared_fd.cpp:301] cannot connect to 3:5555
socket_vsock_proxy(1257477)  E 10-03 23:07:53 1257477 1267915 socket2socket_proxy.cpp:170] Cannot connect to the target to setup proxying: OK
socket_vsock_proxy(1257477)  E 10-03 23:07:54 1257477 1267915 shared_fd.cpp:301] cannot connect to 3:5555
socket_vsock_proxy(1257477)  E 10-03 23:07:54 1257477 1267915 socket2socket_proxy.cpp:170] Cannot connect to the target to setup proxying: OK
socket_vsock_proxy(1257477)  E 10-03 23:07:54 1257477 1267915 shared_fd.cpp:301] cannot connect to 3:5555
socket_vsock_proxy(1257477)  E 10-03 23:07:54 1257477 1267915 socket2socket_proxy.cpp:170] Cannot connect to the target to setup proxying: OK
socket_vsock_proxy(1257477)  E 10-03 23:07:54 1257477 1267915 shared_fd.cpp:301] cannot connect to 3:5555
socket_vsock_proxy(1257477)  E 10-03 23:07:54 1257477 1267915 socket2socket_proxy.cpp:170] Cannot connect to the target to setup proxying: OK
socket_vsock_proxy(1257477)  E 10-03 23:07:54 1257477 1267915 shared_fd.cpp:301] cannot connect to 3:5555
socket_vsock_proxy(1257477)  E 10-03 23:07:54 1257477 1267915 socket2socket_proxy.cpp:170] Cannot connect to the target to setup proxying: OK
socket_vsock_proxy(1257477)  E 10-03 23:07:54 1257477 1267915 shared_fd.cpp:301] cannot connect to 3:5555
socket_vsock_proxy(1257477)  E 10-03 23:07:54 1257477 1267915 socket2socket_proxy.cpp:170] Cannot connect to the target to setup proxying: OK
socket_vsock_proxy(1257477)  E 10-03 23:07:54 1257477 1267915 shared_fd.cpp:301] cannot connect to 3:5555
socket_vsock_proxy(1257477)  E 10-03 23:07:54 1257477 1267915 socket2socket_proxy.cpp:170] Cannot connect to the target to setup proxying: OK
socket_vsock_proxy(1257477)  E 10-03 23:07:54 1257477 1267915 shared_fd.cpp:301] cannot connect to 3:5555
socket_vsock_proxy(1257477)  E 10-03 23:07:54 1257477 1267915 socket2socket_proxy.cpp:170] Cannot connect to the target to setup proxying: OK
socket_vsock_proxy(1257477)  E 10-03 23:07:55 1257477 1267915 shared_fd.cpp:301] cannot connect to 3:5555
socket_vsock_proxy(1257477)  E 10-03 23:07:55 1257477 1267915 socket2socket_proxy.cpp:170] Cannot connect to the target to setup proxying: OK
socket_vsock_proxy(1257477)  E 10-03 23:07:55 1257477 1267915 shared_fd.cpp:301] cannot connect to 3:5555
socket_vsock_proxy(1257477)  E 10-03 23:07:55 1257477 1267915 socket2socket_proxy.cpp:170] Cannot connect to the target to setup proxying: OK
socket_vsock_proxy(1257477)  E 10-03 23:07:55 1257477 1267915 shared_fd.cpp:301] cannot connect to 3:5555
socket_vsock_proxy(1257477)  E 10-03 23:07:55 1257477 1267915 socket2socket_proxy.cpp:170] Cannot connect to the target to setup proxying: OK
socket_vsock_proxy(1257477)  E 10-03 23:07:55 1257477 1267915 shared_fd.cpp:301] cannot connect to 3:5555
socket_vsock_proxy(1257477)  E 10-03 23:07:55 1257477 1267915 socket2socket_proxy.cpp:170] Cannot connect to the target to setup proxying: OK
socket_vsock_proxy(1257477)  E 10-03 23:07:55 1257477 1267915 shared_fd.cpp:301] cannot connect to 3:5555
socket_vsock_proxy(1257477)  E 10-03 23:07:55 1257477 1267915 socket2socket_proxy.cpp:170] Cannot connect to the target to setup proxying: OK
socket_vsock_proxy(1257477)  E 10-03 23:07:55 1257477 1267915 shared_fd.cpp:301] cannot connect to 3:5555
socket_vsock_proxy(1257477)  E 10-03 23:07:55 1257477 1267915 socket2socket_proxy.cpp:170] Cannot connect to the target to setup proxying: OK
socket_vsock_proxy(1257477)  E 10-03 23:07:55 1257477 1267915 shared_fd.cpp:301] cannot connect to 3:5555
socket_vsock_proxy(1257477)  E 10-03 23:07:55 1257477 1267915 socket2socket_proxy.cpp:170] Cannot connect to the target to setup proxying: OK
socket_vsock_proxy(1257477)  E 10-03 23:07:56 1257477 1267915 shared_fd.cpp:301] cannot connect to 3:5555
socket_vsock_proxy(1257477)  E 10-03 23:07:56 1257477 1267915 socket2socket_proxy.cpp:170] Cannot connect to the target to setup proxying: OK
socket_vsock_proxy(1257477)  E 10-03 23:07:56 1257477 1267915 shared_fd.cpp:301] cannot connect to 3:5555
socket_vsock_proxy(1257477)  E 10-03 23:07:56 1257477 1267915 socket2socket_proxy.cpp:170] Cannot connect to the target to setup proxying: OK
socket_vsock_proxy(1257477)  E 10-03 23:07:56 1257477 1267915 shared_fd.cpp:301] cannot connect to 3:5555
socket_vsock_proxy(1257477)  E 10-03 23:07:56 1257477 1267915 socket2socket_proxy.cpp:170] Cannot connect to the target to setup proxying: OK
socket_vsock_proxy(1257477)  E 10-03 23:07:56 1257477 1267915 shared_fd.cpp:301] cannot connect to 3:5555
socket_vsock_proxy(1257477)  E 10-03 23:07:56 1257477 1267915 socket2socket_proxy.cpp:170] Cannot connect to the target to setup proxying: OK
socket_vsock_proxy(1257477)  E 10-03 23:07:56 1257477 1267915 shared_fd.cpp:301] cannot connect to 3:5555
socket_vsock_proxy(1257477)  E 10-03 23:07:56 1257477 1267915 socket2socket_proxy.cpp:170] Cannot connect to the target to setup proxying: OK
socket_vsock_proxy(1257477)  E 10-03 23:07:56 1257477 1267915 shared_fd.cpp:301] cannot connect to 3:5555
socket_vsock_proxy(1257477)  E 10-03 23:07:56 1257477 1267915 socket2socket_proxy.cpp:170] Cannot connect to the target to setup proxying: OK
socket_vsock_proxy(1257477)  E 10-03 23:07:56 1257477 1267915 shared_fd.cpp:301] cannot connect to 3:5555
socket_vsock_proxy(1257477)  E 10-03 23:07:56 1257477 1267915 socket2socket_proxy.cpp:170] Cannot connect to the target to setup proxying: OK
socket_vsock_proxy(1257477)  E 10-03 23:07:57 1257477 1267915 shared_fd.cpp:301] cannot connect to 3:5555
socket_vsock_proxy(1257477)  E 10-03 23:07:57 1257477 1267915 socket2socket_proxy.cpp:170] Cannot connect to the target to setup proxying: OK
socket_vsock_proxy(1257477)  E 10-03 23:07:57 1257477 1267915 shared_fd.cpp:301] cannot connect to 3:5555
socket_vsock_proxy(1257477)  E 10-03 23:07:57 1257477 1267915 socket2socket_proxy.cpp:170] Cannot connect to the target to setup proxying: OK
socket_vsock_proxy(1257477)  E 10-03 23:07:57 1257477 1267915 shared_fd.cpp:301] cannot connect to 3:5555
socket_vsock_proxy(1257477)  E 10-03 23:07:57 1257477 1267915 socket2socket_proxy.cpp:170] Cannot connect to the target to setup proxying: OK
socket_vsock_proxy(1257477)  E 10-03 23:07:57 1257477 1267915 shared_fd.cpp:301] cannot connect to 3:5555
socket_vsock_proxy(1257477)  E 10-03 23:07:57 1257477 1267915 socket2socket_proxy.cpp:170] Cannot connect to the target to setup proxying: OK
socket_vsock_proxy(1257477)  E 10-03 23:07:57 1257477 1267915 shared_fd.cpp:301] cannot connect to 3:5555
socket_vsock_proxy(1257477)  E 10-03 23:07:57 1257477 1267915 socket2socket_proxy.cpp:170] Cannot connect to the target to setup proxying: OK
socket_vsock_proxy(1257477)  E 10-03 23:07:57 1257477 1267915 shared_fd.cpp:301] cannot connect to 3:5555
socket_vsock_proxy(1257477)  E 10-03 23:07:57 1257477 1267915 socket2socket_proxy.cpp:170] Cannot connect to the target to setup proxying: OK
socket_vsock_proxy(1257477)  E 10-03 23:07:58 1257477 1267915 shared_fd.cpp:301] cannot connect to 3:5555
socket_vsock_proxy(1257477)  E 10-03 23:07:58 1257477 1267915 socket2socket_proxy.cpp:170] Cannot connect to the target to setup proxying: OK
socket_vsock_proxy(1257477)  E 10-03 23:07:58 1257477 1267915 shared_fd.cpp:301] cannot connect to 3:5555
socket_vsock_proxy(1257477)  E 10-03 23:07:58 1257477 1267915 socket2socket_proxy.cpp:170] Cannot connect to the target to setup proxying: OK
socket_vsock_proxy(1257477)  E 10-03 23:07:58 1257477 1267915 shared_fd.cpp:301] cannot connect to 3:5555
socket_vsock_proxy(1257477)  E 10-03 23:07:58 1257477 1267915 socket2socket_proxy.cpp:170] Cannot connect to the target to setup proxying: OK
socket_vsock_proxy(1257477)  E 10-03 23:07:58 1257477 1267915 shared_fd.cpp:301] cannot connect to 3:5555
socket_vsock_proxy(1257477)  E 10-03 23:07:58 1257477 1267915 socket2socket_proxy.cpp:170] Cannot connect to the target to setup proxying: OK
socket_vsock_proxy(1257477)  E 10-03 23:07:58 1257477 1267915 shared_fd.cpp:301] cannot connect to 3:5555
socket_vsock_proxy(1257477)  E 10-03 23:07:58 1257477 1267915 socket2socket_proxy.cpp:170] Cannot connect to the target to setup proxying: OK
adb_connector(1257476)  D 10-03 23:07:58 1257476 1257482 adb_connection_maintainer.cpp:241] Watching for disconnect on 127.0.0.1:6520
adb_connector(1257476)  W 10-03 23:07:58 1257476 1257482 adb_connection_maintainer.cpp:250] transport message failed, response body: device offline
adb_connector(1257476)  D 10-03 23:07:58 1257476 1257482 adb_connection_maintainer.cpp:285] Sending adb disconnect
socket_vsock_proxy(1257477)  E 10-03 23:07:58 1257477 1267915 shared_fd.cpp:301] cannot connect to 3:5555
socket_vsock_proxy(1257477)  E 10-03 23:07:58 1257477 1267915 socket2socket_proxy.cpp:170] Cannot connect to the target to setup proxying: OK
socket_vsock_proxy(1257477)  E 10-03 23:07:59 1257477 1267915 shared_fd.cpp:301] cannot connect to 3:5555
socket_vsock_proxy(1257477)  E 10-03 23:07:59 1257477 1267915 socket2socket_proxy.cpp:170] Cannot connect to the target to setup proxying: OK
socket_vsock_proxy(1257477)  E 10-03 23:07:59 1257477 1267915 shared_fd.cpp:301] cannot connect to 3:5555
socket_vsock_proxy(1257477)  E 10-03 23:07:59 1257477 1267915 socket2socket_proxy.cpp:170] Cannot connect to the target to setup proxying: OK
socket_vsock_proxy(1257477)  E 10-03 23:07:59 1257477 1267915 shared_fd.cpp:301] cannot connect to 3:5555
socket_vsock_proxy(1257477)  E 10-03 23:07:59 1257477 1267915 socket2socket_proxy.cpp:170] Cannot connect to the target to setup proxying: OK
socket_vsock_proxy(1257477)  E 10-03 23:07:59 1257477 1267915 shared_fd.cpp:301] cannot connect to 3:5555
socket_vsock_proxy(1257477)  E 10-03 23:07:59 1257477 1267915 socket2socket_proxy.cpp:170] Cannot connect to the target to setup proxying: OK
socket_vsock_proxy(1257477)  E 10-03 23:08:00 1257477 1267915 shared_fd.cpp:301] cannot connect to 3:5555
socket_vsock_proxy(1257477)  E 10-03 23:08:00 1257477 1267915 socket2socket_proxy.cpp:170] Cannot connect to the target to setup proxying: OK
socket_vsock_proxy(1257477)  E 10-03 23:08:00 1257477 1267915 shared_fd.cpp:301] cannot connect to 3:5555
socket_vsock_proxy(1257477)  E 10-03 23:08:00 1257477 1267915 socket2socket_proxy.cpp:170] Cannot connect to the target to setup proxying: OK
socket_vsock_proxy(1257477)  E 10-03 23:08:00 1257477 1267915 shared_fd.cpp:301] cannot connect to 3:5555
socket_vsock_proxy(1257477)  E 10-03 23:08:00 1257477 1267915 socket2socket_proxy.cpp:170] Cannot connect to the target to setup proxying: OK
socket_vsock_proxy(1257477)  E 10-03 23:08:01 1257477 1267915 shared_fd.cpp:301] cannot connect to 3:5555
socket_vsock_proxy(1257477)  E 10-03 23:08:01 1257477 1267915 socket2socket_proxy.cpp:170] Cannot connect to the target to setup proxying: OK
socket_vsock_proxy(1257477)  E 10-03 23:08:01 1257477 1267915 shared_fd.cpp:301] cannot connect to 3:5555
socket_vsock_proxy(1257477)  E 10-03 23:08:01 1257477 1267915 socket2socket_proxy.cpp:170] Cannot connect to the target to setup proxying: OK
socket_vsock_proxy(1257477)  E 10-03 23:08:01 1257477 1267915 shared_fd.cpp:301] cannot connect to 3:5555
socket_vsock_proxy(1257477)  E 10-03 23:08:01 1257477 1267915 socket2socket_proxy.cpp:170] Cannot connect to the target to setup proxying: OK
socket_vsock_proxy(1257477)  E 10-03 23:08:01 1257477 1267915 shared_fd.cpp:301] cannot connect to 3:5555
socket_vsock_proxy(1257477)  E 10-03 23:08:01 1257477 1267915 socket2socket_proxy.cpp:170] Cannot connect to the target to setup proxying: OK
socket_vsock_proxy(1257477)  E 10-03 23:08:02 1257477 1267915 shared_fd.cpp:301] cannot connect to 3:5555
socket_vsock_proxy(1257477)  E 10-03 23:08:02 1257477 1267915 socket2socket_proxy.cpp:170] Cannot connect to the target to setup proxying: OK
socket_vsock_proxy(1257477)  E 10-03 23:08:02 1257477 1267915 shared_fd.cpp:301] cannot connect to 3:5555
socket_vsock_proxy(1257477)  E 10-03 23:08:02 1257477 1267915 socket2socket_proxy.cpp:170] Cannot connect to the target to setup proxying: OK
socket_vsock_proxy(1257477)  E 10-03 23:08:02 1257477 1267915 shared_fd.cpp:301] cannot connect to 3:5555
socket_vsock_proxy(1257477)  E 10-03 23:08:02 1257477 1267915 socket2socket_proxy.cpp:170] Cannot connect to the target to setup proxying: OK
socket_vsock_proxy(1257477)  E 10-03 23:08:02 1257477 1267915 shared_fd.cpp:301] cannot connect to 3:5555
socket_vsock_proxy(1257477)  E 10-03 23:08:02 1257477 1267915 socket2socket_proxy.cpp:170] Cannot connect to the target to setup proxying: OK
socket_vsock_proxy(1257477)  E 10-03 23:08:03 1257477 1267915 shared_fd.cpp:301] cannot connect to 3:5555
socket_vsock_proxy(1257477)  E 10-03 23:08:03 1257477 1267915 socket2socket_proxy.cpp:170] Cannot connect to the target to setup proxying: OK
socket_vsock_proxy(1257477)  E 10-03 23:08:03 1257477 1267915 shared_fd.cpp:301] cannot connect to 3:5555
socket_vsock_proxy(1257477)  E 10-03 23:08:03 1257477 1267915 socket2socket_proxy.cpp:170] Cannot connect to the target to setup proxying: OK
socket_vsock_proxy(1257477)  E 10-03 23:08:03 1257477 1267915 shared_fd.cpp:301] cannot connect to 3:5555
socket_vsock_proxy(1257477)  E 10-03 23:08:03 1257477 1267915 socket2socket_proxy.cpp:170] Cannot connect to the target to setup proxying: OK
adb_connector(1257476)  D 10-03 23:08:03 1257476 1257482 adb_connection_maintainer.cpp:223] Attempting to connect to device with address 127.0.0.1:6520
adb_connector(1257476)  D 10-03 23:08:03 1257476 1257482 adb_connection_maintainer.cpp:227] adb connect message for 127.0.0.1:6520 successfully sent
socket_vsock_proxy(1257477)  E 10-03 23:08:03 1257477 1267915 shared_fd.cpp:301] cannot connect to 3:5555
socket_vsock_proxy(1257477)  E 10-03 23:08:03 1257477 1267915 socket2socket_proxy.cpp:170] Cannot connect to the target to setup proxying: OK
socket_vsock_proxy(1257477)  E 10-03 23:08:03 1257477 1267915 shared_fd.cpp:301] cannot connect to 3:5555
socket_vsock_proxy(1257477)  E 10-03 23:08:03 1257477 1267915 socket2socket_proxy.cpp:170] Cannot connect to the target to setup proxying: OK
socket_vsock_proxy(1257477)  E 10-03 23:08:04 1257477 1267915 shared_fd.cpp:301] cannot connect to 3:5555
socket_vsock_proxy(1257477)  E 10-03 23:08:04 1257477 1267915 socket2socket_proxy.cpp:170] Cannot connect to the target to setup proxying: OK
socket_vsock_proxy(1257477)  E 10-03 23:08:04 1257477 1267915 shared_fd.cpp:301] cannot connect to 3:5555
socket_vsock_proxy(1257477)  E 10-03 23:08:04 1257477 1267915 socket2socket_proxy.cpp:170] Cannot connect to the target to setup proxying: OK
socket_vsock_proxy(1257477)  E 10-03 23:08:04 1257477 1267915 shared_fd.cpp:301] cannot connect to 3:5555
socket_vsock_proxy(1257477)  E 10-03 23:08:04 1257477 1267915 socket2socket_proxy.cpp:170] Cannot connect to the target to setup proxying: OK
socket_vsock_proxy(1257477)  E 10-03 23:08:04 1257477 1267915 shared_fd.cpp:301] cannot connect to 3:5555
socket_vsock_proxy(1257477)  E 10-03 23:08:04 1257477 1267915 socket2socket_proxy.cpp:170] Cannot connect to the target to setup proxying: OK
socket_vsock_proxy(1257477)  E 10-03 23:08:04 1257477 1267915 shared_fd.cpp:301] cannot connect to 3:5555
socket_vsock_proxy(1257477)  E 10-03 23:08:04 1257477 1267915 socket2socket_proxy.cpp:170] Cannot connect to the target to setup proxying: OK
socket_vsock_proxy(1257477)  E 10-03 23:08:04 1257477 1267915 shared_fd.cpp:301] cannot connect to 3:5555
socket_vsock_proxy(1257477)  E 10-03 23:08:04 1257477 1267915 socket2socket_proxy.cpp:170] Cannot connect to the target to setup proxying: OK
socket_vsock_proxy(1257477)  E 10-03 23:08:05 1257477 1267915 shared_fd.cpp:301] cannot connect to 3:5555
socket_vsock_proxy(1257477)  E 10-03 23:08:05 1257477 1267915 socket2socket_proxy.cpp:170] Cannot connect to the target to setup proxying: OK
socket_vsock_proxy(1257477)  E 10-03 23:08:05 1257477 1267915 shared_fd.cpp:301] cannot connect to 3:5555
socket_vsock_proxy(1257477)  E 10-03 23:08:05 1257477 1267915 socket2socket_proxy.cpp:170] Cannot connect to the target to setup proxying: OK
socket_vsock_proxy(1257477)  E 10-03 23:08:05 1257477 1267915 shared_fd.cpp:301] cannot connect to 3:5555
socket_vsock_proxy(1257477)  E 10-03 23:08:05 1257477 1267915 socket2socket_proxy.cpp:170] Cannot connect to the target to setup proxying: OK
socket_vsock_proxy(1257477)  E 10-03 23:08:05 1257477 1267915 shared_fd.cpp:301] cannot connect to 3:5555
socket_vsock_proxy(1257477)  E 10-03 23:08:05 1257477 1267915 socket2socket_proxy.cpp:170] Cannot connect to the target to setup proxying: OK
socket_vsock_proxy(1257477)  E 10-03 23:08:05 1257477 1267915 shared_fd.cpp:301] cannot connect to 3:5555
socket_vsock_proxy(1257477)  E 10-03 23:08:05 1257477 1267915 socket2socket_proxy.cpp:170] Cannot connect to the target to setup proxying: OK
socket_vsock_proxy(1257477)  E 10-03 23:08:05 1257477 1267915 shared_fd.cpp:301] cannot connect to 3:5555
socket_vsock_proxy(1257477)  E 10-03 23:08:05 1257477 1267915 socket2socket_proxy.cpp:170] Cannot connect to the target to setup proxying: OK
socket_vsock_proxy(1257477)  E 10-03 23:08:06 1257477 1267915 shared_fd.cpp:301] cannot connect to 3:5555
socket_vsock_proxy(1257477)  E 10-03 23:08:06 1257477 1267915 socket2socket_proxy.cpp:170] Cannot connect to the target to setup proxying: OK
socket_vsock_proxy(1257477)  E 10-03 23:08:06 1257477 1267915 shared_fd.cpp:301] cannot connect to 3:5555
socket_vsock_proxy(1257477)  E 10-03 23:08:06 1257477 1267915 socket2socket_proxy.cpp:170] Cannot connect to the target to setup proxying: OK
socket_vsock_proxy(1257477)  E 10-03 23:08:06 1257477 1267915 shared_fd.cpp:301] cannot connect to 3:5555
socket_vsock_proxy(1257477)  E 10-03 23:08:06 1257477 1267915 socket2socket_proxy.cpp:170] Cannot connect to the target to setup proxying: OK
socket_vsock_proxy(1257477)  E 10-03 23:08:06 1257477 1267915 shared_fd.cpp:301] cannot connect to 3:5555
socket_vsock_proxy(1257477)  E 10-03 23:08:06 1257477 1267915 socket2socket_proxy.cpp:170] Cannot connect to the target to setup proxying: OK
socket_vsock_proxy(1257477)  E 10-03 23:08:06 1257477 1267915 shared_fd.cpp:301] cannot connect to 3:5555
socket_vsock_proxy(1257477)  E 10-03 23:08:06 1257477 1267915 socket2socket_proxy.cpp:170] Cannot connect to the target to setup proxying: OK
socket_vsock_proxy(1257477)  E 10-03 23:08:06 1257477 1267915 shared_fd.cpp:301] cannot connect to 3:5555
socket_vsock_proxy(1257477)  E 10-03 23:08:06 1257477 1267915 socket2socket_proxy.cpp:170] Cannot connect to the target to setup proxying: OK
socket_vsock_proxy(1257477)  E 10-03 23:08:06 1257477 1267915 shared_fd.cpp:301] cannot connect to 3:5555
socket_vsock_proxy(1257477)  E 10-03 23:08:06 1257477 1267915 socket2socket_proxy.cpp:170] Cannot connect to the target to setup proxying: OK
socket_vsock_proxy(1257477)  E 10-03 23:08:06 1257477 1267915 shared_fd.cpp:301] cannot connect to 3:5555
socket_vsock_proxy(1257477)  E 10-03 23:08:06 1257477 1267915 socket2socket_proxy.cpp:170] Cannot connect to the target to setup proxying: OK
socket_vsock_proxy(1257477)  E 10-03 23:08:07 1257477 1267915 shared_fd.cpp:301] cannot connect to 3:5555
socket_vsock_proxy(1257477)  E 10-03 23:08:07 1257477 1267915 socket2socket_proxy.cpp:170] Cannot connect to the target to setup proxying: OK
socket_vsock_proxy(1257477)  E 10-03 23:08:07 1257477 1267915 shared_fd.cpp:301] cannot connect to 3:5555
socket_vsock_proxy(1257477)  E 10-03 23:08:07 1257477 1267915 socket2socket_proxy.cpp:170] Cannot connect to the target to setup proxying: OK
socket_vsock_proxy(1257477)  E 10-03 23:08:07 1257477 1267915 shared_fd.cpp:301] cannot connect to 3:5555
socket_vsock_proxy(1257477)  E 10-03 23:08:07 1257477 1267915 socket2socket_proxy.cpp:170] Cannot connect to the target to setup proxying: OK
socket_vsock_proxy(1257477)  E 10-03 23:08:07 1257477 1267915 shared_fd.cpp:301] cannot connect to 3:5555
socket_vsock_proxy(1257477)  E 10-03 23:08:07 1257477 1267915 socket2socket_proxy.cpp:170] Cannot connect to the target to setup proxying: OK
socket_vsock_proxy(1257477)  E 10-03 23:08:07 1257477 1267915 shared_fd.cpp:301] cannot connect to 3:5555
socket_vsock_proxy(1257477)  E 10-03 23:08:07 1257477 1267915 socket2socket_proxy.cpp:170] Cannot connect to the target to setup proxying: OK
socket_vsock_proxy(1257477)  E 10-03 23:08:07 1257477 1267915 shared_fd.cpp:301] cannot connect to 3:5555
socket_vsock_proxy(1257477)  E 10-03 23:08:07 1257477 1267915 socket2socket_proxy.cpp:170] Cannot connect to the target to setup proxying: OK
socket_vsock_proxy(1257477)  E 10-03 23:08:08 1257477 1267915 shared_fd.cpp:301] cannot connect to 3:5555
socket_vsock_proxy(1257477)  E 10-03 23:08:08 1257477 1267915 socket2socket_proxy.cpp:170] Cannot connect to the target to setup proxying: OK
socket_vsock_proxy(1257477)  E 10-03 23:08:08 1257477 1267915 shared_fd.cpp:301] cannot connect to 3:5555
socket_vsock_proxy(1257477)  E 10-03 23:08:08 1257477 1267915 socket2socket_proxy.cpp:170] Cannot connect to the target to setup proxying: OK
socket_vsock_proxy(1257477)  E 10-03 23:08:08 1257477 1267915 shared_fd.cpp:301] cannot connect to 3:5555
socket_vsock_proxy(1257477)  E 10-03 23:08:08 1257477 1267915 socket2socket_proxy.cpp:170] Cannot connect to the target to setup proxying: OK
socket_vsock_proxy(1257477)  E 10-03 23:08:08 1257477 1267915 shared_fd.cpp:301] cannot connect to 3:5555
socket_vsock_proxy(1257477)  E 10-03 23:08:08 1257477 1267915 socket2socket_proxy.cpp:170] Cannot connect to the target to setup proxying: OK
socket_vsock_proxy(1257477)  E 10-03 23:08:08 1257477 1267915 shared_fd.cpp:301] cannot connect to 3:5555
socket_vsock_proxy(1257477)  E 10-03 23:08:08 1257477 1267915 socket2socket_proxy.cpp:170] Cannot connect to the target to setup proxying: OK
socket_vsock_proxy(1257477)  E 10-03 23:08:08 1257477 1267915 shared_fd.cpp:301] cannot connect to 3:5555
socket_vsock_proxy(1257477)  E 10-03 23:08:08 1257477 1267915 socket2socket_proxy.cpp:170] Cannot connect to the target to setup proxying: OK
adb_connector(1257476)  D 10-03 23:08:08 1257476 1257482 adb_connection_maintainer.cpp:234] adb connected to 127.0.0.1:6520
socket_vsock_proxy(1257477)  E 10-03 23:08:08 1257477 1267915 shared_fd.cpp:301] cannot connect to 3:5555
socket_vsock_proxy(1257477)  E 10-03 23:08:08 1257477 1267915 socket2socket_proxy.cpp:170] Cannot connect to the target to setup proxying: OK
socket_vsock_proxy(1257477)  E 10-03 23:08:08 1257477 1267915 shared_fd.cpp:301] cannot connect to 3:5555
socket_vsock_proxy(1257477)  E 10-03 23:08:08 1257477 1267915 socket2socket_proxy.cpp:170] Cannot connect to the target to setup proxying: OK
socket_vsock_proxy(1257477)  E 10-03 23:08:09 1257477 1267915 shared_fd.cpp:301] cannot connect to 3:5555
socket_vsock_proxy(1257477)  E 10-03 23:08:09 1257477 1267915 socket2socket_proxy.cpp:170] Cannot connect to the target to setup proxying: OK
socket_vsock_proxy(1257477)  E 10-03 23:08:09 1257477 1267915 shared_fd.cpp:301] cannot connect to 3:5555
socket_vsock_proxy(1257477)  E 10-03 23:08:09 1257477 1267915 socket2socket_proxy.cpp:170] Cannot connect to the target to setup proxying: OK
socket_vsock_proxy(1257477)  E 10-03 23:08:09 1257477 1267915 shared_fd.cpp:301] cannot connect to 3:5555
socket_vsock_proxy(1257477)  E 10-03 23:08:09 1257477 1267915 socket2socket_proxy.cpp:170] Cannot connect to the target to setup proxying: OK
socket_vsock_proxy(1257477)  E 10-03 23:08:09 1257477 1267915 shared_fd.cpp:301] cannot connect to 3:5555
socket_vsock_proxy(1257477)  E 10-03 23:08:09 1257477 1267915 socket2socket_proxy.cpp:170] Cannot connect to the target to setup proxying: OK
socket_vsock_proxy(1257477)  E 10-03 23:08:09 1257477 1267915 shared_fd.cpp:301] cannot connect to 3:5555
socket_vsock_proxy(1257477)  E 10-03 23:08:09 1257477 1267915 socket2socket_proxy.cpp:170] Cannot connect to the target to setup proxying: OK
socket_vsock_proxy(1257477)  E 10-03 23:08:09 1257477 1267915 shared_fd.cpp:301] cannot connect to 3:5555
socket_vsock_proxy(1257477)  E 10-03 23:08:09 1257477 1267915 socket2socket_proxy.cpp:170] Cannot connect to the target to setup proxying: OK
socket_vsock_proxy(1257477)  E 10-03 23:08:10 1257477 1267915 shared_fd.cpp:301] cannot connect to 3:5555
socket_vsock_proxy(1257477)  E 10-03 23:08:10 1257477 1267915 socket2socket_proxy.cpp:170] Cannot connect to the target to setup proxying: OK
socket_vsock_proxy(1257477)  E 10-03 23:08:10 1257477 1267915 shared_fd.cpp:301] cannot connect to 3:5555
socket_vsock_proxy(1257477)  E 10-03 23:08:10 1257477 1267915 socket2socket_proxy.cpp:170] Cannot connect to the target to setup proxying: OK
socket_vsock_proxy(1257477)  E 10-03 23:08:10 1257477 1267915 shared_fd.cpp:301] cannot connect to 3:5555
socket_vsock_proxy(1257477)  E 10-03 23:08:10 1257477 1267915 socket2socket_proxy.cpp:170] Cannot connect to the target to setup proxying: OK
socket_vsock_proxy(1257477)  E 10-03 23:08:10 1257477 1267915 shared_fd.cpp:301] cannot connect to 3:5555
socket_vsock_proxy(1257477)  E 10-03 23:08:10 1257477 1267915 socket2socket_proxy.cpp:170] Cannot connect to the target to setup proxying: OK
socket_vsock_proxy(1257477)  E 10-03 23:08:10 1257477 1267915 shared_fd.cpp:301] cannot connect to 3:5555
socket_vsock_proxy(1257477)  E 10-03 23:08:10 1257477 1267915 socket2socket_proxy.cpp:170] Cannot connect to the target to setup proxying: OK
socket_vsock_proxy(1257477)  E 10-03 23:08:10 1257477 1267915 shared_fd.cpp:301] cannot connect to 3:5555
socket_vsock_proxy(1257477)  E 10-03 23:08:10 1257477 1267915 socket2socket_proxy.cpp:170] Cannot connect to the target to setup proxying: OK
socket_vsock_proxy(1257477)  E 10-03 23:08:11 1257477 1267915 shared_fd.cpp:301] cannot connect to 3:5555
socket_vsock_proxy(1257477)  E 10-03 23:08:11 1257477 1267915 socket2socket_proxy.cpp:170] Cannot connect to the target to setup proxying: OK
socket_vsock_proxy(1257477)  E 10-03 23:08:11 1257477 1267915 shared_fd.cpp:301] cannot connect to 3:5555
socket_vsock_proxy(1257477)  E 10-03 23:08:11 1257477 1267915 socket2socket_proxy.cpp:170] Cannot connect to the target to setup proxying: OK
socket_vsock_proxy(1257477)  E 10-03 23:08:11 1257477 1267915 shared_fd.cpp:301] cannot connect to 3:5555
socket_vsock_proxy(1257477)  E 10-03 23:08:11 1257477 1267915 socket2socket_proxy.cpp:170] Cannot connect to the target to setup proxying: OK
socket_vsock_proxy(1257477)  E 10-03 23:08:11 1257477 1267915 shared_fd.cpp:301] cannot connect to 3:5555
socket_vsock_proxy(1257477)  E 10-03 23:08:11 1257477 1267915 socket2socket_proxy.cpp:170] Cannot connect to the target to setup proxying: OK
socket_vsock_proxy(1257477)  E 10-03 23:08:11 1257477 1267915 shared_fd.cpp:301] cannot connect to 3:5555
socket_vsock_proxy(1257477)  E 10-03 23:08:11 1257477 1267915 socket2socket_proxy.cpp:170] Cannot connect to the target to setup proxying: OK
socket_vsock_proxy(1257477)  E 10-03 23:08:11 1257477 1267915 shared_fd.cpp:301] cannot connect to 3:5555
socket_vsock_proxy(1257477)  E 10-03 23:08:11 1257477 1267915 socket2socket_proxy.cpp:170] Cannot connect to the target to setup proxying: OK
socket_vsock_proxy(1257477)  E 10-03 23:08:12 1257477 1267915 shared_fd.cpp:301] cannot connect to 3:5555
socket_vsock_proxy(1257477)  E 10-03 23:08:12 1257477 1267915 socket2socket_proxy.cpp:170] Cannot connect to the target to setup proxying: OK
socket_vsock_proxy(1257477)  E 10-03 23:08:12 1257477 1267915 shared_fd.cpp:301] cannot connect to 3:5555
socket_vsock_proxy(1257477)  E 10-03 23:08:12 1257477 1267915 socket2socket_proxy.cpp:170] Cannot connect to the target to setup proxying: OK
socket_vsock_proxy(1257477)  E 10-03 23:08:12 1257477 1267915 shared_fd.cpp:301] cannot connect to 3:5555
socket_vsock_proxy(1257477)  E 10-03 23:08:12 1257477 1267915 socket2socket_proxy.cpp:170] Cannot connect to the target to setup proxying: OK
socket_vsock_proxy(1257477)  E 10-03 23:08:12 1257477 1267915 shared_fd.cpp:301] cannot connect to 3:5555
socket_vsock_proxy(1257477)  E 10-03 23:08:12 1257477 1267915 socket2socket_proxy.cpp:170] Cannot connect to the target to setup proxying: OK
socket_vsock_proxy(1257477)  E 10-03 23:08:12 1257477 1267915 shared_fd.cpp:301] cannot connect to 3:5555
socket_vsock_proxy(1257477)  E 10-03 23:08:12 1257477 1267915 socket2socket_proxy.cpp:170] Cannot connect to the target to setup proxying: OK
socket_vsock_proxy(1257477)  E 10-03 23:08:12 1257477 1267915 shared_fd.cpp:301] cannot connect to 3:5555
socket_vsock_proxy(1257477)  E 10-03 23:08:12 1257477 1267915 socket2socket_proxy.cpp:170] Cannot connect to the target to setup proxying: OK
socket_vsock_proxy(1257477)  E 10-03 23:08:12 1257477 1267915 shared_fd.cpp:301] cannot connect to 3:5555
socket_vsock_proxy(1257477)  E 10-03 23:08:12 1257477 1267915 socket2socket_proxy.cpp:170] Cannot connect to the target to setup proxying: OK
socket_vsock_proxy(1257477)  E 10-03 23:08:13 1257477 1267915 shared_fd.cpp:301] cannot connect to 3:5555
socket_vsock_proxy(1257477)  E 10-03 23:08:13 1257477 1267915 socket2socket_proxy.cpp:170] Cannot connect to the target to setup proxying: OK
socket_vsock_proxy(1257477)  E 10-03 23:08:13 1257477 1267915 shared_fd.cpp:301] cannot connect to 3:5555
socket_vsock_proxy(1257477)  E 10-03 23:08:13 1257477 1267915 socket2socket_proxy.cpp:170] Cannot connect to the target to setup proxying: OK
socket_vsock_proxy(1257477)  E 10-03 23:08:13 1257477 1267915 shared_fd.cpp:301] cannot connect to 3:5555
socket_vsock_proxy(1257477)  E 10-03 23:08:13 1257477 1267915 socket2socket_proxy.cpp:170] Cannot connect to the target to setup proxying: OK
socket_vsock_proxy(1257477)  E 10-03 23:08:13 1257477 1267915 shared_fd.cpp:301] cannot connect to 3:5555
socket_vsock_proxy(1257477)  E 10-03 23:08:13 1257477 1267915 socket2socket_proxy.cpp:170] Cannot connect to the target to setup proxying: OK
socket_vsock_proxy(1257477)  E 10-03 23:08:13 1257477 1267915 shared_fd.cpp:301] cannot connect to 3:5555
socket_vsock_proxy(1257477)  E 10-03 23:08:13 1257477 1267915 socket2socket_proxy.cpp:170] Cannot connect to the target to setup proxying: OK
adb_connector(1257476)  D 10-03 23:08:13 1257476 1257482 adb_connection_maintainer.cpp:241] Watching for disconnect on 127.0.0.1:6520
adb_connector(1257476)  W 10-03 23:08:13 1257476 1257482 adb_connection_maintainer.cpp:250] transport message failed, response body: device offline
adb_connector(1257476)  D 10-03 23:08:13 1257476 1257482 adb_connection_maintainer.cpp:285] Sending adb disconnect
socket_vsock_proxy(1257477)  E 10-03 23:08:13 1257477 1267915 shared_fd.cpp:301] cannot connect to 3:5555
socket_vsock_proxy(1257477)  E 10-03 23:08:13 1257477 1267915 socket2socket_proxy.cpp:170] Cannot connect to the target to setup proxying: OK
socket_vsock_proxy(1257477)  E 10-03 23:08:14 1257477 1267915 shared_fd.cpp:301] cannot connect to 3:5555
socket_vsock_proxy(1257477)  E 10-03 23:08:14 1257477 1267915 socket2socket_proxy.cpp:170] Cannot connect to the target to setup proxying: OK
socket_vsock_proxy(1257477)  E 10-03 23:08:14 1257477 1267915 shared_fd.cpp:301] cannot connect to 3:5555
socket_vsock_proxy(1257477)  E 10-03 23:08:14 1257477 1267915 socket2socket_proxy.cpp:170] Cannot connect to the target to setup proxying: OK
socket_vsock_proxy(1257477)  E 10-03 23:08:14 1257477 1267915 shared_fd.cpp:301] cannot connect to 3:5555
socket_vsock_proxy(1257477)  E 10-03 23:08:14 1257477 1267915 socket2socket_proxy.cpp:170] Cannot connect to the target to setup proxying: OK
socket_vsock_proxy(1257477)  E 10-03 23:08:15 1257477 1267915 shared_fd.cpp:301] cannot connect to 3:5555
socket_vsock_proxy(1257477)  E 10-03 23:08:15 1257477 1267915 socket2socket_proxy.cpp:170] Cannot connect to the target to setup proxying: OK
socket_vsock_proxy(1257477)  E 10-03 23:08:15 1257477 1267915 shared_fd.cpp:301] cannot connect to 3:5555
socket_vsock_proxy(1257477)  E 10-03 23:08:15 1257477 1267915 socket2socket_proxy.cpp:170] Cannot connect to the target to setup proxying: OK
socket_vsock_proxy(1257477)  E 10-03 23:08:16 1257477 1267915 shared_fd.cpp:301] cannot connect to 3:5555
socket_vsock_proxy(1257477)  E 10-03 23:08:16 1257477 1267915 socket2socket_proxy.cpp:170] Cannot connect to the target to setup proxying: OK
socket_vsock_proxy(1257477)  E 10-03 23:08:16 1257477 1267915 shared_fd.cpp:301] cannot connect to 3:5555
socket_vsock_proxy(1257477)  E 10-03 23:08:16 1257477 1267915 socket2socket_proxy.cpp:170] Cannot connect to the target to setup proxying: OK
socket_vsock_proxy(1257477)  E 10-03 23:08:16 1257477 1267915 shared_fd.cpp:301] cannot connect to 3:5555
socket_vsock_proxy(1257477)  E 10-03 23:08:16 1257477 1267915 socket2socket_proxy.cpp:170] Cannot connect to the target to setup proxying: OK
socket_vsock_proxy(1257477)  E 10-03 23:08:17 1257477 1267915 shared_fd.cpp:301] cannot connect to 3:5555
socket_vsock_proxy(1257477)  E 10-03 23:08:17 1257477 1267915 socket2socket_proxy.cpp:170] Cannot connect to the target to setup proxying: OK
socket_vsock_proxy(1257477)  E 10-03 23:08:17 1257477 1267915 shared_fd.cpp:301] cannot connect to 3:5555
socket_vsock_proxy(1257477)  E 10-03 23:08:17 1257477 1267915 socket2socket_proxy.cpp:170] Cannot connect to the target to setup proxying: OK
socket_vsock_proxy(1257477)  E 10-03 23:08:17 1257477 1267915 shared_fd.cpp:301] cannot connect to 3:5555
socket_vsock_proxy(1257477)  E 10-03 23:08:17 1257477 1267915 socket2socket_proxy.cpp:170] Cannot connect to the target to setup proxying: OK
socket_vsock_proxy(1257477)  E 10-03 23:08:17 1257477 1267915 shared_fd.cpp:301] cannot connect to 3:5555
socket_vsock_proxy(1257477)  E 10-03 23:08:17 1257477 1267915 socket2socket_proxy.cpp:170] Cannot connect to the target to setup proxying: OK
socket_vsock_proxy(1257477)  E 10-03 23:08:18 1257477 1267915 shared_fd.cpp:301] cannot connect to 3:5555
socket_vsock_proxy(1257477)  E 10-03 23:08:18 1257477 1267915 socket2socket_proxy.cpp:170] Cannot connect to the target to setup proxying: OK
socket_vsock_proxy(1257477)  E 10-03 23:08:18 1257477 1267915 shared_fd.cpp:301] cannot connect to 3:5555
socket_vsock_proxy(1257477)  E 10-03 23:08:18 1257477 1267915 socket2socket_proxy.cpp:170] Cannot connect to the target to setup proxying: OK
socket_vsock_proxy(1257477)  E 10-03 23:08:18 1257477 1267915 shared_fd.cpp:301] cannot connect to 3:5555
socket_vsock_proxy(1257477)  E 10-03 23:08:18 1257477 1267915 socket2socket_proxy.cpp:170] Cannot connect to the target to setup proxying: OK
adb_connector(1257476)  D 10-03 23:08:18 1257476 1257482 adb_connection_maintainer.cpp:223] Attempting to connect to device with address 127.0.0.1:6520
adb_connector(1257476)  D 10-03 23:08:18 1257476 1257482 adb_connection_maintainer.cpp:227] adb connect message for 127.0.0.1:6520 successfully sent
socket_vsock_proxy(1257477)  E 10-03 23:08:18 1257477 1267915 shared_fd.cpp:301] cannot connect to 3:5555
socket_vsock_proxy(1257477)  E 10-03 23:08:18 1257477 1267915 socket2socket_proxy.cpp:170] Cannot connect to the target to setup proxying: OK
socket_vsock_proxy(1257477)  E 10-03 23:08:19 1257477 1267915 shared_fd.cpp:301] cannot connect to 3:5555
socket_vsock_proxy(1257477)  E 10-03 23:08:19 1257477 1267915 socket2socket_proxy.cpp:170] Cannot connect to the target to setup proxying: OK
socket_vsock_proxy(1257477)  E 10-03 23:08:19 1257477 1267915 shared_fd.cpp:301] cannot connect to 3:5555
socket_vsock_proxy(1257477)  E 10-03 23:08:19 1257477 1267915 socket2socket_proxy.cpp:170] Cannot connect to the target to setup proxying: OK
socket_vsock_proxy(1257477)  E 10-03 23:08:19 1257477 1267915 shared_fd.cpp:301] cannot connect to 3:5555
socket_vsock_proxy(1257477)  E 10-03 23:08:19 1257477 1267915 socket2socket_proxy.cpp:170] Cannot connect to the target to setup proxying: OK
socket_vsock_proxy(1257477)  E 10-03 23:08:19 1257477 1267915 shared_fd.cpp:301] cannot connect to 3:5555
socket_vsock_proxy(1257477)  E 10-03 23:08:19 1257477 1267915 socket2socket_proxy.cpp:170] Cannot connect to the target to setup proxying: OK
socket_vsock_proxy(1257477)  E 10-03 23:08:19 1257477 1267915 shared_fd.cpp:301] cannot connect to 3:5555
socket_vsock_proxy(1257477)  E 10-03 23:08:19 1257477 1267915 socket2socket_proxy.cpp:170] Cannot connect to the target to setup proxying: OK
socket_vsock_proxy(1257477)  E 10-03 23:08:19 1257477 1267915 shared_fd.cpp:301] cannot connect to 3:5555
socket_vsock_proxy(1257477)  E 10-03 23:08:19 1257477 1267915 socket2socket_proxy.cpp:170] Cannot connect to the target to setup proxying: OK
socket_vsock_proxy(1257477)  E 10-03 23:08:20 1257477 1267915 shared_fd.cpp:301] cannot connect to 3:5555
socket_vsock_proxy(1257477)  E 10-03 23:08:20 1257477 1267915 socket2socket_proxy.cpp:170] Cannot connect to the target to setup proxying: OK
socket_vsock_proxy(1257477)  E 10-03 23:08:20 1257477 1267915 shared_fd.cpp:301] cannot connect to 3:5555
socket_vsock_proxy(1257477)  E 10-03 23:08:20 1257477 1267915 socket2socket_proxy.cpp:170] Cannot connect to the target to setup proxying: OK
socket_vsock_proxy(1257477)  E 10-03 23:08:20 1257477 1267915 shared_fd.cpp:301] cannot connect to 3:5555
socket_vsock_proxy(1257477)  E 10-03 23:08:20 1257477 1267915 socket2socket_proxy.cpp:170] Cannot connect to the target to setup proxying: OK
socket_vsock_proxy(1257477)  E 10-03 23:08:20 1257477 1267915 shared_fd.cpp:301] cannot connect to 3:5555
socket_vsock_proxy(1257477)  E 10-03 23:08:20 1257477 1267915 socket2socket_proxy.cpp:170] Cannot connect to the target to setup proxying: OK
socket_vsock_proxy(1257477)  E 10-03 23:08:20 1257477 1267915 shared_fd.cpp:301] cannot connect to 3:5555
socket_vsock_proxy(1257477)  E 10-03 23:08:20 1257477 1267915 socket2socket_proxy.cpp:170] Cannot connect to the target to setup proxying: OK
socket_vsock_proxy(1257477)  E 10-03 23:08:20 1257477 1267915 shared_fd.cpp:301] cannot connect to 3:5555
socket_vsock_proxy(1257477)  E 10-03 23:08:20 1257477 1267915 socket2socket_proxy.cpp:170] Cannot connect to the target to setup proxying: OK
socket_vsock_proxy(1257477)  E 10-03 23:08:21 1257477 1267915 shared_fd.cpp:301] cannot connect to 3:5555
socket_vsock_proxy(1257477)  E 10-03 23:08:21 1257477 1267915 socket2socket_proxy.cpp:170] Cannot connect to the target to setup proxying: OK
socket_vsock_proxy(1257477)  E 10-03 23:08:21 1257477 1267915 shared_fd.cpp:301] cannot connect to 3:5555
socket_vsock_proxy(1257477)  E 10-03 23:08:21 1257477 1267915 socket2socket_proxy.cpp:170] Cannot connect to the target to setup proxying: OK
socket_vsock_proxy(1257477)  E 10-03 23:08:21 1257477 1267915 shared_fd.cpp:301] cannot connect to 3:5555
socket_vsock_proxy(1257477)  E 10-03 23:08:21 1257477 1267915 socket2socket_proxy.cpp:170] Cannot connect to the target to setup proxying: OK
socket_vsock_proxy(1257477)  E 10-03 23:08:21 1257477 1267915 shared_fd.cpp:301] cannot connect to 3:5555
socket_vsock_proxy(1257477)  E 10-03 23:08:21 1257477 1267915 socket2socket_proxy.cpp:170] Cannot connect to the target to setup proxying: OK
socket_vsock_proxy(1257477)  E 10-03 23:08:21 1257477 1267915 shared_fd.cpp:301] cannot connect to 3:5555
socket_vsock_proxy(1257477)  E 10-03 23:08:21 1257477 1267915 socket2socket_proxy.cpp:170] Cannot connect to the target to setup proxying: OK
socket_vsock_proxy(1257477)  E 10-03 23:08:21 1257477 1267915 shared_fd.cpp:301] cannot connect to 3:5555
socket_vsock_proxy(1257477)  E 10-03 23:08:21 1257477 1267915 socket2socket_proxy.cpp:170] Cannot connect to the target to setup proxying: OK
socket_vsock_proxy(1257477)  E 10-03 23:08:22 1257477 1267915 shared_fd.cpp:301] cannot connect to 3:5555
socket_vsock_proxy(1257477)  E 10-03 23:08:22 1257477 1267915 socket2socket_proxy.cpp:170] Cannot connect to the target to setup proxying: OK
socket_vsock_proxy(1257477)  E 10-03 23:08:22 1257477 1267915 shared_fd.cpp:301] cannot connect to 3:5555
socket_vsock_proxy(1257477)  E 10-03 23:08:22 1257477 1267915 socket2socket_proxy.cpp:170] Cannot connect to the target to setup proxying: OK
socket_vsock_proxy(1257477)  E 10-03 23:08:22 1257477 1267915 shared_fd.cpp:301] cannot connect to 3:5555
socket_vsock_proxy(1257477)  E 10-03 23:08:22 1257477 1267915 socket2socket_proxy.cpp:170] Cannot connect to the target to setup proxying: OK
socket_vsock_proxy(1257477)  E 10-03 23:08:22 1257477 1267915 shared_fd.cpp:301] cannot connect to 3:5555
socket_vsock_proxy(1257477)  E 10-03 23:08:22 1257477 1267915 socket2socket_proxy.cpp:170] Cannot connect to the target to setup proxying: OK
socket_vsock_proxy(1257477)  E 10-03 23:08:22 1257477 1267915 shared_fd.cpp:301] cannot connect to 3:5555
socket_vsock_proxy(1257477)  E 10-03 23:08:22 1257477 1267915 socket2socket_proxy.cpp:170] Cannot connect to the target to setup proxying: OK
socket_vsock_proxy(1257477)  E 10-03 23:08:22 1257477 1267915 shared_fd.cpp:301] cannot connect to 3:5555
socket_vsock_proxy(1257477)  E 10-03 23:08:22 1257477 1267915 socket2socket_proxy.cpp:170] Cannot connect to the target to setup proxying: OK
socket_vsock_proxy(1257477)  E 10-03 23:08:22 1257477 1267915 shared_fd.cpp:301] cannot connect to 3:5555
socket_vsock_proxy(1257477)  E 10-03 23:08:22 1257477 1267915 socket2socket_proxy.cpp:170] Cannot connect to the target to setup proxying: OK
socket_vsock_proxy(1257477)  E 10-03 23:08:23 1257477 1267915 shared_fd.cpp:301] cannot connect to 3:5555
socket_vsock_proxy(1257477)  E 10-03 23:08:23 1257477 1267915 socket2socket_proxy.cpp:170] Cannot connect to the target to setup proxying: OK
socket_vsock_proxy(1257477)  E 10-03 23:08:23 1257477 1267915 shared_fd.cpp:301] cannot connect to 3:5555
socket_vsock_proxy(1257477)  E 10-03 23:08:23 1257477 1267915 socket2socket_proxy.cpp:170] Cannot connect to the target to setup proxying: OK
socket_vsock_proxy(1257477)  E 10-03 23:08:23 1257477 1267915 shared_fd.cpp:301] cannot connect to 3:5555
socket_vsock_proxy(1257477)  E 10-03 23:08:23 1257477 1267915 socket2socket_proxy.cpp:170] Cannot connect to the target to setup proxying: OK
socket_vsock_proxy(1257477)  E 10-03 23:08:23 1257477 1267915 shared_fd.cpp:301] cannot connect to 3:5555
socket_vsock_proxy(1257477)  E 10-03 23:08:23 1257477 1267915 socket2socket_proxy.cpp:170] Cannot connect to the target to setup proxying: OK
socket_vsock_proxy(1257477)  E 10-03 23:08:23 1257477 1267915 shared_fd.cpp:301] cannot connect to 3:5555
socket_vsock_proxy(1257477)  E 10-03 23:08:23 1257477 1267915 socket2socket_proxy.cpp:170] Cannot connect to the target to setup proxying: OK
adb_connector(1257476)  D 10-03 23:08:23 1257476 1257482 adb_connection_maintainer.cpp:234] adb connected to 127.0.0.1:6520
socket_vsock_proxy(1257477)  E 10-03 23:08:23 1257477 1267915 shared_fd.cpp:301] cannot connect to 3:5555
socket_vsock_proxy(1257477)  E 10-03 23:08:23 1257477 1267915 socket2socket_proxy.cpp:170] Cannot connect to the target to setup proxying: OK
socket_vsock_proxy(1257477)  E 10-03 23:08:24 1257477 1267915 shared_fd.cpp:301] cannot connect to 3:5555
socket_vsock_proxy(1257477)  E 10-03 23:08:24 1257477 1267915 socket2socket_proxy.cpp:170] Cannot connect to the target to setup proxying: OK
socket_vsock_proxy(1257477)  E 10-03 23:08:24 1257477 1267915 shared_fd.cpp:301] cannot connect to 3:5555
socket_vsock_proxy(1257477)  E 10-03 23:08:24 1257477 1267915 socket2socket_proxy.cpp:170] Cannot connect to the target to setup proxying: OK
socket_vsock_proxy(1257477)  E 10-03 23:08:24 1257477 1267915 shared_fd.cpp:301] cannot connect to 3:5555
socket_vsock_proxy(1257477)  E 10-03 23:08:24 1257477 1267915 socket2socket_proxy.cpp:170] Cannot connect to the target to setup proxying: OK
socket_vsock_proxy(1257477)  E 10-03 23:08:24 1257477 1267915 shared_fd.cpp:301] cannot connect to 3:5555
socket_vsock_proxy(1257477)  E 10-03 23:08:24 1257477 1267915 socket2socket_proxy.cpp:170] Cannot connect to the target to setup proxying: OK
socket_vsock_proxy(1257477)  E 10-03 23:08:24 1257477 1267915 shared_fd.cpp:301] cannot connect to 3:5555
socket_vsock_proxy(1257477)  E 10-03 23:08:24 1257477 1267915 socket2socket_proxy.cpp:170] Cannot connect to the target to setup proxying: OK
socket_vsock_proxy(1257477)  E 10-03 23:08:25 1257477 1267915 shared_fd.cpp:301] cannot connect to 3:5555
socket_vsock_proxy(1257477)  E 10-03 23:08:25 1257477 1267915 socket2socket_proxy.cpp:170] Cannot connect to the target to setup proxying: OK
socket_vsock_proxy(1257477)  E 10-03 23:08:25 1257477 1267915 shared_fd.cpp:301] cannot connect to 3:5555
socket_vsock_proxy(1257477)  E 10-03 23:08:25 1257477 1267915 socket2socket_proxy.cpp:170] Cannot connect to the target to setup proxying: OK
socket_vsock_proxy(1257477)  E 10-03 23:08:25 1257477 1267915 shared_fd.cpp:301] cannot connect to 3:5555
socket_vsock_proxy(1257477)  E 10-03 23:08:25 1257477 1267915 socket2socket_proxy.cpp:170] Cannot connect to the target to setup proxying: OK
socket_vsock_proxy(1257477)  E 10-03 23:08:25 1257477 1267915 shared_fd.cpp:301] cannot connect to 3:5555
socket_vsock_proxy(1257477)  E 10-03 23:08:25 1257477 1267915 socket2socket_proxy.cpp:170] Cannot connect to the target to setup proxying: OK
socket_vsock_proxy(1257477)  E 10-03 23:08:25 1257477 1267915 shared_fd.cpp:301] cannot connect to 3:5555
socket_vsock_proxy(1257477)  E 10-03 23:08:25 1257477 1267915 socket2socket_proxy.cpp:170] Cannot connect to the target to setup proxying: OK
socket_vsock_proxy(1257477)  E 10-03 23:08:25 1257477 1267915 shared_fd.cpp:301] cannot connect to 3:5555
socket_vsock_proxy(1257477)  E 10-03 23:08:25 1257477 1267915 socket2socket_proxy.cpp:170] Cannot connect to the target to setup proxying: OK
socket_vsock_proxy(1257477)  E 10-03 23:08:26 1257477 1267915 shared_fd.cpp:301] cannot connect to 3:5555
socket_vsock_proxy(1257477)  E 10-03 23:08:26 1257477 1267915 socket2socket_proxy.cpp:170] Cannot connect to the target to setup proxying: OK
socket_vsock_proxy(1257477)  E 10-03 23:08:26 1257477 1267915 shared_fd.cpp:301] cannot connect to 3:5555
socket_vsock_proxy(1257477)  E 10-03 23:08:26 1257477 1267915 socket2socket_proxy.cpp:170] Cannot connect to the target to setup proxying: OK
socket_vsock_proxy(1257477)  E 10-03 23:08:26 1257477 1267915 shared_fd.cpp:301] cannot connect to 3:5555
socket_vsock_proxy(1257477)  E 10-03 23:08:26 1257477 1267915 socket2socket_proxy.cpp:170] Cannot connect to the target to setup proxying: OK
socket_vsock_proxy(1257477)  E 10-03 23:08:26 1257477 1267915 shared_fd.cpp:301] cannot connect to 3:5555
socket_vsock_proxy(1257477)  E 10-03 23:08:26 1257477 1267915 socket2socket_proxy.cpp:170] Cannot connect to the target to setup proxying: OK
socket_vsock_proxy(1257477)  E 10-03 23:08:26 1257477 1267915 shared_fd.cpp:301] cannot connect to 3:5555
socket_vsock_proxy(1257477)  E 10-03 23:08:26 1257477 1267915 socket2socket_proxy.cpp:170] Cannot connect to the target to setup proxying: OK
socket_vsock_proxy(1257477)  E 10-03 23:08:27 1257477 1267915 shared_fd.cpp:301] cannot connect to 3:5555
socket_vsock_proxy(1257477)  E 10-03 23:08:27 1257477 1267915 socket2socket_proxy.cpp:170] Cannot connect to the target to setup proxying: OK
socket_vsock_proxy(1257477)  E 10-03 23:08:27 1257477 1267915 shared_fd.cpp:301] cannot connect to 3:5555
socket_vsock_proxy(1257477)  E 10-03 23:08:27 1257477 1267915 socket2socket_proxy.cpp:170] Cannot connect to the target to setup proxying: OK
socket_vsock_proxy(1257477)  E 10-03 23:08:27 1257477 1267915 shared_fd.cpp:301] cannot connect to 3:5555
socket_vsock_proxy(1257477)  E 10-03 23:08:27 1257477 1267915 socket2socket_proxy.cpp:170] Cannot connect to the target to setup proxying: OK
socket_vsock_proxy(1257477)  E 10-03 23:08:27 1257477 1267915 shared_fd.cpp:301] cannot connect to 3:5555
socket_vsock_proxy(1257477)  E 10-03 23:08:27 1257477 1267915 socket2socket_proxy.cpp:170] Cannot connect to the target to setup proxying: OK
socket_vsock_proxy(1257477)  E 10-03 23:08:27 1257477 1267915 shared_fd.cpp:301] cannot connect to 3:5555
socket_vsock_proxy(1257477)  E 10-03 23:08:27 1257477 1267915 socket2socket_proxy.cpp:170] Cannot connect to the target to setup proxying: OK
socket_vsock_proxy(1257477)  E 10-03 23:08:27 1257477 1267915 shared_fd.cpp:301] cannot connect to 3:5555
socket_vsock_proxy(1257477)  E 10-03 23:08:27 1257477 1267915 socket2socket_proxy.cpp:170] Cannot connect to the target to setup proxying: OK
socket_vsock_proxy(1257477)  E 10-03 23:08:27 1257477 1267915 shared_fd.cpp:301] cannot connect to 3:5555
socket_vsock_proxy(1257477)  E 10-03 23:08:27 1257477 1267915 socket2socket_proxy.cpp:170] Cannot connect to the target to setup proxying: OK
socket_vsock_proxy(1257477)  E 10-03 23:08:28 1257477 1267915 shared_fd.cpp:301] cannot connect to 3:5555
socket_vsock_proxy(1257477)  E 10-03 23:08:28 1257477 1267915 socket2socket_proxy.cpp:170] Cannot connect to the target to setup proxying: OK
socket_vsock_proxy(1257477)  E 10-03 23:08:28 1257477 1267915 shared_fd.cpp:301] cannot connect to 3:5555
socket_vsock_proxy(1257477)  E 10-03 23:08:28 1257477 1267915 socket2socket_proxy.cpp:170] Cannot connect to the target to setup proxying: OK
socket_vsock_proxy(1257477)  E 10-03 23:08:28 1257477 1267915 shared_fd.cpp:301] cannot connect to 3:5555
socket_vsock_proxy(1257477)  E 10-03 23:08:28 1257477 1267915 socket2socket_proxy.cpp:170] Cannot connect to the target to setup proxying: OK
socket_vsock_proxy(1257477)  E 10-03 23:08:28 1257477 1267915 shared_fd.cpp:301] cannot connect to 3:5555
socket_vsock_proxy(1257477)  E 10-03 23:08:28 1257477 1267915 socket2socket_proxy.cpp:170] Cannot connect to the target to setup proxying: OK
socket_vsock_proxy(1257477)  E 10-03 23:08:28 1257477 1267915 shared_fd.cpp:301] cannot connect to 3:5555
socket_vsock_proxy(1257477)  E 10-03 23:08:28 1257477 1267915 socket2socket_proxy.cpp:170] Cannot connect to the target to setup proxying: OK
adb_connector(1257476)  D 10-03 23:08:28 1257476 1257482 adb_connection_maintainer.cpp:241] Watching for disconnect on 127.0.0.1:6520
adb_connector(1257476)  W 10-03 23:08:28 1257476 1257482 adb_connection_maintainer.cpp:250] transport message failed, response body: device offline
adb_connector(1257476)  D 10-03 23:08:28 1257476 1257482 adb_connection_maintainer.cpp:285] Sending adb disconnect
socket_vsock_proxy(1257477)  E 10-03 23:08:28 1257477 1267915 shared_fd.cpp:301] cannot connect to 3:5555
socket_vsock_proxy(1257477)  E 10-03 23:08:28 1257477 1267915 socket2socket_proxy.cpp:170] Cannot connect to the target to setup proxying: OK
socket_vsock_proxy(1257477)  E 10-03 23:08:29 1257477 1267915 shared_fd.cpp:301] cannot connect to 3:5555
socket_vsock_proxy(1257477)  E 10-03 23:08:29 1257477 1267915 socket2socket_proxy.cpp:170] Cannot connect to the target to setup proxying: OK
socket_vsock_proxy(1257477)  E 10-03 23:08:29 1257477 1267915 shared_fd.cpp:301] cannot connect to 3:5555
socket_vsock_proxy(1257477)  E 10-03 23:08:29 1257477 1267915 socket2socket_proxy.cpp:170] Cannot connect to the target to setup proxying: OK
socket_vsock_proxy(1257477)  E 10-03 23:08:29 1257477 1267915 shared_fd.cpp:301] cannot connect to 3:5555
socket_vsock_proxy(1257477)  E 10-03 23:08:29 1257477 1267915 socket2socket_proxy.cpp:170] Cannot connect to the target to setup proxying: OK
socket_vsock_proxy(1257477)  D 10-03 23:08:30 1257477 1267915 client.cpp:110] Connected to vsock:3:5555
socket_vsock_proxy(1257477)  D 10-03 23:08:30 1257477 1267915 socket2socket_proxy.cpp:163] Launching proxy threads
socket_vsock_proxy(1257477)  D 10-03 23:08:30 1257477 1267915 socket2socket_proxy.cpp:166] Proxy is launched. Amount of currently tracked proxy pairs: 1
socket_vsock_proxy(1257477)  D 10-03 23:08:30 1257477 1268848 socket2socket_proxy.cpp:88] c2t: Proxy thread started. Starting copying data
socket_vsock_proxy(1257477)  D 10-03 23:08:30 1257477 1268849 socket2socket_proxy.cpp:88] t2c: Proxy thread started. Starting copying data
socket_vsock_proxy(1257477)  D 10-03 23:08:32 1257477 1267915 client.cpp:110] Connected to vsock:3:5555
socket_vsock_proxy(1257477)  D 10-03 23:08:32 1257477 1267915 socket2socket_proxy.cpp:163] Launching proxy threads
socket_vsock_proxy(1257477)  D 10-03 23:08:32 1257477 1267915 socket2socket_proxy.cpp:166] Proxy is launched. Amount of currently tracked proxy pairs: 2
socket_vsock_proxy(1257477)  D 10-03 23:08:32 1257477 1268874 socket2socket_proxy.cpp:88] c2t: Proxy thread started. Starting copying data
socket_vsock_proxy(1257477)  D 10-03 23:08:32 1257477 1268874 socket2socket_proxy.cpp:100] c2t: Proxy thread completed
socket_vsock_proxy(1257477)  D 10-03 23:08:32 1257477 1268875 socket2socket_proxy.cpp:88] t2c: Proxy thread started. Starting copying data
socket_vsock_proxy(1257477)  D 10-03 23:08:32 1257477 1268875 socket2socket_proxy.cpp:100] t2c: Proxy thread completed
log_tee(1257448)  D 10-03 23:08:32 1257448 1257448 log_tee.cpp:185] [WARN  vhost_device_vsock::thread_backend] Could not remove epoll listener for fd 20: EpollRemove(Os { code: 2, kind: NotFound, message: "No such file or directory" })
adb_connector(1257476)  D 10-03 23:08:33 1257476 1257482 adb_connection_maintainer.cpp:223] Attempting to connect to device with address 127.0.0.1:6520
adb_connector(1257476)  D 10-03 23:08:33 1257476 1257482 adb_connection_maintainer.cpp:227] adb connect message for 127.0.0.1:6520 successfully sent
socket_vsock_proxy(1257477)  D 10-03 23:08:33 1257477 1267915 client.cpp:110] Connected to vsock:3:5555
socket_vsock_proxy(1257477)  D 10-03 23:08:33 1257477 1267915 socket2socket_proxy.cpp:163] Launching proxy threads
socket_vsock_proxy(1257477)  D 10-03 23:08:33 1257477 1267915 socket2socket_proxy.cpp:166] Proxy is launched. Amount of currently tracked proxy pairs: 3
socket_vsock_proxy(1257477)  D 10-03 23:08:33 1257477 1268895 socket2socket_proxy.cpp:88] c2t: Proxy thread started. Starting copying data
socket_vsock_proxy(1257477)  D 10-03 23:08:33 1257477 1268896 socket2socket_proxy.cpp:88] t2c: Proxy thread started. Starting copying data
adb_connector(1257476)  D 10-03 23:08:38 1257476 1257482 adb_connection_maintainer.cpp:234] adb connected to 127.0.0.1:6520
adb_connector(1257476)  D 10-03 23:08:43 1257476 1257482 adb_connection_maintainer.cpp:241] Watching for disconnect on 127.0.0.1:6520
socket_vsock_proxy(1257477)  D 10-03 23:08:47 1257477 1267915 client.cpp:110] Connected to vsock:3:5555
socket_vsock_proxy(1257477)  D 10-03 23:08:47 1257477 1267915 socket2socket_proxy.cpp:163] Launching proxy threads
socket_vsock_proxy(1257477)  D 10-03 23:08:47 1257477 1267915 socket2socket_proxy.cpp:166] Proxy is launched. Amount of currently tracked proxy pairs: 3
socket_vsock_proxy(1257477)  D 10-03 23:08:47 1257477 1269037 socket2socket_proxy.cpp:88] c2t: Proxy thread started. Starting copying data
socket_vsock_proxy(1257477)  D 10-03 23:08:47 1257477 1269038 socket2socket_proxy.cpp:88] t2c: Proxy thread started. Starting copying data
socket_vsock_proxy(1257477)  D 10-03 23:08:47 1257477 1269037 socket2socket_proxy.cpp:100] c2t: Proxy thread completed
socket_vsock_proxy(1257477)  D 10-03 23:08:47 1257477 1269038 socket2socket_proxy.cpp:100] t2c: Proxy thread completed
log_tee(1257448)  D 10-03 23:08:47 1257448 1257448 log_tee.cpp:185] [WARN  vhost_device_vsock::thread_backend] Could not remove epoll listener for fd 21: EpollRemove(Os { code: 2, kind: NotFound, message: "No such file or directory" })
socket_vsock_proxy(1257477)  D 10-03 23:09:02 1257477 1267915 client.cpp:110] Connected to vsock:3:5555
socket_vsock_proxy(1257477)  D 10-03 23:09:02 1257477 1267915 socket2socket_proxy.cpp:163] Launching proxy threads
socket_vsock_proxy(1257477)  D 10-03 23:09:02 1257477 1267915 socket2socket_proxy.cpp:166] Proxy is launched. Amount of currently tracked proxy pairs: 4
socket_vsock_proxy(1257477)  D 10-03 23:09:02 1257477 1269194 socket2socket_proxy.cpp:88] c2t: Proxy thread started. Starting copying data
socket_vsock_proxy(1257477)  D 10-03 23:09:02 1257477 1269195 socket2socket_proxy.cpp:88] t2c: Proxy thread started. Starting copying data
socket_vsock_proxy(1257477)  D 10-03 23:09:02 1257477 1269194 socket2socket_proxy.cpp:100] c2t: Proxy thread completed
log_tee(1257448)  D 10-03 23:09:02 1257448 1257448 log_tee.cpp:185] [WARN  vhost_device_vsock::thread_backend] Could not remove epoll listener for fd 21: EpollRemove(Os { code: 2, kind: NotFound, message: "No such file or directory" })
socket_vsock_proxy(1257477)  D 10-03 23:09:02 1257477 1269195 socket2socket_proxy.cpp:100] t2c: Proxy thread completed
socket_vsock_proxy(1257477)  D 10-03 23:09:17 1257477 1267915 client.cpp:110] Connected to vsock:3:5555
socket_vsock_proxy(1257477)  D 10-03 23:09:17 1257477 1267915 socket2socket_proxy.cpp:163] Launching proxy threads
socket_vsock_proxy(1257477)  D 10-03 23:09:17 1257477 1267915 socket2socket_proxy.cpp:166] Proxy is launched. Amount of currently tracked proxy pairs: 4
socket_vsock_proxy(1257477)  D 10-03 23:09:17 1257477 1269352 socket2socket_proxy.cpp:88] c2t: Proxy thread started. Starting copying data
socket_vsock_proxy(1257477)  D 10-03 23:09:17 1257477 1269352 socket2socket_proxy.cpp:100] c2t: Proxy thread completed
socket_vsock_proxy(1257477)  D 10-03 23:09:17 1257477 1269353 socket2socket_proxy.cpp:88] t2c: Proxy thread started. Starting copying data
log_tee(1257448)  D 10-03 23:09:17 1257448 1257448 log_tee.cpp:185] [WARN  vhost_device_vsock::thread_backend] Could not remove epoll listener for fd 21: EpollRemove(Os { code: 2, kind: NotFound, message: "No such file or directory" })
socket_vsock_proxy(1257477)  D 10-03 23:09:17 1257477 1269353 socket2socket_proxy.cpp:100] t2c: Proxy thread completed
socket_vsock_proxy(1257477)  D 10-03 23:09:32 1257477 1267915 client.cpp:110] Connected to vsock:3:5555
socket_vsock_proxy(1257477)  D 10-03 23:09:32 1257477 1267915 socket2socket_proxy.cpp:163] Launching proxy threads
socket_vsock_proxy(1257477)  D 10-03 23:09:32 1257477 1267915 socket2socket_proxy.cpp:166] Proxy is launched. Amount of currently tracked proxy pairs: 4
socket_vsock_proxy(1257477)  D 10-03 23:09:32 1257477 1269507 socket2socket_proxy.cpp:88] c2t: Proxy thread started. Starting copying data
socket_vsock_proxy(1257477)  D 10-03 23:09:32 1257477 1269508 socket2socket_proxy.cpp:88] t2c: Proxy thread started. Starting copying data
socket_vsock_proxy(1257477)  D 10-03 23:09:32 1257477 1269507 socket2socket_proxy.cpp:100] c2t: Proxy thread completed
log_tee(1257448)  D 10-03 23:09:32 1257448 1257448 log_tee.cpp:185] [WARN  vhost_device_vsock::thread_backend] Could not remove epoll listener for fd 21: EpollRemove(Os { code: 2, kind: NotFound, message: "No such file or directory" })
socket_vsock_proxy(1257477)  D 10-03 23:09:32 1257477 1269508 socket2socket_proxy.cpp:100] t2c: Proxy thread completed
socket_vsock_proxy(1257477)  D 10-03 23:09:47 1257477 1267915 client.cpp:110] Connected to vsock:3:5555
socket_vsock_proxy(1257477)  D 10-03 23:09:47 1257477 1267915 socket2socket_proxy.cpp:163] Launching proxy threads
socket_vsock_proxy(1257477)  D 10-03 23:09:47 1257477 1269668 socket2socket_proxy.cpp:88] c2t: Proxy thread started. Starting copying data
socket_vsock_proxy(1257477)  D 10-03 23:09:47 1257477 1267915 socket2socket_proxy.cpp:166] Proxy is launched. Amount of currently tracked proxy pairs: 4
socket_vsock_proxy(1257477)  D 10-03 23:09:47 1257477 1269668 socket2socket_proxy.cpp:100] c2t: Proxy thread completed
socket_vsock_proxy(1257477)  D 10-03 23:09:47 1257477 1269669 socket2socket_proxy.cpp:88] t2c: Proxy thread started. Starting copying data
log_tee(1257448)  D 10-03 23:09:47 1257448 1257448 log_tee.cpp:185] [WARN  vhost_device_vsock::thread_backend] Could not remove epoll listener for fd 21: EpollRemove(Os { code: 2, kind: NotFound, message: "No such file or directory" })
socket_vsock_proxy(1257477)  D 10-03 23:09:47 1257477 1269669 socket2socket_proxy.cpp:100] t2c: Proxy thread completed
socket_vsock_proxy(1257477)  D 10-03 23:10:02 1257477 1267915 client.cpp:110] Connected to vsock:3:5555
socket_vsock_proxy(1257477)  D 10-03 23:10:02 1257477 1267915 socket2socket_proxy.cpp:163] Launching proxy threads
socket_vsock_proxy(1257477)  D 10-03 23:10:02 1257477 1267915 socket2socket_proxy.cpp:166] Proxy is launched. Amount of currently tracked proxy pairs: 4
socket_vsock_proxy(1257477)  D 10-03 23:10:02 1257477 1269830 socket2socket_proxy.cpp:88] c2t: Proxy thread started. Starting copying data
socket_vsock_proxy(1257477)  D 10-03 23:10:02 1257477 1269831 socket2socket_proxy.cpp:88] t2c: Proxy thread started. Starting copying data
socket_vsock_proxy(1257477)  D 10-03 23:10:02 1257477 1269830 socket2socket_proxy.cpp:100] c2t: Proxy thread completed
log_tee(1257448)  D 10-03 23:10:02 1257448 1257448 log_tee.cpp:185] [WARN  vhost_device_vsock::thread_backend] Could not remove epoll listener for fd 21: EpollRemove(Os { code: 2, kind: NotFound, message: "No such file or directory" })
socket_vsock_proxy(1257477)  D 10-03 23:10:02 1257477 1269831 socket2socket_proxy.cpp:100] t2c: Proxy thread completed
socket_vsock_proxy(1257477)  D 10-03 23:10:17 1257477 1267915 client.cpp:110] Connected to vsock:3:5555
socket_vsock_proxy(1257477)  D 10-03 23:10:17 1257477 1267915 socket2socket_proxy.cpp:163] Launching proxy threads
socket_vsock_proxy(1257477)  D 10-03 23:10:17 1257477 1267915 socket2socket_proxy.cpp:166] Proxy is launched. Amount of currently tracked proxy pairs: 4
socket_vsock_proxy(1257477)  D 10-03 23:10:17 1257477 1269988 socket2socket_proxy.cpp:88] c2t: Proxy thread started. Starting copying data
socket_vsock_proxy(1257477)  D 10-03 23:10:17 1257477 1269989 socket2socket_proxy.cpp:88] t2c: Proxy thread started. Starting copying data
socket_vsock_proxy(1257477)  D 10-03 23:10:17 1257477 1269988 socket2socket_proxy.cpp:100] c2t: Proxy thread completed
log_tee(1257448)  D 10-03 23:10:17 1257448 1257448 log_tee.cpp:185] [WARN  vhost_device_vsock::thread_backend] Could not remove epoll listener for fd 21: EpollRemove(Os { code: 2, kind: NotFound, message: "No such file or directory" })
socket_vsock_proxy(1257477)  D 10-03 23:10:17 1257477 1269989 socket2socket_proxy.cpp:100] t2c: Proxy thread completed
socket_vsock_proxy(1257477)  D 10-03 23:10:32 1257477 1267915 client.cpp:110] Connected to vsock:3:5555
socket_vsock_proxy(1257477)  D 10-03 23:10:32 1257477 1267915 socket2socket_proxy.cpp:163] Launching proxy threads
socket_vsock_proxy(1257477)  D 10-03 23:10:32 1257477 1267915 socket2socket_proxy.cpp:166] Proxy is launched. Amount of currently tracked proxy pairs: 4
socket_vsock_proxy(1257477)  D 10-03 23:10:32 1257477 1270148 socket2socket_proxy.cpp:88] c2t: Proxy thread started. Starting copying data
socket_vsock_proxy(1257477)  D 10-03 23:10:32 1257477 1270149 socket2socket_proxy.cpp:88] t2c: Proxy thread started. Starting copying data
socket_vsock_proxy(1257477)  D 10-03 23:10:32 1257477 1270148 socket2socket_proxy.cpp:100] c2t: Proxy thread completed
log_tee(1257448)  D 10-03 23:10:32 1257448 1257448 log_tee.cpp:185] [WARN  vhost_device_vsock::thread_backend] Could not remove epoll listener for fd 21: EpollRemove(Os { code: 2, kind: NotFound, message: "No such file or directory" })
socket_vsock_proxy(1257477)  D 10-03 23:10:32 1257477 1270149 socket2socket_proxy.cpp:100] t2c: Proxy thread completed
socket_vsock_proxy(1257477)  D 10-03 23:10:47 1257477 1267915 client.cpp:110] Connected to vsock:3:5555
socket_vsock_proxy(1257477)  D 10-03 23:10:47 1257477 1267915 socket2socket_proxy.cpp:163] Launching proxy threads
socket_vsock_proxy(1257477)  D 10-03 23:10:47 1257477 1267915 socket2socket_proxy.cpp:166] Proxy is launched. Amount of currently tracked proxy pairs: 4
socket_vsock_proxy(1257477)  D 10-03 23:10:47 1257477 1270302 socket2socket_proxy.cpp:88] c2t: Proxy thread started. Starting copying data
socket_vsock_proxy(1257477)  D 10-03 23:10:47 1257477 1270303 socket2socket_proxy.cpp:88] t2c: Proxy thread started. Starting copying data
socket_vsock_proxy(1257477)  D 10-03 23:10:47 1257477 1270302 socket2socket_proxy.cpp:100] c2t: Proxy thread completed
socket_vsock_proxy(1257477)  D 10-03 23:10:47 1257477 1270303 socket2socket_proxy.cpp:100] t2c: Proxy thread completed
log_tee(1257448)  D 10-03 23:10:47 1257448 1257448 log_tee.cpp:185] [WARN  vhost_device_vsock::thread_backend] Could not remove epoll listener for fd 21: EpollRemove(Os { code: 2, kind: NotFound, message: "No such file or directory" })
kernel_log_monitor(1257511)  I 10-03 23:11:02 1257511 1257511 kernel_log_server.cc:155] VIRTUAL_DEVICE_DISPLAY_POWER_MODE_CHANGED
kernel_log_monitor(1257511)  D 10-03 23:11:02 1257511 1257511 kernel_log_server.cc:171] Empty field for line: 
kernel_log_monitor(1257511)  D 10-03 23:11:02 1257511 1257511 kernel_log_server.cc:171] [  671.337662][  T660] VIRTUAL_DEVICE_DISPLAY_POWER_MODE_CHANGED display=0 mode=ON
socket_vsock_proxy(1257477)  D 10-03 23:11:02 1257477 1267915 client.cpp:110] Connected to vsock:3:5555
socket_vsock_proxy(1257477)  D 10-03 23:11:02 1257477 1267915 socket2socket_proxy.cpp:163] Launching proxy threads
socket_vsock_proxy(1257477)  D 10-03 23:11:02 1257477 1270458 socket2socket_proxy.cpp:88] c2t: Proxy thread started. Starting copying data
socket_vsock_proxy(1257477)  D 10-03 23:11:02 1257477 1267915 socket2socket_proxy.cpp:166] Proxy is launched. Amount of currently tracked proxy pairs: 4
socket_vsock_proxy(1257477)  D 10-03 23:11:02 1257477 1270458 socket2socket_proxy.cpp:100] c2t: Proxy thread completed
socket_vsock_proxy(1257477)  D 10-03 23:11:02 1257477 1270459 socket2socket_proxy.cpp:88] t2c: Proxy thread started. Starting copying data
socket_vsock_proxy(1257477)  D 10-03 23:11:02 1257477 1270459 socket2socket_proxy.cpp:100] t2c: Proxy thread completed
log_tee(1257448)  D 10-03 23:11:02 1257448 1257448 log_tee.cpp:185] [WARN  vhost_device_vsock::thread_backend] Could not remove epoll listener for fd 21: EpollRemove(Os { code: 2, kind: NotFound, message: "No such file or directory" })
socket_vsock_proxy(1257477)  D 10-03 23:11:17 1257477 1267915 client.cpp:110] Connected to vsock:3:5555
socket_vsock_proxy(1257477)  D 10-03 23:11:17 1257477 1267915 socket2socket_proxy.cpp:163] Launching proxy threads
socket_vsock_proxy(1257477)  D 10-03 23:11:17 1257477 1267915 socket2socket_proxy.cpp:166] Proxy is launched. Amount of currently tracked proxy pairs: 4
socket_vsock_proxy(1257477)  D 10-03 23:11:17 1257477 1270616 socket2socket_proxy.cpp:88] c2t: Proxy thread started. Starting copying data
socket_vsock_proxy(1257477)  D 10-03 23:11:17 1257477 1270617 socket2socket_proxy.cpp:88] t2c: Proxy thread started. Starting copying data
socket_vsock_proxy(1257477)  D 10-03 23:11:17 1257477 1270616 socket2socket_proxy.cpp:100] c2t: Proxy thread completed
log_tee(1257448)  D 10-03 23:11:17 1257448 1257448 log_tee.cpp:185] [WARN  vhost_device_vsock::thread_backend] Could not remove epoll listener for fd 21: EpollRemove(Os { code: 2, kind: NotFound, message: "No such file or directory" })
socket_vsock_proxy(1257477)  D 10-03 23:11:17 1257477 1270617 socket2socket_proxy.cpp:100] t2c: Proxy thread completed
socket_vsock_proxy(1257477)  D 10-03 23:11:32 1257477 1267915 client.cpp:110] Connected to vsock:3:5555
socket_vsock_proxy(1257477)  D 10-03 23:11:32 1257477 1267915 socket2socket_proxy.cpp:163] Launching proxy threads
socket_vsock_proxy(1257477)  D 10-03 23:11:32 1257477 1267915 socket2socket_proxy.cpp:166] Proxy is launched. Amount of currently tracked proxy pairs: 4
socket_vsock_proxy(1257477)  D 10-03 23:11:32 1257477 1270773 socket2socket_proxy.cpp:88] c2t: Proxy thread started. Starting copying data
socket_vsock_proxy(1257477)  D 10-03 23:11:32 1257477 1270773 socket2socket_proxy.cpp:100] c2t: Proxy thread completed
socket_vsock_proxy(1257477)  D 10-03 23:11:32 1257477 1270774 socket2socket_proxy.cpp:88] t2c: Proxy thread started. Starting copying data
log_tee(1257448)  D 10-03 23:11:32 1257448 1257448 log_tee.cpp:185] [WARN  vhost_device_vsock::thread_backend] Could not remove epoll listener for fd 21: EpollRemove(Os { code: 2, kind: NotFound, message: "No such file or directory" })
socket_vsock_proxy(1257477)  D 10-03 23:11:32 1257477 1270774 socket2socket_proxy.cpp:100] t2c: Proxy thread completed
socket_vsock_proxy(1257477)  D 10-03 23:11:47 1257477 1267915 client.cpp:110] Connected to vsock:3:5555
socket_vsock_proxy(1257477)  D 10-03 23:11:47 1257477 1267915 socket2socket_proxy.cpp:163] Launching proxy threads
socket_vsock_proxy(1257477)  D 10-03 23:11:47 1257477 1270931 socket2socket_proxy.cpp:88] c2t: Proxy thread started. Starting copying data
socket_vsock_proxy(1257477)  D 10-03 23:11:47 1257477 1267915 socket2socket_proxy.cpp:166] Proxy is launched. Amount of currently tracked proxy pairs: 4
socket_vsock_proxy(1257477)  D 10-03 23:11:47 1257477 1270931 socket2socket_proxy.cpp:100] c2t: Proxy thread completed
socket_vsock_proxy(1257477)  D 10-03 23:11:47 1257477 1270932 socket2socket_proxy.cpp:88] t2c: Proxy thread started. Starting copying data
log_tee(1257448)  D 10-03 23:11:47 1257448 1257448 log_tee.cpp:185] [WARN  vhost_device_vsock::thread_backend] Could not remove epoll listener for fd 21: EpollRemove(Os { code: 2, kind: NotFound, message: "No such file or directory" })
socket_vsock_proxy(1257477)  D 10-03 23:11:47 1257477 1270932 socket2socket_proxy.cpp:100] t2c: Proxy thread completed
socket_vsock_proxy(1257477)  D 10-03 23:12:02 1257477 1267915 client.cpp:110] Connected to vsock:3:5555
socket_vsock_proxy(1257477)  D 10-03 23:12:02 1257477 1267915 socket2socket_proxy.cpp:163] Launching proxy threads
socket_vsock_proxy(1257477)  D 10-03 23:12:02 1257477 1267915 socket2socket_proxy.cpp:166] Proxy is launched. Amount of currently tracked proxy pairs: 4
socket_vsock_proxy(1257477)  D 10-03 23:12:02 1257477 1271094 socket2socket_proxy.cpp:88] t2c: Proxy thread started. Starting copying data
socket_vsock_proxy(1257477)  D 10-03 23:12:02 1257477 1271093 socket2socket_proxy.cpp:88] c2t: Proxy thread started. Starting copying data
socket_vsock_proxy(1257477)  D 10-03 23:12:02 1257477 1271093 socket2socket_proxy.cpp:100] c2t: Proxy thread completed
log_tee(1257448)  D 10-03 23:12:02 1257448 1257448 log_tee.cpp:185] [WARN  vhost_device_vsock::thread_backend] Could not remove epoll listener for fd 21: EpollRemove(Os { code: 2, kind: NotFound, message: "No such file or directory" })
socket_vsock_proxy(1257477)  D 10-03 23:12:02 1257477 1271094 socket2socket_proxy.cpp:100] t2c: Proxy thread completed
socket_vsock_proxy(1257477)  D 10-03 23:12:17 1257477 1267915 client.cpp:110] Connected to vsock:3:5555
socket_vsock_proxy(1257477)  D 10-03 23:12:17 1257477 1267915 socket2socket_proxy.cpp:163] Launching proxy threads
socket_vsock_proxy(1257477)  D 10-03 23:12:17 1257477 1267915 socket2socket_proxy.cpp:166] Proxy is launched. Amount of currently tracked proxy pairs: 4
socket_vsock_proxy(1257477)  D 10-03 23:12:17 1257477 1271250 socket2socket_proxy.cpp:88] c2t: Proxy thread started. Starting copying data
socket_vsock_proxy(1257477)  D 10-03 23:12:17 1257477 1271250 socket2socket_proxy.cpp:100] c2t: Proxy thread completed
socket_vsock_proxy(1257477)  D 10-03 23:12:17 1257477 1271251 socket2socket_proxy.cpp:88] t2c: Proxy thread started. Starting copying data
log_tee(1257448)  D 10-03 23:12:17 1257448 1257448 log_tee.cpp:185] [WARN  vhost_device_vsock::thread_backend] Could not remove epoll listener for fd 21: EpollRemove(Os { code: 2, kind: NotFound, message: "No such file or directory" })
socket_vsock_proxy(1257477)  D 10-03 23:12:17 1257477 1271251 socket2socket_proxy.cpp:100] t2c: Proxy thread completed
kernel_log_monitor(1257511)  I 10-03 23:12:28 1257511 1257511 kernel_log_server.cc:155] VIRTUAL_DEVICE_DISPLAY_POWER_MODE_CHANGED
kernel_log_monitor(1257511)  D 10-03 23:12:28 1257511 1257511 kernel_log_server.cc:171] Empty field for line: 
kernel_log_monitor(1257511)  D 10-03 23:12:28 1257511 1257511 kernel_log_server.cc:171] [  757.597181][  T660] VIRTUAL_DEVICE_DISPLAY_POWER_MODE_CHANGED display=0 mode=ON
socket_vsock_proxy(1257477)  D 10-03 23:12:32 1257477 1267915 client.cpp:110] Connected to vsock:3:5555
socket_vsock_proxy(1257477)  D 10-03 23:12:32 1257477 1267915 socket2socket_proxy.cpp:163] Launching proxy threads
socket_vsock_proxy(1257477)  D 10-03 23:12:32 1257477 1267915 socket2socket_proxy.cpp:166] Proxy is launched. Amount of currently tracked proxy pairs: 4
socket_vsock_proxy(1257477)  D 10-03 23:12:32 1257477 1271405 socket2socket_proxy.cpp:88] c2t: Proxy thread started. Starting copying data
socket_vsock_proxy(1257477)  D 10-03 23:12:32 1257477 1271405 socket2socket_proxy.cpp:100] c2t: Proxy thread completed
socket_vsock_proxy(1257477)  D 10-03 23:12:32 1257477 1271406 socket2socket_proxy.cpp:88] t2c: Proxy thread started. Starting copying data
log_tee(1257448)  D 10-03 23:12:32 1257448 1257448 log_tee.cpp:185] [WARN  vhost_device_vsock::thread_backend] Could not remove epoll listener for fd 21: EpollRemove(Os { code: 2, kind: NotFound, message: "No such file or directory" })
socket_vsock_proxy(1257477)  D 10-03 23:12:32 1257477 1271406 socket2socket_proxy.cpp:100] t2c: Proxy thread completed
socket_vsock_proxy(1257477)  D 10-03 23:12:47 1257477 1267915 client.cpp:110] Connected to vsock:3:5555
socket_vsock_proxy(1257477)  D 10-03 23:12:47 1257477 1267915 socket2socket_proxy.cpp:163] Launching proxy threads
socket_vsock_proxy(1257477)  D 10-03 23:12:47 1257477 1271562 socket2socket_proxy.cpp:88] c2t: Proxy thread started. Starting copying data
socket_vsock_proxy(1257477)  D 10-03 23:12:47 1257477 1267915 socket2socket_proxy.cpp:166] Proxy is launched. Amount of currently tracked proxy pairs: 4
socket_vsock_proxy(1257477)  D 10-03 23:12:47 1257477 1271563 socket2socket_proxy.cpp:88] t2c: Proxy thread started. Starting copying data
socket_vsock_proxy(1257477)  D 10-03 23:12:47 1257477 1271562 socket2socket_proxy.cpp:100] c2t: Proxy thread completed
log_tee(1257448)  D 10-03 23:12:47 1257448 1257448 log_tee.cpp:185] [WARN  vhost_device_vsock::thread_backend] Could not remove epoll listener for fd 21: EpollRemove(Os { code: 2, kind: NotFound, message: "No such file or directory" })
socket_vsock_proxy(1257477)  D 10-03 23:12:47 1257477 1271563 socket2socket_proxy.cpp:100] t2c: Proxy thread completed
socket_vsock_proxy(1257477)  D 10-03 23:13:02 1257477 1267915 client.cpp:110] Connected to vsock:3:5555
socket_vsock_proxy(1257477)  D 10-03 23:13:02 1257477 1267915 socket2socket_proxy.cpp:163] Launching proxy threads
socket_vsock_proxy(1257477)  D 10-03 23:13:02 1257477 1267915 socket2socket_proxy.cpp:166] Proxy is launched. Amount of currently tracked proxy pairs: 4
socket_vsock_proxy(1257477)  D 10-03 23:13:02 1257477 1271720 socket2socket_proxy.cpp:88] c2t: Proxy thread started. Starting copying data
socket_vsock_proxy(1257477)  D 10-03 23:13:02 1257477 1271720 socket2socket_proxy.cpp:100] c2t: Proxy thread completed
socket_vsock_proxy(1257477)  D 10-03 23:13:02 1257477 1271721 socket2socket_proxy.cpp:88] t2c: Proxy thread started. Starting copying data
log_tee(1257448)  D 10-03 23:13:02 1257448 1257448 log_tee.cpp:185] [WARN  vhost_device_vsock::thread_backend] Could not remove epoll listener for fd 21: EpollRemove(Os { code: 2, kind: NotFound, message: "No such file or directory" })
socket_vsock_proxy(1257477)  D 10-03 23:13:02 1257477 1271721 socket2socket_proxy.cpp:100] t2c: Proxy thread completed
socket_vsock_proxy(1257477)  D 10-03 23:13:17 1257477 1267915 client.cpp:110] Connected to vsock:3:5555
socket_vsock_proxy(1257477)  D 10-03 23:13:17 1257477 1267915 socket2socket_proxy.cpp:163] Launching proxy threads
socket_vsock_proxy(1257477)  D 10-03 23:13:17 1257477 1267915 socket2socket_proxy.cpp:166] Proxy is launched. Amount of currently tracked proxy pairs: 4
socket_vsock_proxy(1257477)  D 10-03 23:13:17 1257477 1271881 socket2socket_proxy.cpp:88] c2t: Proxy thread started. Starting copying data
socket_vsock_proxy(1257477)  D 10-03 23:13:17 1257477 1271882 socket2socket_proxy.cpp:88] t2c: Proxy thread started. Starting copying data
socket_vsock_proxy(1257477)  D 10-03 23:13:17 1257477 1271881 socket2socket_proxy.cpp:100] c2t: Proxy thread completed
log_tee(1257448)  D 10-03 23:13:17 1257448 1257448 log_tee.cpp:185] [WARN  vhost_device_vsock::thread_backend] Could not remove epoll listener for fd 21: EpollRemove(Os { code: 2, kind: NotFound, message: "No such file or directory" })
socket_vsock_proxy(1257477)  D 10-03 23:13:17 1257477 1271882 socket2socket_proxy.cpp:100] t2c: Proxy thread completed
socket_vsock_proxy(1257477)  D 10-03 23:13:32 1257477 1267915 client.cpp:110] Connected to vsock:3:5555
socket_vsock_proxy(1257477)  D 10-03 23:13:32 1257477 1267915 socket2socket_proxy.cpp:163] Launching proxy threads
socket_vsock_proxy(1257477)  D 10-03 23:13:32 1257477 1267915 socket2socket_proxy.cpp:166] Proxy is launched. Amount of currently tracked proxy pairs: 4
socket_vsock_proxy(1257477)  D 10-03 23:13:32 1257477 1272037 socket2socket_proxy.cpp:88] c2t: Proxy thread started. Starting copying data
socket_vsock_proxy(1257477)  D 10-03 23:13:32 1257477 1272038 socket2socket_proxy.cpp:88] t2c: Proxy thread started. Starting copying data
socket_vsock_proxy(1257477)  D 10-03 23:13:32 1257477 1272037 socket2socket_proxy.cpp:100] c2t: Proxy thread completed
log_tee(1257448)  D 10-03 23:13:32 1257448 1257448 log_tee.cpp:185] [WARN  vhost_device_vsock::thread_backend] Could not remove epoll listener for fd 21: EpollRemove(Os { code: 2, kind: NotFound, message: "No such file or directory" })
socket_vsock_proxy(1257477)  D 10-03 23:13:32 1257477 1272038 socket2socket_proxy.cpp:100] t2c: Proxy thread completed
socket_vsock_proxy(1257477)  D 10-03 23:13:47 1257477 1267915 client.cpp:110] Connected to vsock:3:5555
socket_vsock_proxy(1257477)  D 10-03 23:13:47 1257477 1267915 socket2socket_proxy.cpp:163] Launching proxy threads
socket_vsock_proxy(1257477)  D 10-03 23:13:47 1257477 1267915 socket2socket_proxy.cpp:166] Proxy is launched. Amount of currently tracked proxy pairs: 4
socket_vsock_proxy(1257477)  D 10-03 23:13:47 1257477 1272197 socket2socket_proxy.cpp:88] c2t: Proxy thread started. Starting copying data
socket_vsock_proxy(1257477)  D 10-03 23:13:47 1257477 1272197 socket2socket_proxy.cpp:100] c2t: Proxy thread completed
socket_vsock_proxy(1257477)  D 10-03 23:13:47 1257477 1272198 socket2socket_proxy.cpp:88] t2c: Proxy thread started. Starting copying data
log_tee(1257448)  D 10-03 23:13:47 1257448 1257448 log_tee.cpp:185] [WARN  vhost_device_vsock::thread_backend] Could not remove epoll listener for fd 21: EpollRemove(Os { code: 2, kind: NotFound, message: "No such file or directory" })
socket_vsock_proxy(1257477)  D 10-03 23:13:47 1257477 1272198 socket2socket_proxy.cpp:100] t2c: Proxy thread completed
socket_vsock_proxy(1257477)  D 10-03 23:14:02 1257477 1267915 client.cpp:110] Connected to vsock:3:5555
socket_vsock_proxy(1257477)  D 10-03 23:14:02 1257477 1267915 socket2socket_proxy.cpp:163] Launching proxy threads
socket_vsock_proxy(1257477)  D 10-03 23:14:02 1257477 1272357 socket2socket_proxy.cpp:88] c2t: Proxy thread started. Starting copying data
socket_vsock_proxy(1257477)  D 10-03 23:14:02 1257477 1267915 socket2socket_proxy.cpp:166] Proxy is launched. Amount of currently tracked proxy pairs: 4
socket_vsock_proxy(1257477)  D 10-03 23:14:02 1257477 1272357 socket2socket_proxy.cpp:100] c2t: Proxy thread completed
socket_vsock_proxy(1257477)  D 10-03 23:14:02 1257477 1272358 socket2socket_proxy.cpp:88] t2c: Proxy thread started. Starting copying data
log_tee(1257448)  D 10-03 23:14:02 1257448 1257448 log_tee.cpp:185] [WARN  vhost_device_vsock::thread_backend] Could not remove epoll listener for fd 21: EpollRemove(Os { code: 2, kind: NotFound, message: "No such file or directory" })
socket_vsock_proxy(1257477)  D 10-03 23:14:02 1257477 1272358 socket2socket_proxy.cpp:100] t2c: Proxy thread completed
socket_vsock_proxy(1257477)  D 10-03 23:14:17 1257477 1267915 client.cpp:110] Connected to vsock:3:5555
socket_vsock_proxy(1257477)  D 10-03 23:14:17 1257477 1267915 socket2socket_proxy.cpp:163] Launching proxy threads
socket_vsock_proxy(1257477)  D 10-03 23:14:17 1257477 1267915 socket2socket_proxy.cpp:166] Proxy is launched. Amount of currently tracked proxy pairs: 4
socket_vsock_proxy(1257477)  D 10-03 23:14:17 1257477 1272513 socket2socket_proxy.cpp:88] c2t: Proxy thread started. Starting copying data
socket_vsock_proxy(1257477)  D 10-03 23:14:17 1257477 1272513 socket2socket_proxy.cpp:100] c2t: Proxy thread completed
socket_vsock_proxy(1257477)  D 10-03 23:14:17 1257477 1272514 socket2socket_proxy.cpp:88] t2c: Proxy thread started. Starting copying data
log_tee(1257448)  D 10-03 23:14:17 1257448 1257448 log_tee.cpp:185] [WARN  vhost_device_vsock::thread_backend] Could not remove epoll listener for fd 21: EpollRemove(Os { code: 2, kind: NotFound, message: "No such file or directory" })
socket_vsock_proxy(1257477)  D 10-03 23:14:17 1257477 1272514 socket2socket_proxy.cpp:100] t2c: Proxy thread completed
socket_vsock_proxy(1257477)  D 10-03 23:14:32 1257477 1267915 client.cpp:110] Connected to vsock:3:5555
socket_vsock_proxy(1257477)  D 10-03 23:14:32 1257477 1267915 socket2socket_proxy.cpp:163] Launching proxy threads
socket_vsock_proxy(1257477)  D 10-03 23:14:32 1257477 1267915 socket2socket_proxy.cpp:166] Proxy is launched. Amount of currently tracked proxy pairs: 4
socket_vsock_proxy(1257477)  D 10-03 23:14:32 1257477 1272674 socket2socket_proxy.cpp:88] c2t: Proxy thread started. Starting copying data
socket_vsock_proxy(1257477)  D 10-03 23:14:32 1257477 1272675 socket2socket_proxy.cpp:88] t2c: Proxy thread started. Starting copying data
socket_vsock_proxy(1257477)  D 10-03 23:14:32 1257477 1272674 socket2socket_proxy.cpp:100] c2t: Proxy thread completed
log_tee(1257448)  D 10-03 23:14:32 1257448 1257448 log_tee.cpp:185] [WARN  vhost_device_vsock::thread_backend] Could not remove epoll listener for fd 21: EpollRemove(Os { code: 2, kind: NotFound, message: "No such file or directory" })
socket_vsock_proxy(1257477)  D 10-03 23:14:32 1257477 1272675 socket2socket_proxy.cpp:100] t2c: Proxy thread completed
socket_vsock_proxy(1257477)  D 10-03 23:14:47 1257477 1267915 client.cpp:110] Connected to vsock:3:5555
socket_vsock_proxy(1257477)  D 10-03 23:14:47 1257477 1267915 socket2socket_proxy.cpp:163] Launching proxy threads
socket_vsock_proxy(1257477)  D 10-03 23:14:47 1257477 1267915 socket2socket_proxy.cpp:166] Proxy is launched. Amount of currently tracked proxy pairs: 4
socket_vsock_proxy(1257477)  D 10-03 23:14:47 1257477 1272830 socket2socket_proxy.cpp:88] c2t: Proxy thread started. Starting copying data
socket_vsock_proxy(1257477)  D 10-03 23:14:47 1257477 1272830 socket2socket_proxy.cpp:100] c2t: Proxy thread completed
socket_vsock_proxy(1257477)  D 10-03 23:14:47 1257477 1272831 socket2socket_proxy.cpp:88] t2c: Proxy thread started. Starting copying data
log_tee(1257448)  D 10-03 23:14:47 1257448 1257448 log_tee.cpp:185] [WARN  vhost_device_vsock::thread_backend] Could not remove epoll listener for fd 21: EpollRemove(Os { code: 2, kind: NotFound, message: "No such file or directory" })
socket_vsock_proxy(1257477)  D 10-03 23:14:47 1257477 1272831 socket2socket_proxy.cpp:100] t2c: Proxy thread completed
socket_vsock_proxy(1257477)  D 10-03 23:15:02 1257477 1267915 client.cpp:110] Connected to vsock:3:5555
socket_vsock_proxy(1257477)  D 10-03 23:15:02 1257477 1267915 socket2socket_proxy.cpp:163] Launching proxy threads
socket_vsock_proxy(1257477)  D 10-03 23:15:02 1257477 1267915 socket2socket_proxy.cpp:166] Proxy is launched. Amount of currently tracked proxy pairs: 4
socket_vsock_proxy(1257477)  D 10-03 23:15:02 1257477 1273002 socket2socket_proxy.cpp:88] c2t: Proxy thread started. Starting copying data
socket_vsock_proxy(1257477)  D 10-03 23:15:02 1257477 1273002 socket2socket_proxy.cpp:100] c2t: Proxy thread completed
socket_vsock_proxy(1257477)  D 10-03 23:15:02 1257477 1273003 socket2socket_proxy.cpp:88] t2c: Proxy thread started. Starting copying data
log_tee(1257448)  D 10-03 23:15:02 1257448 1257448 log_tee.cpp:185] [WARN  vhost_device_vsock::thread_backend] Could not remove epoll listener for fd 21: EpollRemove(Os { code: 2, kind: NotFound, message: "No such file or directory" })
socket_vsock_proxy(1257477)  D 10-03 23:15:02 1257477 1273003 socket2socket_proxy.cpp:100] t2c: Proxy thread completed
socket_vsock_proxy(1257477)  D 10-03 23:15:17 1257477 1267915 client.cpp:110] Connected to vsock:3:5555
socket_vsock_proxy(1257477)  D 10-03 23:15:17 1257477 1267915 socket2socket_proxy.cpp:163] Launching proxy threads
socket_vsock_proxy(1257477)  D 10-03 23:15:17 1257477 1267915 socket2socket_proxy.cpp:166] Proxy is launched. Amount of currently tracked proxy pairs: 4
socket_vsock_proxy(1257477)  D 10-03 23:15:17 1257477 1273162 socket2socket_proxy.cpp:88] c2t: Proxy thread started. Starting copying data
socket_vsock_proxy(1257477)  D 10-03 23:15:17 1257477 1273162 socket2socket_proxy.cpp:100] c2t: Proxy thread completed
socket_vsock_proxy(1257477)  D 10-03 23:15:17 1257477 1273163 socket2socket_proxy.cpp:88] t2c: Proxy thread started. Starting copying data
log_tee(1257448)  D 10-03 23:15:17 1257448 1257448 log_tee.cpp:185] [WARN  vhost_device_vsock::thread_backend] Could not remove epoll listener for fd 21: EpollRemove(Os { code: 2, kind: NotFound, message: "No such file or directory" })
socket_vsock_proxy(1257477)  D 10-03 23:15:17 1257477 1273163 socket2socket_proxy.cpp:100] t2c: Proxy thread completed
socket_vsock_proxy(1257477)  D 10-03 23:15:32 1257477 1267915 client.cpp:110] Connected to vsock:3:5555
socket_vsock_proxy(1257477)  D 10-03 23:15:32 1257477 1267915 socket2socket_proxy.cpp:163] Launching proxy threads
socket_vsock_proxy(1257477)  D 10-03 23:15:32 1257477 1267915 socket2socket_proxy.cpp:166] Proxy is launched. Amount of currently tracked proxy pairs: 4
socket_vsock_proxy(1257477)  D 10-03 23:15:32 1257477 1273316 socket2socket_proxy.cpp:88] c2t: Proxy thread started. Starting copying data
socket_vsock_proxy(1257477)  D 10-03 23:15:32 1257477 1273317 socket2socket_proxy.cpp:88] t2c: Proxy thread started. Starting copying data
socket_vsock_proxy(1257477)  D 10-03 23:15:32 1257477 1273316 socket2socket_proxy.cpp:100] c2t: Proxy thread completed
log_tee(1257448)  D 10-03 23:15:32 1257448 1257448 log_tee.cpp:185] [WARN  vhost_device_vsock::thread_backend] Could not remove epoll listener for fd 21: EpollRemove(Os { code: 2, kind: NotFound, message: "No such file or directory" })
socket_vsock_proxy(1257477)  D 10-03 23:15:32 1257477 1273317 socket2socket_proxy.cpp:100] t2c: Proxy thread completed
socket_vsock_proxy(1257477)  D 10-03 23:15:47 1257477 1267915 client.cpp:110] Connected to vsock:3:5555
socket_vsock_proxy(1257477)  D 10-03 23:15:47 1257477 1267915 socket2socket_proxy.cpp:163] Launching proxy threads
socket_vsock_proxy(1257477)  D 10-03 23:15:47 1257477 1267915 socket2socket_proxy.cpp:166] Proxy is launched. Amount of currently tracked proxy pairs: 4
socket_vsock_proxy(1257477)  D 10-03 23:15:47 1257477 1273474 socket2socket_proxy.cpp:88] c2t: Proxy thread started. Starting copying data
socket_vsock_proxy(1257477)  D 10-03 23:15:47 1257477 1273475 socket2socket_proxy.cpp:88] t2c: Proxy thread started. Starting copying data
socket_vsock_proxy(1257477)  D 10-03 23:15:47 1257477 1273474 socket2socket_proxy.cpp:100] c2t: Proxy thread completed
log_tee(1257448)  D 10-03 23:15:47 1257448 1257448 log_tee.cpp:185] [WARN  vhost_device_vsock::thread_backend] Could not remove epoll listener for fd 21: EpollRemove(Os { code: 2, kind: NotFound, message: "No such file or directory" })
socket_vsock_proxy(1257477)  D 10-03 23:15:47 1257477 1273475 socket2socket_proxy.cpp:100] t2c: Proxy thread completed
socket_vsock_proxy(1257477)  D 10-03 23:16:02 1257477 1267915 client.cpp:110] Connected to vsock:3:5555
socket_vsock_proxy(1257477)  D 10-03 23:16:02 1257477 1267915 socket2socket_proxy.cpp:163] Launching proxy threads
socket_vsock_proxy(1257477)  D 10-03 23:16:02 1257477 1267915 socket2socket_proxy.cpp:166] Proxy is launched. Amount of currently tracked proxy pairs: 4
socket_vsock_proxy(1257477)  D 10-03 23:16:02 1257477 1273634 socket2socket_proxy.cpp:88] c2t: Proxy thread started. Starting copying data
socket_vsock_proxy(1257477)  D 10-03 23:16:02 1257477 1273635 socket2socket_proxy.cpp:88] t2c: Proxy thread started. Starting copying data
socket_vsock_proxy(1257477)  D 10-03 23:16:02 1257477 1273634 socket2socket_proxy.cpp:100] c2t: Proxy thread completed
log_tee(1257448)  D 10-03 23:16:02 1257448 1257448 log_tee.cpp:185] [WARN  vhost_device_vsock::thread_backend] Could not remove epoll listener for fd 21: EpollRemove(Os { code: 2, kind: NotFound, message: "No such file or directory" })
socket_vsock_proxy(1257477)  D 10-03 23:16:02 1257477 1273635 socket2socket_proxy.cpp:100] t2c: Proxy thread completed
socket_vsock_proxy(1257477)  D 10-03 23:16:17 1257477 1267915 client.cpp:110] Connected to vsock:3:5555
socket_vsock_proxy(1257477)  D 10-03 23:16:17 1257477 1267915 socket2socket_proxy.cpp:163] Launching proxy threads
socket_vsock_proxy(1257477)  D 10-03 23:16:17 1257477 1267915 socket2socket_proxy.cpp:166] Proxy is launched. Amount of currently tracked proxy pairs: 4
socket_vsock_proxy(1257477)  D 10-03 23:16:17 1257477 1273788 socket2socket_proxy.cpp:88] c2t: Proxy thread started. Starting copying data
socket_vsock_proxy(1257477)  D 10-03 23:16:17 1257477 1273789 socket2socket_proxy.cpp:88] t2c: Proxy thread started. Starting copying data
socket_vsock_proxy(1257477)  D 10-03 23:16:17 1257477 1273788 socket2socket_proxy.cpp:100] c2t: Proxy thread completed
log_tee(1257448)  D 10-03 23:16:17 1257448 1257448 log_tee.cpp:185] [WARN  vhost_device_vsock::thread_backend] Could not remove epoll listener for fd 21: EpollRemove(Os { code: 2, kind: NotFound, message: "No such file or directory" })
socket_vsock_proxy(1257477)  D 10-03 23:16:17 1257477 1273789 socket2socket_proxy.cpp:100] t2c: Proxy thread completed
socket_vsock_proxy(1257477)  D 10-03 23:16:32 1257477 1267915 client.cpp:110] Connected to vsock:3:5555
socket_vsock_proxy(1257477)  D 10-03 23:16:32 1257477 1267915 socket2socket_proxy.cpp:163] Launching proxy threads
socket_vsock_proxy(1257477)  D 10-03 23:16:32 1257477 1273947 socket2socket_proxy.cpp:88] c2t: Proxy thread started. Starting copying data
socket_vsock_proxy(1257477)  D 10-03 23:16:32 1257477 1267915 socket2socket_proxy.cpp:166] Proxy is launched. Amount of currently tracked proxy pairs: 4
socket_vsock_proxy(1257477)  D 10-03 23:16:32 1257477 1273948 socket2socket_proxy.cpp:88] t2c: Proxy thread started. Starting copying data
socket_vsock_proxy(1257477)  D 10-03 23:16:32 1257477 1273947 socket2socket_proxy.cpp:100] c2t: Proxy thread completed
log_tee(1257448)  D 10-03 23:16:32 1257448 1257448 log_tee.cpp:185] [WARN  vhost_device_vsock::thread_backend] Could not remove epoll listener for fd 21: EpollRemove(Os { code: 2, kind: NotFound, message: "No such file or directory" })
socket_vsock_proxy(1257477)  D 10-03 23:16:32 1257477 1273948 socket2socket_proxy.cpp:100] t2c: Proxy thread completed
socket_vsock_proxy(1257477)  D 10-03 23:16:47 1257477 1267915 client.cpp:110] Connected to vsock:3:5555
socket_vsock_proxy(1257477)  D 10-03 23:16:47 1257477 1267915 socket2socket_proxy.cpp:163] Launching proxy threads
socket_vsock_proxy(1257477)  D 10-03 23:16:47 1257477 1267915 socket2socket_proxy.cpp:166] Proxy is launched. Amount of currently tracked proxy pairs: 4
socket_vsock_proxy(1257477)  D 10-03 23:16:47 1257477 1274106 socket2socket_proxy.cpp:88] c2t: Proxy thread started. Starting copying data
socket_vsock_proxy(1257477)  D 10-03 23:16:47 1257477 1274106 socket2socket_proxy.cpp:100] c2t: Proxy thread completed
socket_vsock_proxy(1257477)  D 10-03 23:16:47 1257477 1274107 socket2socket_proxy.cpp:88] t2c: Proxy thread started. Starting copying data
log_tee(1257448)  D 10-03 23:16:47 1257448 1257448 log_tee.cpp:185] [WARN  vhost_device_vsock::thread_backend] Could not remove epoll listener for fd 21: EpollRemove(Os { code: 2, kind: NotFound, message: "No such file or directory" })
socket_vsock_proxy(1257477)  D 10-03 23:16:47 1257477 1274107 socket2socket_proxy.cpp:100] t2c: Proxy thread completed
socket_vsock_proxy(1257477)  D 10-03 23:17:02 1257477 1267915 client.cpp:110] Connected to vsock:3:5555
socket_vsock_proxy(1257477)  D 10-03 23:17:02 1257477 1267915 socket2socket_proxy.cpp:163] Launching proxy threads
socket_vsock_proxy(1257477)  D 10-03 23:17:02 1257477 1267915 socket2socket_proxy.cpp:166] Proxy is launched. Amount of currently tracked proxy pairs: 4
socket_vsock_proxy(1257477)  D 10-03 23:17:02 1257477 1274267 socket2socket_proxy.cpp:88] t2c: Proxy thread started. Starting copying data
socket_vsock_proxy(1257477)  D 10-03 23:17:02 1257477 1274266 socket2socket_proxy.cpp:88] c2t: Proxy thread started. Starting copying data
socket_vsock_proxy(1257477)  D 10-03 23:17:02 1257477 1274266 socket2socket_proxy.cpp:100] c2t: Proxy thread completed
log_tee(1257448)  D 10-03 23:17:02 1257448 1257448 log_tee.cpp:185] [WARN  vhost_device_vsock::thread_backend] Could not remove epoll listener for fd 21: EpollRemove(Os { code: 2, kind: NotFound, message: "No such file or directory" })
socket_vsock_proxy(1257477)  D 10-03 23:17:02 1257477 1274267 socket2socket_proxy.cpp:100] t2c: Proxy thread completed
socket_vsock_proxy(1257477)  D 10-03 23:17:17 1257477 1267915 client.cpp:110] Connected to vsock:3:5555
socket_vsock_proxy(1257477)  D 10-03 23:17:17 1257477 1267915 socket2socket_proxy.cpp:163] Launching proxy threads
socket_vsock_proxy(1257477)  D 10-03 23:17:17 1257477 1267915 socket2socket_proxy.cpp:166] Proxy is launched. Amount of currently tracked proxy pairs: 4
socket_vsock_proxy(1257477)  D 10-03 23:17:17 1257477 1274423 socket2socket_proxy.cpp:88] c2t: Proxy thread started. Starting copying data
socket_vsock_proxy(1257477)  D 10-03 23:17:17 1257477 1274424 socket2socket_proxy.cpp:88] t2c: Proxy thread started. Starting copying data
socket_vsock_proxy(1257477)  D 10-03 23:17:17 1257477 1274423 socket2socket_proxy.cpp:100] c2t: Proxy thread completed
socket_vsock_proxy(1257477)  D 10-03 23:17:17 1257477 1274424 socket2socket_proxy.cpp:100] t2c: Proxy thread completed
log_tee(1257448)  D 10-03 23:17:17 1257448 1257448 log_tee.cpp:185] [WARN  vhost_device_vsock::thread_backend] Could not remove epoll listener for fd 21: EpollRemove(Os { code: 2, kind: NotFound, message: "No such file or directory" })
socket_vsock_proxy(1257477)  D 10-03 23:17:32 1257477 1267915 client.cpp:110] Connected to vsock:3:5555
socket_vsock_proxy(1257477)  D 10-03 23:17:32 1257477 1267915 socket2socket_proxy.cpp:163] Launching proxy threads
socket_vsock_proxy(1257477)  D 10-03 23:17:32 1257477 1267915 socket2socket_proxy.cpp:166] Proxy is launched. Amount of currently tracked proxy pairs: 4
socket_vsock_proxy(1257477)  D 10-03 23:17:32 1257477 1274580 socket2socket_proxy.cpp:88] c2t: Proxy thread started. Starting copying data
socket_vsock_proxy(1257477)  D 10-03 23:17:32 1257477 1274581 socket2socket_proxy.cpp:88] t2c: Proxy thread started. Starting copying data
socket_vsock_proxy(1257477)  D 10-03 23:17:32 1257477 1274580 socket2socket_proxy.cpp:100] c2t: Proxy thread completed
log_tee(1257448)  D 10-03 23:17:32 1257448 1257448 log_tee.cpp:185] [WARN  vhost_device_vsock::thread_backend] Could not remove epoll listener for fd 21: EpollRemove(Os { code: 2, kind: NotFound, message: "No such file or directory" })
socket_vsock_proxy(1257477)  D 10-03 23:17:32 1257477 1274581 socket2socket_proxy.cpp:100] t2c: Proxy thread completed
socket_vsock_proxy(1257477)  D 10-03 23:17:47 1257477 1267915 client.cpp:110] Connected to vsock:3:5555
socket_vsock_proxy(1257477)  D 10-03 23:17:47 1257477 1267915 socket2socket_proxy.cpp:163] Launching proxy threads
socket_vsock_proxy(1257477)  D 10-03 23:17:47 1257477 1274737 socket2socket_proxy.cpp:88] c2t: Proxy thread started. Starting copying data
socket_vsock_proxy(1257477)  D 10-03 23:17:47 1257477 1274738 socket2socket_proxy.cpp:88] t2c: Proxy thread started. Starting copying data
socket_vsock_proxy(1257477)  D 10-03 23:17:47 1257477 1274737 socket2socket_proxy.cpp:100] c2t: Proxy thread completed
socket_vsock_proxy(1257477)  D 10-03 23:17:47 1257477 1267915 socket2socket_proxy.cpp:166] Proxy is launched. Amount of currently tracked proxy pairs: 4
socket_vsock_proxy(1257477)  D 10-03 23:17:47 1257477 1274738 socket2socket_proxy.cpp:100] t2c: Proxy thread completed
log_tee(1257448)  D 10-03 23:17:47 1257448 1257448 log_tee.cpp:185] [WARN  vhost_device_vsock::thread_backend] Could not remove epoll listener for fd 21: EpollRemove(Os { code: 2, kind: NotFound, message: "No such file or directory" })
socket_vsock_proxy(1257477)  D 10-03 23:18:02 1257477 1267915 client.cpp:110] Connected to vsock:3:5555
socket_vsock_proxy(1257477)  D 10-03 23:18:02 1257477 1267915 socket2socket_proxy.cpp:163] Launching proxy threads
socket_vsock_proxy(1257477)  D 10-03 23:18:02 1257477 1267915 socket2socket_proxy.cpp:166] Proxy is launched. Amount of currently tracked proxy pairs: 4
socket_vsock_proxy(1257477)  D 10-03 23:18:02 1257477 1274894 socket2socket_proxy.cpp:88] c2t: Proxy thread started. Starting copying data
socket_vsock_proxy(1257477)  D 10-03 23:18:02 1257477 1274895 socket2socket_proxy.cpp:88] t2c: Proxy thread started. Starting copying data
socket_vsock_proxy(1257477)  D 10-03 23:18:02 1257477 1274894 socket2socket_proxy.cpp:100] c2t: Proxy thread completed
socket_vsock_proxy(1257477)  D 10-03 23:18:02 1257477 1274895 socket2socket_proxy.cpp:100] t2c: Proxy thread completed
log_tee(1257448)  D 10-03 23:18:02 1257448 1257448 log_tee.cpp:185] [WARN  vhost_device_vsock::thread_backend] Could not remove epoll listener for fd 21: EpollRemove(Os { code: 2, kind: NotFound, message: "No such file or directory" })
socket_vsock_proxy(1257477)  D 10-03 23:18:17 1257477 1267915 client.cpp:110] Connected to vsock:3:5555
socket_vsock_proxy(1257477)  D 10-03 23:18:17 1257477 1267915 socket2socket_proxy.cpp:163] Launching proxy threads
socket_vsock_proxy(1257477)  D 10-03 23:18:17 1257477 1275052 socket2socket_proxy.cpp:88] c2t: Proxy thread started. Starting copying data
socket_vsock_proxy(1257477)  D 10-03 23:18:17 1257477 1275052 socket2socket_proxy.cpp:100] c2t: Proxy thread completed
socket_vsock_proxy(1257477)  D 10-03 23:18:17 1257477 1267915 socket2socket_proxy.cpp:166] Proxy is launched. Amount of currently tracked proxy pairs: 4
socket_vsock_proxy(1257477)  D 10-03 23:18:17 1257477 1275053 socket2socket_proxy.cpp:88] t2c: Proxy thread started. Starting copying data
log_tee(1257448)  D 10-03 23:18:17 1257448 1257448 log_tee.cpp:185] [WARN  vhost_device_vsock::thread_backend] Could not remove epoll listener for fd 21: EpollRemove(Os { code: 2, kind: NotFound, message: "No such file or directory" })
socket_vsock_proxy(1257477)  D 10-03 23:18:17 1257477 1275053 socket2socket_proxy.cpp:100] t2c: Proxy thread completed
socket_vsock_proxy(1257477)  D 10-03 23:18:32 1257477 1267915 client.cpp:110] Connected to vsock:3:5555
socket_vsock_proxy(1257477)  D 10-03 23:18:32 1257477 1267915 socket2socket_proxy.cpp:163] Launching proxy threads
socket_vsock_proxy(1257477)  D 10-03 23:18:32 1257477 1275208 socket2socket_proxy.cpp:88] c2t: Proxy thread started. Starting copying data
socket_vsock_proxy(1257477)  D 10-03 23:18:32 1257477 1267915 socket2socket_proxy.cpp:166] Proxy is launched. Amount of currently tracked proxy pairs: 4
socket_vsock_proxy(1257477)  D 10-03 23:18:32 1257477 1275208 socket2socket_proxy.cpp:100] c2t: Proxy thread completed
socket_vsock_proxy(1257477)  D 10-03 23:18:32 1257477 1275209 socket2socket_proxy.cpp:88] t2c: Proxy thread started. Starting copying data
log_tee(1257448)  D 10-03 23:18:32 1257448 1257448 log_tee.cpp:185] [WARN  vhost_device_vsock::thread_backend] Could not remove epoll listener for fd 21: EpollRemove(Os { code: 2, kind: NotFound, message: "No such file or directory" })
socket_vsock_proxy(1257477)  D 10-03 23:18:32 1257477 1275209 socket2socket_proxy.cpp:100] t2c: Proxy thread completed
socket_vsock_proxy(1257477)  D 10-03 23:18:47 1257477 1267915 client.cpp:110] Connected to vsock:3:5555
socket_vsock_proxy(1257477)  D 10-03 23:18:47 1257477 1267915 socket2socket_proxy.cpp:163] Launching proxy threads
socket_vsock_proxy(1257477)  D 10-03 23:18:47 1257477 1267915 socket2socket_proxy.cpp:166] Proxy is launched. Amount of currently tracked proxy pairs: 4
socket_vsock_proxy(1257477)  D 10-03 23:18:47 1257477 1275366 socket2socket_proxy.cpp:88] c2t: Proxy thread started. Starting copying data
socket_vsock_proxy(1257477)  D 10-03 23:18:47 1257477 1275366 socket2socket_proxy.cpp:100] c2t: Proxy thread completed
socket_vsock_proxy(1257477)  D 10-03 23:18:47 1257477 1275367 socket2socket_proxy.cpp:88] t2c: Proxy thread started. Starting copying data
log_tee(1257448)  D 10-03 23:18:47 1257448 1257448 log_tee.cpp:185] [WARN  vhost_device_vsock::thread_backend] Could not remove epoll listener for fd 21: EpollRemove(Os { code: 2, kind: NotFound, message: "No such file or directory" })
socket_vsock_proxy(1257477)  D 10-03 23:18:47 1257477 1275367 socket2socket_proxy.cpp:100] t2c: Proxy thread completed
socket_vsock_proxy(1257477)  D 10-03 23:19:02 1257477 1267915 client.cpp:110] Connected to vsock:3:5555
socket_vsock_proxy(1257477)  D 10-03 23:19:02 1257477 1267915 socket2socket_proxy.cpp:163] Launching proxy threads
socket_vsock_proxy(1257477)  D 10-03 23:19:02 1257477 1275523 socket2socket_proxy.cpp:88] c2t: Proxy thread started. Starting copying data
socket_vsock_proxy(1257477)  D 10-03 23:19:02 1257477 1267915 socket2socket_proxy.cpp:166] Proxy is launched. Amount of currently tracked proxy pairs: 4
socket_vsock_proxy(1257477)  D 10-03 23:19:02 1257477 1275523 socket2socket_proxy.cpp:100] c2t: Proxy thread completed
socket_vsock_proxy(1257477)  D 10-03 23:19:02 1257477 1275524 socket2socket_proxy.cpp:88] t2c: Proxy thread started. Starting copying data
log_tee(1257448)  D 10-03 23:19:02 1257448 1257448 log_tee.cpp:185] [WARN  vhost_device_vsock::thread_backend] Could not remove epoll listener for fd 21: EpollRemove(Os { code: 2, kind: NotFound, message: "No such file or directory" })
socket_vsock_proxy(1257477)  D 10-03 23:19:02 1257477 1275524 socket2socket_proxy.cpp:100] t2c: Proxy thread completed
socket_vsock_proxy(1257477)  D 10-03 23:19:17 1257477 1267915 client.cpp:110] Connected to vsock:3:5555
socket_vsock_proxy(1257477)  D 10-03 23:19:17 1257477 1267915 socket2socket_proxy.cpp:163] Launching proxy threads
socket_vsock_proxy(1257477)  D 10-03 23:19:17 1257477 1267915 socket2socket_proxy.cpp:166] Proxy is launched. Amount of currently tracked proxy pairs: 4
socket_vsock_proxy(1257477)  D 10-03 23:19:17 1257477 1275682 socket2socket_proxy.cpp:88] c2t: Proxy thread started. Starting copying data
socket_vsock_proxy(1257477)  D 10-03 23:19:17 1257477 1275682 socket2socket_proxy.cpp:100] c2t: Proxy thread completed
socket_vsock_proxy(1257477)  D 10-03 23:19:17 1257477 1275683 socket2socket_proxy.cpp:88] t2c: Proxy thread started. Starting copying data
log_tee(1257448)  D 10-03 23:19:17 1257448 1257448 log_tee.cpp:185] [WARN  vhost_device_vsock::thread_backend] Could not remove epoll listener for fd 21: EpollRemove(Os { code: 2, kind: NotFound, message: "No such file or directory" })
socket_vsock_proxy(1257477)  D 10-03 23:19:17 1257477 1275683 socket2socket_proxy.cpp:100] t2c: Proxy thread completed
socket_vsock_proxy(1257477)  D 10-03 23:19:32 1257477 1267915 client.cpp:110] Connected to vsock:3:5555
socket_vsock_proxy(1257477)  D 10-03 23:19:32 1257477 1267915 socket2socket_proxy.cpp:163] Launching proxy threads
socket_vsock_proxy(1257477)  D 10-03 23:19:32 1257477 1267915 socket2socket_proxy.cpp:166] Proxy is launched. Amount of currently tracked proxy pairs: 4
socket_vsock_proxy(1257477)  D 10-03 23:19:32 1257477 1275839 socket2socket_proxy.cpp:88] c2t: Proxy thread started. Starting copying data
socket_vsock_proxy(1257477)  D 10-03 23:19:32 1257477 1275840 socket2socket_proxy.cpp:88] t2c: Proxy thread started. Starting copying data
socket_vsock_proxy(1257477)  D 10-03 23:19:32 1257477 1275839 socket2socket_proxy.cpp:100] c2t: Proxy thread completed
log_tee(1257448)  D 10-03 23:19:32 1257448 1257448 log_tee.cpp:185] [WARN  vhost_device_vsock::thread_backend] Could not remove epoll listener for fd 21: EpollRemove(Os { code: 2, kind: NotFound, message: "No such file or directory" })
socket_vsock_proxy(1257477)  D 10-03 23:19:32 1257477 1275840 socket2socket_proxy.cpp:100] t2c: Proxy thread completed
socket_vsock_proxy(1257477)  D 10-03 23:19:47 1257477 1267915 client.cpp:110] Connected to vsock:3:5555
socket_vsock_proxy(1257477)  D 10-03 23:19:47 1257477 1267915 socket2socket_proxy.cpp:163] Launching proxy threads
socket_vsock_proxy(1257477)  D 10-03 23:19:47 1257477 1267915 socket2socket_proxy.cpp:166] Proxy is launched. Amount of currently tracked proxy pairs: 4
socket_vsock_proxy(1257477)  D 10-03 23:19:47 1257477 1275996 socket2socket_proxy.cpp:88] c2t: Proxy thread started. Starting copying data
socket_vsock_proxy(1257477)  D 10-03 23:19:47 1257477 1275997 socket2socket_proxy.cpp:88] t2c: Proxy thread started. Starting copying data
socket_vsock_proxy(1257477)  D 10-03 23:19:47 1257477 1275996 socket2socket_proxy.cpp:100] c2t: Proxy thread completed
log_tee(1257448)  D 10-03 23:19:47 1257448 1257448 log_tee.cpp:185] [WARN  vhost_device_vsock::thread_backend] Could not remove epoll listener for fd 21: EpollRemove(Os { code: 2, kind: NotFound, message: "No such file or directory" })
socket_vsock_proxy(1257477)  D 10-03 23:19:47 1257477 1275997 socket2socket_proxy.cpp:100] t2c: Proxy thread completed
socket_vsock_proxy(1257477)  D 10-03 23:20:02 1257477 1267915 client.cpp:110] Connected to vsock:3:5555
socket_vsock_proxy(1257477)  D 10-03 23:20:02 1257477 1267915 socket2socket_proxy.cpp:163] Launching proxy threads
socket_vsock_proxy(1257477)  D 10-03 23:20:02 1257477 1267915 socket2socket_proxy.cpp:166] Proxy is launched. Amount of currently tracked proxy pairs: 4
socket_vsock_proxy(1257477)  D 10-03 23:20:02 1257477 1276157 socket2socket_proxy.cpp:88] c2t: Proxy thread started. Starting copying data
socket_vsock_proxy(1257477)  D 10-03 23:20:02 1257477 1276157 socket2socket_proxy.cpp:100] c2t: Proxy thread completed
socket_vsock_proxy(1257477)  D 10-03 23:20:02 1257477 1276158 socket2socket_proxy.cpp:88] t2c: Proxy thread started. Starting copying data
log_tee(1257448)  D 10-03 23:20:02 1257448 1257448 log_tee.cpp:185] [WARN  vhost_device_vsock::thread_backend] Could not remove epoll listener for fd 21: EpollRemove(Os { code: 2, kind: NotFound, message: "No such file or directory" })
socket_vsock_proxy(1257477)  D 10-03 23:20:02 1257477 1276158 socket2socket_proxy.cpp:100] t2c: Proxy thread completed
socket_vsock_proxy(1257477)  D 10-03 23:20:17 1257477 1267915 client.cpp:110] Connected to vsock:3:5555
socket_vsock_proxy(1257477)  D 10-03 23:20:17 1257477 1267915 socket2socket_proxy.cpp:163] Launching proxy threads
socket_vsock_proxy(1257477)  D 10-03 23:20:17 1257477 1276317 socket2socket_proxy.cpp:88] c2t: Proxy thread started. Starting copying data
socket_vsock_proxy(1257477)  D 10-03 23:20:17 1257477 1267915 socket2socket_proxy.cpp:166] Proxy is launched. Amount of currently tracked proxy pairs: 4
socket_vsock_proxy(1257477)  D 10-03 23:20:17 1257477 1276317 socket2socket_proxy.cpp:100] c2t: Proxy thread completed
socket_vsock_proxy(1257477)  D 10-03 23:20:17 1257477 1276318 socket2socket_proxy.cpp:88] t2c: Proxy thread started. Starting copying data
socket_vsock_proxy(1257477)  D 10-03 23:20:17 1257477 1276318 socket2socket_proxy.cpp:100] t2c: Proxy thread completed
log_tee(1257448)  D 10-03 23:20:17 1257448 1257448 log_tee.cpp:185] [WARN  vhost_device_vsock::thread_backend] Could not remove epoll listener for fd 21: EpollRemove(Os { code: 2, kind: NotFound, message: "No such file or directory" })
socket_vsock_proxy(1257477)  D 10-03 23:20:32 1257477 1267915 client.cpp:110] Connected to vsock:3:5555
socket_vsock_proxy(1257477)  D 10-03 23:20:32 1257477 1267915 socket2socket_proxy.cpp:163] Launching proxy threads
socket_vsock_proxy(1257477)  D 10-03 23:20:32 1257477 1267915 socket2socket_proxy.cpp:166] Proxy is launched. Amount of currently tracked proxy pairs: 4
socket_vsock_proxy(1257477)  D 10-03 23:20:32 1257477 1276474 socket2socket_proxy.cpp:88] c2t: Proxy thread started. Starting copying data
socket_vsock_proxy(1257477)  D 10-03 23:20:32 1257477 1276474 socket2socket_proxy.cpp:100] c2t: Proxy thread completed
socket_vsock_proxy(1257477)  D 10-03 23:20:32 1257477 1276475 socket2socket_proxy.cpp:88] t2c: Proxy thread started. Starting copying data
log_tee(1257448)  D 10-03 23:20:32 1257448 1257448 log_tee.cpp:185] [WARN  vhost_device_vsock::thread_backend] Could not remove epoll listener for fd 21: EpollRemove(Os { code: 2, kind: NotFound, message: "No such file or directory" })
socket_vsock_proxy(1257477)  D 10-03 23:20:32 1257477 1276475 socket2socket_proxy.cpp:100] t2c: Proxy thread completed
socket_vsock_proxy(1257477)  D 10-03 23:20:47 1257477 1267915 client.cpp:110] Connected to vsock:3:5555
socket_vsock_proxy(1257477)  D 10-03 23:20:47 1257477 1267915 socket2socket_proxy.cpp:163] Launching proxy threads
socket_vsock_proxy(1257477)  D 10-03 23:20:47 1257477 1276631 socket2socket_proxy.cpp:88] c2t: Proxy thread started. Starting copying data
socket_vsock_proxy(1257477)  D 10-03 23:20:47 1257477 1276632 socket2socket_proxy.cpp:88] t2c: Proxy thread started. Starting copying data
socket_vsock_proxy(1257477)  D 10-03 23:20:47 1257477 1276631 socket2socket_proxy.cpp:100] c2t: Proxy thread completed
socket_vsock_proxy(1257477)  D 10-03 23:20:47 1257477 1267915 socket2socket_proxy.cpp:166] Proxy is launched. Amount of currently tracked proxy pairs: 4
log_tee(1257448)  D 10-03 23:20:47 1257448 1257448 log_tee.cpp:185] [WARN  vhost_device_vsock::thread_backend] Could not remove epoll listener for fd 21: EpollRemove(Os { code: 2, kind: NotFound, message: "No such file or directory" })
socket_vsock_proxy(1257477)  D 10-03 23:20:47 1257477 1276632 socket2socket_proxy.cpp:100] t2c: Proxy thread completed
socket_vsock_proxy(1257477)  D 10-03 23:21:02 1257477 1267915 client.cpp:110] Connected to vsock:3:5555
socket_vsock_proxy(1257477)  D 10-03 23:21:02 1257477 1267915 socket2socket_proxy.cpp:163] Launching proxy threads
socket_vsock_proxy(1257477)  D 10-03 23:21:02 1257477 1267915 socket2socket_proxy.cpp:166] Proxy is launched. Amount of currently tracked proxy pairs: 4
socket_vsock_proxy(1257477)  D 10-03 23:21:02 1257477 1276788 socket2socket_proxy.cpp:88] c2t: Proxy thread started. Starting copying data
socket_vsock_proxy(1257477)  D 10-03 23:21:02 1257477 1276789 socket2socket_proxy.cpp:88] t2c: Proxy thread started. Starting copying data
socket_vsock_proxy(1257477)  D 10-03 23:21:02 1257477 1276788 socket2socket_proxy.cpp:100] c2t: Proxy thread completed
log_tee(1257448)  D 10-03 23:21:02 1257448 1257448 log_tee.cpp:185] [WARN  vhost_device_vsock::thread_backend] Could not remove epoll listener for fd 21: EpollRemove(Os { code: 2, kind: NotFound, message: "No such file or directory" })
socket_vsock_proxy(1257477)  D 10-03 23:21:02 1257477 1276789 socket2socket_proxy.cpp:100] t2c: Proxy thread completed
socket_vsock_proxy(1257477)  D 10-03 23:21:17 1257477 1267915 client.cpp:110] Connected to vsock:3:5555
socket_vsock_proxy(1257477)  D 10-03 23:21:17 1257477 1267915 socket2socket_proxy.cpp:163] Launching proxy threads
socket_vsock_proxy(1257477)  D 10-03 23:21:17 1257477 1267915 socket2socket_proxy.cpp:166] Proxy is launched. Amount of currently tracked proxy pairs: 4
socket_vsock_proxy(1257477)  D 10-03 23:21:17 1257477 1276946 socket2socket_proxy.cpp:88] c2t: Proxy thread started. Starting copying data
socket_vsock_proxy(1257477)  D 10-03 23:21:17 1257477 1276946 socket2socket_proxy.cpp:100] c2t: Proxy thread completed
socket_vsock_proxy(1257477)  D 10-03 23:21:17 1257477 1276947 socket2socket_proxy.cpp:88] t2c: Proxy thread started. Starting copying data
log_tee(1257448)  D 10-03 23:21:17 1257448 1257448 log_tee.cpp:185] [WARN  vhost_device_vsock::thread_backend] Could not remove epoll listener for fd 21: EpollRemove(Os { code: 2, kind: NotFound, message: "No such file or directory" })
socket_vsock_proxy(1257477)  D 10-03 23:21:17 1257477 1276947 socket2socket_proxy.cpp:100] t2c: Proxy thread completed
socket_vsock_proxy(1257477)  D 10-03 23:21:32 1257477 1267915 client.cpp:110] Connected to vsock:3:5555
socket_vsock_proxy(1257477)  D 10-03 23:21:32 1257477 1267915 socket2socket_proxy.cpp:163] Launching proxy threads
socket_vsock_proxy(1257477)  D 10-03 23:21:32 1257477 1267915 socket2socket_proxy.cpp:166] Proxy is launched. Amount of currently tracked proxy pairs: 4
socket_vsock_proxy(1257477)  D 10-03 23:21:32 1257477 1277103 socket2socket_proxy.cpp:88] c2t: Proxy thread started. Starting copying data
socket_vsock_proxy(1257477)  D 10-03 23:21:32 1257477 1277103 socket2socket_proxy.cpp:100] c2t: Proxy thread completed
socket_vsock_proxy(1257477)  D 10-03 23:21:32 1257477 1277104 socket2socket_proxy.cpp:88] t2c: Proxy thread started. Starting copying data
log_tee(1257448)  D 10-03 23:21:32 1257448 1257448 log_tee.cpp:185] [WARN  vhost_device_vsock::thread_backend] Could not remove epoll listener for fd 21: EpollRemove(Os { code: 2, kind: NotFound, message: "No such file or directory" })
socket_vsock_proxy(1257477)  D 10-03 23:21:32 1257477 1277104 socket2socket_proxy.cpp:100] t2c: Proxy thread completed
socket_vsock_proxy(1257477)  D 10-03 23:21:47 1257477 1267915 client.cpp:110] Connected to vsock:3:5555
socket_vsock_proxy(1257477)  D 10-03 23:21:47 1257477 1267915 socket2socket_proxy.cpp:163] Launching proxy threads
socket_vsock_proxy(1257477)  D 10-03 23:21:47 1257477 1277262 socket2socket_proxy.cpp:88] c2t: Proxy thread started. Starting copying data
socket_vsock_proxy(1257477)  D 10-03 23:21:47 1257477 1267915 socket2socket_proxy.cpp:166] Proxy is launched. Amount of currently tracked proxy pairs: 4
socket_vsock_proxy(1257477)  D 10-03 23:21:47 1257477 1277262 socket2socket_proxy.cpp:100] c2t: Proxy thread completed
socket_vsock_proxy(1257477)  D 10-03 23:21:47 1257477 1277263 socket2socket_proxy.cpp:88] t2c: Proxy thread started. Starting copying data
socket_vsock_proxy(1257477)  D 10-03 23:21:47 1257477 1277263 socket2socket_proxy.cpp:100] t2c: Proxy thread completed
log_tee(1257448)  D 10-03 23:21:47 1257448 1257448 log_tee.cpp:185] [WARN  vhost_device_vsock::thread_backend] Could not remove epoll listener for fd 21: EpollRemove(Os { code: 2, kind: NotFound, message: "No such file or directory" })
socket_vsock_proxy(1257477)  D 10-03 23:22:02 1257477 1267915 client.cpp:110] Connected to vsock:3:5555
socket_vsock_proxy(1257477)  D 10-03 23:22:02 1257477 1267915 socket2socket_proxy.cpp:163] Launching proxy threads
socket_vsock_proxy(1257477)  D 10-03 23:22:02 1257477 1267915 socket2socket_proxy.cpp:166] Proxy is launched. Amount of currently tracked proxy pairs: 4
socket_vsock_proxy(1257477)  D 10-03 23:22:02 1257477 1277419 socket2socket_proxy.cpp:88] c2t: Proxy thread started. Starting copying data
socket_vsock_proxy(1257477)  D 10-03 23:22:02 1257477 1277419 socket2socket_proxy.cpp:100] c2t: Proxy thread completed
socket_vsock_proxy(1257477)  D 10-03 23:22:02 1257477 1277420 socket2socket_proxy.cpp:88] t2c: Proxy thread started. Starting copying data
log_tee(1257448)  D 10-03 23:22:02 1257448 1257448 log_tee.cpp:185] [WARN  vhost_device_vsock::thread_backend] Could not remove epoll listener for fd 21: EpollRemove(Os { code: 2, kind: NotFound, message: "No such file or directory" })
socket_vsock_proxy(1257477)  D 10-03 23:22:02 1257477 1277420 socket2socket_proxy.cpp:100] t2c: Proxy thread completed
socket_vsock_proxy(1257477)  D 10-03 23:22:17 1257477 1267915 client.cpp:110] Connected to vsock:3:5555
socket_vsock_proxy(1257477)  D 10-03 23:22:17 1257477 1267915 socket2socket_proxy.cpp:163] Launching proxy threads
socket_vsock_proxy(1257477)  D 10-03 23:22:17 1257477 1277577 socket2socket_proxy.cpp:88] c2t: Proxy thread started. Starting copying data
socket_vsock_proxy(1257477)  D 10-03 23:22:17 1257477 1267915 socket2socket_proxy.cpp:166] Proxy is launched. Amount of currently tracked proxy pairs: 4
socket_vsock_proxy(1257477)  D 10-03 23:22:17 1257477 1277577 socket2socket_proxy.cpp:100] c2t: Proxy thread completed
socket_vsock_proxy(1257477)  D 10-03 23:22:17 1257477 1277578 socket2socket_proxy.cpp:88] t2c: Proxy thread started. Starting copying data
log_tee(1257448)  D 10-03 23:22:17 1257448 1257448 log_tee.cpp:185] [WARN  vhost_device_vsock::thread_backend] Could not remove epoll listener for fd 21: EpollRemove(Os { code: 2, kind: NotFound, message: "No such file or directory" })
socket_vsock_proxy(1257477)  D 10-03 23:22:17 1257477 1277578 socket2socket_proxy.cpp:100] t2c: Proxy thread completed
socket_vsock_proxy(1257477)  D 10-03 23:22:32 1257477 1267915 client.cpp:110] Connected to vsock:3:5555
socket_vsock_proxy(1257477)  D 10-03 23:22:32 1257477 1267915 socket2socket_proxy.cpp:163] Launching proxy threads
socket_vsock_proxy(1257477)  D 10-03 23:22:32 1257477 1277734 socket2socket_proxy.cpp:88] c2t: Proxy thread started. Starting copying data
socket_vsock_proxy(1257477)  D 10-03 23:22:32 1257477 1267915 socket2socket_proxy.cpp:166] Proxy is launched. Amount of currently tracked proxy pairs: 4
socket_vsock_proxy(1257477)  D 10-03 23:22:32 1257477 1277734 socket2socket_proxy.cpp:100] c2t: Proxy thread completed
socket_vsock_proxy(1257477)  D 10-03 23:22:32 1257477 1277735 socket2socket_proxy.cpp:88] t2c: Proxy thread started. Starting copying data
log_tee(1257448)  D 10-03 23:22:32 1257448 1257448 log_tee.cpp:185] [WARN  vhost_device_vsock::thread_backend] Could not remove epoll listener for fd 21: EpollRemove(Os { code: 2, kind: NotFound, message: "No such file or directory" })
socket_vsock_proxy(1257477)  D 10-03 23:22:32 1257477 1277735 socket2socket_proxy.cpp:100] t2c: Proxy thread completed
socket_vsock_proxy(1257477)  D 10-03 23:22:47 1257477 1267915 client.cpp:110] Connected to vsock:3:5555
socket_vsock_proxy(1257477)  D 10-03 23:22:47 1257477 1267915 socket2socket_proxy.cpp:163] Launching proxy threads
socket_vsock_proxy(1257477)  D 10-03 23:22:47 1257477 1277892 socket2socket_proxy.cpp:88] c2t: Proxy thread started. Starting copying data
socket_vsock_proxy(1257477)  D 10-03 23:22:47 1257477 1267915 socket2socket_proxy.cpp:166] Proxy is launched. Amount of currently tracked proxy pairs: 4
socket_vsock_proxy(1257477)  D 10-03 23:22:47 1257477 1277893 socket2socket_proxy.cpp:88] t2c: Proxy thread started. Starting copying data
socket_vsock_proxy(1257477)  D 10-03 23:22:47 1257477 1277892 socket2socket_proxy.cpp:100] c2t: Proxy thread completed
log_tee(1257448)  D 10-03 23:22:47 1257448 1257448 log_tee.cpp:185] [WARN  vhost_device_vsock::thread_backend] Could not remove epoll listener for fd 21: EpollRemove(Os { code: 2, kind: NotFound, message: "No such file or directory" })
socket_vsock_proxy(1257477)  D 10-03 23:22:47 1257477 1277893 socket2socket_proxy.cpp:100] t2c: Proxy thread completed
socket_vsock_proxy(1257477)  D 10-03 23:23:02 1257477 1267915 client.cpp:110] Connected to vsock:3:5555
socket_vsock_proxy(1257477)  D 10-03 23:23:02 1257477 1267915 socket2socket_proxy.cpp:163] Launching proxy threads
socket_vsock_proxy(1257477)  D 10-03 23:23:02 1257477 1267915 socket2socket_proxy.cpp:166] Proxy is launched. Amount of currently tracked proxy pairs: 4
socket_vsock_proxy(1257477)  D 10-03 23:23:02 1257477 1278048 socket2socket_proxy.cpp:88] c2t: Proxy thread started. Starting copying data
socket_vsock_proxy(1257477)  D 10-03 23:23:02 1257477 1278049 socket2socket_proxy.cpp:88] t2c: Proxy thread started. Starting copying data
socket_vsock_proxy(1257477)  D 10-03 23:23:02 1257477 1278048 socket2socket_proxy.cpp:100] c2t: Proxy thread completed
log_tee(1257448)  D 10-03 23:23:02 1257448 1257448 log_tee.cpp:185] [WARN  vhost_device_vsock::thread_backend] Could not remove epoll listener for fd 21: EpollRemove(Os { code: 2, kind: NotFound, message: "No such file or directory" })
socket_vsock_proxy(1257477)  D 10-03 23:23:02 1257477 1278049 socket2socket_proxy.cpp:100] t2c: Proxy thread completed
socket_vsock_proxy(1257477)  D 10-03 23:23:17 1257477 1267915 client.cpp:110] Connected to vsock:3:5555
socket_vsock_proxy(1257477)  D 10-03 23:23:17 1257477 1267915 socket2socket_proxy.cpp:163] Launching proxy threads
socket_vsock_proxy(1257477)  D 10-03 23:23:17 1257477 1267915 socket2socket_proxy.cpp:166] Proxy is launched. Amount of currently tracked proxy pairs: 4
socket_vsock_proxy(1257477)  D 10-03 23:23:17 1257477 1278207 socket2socket_proxy.cpp:88] c2t: Proxy thread started. Starting copying data
socket_vsock_proxy(1257477)  D 10-03 23:23:17 1257477 1278207 socket2socket_proxy.cpp:100] c2t: Proxy thread completed
socket_vsock_proxy(1257477)  D 10-03 23:23:17 1257477 1278208 socket2socket_proxy.cpp:88] t2c: Proxy thread started. Starting copying data
log_tee(1257448)  D 10-03 23:23:17 1257448 1257448 log_tee.cpp:185] [WARN  vhost_device_vsock::thread_backend] Could not remove epoll listener for fd 21: EpollRemove(Os { code: 2, kind: NotFound, message: "No such file or directory" })
socket_vsock_proxy(1257477)  D 10-03 23:23:17 1257477 1278208 socket2socket_proxy.cpp:100] t2c: Proxy thread completed
socket_vsock_proxy(1257477)  D 10-03 23:23:32 1257477 1267915 client.cpp:110] Connected to vsock:3:5555
socket_vsock_proxy(1257477)  D 10-03 23:23:32 1257477 1267915 socket2socket_proxy.cpp:163] Launching proxy threads
socket_vsock_proxy(1257477)  D 10-03 23:23:32 1257477 1267915 socket2socket_proxy.cpp:166] Proxy is launched. Amount of currently tracked proxy pairs: 4
socket_vsock_proxy(1257477)  D 10-03 23:23:32 1257477 1278364 socket2socket_proxy.cpp:88] c2t: Proxy thread started. Starting copying data
socket_vsock_proxy(1257477)  D 10-03 23:23:32 1257477 1278364 socket2socket_proxy.cpp:100] c2t: Proxy thread completed
socket_vsock_proxy(1257477)  D 10-03 23:23:32 1257477 1278365 socket2socket_proxy.cpp:88] t2c: Proxy thread started. Starting copying data
log_tee(1257448)  D 10-03 23:23:32 1257448 1257448 log_tee.cpp:185] [WARN  vhost_device_vsock::thread_backend] Could not remove epoll listener for fd 21: EpollRemove(Os { code: 2, kind: NotFound, message: "No such file or directory" })
socket_vsock_proxy(1257477)  D 10-03 23:23:32 1257477 1278365 socket2socket_proxy.cpp:100] t2c: Proxy thread completed
socket_vsock_proxy(1257477)  D 10-03 23:23:47 1257477 1267915 client.cpp:110] Connected to vsock:3:5555
socket_vsock_proxy(1257477)  D 10-03 23:23:47 1257477 1267915 socket2socket_proxy.cpp:163] Launching proxy threads
socket_vsock_proxy(1257477)  D 10-03 23:23:47 1257477 1267915 socket2socket_proxy.cpp:166] Proxy is launched. Amount of currently tracked proxy pairs: 4
socket_vsock_proxy(1257477)  D 10-03 23:23:47 1257477 1278521 socket2socket_proxy.cpp:88] c2t: Proxy thread started. Starting copying data
socket_vsock_proxy(1257477)  D 10-03 23:23:47 1257477 1278522 socket2socket_proxy.cpp:88] t2c: Proxy thread started. Starting copying data
socket_vsock_proxy(1257477)  D 10-03 23:23:47 1257477 1278521 socket2socket_proxy.cpp:100] c2t: Proxy thread completed
log_tee(1257448)  D 10-03 23:23:47 1257448 1257448 log_tee.cpp:185] [WARN  vhost_device_vsock::thread_backend] Could not remove epoll listener for fd 21: EpollRemove(Os { code: 2, kind: NotFound, message: "No such file or directory" })
socket_vsock_proxy(1257477)  D 10-03 23:23:47 1257477 1278522 socket2socket_proxy.cpp:100] t2c: Proxy thread completed
socket_vsock_proxy(1257477)  D 10-03 23:24:02 1257477 1267915 client.cpp:110] Connected to vsock:3:5555
socket_vsock_proxy(1257477)  D 10-03 23:24:02 1257477 1267915 socket2socket_proxy.cpp:163] Launching proxy threads
socket_vsock_proxy(1257477)  D 10-03 23:24:02 1257477 1278678 socket2socket_proxy.cpp:88] c2t: Proxy thread started. Starting copying data
socket_vsock_proxy(1257477)  D 10-03 23:24:02 1257477 1267915 socket2socket_proxy.cpp:166] Proxy is launched. Amount of currently tracked proxy pairs: 4
socket_vsock_proxy(1257477)  D 10-03 23:24:02 1257477 1278678 socket2socket_proxy.cpp:100] c2t: Proxy thread completed
socket_vsock_proxy(1257477)  D 10-03 23:24:02 1257477 1278679 socket2socket_proxy.cpp:88] t2c: Proxy thread started. Starting copying data
log_tee(1257448)  D 10-03 23:24:02 1257448 1257448 log_tee.cpp:185] [WARN  vhost_device_vsock::thread_backend] Could not remove epoll listener for fd 21: EpollRemove(Os { code: 2, kind: NotFound, message: "No such file or directory" })
socket_vsock_proxy(1257477)  D 10-03 23:24:02 1257477 1278679 socket2socket_proxy.cpp:100] t2c: Proxy thread completed
socket_vsock_proxy(1257477)  D 10-03 23:24:17 1257477 1267915 client.cpp:110] Connected to vsock:3:5555
socket_vsock_proxy(1257477)  D 10-03 23:24:17 1257477 1267915 socket2socket_proxy.cpp:163] Launching proxy threads
socket_vsock_proxy(1257477)  D 10-03 23:24:17 1257477 1267915 socket2socket_proxy.cpp:166] Proxy is launched. Amount of currently tracked proxy pairs: 4
socket_vsock_proxy(1257477)  D 10-03 23:24:17 1257477 1278836 socket2socket_proxy.cpp:88] c2t: Proxy thread started. Starting copying data
socket_vsock_proxy(1257477)  D 10-03 23:24:17 1257477 1278837 socket2socket_proxy.cpp:88] t2c: Proxy thread started. Starting copying data
socket_vsock_proxy(1257477)  D 10-03 23:24:17 1257477 1278836 socket2socket_proxy.cpp:100] c2t: Proxy thread completed
socket_vsock_proxy(1257477)  D 10-03 23:24:17 1257477 1278837 socket2socket_proxy.cpp:100] t2c: Proxy thread completed
log_tee(1257448)  D 10-03 23:24:17 1257448 1257448 log_tee.cpp:185] [WARN  vhost_device_vsock::thread_backend] Could not remove epoll listener for fd 21: EpollRemove(Os { code: 2, kind: NotFound, message: "No such file or directory" })
socket_vsock_proxy(1257477)  D 10-03 23:24:32 1257477 1267915 client.cpp:110] Connected to vsock:3:5555
socket_vsock_proxy(1257477)  D 10-03 23:24:32 1257477 1267915 socket2socket_proxy.cpp:163] Launching proxy threads
socket_vsock_proxy(1257477)  D 10-03 23:24:32 1257477 1267915 socket2socket_proxy.cpp:166] Proxy is launched. Amount of currently tracked proxy pairs: 4
socket_vsock_proxy(1257477)  D 10-03 23:24:32 1257477 1278993 socket2socket_proxy.cpp:88] c2t: Proxy thread started. Starting copying data
socket_vsock_proxy(1257477)  D 10-03 23:24:32 1257477 1278993 socket2socket_proxy.cpp:100] c2t: Proxy thread completed
socket_vsock_proxy(1257477)  D 10-03 23:24:32 1257477 1278994 socket2socket_proxy.cpp:88] t2c: Proxy thread started. Starting copying data
socket_vsock_proxy(1257477)  D 10-03 23:24:32 1257477 1278994 socket2socket_proxy.cpp:100] t2c: Proxy thread completed
log_tee(1257448)  D 10-03 23:24:32 1257448 1257448 log_tee.cpp:185] [WARN  vhost_device_vsock::thread_backend] Could not remove epoll listener for fd 21: EpollRemove(Os { code: 2, kind: NotFound, message: "No such file or directory" })
socket_vsock_proxy(1257477)  D 10-03 23:24:47 1257477 1267915 client.cpp:110] Connected to vsock:3:5555
socket_vsock_proxy(1257477)  D 10-03 23:24:47 1257477 1267915 socket2socket_proxy.cpp:163] Launching proxy threads
socket_vsock_proxy(1257477)  D 10-03 23:24:47 1257477 1267915 socket2socket_proxy.cpp:166] Proxy is launched. Amount of currently tracked proxy pairs: 4
socket_vsock_proxy(1257477)  D 10-03 23:24:47 1257477 1279150 socket2socket_proxy.cpp:88] c2t: Proxy thread started. Starting copying data
socket_vsock_proxy(1257477)  D 10-03 23:24:47 1257477 1279150 socket2socket_proxy.cpp:100] c2t: Proxy thread completed
socket_vsock_proxy(1257477)  D 10-03 23:24:47 1257477 1279151 socket2socket_proxy.cpp:88] t2c: Proxy thread started. Starting copying data
socket_vsock_proxy(1257477)  D 10-03 23:24:47 1257477 1279151 socket2socket_proxy.cpp:100] t2c: Proxy thread completed
log_tee(1257448)  D 10-03 23:24:47 1257448 1257448 log_tee.cpp:185] [WARN  vhost_device_vsock::thread_backend] Could not remove epoll listener for fd 21: EpollRemove(Os { code: 2, kind: NotFound, message: "No such file or directory" })
socket_vsock_proxy(1257477)  D 10-03 23:25:02 1257477 1267915 client.cpp:110] Connected to vsock:3:5555
socket_vsock_proxy(1257477)  D 10-03 23:25:02 1257477 1267915 socket2socket_proxy.cpp:163] Launching proxy threads
socket_vsock_proxy(1257477)  D 10-03 23:25:02 1257477 1267915 socket2socket_proxy.cpp:166] Proxy is launched. Amount of currently tracked proxy pairs: 4
socket_vsock_proxy(1257477)  D 10-03 23:25:02 1257477 1279311 socket2socket_proxy.cpp:88] c2t: Proxy thread started. Starting copying data
socket_vsock_proxy(1257477)  D 10-03 23:25:02 1257477 1279312 socket2socket_proxy.cpp:88] t2c: Proxy thread started. Starting copying data
socket_vsock_proxy(1257477)  D 10-03 23:25:02 1257477 1279311 socket2socket_proxy.cpp:100] c2t: Proxy thread completed
socket_vsock_proxy(1257477)  D 10-03 23:25:02 1257477 1279312 socket2socket_proxy.cpp:100] t2c: Proxy thread completed
log_tee(1257448)  D 10-03 23:25:02 1257448 1257448 log_tee.cpp:185] [WARN  vhost_device_vsock::thread_backend] Could not remove epoll listener for fd 21: EpollRemove(Os { code: 2, kind: NotFound, message: "No such file or directory" })
socket_vsock_proxy(1257477)  D 10-03 23:25:17 1257477 1267915 client.cpp:110] Connected to vsock:3:5555
socket_vsock_proxy(1257477)  D 10-03 23:25:17 1257477 1267915 socket2socket_proxy.cpp:163] Launching proxy threads
socket_vsock_proxy(1257477)  D 10-03 23:25:17 1257477 1267915 socket2socket_proxy.cpp:166] Proxy is launched. Amount of currently tracked proxy pairs: 4
socket_vsock_proxy(1257477)  D 10-03 23:25:17 1257477 1279469 socket2socket_proxy.cpp:88] c2t: Proxy thread started. Starting copying data
socket_vsock_proxy(1257477)  D 10-03 23:25:17 1257477 1279470 socket2socket_proxy.cpp:88] t2c: Proxy thread started. Starting copying data
socket_vsock_proxy(1257477)  D 10-03 23:25:17 1257477 1279469 socket2socket_proxy.cpp:100] c2t: Proxy thread completed
log_tee(1257448)  D 10-03 23:25:17 1257448 1257448 log_tee.cpp:185] [WARN  vhost_device_vsock::thread_backend] Could not remove epoll listener for fd 21: EpollRemove(Os { code: 2, kind: NotFound, message: "No such file or directory" })
socket_vsock_proxy(1257477)  D 10-03 23:25:17 1257477 1279470 socket2socket_proxy.cpp:100] t2c: Proxy thread completed
socket_vsock_proxy(1257477)  D 10-03 23:25:32 1257477 1267915 client.cpp:110] Connected to vsock:3:5555
socket_vsock_proxy(1257477)  D 10-03 23:25:32 1257477 1267915 socket2socket_proxy.cpp:163] Launching proxy threads
socket_vsock_proxy(1257477)  D 10-03 23:25:32 1257477 1279627 socket2socket_proxy.cpp:88] c2t: Proxy thread started. Starting copying data
socket_vsock_proxy(1257477)  D 10-03 23:25:32 1257477 1267915 socket2socket_proxy.cpp:166] Proxy is launched. Amount of currently tracked proxy pairs: 4
socket_vsock_proxy(1257477)  D 10-03 23:25:32 1257477 1279627 socket2socket_proxy.cpp:100] c2t: Proxy thread completed
socket_vsock_proxy(1257477)  D 10-03 23:25:32 1257477 1279628 socket2socket_proxy.cpp:88] t2c: Proxy thread started. Starting copying data
log_tee(1257448)  D 10-03 23:25:32 1257448 1257448 log_tee.cpp:185] [WARN  vhost_device_vsock::thread_backend] Could not remove epoll listener for fd 21: EpollRemove(Os { code: 2, kind: NotFound, message: "No such file or directory" })
socket_vsock_proxy(1257477)  D 10-03 23:25:32 1257477 1279628 socket2socket_proxy.cpp:100] t2c: Proxy thread completed
socket_vsock_proxy(1257477)  D 10-03 23:25:47 1257477 1267915 client.cpp:110] Connected to vsock:3:5555
socket_vsock_proxy(1257477)  D 10-03 23:25:47 1257477 1267915 socket2socket_proxy.cpp:163] Launching proxy threads
socket_vsock_proxy(1257477)  D 10-03 23:25:47 1257477 1267915 socket2socket_proxy.cpp:166] Proxy is launched. Amount of currently tracked proxy pairs: 4
socket_vsock_proxy(1257477)  D 10-03 23:25:47 1257477 1279783 socket2socket_proxy.cpp:88] c2t: Proxy thread started. Starting copying data
socket_vsock_proxy(1257477)  D 10-03 23:25:47 1257477 1279783 socket2socket_proxy.cpp:100] c2t: Proxy thread completed
socket_vsock_proxy(1257477)  D 10-03 23:25:47 1257477 1279784 socket2socket_proxy.cpp:88] t2c: Proxy thread started. Starting copying data
socket_vsock_proxy(1257477)  D 10-03 23:25:47 1257477 1279784 socket2socket_proxy.cpp:100] t2c: Proxy thread completed
log_tee(1257448)  D 10-03 23:25:47 1257448 1257448 log_tee.cpp:185] [WARN  vhost_device_vsock::thread_backend] Could not remove epoll listener for fd 21: EpollRemove(Os { code: 2, kind: NotFound, message: "No such file or directory" })
socket_vsock_proxy(1257477)  D 10-03 23:26:02 1257477 1267915 client.cpp:110] Connected to vsock:3:5555
socket_vsock_proxy(1257477)  D 10-03 23:26:02 1257477 1267915 socket2socket_proxy.cpp:163] Launching proxy threads
socket_vsock_proxy(1257477)  D 10-03 23:26:02 1257477 1267915 socket2socket_proxy.cpp:166] Proxy is launched. Amount of currently tracked proxy pairs: 4
socket_vsock_proxy(1257477)  D 10-03 23:26:02 1257477 1279942 socket2socket_proxy.cpp:88] c2t: Proxy thread started. Starting copying data
socket_vsock_proxy(1257477)  D 10-03 23:26:02 1257477 1279942 socket2socket_proxy.cpp:100] c2t: Proxy thread completed
socket_vsock_proxy(1257477)  D 10-03 23:26:02 1257477 1279943 socket2socket_proxy.cpp:88] t2c: Proxy thread started. Starting copying data
log_tee(1257448)  D 10-03 23:26:02 1257448 1257448 log_tee.cpp:185] [WARN  vhost_device_vsock::thread_backend] Could not remove epoll listener for fd 21: EpollRemove(Os { code: 2, kind: NotFound, message: "No such file or directory" })
socket_vsock_proxy(1257477)  D 10-03 23:26:02 1257477 1279943 socket2socket_proxy.cpp:100] t2c: Proxy thread completed
socket_vsock_proxy(1257477)  D 10-03 23:26:17 1257477 1267915 client.cpp:110] Connected to vsock:3:5555
socket_vsock_proxy(1257477)  D 10-03 23:26:17 1257477 1267915 socket2socket_proxy.cpp:163] Launching proxy threads
socket_vsock_proxy(1257477)  D 10-03 23:26:17 1257477 1267915 socket2socket_proxy.cpp:166] Proxy is launched. Amount of currently tracked proxy pairs: 4
socket_vsock_proxy(1257477)  D 10-03 23:26:17 1257477 1280100 socket2socket_proxy.cpp:88] c2t: Proxy thread started. Starting copying data
socket_vsock_proxy(1257477)  D 10-03 23:26:17 1257477 1280101 socket2socket_proxy.cpp:88] t2c: Proxy thread started. Starting copying data
socket_vsock_proxy(1257477)  D 10-03 23:26:17 1257477 1280100 socket2socket_proxy.cpp:100] c2t: Proxy thread completed
log_tee(1257448)  D 10-03 23:26:17 1257448 1257448 log_tee.cpp:185] [WARN  vhost_device_vsock::thread_backend] Could not remove epoll listener for fd 21: EpollRemove(Os { code: 2, kind: NotFound, message: "No such file or directory" })
socket_vsock_proxy(1257477)  D 10-03 23:26:17 1257477 1280101 socket2socket_proxy.cpp:100] t2c: Proxy thread completed
socket_vsock_proxy(1257477)  D 10-03 23:26:32 1257477 1267915 client.cpp:110] Connected to vsock:3:5555
socket_vsock_proxy(1257477)  D 10-03 23:26:32 1257477 1267915 socket2socket_proxy.cpp:163] Launching proxy threads
socket_vsock_proxy(1257477)  D 10-03 23:26:32 1257477 1267915 socket2socket_proxy.cpp:166] Proxy is launched. Amount of currently tracked proxy pairs: 4
socket_vsock_proxy(1257477)  D 10-03 23:26:32 1257477 1280257 socket2socket_proxy.cpp:88] c2t: Proxy thread started. Starting copying data
socket_vsock_proxy(1257477)  D 10-03 23:26:32 1257477 1280258 socket2socket_proxy.cpp:88] t2c: Proxy thread started. Starting copying data
socket_vsock_proxy(1257477)  D 10-03 23:26:32 1257477 1280257 socket2socket_proxy.cpp:100] c2t: Proxy thread completed
socket_vsock_proxy(1257477)  D 10-03 23:26:32 1257477 1280258 socket2socket_proxy.cpp:100] t2c: Proxy thread completed
log_tee(1257448)  D 10-03 23:26:32 1257448 1257448 log_tee.cpp:185] [WARN  vhost_device_vsock::thread_backend] Could not remove epoll listener for fd 21: EpollRemove(Os { code: 2, kind: NotFound, message: "No such file or directory" })
socket_vsock_proxy(1257477)  D 10-03 23:26:47 1257477 1267915 client.cpp:110] Connected to vsock:3:5555
socket_vsock_proxy(1257477)  D 10-03 23:26:47 1257477 1267915 socket2socket_proxy.cpp:163] Launching proxy threads
socket_vsock_proxy(1257477)  D 10-03 23:26:47 1257477 1267915 socket2socket_proxy.cpp:166] Proxy is launched. Amount of currently tracked proxy pairs: 4
socket_vsock_proxy(1257477)  D 10-03 23:26:47 1257477 1280414 socket2socket_proxy.cpp:88] c2t: Proxy thread started. Starting copying data
socket_vsock_proxy(1257477)  D 10-03 23:26:47 1257477 1280415 socket2socket_proxy.cpp:88] t2c: Proxy thread started. Starting copying data
socket_vsock_proxy(1257477)  D 10-03 23:26:47 1257477 1280414 socket2socket_proxy.cpp:100] c2t: Proxy thread completed
log_tee(1257448)  D 10-03 23:26:47 1257448 1257448 log_tee.cpp:185] [WARN  vhost_device_vsock::thread_backend] Could not remove epoll listener for fd 21: EpollRemove(Os { code: 2, kind: NotFound, message: "No such file or directory" })
socket_vsock_proxy(1257477)  D 10-03 23:26:47 1257477 1280415 socket2socket_proxy.cpp:100] t2c: Proxy thread completed
socket_vsock_proxy(1257477)  D 10-03 23:27:02 1257477 1267915 client.cpp:110] Connected to vsock:3:5555
socket_vsock_proxy(1257477)  D 10-03 23:27:02 1257477 1267915 socket2socket_proxy.cpp:163] Launching proxy threads
socket_vsock_proxy(1257477)  D 10-03 23:27:02 1257477 1267915 socket2socket_proxy.cpp:166] Proxy is launched. Amount of currently tracked proxy pairs: 4
socket_vsock_proxy(1257477)  D 10-03 23:27:02 1257477 1280572 socket2socket_proxy.cpp:88] c2t: Proxy thread started. Starting copying data
socket_vsock_proxy(1257477)  D 10-03 23:27:02 1257477 1280572 socket2socket_proxy.cpp:100] c2t: Proxy thread completed
socket_vsock_proxy(1257477)  D 10-03 23:27:02 1257477 1280573 socket2socket_proxy.cpp:88] t2c: Proxy thread started. Starting copying data
log_tee(1257448)  D 10-03 23:27:02 1257448 1257448 log_tee.cpp:185] [WARN  vhost_device_vsock::thread_backend] Could not remove epoll listener for fd 21: EpollRemove(Os { code: 2, kind: NotFound, message: "No such file or directory" })
socket_vsock_proxy(1257477)  D 10-03 23:27:02 1257477 1280573 socket2socket_proxy.cpp:100] t2c: Proxy thread completed
socket_vsock_proxy(1257477)  D 10-03 23:27:17 1257477 1267915 client.cpp:110] Connected to vsock:3:5555
socket_vsock_proxy(1257477)  D 10-03 23:27:17 1257477 1267915 socket2socket_proxy.cpp:163] Launching proxy threads
socket_vsock_proxy(1257477)  D 10-03 23:27:17 1257477 1267915 socket2socket_proxy.cpp:166] Proxy is launched. Amount of currently tracked proxy pairs: 4
socket_vsock_proxy(1257477)  D 10-03 23:27:17 1257477 1280730 socket2socket_proxy.cpp:88] c2t: Proxy thread started. Starting copying data
socket_vsock_proxy(1257477)  D 10-03 23:27:17 1257477 1280730 socket2socket_proxy.cpp:100] c2t: Proxy thread completed
socket_vsock_proxy(1257477)  D 10-03 23:27:17 1257477 1280731 socket2socket_proxy.cpp:88] t2c: Proxy thread started. Starting copying data
log_tee(1257448)  D 10-03 23:27:17 1257448 1257448 log_tee.cpp:185] [WARN  vhost_device_vsock::thread_backend] Could not remove epoll listener for fd 21: EpollRemove(Os { code: 2, kind: NotFound, message: "No such file or directory" })
socket_vsock_proxy(1257477)  D 10-03 23:27:17 1257477 1280731 socket2socket_proxy.cpp:100] t2c: Proxy thread completed
socket_vsock_proxy(1257477)  D 10-03 23:27:32 1257477 1267915 client.cpp:110] Connected to vsock:3:5555
socket_vsock_proxy(1257477)  D 10-03 23:27:32 1257477 1267915 socket2socket_proxy.cpp:163] Launching proxy threads
socket_vsock_proxy(1257477)  D 10-03 23:27:32 1257477 1280888 socket2socket_proxy.cpp:88] c2t: Proxy thread started. Starting copying data
socket_vsock_proxy(1257477)  D 10-03 23:27:32 1257477 1267915 socket2socket_proxy.cpp:166] Proxy is launched. Amount of currently tracked proxy pairs: 4
socket_vsock_proxy(1257477)  D 10-03 23:27:32 1257477 1280888 socket2socket_proxy.cpp:100] c2t: Proxy thread completed
socket_vsock_proxy(1257477)  D 10-03 23:27:32 1257477 1280889 socket2socket_proxy.cpp:88] t2c: Proxy thread started. Starting copying data
log_tee(1257448)  D 10-03 23:27:32 1257448 1257448 log_tee.cpp:185] [WARN  vhost_device_vsock::thread_backend] Could not remove epoll listener for fd 21: EpollRemove(Os { code: 2, kind: NotFound, message: "No such file or directory" })
socket_vsock_proxy(1257477)  D 10-03 23:27:32 1257477 1280889 socket2socket_proxy.cpp:100] t2c: Proxy thread completed
socket_vsock_proxy(1257477)  D 10-03 23:27:47 1257477 1267915 client.cpp:110] Connected to vsock:3:5555
socket_vsock_proxy(1257477)  D 10-03 23:27:47 1257477 1267915 socket2socket_proxy.cpp:163] Launching proxy threads
socket_vsock_proxy(1257477)  D 10-03 23:27:47 1257477 1267915 socket2socket_proxy.cpp:166] Proxy is launched. Amount of currently tracked proxy pairs: 4
socket_vsock_proxy(1257477)  D 10-03 23:27:47 1257477 1281046 socket2socket_proxy.cpp:88] c2t: Proxy thread started. Starting copying data
socket_vsock_proxy(1257477)  D 10-03 23:27:47 1257477 1281047 socket2socket_proxy.cpp:88] t2c: Proxy thread started. Starting copying data
socket_vsock_proxy(1257477)  D 10-03 23:27:47 1257477 1281046 socket2socket_proxy.cpp:100] c2t: Proxy thread completed
log_tee(1257448)  D 10-03 23:27:47 1257448 1257448 log_tee.cpp:185] [WARN  vhost_device_vsock::thread_backend] Could not remove epoll listener for fd 21: EpollRemove(Os { code: 2, kind: NotFound, message: "No such file or directory" })
socket_vsock_proxy(1257477)  D 10-03 23:27:47 1257477 1281047 socket2socket_proxy.cpp:100] t2c: Proxy thread completed
socket_vsock_proxy(1257477)  D 10-03 23:28:02 1257477 1267915 client.cpp:110] Connected to vsock:3:5555
socket_vsock_proxy(1257477)  D 10-03 23:28:02 1257477 1267915 socket2socket_proxy.cpp:163] Launching proxy threads
socket_vsock_proxy(1257477)  D 10-03 23:28:02 1257477 1267915 socket2socket_proxy.cpp:166] Proxy is launched. Amount of currently tracked proxy pairs: 4
socket_vsock_proxy(1257477)  D 10-03 23:28:02 1257477 1281203 socket2socket_proxy.cpp:88] c2t: Proxy thread started. Starting copying data
socket_vsock_proxy(1257477)  D 10-03 23:28:02 1257477 1281203 socket2socket_proxy.cpp:100] c2t: Proxy thread completed
socket_vsock_proxy(1257477)  D 10-03 23:28:02 1257477 1281204 socket2socket_proxy.cpp:88] t2c: Proxy thread started. Starting copying data
log_tee(1257448)  D 10-03 23:28:02 1257448 1257448 log_tee.cpp:185] [WARN  vhost_device_vsock::thread_backend] Could not remove epoll listener for fd 21: EpollRemove(Os { code: 2, kind: NotFound, message: "No such file or directory" })
socket_vsock_proxy(1257477)  D 10-03 23:28:02 1257477 1281204 socket2socket_proxy.cpp:100] t2c: Proxy thread completed
socket_vsock_proxy(1257477)  D 10-03 23:28:17 1257477 1267915 client.cpp:110] Connected to vsock:3:5555
socket_vsock_proxy(1257477)  D 10-03 23:28:17 1257477 1267915 socket2socket_proxy.cpp:163] Launching proxy threads
socket_vsock_proxy(1257477)  D 10-03 23:28:17 1257477 1281361 socket2socket_proxy.cpp:88] t2c: Proxy thread started. Starting copying data
socket_vsock_proxy(1257477)  D 10-03 23:28:17 1257477 1281360 socket2socket_proxy.cpp:88] c2t: Proxy thread started. Starting copying data
socket_vsock_proxy(1257477)  D 10-03 23:28:17 1257477 1281360 socket2socket_proxy.cpp:100] c2t: Proxy thread completed
socket_vsock_proxy(1257477)  D 10-03 23:28:17 1257477 1267915 socket2socket_proxy.cpp:166] Proxy is launched. Amount of currently tracked proxy pairs: 4
log_tee(1257448)  D 10-03 23:28:17 1257448 1257448 log_tee.cpp:185] [WARN  vhost_device_vsock::thread_backend] Could not remove epoll listener for fd 21: EpollRemove(Os { code: 2, kind: NotFound, message: "No such file or directory" })
socket_vsock_proxy(1257477)  D 10-03 23:28:17 1257477 1281361 socket2socket_proxy.cpp:100] t2c: Proxy thread completed
socket_vsock_proxy(1257477)  D 10-03 23:28:32 1257477 1267915 client.cpp:110] Connected to vsock:3:5555
socket_vsock_proxy(1257477)  D 10-03 23:28:32 1257477 1267915 socket2socket_proxy.cpp:163] Launching proxy threads
socket_vsock_proxy(1257477)  D 10-03 23:28:32 1257477 1281516 socket2socket_proxy.cpp:88] c2t: Proxy thread started. Starting copying data
socket_vsock_proxy(1257477)  D 10-03 23:28:32 1257477 1267915 socket2socket_proxy.cpp:166] Proxy is launched. Amount of currently tracked proxy pairs: 4
socket_vsock_proxy(1257477)  D 10-03 23:28:32 1257477 1281516 socket2socket_proxy.cpp:100] c2t: Proxy thread completed
socket_vsock_proxy(1257477)  D 10-03 23:28:32 1257477 1281517 socket2socket_proxy.cpp:88] t2c: Proxy thread started. Starting copying data
log_tee(1257448)  D 10-03 23:28:32 1257448 1257448 log_tee.cpp:185] [WARN  vhost_device_vsock::thread_backend] Could not remove epoll listener for fd 21: EpollRemove(Os { code: 2, kind: NotFound, message: "No such file or directory" })
socket_vsock_proxy(1257477)  D 10-03 23:28:32 1257477 1281517 socket2socket_proxy.cpp:100] t2c: Proxy thread completed
socket_vsock_proxy(1257477)  D 10-03 23:28:47 1257477 1267915 client.cpp:110] Connected to vsock:3:5555
socket_vsock_proxy(1257477)  D 10-03 23:28:47 1257477 1267915 socket2socket_proxy.cpp:163] Launching proxy threads
socket_vsock_proxy(1257477)  D 10-03 23:28:47 1257477 1281675 socket2socket_proxy.cpp:88] c2t: Proxy thread started. Starting copying data
socket_vsock_proxy(1257477)  D 10-03 23:28:47 1257477 1267915 socket2socket_proxy.cpp:166] Proxy is launched. Amount of currently tracked proxy pairs: 4
socket_vsock_proxy(1257477)  D 10-03 23:28:47 1257477 1281675 socket2socket_proxy.cpp:100] c2t: Proxy thread completed
socket_vsock_proxy(1257477)  D 10-03 23:28:47 1257477 1281676 socket2socket_proxy.cpp:88] t2c: Proxy thread started. Starting copying data
log_tee(1257448)  D 10-03 23:28:47 1257448 1257448 log_tee.cpp:185] [WARN  vhost_device_vsock::thread_backend] Could not remove epoll listener for fd 21: EpollRemove(Os { code: 2, kind: NotFound, message: "No such file or directory" })
socket_vsock_proxy(1257477)  D 10-03 23:28:47 1257477 1281676 socket2socket_proxy.cpp:100] t2c: Proxy thread completed
socket_vsock_proxy(1257477)  D 10-03 23:29:03 1257477 1267915 client.cpp:110] Connected to vsock:3:5555
socket_vsock_proxy(1257477)  D 10-03 23:29:03 1257477 1267915 socket2socket_proxy.cpp:163] Launching proxy threads
socket_vsock_proxy(1257477)  D 10-03 23:29:03 1257477 1281837 socket2socket_proxy.cpp:88] c2t: Proxy thread started. Starting copying data
socket_vsock_proxy(1257477)  D 10-03 23:29:03 1257477 1267915 socket2socket_proxy.cpp:166] Proxy is launched. Amount of currently tracked proxy pairs: 4
socket_vsock_proxy(1257477)  D 10-03 23:29:03 1257477 1281838 socket2socket_proxy.cpp:88] t2c: Proxy thread started. Starting copying data
socket_vsock_proxy(1257477)  D 10-03 23:29:03 1257477 1281837 socket2socket_proxy.cpp:100] c2t: Proxy thread completed
log_tee(1257448)  D 10-03 23:29:03 1257448 1257448 log_tee.cpp:185] [WARN  vhost_device_vsock::thread_backend] Could not remove epoll listener for fd 21: EpollRemove(Os { code: 2, kind: NotFound, message: "No such file or directory" })
socket_vsock_proxy(1257477)  D 10-03 23:29:03 1257477 1281838 socket2socket_proxy.cpp:100] t2c: Proxy thread completed
socket_vsock_proxy(1257477)  D 10-03 23:29:17 1257477 1267915 client.cpp:110] Connected to vsock:3:5555
socket_vsock_proxy(1257477)  D 10-03 23:29:17 1257477 1267915 socket2socket_proxy.cpp:163] Launching proxy threads
socket_vsock_proxy(1257477)  D 10-03 23:29:17 1257477 1267915 socket2socket_proxy.cpp:166] Proxy is launched. Amount of currently tracked proxy pairs: 4
socket_vsock_proxy(1257477)  D 10-03 23:29:17 1257477 1281990 socket2socket_proxy.cpp:88] c2t: Proxy thread started. Starting copying data
socket_vsock_proxy(1257477)  D 10-03 23:29:17 1257477 1281991 socket2socket_proxy.cpp:88] t2c: Proxy thread started. Starting copying data
socket_vsock_proxy(1257477)  D 10-03 23:29:17 1257477 1281990 socket2socket_proxy.cpp:100] c2t: Proxy thread completed
log_tee(1257448)  D 10-03 23:29:17 1257448 1257448 log_tee.cpp:185] [WARN  vhost_device_vsock::thread_backend] Could not remove epoll listener for fd 21: EpollRemove(Os { code: 2, kind: NotFound, message: "No such file or directory" })
socket_vsock_proxy(1257477)  D 10-03 23:29:17 1257477 1281991 socket2socket_proxy.cpp:100] t2c: Proxy thread completed
socket_vsock_proxy(1257477)  D 10-03 23:29:32 1257477 1267915 client.cpp:110] Connected to vsock:3:5555
socket_vsock_proxy(1257477)  D 10-03 23:29:32 1257477 1267915 socket2socket_proxy.cpp:163] Launching proxy threads
socket_vsock_proxy(1257477)  D 10-03 23:29:32 1257477 1267915 socket2socket_proxy.cpp:166] Proxy is launched. Amount of currently tracked proxy pairs: 4
socket_vsock_proxy(1257477)  D 10-03 23:29:32 1257477 1282149 socket2socket_proxy.cpp:88] c2t: Proxy thread started. Starting copying data
socket_vsock_proxy(1257477)  D 10-03 23:29:32 1257477 1282150 socket2socket_proxy.cpp:88] t2c: Proxy thread started. Starting copying data
socket_vsock_proxy(1257477)  D 10-03 23:29:32 1257477 1282149 socket2socket_proxy.cpp:100] c2t: Proxy thread completed
log_tee(1257448)  D 10-03 23:29:32 1257448 1257448 log_tee.cpp:185] [WARN  vhost_device_vsock::thread_backend] Could not remove epoll listener for fd 21: EpollRemove(Os { code: 2, kind: NotFound, message: "No such file or directory" })
socket_vsock_proxy(1257477)  D 10-03 23:29:32 1257477 1282150 socket2socket_proxy.cpp:100] t2c: Proxy thread completed
socket_vsock_proxy(1257477)  D 10-03 23:29:47 1257477 1267915 client.cpp:110] Connected to vsock:3:5555
socket_vsock_proxy(1257477)  D 10-03 23:29:47 1257477 1267915 socket2socket_proxy.cpp:163] Launching proxy threads
socket_vsock_proxy(1257477)  D 10-03 23:29:47 1257477 1267915 socket2socket_proxy.cpp:166] Proxy is launched. Amount of currently tracked proxy pairs: 4
socket_vsock_proxy(1257477)  D 10-03 23:29:47 1257477 1282305 socket2socket_proxy.cpp:88] c2t: Proxy thread started. Starting copying data
socket_vsock_proxy(1257477)  D 10-03 23:29:47 1257477 1282306 socket2socket_proxy.cpp:88] t2c: Proxy thread started. Starting copying data
socket_vsock_proxy(1257477)  D 10-03 23:29:47 1257477 1282305 socket2socket_proxy.cpp:100] c2t: Proxy thread completed
log_tee(1257448)  D 10-03 23:29:47 1257448 1257448 log_tee.cpp:185] [WARN  vhost_device_vsock::thread_backend] Could not remove epoll listener for fd 21: EpollRemove(Os { code: 2, kind: NotFound, message: "No such file or directory" })
socket_vsock_proxy(1257477)  D 10-03 23:29:47 1257477 1282306 socket2socket_proxy.cpp:100] t2c: Proxy thread completed
socket_vsock_proxy(1257477)  D 10-03 23:30:19 1257477 1267915 client.cpp:110] Connected to vsock:3:5555
socket_vsock_proxy(1257477)  D 10-03 23:30:19 1257477 1267915 socket2socket_proxy.cpp:163] Launching proxy threads
socket_vsock_proxy(1257477)  D 10-03 23:30:19 1257477 1267915 socket2socket_proxy.cpp:166] Proxy is launched. Amount of currently tracked proxy pairs: 4
socket_vsock_proxy(1257477)  D 10-03 23:30:19 1257477 1282646 socket2socket_proxy.cpp:88] c2t: Proxy thread started. Starting copying data
socket_vsock_proxy(1257477)  D 10-03 23:30:19 1257477 1282647 socket2socket_proxy.cpp:88] t2c: Proxy thread started. Starting copying data
socket_vsock_proxy(1257477)  D 10-03 23:30:19 1257477 1282646 socket2socket_proxy.cpp:100] c2t: Proxy thread completed
log_tee(1257448)  D 10-03 23:30:20 1257448 1257448 log_tee.cpp:185] [WARN  vhost_device_vsock::thread_backend] Could not remove epoll listener for fd 21: EpollRemove(Os { code: 2, kind: NotFound, message: "No such file or directory" })
socket_vsock_proxy(1257477)  D 10-03 23:30:20 1257477 1282647 socket2socket_proxy.cpp:100] t2c: Proxy thread completed
socket_vsock_proxy(1257477)  D 10-03 23:30:30 1257477 1268848 socket2socket_proxy.cpp:100] c2t: Proxy thread completed
socket_vsock_proxy(1257477)  D 10-03 23:30:30 1257477 1268849 socket2socket_proxy.cpp:100] t2c: Proxy thread completed
log_tee(1257448)  D 10-03 23:30:30 1257448 1257448 log_tee.cpp:185] [WARN  vhost_device_vsock::thread_backend] Could not remove epoll listener for fd 19: EpollRemove(Os { code: 2, kind: NotFound, message: "No such file or directory" })
run_cvd(1257441)  E 10-03 23:31:14 1257441 1257443 boot_state_machine.cc:507] Foreground launcher closed the pipe, launch is cancelled
secure_env(1257532)  E 10-03 23:31:14 1257532 1257673 suspend_resume_handler.cpp:71]  | cuttlefish/host/commands/secure_env/suspend_resume_handler.cpp:86
secure_env(1257532)  E 10-03 23:31:14 1257532 1257673 suspend_resume_handler.cpp:71]  | Result<void> cuttlefish::SnapshotCommandHandler::SuspendResumeHandler()
secure_env(1257532)  E 10-03 23:31:14 1257532 1257673 suspend_resume_handler.cpp:71]  v CF_EXPECT(std::move(launcher_action_opt))
secure_env(1257532)  E 10-03 23:31:14 1257532 1257673 suspend_resume_handler.cpp:71] Channel to run_cvd closed unexpectedly
secure_env(1257532)  F 10-03 23:31:14 1257532 1257679 secure_env_only_oemlock.cpp:110] Check failed: read_result->has_value() EOF in kernel log monitor
secure_env(1257532)  F 10-03 23:31:14 1257532 1257679 secure_env_only_oemlock.cpp:110] Check failed: read_result->has_value() EOF in kernel log monitor
