

U-Boot 2024.04-g3fe964757589-ab15108624 (Mar 27 2026 - 21:26:21 +0000)

DRAM:  4 GiB
Core:  8 devices, 5 uclasses, devicetree: board
Net:   eth0: virtio-net#1, eth1: virtio-net#2
No QEMU firmware device
Falling back to U-Boot generated SMBIOS tables
Driver                    uid uclass               Devices
----------------------------------------------------------
blk_partition             083 partition            virtio-blk#24:1          
                                                   virtio-blk#24:2          
                                                   virtio-blk#24:3          
                                                   virtio-blk#24:4          
                                                   virtio-blk#24:5          
                                                   virtio-blk#24:6          
                                                   virtio-blk#24:7          
                                                   virtio-blk#24:8          
                                                   virtio-blk#24:9          
                                                   virtio-blk#24:10         
                                                   virtio-blk#24:11         
                                                   virtio-blk#24:12         
                                                   virtio-blk#24:13         
                                                   virtio-blk#24:14         
                                                   virtio-blk#24:15         
                                                   virtio-blk#24:16         
                                                   virtio-blk#24:17         
                                                   virtio-blk#24:18         
                                                   virtio-blk#24:19         
                                                   virtio-blk#25:1          
                                                   virtio-blk#25:2          
                                                   virtio-blk#25:3          
                                                   virtio-blk#25:4          
                                                   virtio-blk#26:1          
bochs_video               129 video                <none>
bootmeth_qfw              026 <no uclass>          
efi_blk                   022 blk                  <none>
EFI block driver          038 efi                  <none>
ns16550_serial            108 serial               U6_16550A@3f8            
                                                   U6_16550A@2f8            
                                                   U6_16550A@3e8            
                                                   U6_16550A@2e8            
pci_bridge_drv            085 pci                  <none>
pci_generic_drv           087 pci_generic          pci_0:0.0                
                                                   pci_0:1.7                
pci_generic_ecam          085 pci                  pci                      
psci                      045 firmware             psci                     
psci-sysreset             119 sysreset             psci-sysreset            
qfw_bootdev               025 <no uclass>          
qfw_mmio                  096 qfw                  <none>
root_driver               000 root                 root_driver              
rtc-pl031                 104 rtc                  <none>
serial_pl01x              108 serial               <none>
smccc-trng                103 rng                  <none>
vidconsole0               131 vidconsole0          <none>
virtio-blk                022 blk                  virtio-blk#24            
                                                   virtio-blk#25            
                                                   virtio-blk#26            
virtio_bootdev            025 <no uclass>          
virtio-console            108 serial               virtio-console#0         
                                                   virtio-console#8         
                                                   virtio-console#9         
                                                   virtio-console#10        
                                                   virtio-console#11        
                                                   virtio-console#12        
                                                   virtio-console#13        
                                                   virtio-console#14        
                                                   virtio-console#15        
                                                   virtio-console#16        
                                                   virtio-console#17        
                                                   virtio-console#18        
                                                   virtio-console#19        
                                                   virtio-console#20        
                                                   virtio-console#21        
                                                   virtio-console#22        
                                                   virtio-console#23        
                                                   virtio-console#27        
                                                   virtio-console#28        
                                                   virtio-console#29        
virtio-console-port       108 serial               <none>
virtio-mmio               133 virtio               <none>
virtio-net                040 ethernet             virtio-net#1             
                                                   virtio-net#2             
virtio-pci.m              133 virtio               virtio-pci.m#0           
                                                   virtio-pci.m#1           
                                                   virtio-pci.m#2           
                                                   virtio-pci.m#3           
                                                   virtio-pci.m#4           
                                                   virtio-pci.m#5           
                                                   virtio-pci.m#6           
                                                   virtio-pci.m#7           
                                                   virtio-pci.m#8           
                                                   virtio-pci.m#9           
                                                   virtio-pci.m#10          
                                                   virtio-pci.m#11          
                                                   virtio-pci.m#12          
                                                   virtio-pci.m#13          
                                                   virtio-pci.m#14          
                                                   virtio-pci.m#15          
                                                   virtio-pci.m#16          
                                                   virtio-pci.m#17          
                                                   virtio-pci.m#18          
                                                   virtio-pci.m#19          
                                                   virtio-pci.m#20          
                                                   virtio-pci.m#21          
                                                   virtio-pci.m#22          
                                                   virtio-pci.m#23          
                                                   virtio-pci.m#24          
                                                   virtio-pci.m#25          
                                                   virtio-pci.m#26          
                                                   virtio-pci.m#27          
                                                   virtio-pci.m#28          
                                                   virtio-pci.m#29          
                                                   virtio-pci.m#30          
                                                   virtio-pci.m#31          
                                                   virtio-pci.m#32          
                                                   virtio-pci.m#33          
                                                   virtio-pci.m#34          
                                                   virtio-pci.m#35          
                                                   virtio-pci.m#36          
virtio-rng                103 rng                  virtio-rng#32            
## Android Verified Boot 2.0 version 1.2.0
Writing 8 bytes to virtio-console#17 console
Reading 8 bytes from virtio-console#17 console
Writing 8 bytes to virtio-console#17 console
Reading 8 bytes from virtio-console#17 console
Verification passed successfully
Imported supplementary environment
Unknown command 'mtrr' - try 'help'
ANDROID: reboot reason: "(none)"
ANDROID: Invalid CRC-32 (expected 807077e9, found 00000000),re-initializing A/B metadata.
ANDROID: Attempting slot a, tries remaining 3
## Android Verified Boot 2.0 version 1.2.0
Writing 8 bytes to virtio-console#17 console
Reading 8 bytes from virtio-console#17 console
Writing 8 bytes to virtio-console#17 console
Reading 8 bytes from virtio-console#17 console
Verification passed successfully
## Android Verified Boot 2.0 version 1.2.0
Writing 8 bytes to virtio-console#17 console
Reading 8 bytes from virtio-console#17 console
Writing 8 bytes to virtio-console#17 console
Reading 8 bytes from virtio-console#17 console
Verification passed successfully
ANDROID: Loading ramdisk from "init_boot_a", partition 4.
ANDROID: Loading kernel from "boot_a", partition 1.
ANDROID: Loading vendor ramdisk from "vendor_boot_a", partition 18.
Booting kernel at 0x80200000 with fdt at 80000000 ramdisk 0x84200000:0x014ccf2b...


## Flattened Device Tree blob at 80000000
   Booting using the fdt blob at 0x80000000
   Loading Ramdisk to 17c132000, end 17d5fef2b ... OK
   Loading Device Tree to 000000017c12d000, end 000000017c13125e ... OK

Starting kernel ...

[    0.000000][    T0] Booting Linux on physical CPU 0x0000000000 [0x610f0000]
[    0.000000][    T0] Linux version 6.12.74-android16-6-g3ec022196c4e-ab15076761-4k (kleaf@build-host) (Android (14043575, +pgo, +bolt, +lto, +mlgo, based on r536225) clang version 19.0.1 (https://android.googlesource.com/toolchain/llvm-project b3a530ec6537146650e42be89f1089e9a3588460), LLD 19.0.1) #1 SMP PREEMPT Tue Mar 24 05:36:21 UTC 2026
[    0.000000][    T0] KASLR enabled
[    0.000000][    T0] random: crng init done
[    0.000000][    T0] Machine model: linux,dummy-virt
[    0.000000][    T0] KVM is not available. Ignoring kvm-arm.mode
[    0.000000][    T0] earlycon: uart8250 at MMIO 0x00000000000003f8 (options '')
[    0.000000][    T0] printk: legacy bootconsole [uart8250] enabled
[    0.000000][    T0] efi: UEFI not found.
[    0.000000][    T0] OF: reserved mem: Reserved memory: No reserved-memory node in the DT
[    0.000000][    T0] Zone ranges:
[    0.000000][    T0]   DMA32    [mem 0x0000000080000000-0x00000000ffffffff]
[    0.000000][    T0]   Normal   [mem 0x0000000100000000-0x000000017fffffff]
[    0.000000][    T0] Movable zone start for each node
[    0.000000][    T0] Early memory node ranges
[    0.000000][    T0]   node   0: [mem 0x0000000080000000-0x000000017fffffff]
[    0.000000][    T0] Initmem setup node 0 [mem 0x0000000080000000-0x000000017fffffff]
[    0.000000][    T0] psci: probing for conduit method from DT.
[    0.000000][    T0] psci: PSCIv1.1 detected in firmware.
[    0.000000][    T0] psci: Using standard PSCI v0.2 function IDs
[    0.000000][    T0] psci: Trusted OS migration not required
[    0.000000][    T0] psci: SMC Calling Convention v1.1
[    0.000000][    T0] smccc: KVM: hypervisor services detected (0x00000000 0x00000000 0x00000000 0x00000003)
[    0.000000][    T0] Load bootconfig: 2488 bytes 120 nodes
[    0.000000][    T0] percpu: Embedded 81 pages/cpu s169432 r131072 d31272 u331776
[    0.000000][    T0] Detected PIPT I-cache on CPU0
[    0.000000][    T0] CPU features: detected: Address authentication (IMP DEF algorithm)
[    0.000000][    T0] CPU features: detected: GIC system register CPU interface
[    0.000000][    T0] CPU features: detected: Spectre-v4
[    0.000000][    T0] CPU features: detected: Spectre-BHB
[    0.000000][    T0] alternatives: applying boot alternatives
[    0.000000][    T0] Kernel command line: vmw_vsock_virtio_transport_common.virtio_transport_max_vsock_pkt_buf_size=16384 console=ttynull stack_depot_disable=on cgroup_disable=pressure kasan.stacktrace=off kvm-arm.mode=protected bootconfig  printk.devkmsg=on audit=1 panic=-1 8250.nr_uarts=1 binder.impl=rust cma=0 firmware_class.path=/vendor/etc/ loop.max_part=7 init=/init bootconfig panic=-1 console=hvc0 earlycon=uart8250,mmio,0x3f8 ramoops.mem_address=0x1c0000000 ramoops.mem_size=0x200000
[    0.000000][    T0] cgroup: Disabling pressure control group feature
[    0.000000][    T0] audit: enabled (after initialization)
[    0.000000][    T0] printk: log buffer data + meta data: 131072 + 458752 = 589824 bytes
[    0.000000][    T0] Dentry cache hash table entries: 524288 (order: 10, 4194304 bytes, linear)
[    0.000000][    T0] Inode-cache hash table entries: 262144 (order: 9, 2097152 bytes, linear)
[    0.000000][    T0] Built 1 zonelists, mobility grouping on.  Total pages: 1048576
[    0.000000][    T0] mem auto-init: stack:all(zero), heap alloc:on, heap free:off
[    0.000000][    T0] stackdepot: disabled
[    0.000000][    T0] software IO TLB: area num 4.
[    0.000000][    T0] software IO TLB: mapped [mem 0x00000000fbfff000-0x00000000fffff000] (64MB)
[    0.000000][    T0] SLUB: HWalign=64, Order=0-3, MinObjects=0, CPUs=4, Nodes=1
[    0.000000][    T0] rcu: Preemptible hierarchical RCU implementation.
[    0.000000][    T0] rcu: 	RCU event tracing is enabled.
[    0.000000][    T0] rcu: 	RCU restricting CPUs from NR_CPUS=32 to nr_cpu_ids=4.
[    0.000000][    T0] rcu: 	RCU priority boosting: priority 1 delay 500 ms.
[    0.000000][    T0] 	Trampoline variant of Tasks RCU enabled.
[    0.000000][    T0] 	Tracing variant of Tasks RCU enabled.
[    0.000000][    T0] rcu: RCU calculated value of scheduler-enlistment delay is 25 jiffies.
[    0.000000][    T0] rcu: Adjusting geometry for rcu_fanout_leaf=16, nr_cpu_ids=4
[    0.000000][    T0] RCU Tasks: Setting shift to 2 and lim to 1 rcu_task_cb_adjust=1 rcu_task_cpu_ids=4.
[    0.000000][    T0] RCU Tasks Trace: Setting shift to 2 and lim to 1 rcu_task_cb_adjust=1 rcu_task_cpu_ids=4.
[    0.000000][    T0] NR_IRQS: 64, nr_irqs: 64, preallocated irqs: 0
[    0.000000][    T0] GICv3: 32 SPIs implemented
[    0.000000][    T0] GICv3: 0 Extended SPIs implemented
[    0.000000][    T0] Root IRQ handler: gic_handle_irq
[    0.000000][    T0] GICv3: GICv3 features: 16 PPIs, DirectLPI
[    0.000000][    T0] GICv3: GICD_CTRL.DS=1, SCR_EL3.FIQ=0
[    0.000000][    T0] GICv3: CPU0: found redistributor 0 region 0:0x000000003ff70000
[    0.000000][    T0] rcu: 	Offload RCU callbacks from CPUs: 0-3.
[    0.000000][    T0] rcu: srcu_init: Setting srcu_struct sizes based on contention.
[    0.000000][    T0] arch_timer: cp15 timer(s) running at 24.00MHz (virt).
[    0.000000][    T0] clocksource: arch_sys_counter: mask: 0xffffffffffffff max_cycles: 0x588fe9dc0, max_idle_ns: 440795202592 ns
[    0.001966][    T0] sched_clock: 56 bits at 24MHz, resolution 41ns, wraps every 4398046511097ns
[    0.057270][    T0] arm-pv: using stolen time PV
[    0.113024][    T0] kfence: initialized - using 524288 bytes for 63 objects at 0x(____ptrval____)-0x(____ptrval____)
[    0.392188][    T0] Calibrating delay loop (skipped), value calculated using timer frequency.. 48.00 BogoMIPS (lpj=96000)
[    0.422591][    T0] pid_max: default: 32768 minimum: 301
[    0.470780][    T0] LSM: initializing lsm=capability,landlock,safesetid,selinux,bpf
[    0.536645][    T0] landlock: Up and running.
[    0.547744][    T0] SELinux:  Initializing.
[    0.615599][    T0] LSM support for eBPF active
[    0.711633][    T0] Mount-cache hash table entries: 8192 (order: 4, 65536 bytes, linear)
[    0.729387][    T0] Mountpoint-cache hash table entries: 8192 (order: 4, 65536 bytes, linear)
[    2.144663][    T1] cacheinfo: Unable to detect cache hierarchy for CPU 0
[    2.703014][    T1] rcu: Hierarchical SRCU implementation.
[    2.713670][    T1] rcu: 	Max phase no-delay instances is 1000.
[    2.995495][    T1] Timer migration: 1 hierarchy levels; 8 children per group; 1 crossnode level
[    3.152005][    T1] dyndbg: Ignore empty _ddebug table in a CONFIG_DYNAMIC_DEBUG_CORE build
[    3.230455][    T1] EFI services will not be available.
[    3.400375][    T1] smp: Bringing up secondary CPUs ...
[    5.113214][    T0] Detected PIPT I-cache on CPU1
[    5.122212][    T0] GICv3: CPU1: found redistributor 1 region 0:0x000000003ff90000
[    5.127558][    T0] CPU1: Booted secondary processor 0x0000000001 [0x610f0000]
[    6.131143][    T0] Detected PIPT I-cache on CPU2
[    6.137314][    T0] GICv3: CPU2: found redistributor 2 region 0:0x000000003ffb0000
[    6.141399][    T0] CPU2: Booted secondary processor 0x0000000002 [0x610f0000]
[    6.529563][    T0] Detected PIPT I-cache on CPU3
[    6.538291][    T0] GICv3: CPU3: found redistributor 3 region 0:0x000000003ffd0000
[    6.543308][    T0] CPU3: Booted secondary processor 0x0000000003 [0x610f0000]
[    6.565990][    T1] smp: Brought up 1 node, 4 CPUs
[    6.654932][    T1] SMP: Total of 4 processors activated.
[    6.662895][    T1] CPU: All CPU(s) started at EL1
[    6.693978][    T1] CPU features: detected: Branch Target Identification
[    6.714139][    T1] CPU features: detected: ARMv8.4 Translation Table Level
[    6.724583][    T1] CPU features: detected: Data cache clean to the PoU not required for I/D coherence
[    6.737742][    T1] CPU features: detected: Common not Private translations
[    6.747528][    T1] CPU features: detected: CRC32 instructions
[    6.755448][    T1] CPU features: detected: Data cache clean to Point of Deep Persistence
[    6.766580][    T1] CPU features: detected: Data cache clean to Point of Persistence
[    6.777171][    T1] CPU features: detected: Data independent timing control (DIT)
[    6.787299][    T1] CPU features: detected: E0PD
[    6.793626][    T1] CPU features: detected: Enhanced Privileged Access Never
[    6.804768][    T1] CPU features: detected: Generic authentication (IMP DEF algorithm)
[    6.831161][    T1] CPU features: detected: RCpc load-acquire (LDAPR)
[    6.844485][    T1] CPU features: detected: LSE atomic instructions
[    6.852990][    T1] CPU features: detected: Privileged Access Never
[    6.861588][    T1] CPU features: detected: RAS Extension Support
[    6.869799][    T1] CPU features: detected: Speculation barrier (SB)
[    6.878545][    T1] CPU features: detected: TLB range maintenance instructions
[    6.926658][    T1] alternatives: applying system-wide alternatives
[    7.702915][    T1] Memory: 3977732K/4194304K available (19328K kernel code, 2390K rwdata, 14484K rodata, 4672K init, 657K bss, 211348K reserved, 0K cma-reserved)
[    8.663708][    T1] setend instruction emulation is not supported on this system
[    8.734685][    T1] clocksource: jiffies: mask: 0xffffffff max_cycles: 0xffffffff, max_idle_ns: 7645041785100000 ns
[    8.756077][    T1] futex hash table entries: 1024 (order: 4, 65536 bytes, linear)
[    8.850985][    T1] 22320 pages in range for non-PLT usage
[    8.853731][    T1] 513840 pages in range for PLT usage
[    9.077991][    T1] pinctrl core: initialized pinctrl subsystem
[   10.297012][    T1] NET: Registered PF_NETLINK/PF_ROUTE protocol family
[   10.926118][    T1] DMA: preallocated 512 KiB GFP_KERNEL pool for atomic allocations
[   11.058356][    T1] DMA: preallocated 512 KiB GFP_KERNEL|GFP_DMA32 pool for atomic allocations
[   11.146068][    T1] audit: initializing netlink subsys (enabled)
[   11.388423][    T1] ramoops: using module parameters
[   11.389160][   T54] audit: type=2000 audit(4.196:1): state=initialized audit_enabled=1 res=1
[   11.786749][    T1] pstore: Using crash dump compression: deflate
[   11.818472][    T1] printk: legacy console [ramoops-1] enabled
[   11.908516][    T1] pstore: Registered ramoops as persistent store backend
[   11.926071][    T1] ramoops: using 0x200000@0x1c0000000, ecc: 0
[   12.145541][    T1] thermal_sys: Registered thermal governor 'bang_bang'
[   12.148392][    T1] thermal_sys: Registered thermal governor 'step_wise'
[   12.172997][    T1] thermal_sys: Registered thermal governor 'user_space'
[   12.182419][    T1] thermal_sys: Registered thermal governor 'power_allocator'
[   12.236122][    T1] cpuidle: using governor menu
[   12.367706][    T1] hw-breakpoint: found 6 breakpoint and 4 watchpoint registers.
[   12.416705][    T1] ASID allocator initialised with 65536 entries
[   12.617728][    T1] Serial: <SERIAL> PL011 UART driver
[   13.813239][    T1] iommu: Default domain type: Translated
[   13.830169][    T1] iommu: DMA domain TLB invalidation policy: strict mode
[   14.194818][    T1] SCSI subsystem initialized
[   14.355233][    T1] usbcore: registered new interface driver usbfs
[   14.423759][    T1] usbcore: registered new interface driver hub
[   14.442084][    T1] usbcore: registered new device driver usb
[   14.458193][    T1] mc: Linux media interface: v0.10
[   14.470087][    T1] videodev: Linux video capture interface: v2.00
[   14.562170][    T1] EDAC MC: Ver: 3.0.0
[   14.735209][    T1] scmi_core: SCMI protocol bus registered
[   14.948702][    T1] Advanced Linux Sound Architecture Driver Initialized.
[   15.802852][    T1] clocksource: Switched to clocksource arch_sys_counter
[   16.769259][    T1] VFS: Disk quotas dquot_6.6.0
[   16.782574][    T1] VFS: Dquot-cache hash table entries: 512 (order 0, 4096 bytes)
[   17.015790][    T1] NET: Registered PF_INET protocol family
[   17.155417][    T1] IP idents hash table entries: 65536 (order: 7, 524288 bytes, linear)
[   18.602129][    T1] tcp_listen_portaddr_hash hash table entries: 2048 (order: 3, 32768 bytes, linear)
[   18.627020][    T1] Table-perturb hash table entries: 65536 (order: 6, 262144 bytes, linear)
[   18.643014][    T1] TCP established hash table entries: 32768 (order: 6, 262144 bytes, linear)
[   18.691260][    T1] TCP bind hash table entries: 32768 (order: 8, 1048576 bytes, linear)
[   18.712443][    T1] TCP: Hash tables configured (established 32768 bind 32768)
[   18.780312][    T1] UDP hash table entries: 2048 (order: 4, 65536 bytes, linear)
[   18.840785][    T1] UDP-Lite hash table entries: 2048 (order: 4, 65536 bytes, linear)
[   19.162415][    T1] NET: Registered PF_UNIX/PF_LOCAL protocol family
[   19.304961][    T1] NET: Registered PF_XDP protocol family
[   19.345636][    T1] PCI: CLS 0 bytes, default 64
[   20.206473][    T1] kvm [1]: HYP mode not available
[   20.359499][   T42] Trying to unpack rootfs image as initramfs...
[   22.790819][   T42] Freeing initrd memory: 21296K
[   23.194279][    T1] Initialise system trusted keyrings
[   23.367027][    T1] workingset: timestamp_bits=46 max_order=20 bucket_order=0
[   23.640208][    T1] fuse: init (API version 7.41)
[   24.331712][    T1] Key type asymmetric registered
[   24.360440][    T1] Asymmetric key parser 'x509' registered
[   24.404475][    T1] Block layer SCSI generic (bsg) driver version 0.4 loaded (major 240)
[   24.476514][    T1] io scheduler mq-deadline registered
[   24.491549][    T1] io scheduler kyber registered
[   24.550590][    T1] io scheduler bfq registered
[   24.633288][    C2] hrtimer: interrupt took 20692542 ns
[   24.879800][    T1] pci-host-generic 10000.pci: host bridge /pci ranges:
[   24.930255][    T1] pci-host-generic 10000.pci:      MEM 0x0002000000..0x0003ffffff -> 0x0002000000
[   25.015745][    T1] pci-host-generic 10000.pci:      MEM 0x01c0200000..0xffffffffff -> 0x01c0200000
[   25.071419][    T1] pci-host-generic 10000.pci: ECAM at [mem 0x00010000-0x0100ffff] for [bus 00]
[   25.208117][    T1] pci-host-generic 10000.pci: PCI host bridge to bus 0000:00
[   25.227473][    T1] pci_bus 0000:00: root bus resource [bus 00]
[   25.238285][    T1] pci_bus 0000:00: root bus resource [mem 0x02000000-0x03ffffff]
[   25.251241][    T1] pci_bus 0000:00: root bus resource [mem 0x1c0200000-0xffffffffff pref]
[   25.362656][    T1] pci 0000:00:00.0: [8086:1237] type 00 class 0x060000 conventional PCI endpoint
[   25.802966][    T1] pci 0000:00:01.0: [1af4:1043] type 00 class 0x078000 conventional PCI endpoint
[   25.827374][    T1] pci 0000:00:01.0: BAR 0 [mem 0x02008000-0x0200ffff]
[   25.859070][    T1] pci 0000:00:01.1: [1af4:1041] type 00 class 0x028000 conventional PCI endpoint
[   25.872625][    T1] pci 0000:00:01.1: BAR 0 [mem 0x020e0000-0x020e7fff]
[   25.884003][    T1] pci 0000:00:01.2: [1af4:1041] type 00 class 0x028000 conventional PCI endpoint
[   25.898549][    T1] pci 0000:00:01.2: BAR 0 [mem 0x020e8000-0x020effff]
[   25.910872][    T1] pci 0000:00:01.3: [1af4:1052] type 00 class 0x098000 conventional PCI endpoint
[   25.924523][    T1] pci 0000:00:01.3: BAR 0 [mem 0x02108000-0x0210ffff]
[   25.936047][    T1] pci 0000:00:01.4: [1af4:1052] type 00 class 0x098000 conventional PCI endpoint
[   25.951069][    T1] pci 0000:00:01.4: BAR 0 [mem 0x02110000-0x02117fff]
[   25.962563][    T1] pci 0000:00:01.5: [1af4:1052] type 00 class 0x098000 conventional PCI endpoint
[   25.977236][    T1] pci 0000:00:01.5: BAR 0 [mem 0x02118000-0x0211ffff]
[   25.988554][    T1] pci 0000:00:01.6: [1af4:1053] type 00 class 0x028000 conventional PCI endpoint
[   26.003082][    T1] pci 0000:00:01.6: BAR 0 [mem 0x02120000-0x02127fff]
[   26.015111][    T1] pci 0000:00:01.7: [1b36:0011] type 00 class 0xffff00 conventional PCI endpoint
[   26.031247][    T1] pci 0000:00:01.7: BAR 0 [mem 0x02128000-0x0212800f]
[   26.044151][    T1] pci 0000:00:02.0: [1af4:1050] type 00 class 0x038000 conventional PCI endpoint
[   26.058953][    T1] pci 0000:00:02.0: BAR 0 [mem 0x02000000-0x02007fff]
[   26.076688][    T1] pci 0000:00:02.0: BAR 2 [mem 0x200000000-0x3ffffffff 64bit pref]
[   26.090005][    T1] pci 0000:00:03.0: [1af4:1043] type 00 class 0x078000 conventional PCI endpoint
[   26.103563][    T1] pci 0000:00:03.0: BAR 0 [mem 0x02010000-0x02017fff]
[   26.114985][    T1] pci 0000:00:04.0: [1af4:1043] type 00 class 0x078000 conventional PCI endpoint
[   26.129428][    T1] pci 0000:00:04.0: BAR 0 [mem 0x02018000-0x0201ffff]
[   26.141287][    T1] pci 0000:00:05.0: [1af4:1043] type 00 class 0x078000 conventional PCI endpoint
[   26.155850][    T1] pci 0000:00:05.0: BAR 0 [mem 0x02020000-0x02027fff]
[   26.170391][    T1] pci 0000:00:06.0: [1af4:1043] type 00 class 0x078000 conventional PCI endpoint
[   26.184646][    T1] pci 0000:00:06.0: BAR 0 [mem 0x02028000-0x0202ffff]
[   26.196170][    T1] pci 0000:00:07.0: [1af4:1043] type 00 class 0x078000 conventional PCI endpoint
[   26.209750][    T1] pci 0000:00:07.0: BAR 0 [mem 0x02030000-0x02037fff]
[   26.221614][    T1] pci 0000:00:08.0: [1af4:1043] type 00 class 0x078000 conventional PCI endpoint
[   26.237797][    T1] pci 0000:00:08.0: BAR 0 [mem 0x02038000-0x0203ffff]
[   26.250641][    T1] pci 0000:00:09.0: [1af4:1043] type 00 class 0x078000 conventional PCI endpoint
[   26.264231][    T1] pci 0000:00:09.0: BAR 0 [mem 0x02040000-0x02047fff]
[   26.275719][    T1] pci 0000:00:0a.0: [1af4:1043] type 00 class 0x078000 conventional PCI endpoint
[   26.289221][    T1] pci 0000:00:0a.0: BAR 0 [mem 0x02048000-0x0204ffff]
[   26.300351][    T1] pci 0000:00:0b.0: [1af4:1043] type 00 class 0x078000 conventional PCI endpoint
[   26.314392][    T1] pci 0000:00:0b.0: BAR 0 [mem 0x02050000-0x02057fff]
[   26.325554][    T1] pci 0000:00:0c.0: [1af4:1043] type 00 class 0x078000 conventional PCI endpoint
[   26.339545][    T1] pci 0000:00:0c.0: BAR 0 [mem 0x02058000-0x0205ffff]
[   26.351535][    T1] pci 0000:00:0d.0: [1af4:1043] type 00 class 0x078000 conventional PCI endpoint
[   26.366087][    T1] pci 0000:00:0d.0: BAR 0 [mem 0x02060000-0x02067fff]
[   26.378342][    T1] pci 0000:00:0e.0: [1af4:1043] type 00 class 0x078000 conventional PCI endpoint
[   26.393750][    T1] pci 0000:00:0e.0: BAR 0 [mem 0x02068000-0x0206ffff]
[   26.406047][    T1] pci 0000:00:0f.0: [1af4:1043] type 00 class 0x078000 conventional PCI endpoint
[   26.423878][    T1] pci 0000:00:0f.0: BAR 0 [mem 0x02070000-0x02077fff]
[   26.436099][    T1] pci 0000:00:10.0: [1af4:1043] type 00 class 0x078000 conventional PCI endpoint
[   26.450634][    T1] pci 0000:00:10.0: BAR 0 [mem 0x02078000-0x0207ffff]
[   26.462538][    T1] pci 0000:00:11.0: [1af4:1043] type 00 class 0x078000 conventional PCI endpoint
[   26.476669][    T1] pci 0000:00:11.0: BAR 0 [mem 0x02080000-0x02087fff]
[   26.488497][    T1] pci 0000:00:12.0: [1af4:1043] type 00 class 0x078000 conventional PCI endpoint
[   26.502174][    T1] pci 0000:00:12.0: BAR 0 [mem 0x02088000-0x0208ffff]
[   26.513483][    T1] pci 0000:00:13.0: [1af4:1042] type 00 class 0x018000 conventional PCI endpoint
[   26.528818][    T1] pci 0000:00:13.0: BAR 0 [mem 0x020a8000-0x020affff]
[   26.541026][    T1] pci 0000:00:14.0: [1af4:1042] type 00 class 0x018000 conventional PCI endpoint
[   26.555135][    T1] pci 0000:00:14.0: BAR 0 [mem 0x020b0000-0x020b7fff]
[   26.566470][    T1] pci 0000:00:15.0: [1af4:1042] type 00 class 0x018000 conventional PCI endpoint
[   26.579596][    T1] pci 0000:00:15.0: BAR 0 [mem 0x020b8000-0x020bffff]
[   26.592017][    T1] pci 0000:00:16.0: [1af4:1043] type 00 class 0x078000 conventional PCI endpoint
[   26.606060][    T1] pci 0000:00:16.0: BAR 0 [mem 0x02090000-0x02097fff]
[   26.617787][    T1] pci 0000:00:17.0: [1af4:1043] type 00 class 0x078000 conventional PCI endpoint
[   26.631676][    T1] pci 0000:00:17.0: BAR 0 [mem 0x02098000-0x0209ffff]
[   26.642753][    T1] pci 0000:00:18.0: [1af4:1043] type 00 class 0x078000 conventional PCI endpoint
[   26.656410][    T1] pci 0000:00:18.0: BAR 0 [mem 0x020a0000-0x020a7fff]
[   26.668089][    T1] pci 0000:00:19.0: [1af4:105b] type 00 class 0x010800 conventional PCI endpoint
[   26.683085][    T1] pci 0000:00:19.0: BAR 0 [mem 0x020c0000-0x020c7fff]
[   26.694691][    T1] pci 0000:00:1a.0: [1af4:105b] type 00 class 0x010800 conventional PCI endpoint
[   26.708795][    T1] pci 0000:00:1a.0: BAR 0 [mem 0x020c8000-0x020cffff]
[   26.721196][    T1] pci 0000:00:1b.0: [1af4:1044] type 00 class 0x088000 conventional PCI endpoint
[   26.735640][    T1] pci 0000:00:1b.0: BAR 0 [mem 0x020d0000-0x020d7fff]
[   26.747554][    T1] pci 0000:00:1c.0: [1af4:1045] type 00 class 0x088000 conventional PCI endpoint
[   26.762601][    T1] pci 0000:00:1c.0: BAR 0 [mem 0x020d8000-0x020dffff]
[   26.774004][    T1] pci 0000:00:1d.0: [1af4:1059] type 00 class 0x040100 conventional PCI endpoint
[   26.788640][    T1] pci 0000:00:1d.0: BAR 0 [mem 0x020f0000-0x020f7fff]
[   26.800124][    T1] pci 0000:00:1e.0: [1af4:105d] type 00 class 0x0d8000 conventional PCI endpoint
[   26.814678][    T1] pci 0000:00:1e.0: BAR 0 [mem 0x020f8000-0x020fffff]
[   26.826035][    T1] pci 0000:00:1f.0: [1af4:1052] type 00 class 0x098000 conventional PCI endpoint
[   26.839624][    T1] pci 0000:00:1f.0: BAR 0 [mem 0x02100000-0x02107fff]
[   26.894512][    T1] pci_bus 0000:00: resource 4 [mem 0x02000000-0x03ffffff]
[   26.909762][    T1] pci_bus 0000:00: resource 5 [mem 0x1c0200000-0xffffffffff pref]
[   26.939762][    T1] pci 0000:00:00.0: Limiting direct PCI/PCI transfers
[   26.953718][    T1] pci 0000:00:00.0: quirk_natoma+0x0/0x50 took 16444 usecs
[   27.246189][    T1] Serial: <SERIAL> driver, 1 ports, IRQ sharing disabled
[   27.989465][    T1] 3f8.U6_16550A: ttyS0 at MMIO 0x3f8 (irq = 13, base_baud = 115200) is a 16550A
[   28.111829][    T1] 2f8.U6_16550A: ttyS1 at MMIO 0x2f8 (irq = 14, base_baud = 115200) is a 16550A
[   28.130401][    T1] 3e8.U6_16550A: ttyS2 at MMIO 0x3e8 (irq = 13, base_baud = 115200) is a 16550A
[   28.144203][    T1] 2e8.U6_16550A: ttyS3 at MMIO 0x2e8 (irq = 14, base_baud = 115200) is a 16550A
[   28.200976][    T1] printk: legacy console [ttynull0] enabled
[   29.083490][    T1] brd: module loaded
[   29.471418][    T1] loop: module loaded
[   29.661114][    T1] wireguard: WireGuard 1.0.0 loaded. See www.wireguard.com for information.
[   29.677260][    T1] wireguard: Copyright (C) 2015-2019 Jason A. Donenfeld <Jason@zx2c4.com>. All Rights Reserved.
[   29.891200][    T1] tun: Universal TUN/TAP device driver, 1.6
[   29.973303][    T1] VFIO - User Level meta-driver version: 0.3
[   30.148016][    T1] usbcore: registered new interface driver uas
[   30.193067][    T1] usbcore: registered new interface driver usb-storage
[   30.548493][    T1] usbcore: registered new interface driver xpad
[   30.851562][    T1] rtc-pl030 2000.rtc: registered as rtc0
[   30.887643][    T1] rtc-pl030 2000.rtc: setting system clock to 2026-10-03T15:11:20 UTC (1791040280)
[   30.939743][    T1] gspca_main: v2.14.0 registered
[   30.990722][    T1] usbcore: registered new interface driver uvcvideo
[   31.048752][    T1] device-mapper: uevent: version 1.0.3
[   31.122166][    T1] device-mapper: ioctl: 4.48.0-ioctl (2023-03-01) initialised: dm-devel@lists.linux.dev
[   31.266699][    T1] sdhci: Secure Digital Host Controller Interface driver
[   31.281108][    T1] sdhci: Copyright(c) Pierre Ossman
[   31.288321][    T1] sdhci-pltfm: SDHCI platform and OF driver helper
[   31.473303][    T1] hid: raw HID events driver (C) Jiri Kosina
[   31.611432][    T1] usbcore: registered new interface driver usbhid
[   31.633409][    T1] usbhid: USB HID core driver
[   31.698235][    T1] ashmem: Using Rust implementation.
[   31.825138][   T38] watchdog: NMI not fully supported
[   32.087100][    T1] usbcore: registered new interface driver snd-usb-audio
[   32.102403][   T38] watchdog: Hard watchdog permanently disabled
[   32.315271][    T1] GACT probability on
[   32.365574][    T1] Mirror/redirect action on
[   32.418270][    T1] netem: version 1.3
[   32.435832][    T1] u32 classifier
[   32.452280][    T1]     input device check on
[   32.458419][    T1]     Actions configured
[   33.162602][    T1] xt_time: kernel timezone is -0000
[   33.223334][    T1] ipip: IPv4 and MPLS over IPv4 tunneling driver
[   33.351058][    T1] gre: GRE over IPv4 demultiplexor driver
[   33.364396][    T1] ip_gre: GRE over IPv4 tunneling driver
[   33.553364][    T1] IPv4 over IPsec tunneling driver
[   33.781037][    T1] Initializing XFRM netlink socket
[   33.887539][    T1] IPsec XFRM device driver
[   33.971736][    T1] NET: Registered PF_INET6 protocol family
[   35.045007][    T1] Segment Routing with IPv6
[   35.090991][    T1] In-situ OAM (IOAM) with IPv6
[   35.166249][    T1] mip6: Mobile IPv6
[   35.470433][    T1] sit: IPv6, IPv4 and MPLS over IPv4 tunneling driver
[   35.856717][    T1] ip6_gre: GRE over IPv6 tunneling driver
[   36.130991][    T1] NET: Registered PF_PACKET protocol family
[   36.182333][    T1] NET: Registered PF_KEY protocol family
[   36.258748][    T1] NET: Registered PF_VSOCK protocol family
[   36.476383][    T1] registered taskstats version 1
[   36.607415][    T1] Loading compiled-in X.509 certificates
[   37.332412][    T1] Loaded X.509 cert 'Build time autogenerated kernel key: eb8f544ae1808a88ed2844ba9772e9caf881a105'
[   37.531856][    T1] page_owner is disabled
[   37.547571][    T1] Key type .fscrypt registered
[   37.555839][    T1] Key type fscrypt-provisioning registered
[   38.237436][    T1] clk: Disabling unused clocks
[   38.251455][    T1] PM: genpd: Disabling unused power domains
[   38.285332][    T1] ALSA device list:
[   38.301808][    T1]   No soundcards found.
[   38.746683][    T1] Freeing unused kernel memory: 4672K
[   38.774561][    T1] Run /init as init process
[   41.571570][    T1] init: init first stage started!
[   41.938300][    T1] init: Loading module /lib/modules/failover.ko with args ''
[   42.337910][    T1] init: Loaded kernel module /lib/modules/failover.ko
[   42.366566][    T1] init: Loading module /lib/modules/nd_virtio.ko with args ''
[   42.429143][    T1] init: Loaded kernel module /lib/modules/nd_virtio.ko
[   42.440917][    T1] init: Loading module /lib/modules/net_failover.ko with args ''
[   42.502400][    T1] init: Loaded kernel module /lib/modules/net_failover.ko
[   42.521138][    T1] init: Loading module /lib/modules/virtio_dma_buf.ko with args ''
[   42.545812][    T1] init: Loaded kernel module /lib/modules/virtio_dma_buf.ko
[   42.557428][    T1] init: Loading module /lib/modules/virtio-gpu.ko with args ''
[   42.634104][    T1] init: Loaded kernel module /lib/modules/virtio-gpu.ko
[   42.650793][    T1] init: Loading module /lib/modules/virtio_input.ko with args ''
[   42.714888][    T1] init: Loaded kernel module /lib/modules/virtio_input.ko
[   42.726611][    T1] init: Loading module /lib/modules/virtio_net.ko with args ''
[   42.756590][    T1] init: Loaded kernel module /lib/modules/virtio_net.ko
[   42.770730][    T1] init: Loading module /lib/modules/virtio-rng.ko with args ''
[   42.789167][    T1] init: Loaded kernel module /lib/modules/virtio-rng.ko
[   42.805242][    T1] init: Loading module /lib/modules/libarc4.ko with args ''
[   42.878396][    T1] init: Loaded kernel module /lib/modules/libarc4.ko
[   42.889627][    T1] init: Loading module /lib/modules/rfkill.ko with args ''
[   42.923296][    T1] init: Loaded kernel module /lib/modules/rfkill.ko
[   42.933745][    T1] init: Loading module /lib/modules/cfg80211.ko with args ''
[   43.079409][    T1] cfg80211: Loading compiled-in X.509 certificates for regulatory database
[   43.092553][    T1] Loaded X.509 cert 'sforshee: 00b28ddf47aef9cea7'
[   43.102072][    T1] Loaded X.509 cert 'wens: 61c038651aabdcf94bd0ac7ff06c7248db18c600'
[   43.134776][   T81] platform regulatory.0: Direct firmware load for regulatory.db failed with error -2
[   43.141262][    T1] init: Loaded kernel module /lib/modules/cfg80211.ko
[   43.154485][   T81] cfg80211: failed to load regulatory.db
[   43.185385][    T1] init: Loading module /lib/modules/mac80211.ko with args ''
[   43.323170][    T1] init: Loaded kernel module /lib/modules/mac80211.ko
[   43.336811][    T1] init: Loading module /lib/modules/mac80211_hwsim.ko with args 'radios=0'
[   43.383825][    T1] mac80211_hwsim: initializing netlink
[   43.430915][    T1] init: Loaded kernel module /lib/modules/mac80211_hwsim.ko
[   43.446381][    T1] init: Loading module /lib/modules/virtio_blk.ko with args ''
[   43.499669][    T1] init: Loaded kernel module /lib/modules/virtio_blk.ko
[   43.512490][    T1] init: Loading module /lib/modules/virtio_console.ko with args ''
[   43.544841][    T1] init: Loaded kernel module /lib/modules/virtio_console.ko
[   43.558135][    T1] init: Loading module /lib/modules/virtio_pci_modern_dev.ko with args ''
[   43.578795][    T1] init: Loaded kernel module /lib/modules/virtio_pci_modern_dev.ko
[   43.591013][    T1] init: Loading module /lib/modules/virtio_pci_legacy_dev.ko with args ''
[   43.612248][    T1] init: Loaded kernel module /lib/modules/virtio_pci_legacy_dev.ko
[   43.624389][    T1] init: Loading module /lib/modules/virtio_pci.ko with args ''
[   43.769077][    T1] printk: legacy console [hvc0] enabled
[   43.777730][    T1] printk: legacy bootconsole [uart8250] disabled
[   43.958218][    T1] input: Cuttlefish Vhost User Rotary 0 as /devices/platform/10000.pci/pci0000:00/0000:00:01.3/virtio3/input/input0
[   44.035117][    T1] input: Cuttlefish Vhost User Keyboard 0 as /devices/platform/10000.pci/pci0000:00/0000:00:01.4/virtio4/input/input1
[   44.094686][    T1] input: Cuttlefish Vhost User Switches 0 as /devices/platform/10000.pci/pci0000:00/0000:00:01.5/virtio5/input/input2
[   44.139582][    T1] [drm] pci: virtio-gpu-pci detected at 0000:00:02.0
[   44.153095][    T1] [drm] Host memory window: 0x200000000 +0x200000000
[   44.155410][    T1] [drm] features: -virgl +edid +resource_blob +host_visible
[   44.155451][    T1] [drm] features: -context_init
[   44.173163][    T1] [drm] number of scanouts: 16
[   44.174719][    T1] [drm] number of cap sets: 0
[   44.342573][    T1] [drm] Initialized virtio_gpu 0.1.0 for 0000:00:02.0 on minor 0
[   44.759206][    T1] virtio_blk virtio24: 4/0/0 default/read/poll queues
[   44.789274][    T1] virtio_blk virtio24: [vda] 34247808 512-byte logical blocks (17.5 GB/16.3 GiB)
[   44.863090][    T1]  vda: vda1 vda2 vda3 vda4 vda5 vda6 vda7 vda8 vda9 vda10 vda11 vda12 vda13 vda14 vda15 vda16 vda17 vda18 vda19
[   44.916792][    T1] virtio_blk virtio25: 4/0/0 default/read/poll queues
[   44.934919][    T1] virtio_blk virtio25: [vdb] 2560 512-byte logical blocks (1.31 MB/1.25 MiB)
[   44.953263][    T1]  vdb: vdb1 vdb2 vdb3 vdb4
[   44.956523][    T1] virtio_blk virtio26: 4/0/0 default/read/poll queues
[   44.966857][    T1] virtio_blk virtio26: [vdc] 4194304 512-byte logical blocks (2.15 GB/2.00 GiB)
[   44.974478][    T1]  vdc: vdc1
[   47.200094][    T1] input: Cuttlefish Vhost User Multitouch Touchscreen 0 as /devices/platform/10000.pci/pci0000:00/0000:00:1f.0/virtio36/input/input3
[   47.221263][    T1] init: Loaded kernel module /lib/modules/virtio_pci.ko
[   47.226580][    T1] init: Loading module /lib/modules/vmw_vsock_virtio_transport.ko with args ''
[   47.313734][    T1] init: Loaded kernel module /lib/modules/vmw_vsock_virtio_transport.ko
[   47.339365][    T1] init: Loaded 19 modules from /lib/modules
[   47.376313][    T1] init: Loaded 19 kernel modules took 5743 ms
[   47.467260][    T1] init: Copied ramdisk prop to /second_stage_resources/system/etc/ramdisk/build.prop
[   47.480526][    T1] init: Using generic ramdisk copy of snapuserd /system/bin/snapuserd_ramdisk
[   47.482436][    T1] init: hard linking /system/bin/snapuserd_ramdisk to /first_stage_ramdisk/system/bin/snapuserd succeeded
[   47.555523][    T1] init: Switching root to '/first_stage_ramdisk'
[   47.584250][    T1] init: [libfstab] Using Android DT directory /proc/device-tree/firmware/android/
[   48.035295][    T1] init: [libfs_mgr] Invalid ext4 superblock on '/dev/block/by-name/metadata'
[   48.079115][    T1] init: [libfs_mgr] Invalid ext4 superblock on '/dev/block/by-name/metadata'
[   48.422323][    T1] init: [libfs_mgr] Created logical partition product_a on device /dev/block/dm-0
[   48.440074][    T1] init: [libfs_mgr] Skipping zero-length logical partition: product_b
[   48.481812][    T1] init: [libfs_mgr] Created logical partition system_a on device /dev/block/dm-1
[   48.486592][    T1] init: [libfs_mgr] Created logical partition system_b on device /dev/block/dm-2
[   48.490245][    T1] init: [libfs_mgr] Created logical partition system_ext_a on device /dev/block/dm-3
[   48.490682][    T1] init: [libfs_mgr] Skipping zero-length logical partition: system_ext_b
[   48.495013][    T1] init: [libfs_mgr] Created logical partition system_dlkm_a on device /dev/block/dm-4
[   48.495514][    T1] init: [libfs_mgr] Skipping zero-length logical partition: system_dlkm_b
[   48.498658][    T1] init: [libfs_mgr] Created logical partition odm_a on device /dev/block/dm-5
[   48.499318][    T1] init: [libfs_mgr] Skipping zero-length logical partition: odm_b
[   48.502524][    T1] init: [libfs_mgr] Created logical partition vendor_a on device /dev/block/dm-6
[   48.502786][    T1] init: [libfs_mgr] Skipping zero-length logical partition: vendor_b
[   48.505176][    T1] init: [libfs_mgr] Created logical partition vendor_dlkm_a on device /dev/block/dm-7
[   48.505438][    T1] init: [libfs_mgr] Skipping zero-length logical partition: vendor_dlkm_b
[   48.508065][    T1] init: [libfs_mgr] Created logical partition odm_dlkm_a on device /dev/block/dm-8
[   48.508383][    T1] init: [libfs_mgr] Skipping zero-length logical partition: odm_dlkm_b
[   48.517220][    T1] init: DSU not detected, proceeding with normal boot
[   48.678697][    T1] init: [libfs_avb] Returning avb_handle with status: Success
[   48.729898][    T1] init: [libfs_avb] : Error verifying vbmeta image: OK_NOT_SIGNED
[   48.741189][    T1] init: [libfs_avb] public key data shouldn't be empty for /system
[   48.741751][    T1] init: [libfs_avb] Found unknown public key used to sign /system
[   48.742368][    T1] init: [libfs_avb] Returning avb_handle for '/system' with status: VerificationError
[   48.755898][    T1] init: [libfs_avb] Built verity table: '1 /dev/block/dm-1 /dev/block/dm-1 4096 4096 229741 229741 sha256 aac42fd78ca6a47ae9678c953124264681128ca1f8ad2a4876de34ea6051a506 16b6a5f2fb07bc9ff4d92dc782d830af4eb572c1213156e732d0bcf67fbc162e 10 use_fec_from_device /dev/block/dm-1 fec_roots 2 fec_blocks 231552 fec_start 231552 restart_on_corruption ignore_zero_blocks'
[   48.807173][    T1] device-mapper: verity: sha256 using shash "sha256-ce" (multibuffer)
[   49.058871][    T1] erofs: (device dm-9): initialized per-cpu workers successfully.
[   49.081743][    T1] erofs: (device dm-9): mounted with root inode @ nid 55.
[   49.089704][    T1] init: [libfs_mgr] __mount(source=/dev/block/dm-9,target=/system,type=erofs)=0: Success
[   49.193364][    T1] init: Switching root to '/system'
[   49.254112][    T1] init: [libfs_avb] Built verity table: '1 /dev/block/dm-5 /dev/block/dm-5 4096 4096 105 105 sha256 8c68f2a2610fb5a4e3fccacdf62c2c1925f34ca50f9d7963c8f13ba69223f64a 16b6a5f2fb07bc9ff4d92dc782d830af4eb572c1213156e732d0bcf67fbc162e 10 use_fec_from_device /dev/block/dm-5 fec_roots 2 fec_blocks 106 fec_start 106 restart_on_corruption ignore_zero_blocks'
[   49.273457][    T1] device-mapper: verity: sha256 using shash "sha256-ce" (multibuffer)
[   49.304725][    T1] erofs: (device dm-10): mounted with root inode @ nid 38.
[   49.306124][    T1] init: [libfs_mgr] __mount(source=/dev/block/dm-10,target=/odm,type=erofs)=0: Success
[   49.310522][    T1] init: [libfs_avb] Built verity table: '1 /dev/block/dm-0 /dev/block/dm-0 4096 4096 55596 55596 sha256 70dd7120546301852d0535811d2896b573ff4a77a25af6273c75c3ddf34e5f62 16b6a5f2fb07bc9ff4d92dc782d830af4eb572c1213156e732d0bcf67fbc162e 10 use_fec_from_device /dev/block/dm-0 fec_roots 2 fec_blocks 56036 fec_start 56036 restart_on_corruption ignore_zero_blocks'
[   49.313164][    T1] device-mapper: verity: sha256 using shash "sha256-ce" (multibuffer)
[   49.333697][    T1] erofs: (device dm-11): mounted with root inode @ nid 40.
[   49.334202][    T1] init: [libfs_mgr] __mount(source=/dev/block/dm-11,target=/product,type=erofs)=0: Success
[   49.336674][    T1] init: [libfs_avb] Built verity table: '1 /dev/block/dm-3 /dev/block/dm-3 4096 4096 61830 61830 blake2b-256 b9d156218e1319f8adb3d5ccaddabd574152504877352d58c821b5313573efbb 16b6a5f2fb07bc9ff4d92dc782d830af4eb572c1213156e732d0bcf67fbc162e 10 use_fec_from_device /dev/block/dm-3 fec_roots 2 fec_blocks 62319 fec_start 62319 restart_on_corruption ignore_zero_blocks'
[   49.339774][    T1] device-mapper: verity: blake2b-256 using shash "blake2b-256-generic"
[   49.419651][    T1] erofs: (device dm-12): mounted with root inode @ nid 39.
[   49.421619][    T1] init: [libfs_mgr] __mount(source=/dev/block/dm-12,target=/system_ext,type=erofs)=0: Success
[   49.423799][    T1] init: [libfs_avb] Built verity table: '1 /dev/block/dm-6 /dev/block/dm-6 4096 4096 69747 69747 sha256 d8895f6a3dc07758a60bddc6de96b416d02a3e93da4e2a8cf63d0ea6bd783a5a 16b6a5f2fb07bc9ff4d92dc782d830af4eb572c1213156e732d0bcf67fbc162e 10 use_fec_from_device /dev/block/dm-6 fec_roots 2 fec_blocks 70298 fec_start 70298 restart_on_corruption ignore_zero_blocks'
[   49.430232][    T1] device-mapper: verity: sha256 using shash "sha256-ce" (multibuffer)
[   49.450112][    T1] erofs: (device dm-13): mounted with root inode @ nid 48.
[   49.450616][    T1] init: [libfs_mgr] __mount(source=/dev/block/dm-13,target=/vendor,type=erofs)=0: Success
[   49.453878][    T1] init: [libfs_avb] Built verity table: '1 /dev/block/dm-7 /dev/block/dm-7 4096 4096 385 385 sha256 5897fa181af216a9d41a801f8b145e579c08f10e0093f2eebd6ddf3e9193c5e4 16b6a5f2fb07bc9ff4d92dc782d830af4eb572c1213156e732d0bcf67fbc162e 10 use_fec_from_device /dev/block/dm-7 fec_roots 2 fec_blocks 390 fec_start 390 restart_on_corruption ignore_zero_blocks'
[   49.457036][    T1] device-mapper: verity: sha256 using shash "sha256-ce" (multibuffer)
[   49.469406][    T1] erofs: (device dm-14): mounted with root inode @ nid 39.
[   49.470074][    T1] init: [libfs_mgr] __mount(source=/dev/block/dm-14,target=/vendor_dlkm,type=erofs)=0: Success
[   49.472735][    T1] init: [libfs_avb] Built verity table: '1 /dev/block/dm-8 /dev/block/dm-8 4096 4096 2 2 sha256 08323ce005ea92a9cfc8240b4afc7e8721ad15e8bf7221cb7f16dec45c0fdf3b 16b6a5f2fb07bc9ff4d92dc782d830af4eb572c1213156e732d0bcf67fbc162e 10 use_fec_from_device /dev/block/dm-8 fec_roots 2 fec_blocks 3 fec_start 3 restart_on_corruption ignore_zero_blocks'
[   49.476439][    T1] device-mapper: verity: sha256 using shash "sha256-ce" (multibuffer)
[   49.492260][    T1] erofs: (device dm-15): mounted with root inode @ nid 38.
[   49.492805][    T1] init: [libfs_mgr] __mount(source=/dev/block/dm-15,target=/odm_dlkm,type=erofs)=0: Success
[   49.496445][    T1] init: [libfs_avb] : Error verifying vbmeta image: OK_NOT_SIGNED
[   49.497933][    T1] init: [libfs_avb] public key data shouldn't be empty for /system_dlkm
[   49.498583][    T1] init: [libfs_avb] Found unknown public key used to sign /system_dlkm
[   49.499055][    T1] init: [libfs_avb] Returning avb_handle for '/system_dlkm' with status: VerificationError
[   49.499853][    T1] init: Image rollback detected for /system_dlkm, SPL switches from '' to ''
[   49.500481][    T1] init: Allowing rollbacked standalone image when the device is unlocked
[   49.500949][    T1] init: [libfs_avb] Built verity table: '1 /dev/block/dm-4 /dev/block/dm-4 4096 4096 2031 2031 sha256 5c56217d20147954b242731d05656416572b6c947f31f76063d5bca8521c0dac 16b6a5f2fb07bc9ff4d92dc782d830af4eb572c1213156e732d0bcf67fbc162e 10 use_fec_from_device /dev/block/dm-4 fec_roots 2 fec_blocks 2048 fec_start 2048 restart_on_corruption ignore_zero_blocks'
[   49.505298][    T1] device-mapper: verity: sha256 using shash "sha256-ce" (multibuffer)
[   49.522503][    T1] erofs: (device dm-16): mounted with root inode @ nid 38.
[   49.522816][    T1] init: [libfs_mgr] __mount(source=/dev/block/dm-16,target=/system_dlkm,type=erofs)=0: Success
[   49.723518][    T1] init: Skipped setting INIT_AVB_VERSION (not in recovery mode)
[   51.777466][    T1] init: [libfstab] Using Android DT directory /proc/device-tree/firmware/android/
[   51.935718][    T1] init: Opening SELinux policy
[   52.049425][    T1] init: Loading SELinux policy
[   52.276034][    T1] SELinux:  policy capability network_peer_controls=1
[   52.279040][    T1] SELinux:  policy capability open_perms=1
[   52.280156][    T1] SELinux:  policy capability extended_socket_class=1
[   52.280627][    T1] SELinux:  policy capability always_check_network=0
[   52.281188][    T1] SELinux:  policy capability cgroup_seclabel=0
[   52.281564][    T1] SELinux:  policy capability nnp_nosuid_transition=1
[   52.281881][    T1] SELinux:  policy capability genfs_seclabel_symlinks=0
[   52.282309][    T1] SELinux:  policy capability ioctl_skip_cloexec=0
[   52.282671][    T1] SELinux:  policy capability userspace_initial_context=0
[   52.283028][    T1] SELinux: policy capability memfd_class=1
[   52.283668][    T1] SELinux: policy capability genfs_seclabel_wildcard=0
[   52.284153][    T1] SELinux:  unknown policy capability 9
[   52.284401][    T1] SELinux:  unknown policy capability 12
[   52.383942][   T54] audit: type=1403 audit(1791040301.688:2): auid=4294967295 ses=4294967295 lsm=selinux res=1
[   52.415853][   T54] audit: type=1300 audit(1791040301.688:2): arch=c00000b7 syscall=64 success=yes exit=911737 a0=4 a1=b400007f83a2d680 a2=de979 a3=ffffffffffffffff items=0 ppid=0 pid=1 auid=4294967295 uid=0 gid=0 euid=0 suid=0 fsuid=0 egid=0 sgid=0 fsgid=0 tty=(none) ses=4294967295 comm="init" exe="/system/bin/init" subj=u:r:kernel:s0 key=(null)
[   52.432687][   T54] audit: type=1309 audit(1791040301.688:2): argc=1 a0="/system/bin/init"
[   52.434051][   T54] audit: type=1327 audit(1791040301.688:2): proctitle=2F73797374656D2F62696E2F696E69740073656C696E75785F7365747570
[   52.480792][   T54] audit: type=1404 audit(1791040302.104:3): enforcing=1 old_enforcing=0 auid=4294967295 ses=4294967295 enabled=1 old-enabled=1 lsm=selinux res=1
[   52.500040][   T54] audit: type=1300 audit(1791040302.104:3): arch=c00000b7 syscall=64 success=yes exit=1 a0=4 a1=7fec981fb0 a2=1 a3=14 items=0 ppid=0 pid=1 auid=4294967295 uid=0 gid=0 euid=0 suid=0 fsuid=0 egid=0 sgid=0 fsgid=0 tty=(none) ses=4294967295 comm="init" exe="/system/bin/init" subj=u:r:kernel:s0 key=(null)
[   52.524609][   T54] audit: type=1327 audit(1791040302.104:3): proctitle=2F73797374656D2F62696E2F696E69740073656C696E75785F7365747570
[   52.668374][    T1] selinux: SELinux: Loaded file context from:
[   52.673674][    T1] selinux: 		/system/etc/selinux/plat_file_contexts
[   52.674753][    T1] selinux: 		/system_ext/etc/selinux/system_ext_file_contexts
[   52.675544][    T1] selinux: 		/product/etc/selinux/product_file_contexts
[   52.676419][    T1] selinux: 		/vendor/etc/selinux/vendor_file_contexts
[   52.676674][    T1] selinux: 		/odm/etc/selinux/odm_file_contexts
[   53.731426][    T1] init: init second stage started!
[   54.111937][    T1] selinux: SELinux: Loaded file context from:
[   54.114667][    T1] selinux: 		/system/etc/selinux/plat_file_contexts
[   54.115109][    T1] selinux: 		/system_ext/etc/selinux/system_ext_file_contexts
[   54.115506][    T1] selinux: 		/product/etc/selinux/product_file_contexts
[   54.115797][    T1] selinux: 		/vendor/etc/selinux/vendor_file_contexts
[   54.116103][    T1] selinux: 		/odm/etc/selinux/odm_file_contexts
[   54.331841][    T1] init: [libfstab] Using Android DT directory /proc/device-tree/firmware/android/
[   54.599216][    T1] init: Overriding previous property 'ro.build.display.id':'generic_system-userdebug 17 CP2A.260605.016 16373615 test-keys' with new value 'aosp_cf_arm64_only_phone-userdebug 17 CP2A.260605.016 16373615 test-keys'
[   54.602579][    T1] init: Overriding previous property 'ro.build.flavor':'generic_system-userdebug' with new value 'aosp_cf_arm64_only_phone-userdebug'
[   54.603199][    T1] init: Overriding previous property 'ro.build.description':'generic_system-userdebug 17 CP2A.260605.016 16373615 test-keys' with new value 'aosp_cf_arm64_only_phone-userdebug 17 CP2A.260605.016 16373615 test-keys'
[   54.605196][    T1] init: Overriding previous property 'ro.config.notification_sound':'OnTheHunt.ogg' with new value 'pixiedust.ogg'
[   54.605685][    T1] init: Overriding previous property 'ro.com.android.dataroaming':'false' with new value 'true'
[   54.625684][    T1] init: Setting product property ro.product.brand to 'generic' (from ro.product.product.brand)
[   54.626303][    T1] init: Setting product property ro.product.device to 'vsoc_arm64_only' (from ro.product.product.device)
[   54.626789][    T1] init: Setting product property ro.product.manufacturer to 'Google' (from ro.product.product.manufacturer)
[   54.627392][    T1] init: Setting product property ro.product.model to 'Cuttlefish arm64 phone 64-bit only' (from ro.product.product.model)
[   54.627904][    T1] init: Setting product property ro.product.name to 'aosp_cf_arm64_only_phone' (from ro.product.product.name)
[   54.649644][    T1] init: Setting property 'ro.build.fingerprint' to 'generic/aosp_cf_arm64_only_phone/vsoc_arm64_only:17/CP2A.260605.016/16373615:userdebug/test-keys'
[   54.654691][    T1] init: Setting property 'ro.product.cpu.abilist' to 'arm64-v8a'
[   54.655524][    T1] init: Setting property 'ro.product.cpu.abilist32' to ''
[   54.655822][    T1] init: Setting property 'ro.product.cpu.abilist64' to 'arm64-v8a'
[   54.739948][    T1] init: Running restorecon...
[   55.426401][    T1] init: Created socket '/dev/socket/property_service_for_system', mode 660, user 0, group 1000
[   55.505460][    T1] init: Created socket '/dev/socket/property_service', mode 666, user 0, group 0
[   55.643479][    T1] init: [libfs_mgr] vendor overlay: vndk version not defined
[   55.820271][    T1] init: SetupMountNamespaces done
[   55.911539][    T1] init: Forked subcontext for 'u:r:vendor_init:s0' with pid 118
[   56.092454][    T1] init: Parsing file /system/etc/init/hw/init.rc...
[   56.127560][    T1] init: Added '/init.environ.rc' to import list
[   56.136303][    T1] init: Added '/system/etc/init/hw/init.usb.rc' to import list
[   56.142366][    T1] init: Added '/init.cutf_cvm.rc' to import list
[   56.145802][    T1] init: Added '/vendor/etc/init/hw/init.cutf_cvm.rc' to import list
[   56.151367][    T1] init: Added '/system/etc/init/hw/init.usb.configfs.rc' to import list
[   56.158139][    T1] init: Added '/system/etc/init/hw/init.zygote64.rc' to import list
[   56.229212][    T1] init: Added '/system/etc/init/hw/init.boringssl.zygote64.rc' to import list
[   56.321407][    T1] init: Added '/system/etc/init/init-perfetto.rc' to import list
[   56.410219][    T1] init: Parsing file /init.environ.rc...
[   56.429128][    T1] init: Parsing file /system/etc/init/hw/init.usb.rc...
[   56.451204][    T1] init: Parsing file /init.cutf_cvm.rc...
[   56.452667][    T1] init: Unable to read config file '/init.cutf_cvm.rc': open() failed: No such file or directory
[   56.468763][    T1] init: Parsing file /vendor/etc/init/hw/init.cutf_cvm.rc...
[   56.472920][    T1] init: Unable to read config file '/vendor/etc/init/hw/init.cutf_cvm.rc': open() failed: No such file or directory
[   56.485933][    T1] init: Parsing file /system/etc/init/hw/init.usb.configfs.rc...
[   56.506112][    T1] init: Parsing file /system/etc/init/hw/init.zygote64.rc...
[   56.513140][    T1] init: Parsing file /system/etc/init/hw/init.boringssl.zygote64.rc...
[   56.531509][    T1] init: Parsing file /system/etc/init/init-perfetto.rc...
[   56.537751][    T1] init: Parsing directory /system/etc/init...
[   56.558507][    T1] init: Parsing file /system/etc/init/aconfigd.rc...
[   56.590917][    T1] init: Parsing file /system/etc/init/aisealhostservice.rc...
[   56.594533][    T1] init: Parsing file /system/etc/init/android.system.suspend-service.rc...
[   56.603597][    T1] init: Parsing file /system/etc/init/aoad.rc...
[   56.615485][    T1] init: Parsing file /system/etc/init/apexd.rc...
[   56.619743][    T1] init: Parsing file /system/etc/init/atrace.rc...
[   56.629564][    T1] init: Parsing file /system/etc/init/atrace_userdebug.rc...
[   56.630395][    T1] init: Parsing file /system/etc/init/audioserver.rc...
[   56.647727][    T1] init: Parsing file /system/etc/init/blank_screen.rc...
[   56.655634][    T1] init: Parsing file /system/etc/init/bootanim.rc...
[   56.656521][    T1] init: Parsing file /system/etc/init/bootstat-debug.rc...
[   56.657167][    T1] init: Parsing file /system/etc/init/bootstat.rc...
[   56.666066][    T1] init: Parsing file /system/etc/init/cameraserver.rc...
[   56.666916][    T1] init: Parsing file /system/etc/init/casefolding_remover.rc...
[   56.667798][    T1] init: Parsing file /system/etc/init/clean_scratch_files.rc...
[   56.668500][    T1] init: Parsing file /system/etc/init/cppreopts.rc...
[   56.671025][    T1] init: Parsing file /system/etc/init/credstore.rc...
[   56.671779][    T1] init: Parsing file /system/etc/init/dmesgd.rc...
[   56.672710][    T1] init: Parsing file /system/etc/init/drmserver.rc...
[   56.673268][    T1] init: Parsing file /system/etc/init/dumpstate.rc...
[   56.674101][    T1] init: Parsing file /system/etc/init/flags_health_check.rc...
[   56.674826][    T1] init: Parsing file /system/etc/init/gatekeeperd.rc...
[   56.675423][    T1] init: Parsing file /system/etc/init/gpuservice.rc...
[   56.675874][    T1] init: Parsing file /system/etc/init/gsid.rc...
[   56.677217][    T1] init: Parsing file /system/etc/init/heapprofd.rc...
[   56.678057][    T1] init: Parsing file /system/etc/init/hidservice.rc...
[   56.678743][    T1] init: Parsing file /system/etc/init/idmap2d.rc...
[   56.679417][    T1] init: Parsing file /system/etc/init/incidentd.rc...
[   56.680123][    T1] init: Parsing file /system/etc/init/init-debug.rc...
[   56.680752][    T1] init: Parsing file /system/etc/init/init-perfetto.rc...
[   56.681538][    T1] init: Parsing file /system/etc/init/installd.rc...
[   56.685177][    T1] init: Parsing file /system/etc/init/kcmdlinectrl.rc...
[   56.685756][    T1] init: Parsing file /system/etc/init/kcmdlinemodprobe.rc...
[   56.686352][    T1] init: Parsing file /system/etc/init/keystore2.rc...
[   56.688493][    T1] init: Parsing file /system/etc/init/llkd-debuggable.rc...
[   56.689229][    T1] init: Parsing file /system/etc/init/llkd.rc...
[   56.690100][    T1] init: Parsing file /system/etc/init/lmkd.rc...
[   56.692345][    T1] init: Parsing file /system/etc/init/logcatd.rc...
[   56.706019][    T1] init: Parsing file /system/etc/init/logd.rc...
[   56.717336][    T1] init: Parsing file /system/etc/init/logtagd.rc...
[   56.718256][    T1] init: Parsing file /system/etc/init/lpdumpd.rc...
[   56.720496][    T1] init: Parsing file /system/etc/init/mdnsd.rc...
[   56.721079][    T1] init: Parsing file /system/etc/init/media.codeclist.generator.rc...
[   56.721944][    T1] init: Parsing file /system/etc/init/mediaextractor.rc...
[   56.722497][    T1] init: Parsing file /system/etc/init/mediametrics.rc...
[   56.723090][    T1] init: Parsing file /system/etc/init/mediaserver.rc...
[   56.723559][    T1] init: Parsing file /system/etc/init/misctrl.rc...
[   56.724079][    T1] init: Parsing file /system/etc/init/mmd.rc...
[   56.731722][    T1] init: Parsing file /system/etc/init/mtectrl.rc...
[   56.732819][    T1] init: Parsing file /system/etc/init/netbpfload.rc...
[   56.734778][    T1] init: Parsing file /system/etc/init/netd.rc...
[   56.736310][    T1] init: Parsing file /system/etc/init/odsign.rc...
[   56.736896][    T1] init: Parsing file /system/etc/init/perfetto.rc...
[   56.740342][    T1] init: Parsing file /system/etc/init/pmgd.rc...
[   56.740865][    T1] init: Parsing file /system/etc/init/prefetch.rc...
[   56.742474][    T1] init: Parsing file /system/etc/init/prng_seeder.rc...
[   56.743316][    T1] init: Parsing file /system/etc/init/profcollectd.rc...
[   56.744617][    T1] init: Parsing file /system/etc/init/recovery-persist.rc...
[   56.745344][    T1] init: Parsing file /system/etc/init/recovery-refresh.rc...
[   56.746069][    T1] init: Parsing file /system/etc/init/rss_hwm_reset.rc...
[   56.747447][    T1] init: Parsing file /system/etc/init/servicemanager.rc...
[   56.748177][    T1] init: Parsing file /system/etc/init/simpleperf.rc...
[   56.748815][    T1] init: Parsing file /system/etc/init/snapuserd.rc...
[   56.749384][    T1] init: Parsing file /system/etc/init/storaged.rc...
[   56.749932][    T1] init: Parsing file /system/etc/init/surfaceflinger.rc...
[   56.750618][    T1] init: Parsing file /system/etc/init/tombstoned.rc...
[   56.751516][    T1] init: Parsing file /system/etc/init/traced_perf.rc...
[   56.753054][    T1] init: Parsing file /system/etc/init/tradeinmode.rc...
[   56.753925][    T1] init: Parsing file /system/etc/init/uncrypt.rc...
[   56.755743][    T1] init: Parsing file /system/etc/init/update_engine.rc...
[   56.756368][    T1] init: Parsing file /system/etc/init/update_verifier.rc...
[   56.757058][    T1] init: Parsing file /system/etc/init/usbd.rc...
[   56.757699][    T1] init: Parsing file /system/etc/init/virtual_camera.hal.rc...
[   56.758500][    T1] init: Parsing file /system/etc/init/vold.rc...
[   56.759054][    T1] init: Parsing file /system/etc/init/wifi.rc...
[   56.759852][    T1] init: Parsing file /system/etc/init/zygote_next.rc...
[   56.762251][    T1] init: Parsing directory /system_ext/etc/init...
[   56.763608][    T1] init: Parsing file /system_ext/etc/init/aidl_lazy_cb_test_server.rc...
[   56.765122][    T1] init: Parsing file /system_ext/etc/init/aidl_lazy_test_server.rc...
[   56.769148][    T1] init: Parsing file /system_ext/etc/init/android.hardware.audio.parameter_parser.example_service.rc...
[   56.770138][    T1] init: Parsing file /system_ext/etc/init/android.hidl.allocator@1.0-service.rc...
[   56.770769][    T1] init: Parsing file /system_ext/etc/init/hwservicemanager.rc...
[   56.771400][    T1] init: Parsing file /system_ext/etc/init/rpmb_dev.system.rc...
[   56.773381][    T1] init: Parsing file /system_ext/etc/init/rpmb_dev.test.system.rc...
[   56.775095][    T1] init: Parsing file /system_ext/etc/init/set_adb.rc...
[   56.775644][    T1] init: Parsing file /system_ext/etc/init/trusty_security_vm_launcher.rc...
[   56.778143][    T1] init: Parsing directory /vendor/etc/init...
[   56.778849][    T1] init: Parsing file /vendor/etc/init/android.hardware.security.keymint-service.cf_trusty_system_vm.rc...
[   56.795237][    T1] init: Parsing file /vendor/etc/init/android.hardware.security.keymint-service.trusty_tee.cpp.rc...
[   56.795844][    T1] init: Parsing file /vendor/etc/init/android.hardware.security.keymint-service.trusty_tee.nonsecure.rc...
[   56.796808][    T1] init: Parsing file /vendor/etc/init/android.hardware.sensors-service-multihal.rc...
[   56.798717][    T1] init: Parsing file /vendor/etc/init/boringssl_self_test.rc...
[   56.799400][    T1] init: Added '/vendor/etc/boringssl_self_test.zygote64.rc' to import list
[   56.801446][    T1] init: Parsing file /vendor/etc/boringssl_self_test.zygote64.rc...
[   56.804468][    T1] init: Parsing file /vendor/etc/init/face-default.rc...
[   56.805070][    T1] init: Parsing file /vendor/etc/init/fingerprint-default.rc...
[   56.805591][    T1] init: Parsing file /vendor/etc/init/init.cutf_cvm.rc...
[   56.810118][    T1] init: Parsing file /vendor/etc/init/init_graphics.vendor.rc...
[   56.811059][    T1] init: Parsing file /vendor/etc/init/motioncontext-service-default.rc...
[   56.811551][    T1] init: Parsing file /vendor/etc/init/seriallogging.rc...
[   56.813025][    T1] init: Parsing file /odm/etc/init...
[   56.813306][    T1] init: Unable to read config file '/odm/etc/init': open() failed: No such file or directory
[   56.814679][    T1] init: Parsing directory /product/etc/init...
[   56.815166][    T1] init: Parsing file /product/etc/init/init.rc...
[   56.861388][    T1] init: processing action (SetupCgroups) from (<Builtin Action>:0)
[   57.116211][    T1] libprocessgroup: Using system/app isolation under: /sys/fs/cgroup
[   57.181862][    T1] init: Command 'SetupCgroups' action=SetupCgroups (<Builtin Action>:0) took 309ms and succeeded
[   57.373024][    T1] init: processing action (early-init) from (/system/etc/init/hw/init.rc:15)
[   57.535195][    T1] init: Command 'write /proc/sys/kernel/sysrq 0' action=early-init (/system/etc/init/hw/init.rc:21) took 79ms and succeeded
[   57.710430][    T1] init: starting service 'ueventd'...
[   57.858076][    T1] libprocessgroup: Created cgroup /sys/fs/cgroup/system/uid_0
[   57.895772][    T1] libprocessgroup: Created cgroup /sys/fs/cgroup/system/uid_0/pid_119
[   58.009380][    T1] libprocessgroup: A JoinCgroup action in the SystemMemoryProcess profile is used for controller memory in the cgroup v2 hierarchy and will be ignored
[   58.197208][    T1] init: ... started service 'ueventd' has pid 119
[   58.228421][    T1] init: Command 'start ueventd' action=early-init (/system/etc/init/hw/init.rc:77) took 534ms and succeeded
[   58.348833][    T1] init: starting service 'init_dev_config'...
[   58.458104][    T1] libprocessgroup: Created cgroup /sys/fs/cgroup/system/uid_1000
[   58.485326][    T1] libprocessgroup: Created cgroup /sys/fs/cgroup/system/uid_1000/pid_120
[   58.615282][    T1] init: ... started service 'init_dev_config' has pid 120
[   58.623386][    T1] init: SVC_EXEC service 'init_dev_config' pid 120 (uid 1000 gid 0+0 context u:r:init_dev_config:s0) started; waiting...
[   58.642403][    T1] init: Command 'exec_start init_dev_config' action=early-init (/system/etc/init/hw/init.rc:83) took 344ms and succeeded
[   58.802953][  T119] ueventd: ueventd started!
[   58.866181][  T119] selinux: SELinux: Loaded file context from:
[   58.888331][  T119] selinux: 		/system/etc/selinux/plat_file_contexts
[   58.903499][  T119] selinux: 		/system_ext/etc/selinux/system_ext_file_contexts
[   58.935596][  T119] selinux: 		/product/etc/selinux/product_file_contexts
[   58.939125][  T119] selinux: 		/vendor/etc/selinux/vendor_file_contexts
[   58.943258][  T119] selinux: 		/odm/etc/selinux/odm_file_contexts
[   59.039383][  T119] ueventd: Parsing file /system/etc/ueventd.rc...
[   59.040514][    T1] init: Service 'init_dev_config' (pid 120) exited with status 0 waiting took 0.528000 seconds
[   59.047070][  T119] ueventd: Added '/vendor/etc/ueventd.rc' to import list
[   59.048547][    T1] init: Sending SIGKILL to service 'init_dev_config' (pid 120) process group...
[   59.048943][  T119] ueventd: Added '/odm/etc/ueventd.rc' to import list
[   59.224507][    T1] libprocessgroup: Removed cgroup /sys/fs/cgroup/system/uid_1000/pid_120
[   59.265167][  T119] ueventd: Parsing file /vendor/etc/ueventd.rc...
[   59.311521][  T119] ueventd: Parsing file /odm/etc/ueventd.rc...
[   59.317222][  T119] ueventd: Unable to read config file '/odm/etc/ueventd.rc': open() failed: No such file or directory
[   59.514823][    T1] init: starting service 'apexd-bootstrap'...
[   59.599488][    T1] libprocessgroup: Created cgroup /sys/fs/cgroup/system/uid_0/pid_121
[   59.723560][    T1] init: ... started service 'apexd-bootstrap' has pid 121
[   59.739244][    T1] init: SVC_EXEC service 'apexd-bootstrap' pid 121 (uid 0 gid 1000+0 context default) started; waiting...
[   59.743724][    T1] init: Command 'exec_start apexd-bootstrap' action=early-init (/system/etc/init/hw/init.rc:91) took 339ms and succeeded
[   63.285439][  T121] apexd: Started. subcommand = --bootstrap
[   63.518728][  T121] erofs: (device erofs): mounted with root inode @ nid 36.
[   63.725396][  T121] apexd: File-backed mount is enabled (detected via test mount)
[   63.998103][  T121] apexd-bootstrap: Scanning /system/apex for pre-installed ApexFiles
[   64.063881][  T121] apexd-bootstrap: Found pre-installed APEX /system/apex/com.android.adbd.apex
[   64.070090][  T121] apexd-bootstrap: Found pre-installed APEX /system/apex/com.android.adservices.apex
[   64.073701][  T121] apexd-bootstrap: Found pre-installed APEX /system/apex/com.android.apex.cts.shim.apex
[   64.076458][  T121] apexd-bootstrap: Found pre-installed APEX /system/apex/com.android.appsearch.apex
[   64.078609][  T121] apexd-bootstrap: Found pre-installed APEX /system/apex/com.android.art.apex
[   64.081983][  T121] apexd-bootstrap: Found pre-installed APEX /system/apex/com.android.bt.apex
[   64.084326][  T121] apexd-bootstrap: Found pre-installed APEX /system/apex/com.android.cellbroadcast.apex
[   64.086239][  T121] apexd-bootstrap: Found pre-installed APEX /system/apex/com.android.configinfrastructure.apex
[   64.089579][  T121] apexd-bootstrap: Found pre-installed APEX /system/apex/com.android.conscrypt.apex
[   64.092466][  T121] apexd-bootstrap: Found pre-installed APEX /system/apex/com.android.crashrecovery.apex
[   64.095068][  T121] apexd-bootstrap: Found pre-installed APEX /system/apex/com.android.devicelock.apex
[   64.097587][  T121] apexd-bootstrap: Found pre-installed APEX /system/apex/com.android.extservices.apex
[   64.100579][  T121] apexd-bootstrap: Found pre-installed APEX /system/apex/com.android.healthfitness.apex
[   64.102063][  T121] apexd-bootstrap: Found pre-installed APEX /system/apex/com.android.i18n.apex
[   64.105404][  T121] apexd-bootstrap: Found pre-installed APEX /system/apex/com.android.ipsec.apex
[   64.107095][  T121] apexd-bootstrap: Found pre-installed APEX /system/apex/com.android.media.apex
[   64.108232][  T121] apexd-bootstrap: Found pre-installed APEX /system/apex/com.android.media.swcodec.apex
[   64.112466][  T121] apexd-bootstrap: Found pre-installed APEX /system/apex/com.android.mediaprovider.apex
[   64.114223][  T121] apexd-bootstrap: Found pre-installed APEX /system/apex/com.android.neuralnetworks.apex
[   64.115127][  T121] apexd-bootstrap: Found pre-installed APEX /system/apex/com.android.nfcservices.apex
[   64.115469][  T121] apexd-bootstrap: Found pre-installed APEX /system/apex/com.android.npumanager.apex
[   64.117593][  T121] apexd-bootstrap: Found pre-installed APEX /system/apex/com.android.ondevicepersonalization.apex
[   64.119657][  T121] apexd-bootstrap: Found pre-installed APEX /system/apex/com.android.os.statsd.apex
[   64.121034][  T121] apexd-bootstrap: Found pre-installed APEX /system/apex/com.android.permission.apex
[   64.121468][  T121] apexd-bootstrap: Found pre-installed APEX /system/apex/com.android.profiling.apex
[   64.124443][  T121] apexd-bootstrap: Found pre-installed APEX /system/apex/com.android.resolv.apex
[   64.125702][  T121] apexd-bootstrap: Found pre-installed APEX /system/apex/com.android.rkpd.apex
[   64.126137][  T121] apexd-bootstrap: Found pre-installed APEX /system/apex/com.android.runtime.apex
[   64.128760][  T121] apexd-bootstrap: Found pre-installed APEX /system/apex/com.android.scheduling.apex
[   64.129191][  T121] apexd-bootstrap: Found pre-installed APEX /system/apex/com.android.sdkext.apex
[   64.130563][  T121] apexd-bootstrap: Found pre-installed APEX /system/apex/com.android.telephonycore.apex
[   64.132981][  T121] apexd-bootstrap: Found pre-installed APEX /system/apex/com.android.tethering.apex
[   64.134328][  T121] apexd-bootstrap: Found pre-installed APEX /system/apex/com.android.tzdata.apex
[   64.137910][  T121] apexd-bootstrap: Found pre-installed APEX /system/apex/com.android.uprobestats.apex
[   64.139679][  T121] apexd-bootstrap: Found pre-installed APEX /system/apex/com.android.uwb.apex
[   64.140733][  T121] apexd-bootstrap: Found pre-installed APEX /system/apex/com.android.virt.apex
[   64.142207][  T121] apexd-bootstrap: Found pre-installed APEX /system/apex/com.android.webapp.apex
[   64.144433][  T121] apexd-bootstrap: Found pre-installed APEX /system/apex/com.android.wifi.apex
[   64.146610][  T121] apexd-bootstrap: Scanning /system_ext/apex for pre-installed ApexFiles
[   64.153777][  T121] apexd-bootstrap: Found pre-installed APEX /system_ext/apex/com.android.compos.apex
[   64.155175][  T121] apexd-bootstrap: Found pre-installed APEX /system_ext/apex/com.android.hardware.biometrics.face.virtual.apex
[   64.156482][  T121] apexd-bootstrap: Found pre-installed APEX /system_ext/apex/com.android.hardware.biometrics.fingerprint.virtual.apex
[   64.159713][  T121] apexd-bootstrap: Found pre-installed APEX /system_ext/apex/com.android.vndk.v31.apex
[   64.160864][  T121] apexd-bootstrap: Found pre-installed APEX /system_ext/apex/com.android.vndk.v32.apex
[   64.161959][  T121] apexd-bootstrap: Found pre-installed APEX /system_ext/apex/com.android.vndk.v33.apex
[   64.162697][  T121] apexd-bootstrap: Found pre-installed APEX /system_ext/apex/com.android.vndk.v34.apex
[   64.165071][  T121] apexd-bootstrap: Scanning /product/apex for pre-installed ApexFiles
[   64.167250][  T121] apexd-bootstrap: /product/apex does not exist. Skipping
[   64.167579][  T121] apexd-bootstrap: Scanning /vendor/apex for pre-installed ApexFiles
[   64.175095][  T121] apexd-bootstrap: Found pre-installed APEX /vendor/apex/com.android.hardware.audio.apex
[   64.175529][  T121] apexd-bootstrap: Found pre-installed APEX /vendor/apex/com.android.hardware.authsecret.apex
[   64.177554][  T121] apexd-bootstrap: Found pre-installed APEX /vendor/apex/com.android.hardware.boot.apex
[   64.178900][  T121] apexd-bootstrap: Found pre-installed APEX /vendor/apex/com.android.hardware.cas.apex
[   64.179889][  T121] apexd-bootstrap: Found pre-installed APEX /vendor/apex/com.android.hardware.contexthub.apex
[   64.181086][  T121] apexd-bootstrap: Found pre-installed APEX /vendor/apex/com.android.hardware.drm.clearkey.apex
[   64.183082][  T121] apexd-bootstrap: Found pre-installed APEX /vendor/apex/com.android.hardware.dumpstate.apex
[   64.185189][  T121] apexd-bootstrap: Found pre-installed APEX /vendor/apex/com.android.hardware.gatekeeper.cf_remote.apex
[   64.186961][  T121] apexd-bootstrap: Found pre-installed APEX /vendor/apex/com.android.hardware.gatekeeper.nonsecure.apex
[   64.189613][  T121] apexd-bootstrap: Found pre-installed APEX /vendor/apex/com.android.hardware.gnss.apex
[   64.190386][  T121] apexd-bootstrap: Found pre-installed APEX /vendor/apex/com.android.hardware.graphics.composer.drm_hwcomposer.apex
[   64.192655][  T121] apexd-bootstrap: Found pre-installed APEX /vendor/apex/com.android.hardware.graphics.composer.ranchu.apex
[   64.194799][  T121] apexd-bootstrap: Found pre-installed APEX /vendor/apex/com.android.hardware.input.processor.apex
[   64.196968][  T121] apexd-bootstrap: Found pre-installed APEX /vendor/apex/com.android.hardware.keymint.rust_cf_guest_trusty_nonsecure.apex
[   64.198918][  T121] apexd-bootstrap: Found pre-installed APEX /vendor/apex/com.android.hardware.keymint.rust_cf_remote.apex
[   64.200082][  T121] apexd-bootstrap: Found pre-installed APEX /vendor/apex/com.android.hardware.keymint.rust_nonsecure.apex
[   64.202172][  T121] apexd-bootstrap: Found pre-installed APEX /vendor/apex/com.android.hardware.memtrack.apex
[   64.204545][  T121] apexd-bootstrap: Found pre-installed APEX /vendor/apex/com.android.hardware.net.nlinterceptor.apex
[   64.206074][  T121] apexd-bootstrap: Found pre-installed APEX /vendor/apex/com.android.hardware.neuralnetworks.apex
[   64.206579][  T121] apexd-bootstrap: Found pre-installed APEX /vendor/apex/com.android.hardware.power.apex
[   64.209457][  T121] apexd-bootstrap: Found pre-installed APEX /vendor/apex/com.android.hardware.rebootescrow.apex
[   64.210747][  T121] apexd-bootstrap: Found pre-installed APEX /vendor/apex/com.android.hardware.secure_element.apex
[   64.213933][  T121] apexd-bootstrap: Found pre-installed APEX /vendor/apex/com.android.hardware.security.authgraph.apex
[   64.216245][  T121] apexd-bootstrap: Found pre-installed APEX /vendor/apex/com.android.hardware.security.secretkeeper.apex
[   64.217949][  T121] apexd-bootstrap: Found pre-installed APEX /vendor/apex/com.android.hardware.tetheroffload.apex
[   64.219497][  T121] apexd-bootstrap: Found pre-installed APEX /vendor/apex/com.android.hardware.thermal.apex
[   64.219974][  T121] apexd-bootstrap: Found pre-installed APEX /vendor/apex/com.android.hardware.threadnetwork.apex
[   64.220611][  T121] apexd-bootstrap: Found pre-installed APEX /vendor/apex/com.android.hardware.usb.apex
[   64.222111][  T121] apexd-bootstrap: Found pre-installed APEX /vendor/apex/com.android.hardware.uwb.apex
[   64.222546][  T121] apexd-bootstrap: Found pre-installed APEX /vendor/apex/com.android.hardware.vibrator.apex
[   64.224083][  T121] apexd-bootstrap: Found pre-installed APEX /vendor/apex/com.android.hardware.wifi.apex
[   64.224599][  T121] apexd-bootstrap: Found pre-installed APEX /vendor/apex/com.google.cf.bt.apex
[   64.225597][  T121] apexd-bootstrap: Found pre-installed APEX /vendor/apex/com.google.cf.confirmationui.apex
[   64.226923][  T121] apexd-bootstrap: Found pre-installed APEX /vendor/apex/com.google.cf.disabled.apex
[   64.228791][  T121] apexd-bootstrap: Found pre-installed APEX /vendor/apex/com.google.cf.gralloc.apex
[   64.229801][  T121] apexd-bootstrap: Found pre-installed APEX /vendor/apex/com.google.cf.health.apex
[   64.230288][  T121] apexd-bootstrap: Found pre-installed APEX /vendor/apex/com.google.cf.identity.apex
[   64.231542][  T121] apexd-bootstrap: Found pre-installed APEX /vendor/apex/com.google.cf.input.config.apex
[   64.232143][  T121] apexd-bootstrap: Found pre-installed APEX /vendor/apex/com.google.cf.ir.apex
[   64.233137][  T121] apexd-bootstrap: Found pre-installed APEX /vendor/apex/com.google.cf.light.apex
[   64.233788][  T121] apexd-bootstrap: Found pre-installed APEX /vendor/apex/com.google.cf.nfc.apex
[   64.235568][  T121] apexd-bootstrap: Found pre-installed APEX /vendor/apex/com.google.cf.oemlock.apex
[   64.236054][  T121] apexd-bootstrap: Found pre-installed APEX /vendor/apex/com.google.cf.rild.apex
[   64.236474][  T121] apexd-bootstrap: Found pre-installed APEX /vendor/apex/com.google.cf.vulkan.apex
[   64.239108][  T121] apexd-bootstrap: Found pre-installed APEX /vendor/apex/com.google.cf.wifi.apex
[   64.239850][  T121] apexd-bootstrap: Found pre-installed APEX /vendor/apex/com.google.cf.wpa_supplicant.apex
[   64.241652][  T121] apexd-bootstrap: Found pre-installed APEX /vendor/apex/com.google.emulated.camera.provider.hal.apex
[   64.242743][  T121] apexd-bootstrap: Found pre-installed APEX /vendor/apex/com.google.emulated.camera.provider.hal.v4l2.apex
[   64.244065][  T121] apexd-bootstrap: Scanning /odm/apex for pre-installed ApexFiles
[   64.245347][  T121] apexd-bootstrap: /odm/apex does not exist. Skipping
[   65.356819][  T119] ueventd: Coldboot took 5.851 seconds
[   65.922127][  T121] apexd-bootstrap: Skipping APEX at path /vendor/apex/com.android.hardware.gatekeeper.cf_remote.apex because it does not match expected multi-install APEX property for com.android.hardware.gatekeeper
[   65.929564][  T121] apexd-bootstrap: Skipping APEX at path /vendor/apex/com.android.hardware.graphics.composer.drm_hwcomposer.apex because it does not match expected multi-install APEX property for com.android.hardware.graphics.composer
[   65.931973][  T121] apexd-bootstrap: Skipping APEX at path /vendor/apex/com.android.hardware.keymint.rust_cf_guest_trusty_nonsecure.apex because it does not match expected multi-install APEX property for com.android.hardware.keymint
[   65.933141][  T121] apexd-bootstrap: Skipping APEX at path /vendor/apex/com.android.hardware.keymint.rust_cf_remote.apex because it does not match expected multi-install APEX property for com.android.hardware.keymint
[   65.936071][  T121] apexd-bootstrap: Skipping APEX at path /vendor/apex/com.google.cf.disabled.apex because it's disabled via sysprop.
[   65.937957][  T121] apexd-bootstrap: Skipping APEX at path /vendor/apex/com.google.emulated.camera.provider.hal.v4l2.apex because it does not match expected multi-install APEX property for com.google.emulated.camera.provider.hal
[   65.940125][  T121] apexd-bootstrap: Successfully scanned 87 preinstalled APEXes duration=1961ms
[   65.954906][  T121] apexd-bootstrap: No sessions to revert/activate.
[   65.983702][  T121] apexd-bootstrap: Successfully scanned 0 data APEXes duration=10ms
[   66.412528][  T220] loop0: detected capacity change from 0 to 72760
[   66.422726][  T221] loop1: detected capacity change from 0 to 1048
[   66.435209][  T222] loop2: detected capacity change from 0 to 29520
[   66.435621][  T225] loop5: detected capacity change from 0 to 5560
[   66.435962][  T227] loop7: detected capacity change from 0 to 6432
[   66.478491][  T226] loop6: detected capacity change from 0 to 992
[   66.479917][  T223] loop3: detected capacity change from 0 to 6160
[   66.484942][  T224] loop4: detected capacity change from 0 to 536
[   66.510308][  T228] loop8: detected capacity change from 0 to 984
[   66.826608][  T234] loop11: detected capacity change from 0 to 4368
[   68.003541][  T226] EXT4-fs (loop6): mounted filesystem 7d1522e1-9dfa-5edb-a43e-98e3a4d20250 ro without journal. Quota mode: none.
[   68.014138][  T223] EXT4-fs (loop3): mounted filesystem 7d1522e1-9dfa-5edb-a43e-98e3a4d20250 ro without journal. Quota mode: none.
[   68.017910][  T221] EXT4-fs (loop1): mounted filesystem 7d1522e1-9dfa-5edb-a43e-98e3a4d20250 ro without journal. Quota mode: none.
[   68.028729][  T224] EXT4-fs (loop4): mounted filesystem 7d1522e1-9dfa-5edb-a43e-98e3a4d20250 ro without journal. Quota mode: none.
[   68.083786][  T225] EXT4-fs (loop5): mounted filesystem 7d1522e1-9dfa-5edb-a43e-98e3a4d20250 ro without journal. Quota mode: none.
[   68.190321][  T220] EXT4-fs (loop0): mounted filesystem 7d1522e1-9dfa-5edb-a43e-98e3a4d20250 ro without journal. Quota mode: none.
[   68.208700][  T228] EXT4-fs (loop8): mounted filesystem 7d1522e1-9dfa-5edb-a43e-98e3a4d20250 ro without journal. Quota mode: none.
[   68.407443][  T230] EXT4-fs (loop9): mounted filesystem 7d1522e1-9dfa-5edb-a43e-98e3a4d20250 ro without journal. Quota mode: none.
[   68.409935][  T234] EXT4-fs (loop11): mounted filesystem 7d1522e1-9dfa-5edb-a43e-98e3a4d20250 ro without journal. Quota mode: none.
[   68.436387][  T222] EXT4-fs (loop2): mounted filesystem 7d1522e1-9dfa-5edb-a43e-98e3a4d20250 ro without journal. Quota mode: none.
[   68.616668][  T232] EXT4-fs (loop10): mounted filesystem 7d1522e1-9dfa-5edb-a43e-98e3a4d20250 ro without journal. Quota mode: none.
[   68.630431][  T235] EXT4-fs (loop12): mounted filesystem 7d1522e1-9dfa-5edb-a43e-98e3a4d20250 ro without journal. Quota mode: none.
[   68.653928][  T227] EXT4-fs (loop7): mounted filesystem 7d1522e1-9dfa-5edb-a43e-98e3a4d20250 ro without journal. Quota mode: none.
[   69.981355][  T269] erofs: (device erofs): mounted with root inode @ nid 39.
[   71.632783][  T250] set_capacity_and_notify: 12 callbacks suppressed
[   71.635782][  T262] loop26: detected capacity change from 0 to 138608
[   71.674155][  T250] loop19: detected capacity change from 0 to 5464
[   71.742851][  T243] loop17: detected capacity change from 0 to 4088
[   72.235611][  T252] loop22: detected capacity change from 0 to 3632
[   72.365632][  T281] loop44: detected capacity change from 0 to 57648
[   72.440760][  T248] loop21: detected capacity change from 0 to 4568
[   72.575470][  T285] loop48: detected capacity change from 0 to 54320
[   72.627643][  T294] loop57: detected capacity change from 0 to 17360
[   72.638341][  T305] loop68: detected capacity change from 0 to 1704
[   73.195679][  T293] loop56: detected capacity change from 0 to 752
[   73.636174][  T296] EXT4-fs (loop59): mounted filesystem 7d1522e1-9dfa-5edb-a43e-98e3a4d20250 ro without journal. Quota mode: none.
[   73.637468][  T271] EXT4-fs (loop34): mounted filesystem 7d1522e1-9dfa-5edb-a43e-98e3a4d20250 ro without journal. Quota mode: none.
[   73.646393][  T304] EXT4-fs (loop67): mounted filesystem 7d1522e1-9dfa-5edb-a43e-98e3a4d20250 ro without journal. Quota mode: none.
[   73.681623][  T307] EXT4-fs (loop71): mounted filesystem 7d1522e1-9dfa-5edb-a43e-98e3a4d20250 ro without journal. Quota mode: none.
[   73.682162][  T278] EXT4-fs (loop41): mounted filesystem 7d1522e1-9dfa-5edb-a43e-98e3a4d20250 ro without journal. Quota mode: none.
[   73.682195][  T284] EXT4-fs (loop47): mounted filesystem 7d1522e1-9dfa-5edb-a43e-98e3a4d20250 ro without journal. Quota mode: none.
[   73.685817][  T255] EXT4-fs (loop23): mounted filesystem 7d1522e1-9dfa-5edb-a43e-98e3a4d20250 ro without journal. Quota mode: none.
[   73.686808][  T256] EXT4-fs (loop25): mounted filesystem 7d1522e1-9dfa-5edb-a43e-98e3a4d20250 ro without journal. Quota mode: none.
[   73.692469][  T248] EXT4-fs (loop21): mounted filesystem 7d1522e1-9dfa-5edb-a43e-98e3a4d20250 ro without journal. Quota mode: none.
[   73.694525][  T280] EXT4-fs (loop43): mounted filesystem 7d1522e1-9dfa-5edb-a43e-98e3a4d20250 ro without journal. Quota mode: none.
[   73.695128][  T322] EXT4-fs (loop84): mounted filesystem 7d1522e1-9dfa-5edb-a43e-98e3a4d20250 ro without journal. Quota mode: none.
[   73.697468][  T294] EXT4-fs (loop57): mounted filesystem 7d1522e1-9dfa-5edb-a43e-98e3a4d20250 ro without journal. Quota mode: none.
[   73.712754][  T289] EXT4-fs (loop53): mounted filesystem 7d1522e1-9dfa-5edb-a43e-98e3a4d20250 ro without journal. Quota mode: none.
[   73.714139][  T286] EXT4-fs (loop49): mounted filesystem 7d1522e1-9dfa-5edb-a43e-98e3a4d20250 ro without journal. Quota mode: none.
[   73.715813][  T275] EXT4-fs (loop37): mounted filesystem 7d1522e1-9dfa-5edb-a43e-98e3a4d20250 ro without journal. Quota mode: none.
[   73.716110][  T313] EXT4-fs (loop75): mounted filesystem 7d1522e1-9dfa-5edb-a43e-98e3a4d20250 ro without journal. Quota mode: none.
[   73.761815][  T316] EXT4-fs (loop78): mounted filesystem 7d1522e1-9dfa-5edb-a43e-98e3a4d20250 ro without journal. Quota mode: none.
[   73.852485][  T250] EXT4-fs (loop19): mounted filesystem 7d1522e1-9dfa-5edb-a43e-98e3a4d20250 ro without journal. Quota mode: none.
[   73.875508][  T321] EXT4-fs (loop83): mounted filesystem 7d1522e1-9dfa-5edb-a43e-98e3a4d20250 ro without journal. Quota mode: none.
[   73.902651][  T279] EXT4-fs (loop42): mounted filesystem 7d1522e1-9dfa-5edb-a43e-98e3a4d20250 ro without journal. Quota mode: none.
[   73.927489][  T312] EXT4-fs (loop73): mounted filesystem 7d1522e1-9dfa-5edb-a43e-98e3a4d20250 ro without journal. Quota mode: none.
[   73.948485][  T267] EXT4-fs (loop29): mounted filesystem 7d1522e1-9dfa-5edb-a43e-98e3a4d20250 ro without journal. Quota mode: none.
[   73.950756][  T266] EXT4-fs (loop27): mounted filesystem 7d1522e1-9dfa-5edb-a43e-98e3a4d20250 ro without journal. Quota mode: none.
[   73.952063][  T295] EXT4-fs (loop58): mounted filesystem 7d1522e1-9dfa-5edb-a43e-98e3a4d20250 ro without journal. Quota mode: none.
[   73.963127][  T272] EXT4-fs (loop35): mounted filesystem 7d1522e1-9dfa-5edb-a43e-98e3a4d20250 ro without journal. Quota mode: none.
[   74.082442][  T288] EXT4-fs (loop51): mounted filesystem 7d1522e1-9dfa-5edb-a43e-98e3a4d20250 ro without journal. Quota mode: none.
[   74.094830][  T285] EXT4-fs (loop48): mounted filesystem 7d1522e1-9dfa-5edb-a43e-98e3a4d20250 ro without journal. Quota mode: none.
[   74.110920][  T308] EXT4-fs (loop70): mounted filesystem 7d1522e1-9dfa-5edb-a43e-98e3a4d20250 ro without journal. Quota mode: none.
[   74.118496][  T273] EXT4-fs (loop36): mounted filesystem 7d1522e1-9dfa-5edb-a43e-98e3a4d20250 ro without journal. Quota mode: none.
[   74.131464][  T277] EXT4-fs (loop40): mounted filesystem 7d1522e1-9dfa-5edb-a43e-98e3a4d20250 ro without journal. Quota mode: none.
[   74.350697][  T323] EXT4-fs (loop85): mounted filesystem 7d1522e1-9dfa-5edb-a43e-98e3a4d20250 ro without journal. Quota mode: none.
[   74.378158][  T293] EXT4-fs (loop56): mounted filesystem 7d1522e1-9dfa-5edb-a43e-98e3a4d20250 ro without journal. Quota mode: none.
[   74.379748][  T310] EXT4-fs (loop72): mounted filesystem 7d1522e1-9dfa-5edb-a43e-98e3a4d20250 ro without journal. Quota mode: none.
[   74.386807][  T252] EXT4-fs (loop22): mounted filesystem 7d1522e1-9dfa-5edb-a43e-98e3a4d20250 ro without journal. Quota mode: none.
[   74.389890][  T287] EXT4-fs (loop50): mounted filesystem 7d1522e1-9dfa-5edb-a43e-98e3a4d20250 ro without journal. Quota mode: none.
[   74.391283][  T299] EXT4-fs (loop61): mounted filesystem 7d1522e1-9dfa-5edb-a43e-98e3a4d20250 ro without journal. Quota mode: none.
[   74.397706][  T318] EXT4-fs (loop80): mounted filesystem 7d1522e1-9dfa-5edb-a43e-98e3a4d20250 ro without journal. Quota mode: none.
[   74.446694][  T270] EXT4-fs (loop33): mounted filesystem 7d1522e1-9dfa-5edb-a43e-98e3a4d20250 ro without journal. Quota mode: none.
[   74.468398][  T319] EXT4-fs (loop81): mounted filesystem 7d1522e1-9dfa-5edb-a43e-98e3a4d20250 ro without journal. Quota mode: none.
[   74.469447][  T243] EXT4-fs (loop17): mounted filesystem 7d1522e1-9dfa-5edb-a43e-98e3a4d20250 ro without journal. Quota mode: none.
[   74.471315][  T302] EXT4-fs (loop65): mounted filesystem 7d1522e1-9dfa-5edb-a43e-98e3a4d20250 ro without journal. Quota mode: none.
[   74.481362][  T244] EXT4-fs (loop16): mounted filesystem 7d1522e1-9dfa-5edb-a43e-98e3a4d20250 ro without journal. Quota mode: none.
[   74.497963][  T236] EXT4-fs (loop13): mounted filesystem 7d1522e1-9dfa-5edb-a43e-98e3a4d20250 ro without journal. Quota mode: none.
[   74.513098][  T253] EXT4-fs (loop24): mounted filesystem 7d1522e1-9dfa-5edb-a43e-98e3a4d20250 ro without journal. Quota mode: none.
[   74.514178][  T283] EXT4-fs (loop46): mounted filesystem 7d1522e1-9dfa-5edb-a43e-98e3a4d20250 ro without journal. Quota mode: none.
[   74.514664][  T274] EXT4-fs (loop38): mounted filesystem 7d1522e1-9dfa-5edb-a43e-98e3a4d20250 ro without journal. Quota mode: none.
[   74.528242][  T314] EXT4-fs (loop76): mounted filesystem 7d1522e1-9dfa-5edb-a43e-98e3a4d20250 ro without journal. Quota mode: none.
[   74.531641][  T311] EXT4-fs (loop74): mounted filesystem 7d1522e1-9dfa-5edb-a43e-98e3a4d20250 ro without journal. Quota mode: none.
[   74.534889][  T276] EXT4-fs (loop39): mounted filesystem 7d1522e1-9dfa-5edb-a43e-98e3a4d20250 ro without journal. Quota mode: none.
[   74.552570][  T320] EXT4-fs (loop82): mounted filesystem 7d1522e1-9dfa-5edb-a43e-98e3a4d20250 ro without journal. Quota mode: none.
[   74.552975][  T305] EXT4-fs (loop68): mounted filesystem 7d1522e1-9dfa-5edb-a43e-98e3a4d20250 ro without journal. Quota mode: none.
[   74.704699][  T121] apexd-bootstrap: Activated 87 packages. duration=8707ms
[   74.820456][  T121] apexd-bootstrap: OnBootstrap done, duration=10893
[   75.134946][    T1] init: Service 'apexd-bootstrap' (pid 121) exited with status 0 waiting took 15.546000 seconds
[   75.138705][    T1] init: Sending SIGKILL to service 'apexd-bootstrap' (pid 121) process group...
[   75.155160][    T1] libprocessgroup: Removed cgroup /sys/fs/cgroup/system/uid_0/pid_121
[   75.883596][    T1] init: Parsing file /apex/com.android.adbd/etc/init.rc...
[   75.918183][    T1] init: Parsing file /apex/com.android.art/etc/init.rc...
[   75.926470][    T1] init: Parsing file /apex/com.android.compos/etc/init.rc...
[   75.932698][    T1] init: Parsing file /apex/com.android.configinfrastructure/etc/com.android.configinfrastrcture.init.rc...
[   75.939933][    T1] init: Parsing file /apex/com.android.hardware.audio/etc/android.hardware.audio.service-aidl.example.rc...
[   75.948209][    T1] init: Parsing file /apex/com.android.hardware.authsecret/etc/android.hardware.authsecret-service.example.rc...
[   75.952190][    T1] init: Parsing file /apex/com.android.hardware.biometrics.face.virtual/etc/face-virtual-apex.rc...
[   75.956438][    T1] init: Parsing file /apex/com.android.hardware.biometrics.fingerprint.virtual/etc/fingerprint-virtual.rc...
[   75.960400][    T1] init: Parsing file /apex/com.android.hardware.boot/etc/android.hardware.boot-service.default.rc...
[   75.964129][    T1] init: Parsing file /apex/com.android.hardware.cas/etc/cas-default.rc...
[   75.967176][    T1] init: Parsing file /apex/com.android.hardware.contexthub/etc/android.hardware.contexthub-service.example.rc...
[   75.971194][    T1] init: Parsing file /apex/com.android.hardware.drm.clearkey/etc/android.hardware.drm-service.clearkey.apex.rc...
[   75.974375][    T1] init: Parsing file /apex/com.android.hardware.dumpstate/etc/dumpstate-default.rc...
[   75.978541][    T1] init: Parsing file /apex/com.android.hardware.gatekeeper/etc/android.hardware.gatekeeper-service.nonsecure.rc...
[   75.982263][    T1] init: Parsing file /apex/com.android.hardware.gnss/etc/gnss-default.rc...
[   75.985791][    T1] init: Parsing file /apex/com.android.hardware.graphics.composer/etc/hwc3-apex.rc...
[   75.989165][    T1] init: Parsing file /apex/com.android.hardware.input.processor/etc/inputprocessor-default.rc...
[   75.992604][    T1] init: Parsing file /apex/com.android.hardware.ir/etc/android.hardware.ir-service.example.rc...
[   75.996391][    T1] init: Parsing file /apex/com.android.hardware.keymint/etc/android.hardware.security.keymint-service.nonsecure.apex.rc...
[   75.999708][    T1] init: Parsing file /apex/com.android.hardware.memtrack/etc/memtrack-default-apex.rc...
[   76.002807][    T1] init: Parsing file /apex/com.android.hardware.net.nlinterceptor/etc/nlinterceptor.rc...
[   76.006259][    T1] init: Parsing file /apex/com.android.hardware.neuralnetworks/etc/android.hardware.neuralnetworks-service-sample-all.rc...
[   76.010111][    T1] init: Parsing file /apex/com.android.hardware.neuralnetworks/etc/android.hardware.neuralnetworks-service-sample-limited.rc...
[   76.011637][    T1] init: Parsing file /apex/com.android.hardware.neuralnetworks/etc/android.hardware.neuralnetworks-shim-service-sample.rc...
[   76.013701][    T1] init: Parsing file /apex/com.android.hardware.power/etc/com.android.hardware.power.rc...
[   76.017309][    T1] init: Parsing file /apex/com.android.hardware.rebootescrow/etc/rebootescrow-default.rc...
[   76.020209][    T1] init: Parsing file /apex/com.android.hardware.secure_element/etc/secure_element.rc...
[   76.022696][    T1] init: Parsing file /apex/com.android.hardware.security.authgraph/etc/authgraph.rc...
[   76.026352][    T1] init: Parsing file /apex/com.android.hardware.security.secretkeeper/etc/secretkeeper.rc...
[   76.029362][    T1] init: Parsing file /apex/com.android.hardware.tetheroffload/etc/tetheroffload-example.rc...
[   76.033730][    T1] init: Parsing file /apex/com.android.hardware.thermal/etc/android.hardware.thermal.example.rc...
[   76.038173][    T1] init: Parsing file /apex/com.android.hardware.threadnetwork/etc/threadnetwork-service.rc...
[   76.044446][    T1] init: Parsing file /apex/com.android.hardware.usb/etc/com.android.hardware.usb.rc...
[   76.047891][    T1] init: Parsing file /apex/com.android.hardware.uwb/etc/uwb-service.rc...
[   76.050967][    T1] init: Parsing file /apex/com.android.hardware.vibrator/etc/com.android.hardware.vibrator.rc...
[   76.053365][    T1] init: Parsing file /apex/com.android.hardware.wifi/etc/com.android.hardware.wifi.rc...
[   76.056745][    T1] init: Parsing file /apex/com.android.media.swcodec/etc/mediaswcodec.32rc...
[   76.060013][    T1] init: Parsing file /apex/com.android.media/etc/mediatranscoding.32rc...
[   76.063387][    T1] init: Parsing file /apex/com.android.os.statsd/etc/init.rc...
[   76.066599][    T1] init: Parsing file /apex/com.android.sdkext/etc/derive_classpath.rc...
[   76.069179][    T1] init: Parsing file /apex/com.android.sdkext/etc/derive_sdk.rc...
[   76.070376][    T1] init: Parsing file /apex/com.android.tethering/etc/netbpfload.35rc...
[   76.074333][    T1] init: Parsing file /apex/com.android.tethering/etc/ot-daemon.34rc...
[   76.076189][    T1] init: Parsing file /apex/com.android.uprobestats/etc/init.rc...
[   76.078721][    T1] init: Parsing file /apex/com.android.virt/etc/vfio_handler.rc...
[   76.080600][    T1] init: Parsing file /apex/com.android.virt/etc/virtualizationservice.rc...
[   76.081643][    T1] init: Parsing file /apex/com.android.virt/etc/vmnic.rc...
[   76.082660][    T1] init: Parsing file /apex/com.android.wifi/etc/mainline_supplicant.rc...
[   76.085834][    T1] init: Parsing file /apex/com.google.cf.bt/etc/com.google.cf.bt.default.rc...
[   76.089125][    T1] init: Parsing file /apex/com.google.cf.bt/etc/com.google.cf.bt.lpp.rc...
[   76.090904][    T1] init: Parsing file /apex/com.google.cf.confirmationui/etc/android.hardware.confirmationui-service.cuttlefish.rc...
[   76.094850][    T1] init: Parsing file /apex/com.google.cf.gralloc/etc/com.google.cf.gralloc.rc...
[   76.097402][    T1] init: Parsing file /apex/com.google.cf.health/etc/android.hardware.health-service.cuttlefish.rc...
[   76.100856][    T1] init: Parsing file /apex/com.google.cf.identity/etc/android.hardware.identity-service.remote.rc...
[   76.103469][    T1] init: Parsing file /apex/com.google.cf.input.config/etc/com.google.cf.input.config.rc...
[   76.114662][    T1] init: Parsing file /apex/com.google.cf.light/etc/lights-cuttlefish.rc...
[   76.117470][    T1] init: Parsing file /apex/com.google.cf.nfc/etc/nfc-service-cuttlefish.rc...
[   76.119569][    T1] init: Parsing file /apex/com.google.cf.oemlock/etc/android.hardware.oemlock-service.remote.rc...
[   76.122309][    T1] init: Parsing file /apex/com.google.cf.rild/etc/com.google.cf.rild.rc...
[   76.124270][    T1] init: Parsing file /apex/com.google.cf.vulkan/etc/com.google.cf.vulkan.rc...
[   76.126967][    T1] init: Parsing file /apex/com.google.cf.wifi/etc/com.google.cf.wifi.rc...
[   76.129616][    T1] init: Parsing file /apex/com.google.cf.wpa_supplicant/etc/com.google.cf.wpa_supplicant.rc...
[   76.132342][    T1] init: Parsing file /apex/com.google.emulated.camera.provider.hal/etc/com.google.emulated.camera.provider.hal.rc...
[   78.261421][    T1] init: linkerconfig generated /linkerconfig with mounted APEX modules info
[   78.267739][    T1] init: Command 'perform_apex_config' action=early-init (/system/etc/init/hw/init.rc:92) took 3061ms and succeeded
[   78.376669][    T1] init: processing action (ro.boot.bootchart.enabled= && early-init) from (/system/etc/init/hw/init.rc:113)
[   78.377862][    T1] init: processing action (early-init) from (/init.environ.rc:2)
[   78.379077][    T1] init: processing action (early-init) from (/system/etc/init/aconfigd.rc:26)
[   78.383314][    T1] init: Command 'mkdir /metadata/aconfig 0775 root system' action=early-init (/system/etc/init/aconfigd.rc:27) took 3ms and failed: mkdir() failed on /metadata/aconfig: Read-only file system
[   78.401749][    T1] init: starting service 'early_system_aconfigd_platform_init'...
[   78.462979][    T1] libprocessgroup: Created cgroup /sys/fs/cgroup/system/uid_1000/pid_402
[   78.586361][    T1] init: ... started service 'early_system_aconfigd_platform_init' has pid 402
[   78.587186][    T1] init: SVC_EXEC service 'early_system_aconfigd_platform_init' pid 402 (uid 1000 gid 1000+0 context default) started; waiting...
[   78.587938][    T1] init: Command 'exec_start early_system_aconfigd_platform_init' action=early-init (/system/etc/init/aconfigd.rc:31) took 202ms and succeeded
[   79.467886][  T402] main[402]: Starting aconfigd_system command: EarlyPlatformInit
[   79.472598][  T402] main[402]: Starting early-init platform init
[   79.534362][  T402] aconfigd_rust::utils[402]: build fingerprint is: generic/aosp_cf_arm64_only_phone/vsoc_arm64_only:17/CP2A.260605.016/16373615:userdebug/test-keys
[   79.538527][  T402] aconfigd_rust::aconfigd[402]: device build fingerprint generic/aosp_cf_arm64_only_phone/vsoc_arm64_only:17/CP2A.260605.016/16373615:userdebug/test-keys
[   79.541396][  T402] aconfigd_rust::utils[402]: security patch date is: 2026-06-05
[   79.541906][  T402] aconfigd_rust::aconfigd[402]: device security patch 2026-06-05
[   79.564922][  T402] aconfigd_rust::aconfigd[402]: start initialize system flags
[   79.612313][  T402] aconfigd_rust::storage_files[402]: create storage files object from container system
[   79.707482][  T402] aconfigd_rust::storage_files[402]: copy system storage files to persist and boot directories
[   79.776444][  T402] main[402]: Failed to initialize platform storage in early init: failed to copy file from /system/etc/aconfig/package.map to /metadata/aconfig/maps/system.package.new: Os { code: 2, kind: NotFound, message: "No such file or directory" }
[   79.841158][    T1] init: Service 'early_system_aconfigd_platform_init' (pid 402) exited with status 5 waiting took 1.389000 seconds
[   79.842456][    T1] init: Sending SIGKILL to service 'early_system_aconfigd_platform_init' (pid 402) process group...
[   79.855889][    T1] libprocessgroup: Removed cgroup /sys/fs/cgroup/system/uid_1000/pid_402
[   79.879484][    T1] init: processing action (ro.product.debugfs_restrictions.enabled=true && early-init) from (/system/etc/init/init-debug.rc:10)
[   79.964474][    T1] init: processing action (early-init) from (/system/etc/init/kcmdlinemodprobe.rc:16)
[   80.003510][    T1] init: starting service 'exec 1 (/system/bin/kcmdlinemodprobe)'...
[   80.065364][    T1] libprocessgroup: Created cgroup /sys/fs/cgroup/system/uid_0/pid_403
[   80.087090][    T1] init: ... started service 'exec 1 (/system/bin/kcmdlinemodprobe)' has pid 403
[   80.097678][    T1] init: SVC_EXEC service 'exec 1 (/system/bin/kcmdlinemodprobe)' pid 403 (uid 0 gid 0+0 context default) started; waiting...
[   80.099598][    T1] init: Command 'exec -- /system/bin/kcmdlinemodprobe' action=early-init (/system/etc/init/kcmdlinemodprobe.rc:17) took 133ms and succeeded
[   80.584581][  T403] rust_binder: Loaded Rust Binder.
[   80.688874][    T1] init: Service 'exec 1 (/system/bin/kcmdlinemodprobe)' (pid 403) exited with status 0 waiting took 0.634000 seconds
[   80.693090][    T1] init: Sending SIGKILL to service 'exec 1 (/system/bin/kcmdlinemodprobe)' (pid 403) process group...
[   80.713724][    T1] libprocessgroup: Removed cgroup /sys/fs/cgroup/system/uid_0/pid_403
[   80.721621][    T1] init: processing action (early-init) from (/system/etc/init/prng_seeder.rc:5)
[   80.765918][    T1] init: starting service 'prng_seeder'...
[   80.780523][    T1] init: Created socket '/dev/socket/prng_seeder', mode 666, user 1092, group 1092
[   80.836323][    T1] libprocessgroup: Created cgroup /sys/fs/cgroup/system/uid_1092
[   80.845821][    T1] libprocessgroup: Created cgroup /sys/fs/cgroup/system/uid_1092/pid_404
[   80.889874][    T1] init: ... started service 'prng_seeder' has pid 404
[   80.894636][    T1] init: Command 'start prng_seeder' action=early-init (/system/etc/init/prng_seeder.rc:6) took 171ms and succeeded
[   80.895469][    T1] init: processing action (ro.product.cpu.abilist64=* && early-init) from (/vendor/etc/boringssl_self_test.zygote64.rc:1)
[   81.080999][    T1] init: starting service 'boringssl_self_test64_vendor'...
[   81.186860][    T1] libprocessgroup: Created cgroup /sys/fs/cgroup/system/uid_0/pid_405
[   81.284817][    T1] init: ... started service 'boringssl_self_test64_vendor' has pid 405
[   81.304603][    T1] init: SVC_EXEC service 'boringssl_self_test64_vendor' pid 405 (uid 0 gid 0+0 context default) started; waiting...
[   81.314999][    T1] init: Command 'exec_start boringssl_self_test64_vendor' action=ro.product.cpu.abilist64=* && early-init (/vendor/etc/boringssl_self_test.zygote64.rc:2) took 416ms and succeeded
[   82.699628][    T1] init: Service 'boringssl_self_test64_vendor' (pid 405) exited with status 0 waiting took 1.529000 seconds
[   82.778457][    T1] init: Sending SIGKILL to service 'boringssl_self_test64_vendor' (pid 405) process group...
[   82.879952][    T1] libprocessgroup: Removed cgroup /sys/fs/cgroup/system/uid_0/pid_405
[   83.017231][    T1] init: processing action (early-init) from (/vendor/etc/init/init.cutf_cvm.rc:1)
[   83.071560][    T1] init: Command 'setprop hypervisor.memory_reclaim.supported ${ro.boot.hypervisor.vm.supported}' action=early-init (/vendor/etc/init/init.cutf_cvm.rc:5) took 13ms and failed: property 'ro.boot.hypervisor.vm.supported' doesn't exist while expanding '${ro.boot.hypervisor.vm.supported}'
[   83.112880][    T1] init: starting service 'vendor.dlkm_loader'...
[   83.180547][    T1] libprocessgroup: Created cgroup /sys/fs/cgroup/system/uid_0/pid_406
[   83.244397][    T1] init: ... started service 'vendor.dlkm_loader' has pid 406
[   83.245572][    T1] init: Command 'start vendor.dlkm_loader' action=early-init (/vendor/etc/init/init.cutf_cvm.rc:9) took 155ms and succeeded
[   83.268516][    T1] init: starting service 'exec 2 (/system/bin/modprobe -a -d /system/lib/modules zram.ko)'...
[   83.325266][    T1] libprocessgroup: Created cgroup /sys/fs/cgroup/system/uid_0/pid_407
[   83.374351][    T1] init: ... started service 'exec 2 (/system/bin/modprobe -a -d /system/lib/modules zram.ko)' has pid 407
[   83.381240][    T1] init: SVC_EXEC service 'exec 2 (/system/bin/modprobe -a -d /system/lib/modules zram.ko)' pid 407 (uid 0 gid 0+0 context u:r:modprobe:s0) started; waiting...
[   83.390006][    T1] init: Command 'exec u:r:modprobe:s0 -- /system/bin/modprobe -a -d /system/lib/modules zram.ko' action=early-init (/vendor/etc/init/init.cutf_cvm.rc:11) took 143ms and succeeded
[   83.577390][  T406] dlkm_loader: dlkm loader successfully initialized
[   83.887933][  T406] dlkm_loader: Loading module /vendor/lib/modules/ambakmi.ko with args ''
[   84.006145][  T406] dlkm_loader: Loaded kernel module /vendor/lib/modules/ambakmi.ko
[   84.032331][  T406] dlkm_loader: Loading module /vendor/lib/modules/armmmci.ko with args ''
[   84.152228][  T406] dlkm_loader: Loaded kernel module /vendor/lib/modules/armmmci.ko
[   84.279763][  T406] dlkm_loader: Loading module /system/lib/modules/rfkill.ko with args ''
[   84.368868][  T406] dlkm_loader: Loading module /system/lib/modules/bluetooth.ko with args ''
[   84.837344][  T406] Bluetooth: Core ver 2.22
[   84.869988][  T406] NET: Registered PF_BLUETOOTH protocol family
[   84.881281][  T406] Bluetooth: HCI device and connection manager initialized
[   84.902378][  T406] Bluetooth: HCI socket layer initialized
[   84.912267][  T406] Bluetooth: L2CAP socket layer initialized
[   84.923480][  T406] Bluetooth: SCO socket layer initialized
[   84.969795][  T406] dlkm_loader: Loaded kernel module /system/lib/modules/bluetooth.ko
[   84.989003][  T406] dlkm_loader: Loading module /vendor/lib/modules/btintel.ko with args ''
[   85.083199][  T407] zram: Added device: zram0
[   85.215529][    T1] init: Service 'exec 2 (/system/bin/modprobe -a -d /system/lib/modules zram.ko)' (pid 407) exited with status 0 waiting took 1.886000 seconds
[   85.241868][    T1] init: Sending SIGKILL to service 'exec 2 (/system/bin/modprobe -a -d /system/lib/modules zram.ko)' (pid 407) process group...
[   85.247195][  T406] dlkm_loader: Loaded kernel module /vendor/lib/modules/btintel.ko
[   85.272929][    T1] libprocessgroup: Removed cgroup /sys/fs/cgroup/system/uid_0/pid_407
[   85.276226][  T406] dlkm_loader: Loading module /vendor/lib/modules/btrtl.ko with args ''
[   85.372235][  T118] init: wait for '/dev/dri/card0' took 51ms
[   85.385667][    T1] init: Command 'wait /dev/dri/card0' action=early-init (/vendor/etc/init/init.cutf_cvm.rc:13) took 98ms and succeeded
[   85.426583][    T1] init: starting service 'exec 3 (/vendor/bin/modprobe -d /vendor/lib/modules vkms.ko create_default_dev=0)'...
[   85.438909][  T406] dlkm_loader: Loaded kernel module /vendor/lib/modules/btrtl.ko
[   85.481673][  T406] dlkm_loader: Loading module /system/lib/modules/btbcm.ko with args ''
[   85.544660][  T406] dlkm_loader: Loaded kernel module /system/lib/modules/btbcm.ko
[   85.550676][  T406] dlkm_loader: Loading module /vendor/lib/modules/btusb.ko with args ''
[   85.550738][    T1] libprocessgroup: Created cgroup /sys/fs/cgroup/system/uid_0/pid_408
[   85.604377][  T406] usbcore: registered new interface driver btusb
[   85.648763][  T406] dlkm_loader: Loaded kernel module /vendor/lib/modules/btusb.ko
[   85.678400][  T406] dlkm_loader: Loading module /vendor/lib/modules/vexpress-config.ko with args ''
[   85.682341][    T1] init: ... started service 'exec 3 (/vendor/bin/modprobe -d /vendor/lib/modules vkms.ko create_default_dev=0)' has pid 408
[   85.690769][    T1] init: SVC_EXEC service 'exec 3 (/vendor/bin/modprobe -d /vendor/lib/modules vkms.ko create_default_dev=0)' pid 408 (uid 0 gid 0+0 context u:r:vendor_modprobe:s0) started; waiting...
[   85.706250][    T1] init: Command 'exec u:r:vendor_modprobe:s0 -- /vendor/bin/modprobe -d /vendor/lib/modules vkms.ko create_default_dev=0' action=early-init (/vendor/etc/init/init.cutf_cvm.rc:14) took 301ms and succeeded
[   85.832312][  T406] dlkm_loader: Loaded kernel module /vendor/lib/modules/vexpress-config.ko
[   85.849355][  T406] dlkm_loader: Loading module /vendor/lib/modules/clk-vexpress-osc.ko with args ''
[   85.940312][  T406] dlkm_loader: Loaded kernel module /vendor/lib/modules/clk-vexpress-osc.ko
[   85.961762][  T406] dlkm_loader: Loading module /vendor/lib/modules/drm_dma_helper.ko with args ''
[   86.049313][  T406] dlkm_loader: Loaded kernel module /vendor/lib/modules/drm_dma_helper.ko
[   86.053316][  T406] dlkm_loader: module dummy_cpufreq is blocklisted
[   86.055933][  T406] dlkm_loader: LoadWithAliases was unable to load dummy_cpufreq, tried: dummy_cpufreq
[   86.064963][  T406] dlkm_loader: Loading module /vendor/lib/modules/dummy_hcd.ko with args ''
[   86.149640][  T406] dummy_hcd dummy_hcd.0: USB Host+Gadget Emulator, driver 02 May 2005
[   86.192275][  T406] dummy_hcd dummy_hcd.0: Dummy host controller
[   86.204345][  T406] dummy_hcd dummy_hcd.0: new USB bus registered, assigned bus number 1
[   86.408394][  T406] usb usb1: New USB device found, idVendor=1d6b, idProduct=0002, bcdDevice= 6.12
[   86.422810][  T406] usb usb1: New USB device strings: Mfr=3, Product=2, SerialNumber=<SERIAL>
[   86.426827][  T406] usb usb1: Product: Dummy host controller
[   86.434838][  T406] usb usb1: Manufacturer: Linux 6.12.74-android16-6-g3ec022196c4e-ab15076761-4k dummy_hcd
[   86.438908][  T406] usb usb1: SerialNumber: <SERIAL>
[   86.565485][  T406] hub 1-0:1.0: USB hub found
[   86.653417][  T406] hub 1-0:1.0: 1 port detected
[   86.966029][  T406] dlkm_loader: Loaded kernel module /vendor/lib/modules/dummy_hcd.ko
[   87.005722][  T406] dlkm_loader: Loading module /vendor/lib/modules/goldfish_address_space.ko with args ''
[   87.049197][  T406] goldfish_address_space: loading out-of-tree module taints kernel.
[   87.150405][  T406] dlkm_loader: Loaded kernel module /vendor/lib/modules/goldfish_address_space.ko
[   87.255845][  T406] dlkm_loader: Loading module /vendor/lib/modules/goldfish_battery.ko with args ''
[   87.550753][  T406] dlkm_loader: Loaded kernel module /vendor/lib/modules/goldfish_battery.ko
[   87.583503][  T406] dlkm_loader: Loading module /vendor/lib/modules/goldfish_pipe.ko with args ''
[   87.727869][  T406] dlkm_loader: Loaded kernel module /vendor/lib/modules/goldfish_pipe.ko
[   87.767364][  T406] dlkm_loader: Loading module /vendor/lib/modules/goldfish_sync.ko with args ''
[   87.883639][  T406] dlkm_loader: Loaded kernel module /vendor/lib/modules/goldfish_sync.ko
[   87.994264][  T406] dlkm_loader: Loading module /system/lib/modules/can-dev.ko with args ''
[   87.999647][    T1] init: Service 'exec 3 (/vendor/bin/modprobe -d /vendor/lib/modules vkms.ko create_default_dev=0)' (pid 408) exited with status 0 waiting took 2.457000 seconds
[   88.006527][    T1] init: Sending SIGKILL to service 'exec 3 (/vendor/bin/modprobe -d /vendor/lib/modules vkms.ko create_default_dev=0)' (pid 408) process group...
[   88.032981][    T1] libprocessgroup: Removed cgroup /sys/fs/cgroup/system/uid_0/pid_408
[   88.082773][    T1] init: processing action (early-init) from (/vendor/etc/init/init.cutf_cvm.rc:132)
[   88.099744][  T406] CAN device driver interface
[   88.152314][  T406] dlkm_loader: Loaded kernel module /system/lib/modules/can-dev.ko
[   88.167664][  T406] dlkm_loader: Loading module /vendor/lib/modules/gs_usb.ko with args ''
[   88.216354][    T1] init: Command 'setprop ro.setupwizard.mode ${ro.boot.setupwizard_mode}' action=early-init (/vendor/etc/init/init.cutf_cvm.rc:133) took 122ms and succeeded
[   88.222173][    T1] init: processing action (early-init) from (/vendor/etc/init/init.cutf_cvm.rc:135)
[   88.225311][    T1] init: Command 'setprop ro.vendor.cuttlefish_service_bluetooth_checker ${ro.boot.cuttlefish_service_bluetooth_checker}' action=early-init (/vendor/etc/init/init.cutf_cvm.rc:136) took 2ms and failed: property 'ro.boot.cuttlefish_service_bluetooth_checker' doesn't exist while expanding '${ro.boot.cuttlefish_service_bluetooth_checker}'
[   88.243205][  T406] usbcore: registered new interface driver gs_usb
[   88.265216][  T406] dlkm_loader: Loaded kernel module /vendor/lib/modules/gs_usb.ko
[   88.293656][    T1] init: processing action (early-init) from (/vendor/etc/init/init_graphics.vendor.rc:1)
[   88.303261][  T406] dlkm_loader: Loading module /vendor/lib/modules/hci_vhci.ko with args ''
[   88.402526][  T406] dlkm_loader: Loaded kernel module /vendor/lib/modules/hci_vhci.ko
[   88.424848][    T1] init: Command 'setprop ro.hardware.egl ${ro.boot.hardware.egl}' action=early-init (/vendor/etc/init/init_graphics.vendor.rc:5) took 65ms and succeeded
[   88.429349][  T406] dlkm_loader: Loading module /vendor/lib/modules/kfifo_buf.ko with args ''
[   88.490676][    T1] init: Command 'setprop ro.vendor.hwcomposer.mode ${ro.boot.hardware.hwcomposer.mode}' action=early-init (/vendor/etc/init/init_graphics.vendor.rc:11) took 1ms and failed: property 'ro.boot.hardware.hwcomposer.mode' doesn't exist while expanding '${ro.boot.hardware.hwcomposer.mode}'
[   88.506232][  T406] dlkm_loader: Loaded kernel module /vendor/lib/modules/kfifo_buf.ko
[   88.508528][  T406] dlkm_loader: Loading module /vendor/lib/modules/mt76.ko with args ''
[   88.520971][    T1] init: Command 'setprop debug.hwui.renderer ${ro.boot.hardware.guest_hwui_renderer}' action=early-init (/vendor/etc/init/init_graphics.vendor.rc:17) took 7ms and failed: property 'ro.boot.hardware.guest_hwui_renderer' doesn't exist while expanding '${ro.boot.hardware.guest_hwui_renderer}'
[   88.524482][    T1] init: Command 'setprop ro.zygote.disable_gl_preload ${ro.boot.hardware.guest_disable_renderer_preload}' action=early-init (/vendor/etc/init/init_graphics.vendor.rc:18) took 0ms and failed: property 'ro.boot.hardware.guest_disable_renderer_preload' doesn't exist while expanding '${ro.boot.hardware.guest_disable_renderer_preload}'
[   88.533094][    T1] init: processing action (ConnectEarlyStageSnapuserd) from (<Builtin Action>:0)
[   88.535137][    T1] init: processing action (wait_for_coldboot_done) from (<Builtin Action>:0)
[   88.536273][    T1] init: start_waiting_for_property("ro.cold_boot_done", "true"): already set
[   88.536985][    T1] init: processing action (CheckTradeInModeStatus) from (<Builtin Action>:0)
[   88.540403][    T1] init: processing action (SetMmapRndBits) from (<Builtin Action>:0)
[   88.559254][    T1] init: processing action (KeychordInit) from (<Builtin Action>:0)
[   88.704326][  T406] dlkm_loader: Loaded kernel module /vendor/lib/modules/mt76.ko
[   88.724023][    T1] init: EVIOCSMASK not supported: Invalid argument
[   88.754889][  T406] dlkm_loader: Loading module /vendor/lib/modules/mt76-usb.ko with args ''
[   88.833270][  T406] dlkm_loader: Loaded kernel module /vendor/lib/modules/mt76-usb.ko
[   88.841136][  T406] dlkm_loader: Loading module /vendor/lib/modules/mt76x02-lib.ko with args ''
[   88.858386][  T406] dlkm_loader: Loaded kernel module /vendor/lib/modules/mt76x02-lib.ko
[   88.858987][  T406] dlkm_loader: Loading module /vendor/lib/modules/mt76x0-common.ko with args ''
[   88.866297][  T406] dlkm_loader: Loaded kernel module /vendor/lib/modules/mt76x0-common.ko
[   88.867987][  T406] dlkm_loader: Loading module /vendor/lib/modules/mt76x02-usb.ko with args ''
[   88.872333][  T406] dlkm_loader: Loaded kernel module /vendor/lib/modules/mt76x02-usb.ko
[   88.873816][  T406] dlkm_loader: Loading module /vendor/lib/modules/mt76x0u.ko with args ''
[   88.899199][  T406] usbcore: registered new interface driver mt76x0u
[   88.907962][  T406] dlkm_loader: Loaded kernel module /vendor/lib/modules/mt76x0u.ko
[   88.920954][  T406] dlkm_loader: Loading module /vendor/lib/modules/mt76x2-common.ko with args ''
[   89.000999][    T1] init: Command 'KeychordInit' action=KeychordInit (<Builtin Action>:0) took 428ms and succeeded
[   89.036335][  T406] dlkm_loader: Loaded kernel module /vendor/lib/modules/mt76x2-common.ko
[   89.045177][    T1] init: processing action (init) from (/system/etc/init/hw/init.rc:116)
[   89.049329][  T406] dlkm_loader: Loading module /vendor/lib/modules/mt76x2u.ko with args ''
[   89.147578][    T1] init: Command 'copy /proc/cmdline /dev/urandom' action=init (/system/etc/init/hw/init.rc:120) took 52ms and succeeded
[   89.231878][  T406] usbcore: registered new interface driver mt76x2u
[   89.268266][  T406] dlkm_loader: Loaded kernel module /vendor/lib/modules/mt76x2u.ko
[   89.300689][  T406] dlkm_loader: Loading module /vendor/lib/modules/pl111_drm.ko with args ''
[   89.395454][  T406] dlkm_loader: Loaded kernel module /vendor/lib/modules/pl111_drm.ko
[   89.428501][  T406] dlkm_loader: Loading module /vendor/lib/modules/psmouse.ko with args ''
[   89.464646][    T1] init: Command 'mkdir /dev/blkio/background' action=init (/system/etc/init/hw/init.rc:207) took 93ms and succeeded
[   89.476526][    T1] init: Command 'write /dev/blkio/blkio.weight 1000' action=init (/system/etc/init/hw/init.rc:218) took 1ms and failed: Unable to write to file '/dev/blkio/blkio.weight': open() failed: Permission denied
[   89.486403][    T1] init: Command 'write /dev/blkio/background/blkio.weight 200' action=init (/system/etc/init/hw/init.rc:219) took 0ms and failed: Unable to write to file '/dev/blkio/background/blkio.weight': open() failed: Permission denied
[   89.488601][    T1] init: Command 'write /dev/blkio/blkio.group_idle 0' action=init (/system/etc/init/hw/init.rc:221) took 0ms and failed: Unable to write to file '/dev/blkio/blkio.group_idle': open() failed: Permission denied
[   89.490248][    T1] init: Command 'write /dev/blkio/background/blkio.group_idle 0' action=init (/system/etc/init/hw/init.rc:222) took 0ms and failed: Unable to write to file '/dev/blkio/background/blkio.group_idle': open() failed: Permission denied
[   89.592466][  T406] dlkm_loader: Loaded kernel module /vendor/lib/modules/psmouse.ko
[   89.624683][  T406] dlkm_loader: Loading module /vendor/lib/modules/pulse8-cec.ko with args ''
[   89.727750][  T406] dlkm_loader: Loaded kernel module /vendor/lib/modules/pulse8-cec.ko
[   89.763354][    T1] init: Command 'mkdir /dev/binderfs' action=init (/system/etc/init/hw/init.rc:232) took 72ms and succeeded
[   89.788259][  T406] dlkm_loader: Loading module /vendor/lib/modules/rtc-test.ko with args ''
[   89.884183][    T1] init: Command 'mount binder binder /dev/binderfs stats=global' action=init (/system/etc/init/hw/init.rc:233) took 86ms and succeeded
[   90.003823][  T406] rtc-test rtc-test.0: registered as rtc1
[   90.078965][  T406] rtc-test rtc-test.1: registered as rtc2
[   90.103304][  T406] rtc-test rtc-test.2: registered as rtc3
[   90.137430][  T406] dlkm_loader: Loaded kernel module /vendor/lib/modules/rtc-test.ko
[   90.195418][  T406] dlkm_loader: Loading module /vendor/lib/modules/scmi_iio.ko with args ''
[   90.354887][  T406] dlkm_loader: Loaded kernel module /vendor/lib/modules/scmi_iio.ko
[   90.383173][  T406] dlkm_loader: module snd_aloop is blocklisted
[   90.397740][  T406] dlkm_loader: LoadWithAliases was unable to load snd_aloop, tried: snd_aloop
[   90.414499][  T406] dlkm_loader: Loading module /vendor/lib/modules/system_heap.ko with args ''
[   90.511546][  T406] dlkm_loader: Loaded kernel module /vendor/lib/modules/system_heap.ko
[   90.530941][    T1] init: Command 'mkdir /dev/cpuset/foreground' action=init (/system/etc/init/hw/init.rc:328) took 61ms and succeeded
[   90.537271][  T406] dlkm_loader: Loading module /vendor/lib/modules/usbip-core.ko with args ''
[   90.631014][    T1] init: Command 'copy /dev/cpuset/cpus /dev/cpuset/foreground/cpus' action=init (/system/etc/init/hw/init.rc:329) took 76ms and succeeded
[   90.849311][  T406] dlkm_loader: Loaded kernel module /vendor/lib/modules/usbip-core.ko
[   90.884971][  T406] dlkm_loader: Loading module /vendor/lib/modules/v4l2-tpg.ko with args ''
[   90.939631][    T1] init: Command 'copy /dev/cpuset/cpus /dev/cpuset/camera-daemon/cpus' action=init (/system/etc/init/hw/init.rc:358) took 133ms and succeeded
[   91.020692][  T406] dlkm_loader: Loaded kernel module /vendor/lib/modules/v4l2-tpg.ko
[   91.040105][  T406] dlkm_loader: Loading module /vendor/lib/modules/v4l2loopback.ko with args ''
[   91.654159][  T406] v4l2loopback driver version 0.12.7 loaded
[   91.734831][  T406] dlkm_loader: Loaded kernel module /vendor/lib/modules/v4l2loopback.ko
[   91.772539][  T406] dlkm_loader: Loading module /vendor/lib/modules/vexpress-sysreg.ko with args ''
[   91.928021][  T406] dlkm_loader: Loaded kernel module /vendor/lib/modules/vexpress-sysreg.ko
[   92.014485][  T406] dlkm_loader: Loading module /vendor/lib/modules/vhci-hcd.ko with args ''
[   92.182004][    T1] init: Command 'mount pstore pstore /sys/fs/pstore nodev noexec nosuid' action=init (/system/etc/init/hw/init.rc:414) took 956ms and succeeded
[   92.372600][  T406] vhci_hcd vhci_hcd.0: USB/IP Virtual Host Controller
[   92.389677][  T406] vhci_hcd vhci_hcd.0: new USB bus registered, assigned bus number 2
[   92.439497][  T406] vhci_hcd: created sysfs vhci_hcd.0
[   92.446875][  T406] usb usb2: New USB device found, idVendor=1d6b, idProduct=0002, bcdDevice= 6.12
[   92.450444][  T406] usb usb2: New USB device strings: Mfr=3, Product=2, SerialNumber=<SERIAL>
[   92.455393][  T406] usb usb2: Product: USB/IP Virtual Host Controller
[   92.460604][  T406] usb usb2: Manufacturer: Linux 6.12.74-android16-6-g3ec022196c4e-ab15076761-4k vhci_hcd
[   92.468244][  T406] usb usb2: SerialNumber: <SERIAL>
[   92.500413][  T406] hub 2-0:1.0: USB hub found
[   92.515249][  T406] hub 2-0:1.0: 8 ports detected
[   92.580698][  T406] vhci_hcd vhci_hcd.0: USB/IP Virtual Host Controller
[   92.610905][  T406] vhci_hcd vhci_hcd.0: new USB bus registered, assigned bus number 3
[   92.622230][  T406] usb usb3: We don't know the algorithms for LPM for this host, disabling LPM.
[   92.630655][  T406] usb usb3: New USB device found, idVendor=1d6b, idProduct=0003, bcdDevice= 6.12
[   92.637734][  T406] usb usb3: New USB device strings: Mfr=3, Product=2, SerialNumber=<SERIAL>
[   92.645241][  T406] usb usb3: Product: USB/IP Virtual Host Controller
[   92.649677][  T406] usb usb3: Manufacturer: Linux 6.12.74-android16-6-g3ec022196c4e-ab15076761-4k vhci_hcd
[   92.657238][  T406] usb usb3: SerialNumber: <SERIAL>
[   92.693677][  T406] hub 3-0:1.0: USB hub found
[   92.695772][    T1] init: Command 'write /dev/cpu_variant:${ro.bionic.2nd_arch} ${ro.bionic.2nd_cpu_variant}' action=init (/system/etc/init/hw/init.rc:440) took 0ms and failed: property 'ro.bionic.2nd_arch' doesn't exist while expanding '/dev/cpu_variant:${ro.bionic.2nd_arch}'
[   92.696014][  T406] hub 3-0:1.0: 8 ports detected
[   92.697036][    T1] init: Command 'chmod 0444 /dev/cpu_variant:${ro.bionic.2nd_arch}' action=init (/system/etc/init/hw/init.rc:441) took 0ms and failed: property 'ro.bionic.2nd_arch' doesn't exist while expanding '/dev/cpu_variant:${ro.bionic.2nd_arch}'
[   92.718614][  T406] dlkm_loader: Loaded kernel module /vendor/lib/modules/vhci-hcd.ko
[   92.734875][  T406] dlkm_loader: Loading module /vendor/lib/modules/virt_wifi.ko with args ''
[   92.772249][    T1] init: starting service 'logd'...
[   92.798973][    T1] init: Created socket '/dev/socket/logd', mode 666, user 1036, group 1036
[   92.801650][    T1] init: Created socket '/dev/socket/logdr', mode 666, user 1036, group 1036
[   92.804955][    T1] init: Created socket '/dev/socket/logdw', mode 222, user 1036, group 1036
[   93.147034][  T406] dlkm_loader: Loaded kernel module /vendor/lib/modules/virt_wifi.ko
[   93.151131][    T1] libprocessgroup: Created cgroup /sys/fs/cgroup/system/uid_1036
[   93.173717][  T406] dlkm_loader: Loading module /vendor/lib/modules/virtio-media.ko with args ''
[   93.200440][    T1] libprocessgroup: Created cgroup /sys/fs/cgroup/system/uid_1036/pid_410
[   93.334350][  T406] dlkm_loader: Loaded kernel module /vendor/lib/modules/virtio-media.ko
[   93.356439][    T1] init: ... started service 'logd' has pid 410
[   93.364452][    T1] init: Command 'start logd' action=init (/system/etc/init/hw/init.rc:454) took 640ms and succeeded
[   93.429360][  T406] dlkm_loader: Loading module /vendor/lib/modules/virtio_mmio.ko with args ''
[   93.489305][    T1] init: starting service 'lmkd'...
[   93.512406][    T1] init: Created socket '/dev/socket/lmkd', mode 660, user 1000, group 1000
[   93.604518][  T406] dlkm_loader: Loaded kernel module /vendor/lib/modules/virtio_mmio.ko
[   93.656308][  T406] dlkm_loader: Loading module /vendor/lib/modules/virtio_pmem.ko with args ''
[   93.732309][    T1] libprocessgroup: Created cgroup /sys/fs/cgroup/system/uid_1069
[   93.888502][    T1] libprocessgroup: Created cgroup /sys/fs/cgroup/system/uid_1069/pid_411
[   94.478945][    T1] init: ... started service 'lmkd' has pid 411
[   94.491137][    T1] init: Command 'start lmkd' action=init (/system/etc/init/hw/init.rc:461) took 1051ms and succeeded
[   94.561770][   T11] nd_pmem namespace0.0: unable to guarantee persistence of writes
[   94.632977][  T406] dlkm_loader: Loaded kernel module /vendor/lib/modules/virtio_pmem.ko
[   94.710610][  T406] dlkm_loader: Loading module /vendor/lib/modules/virtio_snd.ko with args ''
[   94.769794][  T345] nd_pmem namespace1.0: unable to guarantee persistence of writes
[   94.771827][    T1] init: starting service 'servicemanager'...
[   95.038134][    T1] libprocessgroup: Created cgroup /sys/fs/cgroup/system/uid_1000/pid_413
[   95.556851][    T1] init: ... started service 'servicemanager' has pid 413
[   95.599112][    T1] init: Command 'start servicemanager' action=init (/system/etc/init/hw/init.rc:464) took 1072ms and succeeded
[   95.852017][    T1] init: starting service 'hwservicemanager'...
[   96.066854][    T1] libprocessgroup: Created cgroup /sys/fs/cgroup/system/uid_1000/pid_414
[   96.126510][  T406] dlkm_loader: Loaded kernel module /vendor/lib/modules/virtio_snd.ko
[   96.152812][  T406] dlkm_loader: Loading module /vendor/lib/modules/virtual-cpufreq.ko with args ''
[   96.935437][  T406] dlkm_loader: Loaded kernel module /vendor/lib/modules/virtual-cpufreq.ko
[   96.951710][    T1] init: ... started service 'hwservicemanager' has pid 414
[   96.975929][    T1] init: Command 'start hwservicemanager' action=init (/system/etc/init/hw/init.rc:465) took 1314ms and succeeded
[   96.998625][    T1] init: Command 'start vndservicemanager' action=init (/system/etc/init/hw/init.rc:466) took 2ms and failed: service vndservicemanager not found
[   97.100415][  T406] dlkm_loader: module vivid is blocklisted
[   97.128548][    T1] init: Command 'mkdir <HOST_PATH> 0755 root root' action=init (/system/etc/init/hw/init.rc:469) took 122ms and succeeded
[   97.155698][  T406] dlkm_loader: LoadWithAliases was unable to load vivid, tried: vivid
[   97.171892][  T406] dlkm_loader: module vkms is blocklisted
[   97.181544][  T406] dlkm_loader: LoadWithAliases was unable to load vkms, tried: vkms
[   97.746570][  T406] dlkm_loader: module load count is 44
[   99.523010][  T410] logd: libprocessgroup: A JoinCgroup action in the SystemMemoryProcess profile is used for controller memory in the cgroup v2 hierarchy and will be ignored
[   99.695963][    T1] init: Command 'restorecon <HOST_PATH>' action=init (/system/etc/init/hw/init.rc:471) took 138ms and succeeded
[   99.756986][    T1] init: Service 'vendor.dlkm_loader' (pid 406) exited with status 0 oneshot service took 16.594000 seconds in background
[   99.768711][    T1] init: Sending SIGKILL to service 'vendor.dlkm_loader' (pid 406) process group...
[   99.877379][    T1] libprocessgroup: Removed cgroup /sys/fs/cgroup/system/uid_0/pid_406
[  100.068505][    T1] init: processing action (ro.debuggable=1 && init) from (/system/etc/init/hw/init.rc:1306)
[  100.101243][    T1] init: starting service 'console'...
[  100.550782][    T1] libprocessgroup: Created cgroup /sys/fs/cgroup/system/uid_2000
[  100.632439][    T1] libprocessgroup: Created cgroup /sys/fs/cgroup/system/uid_2000/pid_420
[  101.783598][    T1] init: ... started service 'console' has pid 420
[  101.903223][    T1] init: Command 'start console' action=ro.debuggable=1 && init (/system/etc/init/hw/init.rc:1307) took 1762ms and succeeded
[  102.512989][    T1] init: processing action (ro.product.cpu.abilist64=* && init) from (/system/etc/init/hw/init.boringssl.zygote64.rc:1)
[  102.827385][  T413] servicemanager: Starting sm instance on /dev/binder
[  102.900232][    T1] init: starting service 'boringssl_self_test64'...
[  103.365425][  T410] logd.auditd: start
[  103.480649][  T410] logd.klogd: 93844996665
[  104.077905][    T1] libprocessgroup: Created cgroup /sys/fs/cgroup/system/uid_9999
[  104.291411][    T1] libprocessgroup: Created cgroup /sys/fs/cgroup/system/uid_9999/pid_425
[  104.332922][  T413] SELinux: Multiple same specifications for android.hardware.secure_element.ISecureElement/eSE1.
[  104.545883][  T413] SELinux: SELinux: Loaded service context from:
[  104.577790][  T413] SELinux: 		/system/etc/selinux/plat_service_contexts
[  104.598589][  T413] SELinux: 		/system_ext/etc/selinux/system_ext_service_contexts
[  104.625782][  T413] SELinux: 		/product/etc/selinux/product_service_contexts
[  104.641909][  T413] SELinux: 		/vendor/etc/selinux/vendor_service_contexts
[  104.657443][  T413] SELinux: 		/odm/etc/selinux/odm_service_contexts
[  104.891961][    T1] init: ... started service 'boringssl_self_test64' has pid 425
[  105.010751][    T1] init: SVC_EXEC service 'boringssl_self_test64' pid 425 (uid 9999 gid 0+0 context default) started; waiting...
[  105.030755][    T1] init: Command 'exec_start boringssl_self_test64' action=ro.product.cpu.abilist64=* && init (/system/etc/init/hw/init.boringssl.zygote64.rc:2) took 2445ms and succeeded
[  105.188289][  T410] logd: Loaded bug_map file: /system_ext/etc/selinux/bug_map
[  105.232025][  T410] logd: Loaded bug_map file: /vendor/etc/selinux/selinux_denial_metadata
[  105.298501][  T410] logd: Loaded bug_map file: /system/etc/selinux/bug_map
[  106.838633][    T1] init: Service 'console' (pid 420) exited with status 0
[  106.959805][    T1] init: Sending SIGKILL to service 'console' (pid 420) process group...
[  107.039527][    T1] libprocessgroup: Removed cgroup /sys/fs/cgroup/system/uid_2000/pid_420
[  107.452184][  T427] type=1403 audit(1791040301.688:2): auid=4294967295 ses=4294967295 lsm=selinux res=1
[  107.564752][  T427] type=1300 audit(1791040301.688:2): arch=c00000b7 syscall=64 success=yes exit=911737 a0=4 a1=b400007f83a2d680 a2=de979 a3=ffffffffffffffff items=0 ppid=0 auid=4294967295 uid=0 gid=0 euid=0 suid=0 fsuid=0 egid=0 sgid=0 fsgid=0 tty=(none) ses=4294967295 comm="init" exe="/system/bin/init" subj=u:r:kernel:s0 key=(null)
[  107.591228][  T427] type=1309 audit(1791040301.688:2): argc=1 a0="/system/bin/init"
[  107.598948][  T427] type=1327 audit(1791040301.688:2): proctitle=2F73797374656D2F62696E2F696E69740073656C696E75785F7365747570
[  107.608785][  T427] type=1320 audit(1791040301.688:2): 
[  107.612984][  T427] type=1404 audit(1791040302.104:3): enforcing=1 old_enforcing=0 auid=4294967295 ses=4294967295 enabled=1 old-enabled=1 lsm=selinux res=1
[  107.632813][  T427] type=1300 audit(1791040302.104:3): arch=c00000b7 syscall=64 success=yes exit=1 a0=4 a1=7fec981fb0 a2=1 a3=14 items=0 ppid=0 auid=4294967295 uid=0 gid=0 euid=0 suid=0 fsuid=0 egid=0 sgid=0 fsgid=0 tty=(none) ses=4294967295 comm="init" exe="/system/bin/init" subj=u:r:kernel:s0 key=(null)
[  107.655631][  T427] type=1327 audit(1791040302.104:3): proctitle=2F73797374656D2F62696E2F696E69740073656C696E75785F7365747570
[  107.656832][    T1] init: Service 'boringssl_self_test64' (pid 425) exited with status 0 waiting took 3.956000 seconds
[  107.659164][  T427] type=1320 audit(1791040302.104:3): 
[  107.660422][    T1] init: Sending SIGKILL to service 'boringssl_self_test64' (pid 425) process group...
[  107.660749][  T427] type=1305 audit(1791040352.420:4): op=set audit_pid=410 old=0 auid=4294967295 ses=4294967295 subj=u:r:logd:s0 res=1
[  107.676486][  T427] type=1300 audit(1791040352.420:4): arch=c00000b7 syscall=206 success=yes exit=60 a0=a a1=7ff7935ef0 a2=3c a3=0 items=0 ppid=1 auid=4294967295 uid=1036 gid=1036 euid=1036 suid=1036 fsuid=1036 egid=1036 sgid=1036 fsgid=1036 tty=(none) ses=4294967295 comm="logd" exe="/system/bin/logd" subj=u:r:logd:s0 key=(null)
[  107.680607][    T1] libprocessgroup: Removed cgroup /sys/fs/cgroup/system/uid_9999/pid_425
[  107.684379][  T427] type=1327 audit(1791040352.420:4): proctitle="/system/bin/logd"
[  107.689610][  T427] type=1320 audit(1791040352.420:4): 
[  107.705798][    T1] init: processing action (ro.board.api_level=202604 && init) from (/system/etc/init/android.system.suspend-service.rc:7)
[  107.775380][    T1] init: processing action (init) from (/system/etc/init/audioserver.rc:66)
[  107.916376][    T1] init: Command 'mkdir /dev/socket/audioserver 0775 audioserver audioserver' action=init (/system/etc/init/audioserver.rc:67) took 108ms and succeeded
[  107.936377][    T1] init: processing action (init) from (/system/etc/init/perfetto.rc:163)
[  108.229020][    T1] init: Command 'setprop debug.renderengine.skia_tracing_enabled false' action=init (/system/etc/init/perfetto.rc:167) took 92ms and succeeded
[  108.317018][    T1] init: Command 'setprop debug.renderengine.skia_use_perfetto_track_events false' action=init (/system/etc/init/perfetto.rc:168) took 59ms and succeeded
[  108.382569][    T1] init: processing action (init) from (/vendor/etc/init/init.cutf_cvm.rc:23)
[  108.735767][    T1] init: Command 'write /sys/block/zram0/comp_algorithm lz4' action=init (/vendor/etc/init/init.cutf_cvm.rc:25) took 312ms and succeeded
[  109.044221][    T1] init: processing action (init) from (/apex/com.google.cf.vulkan/etc/com.google.cf.vulkan.rc:4)
[  109.069017][    T1] init: processing action (CopyRollbackLogs) from (<Builtin Action>:0)
[  109.078574][    T1] init: processing action (late-init) from (/system/etc/init/hw/init.rc:518)
[  109.096945][    T1] init: processing action (late-init) from (/system/etc/init/atrace.rc:3)
[  109.574496][    T1] init: Command 'copy /system/etc/ftrace_synthetic_events.conf /sys/kernel/tracing/synthetic_events' action=late-init (/system/etc/init/atrace.rc:290) took 98ms and succeeded
[  109.650352][    T1] init: processing action (ro.boot.fastboot.boottrace= && late-init) from (/system/etc/init/atrace.rc:309)
[  109.704446][    T1] init: processing action (queue_property_triggers) from (<Builtin Action>:0)
[  109.708693][    T1] init: processing action (early-fs) from (/system/etc/init/hw/init.rc:551)
[  109.743241][    T1] init: starting service 'vold'...
[  109.835438][    T1] libprocessgroup: Created cgroup /sys/fs/cgroup/system/uid_0/pid_428
[  109.950759][    T1] init: ... started service 'vold' has pid 428
[  109.955882][    T1] init: Command 'start vold' action=early-fs (/system/etc/init/hw/init.rc:553) took 232ms and succeeded
[  109.965291][    T1] init: processing action (fs) from (/system/etc/init/logd.rc:29)
[  110.075704][    T1] init: Command 'chmod 0644 /dev/event-log-tags' action=fs (/system/etc/init/logd.rc:32) took 61ms and succeeded
[  110.130691][    T1] init: processing action (fs) from (/system/etc/init/wifi.rc:25)
[  110.227383][    T1] init: Command 'setprop sys.wifitracing.started 0' action=fs (/system/etc/init/wifi.rc:26) took 72ms and succeeded
[  110.236475][    T1] init: processing action (fs) from (/vendor/etc/init/init.cutf_cvm.rc:48)
[  110.360461][    T1] init: Command 'mkdir <HOST_PATH> 0770 system system' action=fs (/vendor/etc/init/init.cutf_cvm.rc:49) took 119ms and succeeded
[  110.895588][    T1] init: [libfs_mgr] Invalid ext4 superblock on '/dev/block/by-name/metadata'
[  110.960194][    T1] init: [libfs_mgr] mount_with_alternatives(): skipping mount due to invalid magic, mountpoint=/metadata blk_dev=/dev/block/vda6 rec[7].fs_type=ext4
[  110.978856][    T1] init: [libfs_mgr] Invalid ext4 superblock on '/dev/block/by-name/metadata'
[  110.979704][    T1] init: [libfs_mgr] mount_with_alternatives(): skipping mount due to invalid magic, mountpoint=/metadata blk_dev=/dev/block/vda6 rec[8].fs_type=ext4
[  110.984749][    T1] init: [libfs_mgr] fs_mgr_mount_all(): /dev/block/vda6 is wiped and /metadata ext4 is formattable. Format it.
[  111.034575][    T1] init: [libfs_mgr] fs_mgr_do_format: Format /dev/block/by-name/metadata as 'ext4'
[  111.929376][    T1] mke2fs: mke2fs 1.47.2 (1-Jan-2025)
[  112.561374][    T1] mke2fs: Discarding device blocks:     0/16384           done                            
[  113.133253][    T1] mke2fs: Creating filesystem with 16384 4k blocks and 16384 inodes
[  113.178713][    T1] mke2fs: 
[  113.415806][    T1] mke2fs: Allocating group tables: 0/1   done                            
[  113.521070][    T1] mke2fs: Writing inode tables: 0/1   done                            
[  113.773361][    T1] mke2fs: Creating journal (1024 blocks): done
[  113.932527][    T1] mke2fs: Writing superblocks and filesystem accounting information: 0/1   done
[  113.986340][    T1] mke2fs: 
[  115.520815][  T428] hw-ProcessState: HwBinder is not supported on this device but this process is calling setThreadPoolConfiguration
[  115.863616][    T1] e2fsdroid: Created filesystem with 11/16384 inodes and 3081/16384 blocks
[  116.641553][  T428] libbinder.BackendUnifiedServiceManager: Thread Pool max thread count is 0. Cannot cache binder as linkToDeath cannot be implemented. serviceName: vold
[  116.673464][    T1] init: [libfs_mgr] superblock s_max_mnt_count:65535,/dev/block/by-name/metadata
[  116.966814][  T413] servicemanager: getDeviceHalManifest: Reading VINTF information.
[  117.028100][  T413] servicemanager: Loaded APEX Infos from /apex/apex-info-list.xml
[  117.054836][    T1] EXT4-fs mount: 22 callbacks suppressed
[  117.054895][    T1] EXT4-fs (vda6): mounted filesystem 4c7a4cdd-3ca2-4fbe-898a-0b78380e26ce r/w with ordered data mode. Quota mode: none.
[  117.084976][    T1] init: [libfs_mgr] check_fs(): mount(/dev/block/by-name/metadata,/metadata,ext4)=0: Success
[  117.203229][    T1] EXT4-fs (vda6): unmounting filesystem 4c7a4cdd-3ca2-4fbe-898a-0b78380e26ce.
[  117.362309][    T1] init: [libfs_mgr] umount_retry(): unmount(/metadata) succeeded
[  117.400279][  T413] servicemanager: Loaded APEX Infos from /apex/apex-info-list.xml
[  117.401868][  T413] servicemanager: getDeviceHalManifest: Successfully processed VINTF information
[  117.403057][  T413] servicemanager: getFrameworkHalManifest: Reading VINTF information.
[  117.431343][    T1] init: [libfs_mgr] Running /system/bin/e2fsck on /dev/block/vda6
[  117.432446][  T413] servicemanager: Loaded APEX Infos from /apex/apex-info-list.xml
[  117.497261][  T413] servicemanager: getFrameworkHalManifest: Successfully processed VINTF information
[  117.533349][  T413] servicemanager: Caller(pid=428,uid=0,sid=u:r:vold:s0) Found android.system.vold.IVold/default in framework VINTF manifest.
[  117.649722][  T413] servicemanager: Caller(pid=428,uid=0,sid=u:r:vold:s0) Found android.system.vold.IVold/default in framework VINTF manifest.
[  118.940217][    T1] e2fsck: /dev/block/by-name/metadata: clean, 11/16384 files, 3081/16384 blocks
[  119.051617][    T1] init: [libfs_mgr] fsck on /metadata took 2342ms
[  119.064423][    T1] init: [libfs_mgr] superblock s_max_mnt_count:65535,/dev/block/by-name/metadata
[  119.153879][    T1] init: [libfs_mgr] Enabling ext4 verity on /dev/block/by-name/metadata
[  119.641011][    T1] tune2fs: tune2fs 1.47.2 (1-Jan-2025)
[  120.102411][    T1] EXT4-fs (vda6): mounted filesystem 4c7a4cdd-3ca2-4fbe-898a-0b78380e26ce r/w with ordered data mode. Quota mode: none.
[  120.135510][    T1] init: [libfs_mgr] __mount(source=/dev/block/by-name/metadata,target=/metadata,type=ext4)=0: Success
[  120.177051][    T1] init: [libfs_mgr] mount_with_alternatives(): skipping fstab dup mountpoint=/metadata rec[8].fs_type=ext4 already mounted as ext4
[  120.538915][    T1] virtio-fs: tag <shared> not found
[  120.568594][    T1] init: [libfs_mgr] __mount(source=shared,target=<HOST_PATH>,type=virtiofs)=-1: Invalid argument
[  120.622000][    T1] init: [libfs_mgr] fsck on <HOST_PATH> took 46ms
[  120.632794][    T1] virtio-fs: tag <shared> not found
[  120.633828][    T1] init: [libfs_mgr] __mount(source=shared,target=<HOST_PATH>,type=virtiofs)=-1: Invalid argument
[  120.639162][    T1] init: [libfs_mgr] Ignoring failure to mount an un-encryptable, interrupted, or wiped partition on shared at <HOST_PATH> options: : No such file or directory
[  120.647814][    T1] init: Command 'mount_all --early' action=fs (/vendor/etc/init/init.cutf_cvm.rc:52) took 10278ms and succeeded
[  120.792709][    T1] init: processing action (post-fs) from (/system/etc/init/hw/init.rc:555)
[  120.802891][    T1] init: starting service 'exec 4 (/system/bin/vdc checkpoint markBootAttempt)'...
[  120.892400][    T1] libprocessgroup: Created cgroup /sys/fs/cgroup/system/uid_1000/pid_442
[  120.924184][    T1] init: ... started service 'exec 4 (/system/bin/vdc checkpoint markBootAttempt)' has pid 442
[  120.925485][    T1] init: SVC_EXEC service 'exec 4 (/system/bin/vdc checkpoint markBootAttempt)' pid 442 (uid 1000 gid 1000+0 context default) started; waiting...
[  120.927178][    T1] init: Command 'exec - system system -- /system/bin/vdc checkpoint markBootAttempt' action=post-fs (/system/etc/init/hw/init.rc:556) took 132ms and succeeded
[  121.184344][  T442] libbinder.BackendUnifiedServiceManager: Thread Pool max thread count is 0. Cannot cache binder as linkToDeath cannot be implemented. serviceName: vold
[  121.353372][    T1] init: Service 'exec 4 (/system/bin/vdc checkpoint markBootAttempt)' (pid 442) exited with status 0 waiting took 0.473000 seconds
[  121.356336][    T1] init: Sending SIGKILL to service 'exec 4 (/system/bin/vdc checkpoint markBootAttempt)' (pid 442) process group...
[  121.383901][    T1] libprocessgroup: Removed cgroup /sys/fs/cgroup/system/uid_1000/pid_442
[  121.542371][    T1] init: Command 'chown system cache /cache' action=post-fs (/system/etc/init/hw/init.rc:571) took 3ms and failed: lchown() failed: Read-only file system
[  121.544301][    T1] init: Command 'chmod 0770 /cache' action=post-fs (/system/etc/init/hw/init.rc:572) took 0ms and failed: fchmodat() failed: Read-only file system
[  121.720698][    T1] init: Command 'restorecon_recursive /metadata' action=post-fs (/system/etc/init/hw/init.rc:611) took 146ms and succeeded
[  121.916937][    T1] init: Command 'mkdir /metadata/vold' action=post-fs (/system/etc/init/hw/init.rc:612) took 187ms and succeeded
[  121.999849][    T1] init: processing action (post-fs) from (/system/etc/init/aconfigd.rc:33)
[  122.010651][    T1] init: starting service 'system_aconfigd_platform_init'...
[  122.088169][    T1] libprocessgroup: Created cgroup /sys/fs/cgroup/system/uid_1000/pid_443
[  122.155956][    T1] init: ... started service 'system_aconfigd_platform_init' has pid 443
[  122.159266][    T1] init: SVC_EXEC service 'system_aconfigd_platform_init' pid 443 (uid 1000 gid 1000+0 context default) started; waiting...
[  122.165773][    T1] init: Command 'exec_start system_aconfigd_platform_init' action=post-fs (/system/etc/init/aconfigd.rc:38) took 160ms and succeeded
[  123.266597][    T1] init: Service 'system_aconfigd_platform_init' (pid 443) exited with status 0 waiting took 1.189000 seconds
[  123.271461][    T1] init: Sending SIGKILL to service 'system_aconfigd_platform_init' (pid 443) process group...
[  123.299955][    T1] libprocessgroup: Removed cgroup /sys/fs/cgroup/system/uid_1000/pid_443
[  123.349377][    T1] init: processing action (post-fs) from (/system/etc/init/atrace_userdebug.rc:7)
[  123.375608][    T1] init: processing action (post-fs) from (/system/etc/init/gsid.rc:8)
[  123.397381][    T1] init: processing action (post-fs) from (/system/etc/init/recovery-refresh.rc:1)
[  123.416491][    T1] init: starting service 'exec 5 (/system/bin/recovery-refresh)'...
[  123.482476][    T1] libprocessgroup: Created cgroup /sys/fs/cgroup/system/uid_1000/pid_444
[  123.510394][    T1] init: ... started service 'exec 5 (/system/bin/recovery-refresh)' has pid 444
[  123.515455][    T1] init: Command 'exec_background - system log -- /system/bin/recovery-refresh' action=post-fs (/system/etc/init/recovery-refresh.rc:2) took 115ms and succeeded
[  123.523855][    T1] init: processing action (late-fs) from (/system/etc/init/hw/init.rc:635)
[  123.531977][    T1] init: starting service 'system_suspend'...
[  123.566335][    T1] libprocessgroup: Created cgroup /sys/fs/cgroup/system/uid_1000/pid_445
[  123.625874][    T1] init: ... started service 'system_suspend' has pid 445
[  123.635715][    T1] init: starting service 'keystore2'...
[  123.666877][    T1] libprocessgroup: Created cgroup /sys/fs/cgroup/system/uid_1017
[  123.707423][    T1] libprocessgroup: Created cgroup /sys/fs/cgroup/system/uid_1017/pid_446
[  123.759806][    T1] init: ... started service 'keystore2' has pid 446
[  123.771492][    T1] init: starting service 'suspend_blocker'...
[  124.030086][    T1] libprocessgroup: Created cgroup /sys/fs/cgroup/system/uid_0/pid_447
[  124.206508][    T1] init: ... started service 'suspend_blocker' has pid 447
[  124.460787][    T1] init: starting service 'vendor.boot-default'...
[  124.714519][    T1] libprocessgroup: Created cgroup /sys/fs/cgroup/system/uid_0/pid_449
[  125.204546][  T413] servicemanager: Caller(pid=445,uid=1000,sid=u:r:system_suspend:s0) Found android.system.suspend.ISystemSuspend/default in framework VINTF manifest.
[  125.327766][    T1] init: ... started service 'vendor.boot-default' has pid 449
[  125.422531][    T1] init: starting service 'vendor.gatekeeper_nonsecure'...
[  125.536852][    T1] libprocessgroup: Created cgroup /sys/fs/cgroup/system/uid_1000/pid_451
[  125.619418][    T1] init: ... started service 'vendor.gatekeeper_nonsecure' has pid 451
[  125.795550][    T1] init: starting service 'vendor.keymint-default'...
[  126.280907][    T1] libprocessgroup: Created cgroup /sys/fs/cgroup/system/uid_9999/pid_452
[  126.460406][  T413] servicemanager: Caller(pid=447,uid=0,sid=u:r:suspend_blocker:s0) Found android.system.suspend.ISystemSuspend/default in framework VINTF manifest.
[  126.634602][    T1] init: ... started service 'vendor.keymint-default' has pid 452
[  126.656059][    T1] init: Command 'class_start early_hal' action=late-fs (/system/etc/init/hw/init.rc:642) took 3123ms and succeeded
[  126.680800][    T1] init: Service 'exec 5 (/system/bin/recovery-refresh)' (pid 444) exited with status 254 oneshot service took 3.205000 seconds in background
[  126.688654][    T1] init: Sending SIGKILL to service 'exec 5 (/system/bin/recovery-refresh)' (pid 444) process group...
[  126.793788][    T1] libprocessgroup: Removed cgroup /sys/fs/cgroup/system/uid_1000/pid_444
[  126.832261][    T1] init: processing action (late-fs) from (/system/etc/init/hw/init.rc:649)
[  127.144621][    T1] init: Command 'setprop bootreceiver.enable ${bootreceiver.enable:-1}' action=late-fs (/system/etc/init/hw/init.rc:651) took 131ms and succeeded
[  127.337767][    T1] init: processing action (late-fs) from (/vendor/etc/init/init.cutf_cvm.rc:71)
[  127.939542][    T1] init: Calling: /system/bin/vdc checkpoint needsCheckpoint
[  128.217786][  T449] android.hardware.boot-service.default: [libfstab] Using Android DT directory /proc/device-tree/firmware/android/
[  128.798761][  T413] servicemanager: Caller(pid=449,uid=0,sid=u:r:hal_bootctl_default:s0) Found android.hardware.boot.IBootControl/default in device VINTF manifest.
[  128.816035][  T449] libbinder.BackendUnifiedServiceManager: Thread Pool max thread count is 0. Cannot cache binder as linkToDeath cannot be implemented. serviceName: android.hardware.boot.IBootControl/default
[  128.824816][  T449] android.hardware.boot-service.default: IBootControl AIDL service running...
[  128.986530][  T453] libbinder.BackendUnifiedServiceManager: Thread Pool max thread count is 0. Cannot cache binder as linkToDeath cannot be implemented. serviceName: vold
[  129.192986][  T413] servicemanager: Caller(pid=428,uid=0,sid=u:r:vold:s0) Found android.hardware.boot.IBootControl/default in device VINTF manifest.
[  129.877993][    T1] vdc: vdc terminated by exit(1)
[  129.892871][    T1] vdc: 
[  130.211775][    T1] init: [libfs_mgr] Running /system/bin/fsck.f2fs -a -c 10000 --debug-cache /dev/block/by-name/userdata
[  133.332349][    T1] fsck.f2fs: Info: Automatic fix mode enabled.
[  134.249064][    T1] fsck.f2fs: Info: not exist /proc/version!
[  134.311964][    T1] fsck.f2fs: Info: MKFS version
[  134.332635][    T1] fsck.f2fs:   "6.17.0-1008-gcp"
[  134.352172][    T1] fsck.f2fs: Info: FSCK version
[  134.365667][    T1] fsck.f2fs:   from "6.17.0-1008-gcp"
[  134.367424][    T1] fsck.f2fs:     to "6.12.74-android16-6-g3ec022196c4e-ab15076761-4k"
[  134.370909][    T1] fsck.f2fs: Info: superblock features = 3499 :  encrypt extra_attr project_quota quota verity casefold compression
[  134.429342][    T1] fsck.f2fs: Info: superblock encrypt level = 0, salt = 00000000000000000000000000000000
[  134.433002][    T1] fsck.f2fs: Info: Segments per section = 1
[  134.454921][    T1] fsck.f2fs: Info: Sections per zone = 1
[  134.460037][    T1] fsck.f2fs: Info: total FS sectors = 16777216 (8192 MB)
[  134.576026][    T1] fsck.f2fs: Info: CKPT version = 7847aff1
[  134.617967][    T1] fsck.f2fs: Info: Casefold: linear_lookup [disable]
[  134.743798][    T1] fsck.f2fs: Info: version timestamp cur: 0, prev: 0
[  134.791006][    T1] fsck.f2fs: [update_superblock: 935] Info: Done to update superblock
[  135.020752][    T1] fsck.f2fs: Info: checkpoint state = 81 :  nat_bits unmount
[  135.139280][    T1] fsck.f2fs: Info: No error was reported
[  135.145826][    T1] fsck.f2fs: 
[  135.148208][    T1] fsck.f2fs: c, u, RA, CH, CM, Repl=
[  135.158563][    T1] fsck.f2fs: 10000 10 10 0 10 0
[  135.716335][    T1] init: [libfs_mgr] fsck on /data took 5556ms
[  135.830084][    T1] init: Mount point /dev/block/by-name/userdata @ /data uses metadata encryption, which means we need to unmount it later and call encryptFstab/encrypt_inplace. To avoid file operations before encryption, we will mount it as read-only first
[  136.097325][    T1] F2FS-fs (vda9): Using encoding defined by superblock: utf8-12.1.0 with flags 0x2
[  136.970884][    T1] F2FS-fs (vda9): checkpoint=disable on readonly fs
[  137.560388][    T1] init: [libfs_mgr] Kernel does not support ,nodiscard,checkpoint=disable:0%, trying without.: Invalid argument
[  137.833226][    T1] F2FS-fs (vda9): Using encoding defined by superblock: utf8-12.1.0 with flags 0x2
[  138.561636][    T1] F2FS-fs (vda9): checkpoint=disable on readonly fs
[  138.907015][    T1] init: [libfs_mgr] Kernel does not support ,nodiscard,checkpoint=disable, trying without.: Invalid argument
[  139.009184][    T1] F2FS-fs (vda9): Using encoding defined by superblock: utf8-12.1.0 with flags 0x2
[  139.792071][  T413] servicemanager: Caller(pid=451,uid=1000,sid=u:r:hal_gatekeeper_default:s0) Found android.hardware.security.sharedsecret.ISharedSecret/gatekeeper in device VINTF manifest.
[  139.952760][    T1] F2FS-fs (vda9): Mounted with checkpoint version = 7847aff1
[  140.118692][    T1] init: [libfs_mgr] __mount(source=/dev/block/by-name/userdata,target=/data,type=f2fs)=0: Success
[  140.130827][  T451] libbinder.BackendUnifiedServiceManager: Thread Pool max thread count is 0. Cannot cache binder as linkToDeath cannot be implemented. serviceName: android.hardware.security.sharedsecret.ISharedSecret/gatekeeper
[  140.398564][    T1] init: [libfs_mgr] mount_with_alternatives(): skipping fstab dup mountpoint=/data rec[6].fs_type=ext4 already mounted as f2fs
[  140.417039][  T413] servicemanager: Caller(pid=451,uid=1000,sid=u:r:hal_gatekeeper_default:s0) Found android.hardware.gatekeeper.IGatekeeper/default in device VINTF manifest.
[  140.429448][  T451] libbinder.BackendUnifiedServiceManager: Thread Pool max thread count is 0. Cannot cache binder as linkToDeath cannot be implemented. serviceName: android.hardware.gatekeeper.IGatekeeper/default
[  140.439004][  T413] servicemanager: Caller(pid=452,uid=9999,sid=u:r:hal_keymint_default:s0) Found android.hardware.security.keymint.IKeyMintDevice/default in device VINTF manifest.
[  140.846479][    T1] init: [libfs_mgr] umount_retry(): unmount(/data) succeeded
[  140.896888][    T1] init: Calling: /system/bin/vdc cryptfs encryptFstab /dev/block/by-name/userdata /data false f2fs false 0  
[  141.076818][  T413] servicemanager: Caller(pid=452,uid=9999,sid=u:r:hal_keymint_default:s0) Found android.hardware.security.keymint.IRemotelyProvisionedComponent/default in device VINTF manifest.
[  141.447905][  T413] servicemanager: Caller(pid=452,uid=9999,sid=u:r:hal_keymint_default:s0) Found android.hardware.security.secureclock.ISecureClock/default in device VINTF manifest.
[  141.846434][  T413] servicemanager: Caller(pid=452,uid=9999,sid=u:r:hal_keymint_default:s0) Found android.hardware.security.sharedsecret.ISharedSecret/default in device VINTF manifest.
[  143.038675][  T451] android.hardware.gatekeeper-service.nonsecure: Presented shared secret parameters with seed size 32 and nonce size 32
[  143.307521][  T413] servicemanager: Caller(pid=446,uid=1017,sid=u:r:keystore:s0) Found android.system.keystore2.IKeystoreService/default in framework VINTF manifest.
[  143.587627][  T451] android.hardware.gatekeeper-service.nonsecure: Computing shared secret
[  144.338467][  T463] libbinder.BackendUnifiedServiceManager: Thread Pool max thread count is 0. Cannot cache binder as linkToDeath cannot be implemented. serviceName: vold
[  145.731478][  T428] vold: keystore2 Keystore generateKey returned service specific error: -67
[  145.734761][  T428] vold: Failed to generate rollback-resistant key.  This is expected if keystore doesn't support rollback resistance.  Falling back to non-rollback-resistant key.
[  149.758721][  T428] fsck.f2fs: Info: Automatic fix mode enabled.
[  149.816309][  T428] fsck.f2fs: Info: not exist /proc/version!
[  149.824852][  T428] fsck.f2fs: Info: MKFS version
[  149.825061][  T428] fsck.f2fs:   "6.17.0-1008-gcp"
[  149.825399][  T428] fsck.f2fs: Info: FSCK version
[  149.825827][  T428] fsck.f2fs:   from "6.12.74-android16-6-g3ec022196c4e-ab15076761-4k"
[  149.826803][  T428] fsck.f2fs:     to "6.12.74-android16-6-g3ec022196c4e-ab15076761-4k"
[  149.827395][  T428] fsck.f2fs: Info: superblock features = 3499 :  encrypt extra_attr project_quota quota verity casefold compression
[  149.828740][  T428] fsck.f2fs: Info: superblock encrypt level = 0, salt = 00000000000000000000000000000000
[  149.829149][  T428] fsck.f2fs: [update_superblock: 935] Info: Done to update superblock
[  149.835331][  T428] fsck.f2fs: Info: Segments per section = 1
[  149.835621][  T428] fsck.f2fs: Info: Sections per zone = 1
[  149.835825][  T428] fsck.f2fs: Info: total FS sectors = 2097152 (8192 MB)
[  149.836557][  T428] fsck.f2fs: Info: CKPT version = 7847aff1
[  149.836994][  T428] fsck.f2fs: Info: Casefold: linear_lookup [disable]
[  149.837565][  T428] fsck.f2fs: Info: version timestamp cur: 0, prev: 0
[  149.839614][  T428] fsck.f2fs: [update_superblock: 935] Info: Done to update superblock
[  149.841781][  T428] fsck.f2fs: Info: checkpoint state = 81 :  nat_bits unmount
[  149.843299][  T428] fsck.f2fs: Info: No error was reported
[  149.843505][  T428] fsck.f2fs: 
[  149.843877][  T428] fsck.f2fs: c, u, RA, CH, CM, Repl=
[  149.844187][  T428] fsck.f2fs: 10000 10 10 0 10 0
[  149.870423][  T117] init: Unable to set property 'ro.boottime.init.fsck.data' from uid:0 gid:0 pid:428: Read-only property was already set
[  149.936341][  T428] F2FS-fs (dm-17): Using encoding defined by superblock: utf8-12.1.0 with flags 0x2
[  150.083700][  T428] F2FS-fs (dm-17): Start checkpoint disabled!
[  150.173558][  T428] F2FS-fs (dm-17): f2fs_disable_checkpoint() finish, err:0
[  150.185222][  T428] F2FS-fs (dm-17): Mounted with checkpoint version = 7847aff2
[  150.219601][  T117] init: Unable to set property 'ro.boottime.init.mount.data' from uid:0 gid:0 pid:428: Read-only property was already set
[  150.291200][  T428] libbinder.Binder: Binder transaction to android.os.IVold, function: encryptFstab, code: 41, took 5846ms. Data bytes: 168 Reply bytes: 4 Flags: 48
[  150.572018][    T1] init: Command 'mount_all --late' action=late-fs (/vendor/etc/init/init.cutf_cvm.rc:73) took 23188ms and succeeded
[  150.712309][  T118] GUEST_BUILD_FINGERPRINT: generic/aosp_cf_arm64_only_phone/vsoc_arm64_only:17/CP2A.260605.016/16373615:userdebug/test-keys
[  150.715078][    T1] init: processing action (post-fs-data) from (/system/etc/init/hw/init.rc:663)
[  150.722787][    T1] init: starting service 'exec 6 (/system/bin/vdc checkpoint prepareCheckpoint)'...
[  150.806862][    T1] libprocessgroup: Created cgroup /sys/fs/cgroup/system/uid_1000/pid_476
[  150.847141][    T1] init: ... started service 'exec 6 (/system/bin/vdc checkpoint prepareCheckpoint)' has pid 476
[  150.848815][    T1] init: SVC_EXEC service 'exec 6 (/system/bin/vdc checkpoint prepareCheckpoint)' pid 476 (uid 1000 gid 1000+0 context default) started; waiting...
[  150.850100][    T1] init: Command 'exec - system system -- /system/bin/vdc checkpoint prepareCheckpoint' action=post-fs-data (/system/etc/init/hw/init.rc:666) took 133ms and succeeded
[  151.042902][  T476] libbinder.BackendUnifiedServiceManager: Thread Pool max thread count is 0. Cannot cache binder as linkToDeath cannot be implemented. serviceName: vold
[  151.229851][    T1] init: Service 'exec 6 (/system/bin/vdc checkpoint prepareCheckpoint)' (pid 476) exited with status 0 waiting took 0.435000 seconds
[  151.247738][    T1] init: Sending SIGKILL to service 'exec 6 (/system/bin/vdc checkpoint prepareCheckpoint)' (pid 476) process group...
[  151.266773][    T1] libprocessgroup: Removed cgroup /sys/fs/cgroup/system/uid_1000/pid_476
[  151.464913][    T1] init: starting service 'exec 7 (/system/bin/vdc --wait cryptfs enablefilecrypto)'...
[  151.571753][    T1] libprocessgroup: Created cgroup /sys/fs/cgroup/system/uid_0/pid_478
[  151.597318][    T1] init: ... started service 'exec 7 (/system/bin/vdc --wait cryptfs enablefilecrypto)' has pid 478
[  151.604308][    T1] init: SVC_EXEC service 'exec 7 (/system/bin/vdc --wait cryptfs enablefilecrypto)' pid 478 (uid 0 gid 0+0 context default) started; waiting...
[  151.612791][    T1] init: Command 'installkey /data' action=post-fs-data (/system/etc/init/hw/init.rc:675) took 246ms and succeeded
[  151.864308][  T478] libbinder.BackendUnifiedServiceManager: Thread Pool max thread count is 0. Cannot cache binder as linkToDeath cannot be implemented. serviceName: vold
[  152.111367][  T428] vold: keystore2 Keystore generateKey returned service specific error: -67
[  152.115121][  T428] vold: Failed to generate rollback-resistant key.  This is expected if keystore doesn't support rollback resistance.  Falling back to non-rollback-resistant key.
[  152.414543][    T1] init: Service 'exec 7 (/system/bin/vdc --wait cryptfs enablefilecrypto)' (pid 478) exited with status 0 waiting took 0.861000 seconds
[  152.422199][    T1] init: Sending SIGKILL to service 'exec 7 (/system/bin/vdc --wait cryptfs enablefilecrypto)' (pid 478) process group...
[  152.436985][    T1] libprocessgroup: Removed cgroup /sys/fs/cgroup/system/uid_0/pid_478
[  152.562738][    T1] init: Encryption policy of /data/bootchart set to 405454806034d5c29cb0398a381abefd v2 modes 1/10 flags 0xa
[  152.570982][    T1] init: Command 'mkdir /data/bootchart 0755 shell shell encryption=Require' action=post-fs-data (/system/etc/init/hw/init.rc:679) took 126ms and succeeded
[  152.620967][    T1] fscrypt: AES-256-HCTR2 using implementation "hctr2_base(xctr-aes-ce,polyval-ce)"
[  152.642406][    T1] init: Command 'copy /data/system/entropy.dat /dev/urandom' action=post-fs-data (/system/etc/init/hw/init.rc:683) took 5ms and failed: Could not read input file '/data/system/entropy.dat': open() failed: No such file or directory
[  152.670104][    T1] init: Encryption policy of /data/vendor set to 405454806034d5c29cb0398a381abefd v2 modes 1/10 flags 0xa
[  152.675496][    T1] init: Encryption policy of /data/anr set to 405454806034d5c29cb0398a381abefd v2 modes 1/10 flags 0xa
[  152.677566][    T1] init: Encryption policy of /data/tombstones set to 405454806034d5c29cb0398a381abefd v2 modes 1/10 flags 0xa
[  152.691262][    T1] init: starting service 'tombstoned'...
[  152.700793][    T1] init: Created socket '/dev/socket/tombstoned_crash', mode 666, user 1000, group 1000
[  152.702454][    T1] init: Created socket '/dev/socket/tombstoned_intercept', mode 666, user 1000, group 1000
[  152.703722][    T1] init: Created socket '/dev/socket/tombstoned_java_trace', mode 666, user 1000, group 1000
[  152.770916][    T1] libprocessgroup: Created cgroup /sys/fs/cgroup/system/uid_1058
[  152.788954][    T1] libprocessgroup: Created cgroup /sys/fs/cgroup/system/uid_1058/pid_481
[  152.854448][    T1] init: ... started service 'tombstoned' has pid 481
[  152.858442][    T1] init: Command 'start tombstoned' action=post-fs-data (/system/etc/init/hw/init.rc:693) took 176ms and succeeded
[  152.865203][    T1] init: Command 'enter_default_mount_ns' action=post-fs-data (/system/etc/init/hw/init.rc:696) took 0ms and failed: Failed to switch to default mount namespace.: Invalid argument
[  152.868447][    T1] init: Encryption policy of /data/misc set to 405454806034d5c29cb0398a381abefd v2 modes 1/10 flags 0xa
[  152.884142][    T1] init: starting service 'exec 8 (/system/bin/vdc keymaster earlyBootEnded)'...
[  152.944872][    T1] libprocessgroup: Created cgroup /sys/fs/cgroup/system/uid_1000/pid_482
[  152.995845][    T1] init: ... started service 'exec 8 (/system/bin/vdc keymaster earlyBootEnded)' has pid 482
[  152.999524][    T1] init: SVC_EXEC service 'exec 8 (/system/bin/vdc keymaster earlyBootEnded)' pid 482 (uid 1000 gid 1000+0 context default) started; waiting...
[  153.006502][    T1] init: Command 'exec - system system -- /system/bin/vdc keymaster earlyBootEnded' action=post-fs-data (/system/etc/init/hw/init.rc:715) took 128ms and succeeded
[  153.432054][  T482] libbinder.BackendUnifiedServiceManager: Thread Pool max thread count is 0. Cannot cache binder as linkToDeath cannot be implemented. serviceName: vold
[  154.716585][  T474] fscrypt: AES-256-XTS using blk-crypto-fallback
[  156.896487][  T428] libbinder.Binder: Binder transaction to android.os.IVold, function: earlyBootEnded, code: 68, took 3410ms. Data bytes: 52 Reply bytes: 4 Flags: 48
[  156.974711][    T1] init: Service 'exec 8 (/system/bin/vdc keymaster earlyBootEnded)' (pid 482) exited with status 0 waiting took 4.024000 seconds
[  156.976068][    T1] init: Sending SIGKILL to service 'exec 8 (/system/bin/vdc keymaster earlyBootEnded)' (pid 482) process group...
[  156.994040][    T1] libprocessgroup: Removed cgroup /sys/fs/cgroup/system/uid_1000/pid_482
[  157.065896][    T1] init: Encryption policy of /data/property set to 405454806034d5c29cb0398a381abefd v2 modes 1/10 flags 0xa
[  157.067021][    T1] init: Command 'mkdir /data/property 0700 root root encryption=Require' action=post-fs-data (/system/etc/init/hw/init.rc:721) took 66ms and succeeded
[  157.126002][  T116] init: Could not load single persistent property file, trying legacy directory: Unable to read persistent property file: open() failed: No such file or directory
[  157.187956][  T116] init: Wait for property 'ro.persistent_properties.ready=true' took 94ms
[  157.205090][    T1] init: starting service 'logd-reinit'...
[  157.291502][    T1] libprocessgroup: Created cgroup /sys/fs/cgroup/system/uid_1036/pid_485
[  157.357081][    T1] init: ... started service 'logd-reinit' has pid 485
[  157.369818][    T1] init: Command 'start logd-reinit' action=post-fs-data (/system/etc/init/hw/init.rc:724) took 172ms and succeeded
[  157.387743][    T1] init: Not setting encryption policy on: /data/apex
[  157.429389][    T1] init: Encryption policy of /data/apex/decompressed set to 405454806034d5c29cb0398a381abefd v2 modes 1/10 flags 0xa
[  157.436035][    T1] init: Encryption policy of /data/app-staging set to 405454806034d5c29cb0398a381abefd v2 modes 1/10 flags 0xa
[  157.445399][    T1] init: Encryption policy of /data/apex/ota_reserved set to 405454806034d5c29cb0398a381abefd v2 modes 1/10 flags 0xa
[  157.532256][    T1] init: starting service 'apexd'...
[  157.655451][    T1] libprocessgroup: Created cgroup /sys/fs/cgroup/system/uid_0/pid_486
[  157.760638][    T1] init: ... started service 'apexd' has pid 486
[  157.778581][    T1] init: Command 'restart apexd' action=post-fs-data (/system/etc/init/hw/init.rc:751) took 310ms and succeeded
[  157.865059][  T424] logd: logd reinit
[  157.899449][  T424] logd: Cannot read /data/misc/logd/event-log-tags
[  157.938692][    T1] init: Command 'mkdir /data/misc/recovery 0770 system log' action=post-fs-data (/system/etc/init/hw/init.rc:754) took 122ms and succeeded
[  157.964922][  T424] logd: FrameworkListener: read() failed (Connection reset by peer)
[  157.989110][    T1] init: Service 'logd-reinit' (pid 485) exited with status 0 oneshot service took 0.714000 seconds in background
[  157.994130][    T1] init: Sending SIGKILL to service 'logd-reinit' (pid 485) process group...
[  158.008742][    T1] libprocessgroup: Removed cgroup /sys/fs/cgroup/system/uid_1036/pid_485
[  158.065761][    T1] init: Command 'copy /data/misc/recovery/ro.build.fingerprint /data/misc/recovery/ro.build.fingerprint.1' action=post-fs-data (/system/etc/init/hw/init.rc:755) took 1ms and failed: Could not read input file '/data/misc/recovery/ro.build.fingerprint': open() failed: No such file or directory
[  158.083423][    T1] init: Command 'copy /data/misc/recovery/proc/version /data/misc/recovery/proc/version.1' action=post-fs-data (/system/etc/init/hw/init.rc:762) took 0ms and failed: Could not read input file '/data/misc/recovery/proc/version': open() failed: No such file or directory
[  158.184022][    T1] init: Encryption policy of /data/local set to 405454806034d5c29cb0398a381abefd v2 modes 1/10 flags 0xa
[  158.276557][    T1] init: starting service 'exec 9 (/bin/rm -rf /data/misc/virtualizationservice)'...
[  158.342819][  T486] apexd: Started. subcommand = (null)
[  158.381111][    T1] libprocessgroup: Created cgroup /sys/fs/cgroup/system/uid_1081
[  158.403800][    T1] libprocessgroup: Created cgroup /sys/fs/cgroup/system/uid_1081/pid_487
[  158.424482][  T486] libbinder.BackendUnifiedServiceManager: Thread Pool max thread count is 0. Cannot cache binder as linkToDeath cannot be implemented. serviceName: vold
[  158.561016][    T1] init: ... started service 'exec 9 (/bin/rm -rf /data/misc/virtualizationservice)' has pid 487
[  158.580386][    T1] init: SVC_EXEC service 'exec 9 (/bin/rm -rf /data/misc/virtualizationservice)' pid 487 (uid 1081 gid 1000+0 context default) started; waiting...
[  158.585681][  T486] apexd: Scanning /system/apex for pre-installed ApexFiles
[  158.595565][    T1] init: Command 'exec - virtualizationservice system -- /bin/rm -rf /data/misc/virtualizationservice' action=post-fs-data (/system/etc/init/hw/init.rc:844) took 329ms and succeeded
[  158.622812][  T486] apexd: Found pre-installed APEX /system/apex/com.android.adbd.apex
[  158.625406][  T486] apexd: Found pre-installed APEX /system/apex/com.android.adservices.apex
[  158.626158][  T486] apexd: Found pre-installed APEX /system/apex/com.android.apex.cts.shim.apex
[  158.626638][  T486] apexd: Found pre-installed APEX /system/apex/com.android.appsearch.apex
[  158.627026][  T486] apexd: Found pre-installed APEX /system/apex/com.android.art.apex
[  158.627486][  T486] apexd: Found pre-installed APEX /system/apex/com.android.bt.apex
[  158.627890][  T486] apexd: Found pre-installed APEX /system/apex/com.android.cellbroadcast.apex
[  158.628391][  T486] apexd: Found pre-installed APEX /system/apex/com.android.configinfrastructure.apex
[  158.628841][  T486] apexd: Found pre-installed APEX /system/apex/com.android.conscrypt.apex
[  158.629429][  T486] apexd: Found pre-installed APEX /system/apex/com.android.crashrecovery.apex
[  158.630098][  T486] apexd: Found pre-installed APEX /system/apex/com.android.devicelock.apex
[  158.630633][  T486] apexd: Found pre-installed APEX /system/apex/com.android.extservices.apex
[  158.631017][  T486] apexd: Found pre-installed APEX /system/apex/com.android.healthfitness.apex
[  158.631487][  T486] apexd: Found pre-installed APEX /system/apex/com.android.i18n.apex
[  158.631865][  T486] apexd: Found pre-installed APEX /system/apex/com.android.ipsec.apex
[  158.632315][  T486] apexd: Found pre-installed APEX /system/apex/com.android.media.apex
[  158.632778][  T486] apexd: Found pre-installed APEX /system/apex/com.android.media.swcodec.apex
[  158.633434][  T486] apexd: Found pre-installed APEX /system/apex/com.android.mediaprovider.apex
[  158.634004][  T486] apexd: Found pre-installed APEX /system/apex/com.android.neuralnetworks.apex
[  158.634651][  T486] apexd: Found pre-installed APEX /system/apex/com.android.nfcservices.apex
[  158.635054][  T486] apexd: Found pre-installed APEX /system/apex/com.android.npumanager.apex
[  158.635591][  T486] apexd: Found pre-installed APEX /system/apex/com.android.ondevicepersonalization.apex
[  158.636026][  T486] apexd: Found pre-installed APEX /system/apex/com.android.os.statsd.apex
[  158.636427][  T486] apexd: Found pre-installed APEX /system/apex/com.android.permission.apex
[  158.636852][  T486] apexd: Found pre-installed APEX /system/apex/com.android.profiling.apex
[  158.637269][  T486] apexd: Found pre-installed APEX /system/apex/com.android.resolv.apex
[  158.637769][  T486] apexd: Found pre-installed APEX /system/apex/com.android.rkpd.apex
[  158.638026][  T486] apexd: Found pre-installed APEX /system/apex/com.android.runtime.apex
[  158.638459][  T486] apexd: Found pre-installed APEX /system/apex/com.android.scheduling.apex
[  158.638883][  T486] apexd: Found pre-installed APEX /system/apex/com.android.sdkext.apex
[  158.639307][  T486] apexd: Found pre-installed APEX /system/apex/com.android.telephonycore.apex
[  158.639716][  T486] apexd: Found pre-installed APEX /system/apex/com.android.tethering.apex
[  158.640202][  T486] apexd: Found pre-installed APEX /system/apex/com.android.tzdata.apex
[  158.641727][  T486] apexd: Found pre-installed APEX /system/apex/com.android.uprobestats.apex
[  158.646245][  T486] apexd: Found pre-installed APEX /system/apex/com.android.uwb.apex
[  158.653676][  T486] apexd: Found pre-installed APEX /system/apex/com.android.virt.apex
[  158.665329][  T486] apexd: Found pre-installed APEX /system/apex/com.android.webapp.apex
[  158.673223][  T486] apexd: Found pre-installed APEX /system/apex/com.android.wifi.apex
[  158.684328][  T486] apexd: Scanning /system_ext/apex for pre-installed ApexFiles
[  158.693809][  T486] apexd: Found pre-installed APEX /system_ext/apex/com.android.compos.apex
[  158.699352][  T486] apexd: Found pre-installed APEX /system_ext/apex/com.android.hardware.biometrics.face.virtual.apex
[  158.703115][  T486] apexd: Found pre-installed APEX /system_ext/apex/com.android.hardware.biometrics.fingerprint.virtual.apex
[  158.703836][  T486] apexd: Found pre-installed APEX /system_ext/apex/com.android.vndk.v31.apex
[  158.704299][  T486] apexd: Found pre-installed APEX /system_ext/apex/com.android.vndk.v32.apex
[  158.704671][  T486] apexd: Found pre-installed APEX /system_ext/apex/com.android.vndk.v33.apex
[  158.705338][  T486] apexd: Found pre-installed APEX /system_ext/apex/com.android.vndk.v34.apex
[  158.706094][  T486] apexd: Scanning /product/apex for pre-installed ApexFiles
[  158.706919][  T486] apexd: /product/apex does not exist. Skipping
[  158.707187][  T486] apexd: Scanning /vendor/apex for pre-installed ApexFiles
[  158.709345][  T486] apexd: Found pre-installed APEX /vendor/apex/com.android.hardware.audio.apex
[  158.710016][  T486] apexd: Found pre-installed APEX /vendor/apex/com.android.hardware.authsecret.apex
[  158.710725][  T486] apexd: Found pre-installed APEX /vendor/apex/com.android.hardware.boot.apex
[  158.711103][  T486] apexd: Found pre-installed APEX /vendor/apex/com.android.hardware.cas.apex
[  158.711554][  T486] apexd: Found pre-installed APEX /vendor/apex/com.android.hardware.contexthub.apex
[  158.711894][  T486] apexd: Found pre-installed APEX /vendor/apex/com.android.hardware.drm.clearkey.apex
[  158.712401][  T486] apexd: Found pre-installed APEX /vendor/apex/com.android.hardware.dumpstate.apex
[  158.714880][  T486] apexd: Found pre-installed APEX /vendor/apex/com.android.hardware.gatekeeper.cf_remote.apex
[  158.721241][  T486] apexd: Found pre-installed APEX /vendor/apex/com.android.hardware.gatekeeper.nonsecure.apex
[  158.725038][  T486] apexd: Found pre-installed APEX /vendor/apex/com.android.hardware.gnss.apex
[  158.729590][  T486] apexd: Found pre-installed APEX /vendor/apex/com.android.hardware.graphics.composer.drm_hwcomposer.apex
[  158.734720][  T486] apexd: Found pre-installed APEX /vendor/apex/com.android.hardware.graphics.composer.ranchu.apex
[  158.738272][  T486] apexd: Found pre-installed APEX /vendor/apex/com.android.hardware.input.processor.apex
[  158.743312][  T486] apexd: Found pre-installed APEX /vendor/apex/com.android.hardware.keymint.rust_cf_guest_trusty_nonsecure.apex
[  158.753307][  T486] apexd: Found pre-installed APEX /vendor/apex/com.android.hardware.keymint.rust_cf_remote.apex
[  158.756292][  T486] apexd: Found pre-installed APEX /vendor/apex/com.android.hardware.keymint.rust_nonsecure.apex
[  158.758262][  T486] apexd: Found pre-installed APEX /vendor/apex/com.android.hardware.memtrack.apex
[  158.763236][  T486] apexd: Found pre-installed APEX /vendor/apex/com.android.hardware.net.nlinterceptor.apex
[  158.766573][  T486] apexd: Found pre-installed APEX /vendor/apex/com.android.hardware.neuralnetworks.apex
[  158.774353][  T486] apexd: Found pre-installed APEX /vendor/apex/com.android.hardware.power.apex
[  158.778993][  T486] apexd: Found pre-installed APEX /vendor/apex/com.android.hardware.rebootescrow.apex
[  158.782749][  T486] apexd: Found pre-installed APEX /vendor/apex/com.android.hardware.secure_element.apex
[  158.785661][  T486] apexd: Found pre-installed APEX /vendor/apex/com.android.hardware.security.authgraph.apex
[  158.790225][  T486] apexd: Found pre-installed APEX /vendor/apex/com.android.hardware.security.secretkeeper.apex
[  158.794876][  T486] apexd: Found pre-installed APEX /vendor/apex/com.android.hardware.tetheroffload.apex
[  158.798269][  T486] apexd: Found pre-installed APEX /vendor/apex/com.android.hardware.thermal.apex
[  158.802307][  T486] apexd: Found pre-installed APEX /vendor/apex/com.android.hardware.threadnetwork.apex
[  158.804932][  T486] apexd: Found pre-installed APEX /vendor/apex/com.android.hardware.usb.apex
[  158.806722][  T486] apexd: Found pre-installed APEX /vendor/apex/com.android.hardware.uwb.apex
[  158.811038][  T486] apexd: Found pre-installed APEX /vendor/apex/com.android.hardware.vibrator.apex
[  158.817526][  T486] apexd: Found pre-installed APEX /vendor/apex/com.android.hardware.wifi.apex
[  158.818910][  T486] apexd: Found pre-installed APEX /vendor/apex/com.google.cf.bt.apex
[  158.819269][  T486] apexd: Found pre-installed APEX /vendor/apex/com.google.cf.confirmationui.apex
[  158.820292][  T486] apexd: Found pre-installed APEX /vendor/apex/com.google.cf.disabled.apex
[  158.824512][  T486] apexd: Found pre-installed APEX /vendor/apex/com.google.cf.gralloc.apex
[  158.827415][  T486] apexd: Found pre-installed APEX /vendor/apex/com.google.cf.health.apex
[  158.829232][  T486] apexd: Found pre-installed APEX /vendor/apex/com.google.cf.identity.apex
[  158.835594][  T486] apexd: Found pre-installed APEX /vendor/apex/com.google.cf.input.config.apex
[  158.838945][  T486] apexd: Found pre-installed APEX /vendor/apex/com.google.cf.ir.apex
[  158.841255][  T486] apexd: Found pre-installed APEX /vendor/apex/com.google.cf.light.apex
[  158.845399][  T486] apexd: Found pre-installed APEX /vendor/apex/com.google.cf.nfc.apex
[  158.852056][  T486] apexd: Found pre-installed APEX /vendor/apex/com.google.cf.oemlock.apex
[  158.861840][  T486] apexd: Found pre-installed APEX /vendor/apex/com.google.cf.rild.apex
[  158.864720][  T486] apexd: Found pre-installed APEX /vendor/apex/com.google.cf.vulkan.apex
[  158.865617][  T486] apexd: Found pre-installed APEX /vendor/apex/com.google.cf.wifi.apex
[  158.887359][  T486] apexd: Found pre-installed APEX /vendor/apex/com.google.cf.wpa_supplicant.apex
[  158.947557][  T486] apexd: Found pre-installed APEX /vendor/apex/com.google.emulated.camera.provider.hal.apex
[  158.995125][  T486] apexd: Found pre-installed APEX /vendor/apex/com.google.emulated.camera.provider.hal.v4l2.apex
[  159.008936][  T486] apexd: Scanning /odm/apex for pre-installed ApexFiles
[  159.011676][  T486] apexd: /odm/apex does not exist. Skipping
[  159.288105][    T1] init: Service 'exec 9 (/bin/rm -rf /data/misc/virtualizationservice)' (pid 487) exited with status 0 waiting took 0.857000 seconds
[  159.375126][    T1] init: Sending SIGKILL to service 'exec 9 (/bin/rm -rf /data/misc/virtualizationservice)' (pid 487) process group...
[  159.558257][    T1] libprocessgroup: Removed cgroup /sys/fs/cgroup/system/uid_1081/pid_487
[  159.669842][    T1] init: Command 'mkdir /data/misc/virtualizationservice 0771 system system' action=post-fs-data (/system/etc/init/hw/init.rc:845) took 83ms and succeeded
[  159.676550][    T1] init: Not setting encryption policy on: /data/preloads
[  159.703992][    T1] init: Encryption policy of /data/app-private set to 405454806034d5c29cb0398a381abefd v2 modes 1/10 flags 0xa
[  159.713380][    T1] init: Encryption policy of /data/app-ephemeral set to 405454806034d5c29cb0398a381abefd v2 modes 1/10 flags 0xa
[  159.721382][    T1] init: Encryption policy of /data/app-asec set to 405454806034d5c29cb0398a381abefd v2 modes 1/10 flags 0xa
[  159.727975][    T1] init: Encryption policy of /data/app-lib set to 405454806034d5c29cb0398a381abefd v2 modes 1/10 flags 0xa
[  159.735491][    T1] init: Encryption policy of /data/app set to 405454806034d5c29cb0398a381abefd v2 modes 1/10 flags 0xa
[  159.742487][    T1] init: Encryption policy of /data/app-metadata set to 405454806034d5c29cb0398a381abefd v2 modes 1/10 flags 0xa
[  159.750828][    T1] init: Encryption policy of /data/fonts set to 405454806034d5c29cb0398a381abefd v2 modes 1/10 flags 0xa
[  159.773044][    T1] init: Encryption policy of /data/dalvik-cache set to 405454806034d5c29cb0398a381abefd v2 modes 1/10 flags 0xa
[  159.775381][  T486] apexd: Skipping APEX at path /vendor/apex/com.android.hardware.gatekeeper.cf_remote.apex because it does not match expected multi-install APEX property for com.android.hardware.gatekeeper
[  159.776405][    T1] init: Encryption policy of /data/ota set to 405454806034d5c29cb0398a381abefd v2 modes 1/10 flags 0xa
[  159.777838][  T486] apexd: Skipping APEX at path /vendor/apex/com.android.hardware.graphics.composer.drm_hwcomposer.apex because it does not match expected multi-install APEX property for com.android.hardware.graphics.composer
[  159.780045][    T1] init: Encryption policy of /data/ota_package set to 405454806034d5c29cb0398a381abefd v2 modes 1/10 flags 0xa
[  159.780778][  T486] apexd: Skipping APEX at path /vendor/apex/com.android.hardware.keymint.rust_cf_guest_trusty_nonsecure.apex because it does not match expected multi-install APEX property for com.android.hardware.keymint
[  159.782434][    T1] init: Encryption policy of /data/resource-cache set to 405454806034d5c29cb0398a381abefd v2 modes 1/10 flags 0xa
[  159.783226][  T486] apexd: Skipping APEX at path /vendor/apex/com.android.hardware.keymint.rust_cf_remote.apex because it does not match expected multi-install APEX property for com.android.hardware.keymint
[  159.784508][    T1] init: Not setting encryption policy on: /data/lost+found
[  159.785594][  T486] apexd: Skipping APEX at path /vendor/apex/com.google.cf.disabled.apex because it's disabled via sysprop.
[  159.788708][    T1] init: Encryption policy of /data/drm set to 405454806034d5c29cb0398a381abefd v2 modes 1/10 flags 0xa
[  159.788977][  T486] apexd: Skipping APEX at path /vendor/apex/com.google.emulated.camera.provider.hal.v4l2.apex because it does not match expected multi-install APEX property for com.google.emulated.camera.provider.hal
[  159.790414][    T1] init: Encryption policy of /data/mediadrm set to 405454806034d5c29cb0398a381abefd v2 modes 1/10 flags 0xa
[  159.791486][  T486] apexd: Successfully scanned 87 preinstalled APEXes duration=1208ms
[  159.794155][    T1] init: Encryption policy of /data/nfc set to 405454806034d5c29cb0398a381abefd v2 modes 1/10 flags 0xa
[  159.806705][  T486] apexd: Populating APEX database from mounts...
[  159.835813][    T1] init: Encryption policy of /data/backup set to 405454806034d5c29cb0398a381abefd v2 modes 1/10 flags 0xa
[  159.843013][    T1] init: Encryption policy of /data/ss set to 405454806034d5c29cb0398a381abefd v2 modes 1/10 flags 0xa
[  159.895326][    T1] init: Encryption policy of /data/system set to 405454806034d5c29cb0398a381abefd v2 modes 1/10 flags 0xa
[  159.897767][  T486] apexd: Found "/apex/com.google.cf.health@1" backed by file /vendor/apex/com.google.cf.health.apex
[  159.903905][  T486] apexd: Found "/apex/com.google.cf.light@1" backed by file /vendor/apex/com.google.cf.light.apex
[  159.912674][  T486] apexd: Found "/apex/com.google.cf.oemlock@1" backed by file /vendor/apex/com.google.cf.oemlock.apex
[  159.921997][  T486] apexd: Found "/apex/com.google.cf.input.config@1" backed by file /vendor/apex/com.google.cf.input.config.apex
[  159.922377][    T1] init: Not setting encryption policy on: /data/media
[  159.924524][  T486] apexd: Found "/apex/com.google.cf.vulkan@1" backed by file /vendor/apex/com.google.cf.vulkan.apex
[  159.926391][    T1] init: Not setting encryption policy on: /data/misc_ce
[  159.927806][  T486] apexd: Found "/apex/com.google.cf.identity@1" backed by file /vendor/apex/com.google.cf.identity.apex
[  159.928617][    T1] init: Not setting encryption policy on: /data/misc_de
[  159.930406][  T486] apexd: Found "/apex/com.google.cf.confirmationui@1" backed by file /vendor/apex/com.google.cf.confirmationui.apex
[  159.931049][    T1] init: Not setting encryption policy on: /data/system_ce
[  159.932497][  T486] apexd: Found "/apex/com.android.hardware.vibrator@1" backed by file /vendor/apex/com.android.hardware.vibrator.apex
[  159.933013][    T1] init: Not setting encryption policy on: /data/system_de
[  159.935346][  T486] apexd: Found "/apex/com.google.emulated.camera.provider.hal@1" backed by file /vendor/apex/com.google.emulated.camera.provider.hal.apex
[  159.935954][    T1] init: Not setting encryption policy on: /data/user
[  159.937856][  T486] apexd: Found "/apex/com.android.hardware.uwb@1" backed by file /vendor/apex/com.android.hardware.uwb.apex
[  159.938463][    T1] init: Not setting encryption policy on: /data/user_de
[  159.940025][  T486] apexd: Found "/apex/com.android.hardware.usb@1" backed by file /vendor/apex/com.android.hardware.usb.apex
[  159.940628][    T1] init: Not setting encryption policy on: /data/vendor_ce
[  159.942885][  T486] apexd: Found "/apex/com.google.cf.gralloc@1" backed by file /vendor/apex/com.google.cf.gralloc.apex
[  159.943740][    T1] init: Not setting encryption policy on: /data/vendor_de
[  159.945915][  T486] apexd: Found "/apex/com.android.hardware.threadnetwork@1" backed by file /vendor/apex/com.android.hardware.threadnetwork.apex
[  159.946539][    T1] init: Not setting encryption policy on: /data/storage_area
[  159.946964][  T486] apexd: Found "/apex/com.android.virt@370399999" backed by file /system/apex/com.android.virt.apex
[  159.961340][    T1] init: starting service 'casefolding_remover'...
[  159.964690][  T486] apexd: Found "/apex/com.android.hardware.memtrack@1" backed by file /vendor/apex/com.android.hardware.memtrack.apex
[  159.966813][  T486] apexd: Found "/apex/com.android.hardware.wifi@1" backed by file /vendor/apex/com.android.hardware.wifi.apex
[  159.987369][  T486] apexd: Found "/apex/com.android.npumanager@370399999" backed by file /system/apex/com.android.npumanager.apex
[  160.002775][  T486] apexd: Found "/apex/com.android.ondevicepersonalization@370399999" backed by file /system/apex/com.android.ondevicepersonalization.apex
[  160.022013][  T486] apexd: Found "/apex/com.android.extservices@370399999" backed by file /system/apex/com.android.extservices.apex
[  160.043637][  T486] apexd: Found "/apex/com.android.compos@370399999" backed by file /system_ext/apex/com.android.compos.apex
[  160.053002][  T486] apexd: Found "/apex/com.android.hardware.drm.clearkey@1" backed by file /vendor/apex/com.android.hardware.drm.clearkey.apex
[  160.063540][  T486] apexd: Found "/apex/com.android.conscrypt@370399999" backed by file /system/apex/com.android.conscrypt.apex
[  160.078500][  T486] apexd: Found "/apex/com.google.cf.wifi@1" backed by file /vendor/apex/com.google.cf.wifi.apex
[  160.082374][    T1] libprocessgroup: Created cgroup /sys/fs/cgroup/system/uid_1023
[  160.087698][  T486] apexd: Found "/apex/com.android.media.swcodec@370399999" backed by file /system/apex/com.android.media.swcodec.apex
[  160.099820][  T486] apexd: Found "/apex/com.android.hardware.authsecret@1" backed by file /vendor/apex/com.android.hardware.authsecret.apex
[  160.102610][    T1] libprocessgroup: Created cgroup /sys/fs/cgroup/system/uid_1023/pid_581
[  160.104844][  T486] apexd: Found "/apex/com.android.adbd@370399999" backed by file /system/apex/com.android.adbd.apex
[  160.111351][  T486] apexd: Found "/apex/com.android.nfcservices@370399999" backed by file /system/apex/com.android.nfcservices.apex
[  160.116862][  T486] apexd: Found "/apex/com.android.hardware.cas@1" backed by file /vendor/apex/com.android.hardware.cas.apex
[  160.118962][  T486] apexd: Found "/apex/com.android.hardware.biometrics.fingerprint.virtual@1" backed by file /system_ext/apex/com.android.hardware.biometrics.fingerprint.virtual.apex
[  160.121438][  T486] apexd: Found "/apex/com.android.sdkext@370399999" backed by file /system/apex/com.android.sdkext.apex
[  160.123462][  T486] apexd: Found "/apex/com.android.crashrecovery@370399999" backed by file /system/apex/com.android.crashrecovery.apex
[  160.125603][  T486] apexd: Found "/apex/com.android.hardware.net.nlinterceptor@1" backed by file /vendor/apex/com.android.hardware.net.nlinterceptor.apex
[  160.127685][  T486] apexd: Found "/apex/com.google.cf.bt@1" backed by file /vendor/apex/com.google.cf.bt.apex
[  160.139562][  T486] apexd: Found "/apex/com.android.apex.cts.shim@1" backed by file /system/apex/com.android.apex.cts.shim.apex
[  160.156326][  T486] apexd: Found "/apex/com.android.profiling@370399999" backed by file /system/apex/com.android.profiling.apex
[  160.165740][  T486] apexd: Found "/apex/com.android.wifi@370399999" backed by file /system/apex/com.android.wifi.apex
[  160.174388][  T486] apexd: Found "/apex/com.android.hardware.gatekeeper@1" backed by file /vendor/apex/com.android.hardware.gatekeeper.nonsecure.apex
[  160.188576][  T486] apexd: Found "/apex/com.android.mediaprovider@370399999" backed by file /system/apex/com.android.mediaprovider.apex
[  160.200517][  T486] apexd: Found "/apex/com.android.runtime@1" backed by file /system/apex/com.android.runtime.apex
[  160.222876][  T486] apexd: Found "/apex/com.android.resolv@370399999" backed by file /system/apex/com.android.resolv.apex
[  160.234892][    T1] init: ... started service 'casefolding_remover' has pid 581
[  160.238252][  T486] apexd: Found "/apex/com.android.telephonycore@370399999" backed by file /system/apex/com.android.telephonycore.apex
[  160.240254][    T1] init: Command 'start casefolding_remover' action=post-fs-data (/system/etc/init/hw/init.rc:960) took 291ms and succeeded
[  160.242896][  T486] apexd: Found "/apex/com.android.tethering@370399999" backed by file /system/apex/com.android.tethering.apex
[  160.253912][  T486] apexd: Found "/apex/com.android.hardware.biometrics.face.virtual@2" backed by file /system_ext/apex/com.android.hardware.biometrics.face.virtual.apex
[  160.256492][  T486] apexd: Found "/apex/com.android.vndk.v33@1" backed by file /system_ext/apex/com.android.vndk.v33.apex
[  160.259661][  T486] apexd: Found "/apex/com.android.vndk.v34@1" backed by file /system_ext/apex/com.android.vndk.v34.apex
[  160.261631][  T486] apexd: Found "/apex/com.android.hardware.input.processor@1" backed by file /vendor/apex/com.android.hardware.input.processor.apex
[  160.263927][  T486] apexd: Found "/apex/com.android.rkpd@370399999" backed by file /system/apex/com.android.rkpd.apex
[  160.266314][  T486] apexd: Found "/apex/com.android.hardware.dumpstate@1" backed by file /vendor/apex/com.android.hardware.dumpstate.apex
[  160.268949][  T486] apexd: Found "/apex/com.android.art@370399999" backed by file /system/apex/com.android.art.apex
[  160.270763][  T486] apexd: Found "/apex/com.android.hardware.secure_element@1" backed by file /vendor/apex/com.android.hardware.secure_element.apex
[  160.273106][  T486] apexd: Found "/apex/com.android.vndk.v32@1" backed by file /system_ext/apex/com.android.vndk.v32.apex
[  160.275079][  T486] apexd: Found "/apex/com.android.hardware.power@1" backed by file /vendor/apex/com.android.hardware.power.apex
[  160.277479][  T486] apexd: Found "/apex/com.google.cf.nfc@1" backed by file /vendor/apex/com.google.cf.nfc.apex
[  160.279634][  T486] apexd: Found "/apex/com.android.hardware.graphics.composer@1" backed by file /vendor/apex/com.android.hardware.graphics.composer.ranchu.apex
[  160.285414][  T486] apexd: Found "/apex/com.android.hardware.security.authgraph@1" backed by file /vendor/apex/com.android.hardware.security.authgraph.apex
[  160.300047][  T486] apexd: Found "/apex/com.android.adservices@370399999" backed by file /system/apex/com.android.adservices.apex
[  160.301971][  T486] apexd: Found "/apex/com.android.hardware.thermal@1" backed by file /vendor/apex/com.android.hardware.thermal.apex
[  160.303694][  T486] apexd: Found "/apex/com.google.cf.rild@1" backed by file /vendor/apex/com.google.cf.rild.apex
[  160.306210][  T486] apexd: Found "/apex/com.android.hardware.contexthub@1" backed by file /vendor/apex/com.android.hardware.contexthub.apex
[  160.307653][  T486] apexd: Found "/apex/com.android.neuralnetworks@370399999" backed by file /system/apex/com.android.neuralnetworks.apex
[  160.310848][  T486] apexd: Found "/apex/com.android.hardware.gnss@1" backed by file /vendor/apex/com.android.hardware.gnss.apex
[  160.322883][  T486] apexd: Found "/apex/com.android.hardware.security.secretkeeper@1" backed by file /vendor/apex/com.android.hardware.security.secretkeeper.apex
[  160.333057][  T486] apexd: Found "/apex/com.android.scheduling@370399999" backed by file /system/apex/com.android.scheduling.apex
[  160.339250][  T486] apexd: Found "/apex/com.android.hardware.audio@1" backed by file /vendor/apex/com.android.hardware.audio.apex
[  160.344455][  T486] apexd: Found "/apex/com.android.vndk.v31@1" backed by file /system_ext/apex/com.android.vndk.v31.apex
[  160.358885][  T486] apexd: Found "/apex/com.android.hardware.rebootescrow@1" backed by file /vendor/apex/com.android.hardware.rebootescrow.apex
[  160.367737][  T486] apexd: Found "/apex/com.google.cf.wpa_supplicant@1" backed by file /vendor/apex/com.google.cf.wpa_supplicant.apex
[  160.373030][  T486] apexd: Found "/apex/com.android.tzdata@370399999" backed by file /system/apex/com.android.tzdata.apex
[  160.378997][  T486] apexd: Found "/apex/com.android.bt@370399999" backed by file /system/apex/com.android.bt.apex
[  160.387952][  T486] apexd: Found "/apex/com.android.hardware.boot@1" backed by file /vendor/apex/com.android.hardware.boot.apex
[  160.395016][  T486] apexd: Found "/apex/com.android.permission@370399999" backed by file /system/apex/com.android.permission.apex
[  160.404223][  T486] apexd: Found "/apex/com.android.healthfitness@370399999" backed by file /system/apex/com.android.healthfitness.apex
[  160.406572][  T486] apexd: Found "/apex/com.android.os.statsd@370399999" backed by file /system/apex/com.android.os.statsd.apex
[  160.408381][  T486] apexd: Found "/apex/com.android.uprobestats@370399999" backed by file /system/apex/com.android.uprobestats.apex
[  160.410844][  T486] apexd: Found "/apex/com.android.hardware.keymint@1" backed by file /vendor/apex/com.android.hardware.keymint.rust_nonsecure.apex
[  160.412213][  T486] apexd: Found "/apex/com.android.cellbroadcast@370399999" backed by file /system/apex/com.android.cellbroadcast.apex
[  160.414255][  T486] apexd: Found "/apex/com.android.hardware.neuralnetworks@1" backed by file /vendor/apex/com.android.hardware.neuralnetworks.apex
[  160.416069][  T486] apexd: Found "/apex/com.android.i18n@1" backed by file /system/apex/com.android.i18n.apex
[  160.418081][  T486] apexd: Found "/apex/com.android.uwb@370399999" backed by file /system/apex/com.android.uwb.apex
[  160.429896][  T486] apexd: Found "/apex/com.android.configinfrastructure@370399999" backed by file /system/apex/com.android.configinfrastructure.apex
[  160.441912][  T486] apexd: Found "/apex/com.android.appsearch@370399999" backed by file /system/apex/com.android.appsearch.apex
[  160.443978][  T486] apexd: Found "/apex/com.android.hardware.tetheroffload@1" backed by file /vendor/apex/com.android.hardware.tetheroffload.apex
[  160.445348][  T486] apexd: Found "/apex/com.android.hardware.ir@1" backed by file /vendor/apex/com.google.cf.ir.apex
[  160.446703][  T486] apexd: Found "/apex/com.android.devicelock@1" backed by file /system/apex/com.android.devicelock.apex
[  160.449089][  T486] apexd: Found "/apex/com.android.ipsec@370399999" backed by file /system/apex/com.android.ipsec.apex
[  160.451319][  T486] apexd: Found "/apex/com.android.media@370399999" backed by file /system/apex/com.android.media.apex
[  160.453388][  T486] apexd: Found "/apex/com.android.webapp@370399999" backed by file /system/apex/com.android.webapp.apex
[  160.454703][  T486] apexd: 87 packages restored.
[  160.482696][  T486] apexd: Marking APEXd as starting
[  160.636974][  T486] apexd: OnStart done, duration=150
[  160.668949][  T486] libbinder.AidlLazyServiceRegistrar: Registering service apexservice
[  160.773373][  T486] apexd: Marking APEXd as activated
[  160.820425][  T413] servicemanager: Notifying apexservice they do (previously: don't) have clients when service is guaranteed to be in use
[  160.900950][  T582] libbinder.AidlLazyServiceRegistrar: Process has 1 (of 1 available) client(s) in use after notification apexservice has clients: 1
[  160.921644][  T582] libbinder.AidlLazyServiceRegistrar: Shutdown prevented by forcePersist override flag.
[  161.050965][  T582] apexd: getActivePackages received by ApexService
[  162.139848][  T117] init: Wait for property 'ro.casefolding.adjusted=1' took 1872ms
[  162.381061][    T1] init: Service 'casefolding_remover' (pid 581) exited with status 0 oneshot service took 2.311000 seconds in background
[  162.381946][    T1] init: Sending SIGKILL to service 'casefolding_remover' (pid 581) process group...
[  162.395716][    T1] libprocessgroup: Removed cgroup /sys/fs/cgroup/system/uid_1023/pid_581
[  162.587027][    T1] init: Encryption policy of /data/cache set to 405454806034d5c29cb0398a381abefd v2 modes 1/10 flags 0xa
[  162.595657][    T1] init: Encryption policy of /data/rollback set to 405454806034d5c29cb0398a381abefd v2 modes 1/10 flags 0xa
[  162.596616][    T1] init: Encryption policy of /data/rollback-observer set to 405454806034d5c29cb0398a381abefd v2 modes 1/10 flags 0xa
[  162.597767][    T1] init: Encryption policy of /data/rollback-history set to 405454806034d5c29cb0398a381abefd v2 modes 1/10 flags 0xa
[  162.599101][    T1] init: Encryption policy of /data/incremental set to 405454806034d5c29cb0398a381abefd v2 modes 1/10 flags 0xa
[  162.613693][    T1] init: start_waiting_for_property("apexd.status", "activated"): already set
[  162.614031][    T1] init: start_waiting_for_property("keystore.module_hash.sent", "true"): already set
[  162.661964][    T1] init: starting service 'system_aconfigd_socket_service'...
[  162.665627][    T1] init: Created socket '/dev/socket/aconfigd_system', mode 666, user 1000, group 1000
[  162.755107][    T1] libprocessgroup: Created cgroup /sys/fs/cgroup/system/uid_1000/pid_584
[  162.796964][    T1] init: ... started service 'system_aconfigd_socket_service' has pid 584
[  162.805853][    T1] init: Command 'start system_aconfigd_socket_service' action=post-fs-data (/system/etc/init/hw/init.rc:1033) took 147ms and succeeded
[  162.857407][    T1] init: starting service 'mainline_aconfigd_init'...
[  162.906455][    T1] libprocessgroup: Created cgroup /sys/fs/cgroup/system/uid_1000/pid_585
[  162.949127][    T1] init: ... started service 'mainline_aconfigd_init' has pid 585
[  162.952914][    T1] init: SVC_EXEC service 'mainline_aconfigd_init' pid 585 (uid 1000 gid 1000+0 context default) started; waiting...
[  162.957859][    T1] init: Command 'exec_start mainline_aconfigd_init' action=post-fs-data (/system/etc/init/hw/init.rc:1034) took 144ms and succeeded
[  163.252347][    T1] init: Service 'system_aconfigd_socket_service' (pid 584) exited with status 0 oneshot service took 0.495000 seconds in background
[  163.262018][    T1] init: Sending SIGKILL to service 'system_aconfigd_socket_service' (pid 584) process group...
[  163.283579][    T1] libprocessgroup: Removed cgroup /sys/fs/cgroup/system/uid_1000/pid_584
[  164.998432][  T413] servicemanager: Notifying apexservice they don't (previously: do) have clients when we now have no record of a client
[  165.023860][  T582] libbinder.AidlLazyServiceRegistrar: Process has 0 (of 1 available) client(s) in use after notification apexservice has clients: 0
[  165.025122][  T582] libbinder.AidlLazyServiceRegistrar: Shutdown prevented by forcePersist override flag.
[  165.637631][    T1] init: Service 'mainline_aconfigd_init' (pid 585) exited with status 0 waiting took 2.734000 seconds
[  165.641448][    T1] init: Sending SIGKILL to service 'mainline_aconfigd_init' (pid 585) process group...
[  165.666998][    T1] libprocessgroup: Removed cgroup /sys/fs/cgroup/system/uid_1000/pid_585
[  165.726089][    T1] init: starting service 'mainline_aconfigd_socket_service'...
[  165.745541][    T1] init: Created socket '/dev/socket/aconfigd_mainline', mode 666, user 1000, group 1000
[  165.840898][    T1] libprocessgroup: Created cgroup /sys/fs/cgroup/system/uid_1000/pid_586
[  165.924370][    T1] init: ... started service 'mainline_aconfigd_socket_service' has pid 586
[  165.934003][    T1] init: Command 'start mainline_aconfigd_socket_service' action=post-fs-data (/system/etc/init/hw/init.rc:1035) took 224ms and succeeded
[  166.002379][    T1] init: starting service 'derive_sdk'...
[  166.059918][    T1] libprocessgroup: Created cgroup /sys/fs/cgroup/system/uid_9999/pid_587
[  166.101047][    T1] init: ... started service 'derive_sdk' has pid 587
[  166.103710][    T1] init: SVC_EXEC service 'derive_sdk' pid 587 (uid 9999 gid 9999+0 context default) started; waiting...
[  166.111347][    T1] init: Command 'exec_start derive_sdk' action=post-fs-data (/system/etc/init/hw/init.rc:1040) took 141ms and succeeded
[  166.127567][    T1] init: Service 'mainline_aconfigd_socket_service' (pid 586) exited with status 0 oneshot service took 0.298000 seconds in background
[  166.130699][    T1] init: Sending SIGKILL to service 'mainline_aconfigd_socket_service' (pid 586) process group...
[  166.131366][    T1] libprocessgroup: Removed cgroup /sys/fs/cgroup/system/uid_1000/pid_586
[  166.603635][    T1] init: Service 'derive_sdk' (pid 587) exited with status 0 waiting took 0.549000 seconds
[  166.606707][    T1] init: Sending SIGKILL to service 'derive_sdk' (pid 587) process group...
[  166.619828][    T1] libprocessgroup: Removed cgroup /sys/fs/cgroup/system/uid_9999/pid_587
[  166.660589][    T1] init: starting service 'exec 10 (/system/bin/vdc --wait cryptfs init_user0)'...
[  166.734741][    T1] libprocessgroup: Created cgroup /sys/fs/cgroup/system/uid_0/pid_588
[  166.751882][    T1] init: ... started service 'exec 10 (/system/bin/vdc --wait cryptfs init_user0)' has pid 588
[  166.758095][    T1] init: SVC_EXEC service 'exec 10 (/system/bin/vdc --wait cryptfs init_user0)' pid 588 (uid 0 gid 0+0 context default) started; waiting...
[  166.767937][    T1] init: Command 'init_user0' action=post-fs-data (/system/etc/init/hw/init.rc:1042) took 137ms and succeeded
[  166.920783][  T588] libbinder.BackendUnifiedServiceManager: Thread Pool max thread count is 0. Cannot cache binder as linkToDeath cannot be implemented. serviceName: vold
[  167.164619][  T428] vold: keystore2 Keystore generateKey returned service specific error: -67
[  167.167048][  T428] vold: Failed to generate rollback-resistant key.  This is expected if keystore doesn't support rollback resistance.  Falling back to non-rollback-resistant key.
[  168.534570][    T1] init: Service 'exec 10 (/system/bin/vdc --wait cryptfs init_user0)' (pid 588) exited with status 0 waiting took 1.797000 seconds
[  168.539295][    T1] init: Sending SIGKILL to service 'exec 10 (/system/bin/vdc --wait cryptfs init_user0)' (pid 588) process group...
[  168.559836][    T1] libprocessgroup: Removed cgroup /sys/fs/cgroup/system/uid_0/pid_588
[  168.685244][    T1] selinux: SELinux: Skipping restorecon on directory(/data/system/shutdown-checkpoints)
[  168.699263][    T1] init: Command 'restorecon --recursive --skip-ce /data' action=post-fs-data (/system/etc/init/hw/init.rc:1045) took 132ms and succeeded
[  168.708951][    T1] init: starting service 'derive_classpath'...
[  168.780875][    T1] libprocessgroup: Created cgroup /sys/fs/cgroup/system/uid_1000/pid_591
[  168.849760][    T1] init: ... started service 'derive_classpath' has pid 591
[  168.852978][    T1] init: SVC_EXEC service 'derive_classpath' pid 591 (uid 1000 gid 1000+1 context default) started; waiting...
[  168.856722][    T1] init: Command 'exec_start derive_classpath' action=post-fs-data (/system/etc/init/hw/init.rc:1049) took 156ms and succeeded
[  169.811565][    T1] init: Service 'derive_classpath' (pid 591) exited with status 0 waiting took 1.036000 seconds
[  169.815291][    T1] init: Sending SIGKILL to service 'derive_classpath' (pid 591) process group...
[  169.839093][    T1] libprocessgroup: Removed cgroup /sys/fs/cgroup/system/uid_1000/pid_591
[  169.955475][    T1] init: starting service 'art_boot'...
[  170.056884][    T1] libprocessgroup: Created cgroup /sys/fs/cgroup/system/uid_0/pid_592
[  170.100634][    T1] init: ... started service 'art_boot' has pid 592
[  170.102883][    T1] init: SVC_EXEC service 'art_boot' pid 592 (uid 0 gid 0+0 context default) started; waiting...
[  170.114613][    T1] init: Command 'exec_start art_boot' action=post-fs-data (/system/etc/init/hw/init.rc:1055) took 177ms and succeeded
[  170.585338][    T1] init: Service 'art_boot' (pid 592) exited with status 0 waiting took 0.535000 seconds
[  170.588286][    T1] init: Sending SIGKILL to service 'art_boot' (pid 592) process group...
[  170.617302][    T1] libprocessgroup: Removed cgroup /sys/fs/cgroup/system/uid_0/pid_592
[  170.679914][    T1] init: starting service 'odsign'...
[  170.758724][    T1] libprocessgroup: Created cgroup /sys/fs/cgroup/system/uid_0/pid_593
[  170.795436][    T1] init: ... started service 'odsign' has pid 593
[  170.800917][    T1] init: Command 'start odsign' action=post-fs-data (/system/etc/init/hw/init.rc:1060) took 141ms and succeeded
[  179.050338][  T593] fs-verity: sha256 using implementation "sha256-ce" (multibuffer)
[  179.447249][  T117] init: Wait for property 'odsign.key.done=1' took 8635ms
[  179.529935][    T1] init: Sending SIGKILL to service 'odsign' (pid 593) process group...
[  179.655089][    T1] libprocessgroup: Removed cgroup /sys/fs/cgroup/system/uid_0/pid_593
[  179.688609][    T1] init: Control message: Processed ctl.stop for 'odsign' from pid: 593 (/system/bin/odsign)
[  179.798987][    T1] init: starting service 'apexd-snapshotde'...
[  179.890091][    T1] libprocessgroup: Created cgroup /sys/fs/cgroup/system/uid_0/pid_596
[  179.963995][    T1] init: ... started service 'apexd-snapshotde' has pid 596
[  179.970785][    T1] init: SVC_EXEC service 'apexd-snapshotde' pid 596 (uid 0 gid 1000+0 context default) started; waiting...
[  179.980670][    T1] init: Command 'exec_start apexd-snapshotde' action=post-fs-data (/system/etc/init/hw/init.rc:1074) took 247ms and succeeded
[  180.020406][    T1] init: Service 'odsign' (pid 593) received SIGKILL
[  180.022080][    T1] init: Sending SIGKILL to service 'odsign' (pid 593) process group...
[  180.025392][    T1] libprocessgroup: Failed to write 1 to /sys/fs/cgroup/system/uid_0/pid_593/cgroup.kill: No such file or directory
[  180.204092][  T596] apexd: Started. subcommand = --snapshotde
[  180.232903][  T596] libbinder.BackendUnifiedServiceManager: Thread Pool max thread count is 0. Cannot cache binder as linkToDeath cannot be implemented. serviceName: vold
[  180.278834][  T596] apexd-snapshotde: Marking APEXd as ready
[  180.387442][    T1] init: Service 'apexd-snapshotde' (pid 596) exited with status 0 waiting took 0.510000 seconds
[  180.389064][    T1] init: Sending SIGKILL to service 'apexd-snapshotde' (pid 596) process group...
[  180.396982][    T1] libprocessgroup: Removed cgroup /sys/fs/cgroup/system/uid_0/pid_596
[  180.482228][    T1] init: Command 'setprop persist.sys.fuse true' action=post-fs-data (/system/etc/init/hw/init.rc:1081) took 56ms and succeeded
[  180.598131][    T1] init: Command 'verity_update_state' action=post-fs-data (/system/etc/init/hw/init.rc:1084) took 109ms and succeeded
[  180.614161][    T1] init: processing action (post-fs-data) from (/system/etc/init/hw/init.usb.rc:6)
[  180.654936][    T1] init: Encryption policy of /data/adb set to 405454806034d5c29cb0398a381abefd v2 modes 1/10 flags 0xa
[  180.655471][    T1] init: processing action (post-fs-data) from (/system/etc/init/bootstat.rc:9)
[  180.665071][    T1] init: processing action (ro.boot.dynamic_partitions=true && ro.debuggable=1 && post-fs-data) from (/system/etc/init/clean_scratch_files.rc:1)
[  180.674359][    T1] init: starting service 'exec 11 (/system/bin/clean_scratch_files)'...
[  180.743520][    T1] libprocessgroup: Created cgroup /sys/fs/cgroup/system/uid_0/pid_597
[  180.762279][    T1] init: ... started service 'exec 11 (/system/bin/clean_scratch_files)' has pid 597
[  180.763668][    T1] init: Command 'exec_background - root root -- /system/bin/clean_scratch_files' action=ro.boot.dynamic_partitions=true && ro.debuggable=1 && post-fs-data (/system/etc/init/clean_scratch_files.rc:2) took 97ms and succeeded
[  180.771035][    T1] init: processing action (post-fs-data) from (/system/etc/init/gsid.rc:17)
[  180.780435][    T1] init: Not setting encryption policy on: /data/gsi
[  180.786104][    T1] init: processing action (post-fs-data) from (/system/etc/init/incidentd.rc:21)
[  180.796491][    T1] init: processing action (post-fs-data) from (/system/etc/init/logtagd.rc:4)
[  180.807439][    T1] init: processing action (post-fs-data) from (/system/etc/init/perfetto.rc:104)
[  180.811788][    T1] init: Command 'rm /data/misc/perfetto-traces/.guardraildata' action=post-fs-data (/system/etc/init/perfetto.rc:105) took 0ms and failed: unlink() failed: No such file or directory
[  180.822783][    T1] init: processing action (post-fs-data) from (/system/etc/init/pmgd.rc:28)
[  180.839323][    T1] init: processing action (post-fs-data) from (/system/etc/init/profcollectd.rc:23)
[  180.846674][    T1] init: processing action (post-fs-data) from (/system/etc/init/recovery-persist.rc:1)
[  180.854506][    T1] init: starting service 'exec 12 (/system/bin/recovery-persist)'...
[  180.950407][    T1] libprocessgroup: Created cgroup /sys/fs/cgroup/system/uid_1000/pid_598
[  180.978190][    T1] init: ... started service 'exec 12 (/system/bin/recovery-persist)' has pid 598
[  180.983967][    T1] init: Command 'exec_background - system log -- /system/bin/recovery-persist' action=post-fs-data (/system/etc/init/recovery-persist.rc:3) took 132ms and succeeded
[  180.989891][    T1] init: processing action (post-fs-data) from (/system/etc/init/wifi.rc:18)
[  181.000492][    T1] selinux: SELinux: Skipping restorecon on directory(/data/misc/apexdata/com.android.wifi)
[  181.004460][    T1] init: processing action (post-fs-data) from (/system_ext/etc/init/rpmb_dev.test.system.rc:37)
[  181.018511][    T1] init: Top-level directory needs encryption action, eg mkdir /data/secure_storage_test_system <mode> <uid> <gid> encryption=Require
[  181.022380][    T1] init: Encryption policy of /data/secure_storage_test_system set to 405454806034d5c29cb0398a381abefd v2 modes 1/10 flags 0xa
[  181.025753][    T1] init: starting service 'rpmb_mock_init_test_system'...
[  181.114024][    T1] libprocessgroup: Created cgroup /sys/fs/cgroup/system/uid_1000/pid_599
[  181.165646][    T1] init: ... started service 'rpmb_mock_init_test_system' has pid 599
[  181.169634][    T1] init: SVC_EXEC service 'rpmb_mock_init_test_system' pid 599 (uid 1000 gid 1000+0 context default) started; waiting...
[  181.178756][    T1] init: Command 'exec_start rpmb_mock_init_test_system' action=post-fs-data (/system_ext/etc/init/rpmb_dev.test.system.rc:59) took 154ms and succeeded
[  181.815999][    T1] init: Service 'exec 12 (/system/bin/recovery-persist)' (pid 598) exited with status 0 oneshot service took 0.859000 seconds in background
[  181.905650][    T1] init: Sending SIGKILL to service 'exec 12 (/system/bin/recovery-persist)' (pid 598) process group...
[  182.039818][    T1] libprocessgroup: Removed cgroup /sys/fs/cgroup/system/uid_1000/pid_598
[  182.135971][    T1] init: Service 'exec 11 (/system/bin/clean_scratch_files)' (pid 597) exited with status 0 oneshot service took 1.401000 seconds in background
[  182.143634][    T1] init: Sending SIGKILL to service 'exec 11 (/system/bin/clean_scratch_files)' (pid 597) process group...
[  182.153702][    T1] libprocessgroup: Removed cgroup /sys/fs/cgroup/system/uid_0/pid_597
[  182.304161][    T1] init: Service 'rpmb_mock_init_test_system' (pid 599) exited with status 0 waiting took 1.193000 seconds
[  182.307686][    T1] init: Sending SIGKILL to service 'rpmb_mock_init_test_system' (pid 599) process group...
[  182.320548][    T1] libprocessgroup: Removed cgroup /sys/fs/cgroup/system/uid_1000/pid_599
[  182.422127][    T1] init: starting service 'rpmb_mock_test_system'...
[  182.440779][    T1] init: Created socket '/dev/socket/rpmb_mock_test_system', mode 660, user 1000, group 1000
[  182.509079][    T1] libprocessgroup: Created cgroup /sys/fs/cgroup/system/uid_1000/pid_600
[  182.554551][    T1] init: ... started service 'rpmb_mock_test_system' has pid 600
[  182.558106][    T1] init: Command 'start rpmb_mock_test_system' action=post-fs-data (/system_ext/etc/init/rpmb_dev.test.system.rc:60) took 168ms and succeeded
[  182.568429][    T1] init: processing action (ro.vendor.disable_rename_eth0= && post-fs-data) from (/vendor/etc/init/init.cutf_cvm.rc:57)
[  182.605653][  T118] init: wait for '/sys/class/net/eth0' took 17ms
[  182.735788][    T1] init: starting service 'rename_eth0'...
[  182.817600][    T1] libprocessgroup: Created cgroup /sys/fs/cgroup/system/uid_0/pid_601
[  182.864168][    T1] init: ... started service 'rename_eth0' has pid 601
[  182.865602][    T1] init: Command 'start rename_eth0' action=ro.vendor.disable_rename_eth0= && post-fs-data (/vendor/etc/init/init.cutf_cvm.rc:61) took 256ms and succeeded
[  182.867027][    T1] init: processing action (post-fs-data) from (/vendor/etc/init/init.cutf_cvm.rc:67)
[  182.917891][    T1] init: processing action (ro.boot.wifi_impl=mac80211_hwsim_virtio && post-fs-data) from (/vendor/etc/init/init.cutf_cvm.rc:77)
[  182.931123][    T1] init: starting service 'init_wifi_sh'...
[  182.956858][    T1] libprocessgroup: Created cgroup /sys/fs/cgroup/system/uid_0/pid_602
[  182.990686][    T1] init: ... started service 'init_wifi_sh' has pid 602
[  182.991284][    T1] init: Command 'start init_wifi_sh' action=ro.boot.wifi_impl=mac80211_hwsim_virtio && post-fs-data (/vendor/etc/init/init.cutf_cvm.rc:81) took 62ms and succeeded
[  182.995046][    T1] init: processing action (load-bpf-programs) from (/system/etc/init/init-perfetto.rc:6)
[  183.014708][    T1] init: processing action (load-bpf-programs) from (/system/etc/init/init-perfetto.rc:6)
[  183.015831][    T1] init: processing action (load-bpf-programs) from (/system/etc/init/netbpfload.rc:38)
[  183.042735][    T1] init: starting service 'bpfloader'...
[  183.100905][    T1] libprocessgroup: Created cgroup /sys/fs/cgroup/system/uid_0/pid_603
[  183.653076][    T1] init: ... started service 'bpfloader' has pid 603
[  183.708606][    T1] init: SVC_EXEC service 'bpfloader' pid 603 (uid 0 gid 0+7 context default) started; waiting...
[  183.830999][    T1] init: Command 'exec_start bpfloader' action=load-bpf-programs (/system/etc/init/netbpfload.rc:47) took 787ms and succeeded
[  185.283223][  T601] virtio_net virtio1 buried_eth0: renamed from eth0
[  185.632512][    T1] init: Service 'rename_eth0' (pid 601) exited with status 0 oneshot service took 2.812000 seconds in background
[  185.656722][    T1] init: Sending SIGKILL to service 'rename_eth0' (pid 601) process group...
[  185.718947][    T1] libprocessgroup: Removed cgroup /sys/fs/cgroup/system/uid_0/pid_601
[  186.819097][  T603] NetBpfLoad: /apex/com.android.tethering/bin/netbpfload api:37/3700 kver:60c004a (64-on-aarch64:4k) libbpf: v1.4 uid:0 rc:01 user:010
[  186.973675][  T603] NetBpfLoad: Tethering APEX version 370399999 (system: 370399999)
[  187.031837][  T603] NetBpfLoad: detected 5 of 5: 2026Q2 api:37.0.0=3700
[  188.172704][  T427] type=1334 audit(1791040437.252:5): prog-id=1 op=LOAD
[  188.531720][  T427] type=1300 audit(1791040437.252:5): arch=c00000b7 syscall=280 success=yes exit=3 a0=5 a1=7fd37367c8 a2=74 a3=0 items=0 ppid=1 auid=4294967295 uid=0 gid=0 euid=0 suid=0 fsuid=0 egid=0 sgid=0 fsgid=0 tty=(none) ses=4294967295 comm="netbpfload" exe="/apex/com.android.tethering/bin/netbpfload" subj=u:r:bpfloader:s0 key=(null)
[  188.765547][  T427] type=1327 audit(1791040437.252:5): proctitle="/apex/com.android.tethering/bin/netbpfload"
[  188.858056][  T427] type=1320 audit(1791040437.252:5): 
[  188.869868][  T427] type=1334 audit(1791040437.756:6): prog-id=1 op=UNLOAD
[  188.882507][  T427] type=1300 audit(1791040437.756:6): arch=c00000b7 syscall=57 success=yes exit=0 a0=3 a1=0 a2=71155444d0 a3=0 items=0 ppid=1 auid=4294967295 uid=0 gid=0 euid=0 suid=0 fsuid=0 egid=0 sgid=0 fsgid=0 tty=(none) ses=4294967295 comm="netbpfload" exe="/apex/com.android.tethering/bin/netbpfload" subj=u:r:bpfloader:s0 key=(null)
[  188.909567][  T427] type=1327 audit(1791040437.756:6): proctitle="/apex/com.android.tethering/bin/netbpfload"
[  188.959988][  T427] type=1320 audit(1791040437.756:6): 
[  189.570504][  T427] type=1334 audit(1791040438.876:7): prog-id=2 op=LOAD
[  189.649519][  T427] type=1300 audit(1791040438.876:7): arch=c00000b7 syscall=280 success=yes exit=3 a0=5 a1=7fd3736c50 a2=98 a3=b4000070dd6050dc items=0 ppid=1 auid=4294967295 uid=0 gid=0 euid=0 suid=0 fsuid=0 egid=0 sgid=0 fsgid=0 tty=(none) ses=4294967295 comm="netbpfload" exe="/apex/com.android.tethering/bin/netbpfload" subj=u:r:bpfloader:s0 key=(null)
[  189.678865][  T427] type=1327 audit(1791040438.876:7): proctitle="/apex/com.android.tethering/bin/netbpfload"
[  189.684708][  T427] type=1320 audit(1791040438.876:7): 
[  189.697690][  T427] type=1334 audit(1791040439.240:8): prog-id=3 op=LOAD
[  189.705713][    T1] init: Service 'init_wifi_sh' (pid 602) exited with status 0 oneshot service took 6.744000 seconds in background
[  189.707010][  T427] type=1300 audit(1791040439.240:8): arch=c00000b7 syscall=280 success=yes exit=13 a0=5 a1=7fd3736c50 a2=98 a3=b4000070dd6051cc items=0 ppid=1 auid=4294967295 uid=0 gid=0 euid=0 suid=0 fsuid=0 egid=0 sgid=0 fsgid=0 tty=(none) ses=4294967295 comm="netbpfload" exe="/apex/com.android.tethering/bin/netbpfload" subj=u:r:bpfloader:s0 key=(null)
[  189.707022][  T427] type=1327 audit(1791040439.240:8): proctitle="/apex/com.android.tethering/bin/netbpfload"
[  189.707027][  T427] type=1320 audit(1791040439.240:8): 
[  189.708018][    T1] init: Sending SIGKILL to service 'init_wifi_sh' (pid 602) process group...
[  189.713978][  T427] type=1334 audit(1791040439.336:9): prog-id=4 op=LOAD
[  189.718168][  T427] type=1300 audit(1791040439.336:9): arch=c00000b7 syscall=280 success=yes exit=14 a0=5 a1=7fd3736c50 a2=98 a3=b4000070dd60549c items=0 ppid=1 auid=4294967295 uid=0 gid=0 euid=0 suid=0 fsuid=0 egid=0 sgid=0 fsgid=0 tty=(none) ses=4294967295 comm="netbpfload" exe="/apex/com.android.tethering/bin/netbpfload" subj=u:r:bpfloader:s0 key=(null)
[  189.728152][    T1] libprocessgroup: Removed cgroup /sys/fs/cgroup/system/uid_0/pid_602
[  189.728904][  T427] type=1327 audit(1791040439.336:9): proctitle="/apex/com.android.tethering/bin/netbpfload"
[  189.737696][  T427] type=1320 audit(1791040439.336:9): 
[  189.741567][  T427] type=1334 audit(1791040439.344:10): prog-id=5 op=LOAD
[  189.746348][  T427] type=1300 audit(1791040439.344:10): arch=c00000b7 syscall=280 success=yes exit=15 a0=5 a1=7fd3736c50 a2=98 a3=b4000070dd60558c items=0 ppid=1 auid=4294967295 uid=0 gid=0 euid=0 suid=0 fsuid=0 egid=0 sgid=0 fsgid=0 tty=(none) ses=4294967295 comm="netbpfload" exe="/apex/com.android.tethering/bin/netbpfload" subj=u:r:bpfloader:s0 key=(null)
[  189.763061][  T427] type=1327 audit(1791040439.344:10): proctitle="/apex/com.android.tethering/bin/netbpfload"
[  189.763933][  T427] type=1320 audit(1791040439.344:10): 
[  189.764648][  T427] type=1334 audit(1791040439.360:11): prog-id=6 op=LOAD
[  189.765780][  T427] type=1300 audit(1791040439.360:11): arch=c00000b7 syscall=280 success=yes exit=16 a0=5 a1=7fd3736c50 a2=98 a3=b4000070dd605a3c items=0 ppid=1 auid=4294967295 uid=0 gid=0 euid=0 suid=0 fsuid=0 egid=0 sgid=0 fsgid=0 tty=(none) ses=4294967295 comm="netbpfload" exe="/apex/com.android.tethering/bin/netbpfload" subj=u:r:bpfloader:s0 key=(null)
[  189.767380][  T427] type=1327 audit(1791040439.360:11): proctitle="/apex/com.android.tethering/bin/netbpfload"
[  189.768116][  T427] type=1320 audit(1791040439.360:11): 
[  189.768751][  T427] type=1334 audit(1791040439.392:12): prog-id=7 op=LOAD
[  189.769357][  T427] type=1300 audit(1791040439.392:12): arch=c00000b7 syscall=280 success=yes exit=17 a0=5 a1=7fd3736c50 a2=98 a3=b4000070dd605b2c items=0 ppid=1 auid=4294967295 uid=0 gid=0 euid=0 suid=0 fsuid=0 egid=0 sgid=0 fsgid=0 tty=(none) ses=4294967295 comm="netbpfload" exe="/apex/com.android.tethering/bin/netbpfload" subj=u:r:bpfloader:s0 key=(null)
[  189.771409][  T427] type=1327 audit(1791040439.392:12): proctitle="/apex/com.android.tethering/bin/netbpfload"
[  189.777692][  T427] type=1320 audit(1791040439.392:12): 
[  189.790925][  T427] type=1334 audit(1791040439.396:13): prog-id=8 op=LOAD
[  189.796809][  T427] type=1300 audit(1791040439.396:13): arch=c00000b7 syscall=280 success=yes exit=18 a0=5 a1=7fd3736c50 a2=98 a3=b4000070dd605c1c items=0 ppid=1 auid=4294967295 uid=0 gid=0 euid=0 suid=0 fsuid=0 egid=0 sgid=0 fsgid=0 tty=(none) ses=4294967295 comm="netbpfload" exe="/apex/com.android.tethering/bin/netbpfload" subj=u:r:bpfloader:s0 key=(null)
[  189.805598][  T427] type=1327 audit(1791040439.396:13): proctitle="/apex/com.android.tethering/bin/netbpfload"
[  189.815949][  T427] type=1320 audit(1791040439.396:13): 
[  189.821540][  T427] type=1334 audit(1791040439.400:14): prog-id=9 op=LOAD
[  189.824046][  T427] type=1300 audit(1791040439.400:14): arch=c00000b7 syscall=280 success=yes exit=19 a0=5 a1=7fd3736c50 a2=98 a3=b4000070dd605d0c items=0 ppid=1 auid=4294967295 uid=0 gid=0 euid=0 suid=0 fsuid=0 egid=0 sgid=0 fsgid=0 tty=(none) ses=4294967295 comm="netbpfload" exe="/apex/com.android.tethering/bin/netbpfload" subj=u:r:bpfloader:s0 key=(null)
[  189.827453][  T427] type=1327 audit(1791040439.400:14): proctitle="/apex/com.android.tethering/bin/netbpfload"
[  189.827852][  T427] type=1320 audit(1791040439.400:14): 
[  190.018136][  T427] type=1334 audit(1791040439.584:15): prog-id=10 op=LOAD
[  190.047120][  T427] type=1300 audit(1791040439.584:15): arch=c00000b7 syscall=280 success=yes exit=3 a0=5 a1=7fd37352f0 a2=94 a3=2 items=0 ppid=1 auid=4294967295 uid=0 gid=0 euid=0 suid=0 fsuid=0 egid=0 sgid=0 fsgid=0 tty=(none) ses=4294967295 comm="netbpfload" exe="/apex/com.android.tethering/bin/netbpfload" subj=u:r:bpfloader:s0 key=(null)
[  190.096414][  T427] type=1327 audit(1791040439.584:15): proctitle="/apex/com.android.tethering/bin/netbpfload"
[  190.131690][  T427] type=1320 audit(1791040439.584:15): 
[  190.135914][  T427] type=1334 audit(1791040439.612:16): prog-id=10 op=UNLOAD
[  190.139131][  T427] type=1300 audit(1791040439.612:16): arch=c00000b7 syscall=57 success=yes exit=0 a0=3 a1=0 a2=71155444d0 a3=2 items=0 ppid=1 auid=4294967295 uid=0 gid=0 euid=0 suid=0 fsuid=0 egid=0 sgid=0 fsgid=0 tty=(none) ses=4294967295 comm="netbpfload" exe="/apex/com.android.tethering/bin/netbpfload" subj=u:r:bpfloader:s0 key=(null)
[  190.187530][  T427] type=1327 audit(1791040439.612:16): proctitle="/apex/com.android.tethering/bin/netbpfload"
[  190.201669][  T427] type=1320 audit(1791040439.612:16): 
[  190.202717][  T427] type=1334 audit(1791040439.748:17): prog-id=11 op=LOAD
[  190.251485][  T427] type=1300 audit(1791040439.748:17): arch=c00000b7 syscall=280 success=yes exit=9 a0=5 a1=7fd37351e8 a2=40 a3=0 items=0 ppid=1 auid=4294967295 uid=0 gid=0 euid=0 suid=0 fsuid=0 egid=0 sgid=0 fsgid=0 tty=(none) ses=4294967295 comm="netbpfload" exe="/apex/com.android.tethering/bin/netbpfload" subj=u:r:bpfloader:s0 key=(null)
[  190.264914][  T427] type=1327 audit(1791040439.748:17): proctitle="/apex/com.android.tethering/bin/netbpfload"
[  190.265751][  T427] type=1320 audit(1791040439.748:17): 
[  190.266153][  T427] type=1334 audit(1791040439.768:18): prog-id=11 op=UNLOAD
[  190.266560][  T427] type=1300 audit(1791040439.768:18): arch=c00000b7 syscall=57 success=yes exit=0 a0=9 a1=0 a2=7115544500 a3=0 items=0 ppid=1 auid=4294967295 uid=0 gid=0 euid=0 suid=0 fsuid=0 egid=0 sgid=0 fsgid=0 tty=(none) ses=4294967295 comm="netbpfload" exe="/apex/com.android.tethering/bin/netbpfload" subj=u:r:bpfloader:s0 key=(null)
[  190.267827][  T427] type=1327 audit(1791040439.768:18): proctitle="/apex/com.android.tethering/bin/netbpfload"
[  190.268371][  T427] type=1320 audit(1791040439.768:18): 
[  190.323438][  T427] type=1334 audit(1791040439.936:19): prog-id=12 op=LOAD
[  190.377239][  T427] type=1300 audit(1791040439.936:19): arch=c00000b7 syscall=280 success=yes exit=3 a0=5 a1=7fd37352f0 a2=94 a3=2 items=0 ppid=1 auid=4294967295 uid=0 gid=0 euid=0 suid=0 fsuid=0 egid=0 sgid=0 fsgid=0 tty=(none) ses=4294967295 comm="netbpfload" exe="/apex/com.android.tethering/bin/netbpfload" subj=u:r:bpfloader:s0 key=(null)
[  190.396607][  T427] type=1327 audit(1791040439.936:19): proctitle="/apex/com.android.tethering/bin/netbpfload"
[  190.399313][  T427] type=1320 audit(1791040439.936:19): 
[  190.399662][  T427] type=1334 audit(1791040439.956:20): prog-id=12 op=UNLOAD
[  190.401022][  T427] type=1300 audit(1791040439.956:20): arch=c00000b7 syscall=57 success=yes exit=0 a0=3 a1=0 a2=71155444d0 a3=2 items=0 ppid=1 auid=4294967295 uid=0 gid=0 euid=0 suid=0 fsuid=0 egid=0 sgid=0 fsgid=0 tty=(none) ses=4294967295 comm="netbpfload" exe="/apex/com.android.tethering/bin/netbpfload" subj=u:r:bpfloader:s0 key=(null)
[  190.402528][  T427] type=1327 audit(1791040439.956:20): proctitle="/apex/com.android.tethering/bin/netbpfload"
[  190.403471][  T427] type=1320 audit(1791040439.956:20): 
[  190.403766][  T427] type=1334 audit(1791040439.956:21): prog-id=13 op=LOAD
[  190.405362][  T427] type=1300 audit(1791040439.956:21): arch=c00000b7 syscall=280 success=yes exit=6 a0=5 a1=7fd3735170 a2=94 a3=4 items=0 ppid=1 auid=4294967295 uid=0 gid=0 euid=0 suid=0 fsuid=0 egid=0 sgid=0 fsgid=0 tty=(none) ses=4294967295 comm="netbpfload" exe="/apex/com.android.tethering/bin/netbpfload" subj=u:r:bpfloader:s0 key=(null)
[  190.416541][  T427] type=1327 audit(1791040439.956:21): proctitle="/apex/com.android.tethering/bin/netbpfload"
[  190.417157][  T427] type=1320 audit(1791040439.956:21): 
[  190.418573][  T427] type=1334 audit(1791040440.012:22): prog-id=13 op=UNLOAD
[  190.425680][  T427] type=1300 audit(1791040440.012:22): arch=c00000b7 syscall=57 success=yes exit=0 a0=6 a1=0 a2=71155444e8 a3=4 items=0 ppid=1 auid=4294967295 uid=0 gid=0 euid=0 suid=0 fsuid=0 egid=0 sgid=0 fsgid=0 tty=(none) ses=4294967295 comm="netbpfload" exe="/apex/com.android.tethering/bin/netbpfload" subj=u:r:bpfloader:s0 key=(null)
[  190.443016][  T427] type=1327 audit(1791040440.012:22): proctitle="/apex/com.android.tethering/bin/netbpfload"
[  190.445849][  T427] type=1320 audit(1791040440.012:22): 
[  190.446153][  T427] type=1334 audit(1791040440.016:23): prog-id=14 op=LOAD
[  190.446564][  T427] type=1300 audit(1791040440.016:23): arch=c00000b7 syscall=280 success=yes exit=6 a0=5 a1=7fd37352f0 a2=94 a3=17f items=0 ppid=1 auid=4294967295 uid=0 gid=0 euid=0 suid=0 fsuid=0 egid=0 sgid=0 fsgid=0 tty=(none) ses=4294967295 comm="netbpfload" exe="/apex/com.android.tethering/bin/netbpfload" subj=u:r:bpfloader:s0 key=(null)
[  190.447851][  T427] type=1327 audit(1791040440.016:23): proctitle="/apex/com.android.tethering/bin/netbpfload"
[  190.448326][  T427] type=1320 audit(1791040440.016:23): 
[  190.448722][  T427] type=1334 audit(1791040440.028:24): prog-id=15 op=LOAD
[  190.451706][  T427] type=1300 audit(1791040440.028:24): arch=c00000b7 syscall=280 success=yes exit=7 a0=5 a1=7fd37352f0 a2=94 a3=12e items=0 ppid=1 auid=4294967295 uid=0 gid=0 euid=0 suid=0 fsuid=0 egid=0 sgid=0 fsgid=0 tty=(none) ses=4294967295 comm="netbpfload" exe="/apex/com.android.tethering/bin/netbpfload" subj=u:r:bpfloader:s0 key=(null)
[  190.454883][  T427] type=1327 audit(1791040440.028:24): proctitle="/apex/com.android.tethering/bin/netbpfload"
[  190.455397][  T427] type=1320 audit(1791040440.028:24): 
[  190.456278][  T427] type=1334 audit(1791040440.032:25): prog-id=16 op=LOAD
[  190.486877][  T427] type=1300 audit(1791040440.032:25): arch=c00000b7 syscall=280 success=yes exit=8 a0=5 a1=7fd37352f0 a2=94 a3=f7 items=0 ppid=1 auid=4294967295 uid=0 gid=0 euid=0 suid=0 fsuid=0 egid=0 sgid=0 fsgid=0 tty=(none) ses=4294967295 comm="netbpfload" exe="/apex/com.android.tethering/bin/netbpfload" subj=u:r:bpfloader:s0 key=(null)
[  190.493272][  T427] type=1327 audit(1791040440.032:25): proctitle="/apex/com.android.tethering/bin/netbpfload"
[  190.493966][  T427] type=1320 audit(1791040440.032:25): 
[  190.494470][  T427] type=1334 audit(1791040440.080:26): prog-id=17 op=LOAD
[  190.495600][  T427] type=1300 audit(1791040440.080:26): arch=c00000b7 syscall=280 success=yes exit=3 a0=5 a1=7fd37352f0 a2=94 a3=2 items=0 ppid=1 auid=4294967295 uid=0 gid=0 euid=0 suid=0 fsuid=0 egid=0 sgid=0 fsgid=0 tty=(none) ses=4294967295 comm="netbpfload" exe="/apex/com.android.tethering/bin/netbpfload" subj=u:r:bpfloader:s0 key=(null)
[  190.509429][  T427] type=1327 audit(1791040440.080:26): proctitle="/apex/com.android.tethering/bin/netbpfload"
[  190.512337][  T427] type=1320 audit(1791040440.080:26): 
[  190.517523][  T427] type=1334 audit(1791040440.084:27): prog-id=17 op=UNLOAD
[  190.523136][  T427] type=1300 audit(1791040440.084:27): arch=c00000b7 syscall=57 success=yes exit=0 a0=3 a1=0 a2=71155444d0 a3=2 items=0 ppid=1 auid=4294967295 uid=0 gid=0 euid=0 suid=0 fsuid=0 egid=0 sgid=0 fsgid=0 tty=(none) ses=4294967295 comm="netbpfload" exe="/apex/com.android.tethering/bin/netbpfload" subj=u:r:bpfloader:s0 key=(null)
[  190.525980][  T427] type=1327 audit(1791040440.084:27): proctitle="/apex/com.android.tethering/bin/netbpfload"
[  190.526472][  T427] type=1320 audit(1791040440.084:27): 
[  190.526687][  T427] type=1334 audit(1791040440.084:28): prog-id=18 op=LOAD
[  190.527009][  T427] type=1300 audit(1791040440.084:28): arch=c00000b7 syscall=280 success=yes exit=7 a0=5 a1=7fd37352f0 a2=94 a3=1eb items=0 ppid=1 auid=4294967295 uid=0 gid=0 euid=0 suid=0 fsuid=0 egid=0 sgid=0 fsgid=0 tty=(none) ses=4294967295 comm="netbpfload" exe="/apex/com.android.tethering/bin/netbpfload" subj=u:r:bpfloader:s0 key=(null)
[  190.530507][  T427] type=1327 audit(1791040440.084:28): proctitle="/apex/com.android.tethering/bin/netbpfload"
[  190.531075][  T427] type=1320 audit(1791040440.084:28): 
[  190.561443][  T427] type=1334 audit(1791040440.188:29): prog-id=19 op=LOAD
[  190.563098][  T427] type=1300 audit(1791040440.188:29): arch=c00000b7 syscall=280 success=yes exit=3 a0=5 a1=7fd37352f0 a2=94 a3=2 items=0 ppid=1 auid=4294967295 uid=0 gid=0 euid=0 suid=0 fsuid=0 egid=0 sgid=0 fsgid=0 tty=(none) ses=4294967295 comm="netbpfload" exe="/apex/com.android.tethering/bin/netbpfload" subj=u:r:bpfloader:s0 key=(null)
[  190.582401][  T427] type=1327 audit(1791040440.188:29): proctitle="/apex/com.android.tethering/bin/netbpfload"
[  190.587105][  T427] type=1320 audit(1791040440.188:29): 
[  190.589576][  T427] type=1334 audit(1791040440.188:30): prog-id=19 op=UNLOAD
[  190.595310][  T427] type=1300 audit(1791040440.188:30): arch=c00000b7 syscall=57 success=yes exit=0 a0=3 a1=0 a2=71155444d0 a3=2 items=0 ppid=1 auid=4294967295 uid=0 gid=0 euid=0 suid=0 fsuid=0 egid=0 sgid=0 fsgid=0 tty=(none) ses=4294967295 comm="netbpfload" exe="/apex/com.android.tethering/bin/netbpfload" subj=u:r:bpfloader:s0 key=(null)
[  190.622979][  T427] type=1327 audit(1791040440.188:30): proctitle="/apex/com.android.tethering/bin/netbpfload"
[  190.633682][  T427] type=1320 audit(1791040440.188:30): 
[  190.843320][  T427] type=1334 audit(1791040440.400:31): prog-id=20 op=LOAD
[  190.855698][  T427] type=1300 audit(1791040440.400:31): arch=c00000b7 syscall=280 success=yes exit=41 a0=5 a1=7fd37352f0 a2=94 a3=50 items=0 ppid=1 auid=4294967295 uid=0 gid=0 euid=0 suid=0 fsuid=0 egid=0 sgid=0 fsgid=0 tty=(none) ses=4294967295 comm="netbpfload" exe="/apex/com.android.tethering/bin/netbpfload" subj=u:r:bpfloader:s0 key=(null)
[  190.858466][  T427] type=1327 audit(1791040440.400:31): proctitle="/apex/com.android.tethering/bin/netbpfload"
[  190.898076][  T427] type=1320 audit(1791040440.400:31): 
[  190.909416][  T427] type=1334 audit(1791040440.472:32): prog-id=21 op=LOAD
[  190.922550][  T427] type=1300 audit(1791040440.472:32): arch=c00000b7 syscall=280 success=yes exit=42 a0=5 a1=7fd37352f0 a2=94 a3=7c items=0 ppid=1 auid=4294967295 uid=0 gid=0 euid=0 suid=0 fsuid=0 egid=0 sgid=0 fsgid=0 tty=(none) ses=4294967295 comm="netbpfload" exe="/apex/com.android.tethering/bin/netbpfload" subj=u:r:bpfloader:s0 key=(null)
[  190.942831][  T427] type=1327 audit(1791040440.472:32): proctitle="/apex/com.android.tethering/bin/netbpfload"
[  190.944460][  T427] type=1320 audit(1791040440.472:32): 
[  190.949590][  T427] type=1334 audit(1791040440.484:33): prog-id=22 op=LOAD
[  190.950697][  T427] type=1300 audit(1791040440.484:33): arch=c00000b7 syscall=280 success=yes exit=43 a0=5 a1=7fd37352f0 a2=94 a3=7c items=0 ppid=1 auid=4294967295 uid=0 gid=0 euid=0 suid=0 fsuid=0 egid=0 sgid=0 fsgid=0 tty=(none) ses=4294967295 comm="netbpfload" exe="/apex/com.android.tethering/bin/netbpfload" subj=u:r:bpfloader:s0 key=(null)
[  190.959469][  T427] type=1327 audit(1791040440.484:33): proctitle="/apex/com.android.tethering/bin/netbpfload"
[  190.988957][  T427] type=1320 audit(1791040440.484:33): 
[  191.001549][  T427] type=1334 audit(1791040440.488:34): prog-id=23 op=LOAD
[  191.014948][  T427] type=1300 audit(1791040440.488:34): arch=c00000b7 syscall=280 success=yes exit=44 a0=5 a1=7fd37352f0 a2=94 a3=587 items=0 ppid=1 auid=4294967295 uid=0 gid=0 euid=0 suid=0 fsuid=0 egid=0 sgid=0 fsgid=0 tty=(none) ses=4294967295 comm="netbpfload" exe="/apex/com.android.tethering/bin/netbpfload" subj=u:r:bpfloader:s0 key=(null)
[  191.025791][  T427] type=1327 audit(1791040440.488:34): proctitle="/apex/com.android.tethering/bin/netbpfload"
[  191.034330][  T427] type=1320 audit(1791040440.488:34): 
[  191.061911][  T427] type=1334 audit(1791040440.632:35): prog-id=24 op=LOAD
[  191.063451][  T427] type=1300 audit(1791040440.632:35): arch=c00000b7 syscall=280 success=yes exit=45 a0=5 a1=7fd37352f0 a2=94 a3=6c2 items=0 ppid=1 auid=4294967295 uid=0 gid=0 euid=0 suid=0 fsuid=0 egid=0 sgid=0 fsgid=0 tty=(none) ses=4294967295 comm="netbpfload" exe="/apex/com.android.tethering/bin/netbpfload" subj=u:r:bpfloader:s0 key=(null)
[  191.065049][  T427] type=1327 audit(1791040440.632:35): proctitle="/apex/com.android.tethering/bin/netbpfload"
[  191.066739][  T427] type=1320 audit(1791040440.632:35): 
[  191.067492][  T427] type=1334 audit(1791040440.692:36): prog-id=25 op=LOAD
[  191.068313][  T427] type=1300 audit(1791040440.692:36): arch=c00000b7 syscall=280 success=yes exit=46 a0=5 a1=7fd37352f0 a2=94 a3=46 items=0 ppid=1 auid=4294967295 uid=0 gid=0 euid=0 suid=0 fsuid=0 egid=0 sgid=0 fsgid=0 tty=(none) ses=4294967295 comm="netbpfload" exe="/apex/com.android.tethering/bin/netbpfload" subj=u:r:bpfloader:s0 key=(null)
[  191.070529][  T427] type=1327 audit(1791040440.692:36): proctitle="/apex/com.android.tethering/bin/netbpfload"
[  191.071295][  T427] type=1320 audit(1791040440.692:36): 
[  191.072672][  T427] type=1334 audit(1791040440.692:37): prog-id=26 op=LOAD
[  191.073292][  T427] type=1300 audit(1791040440.692:37): arch=c00000b7 syscall=280 success=yes exit=47 a0=5 a1=7fd37352f0 a2=94 a3=35 items=0 ppid=1 auid=4294967295 uid=0 gid=0 euid=0 suid=0 fsuid=0 egid=0 sgid=0 fsgid=0 tty=(none) ses=4294967295 comm="netbpfload" exe="/apex/com.android.tethering/bin/netbpfload" subj=u:r:bpfloader:s0 key=(null)
[  191.075105][  T427] type=1327 audit(1791040440.692:37): proctitle="/apex/com.android.tethering/bin/netbpfload"
[  191.076282][  T427] type=1320 audit(1791040440.692:37): 
[  191.077015][  T427] type=1334 audit(1791040440.696:38): prog-id=27 op=LOAD
[  191.077826][  T427] type=1300 audit(1791040440.696:38): arch=c00000b7 syscall=280 success=yes exit=48 a0=5 a1=7fd37352f0 a2=94 a3=37 items=0 ppid=1 auid=4294967295 uid=0 gid=0 euid=0 suid=0 fsuid=0 egid=0 sgid=0 fsgid=0 tty=(none) ses=4294967295 comm="netbpfload" exe="/apex/com.android.tethering/bin/netbpfload" subj=u:r:bpfloader:s0 key=(null)
[  191.080052][  T427] type=1327 audit(1791040440.696:38): proctitle="/apex/com.android.tethering/bin/netbpfload"
[  191.080809][  T427] type=1320 audit(1791040440.696:38): 
[  191.081757][  T427] type=1334 audit(1791040440.696:39): prog-id=28 op=LOAD
[  191.082632][  T427] type=1300 audit(1791040440.696:39): arch=c00000b7 syscall=280 success=yes exit=49 a0=5 a1=7fd37352f0 a2=94 a3=1c items=0 ppid=1 auid=4294967295 uid=0 gid=0 euid=0 suid=0 fsuid=0 egid=0 sgid=0 fsgid=0 tty=(none) ses=4294967295 comm="netbpfload" exe="/apex/com.android.tethering/bin/netbpfload" subj=u:r:bpfloader:s0 key=(null)
[  191.084379][  T427] type=1327 audit(1791040440.696:39): proctitle="/apex/com.android.tethering/bin/netbpfload"
[  191.085132][  T427] type=1320 audit(1791040440.696:39): 
[  191.089988][  T427] type=1334 audit(1791040440.696:40): prog-id=29 op=LOAD
[  191.096568][  T427] type=1300 audit(1791040440.696:40): arch=c00000b7 syscall=280 success=yes exit=50 a0=5 a1=7fd37352f0 a2=94 a3=10 items=0 ppid=1 auid=4294967295 uid=0 gid=0 euid=0 suid=0 fsuid=0 egid=0 sgid=0 fsgid=0 tty=(none) ses=4294967295 comm="netbpfload" exe="/apex/com.android.tethering/bin/netbpfload" subj=u:r:bpfloader:s0 key=(null)
[  191.101348][  T427] type=1327 audit(1791040440.696:40): proctitle="/apex/com.android.tethering/bin/netbpfload"
[  191.105526][  T427] type=1320 audit(1791040440.696:40): 
[  191.107007][  T427] type=1334 audit(1791040440.700:41): prog-id=30 op=LOAD
[  191.108947][  T427] type=1300 audit(1791040440.700:41): arch=c00000b7 syscall=280 success=yes exit=51 a0=5 a1=7fd37352f0 a2=94 a3=5b items=0 ppid=1 auid=4294967295 uid=0 gid=0 euid=0 suid=0 fsuid=0 egid=0 sgid=0 fsgid=0 tty=(none) ses=4294967295 comm="netbpfload" exe="/apex/com.android.tethering/bin/netbpfload" subj=u:r:bpfloader:s0 key=(null)
[  191.111252][  T427] type=1327 audit(1791040440.700:41): proctitle="/apex/com.android.tethering/bin/netbpfload"
[  191.119842][  T427] type=1320 audit(1791040440.700:41): 
[  191.120043][  T427] type=1334 audit(1791040440.700:42): prog-id=31 op=LOAD
[  191.120440][  T427] type=1300 audit(1791040440.700:42): arch=c00000b7 syscall=280 success=yes exit=52 a0=5 a1=7fd37352f0 a2=94 a3=a items=0 ppid=1 auid=4294967295 uid=0 gid=0 euid=0 suid=0 fsuid=0 egid=0 sgid=0 fsgid=0 tty=(none) ses=4294967295 comm="netbpfload" exe="/apex/com.android.tethering/bin/netbpfload" subj=u:r:bpfloader:s0 key=(null)
[  191.121763][  T427] type=1327 audit(1791040440.700:42): proctitle="/apex/com.android.tethering/bin/netbpfload"
[  191.122300][  T427] type=1320 audit(1791040440.700:42): 
[  191.123275][  T427] type=1334 audit(1791040440.700:43): prog-id=32 op=LOAD
[  191.125719][  T427] type=1300 audit(1791040440.700:43): arch=c00000b7 syscall=280 success=yes exit=53 a0=5 a1=7fd37352f0 a2=94 a3=63 items=0 ppid=1 auid=4294967295 uid=0 gid=0 euid=0 suid=0 fsuid=0 egid=0 sgid=0 fsgid=0 tty=(none) ses=4294967295 comm="netbpfload" exe="/apex/com.android.tethering/bin/netbpfload" subj=u:r:bpfloader:s0 key=(null)
[  191.127785][  T427] type=1327 audit(1791040440.700:43): proctitle="/apex/com.android.tethering/bin/netbpfload"
[  191.128342][  T427] type=1320 audit(1791040440.700:43): 
[  191.128651][  T427] type=1334 audit(1791040440.700:44): prog-id=33 op=LOAD
[  191.129062][  T427] type=1300 audit(1791040440.700:44): arch=c00000b7 syscall=280 success=yes exit=54 a0=5 a1=7fd37352f0 a2=94 a3=63 items=0 ppid=1 auid=4294967295 uid=0 gid=0 euid=0 suid=0 fsuid=0 egid=0 sgid=0 fsgid=0 tty=(none) ses=4294967295 comm="netbpfload" exe="/apex/com.android.tethering/bin/netbpfload" subj=u:r:bpfloader:s0 key=(null)
[  191.130338][  T427] type=1327 audit(1791040440.700:44): proctitle="/apex/com.android.tethering/bin/netbpfload"
[  191.130831][  T427] type=1320 audit(1791040440.700:44): 
[  191.131280][  T427] type=1334 audit(1791040440.704:45): prog-id=34 op=LOAD
[  191.131558][  T427] type=1300 audit(1791040440.704:45): arch=c00000b7 syscall=280 success=yes exit=55 a0=5 a1=7fd37352f0 a2=94 a3=2 items=0 ppid=1 auid=4294967295 uid=0 gid=0 euid=0 suid=0 fsuid=0 egid=0 sgid=0 fsgid=0 tty=(none) ses=4294967295 comm="netbpfload" exe="/apex/com.android.tethering/bin/netbpfload" subj=u:r:bpfloader:s0 key=(null)
[  191.133008][  T427] type=1327 audit(1791040440.704:45): proctitle="/apex/com.android.tethering/bin/netbpfload"
[  191.136145][  T603] NetBpfLoad: done, transferring control to uprobestatsbpfload.
[  191.136599][  T427] type=1320 audit(1791040440.704:45): 
[  191.141573][  T427] type=1334 audit(1791040440.704:46): prog-id=35 op=LOAD
[  191.144020][  T427] type=1300 audit(1791040440.704:46): arch=c00000b7 syscall=280 success=yes exit=56 a0=5 a1=7fd37352f0 a2=94 a3=2 items=0 ppid=1 auid=4294967295 uid=0 gid=0 euid=0 suid=0 fsuid=0 egid=0 sgid=0 fsgid=0 tty=(none) ses=4294967295 comm="netbpfload" exe="/apex/com.android.tethering/bin/netbpfload" subj=u:r:bpfloader:s0 key=(null)
[  191.145388][  T427] type=1327 audit(1791040440.704:46): proctitle="/apex/com.android.tethering/bin/netbpfload"
[  191.145910][  T427] type=1320 audit(1791040440.704:46): 
[  191.146237][  T427] type=1334 audit(1791040440.704:47): prog-id=36 op=LOAD
[  191.146520][  T427] type=1300 audit(1791040440.704:47): arch=c00000b7 syscall=280 success=yes exit=57 a0=5 a1=7fd37352f0 a2=94 a3=2 items=0 ppid=1 auid=4294967295 uid=0 gid=0 euid=0 suid=0 fsuid=0 egid=0 sgid=0 fsgid=0 tty=(none) ses=4294967295 comm="netbpfload" exe="/apex/com.android.tethering/bin/netbpfload" subj=u:r:bpfloader:s0 key=(null)
[  191.162274][  T427] type=1327 audit(1791040440.704:47): proctitle="/apex/com.android.tethering/bin/netbpfload"
[  191.169087][  T427] type=1320 audit(1791040440.704:47): 
[  191.171336][  T427] type=1334 audit(1791040440.708:48): prog-id=37 op=LOAD
[  191.172139][  T427] type=1300 audit(1791040440.708:48): arch=c00000b7 syscall=280 success=yes exit=58 a0=5 a1=7fd37352f0 a2=94 a3=2 items=0 ppid=1 auid=4294967295 uid=0 gid=0 euid=0 suid=0 fsuid=0 egid=0 sgid=0 fsgid=0 tty=(none) ses=4294967295 comm="netbpfload" exe="/apex/com.android.tethering/bin/netbpfload" subj=u:r:bpfloader:s0 key=(null)
[  191.175274][  T427] type=1327 audit(1791040440.708:48): proctitle="/apex/com.android.tethering/bin/netbpfload"
[  191.181310][  T427] type=1320 audit(1791040440.708:48): 
[  191.185730][  T427] type=1334 audit(1791040440.708:49): prog-id=38 op=LOAD
[  191.193284][  T427] type=1300 audit(1791040440.708:49): arch=c00000b7 syscall=280 success=yes exit=59 a0=5 a1=7fd37352f0 a2=94 a3=2 items=0 ppid=1 auid=4294967295 uid=0 gid=0 euid=0 suid=0 fsuid=0 egid=0 sgid=0 fsgid=0 tty=(none) ses=4294967295 comm="netbpfload" exe="/apex/com.android.tethering/bin/netbpfload" subj=u:r:bpfloader:s0 key=(null)
[  191.206691][  T427] type=1327 audit(1791040440.708:49): proctitle="/apex/com.android.tethering/bin/netbpfload"
[  191.211935][  T427] type=1320 audit(1791040440.708:49): 
[  191.216022][  T427] type=1334 audit(1791040440.712:50): prog-id=39 op=LOAD
[  191.222337][  T427] type=1300 audit(1791040440.712:50): arch=c00000b7 syscall=280 success=yes exit=60 a0=5 a1=7fd37352f0 a2=94 a3=2 items=0 ppid=1 auid=4294967295 uid=0 gid=0 euid=0 suid=0 fsuid=0 egid=0 sgid=0 fsgid=0 tty=(none) ses=4294967295 comm="netbpfload" exe="/apex/com.android.tethering/bin/netbpfload" subj=u:r:bpfloader:s0 key=(null)
[  191.226130][  T427] type=1327 audit(1791040440.712:50): proctitle="/apex/com.android.tethering/bin/netbpfload"
[  191.233918][  T427] type=1320 audit(1791040440.712:50): 
[  191.234375][  T427] type=1334 audit(1791040440.712:51): prog-id=40 op=LOAD
[  191.235560][  T427] type=1300 audit(1791040440.712:51): arch=c00000b7 syscall=280 success=yes exit=61 a0=5 a1=7fd37352f0 a2=94 a3=50 items=0 ppid=1 auid=4294967295 uid=0 gid=0 euid=0 suid=0 fsuid=0 egid=0 sgid=0 fsgid=0 tty=(none) ses=4294967295 comm="netbpfload" exe="/apex/com.android.tethering/bin/netbpfload" subj=u:r:bpfloader:s0 key=(null)
[  191.237465][  T427] type=1327 audit(1791040440.712:51): proctitle="/apex/com.android.tethering/bin/netbpfload"
[  191.238069][  T427] type=1320 audit(1791040440.712:51): 
[  191.238299][  T427] type=1334 audit(1791040440.712:52): prog-id=41 op=LOAD
[  191.238656][  T427] type=1300 audit(1791040440.712:52): arch=c00000b7 syscall=280 success=yes exit=62 a0=5 a1=7fd37352f0 a2=94 a3=43 items=0 ppid=1 auid=4294967295 uid=0 gid=0 euid=0 suid=0 fsuid=0 egid=0 sgid=0 fsgid=0 tty=(none) ses=4294967295 comm="netbpfload" exe="/apex/com.android.tethering/bin/netbpfload" subj=u:r:bpfloader:s0 key=(null)
[  191.239883][  T427] type=1327 audit(1791040440.712:52): proctitle="/apex/com.android.tethering/bin/netbpfload"
[  191.240583][  T427] type=1320 audit(1791040440.712:52): 
[  191.587079][  T603] UprobeStatsBpfLoad: UprobeStatsBpfLoad loading optional ELF object /apex/com.android.uprobestats/etc/bpf/uprobestats/BitmapAllocation.o with license GPL
[  191.722683][  T427] type=1334 audit(1791040441.340:53): prog-id=42 op=LOAD
[  191.728812][  T427] type=1300 audit(1791040441.340:53): arch=c00000b7 syscall=280 success=yes exit=8 a0=5 a1=7fc5c4d890 a2=a8 a3=b4000070fea0fb5f items=0 ppid=1 auid=4294967295 uid=0 gid=0 euid=0 suid=0 fsuid=0 egid=0 sgid=0 fsgid=0 tty=(none) ses=4294967295 comm="uprobestatsbpfl" exe="/apex/com.android.uprobestats/bin/uprobestatsbpfload" subj=u:r:bpfloader:s0 key=(null)
[  191.730660][  T427] type=1327 audit(1791040441.340:53): proctitle="/apex/com.android.tethering/bin/netbpfload"
[  191.731373][  T427] type=1320 audit(1791040441.340:53): 
[  191.731676][  T427] type=1334 audit(1791040441.348:54): prog-id=43 op=LOAD
[  191.732153][  T427] type=1300 audit(1791040441.348:54): arch=c00000b7 syscall=280 success=yes exit=9 a0=5 a1=7fc5c4d890 a2=a8 a3=b400006fbea0fb00 items=0 ppid=1 auid=4294967295 uid=0 gid=0 euid=0 suid=0 fsuid=0 egid=0 sgid=0 fsgid=0 tty=(none) ses=4294967295 comm="uprobestatsbpfl" exe="/apex/com.android.uprobestats/bin/uprobestatsbpfload" subj=u:r:bpfloader:s0 key=(null)
[  191.733882][  T427] type=1327 audit(1791040441.348:54): proctitle="/apex/com.android.tethering/bin/netbpfload"
[  191.734666][  T427] type=1320 audit(1791040441.348:54): 
[  191.735638][  T427] type=1334 audit(1791040441.352:55): prog-id=44 op=LOAD
[  191.736301][  T427] type=1300 audit(1791040441.352:55): arch=c00000b7 syscall=280 success=yes exit=10 a0=5 a1=7fc5c4d890 a2=a8 a3=b4000070fea0fa1f items=0 ppid=1 auid=4294967295 uid=0 gid=0 euid=0 suid=0 fsuid=0 egid=0 sgid=0 fsgid=0 tty=(none) ses=4294967295 comm="uprobestatsbpfl" exe="/apex/com.android.uprobestats/bin/uprobestatsbpfload" subj=u:r:bpfloader:s0 key=(null)
[  191.738591][  T427] type=1327 audit(1791040441.352:55): proctitle="/apex/com.android.tethering/bin/netbpfload"
[  191.739055][  T427] type=1320 audit(1791040441.352:55): 
[  191.740049][  T427] type=1334 audit(1791040441.360:56): prog-id=45 op=LOAD
[  191.741113][  T427] type=1300 audit(1791040441.360:56): arch=c00000b7 syscall=280 success=yes exit=11 a0=5 a1=7fc5c4d890 a2=a8 a3=b4000070fea0f15f items=0 ppid=1 auid=4294967295 uid=0 gid=0 euid=0 suid=0 fsuid=0 egid=0 sgid=0 fsgid=0 tty=(none) ses=4294967295 comm="uprobestatsbpfl" exe="/apex/com.android.uprobestats/bin/uprobestatsbpfload" subj=u:r:bpfloader:s0 key=(null)
[  191.753547][  T427] type=1327 audit(1791040441.360:56): proctitle="/apex/com.android.tethering/bin/netbpfload"
[  191.754677][  T427] type=1320 audit(1791040441.360:56): 
[  191.755063][  T427] type=1334 audit(1791040441.360:57): prog-id=46 op=LOAD
[  191.756330][  T427] type=1300 audit(1791040441.360:57): arch=c00000b7 syscall=280 success=yes exit=12 a0=5 a1=7fc5c4d890 a2=a8 a3=b4000070fea0f09f items=0 ppid=1 auid=4294967295 uid=0 gid=0 euid=0 suid=0 fsuid=0 egid=0 sgid=0 fsgid=0 tty=(none) ses=4294967295 comm="uprobestatsbpfl" exe="/apex/com.android.uprobestats/bin/uprobestatsbpfload" subj=u:r:bpfloader:s0 key=(null)
[  191.757896][  T427] type=1327 audit(1791040441.360:57): proctitle="/apex/com.android.tethering/bin/netbpfload"
[  191.758816][  T427] type=1320 audit(1791040441.360:57): 
[  191.759027][  T427] type=1334 audit(1791040441.364:58): prog-id=47 op=LOAD
[  191.759448][  T427] type=1300 audit(1791040441.364:58): arch=c00000b7 syscall=280 success=yes exit=13 a0=5 a1=7fc5c4d890 a2=a8 a3=b4000070fea0fb1f items=0 ppid=1 auid=4294967295 uid=0 gid=0 euid=0 suid=0 fsuid=0 egid=0 sgid=0 fsgid=0 tty=(none) ses=4294967295 comm="uprobestatsbpfl" exe="/apex/com.android.uprobestats/bin/uprobestatsbpfload" subj=u:r:bpfloader:s0 key=(null)
[  191.760527][  T603] UprobeStatsBpfLoad: UprobeStatsBpfLoad loading optional ELF object /apex/com.android.uprobestats/etc/bpf/uprobestats/Binder.o with license GPL
[  191.761299][  T427] type=1327 audit(1791040441.364:58): proctitle="/apex/com.android.tethering/bin/netbpfload"
[  191.766008][  T427] type=1320 audit(1791040441.364:58): 
[  191.795856][  T427] type=1334 audit(1791040441.416:59): prog-id=48 op=LOAD
[  191.796678][  T427] type=1300 audit(1791040441.416:59): arch=c00000b7 syscall=280 success=yes exit=7 a0=5 a1=7fc5c4d890 a2=a8 a3=b4000070fea0fb5f items=0 ppid=1 auid=4294967295 uid=0 gid=0 euid=0 suid=0 fsuid=0 egid=0 sgid=0 fsgid=0 tty=(none) ses=4294967295 comm="uprobestatsbpfl" exe="/apex/com.android.uprobestats/bin/uprobestatsbpfload" subj=u:r:bpfloader:s0 key=(null)
[  191.798442][  T427] type=1327 audit(1791040441.416:59): proctitle="/apex/com.android.tethering/bin/netbpfload"
[  191.798549][  T603] UprobeStatsBpfLoad: UprobeStatsBpfLoad loading optional ELF object /apex/com.android.uprobestats/etc/bpf/uprobestats/Accessibility.o with license GPL
[  191.798849][  T427] type=1320 audit(1791040441.416:59): 
[  191.801614][  T427] type=1334 audit(1791040441.428:60): prog-id=49 op=LOAD
[  191.801931][  T427] type=1300 audit(1791040441.428:60): arch=c00000b7 syscall=280 success=yes exit=6 a0=5 a1=7fc5c4d890 a2=a8 a3=b4000070fea0fa1f items=0 ppid=1 auid=4294967295 uid=0 gid=0 euid=0 suid=0 fsuid=0 egid=0 sgid=0 fsgid=0 tty=(none) ses=4294967295 comm="uprobestatsbpfl" exe="/apex/com.android.uprobestats/bin/uprobestatsbpfload" subj=u:r:bpfloader:s0 key=(null)
[  191.803312][  T427] type=1327 audit(1791040441.428:60): proctitle="/apex/com.android.tethering/bin/netbpfload"
[  191.803722][  T427] type=1320 audit(1791040441.428:60): 
[  191.804520][  T427] type=1334 audit(1791040441.428:61): prog-id=50 op=LOAD
[  191.804816][  T427] type=1300 audit(1791040441.428:61): arch=c00000b7 syscall=280 success=yes exit=7 a0=5 a1=7fc5c4d890 a2=a8 a3=b4000070fea0f15f items=0 ppid=1 auid=4294967295 uid=0 gid=0 euid=0 suid=0 fsuid=0 egid=0 sgid=0 fsgid=0 tty=(none) ses=4294967295 comm="uprobestatsbpfl" exe="/apex/com.android.uprobestats/bin/uprobestatsbpfload" subj=u:r:bpfloader:s0 key=(null)
[  191.806161][  T427] type=1327 audit(1791040441.428:61): proctitle="/apex/com.android.tethering/bin/netbpfload"
[  191.806469][  T603] UprobeStatsBpfLoad: UprobeStatsBpfLoad loading optional ELF object /apex/com.android.uprobestats/etc/bpf/uprobestats/ArtTest.o with license GPL
[  191.806627][  T427] type=1320 audit(1791040441.428:61): 
[  191.808924][  T427] type=1334 audit(1791040441.436:62): prog-id=51 op=LOAD
[  191.809293][  T427] type=1300 audit(1791040441.436:62): arch=c00000b7 syscall=280 success=yes exit=7 a0=5 a1=7fc5c4d890 a2=a8 a3=b4000070fea0f41f items=0 ppid=1 auid=4294967295 uid=0 gid=0 euid=0 suid=0 fsuid=0 egid=0 sgid=0 fsgid=0 tty=(none) ses=4294967295 comm="uprobestatsbpfl" exe="/apex/com.android.uprobestats/bin/uprobestatsbpfload" subj=u:r:bpfloader:s0 key=(null)
[  191.812172][  T427] type=1327 audit(1791040441.436:62): proctitle="/apex/com.android.tethering/bin/netbpfload"
[  191.812995][  T427] type=1320 audit(1791040441.436:62): 
[  191.813198][  T427] type=1334 audit(1791040441.436:63): prog-id=52 op=LOAD
[  191.813613][  T427] type=1300 audit(1791040441.436:63): arch=c00000b7 syscall=280 success=yes exit=8 a0=5 a1=7fc5c4d890 a2=a8 a3=b4000070fea0f09f items=0 ppid=1 auid=4294967295 uid=0 gid=0 euid=0 suid=0 fsuid=0 egid=0 sgid=0 fsgid=0 tty=(none) ses=4294967295 comm="uprobestatsbpfl" exe="/apex/com.android.uprobestats/bin/uprobestatsbpfload" subj=u:r:bpfloader:s0 key=(null)
[  191.814579][  T603] UprobeStatsBpfLoad: UprobeStatsBpfLoad loading optional ELF object /apex/com.android.uprobestats/etc/bpf/uprobestats/GenericInstrumentation.o with license GPL
[  191.815033][  T427] type=1327 audit(1791040441.436:63): proctitle="/apex/com.android.tethering/bin/netbpfload"
[  191.817076][  T427] type=1320 audit(1791040441.436:63): 
[  191.819777][  T427] type=1334 audit(1791040441.448:64): prog-id=53 op=LOAD
[  191.820080][  T427] type=1300 audit(1791040441.448:64): arch=c00000b7 syscall=280 success=yes exit=7 a0=5 a1=7fc5c4d890 a2=a8 a3=b400006fbea0fa48 items=0 ppid=1 auid=4294967295 uid=0 gid=0 euid=0 suid=0 fsuid=0 egid=0 sgid=0 fsgid=0 tty=(none) ses=4294967295 comm="uprobestatsbpfl" exe="/apex/com.android.uprobestats/bin/uprobestatsbpfload" subj=u:r:bpfloader:s0 key=(null)
[  191.821770][  T427] type=1327 audit(1791040441.448:64): proctitle="/apex/com.android.tethering/bin/netbpfload"
[  191.822463][  T427] type=1320 audit(1791040441.448:64): 
[  191.822829][  T427] type=1334 audit(1791040441.448:65): prog-id=54 op=LOAD
[  191.823133][  T427] type=1300 audit(1791040441.448:65): arch=c00000b7 syscall=280 success=yes exit=8 a0=5 a1=7fc5c4d890 a2=a8 a3=b400006fbea0fb00 items=0 ppid=1 auid=4294967295 uid=0 gid=0 euid=0 suid=0 fsuid=0 egid=0 sgid=0 fsgid=0 tty=(none) ses=4294967295 comm="uprobestatsbpfl" exe="/apex/com.android.uprobestats/bin/uprobestatsbpfload" subj=u:r:bpfloader:s0 key=(null)
[  191.824589][  T427] type=1327 audit(1791040441.448:65): proctitle="/apex/com.android.tethering/bin/netbpfload"
[  191.825045][  T427] type=1320 audit(1791040441.448:65): 
[  191.825282][  T427] type=1334 audit(1791040441.452:66): prog-id=55 op=LOAD
[  191.825311][  T427] type=1300 audit(1791040441.452:66): arch=c00000b7 syscall=280 success=yes exit=9 a0=5 a1=7fc5c4d890 a2=a8 a3=b4000070fea0f41f items=0 ppid=1 auid=4294967295 uid=0 gid=0 euid=0 suid=0 fsuid=0 egid=0 sgid=0 fsgid=0 tty=(none) ses=4294967295 comm="uprobestatsbpfl" exe="/apex/com.android.uprobestats/bin/uprobestatsbpfload" subj=u:r:bpfloader:s0 key=(null)
[  191.827809][  T427] type=1327 audit(1791040441.452:66): proctitle="/apex/com.android.tethering/bin/netbpfload"
[  191.828334][  T427] type=1320 audit(1791040441.452:66): 
[  191.828845][  T427] type=1334 audit(1791040441.452:67): prog-id=56 op=LOAD
[  191.829411][  T427] type=1300 audit(1791040441.452:67): arch=c00000b7 syscall=280 success=yes exit=10 a0=5 a1=7fc5c4d890 a2=a8 a3=b4000070fea0f09f items=0 ppid=1 auid=4294967295 uid=0 gid=0 euid=0 suid=0 fsuid=0 egid=0 sgid=0 fsgid=0 tty=(none) ses=4294967295 comm="uprobestatsbpfl" exe="/apex/com.android.uprobestats/bin/uprobestatsbpfload" subj=u:r:bpfloader:s0 key=(null)
[  191.830732][  T427] type=1327 audit(1791040441.452:67): proctitle="/apex/com.android.tethering/bin/netbpfload"
[  191.831541][  T427] type=1320 audit(1791040441.452:67): 
[  191.831820][  T427] type=1334 audit(1791040441.456:68): prog-id=57 op=LOAD
[  191.832163][  T427] type=1300 audit(1791040441.456:68): arch=c00000b7 syscall=280 success=yes exit=11 a0=5 a1=7fc5c4d890 a2=a8 a3=b4000070fea0fa1f items=0 ppid=1 auid=4294967295 uid=0 gid=0 euid=0 suid=0 fsuid=0 egid=0 sgid=0 fsgid=0 tty=(none) ses=4294967295 comm="uprobestatsbpfl" exe="/apex/com.android.uprobestats/bin/uprobestatsbpfload" subj=u:r:bpfloader:s0 key=(null)
[  191.834588][  T427] type=1327 audit(1791040441.456:68): proctitle="/apex/com.android.tethering/bin/netbpfload"
[  191.835239][  T427] type=1320 audit(1791040441.456:68): 
[  191.835438][  T427] type=1334 audit(1791040441.456:69): prog-id=58 op=LOAD
[  191.835920][  T427] type=1300 audit(1791040441.456:69): arch=c00000b7 syscall=280 success=yes exit=12 a0=5 a1=7fc5c4d890 a2=a8 a3=b4000070fea0fb5f items=0 ppid=1 auid=4294967295 uid=0 gid=0 euid=0 suid=0 fsuid=0 egid=0 sgid=0 fsgid=0 tty=(none) ses=4294967295 comm="uprobestatsbpfl" exe="/apex/com.android.uprobestats/bin/uprobestatsbpfload" subj=u:r:bpfloader:s0 key=(null)
[  191.837309][  T427] type=1327 audit(1791040441.456:69): proctitle="/apex/com.android.tethering/bin/netbpfload"
[  191.837994][  T427] type=1320 audit(1791040441.456:69): 
[  191.838260][  T427] type=1334 audit(1791040441.460:70): prog-id=59 op=LOAD
[  191.838755][  T427] type=1300 audit(1791040441.460:70): arch=c00000b7 syscall=280 success=yes exit=13 a0=5 a1=7fc5c4d890 a2=a8 a3=b4000070fea0f15f items=0 ppid=1 auid=4294967295 uid=0 gid=0 euid=0 suid=0 fsuid=0 egid=0 sgid=0 fsgid=0 tty=(none) ses=4294967295 comm="uprobestatsbpfl" exe="/apex/com.android.uprobestats/bin/uprobestatsbpfload" subj=u:r:bpfloader:s0 key=(null)
[  191.840187][  T427] type=1327 audit(1791040441.460:70): proctitle="/apex/com.android.tethering/bin/netbpfload"
[  191.840382][  T603] UprobeStatsBpfLoad: UprobeStatsBpfLoad loading optional ELF object /apex/com.android.uprobestats/etc/bpf/uprobestats/ProcessManagement.o with license GPL
[  191.840735][  T427] type=1320 audit(1791040441.460:70): 
[  191.846795][  T427] type=1334 audit(1791040441.476:71): prog-id=60 op=LOAD
[  191.847075][  T427] type=1300 audit(1791040441.476:71): arch=c00000b7 syscall=280 success=yes exit=8 a0=5 a1=7fc5c4d890 a2=a8 a3=b4000070fea0fa1f items=0 ppid=1 auid=4294967295 uid=0 gid=0 euid=0 suid=0 fsuid=0 egid=0 sgid=0 fsgid=0 tty=(none) ses=4294967295 comm="uprobestatsbpfl" exe="/apex/com.android.uprobestats/bin/uprobestatsbpfload" subj=u:r:bpfloader:s0 key=(null)
[  191.848870][  T427] type=1327 audit(1791040441.476:71): proctitle="/apex/com.android.tethering/bin/netbpfload"
[  191.849363][  T427] type=1320 audit(1791040441.476:71): 
[  191.849803][  T427] type=1334 audit(1791040441.476:72): prog-id=61 op=LOAD
[  191.850139][  T427] type=1300 audit(1791040441.476:72): arch=c00000b7 syscall=280 success=yes exit=9 a0=5 a1=7fc5c4d890 a2=a8 a3=b4000070fea0f09f items=0 ppid=1 auid=4294967295 uid=0 gid=0 euid=0 suid=0 fsuid=0 egid=0 sgid=0 fsgid=0 tty=(none) ses=4294967295 comm="uprobestatsbpfl" exe="/apex/com.android.uprobestats/bin/uprobestatsbpfload" subj=u:r:bpfloader:s0 key=(null)
[  191.851778][  T427] type=1327 audit(1791040441.476:72): proctitle="/apex/com.android.tethering/bin/netbpfload"
[  191.852554][  T427] type=1320 audit(1791040441.476:72): 
[  191.852819][  T427] type=1334 audit(1791040441.476:73): prog-id=62 op=LOAD
[  191.853308][  T427] type=1300 audit(1791040441.476:73): arch=c00000b7 syscall=280 success=yes exit=10 a0=5 a1=7fc5c4d890 a2=a8 a3=b400006fbea0fbb8 items=0 ppid=1 auid=4294967295 uid=0 gid=0 euid=0 suid=0 fsuid=0 egid=0 sgid=0 fsgid=0 tty=(none) ses=4294967295 comm="uprobestatsbpfl" exe="/apex/com.android.uprobestats/bin/uprobestatsbpfload" subj=u:r:bpfloader:s0 key=(null)
[  191.853313][  T427] type=1327 audit(1791040441.476:73): proctitle="/apex/com.android.tethering/bin/netbpfload"
[  191.853317][  T427] type=1320 audit(1791040441.476:73): 
[  191.853940][  T427] type=1334 audit(1791040441.480:74): prog-id=63 op=LOAD
[  191.856538][  T427] type=1300 audit(1791040441.480:74): arch=c00000b7 syscall=280 success=yes exit=11 a0=5 a1=7fc5c4d890 a2=a8 a3=b400006fbea0fc70 items=0 ppid=1 auid=4294967295 uid=0 gid=0 euid=0 suid=0 fsuid=0 egid=0 sgid=0 fsgid=0 tty=(none) ses=4294967295 comm="uprobestatsbpfl" exe="/apex/com.android.uprobestats/bin/uprobestatsbpfload" subj=u:r:bpfloader:s0 key=(null)
[  191.858888][  T427] type=1327 audit(1791040441.480:74): proctitle="/apex/com.android.tethering/bin/netbpfload"
[  191.859417][  T427] type=1320 audit(1791040441.480:74): 
[  191.859659][  T427] type=1334 audit(1791040441.484:75): prog-id=64 op=LOAD
[  191.859946][  T427] type=1300 audit(1791040441.484:75): arch=c00000b7 syscall=280 success=yes exit=12 a0=5 a1=7fc5c4d890 a2=a8 a3=b4000070fea0f15f items=0 ppid=1 auid=4294967295 uid=0 gid=0 euid=0 suid=0 fsuid=0 egid=0 sgid=0 fsgid=0 tty=(none) ses=4294967295 comm="uprobestatsbpfl" exe="/apex/com.android.uprobestats/bin/uprobestatsbpfload" subj=u:r:bpfloader:s0 key=(null)
[  191.861428][  T427] type=1327 audit(1791040441.484:75): proctitle="/apex/com.android.tethering/bin/netbpfload"
[  191.862113][  T427] type=1320 audit(1791040441.484:75): 
[  191.862490][  T603] UprobeStatsBpfLoad: UprobeStatsBpfLoad loading optional ELF object /apex/com.android.uprobestats/etc/bpf/uprobestats/DisruptiveApp.o with license GPL
[  191.868388][  T427] type=1334 audit(1791040441.492:76): prog-id=65 op=LOAD
[  191.868999][  T427] type=1300 audit(1791040441.492:76): arch=c00000b7 syscall=280 success=yes exit=7 a0=5 a1=7fc5c4d890 a2=a8 a3=b4000070fea0fa1f items=0 ppid=1 auid=4294967295 uid=0 gid=0 euid=0 suid=0 fsuid=0 egid=0 sgid=0 fsgid=0 tty=(none) ses=4294967295 comm="uprobestatsbpfl" exe="/apex/com.android.uprobestats/bin/uprobestatsbpfload" subj=u:r:bpfloader:s0 key=(null)
[  191.870596][  T427] type=1327 audit(1791040441.492:76): proctitle="/apex/com.android.tethering/bin/netbpfload"
[  191.876886][  T427] type=1320 audit(1791040441.492:76): 
[  191.881512][  T427] type=1334 audit(1791040441.496:77): prog-id=66 op=LOAD
[  191.883318][  T427] type=1300 audit(1791040441.496:77): arch=c00000b7 syscall=280 success=yes exit=8 a0=5 a1=7fc5c4d890 a2=a8 a3=b4000070fea0f41f items=0 ppid=1 auid=4294967295 uid=0 gid=0 euid=0 suid=0 fsuid=0 egid=0 sgid=0 fsgid=0 tty=(none) ses=4294967295 comm="uprobestatsbpfl" exe="/apex/com.android.uprobestats/bin/uprobestatsbpfload" subj=u:r:bpfloader:s0 key=(null)
[  191.892556][  T427] type=1327 audit(1791040441.496:77): proctitle="/apex/com.android.tethering/bin/netbpfload"
[  191.893174][  T427] type=1320 audit(1791040441.496:77): 
[  192.496884][  T427] type=1334 audit(1791040442.104:78): prog-id=67 op=LOAD
[  192.522480][  T427] type=1300 audit(1791040442.104:78): arch=c00000b7 syscall=280 success=yes exit=4 a0=5 a1=7fdff65dc8 a2=74 a3=200 items=0 ppid=1 auid=4294967295 uid=0 gid=0 euid=0 suid=0 fsuid=0 egid=0 sgid=0 fsgid=0 tty=(none) ses=4294967295 comm="bpfloader" exe="/system/bin/bpfloader" subj=u:r:bpfloader:s0 key=(null)
[  192.543846][  T427] type=1327 audit(1791040442.104:78): proctitle="/apex/com.android.tethering/bin/netbpfload"
[  192.553562][  T427] type=1320 audit(1791040442.104:78): 
[  192.556755][  T427] type=1334 audit(1791040442.124:79): prog-id=67 op=UNLOAD
[  192.562828][  T427] type=1300 audit(1791040442.124:79): arch=c00000b7 syscall=57 success=yes exit=0 a0=4 a1=0 a2=7e5ef724d8 a3=200 items=0 ppid=1 auid=4294967295 uid=0 gid=0 euid=0 suid=0 fsuid=0 egid=0 sgid=0 fsgid=0 tty=(none) ses=4294967295 comm="bpfloader" exe="/system/bin/bpfloader" subj=u:r:bpfloader:s0 key=(null)
[  192.579600][  T427] type=1327 audit(1791040442.124:79): proctitle="/apex/com.android.tethering/bin/netbpfload"
[  192.599925][  T427] type=1320 audit(1791040442.124:79): 
[  192.601607][  T427] type=1334 audit(1791040442.128:80): prog-id=68 op=LOAD
[  192.606308][  T427] type=1300 audit(1791040442.128:80): arch=c00000b7 syscall=280 success=yes exit=4 a0=5 a1=7fdff65e20 a2=94 a3=2 items=0 ppid=1 auid=4294967295 uid=0 gid=0 euid=0 suid=0 fsuid=0 egid=0 sgid=0 fsgid=0 tty=(none) ses=4294967295 comm="bpfloader" exe="/system/bin/bpfloader" subj=u:r:bpfloader:s0 key=(null)
[  192.621601][  T427] type=1327 audit(1791040442.128:80): proctitle="/apex/com.android.tethering/bin/netbpfload"
[  192.625812][  T427] type=1320 audit(1791040442.128:80): 
[  192.629917][  T427] type=1334 audit(1791040442.156:81): prog-id=68 op=UNLOAD
[  192.632274][  T427] type=1300 audit(1791040442.156:81): arch=c00000b7 syscall=57 success=yes exit=0 a0=4 a1=0 a2=7e5ef724d8 a3=2 items=0 ppid=1 auid=4294967295 uid=0 gid=0 euid=0 suid=0 fsuid=0 egid=0 sgid=0 fsgid=0 tty=(none) ses=4294967295 comm="bpfloader" exe="/system/bin/bpfloader" subj=u:r:bpfloader:s0 key=(null)
[  192.651390][  T427] type=1327 audit(1791040442.156:81): proctitle="/apex/com.android.tethering/bin/netbpfload"
[  192.657774][  T427] type=1320 audit(1791040442.156:81): 
[  193.339156][  T427] type=1334 audit(1791040442.948:82): prog-id=69 op=LOAD
[  193.349792][  T427] type=1300 audit(1791040442.948:82): arch=c00000b7 syscall=280 success=yes exit=20 a0=5 a1=7fdff65b38 a2=40 a3=4 items=0 ppid=1 auid=4294967295 uid=0 gid=0 euid=0 suid=0 fsuid=0 egid=0 sgid=0 fsgid=0 tty=(none) ses=4294967295 comm="bpfloader" exe="/system/bin/bpfloader" subj=u:r:bpfloader:s0 key=(null)
[  193.355345][  T427] type=1327 audit(1791040442.948:82): proctitle="/apex/com.android.tethering/bin/netbpfload"
[  193.394518][  T427] type=1320 audit(1791040442.948:82): 
[  193.403780][  T427] type=1334 audit(1791040442.956:83): prog-id=69 op=UNLOAD
[  193.415110][  T427] type=1300 audit(1791040442.956:83): arch=c00000b7 syscall=57 success=yes exit=0 a0=14 a1=0 a2=7e5ef72558 a3=4 items=0 ppid=1 auid=4294967295 uid=0 gid=0 euid=0 suid=0 fsuid=0 egid=0 sgid=0 fsgid=0 tty=(none) ses=4294967295 comm="bpfloader" exe="/system/bin/bpfloader" subj=u:r:bpfloader:s0 key=(null)
[  193.450375][  T427] type=1327 audit(1791040442.956:83): proctitle="/apex/com.android.tethering/bin/netbpfload"
[  193.460277][  T427] type=1320 audit(1791040442.956:83): 
[  193.463392][  T427] type=1334 audit(1791040442.960:84): prog-id=70 op=LOAD
[  193.472453][  T427] type=1300 audit(1791040442.960:84): arch=c00000b7 syscall=280 success=yes exit=20 a0=5 a1=7fdff65ca0 a2=94 a3=7fdff65db0 items=0 ppid=1 auid=4294967295 uid=0 gid=0 euid=0 suid=0 fsuid=0 egid=0 sgid=0 fsgid=0 tty=(none) ses=4294967295 comm="bpfloader" exe="/system/bin/bpfloader" subj=u:r:bpfloader:s0 key=(null)
[  193.497568][  T427] type=1327 audit(1791040442.960:84): proctitle="/apex/com.android.tethering/bin/netbpfload"
[  193.505380][  T427] type=1320 audit(1791040442.960:84): 
[  193.508856][  T427] type=1334 audit(1791040442.984:85): prog-id=70 op=UNLOAD
[  193.517538][  T427] type=1300 audit(1791040442.984:85): arch=c00000b7 syscall=57 success=yes exit=0 a0=14 a1=0 a2=7e5ef72558 a3=7fdff65db0 items=0 ppid=1 auid=4294967295 uid=0 gid=0 euid=0 suid=0 fsuid=0 egid=0 sgid=0 fsgid=0 tty=(none) ses=4294967295 comm="bpfloader" exe="/system/bin/bpfloader" subj=u:r:bpfloader:s0 key=(null)
[  193.547180][  T427] type=1327 audit(1791040442.984:85): proctitle="/apex/com.android.tethering/bin/netbpfload"
[  193.556891][  T427] type=1320 audit(1791040442.984:85): 
[  193.595838][  T427] type=1334 audit(1791040443.200:86): prog-id=71 op=LOAD
[  193.620425][  T427] type=1300 audit(1791040443.200:86): arch=c00000b7 syscall=280 success=yes exit=20 a0=5 a1=7fdff65d20 a2=94 a3=6 items=0 ppid=1 auid=4294967295 uid=0 gid=0 euid=0 suid=0 fsuid=0 egid=0 sgid=0 fsgid=0 tty=(none) ses=4294967295 comm="bpfloader" exe="/system/bin/bpfloader" subj=u:r:bpfloader:s0 key=(null)
[  193.642114][  T427] type=1327 audit(1791040443.200:86): proctitle="/apex/com.android.tethering/bin/netbpfload"
[  193.643011][  T427] type=1320 audit(1791040443.200:86): 
[  193.643431][  T427] type=1334 audit(1791040443.228:87): prog-id=71 op=UNLOAD
[  193.644767][  T427] type=1300 audit(1791040443.228:87): arch=c00000b7 syscall=57 success=yes exit=0 a0=14 a1=0 a2=7e5ef72558 a3=6 items=0 ppid=1 auid=4294967295 uid=0 gid=0 euid=0 suid=0 fsuid=0 egid=0 sgid=0 fsgid=0 tty=(none) ses=4294967295 comm="bpfloader" exe="/system/bin/bpfloader" subj=u:r:bpfloader:s0 key=(null)
[  193.646177][  T427] type=1327 audit(1791040443.228:87): proctitle="/apex/com.android.tethering/bin/netbpfload"
[  193.674709][  T427] type=1320 audit(1791040443.228:87): 
[  193.676581][  T427] type=1334 audit(1791040443.228:88): prog-id=72 op=LOAD
[  193.680283][  T427] type=1300 audit(1791040443.228:88): arch=c00000b7 syscall=280 success=yes exit=20 a0=5 a1=7fdff65e20 a2=94 a3=375 items=0 ppid=1 auid=4294967295 uid=0 gid=0 euid=0 suid=0 fsuid=0 egid=0 sgid=0 fsgid=0 tty=(none) ses=4294967295 comm="bpfloader" exe="/system/bin/bpfloader" subj=u:r:bpfloader:s0 key=(null)
[  193.682275][  T427] type=1327 audit(1791040443.228:88): proctitle="/apex/com.android.tethering/bin/netbpfload"
[  193.685362][  T427] type=1320 audit(1791040443.228:88): 
[  193.686904][  T427] type=1334 audit(1791040443.272:89): prog-id=73 op=LOAD
[  193.689420][  T427] type=1300 audit(1791040443.272:89): arch=c00000b7 syscall=280 success=yes exit=21 a0=5 a1=7fdff65e20 a2=94 a3=1f items=0 ppid=1 auid=4294967295 uid=0 gid=0 euid=0 suid=0 fsuid=0 egid=0 sgid=0 fsgid=0 tty=(none) ses=4294967295 comm="bpfloader" exe="/system/bin/bpfloader" subj=u:r:bpfloader:s0 key=(null)
[  193.701550][  T427] type=1327 audit(1791040443.272:89): proctitle="/apex/com.android.tethering/bin/netbpfload"
[  193.711476][  T427] type=1320 audit(1791040443.272:89): 
[  193.713661][  T427] type=1334 audit(1791040443.276:90): prog-id=74 op=LOAD
[  193.751491][  T427] type=1300 audit(1791040443.276:90): arch=c00000b7 syscall=280 success=yes exit=22 a0=5 a1=7fdff65e20 a2=94 a3=98 items=0 ppid=1 auid=4294967295 uid=0 gid=0 euid=0 suid=0 fsuid=0 egid=0 sgid=0 fsgid=0 tty=(none) ses=4294967295 comm="bpfloader" exe="/system/bin/bpfloader" subj=u:r:bpfloader:s0 key=(null)
[  193.771962][  T427] type=1327 audit(1791040443.276:90): proctitle="/apex/com.android.tethering/bin/netbpfload"
[  193.805905][  T427] type=1320 audit(1791040443.276:90): 
[  193.852908][  T427] type=1334 audit(1791040443.460:91): prog-id=75 op=LOAD
[  193.857896][  T427] type=1300 audit(1791040443.460:91): arch=c00000b7 syscall=280 success=yes exit=4 a0=5 a1=7fdff65e20 a2=94 a3=2 items=0 ppid=1 auid=4294967295 uid=0 gid=0 euid=0 suid=0 fsuid=0 egid=0 sgid=0 fsgid=0 tty=(none) ses=4294967295 comm="bpfloader" exe="/system/bin/bpfloader" subj=u:r:bpfloader:s0 key=(null)
[  193.859519][  T427] type=1327 audit(1791040443.460:91): proctitle="/apex/com.android.tethering/bin/netbpfload"
[  193.881802][  T427] type=1320 audit(1791040443.460:91): 
[  193.932621][  T427] type=1334 audit(1791040443.480:92): prog-id=75 op=UNLOAD
[  193.935558][  T427] type=1300 audit(1791040443.480:92): arch=c00000b7 syscall=57 success=yes exit=0 a0=4 a1=0 a2=7e5ef724d8 a3=2 items=0 ppid=1 auid=4294967295 uid=0 gid=0 euid=0 suid=0 fsuid=0 egid=0 sgid=0 fsgid=0 tty=(none) ses=4294967295 comm="bpfloader" exe="/system/bin/bpfloader" subj=u:r:bpfloader:s0 key=(null)
[  193.946385][  T427] type=1327 audit(1791040443.480:92): proctitle="/apex/com.android.tethering/bin/netbpfload"
[  193.947487][  T427] type=1320 audit(1791040443.480:92): 
[  193.984568][  T427] type=1334 audit(1791040443.484:93): prog-id=76 op=LOAD
[  193.990126][  T427] type=1300 audit(1791040443.484:93): arch=c00000b7 syscall=280 success=yes exit=7 a0=5 a1=7fdff65c50 a2=94 a3=5 items=0 ppid=1 auid=4294967295 uid=0 gid=0 euid=0 suid=0 fsuid=0 egid=0 sgid=0 fsgid=0 tty=(none) ses=4294967295 comm="bpfloader" exe="/system/bin/bpfloader" subj=u:r:bpfloader:s0 key=(null)
[  194.008422][  T427] type=1327 audit(1791040443.484:93): proctitle="/apex/com.android.tethering/bin/netbpfload"
[  194.016645][  T427] type=1320 audit(1791040443.484:93): 
[  194.019459][  T427] type=1334 audit(1791040443.488:94): prog-id=76 op=UNLOAD
[  194.021736][  T427] type=1300 audit(1791040443.488:94): arch=c00000b7 syscall=57 success=yes exit=0 a0=7 a1=0 a2=7e5ef724f0 a3=5 items=0 ppid=1 auid=4294967295 uid=0 gid=0 euid=0 suid=0 fsuid=0 egid=0 sgid=0 fsgid=0 tty=(none) ses=4294967295 comm="bpfloader" exe="/system/bin/bpfloader" subj=u:r:bpfloader:s0 key=(null)
[  194.023257][  T427] type=1327 audit(1791040443.488:94): proctitle="/apex/com.android.tethering/bin/netbpfload"
[  194.029274][  T427] type=1320 audit(1791040443.488:94): 
[  194.042016][  T427] type=1334 audit(1791040443.488:95): prog-id=77 op=LOAD
[  194.045319][  T427] type=1300 audit(1791040443.488:95): arch=c00000b7 syscall=280 success=yes exit=6 a0=5 a1=7fdff65e20 a2=94 a3=2f items=0 ppid=1 auid=4294967295 uid=0 gid=0 euid=0 suid=0 fsuid=0 egid=0 sgid=0 fsgid=0 tty=(none) ses=4294967295 comm="bpfloader" exe="/system/bin/bpfloader" subj=u:r:bpfloader:s0 key=(null)
[  194.051517][  T427] type=1327 audit(1791040443.488:95): proctitle="/apex/com.android.tethering/bin/netbpfload"
[  194.051928][  T427] type=1320 audit(1791040443.488:95): 
[  194.052147][  T427] type=1334 audit(1791040443.568:96): prog-id=78 op=LOAD
[  194.052484][  T427] type=1300 audit(1791040443.568:96): arch=c00000b7 syscall=280 success=yes exit=8 a0=5 a1=7fdff65c60 a2=94 a3=2 items=0 ppid=1 auid=4294967295 uid=0 gid=0 euid=0 suid=0 fsuid=0 egid=0 sgid=0 fsgid=0 tty=(none) ses=4294967295 comm="bpfloader" exe="/system/bin/bpfloader" subj=u:r:bpfloader:s0 key=(null)
[  194.053821][  T427] type=1327 audit(1791040443.568:96): proctitle="/apex/com.android.tethering/bin/netbpfload"
[  194.054323][  T427] type=1320 audit(1791040443.568:96): 
[  194.054492][  T427] type=1334 audit(1791040443.592:97): prog-id=78 op=UNLOAD
[  194.054772][  T427] type=1300 audit(1791040443.592:97): arch=c00000b7 syscall=57 success=yes exit=0 a0=8 a1=0 a2=7e5ef724f8 a3=7fdff65d78 items=0 ppid=1 auid=4294967295 uid=0 gid=0 euid=0 suid=0 fsuid=0 egid=0 sgid=0 fsgid=0 tty=(none) ses=4294967295 comm="bpfloader" exe="/system/bin/bpfloader" subj=u:r:bpfloader:s0 key=(null)
[  194.055838][  T427] type=1327 audit(1791040443.592:97): proctitle="/apex/com.android.tethering/bin/netbpfload"
[  194.056246][  T427] type=1320 audit(1791040443.592:97): 
[  194.056527][  T427] type=1334 audit(1791040443.644:98): prog-id=79 op=LOAD
[  194.056724][  T427] type=1300 audit(1791040443.644:98): arch=c00000b7 syscall=280 success=yes exit=4 a0=5 a1=7fdff65e20 a2=94 a3=2 items=0 ppid=1 auid=4294967295 uid=0 gid=0 euid=0 suid=0 fsuid=0 egid=0 sgid=0 fsgid=0 tty=(none) ses=4294967295 comm="bpfloader" exe="/system/bin/bpfloader" subj=u:r:bpfloader:s0 key=(null)
[  194.057877][  T427] type=1327 audit(1791040443.644:98): proctitle="/apex/com.android.tethering/bin/netbpfload"
[  194.058287][  T427] type=1320 audit(1791040443.644:98): 
[  194.058535][  T427] type=1334 audit(1791040443.652:99): prog-id=79 op=UNLOAD
[  194.058775][  T427] type=1300 audit(1791040443.652:99): arch=c00000b7 syscall=57 success=yes exit=0 a0=4 a1=0 a2=7e5ef724d8 a3=2 items=0 ppid=1 auid=4294967295 uid=0 gid=0 euid=0 suid=0 fsuid=0 egid=0 sgid=0 fsgid=0 tty=(none) ses=4294967295 comm="bpfloader" exe="/system/bin/bpfloader" subj=u:r:bpfloader:s0 key=(null)
[  194.059934][  T427] type=1327 audit(1791040443.652:99): proctitle="/apex/com.android.tethering/bin/netbpfload"
[  194.060672][  T427] type=1320 audit(1791040443.652:99): 
[  194.062434][  T427] type=1334 audit(1791040443.656:100): prog-id=80 op=LOAD
[  194.062685][  T427] type=1300 audit(1791040443.656:100): arch=c00000b7 syscall=280 success=yes exit=6 a0=5 a1=7fdff65e20 a2=94 a3=20 items=0 ppid=1 auid=4294967295 uid=0 gid=0 euid=0 suid=0 fsuid=0 egid=0 sgid=0 fsgid=0 tty=(none) ses=4294967295 comm="bpfloader" exe="/system/bin/bpfloader" subj=u:r:bpfloader:s0 key=(null)
[  194.067289][  T427] type=1327 audit(1791040443.656:100): proctitle="/apex/com.android.tethering/bin/netbpfload"
[  194.067737][  T427] type=1320 audit(1791040443.656:100): 
[  194.068871][  T427] type=1334 audit(1791040443.688:101): prog-id=81 op=LOAD
[  194.069340][  T427] type=1300 audit(1791040443.688:101): arch=c00000b7 syscall=280 success=yes exit=4 a0=5 a1=7fdff65e20 a2=94 a3=2 items=0 ppid=1 auid=4294967295 uid=0 gid=0 euid=0 suid=0 fsuid=0 egid=0 sgid=0 fsgid=0 tty=(none) ses=4294967295 comm="bpfloader" exe="/system/bin/bpfloader" subj=u:r:bpfloader:s0 key=(null)
[  194.072087][  T427] type=1327 audit(1791040443.688:101): proctitle="/apex/com.android.tethering/bin/netbpfload"
[  194.072584][  T427] type=1320 audit(1791040443.688:101): 
[  194.072852][  T427] type=1334 audit(1791040443.692:102): prog-id=81 op=UNLOAD
[  194.073781][  T427] type=1300 audit(1791040443.692:102): arch=c00000b7 syscall=57 success=yes exit=0 a0=4 a1=0 a2=7e5ef724d8 a3=2 items=0 ppid=1 auid=4294967295 uid=0 gid=0 euid=0 suid=0 fsuid=0 egid=0 sgid=0 fsgid=0 tty=(none) ses=4294967295 comm="bpfloader" exe="/system/bin/bpfloader" subj=u:r:bpfloader:s0 key=(null)
[  194.076720][  T427] type=1327 audit(1791040443.692:102): proctitle="/apex/com.android.tethering/bin/netbpfload"
[  194.077371][  T427] type=1320 audit(1791040443.692:102): 
[  194.078048][  T427] type=1334 audit(1791040443.692:103): prog-id=82 op=LOAD
[  194.078407][  T427] type=1300 audit(1791040443.692:103): arch=c00000b7 syscall=280 success=yes exit=7 a0=5 a1=7fdff65e20 a2=94 a3=55 items=0 ppid=1 auid=4294967295 uid=0 gid=0 euid=0 suid=0 fsuid=0 egid=0 sgid=0 fsgid=0 tty=(none) ses=4294967295 comm="bpfloader" exe="/system/bin/bpfloader" subj=u:r:bpfloader:s0 key=(null)
[  194.088022][  T427] type=1327 audit(1791040443.692:103): proctitle="/apex/com.android.tethering/bin/netbpfload"
[  194.088786][  T427] type=1320 audit(1791040443.692:103): 
[  194.089006][  T427] type=1334 audit(1791040443.700:104): prog-id=83 op=LOAD
[  194.089608][  T427] type=1300 audit(1791040443.700:104): arch=c00000b7 syscall=280 success=yes exit=4 a0=5 a1=7fdff65e20 a2=94 a3=2 items=0 ppid=1 auid=4294967295 uid=0 gid=0 euid=0 suid=0 fsuid=0 egid=0 sgid=0 fsgid=0 tty=(none) ses=4294967295 comm="bpfloader" exe="/system/bin/bpfloader" subj=u:r:bpfloader:s0 key=(null)
[  194.090800][  T427] type=1327 audit(1791040443.700:104): proctitle="/apex/com.android.tethering/bin/netbpfload"
[  194.091503][  T427] type=1320 audit(1791040443.700:104): 
[  194.091764][  T427] type=1334 audit(1791040443.700:105): prog-id=83 op=UNLOAD
[  194.092382][  T427] type=1300 audit(1791040443.700:105): arch=c00000b7 syscall=57 success=yes exit=0 a0=4 a1=0 a2=7e5ef724d8 a3=2 items=0 ppid=1 auid=4294967295 uid=0 gid=0 euid=0 suid=0 fsuid=0 egid=0 sgid=0 fsgid=0 tty=(none) ses=4294967295 comm="bpfloader" exe="/system/bin/bpfloader" subj=u:r:bpfloader:s0 key=(null)
[  194.093686][  T427] type=1327 audit(1791040443.700:105): proctitle="/apex/com.android.tethering/bin/netbpfload"
[  194.100914][  T427] type=1320 audit(1791040443.700:105): 
[  194.101097][  T427] type=1334 audit(1791040443.704:106): prog-id=84 op=LOAD
[  194.101373][  T427] type=1300 audit(1791040443.704:106): arch=c00000b7 syscall=280 success=yes exit=7 a0=5 a1=7fdff65e20 a2=94 a3=2e items=0 ppid=1 auid=4294967295 uid=0 gid=0 euid=0 suid=0 fsuid=0 egid=0 sgid=0 fsgid=0 tty=(none) ses=4294967295 comm="bpfloader" exe="/system/bin/bpfloader" subj=u:r:bpfloader:s0 key=(null)
[  194.104918][  T427] type=1327 audit(1791040443.704:106): proctitle="/apex/com.android.tethering/bin/netbpfload"
[  194.106098][  T427] type=1320 audit(1791040443.704:106): 
[  194.106367][  T427] type=1334 audit(1791040443.704:107): prog-id=85 op=LOAD
[  194.107770][  T427] type=1300 audit(1791040443.704:107): arch=c00000b7 syscall=280 success=yes exit=8 a0=5 a1=7fdff65e20 a2=94 a3=e items=0 ppid=1 auid=4294967295 uid=0 gid=0 euid=0 suid=0 fsuid=0 egid=0 sgid=0 fsgid=0 tty=(none) ses=4294967295 comm="bpfloader" exe="/system/bin/bpfloader" subj=u:r:bpfloader:s0 key=(null)
[  194.109368][  T427] type=1327 audit(1791040443.704:107): proctitle="/apex/com.android.tethering/bin/netbpfload"
[  194.110631][  T427] type=1320 audit(1791040443.704:107): 
[  194.111014][  T427] type=1334 audit(1791040443.708:108): prog-id=86 op=LOAD
[  194.112053][  T427] type=1300 audit(1791040443.708:108): arch=c00000b7 syscall=280 success=yes exit=9 a0=5 a1=7fdff65e20 a2=94 a3=f items=0 ppid=1 auid=4294967295 uid=0 gid=0 euid=0 suid=0 fsuid=0 egid=0 sgid=0 fsgid=0 tty=(none) ses=4294967295 comm="bpfloader" exe="/system/bin/bpfloader" subj=u:r:bpfloader:s0 key=(null)
[  194.113372][  T427] type=1327 audit(1791040443.708:108): proctitle="/apex/com.android.tethering/bin/netbpfload"
[  194.114354][  T427] type=1320 audit(1791040443.708:108): 
[  194.114668][  T427] type=1334 audit(1791040443.712:109): prog-id=87 op=LOAD
[  194.115156][  T427] type=1300 audit(1791040443.712:109): arch=c00000b7 syscall=280 success=yes exit=10 a0=5 a1=7fdff65e20 a2=94 a3=16 items=0 ppid=1 auid=4294967295 uid=0 gid=0 euid=0 suid=0 fsuid=0 egid=0 sgid=0 fsgid=0 tty=(none) ses=4294967295 comm="bpfloader" exe="/system/bin/bpfloader" subj=u:r:bpfloader:s0 key=(null)
[  194.116602][  T427] type=1327 audit(1791040443.712:109): proctitle="/apex/com.android.tethering/bin/netbpfload"
[  194.118482][  T427] type=1320 audit(1791040443.712:109): 
[  194.118766][  T427] type=1334 audit(1791040443.716:110): prog-id=88 op=LOAD
[  194.119464][  T427] type=1300 audit(1791040443.716:110): arch=c00000b7 syscall=280 success=yes exit=11 a0=5 a1=7fdff65e20 a2=94 a3=12 items=0 ppid=1 auid=4294967295 uid=0 gid=0 euid=0 suid=0 fsuid=0 egid=0 sgid=0 fsgid=0 tty=(none) ses=4294967295 comm="bpfloader" exe="/system/bin/bpfloader" subj=u:r:bpfloader:s0 key=(null)
[  194.120939][  T427] type=1327 audit(1791040443.716:110): proctitle="/apex/com.android.tethering/bin/netbpfload"
[  194.121584][  T427] type=1320 audit(1791040443.716:110): 
[  194.121904][  T427] type=1334 audit(1791040443.720:111): prog-id=89 op=LOAD
[  194.123366][  T427] type=1300 audit(1791040443.720:111): arch=c00000b7 syscall=280 success=yes exit=12 a0=5 a1=7fdff65e20 a2=94 a3=19 items=0 ppid=1 auid=4294967295 uid=0 gid=0 euid=0 suid=0 fsuid=0 egid=0 sgid=0 fsgid=0 tty=(none) ses=4294967295 comm="bpfloader" exe="/system/bin/bpfloader" subj=u:r:bpfloader:s0 key=(null)
[  194.126655][  T427] type=1327 audit(1791040443.720:111): proctitle="/apex/com.android.tethering/bin/netbpfload"
[  194.127176][  T427] type=1320 audit(1791040443.720:111): 
[  194.127412][  T427] type=1334 audit(1791040443.720:112): prog-id=90 op=LOAD
[  194.128055][  T427] type=1300 audit(1791040443.720:112): arch=c00000b7 syscall=280 success=yes exit=13 a0=5 a1=7fdff65e20 a2=94 a3=f items=0 ppid=1 auid=4294967295 uid=0 gid=0 euid=0 suid=0 fsuid=0 egid=0 sgid=0 fsgid=0 tty=(none) ses=4294967295 comm="bpfloader" exe="/system/bin/bpfloader" subj=u:r:bpfloader:s0 key=(null)
[  194.129298][  T427] type=1327 audit(1791040443.720:112): proctitle="/apex/com.android.tethering/bin/netbpfload"
[  194.131905][  T427] type=1320 audit(1791040443.720:112): 
[  194.132254][  T427] type=1334 audit(1791040443.732:113): prog-id=91 op=LOAD
[  194.132888][  T427] type=1300 audit(1791040443.732:113): arch=c00000b7 syscall=280 success=yes exit=4 a0=5 a1=7fdff65e20 a2=94 a3=2 items=0 ppid=1 auid=4294967295 uid=0 gid=0 euid=0 suid=0 fsuid=0 egid=0 sgid=0 fsgid=0 tty=(none) ses=4294967295 comm="bpfloader" exe="/system/bin/bpfloader" subj=u:r:bpfloader:s0 key=(null)
[  194.134077][  T427] type=1327 audit(1791040443.732:113): proctitle="/apex/com.android.tethering/bin/netbpfload"
[  194.135130][  T427] type=1320 audit(1791040443.732:113): 
[  194.135392][  T427] type=1334 audit(1791040443.736:114): prog-id=91 op=UNLOAD
[  194.136444][  T427] type=1300 audit(1791040443.736:114): arch=c00000b7 syscall=57 success=yes exit=0 a0=4 a1=0 a2=7e5ef724d8 a3=2 items=0 ppid=1 auid=4294967295 uid=0 gid=0 euid=0 suid=0 fsuid=0 egid=0 sgid=0 fsgid=0 tty=(none) ses=4294967295 comm="bpfloader" exe="/system/bin/bpfloader" subj=u:r:bpfloader:s0 key=(null)
[  194.137701][  T427] type=1327 audit(1791040443.736:114): proctitle="/apex/com.android.tethering/bin/netbpfload"
[  194.138443][  T427] type=1320 audit(1791040443.736:114): 
[  194.138653][  T427] type=1334 audit(1791040443.736:115): prog-id=92 op=LOAD
[  194.157802][  T427] type=1300 audit(1791040443.736:115): arch=c00000b7 syscall=280 success=yes exit=7 a0=5 a1=7fdff65e20 a2=94 a3=2e items=0 ppid=1 auid=4294967295 uid=0 gid=0 euid=0 suid=0 fsuid=0 egid=0 sgid=0 fsgid=0 tty=(none) ses=4294967295 comm="bpfloader" exe="/system/bin/bpfloader" subj=u:r:bpfloader:s0 key=(null)
[  194.193958][  T427] type=1327 audit(1791040443.736:115): proctitle="/apex/com.android.tethering/bin/netbpfload"
[  194.230862][  T427] type=1320 audit(1791040443.736:115): 
[  194.244698][  T427] type=1334 audit(1791040443.740:116): prog-id=93 op=LOAD
[  194.248510][  T427] type=1300 audit(1791040443.740:116): arch=c00000b7 syscall=280 success=yes exit=8 a0=5 a1=7fdff65e20 a2=94 a3=38 items=0 ppid=1 auid=4294967295 uid=0 gid=0 euid=0 suid=0 fsuid=0 egid=0 sgid=0 fsgid=0 tty=(none) ses=4294967295 comm="bpfloader" exe="/system/bin/bpfloader" subj=u:r:bpfloader:s0 key=(null)
[  194.262136][  T427] type=1327 audit(1791040443.740:116): proctitle="/apex/com.android.tethering/bin/netbpfload"
[  194.269277][  T427] type=1320 audit(1791040443.740:116): 
[  194.269571][  T427] type=1334 audit(1791040443.740:117): prog-id=94 op=LOAD
[  194.269890][  T427] type=1300 audit(1791040443.740:117): arch=c00000b7 syscall=280 success=yes exit=9 a0=5 a1=7fdff65e20 a2=94 a3=e items=0 ppid=1 auid=4294967295 uid=0 gid=0 euid=0 suid=0 fsuid=0 egid=0 sgid=0 fsgid=0 tty=(none) ses=4294967295 comm="bpfloader" exe="/system/bin/bpfloader" subj=u:r:bpfloader:s0 key=(null)
[  194.271252][  T427] type=1327 audit(1791040443.740:117): proctitle="/apex/com.android.tethering/bin/netbpfload"
[  194.271737][  T427] type=1320 audit(1791040443.740:117): 
[  194.271940][  T427] type=1334 audit(1791040443.740:118): prog-id=95 op=LOAD
[  194.272486][  T427] type=1300 audit(1791040443.740:118): arch=c00000b7 syscall=280 success=yes exit=10 a0=5 a1=7fdff65e20 a2=94 a3=f items=0 ppid=1 auid=4294967295 uid=0 gid=0 euid=0 suid=0 fsuid=0 egid=0 sgid=0 fsgid=0 tty=(none) ses=4294967295 comm="bpfloader" exe="/system/bin/bpfloader" subj=u:r:bpfloader:s0 key=(null)
[  194.273683][  T427] type=1327 audit(1791040443.740:118): proctitle="/apex/com.android.tethering/bin/netbpfload"
[  194.274131][  T427] type=1320 audit(1791040443.740:118): 
[  194.276103][  T427] type=1334 audit(1791040443.744:119): prog-id=96 op=LOAD
[  194.281636][  T427] type=1300 audit(1791040443.744:119): arch=c00000b7 syscall=280 success=yes exit=11 a0=5 a1=7fdff65e20 a2=94 a3=13 items=0 ppid=1 auid=4294967295 uid=0 gid=0 euid=0 suid=0 fsuid=0 egid=0 sgid=0 fsgid=0 tty=(none) ses=4294967295 comm="bpfloader" exe="/system/bin/bpfloader" subj=u:r:bpfloader:s0 key=(null)
[  194.283623][  T427] type=1327 audit(1791040443.744:119): proctitle="/apex/com.android.tethering/bin/netbpfload"
[  194.284486][  T427] type=1320 audit(1791040443.744:119): 
[  194.287442][  T427] type=1334 audit(1791040443.744:120): prog-id=97 op=LOAD
[  194.289745][  T427] type=1300 audit(1791040443.744:120): arch=c00000b7 syscall=280 success=yes exit=12 a0=5 a1=7fdff65e20 a2=94 a3=11 items=0 ppid=1 auid=4294967295 uid=0 gid=0 euid=0 suid=0 fsuid=0 egid=0 sgid=0 fsgid=0 tty=(none) ses=4294967295 comm="bpfloader" exe="/system/bin/bpfloader" subj=u:r:bpfloader:s0 key=(null)
[  194.291181][  T427] type=1327 audit(1791040443.744:120): proctitle="/apex/com.android.tethering/bin/netbpfload"
[  194.292356][  T427] type=1320 audit(1791040443.744:120): 
[  194.292966][  T427] type=1334 audit(1791040443.748:121): prog-id=98 op=LOAD
[  194.294399][  T427] type=1300 audit(1791040443.748:121): arch=c00000b7 syscall=280 success=yes exit=13 a0=5 a1=7fdff65e20 a2=94 a3=13 items=0 ppid=1 auid=4294967295 uid=0 gid=0 euid=0 suid=0 fsuid=0 egid=0 sgid=0 fsgid=0 tty=(none) ses=4294967295 comm="bpfloader" exe="/system/bin/bpfloader" subj=u:r:bpfloader:s0 key=(null)
[  194.296964][  T427] type=1327 audit(1791040443.748:121): proctitle="/apex/com.android.tethering/bin/netbpfload"
[  194.297442][  T427] type=1320 audit(1791040443.748:121): 
[  194.297790][  T427] type=1334 audit(1791040443.748:122): prog-id=99 op=LOAD
[  194.298518][  T427] type=1300 audit(1791040443.748:122): arch=c00000b7 syscall=280 success=yes exit=14 a0=5 a1=7fdff65e20 a2=94 a3=11 items=0 ppid=1 auid=4294967295 uid=0 gid=0 euid=0 suid=0 fsuid=0 egid=0 sgid=0 fsgid=0 tty=(none) ses=4294967295 comm="bpfloader" exe="/system/bin/bpfloader" subj=u:r:bpfloader:s0 key=(null)
[  194.304633][  T427] type=1327 audit(1791040443.748:122): proctitle="/apex/com.android.tethering/bin/netbpfload"
[  194.305175][  T427] type=1320 audit(1791040443.748:122): 
[  194.305820][  T427] type=1334 audit(1791040443.756:123): prog-id=100 op=LOAD
[  194.309339][  T427] type=1300 audit(1791040443.756:123): arch=c00000b7 syscall=280 success=yes exit=4 a0=5 a1=7fdff65e20 a2=94 a3=2 items=0 ppid=1 auid=4294967295 uid=0 gid=0 euid=0 suid=0 fsuid=0 egid=0 sgid=0 fsgid=0 tty=(none) ses=4294967295 comm="bpfloader" exe="/system/bin/bpfloader" subj=u:r:bpfloader:s0 key=(null)
[  194.318502][  T427] type=1327 audit(1791040443.756:123): proctitle="/apex/com.android.tethering/bin/netbpfload"
[  194.320820][  T427] type=1320 audit(1791040443.756:123): 
[  194.322110][  T427] type=1334 audit(1791040443.756:124): prog-id=100 op=UNLOAD
[  194.325584][  T427] type=1300 audit(1791040443.756:124): arch=c00000b7 syscall=57 success=yes exit=0 a0=4 a1=0 a2=7e5ef724d8 a3=2 items=0 ppid=1 auid=4294967295 uid=0 gid=0 euid=0 suid=0 fsuid=0 egid=0 sgid=0 fsgid=0 tty=(none) ses=4294967295 comm="bpfloader" exe="/system/bin/bpfloader" subj=u:r:bpfloader:s0 key=(null)
[  194.341138][  T427] type=1327 audit(1791040443.756:124): proctitle="/apex/com.android.tethering/bin/netbpfload"
[  194.358579][  T427] type=1320 audit(1791040443.756:124): 
[  194.365556][  T427] type=1334 audit(1791040443.760:125): prog-id=101 op=LOAD
[  194.371078][  T427] type=1300 audit(1791040443.760:125): arch=c00000b7 syscall=280 success=yes exit=6 a0=5 a1=7fdff65e20 a2=94 a3=f items=0 ppid=1 auid=4294967295 uid=0 gid=0 euid=0 suid=0 fsuid=0 egid=0 sgid=0 fsgid=0 tty=(none) ses=4294967295 comm="bpfloader" exe="/system/bin/bpfloader" subj=u:r:bpfloader:s0 key=(null)
[  194.403172][  T427] type=1327 audit(1791040443.760:125): proctitle="/apex/com.android.tethering/bin/netbpfload"
[  194.408362][  T427] type=1320 audit(1791040443.760:125): 
[  194.413553][  T427] type=1334 audit(1791040443.764:126): prog-id=102 op=LOAD
[  194.420116][  T427] type=1300 audit(1791040443.764:126): arch=c00000b7 syscall=280 success=yes exit=4 a0=5 a1=7fdff65e20 a2=94 a3=2 items=0 ppid=1 auid=4294967295 uid=0 gid=0 euid=0 suid=0 fsuid=0 egid=0 sgid=0 fsgid=0 tty=(none) ses=4294967295 comm="bpfloader" exe="/system/bin/bpfloader" subj=u:r:bpfloader:s0 key=(null)
[  194.439699][  T427] type=1327 audit(1791040443.764:126): proctitle="/apex/com.android.tethering/bin/netbpfload"
[  194.453517][  T427] type=1320 audit(1791040443.764:126): 
[  194.459845][  T427] type=1334 audit(1791040443.764:127): prog-id=102 op=UNLOAD
[  194.468437][  T427] type=1300 audit(1791040443.764:127): arch=c00000b7 syscall=57 success=yes exit=0 a0=4 a1=0 a2=7e5ef724d8 a3=2 items=0 ppid=1 auid=4294967295 uid=0 gid=0 euid=0 suid=0 fsuid=0 egid=0 sgid=0 fsgid=0 tty=(none) ses=4294967295 comm="bpfloader" exe="/system/bin/bpfloader" subj=u:r:bpfloader:s0 key=(null)
[  194.489708][  T427] type=1327 audit(1791040443.764:127): proctitle="/apex/com.android.tethering/bin/netbpfload"
[  194.506179][  T427] type=1320 audit(1791040443.764:127): 
[  194.511322][  T427] type=1334 audit(1791040443.764:128): prog-id=103 op=LOAD
[  194.517563][  T427] type=1300 audit(1791040443.764:128): arch=c00000b7 syscall=280 success=yes exit=7 a0=5 a1=7fdff65e20 a2=94 a3=40 items=0 ppid=1 auid=4294967295 uid=0 gid=0 euid=0 suid=0 fsuid=0 egid=0 sgid=0 fsgid=0 tty=(none) ses=4294967295 comm="bpfloader" exe="/system/bin/bpfloader" subj=u:r:bpfloader:s0 key=(null)
[  194.557591][  T427] type=1327 audit(1791040443.764:128): proctitle="/apex/com.android.tethering/bin/netbpfload"
[  194.565596][  T427] type=1320 audit(1791040443.764:128): 
[  194.569374][  T427] type=1334 audit(1791040443.768:129): prog-id=104 op=LOAD
[  194.577335][  T427] type=1300 audit(1791040443.768:129): arch=c00000b7 syscall=280 success=yes exit=8 a0=5 a1=7fdff65e20 a2=94 a3=42 items=0 ppid=1 auid=4294967295 uid=0 gid=0 euid=0 suid=0 fsuid=0 egid=0 sgid=0 fsgid=0 tty=(none) ses=4294967295 comm="bpfloader" exe="/system/bin/bpfloader" subj=u:r:bpfloader:s0 key=(null)
[  194.612889][  T427] type=1327 audit(1791040443.768:129): proctitle="/apex/com.android.tethering/bin/netbpfload"
[  194.621639][  T427] type=1320 audit(1791040443.768:129): 
[  194.637573][  T427] type=1334 audit(1791040443.908:130): prog-id=105 op=LOAD
[  194.645582][  T427] type=1300 audit(1791040443.908:130): arch=c00000b7 syscall=280 success=yes exit=4 a0=5 a1=7fdff65e20 a2=94 a3=2 items=0 ppid=1 auid=4294967295 uid=0 gid=0 euid=0 suid=0 fsuid=0 egid=0 sgid=0 fsgid=0 tty=(none) ses=4294967295 comm="bpfloader" exe="/system/bin/bpfloader" subj=u:r:bpfloader:s0 key=(null)
[  194.677554][  T427] type=1327 audit(1791040443.908:130): proctitle="/apex/com.android.tethering/bin/netbpfload"
[  194.685559][  T427] type=1320 audit(1791040443.908:130): 
[  194.699824][  T427] type=1334 audit(1791040443.916:131): prog-id=105 op=UNLOAD
[  194.714289][  T427] type=1300 audit(1791040443.916:131): arch=c00000b7 syscall=57 success=yes exit=0 a0=4 a1=0 a2=7e5ef724d8 a3=2 items=0 ppid=1 auid=4294967295 uid=0 gid=0 euid=0 suid=0 fsuid=0 egid=0 sgid=0 fsgid=0 tty=(none) ses=4294967295 comm="bpfloader" exe="/system/bin/bpfloader" subj=u:r:bpfloader:s0 key=(null)
[  194.749323][  T427] type=1327 audit(1791040443.916:131): proctitle="/apex/com.android.tethering/bin/netbpfload"
[  194.754384][  T427] type=1320 audit(1791040443.916:131): 
[  194.758266][  T427] type=1334 audit(1791040443.916:132): prog-id=106 op=LOAD
[  194.763329][  T427] type=1300 audit(1791040443.916:132): arch=c00000b7 syscall=280 success=yes exit=7 a0=5 a1=7fdff65e20 a2=94 a3=40 items=0 ppid=1 auid=4294967295 uid=0 gid=0 euid=0 suid=0 fsuid=0 egid=0 sgid=0 fsgid=0 tty=(none) ses=4294967295 comm="bpfloader" exe="/system/bin/bpfloader" subj=u:r:bpfloader:s0 key=(null)
[  194.781400][  T427] type=1327 audit(1791040443.916:132): proctitle="/apex/com.android.tethering/bin/netbpfload"
[  194.786340][  T427] type=1320 audit(1791040443.916:132): 
[  194.793587][  T427] type=1334 audit(1791040443.920:133): prog-id=107 op=LOAD
[  194.797304][  T427] type=1300 audit(1791040443.920:133): arch=c00000b7 syscall=280 success=yes exit=8 a0=5 a1=7fdff65e20 a2=94 a3=42 items=0 ppid=1 auid=4294967295 uid=0 gid=0 euid=0 suid=0 fsuid=0 egid=0 sgid=0 fsgid=0 tty=(none) ses=4294967295 comm="bpfloader" exe="/system/bin/bpfloader" subj=u:r:bpfloader:s0 key=(null)
[  194.821637][  T427] type=1327 audit(1791040443.920:133): proctitle="/apex/com.android.tethering/bin/netbpfload"
[  194.823189][  T427] type=1320 audit(1791040443.920:133): 
[  194.823419][  T427] type=1334 audit(1791040443.932:134): prog-id=108 op=LOAD
[  194.823962][  T427] type=1300 audit(1791040443.932:134): arch=c00000b7 syscall=280 success=yes exit=4 a0=5 a1=7fdff65e20 a2=94 a3=2 items=0 ppid=1 auid=4294967295 uid=0 gid=0 euid=0 suid=0 fsuid=0 egid=0 sgid=0 fsgid=0 tty=(none) ses=4294967295 comm="bpfloader" exe="/system/bin/bpfloader" subj=u:r:bpfloader:s0 key=(null)
[  194.826823][  T427] type=1327 audit(1791040443.932:134): proctitle="/apex/com.android.tethering/bin/netbpfload"
[  194.827394][  T427] type=1320 audit(1791040443.932:134): 
[  194.827653][  T427] type=1334 audit(1791040443.932:135): prog-id=108 op=UNLOAD
[  194.828129][  T427] type=1300 audit(1791040443.932:135): arch=c00000b7 syscall=57 success=yes exit=0 a0=4 a1=0 a2=7e5ef724d8 a3=2 items=0 ppid=1 auid=4294967295 uid=0 gid=0 euid=0 suid=0 fsuid=0 egid=0 sgid=0 fsgid=0 tty=(none) ses=4294967295 comm="bpfloader" exe="/system/bin/bpfloader" subj=u:r:bpfloader:s0 key=(null)
[  194.869077][  T427] type=1327 audit(1791040443.932:135): proctitle="/apex/com.android.tethering/bin/netbpfload"
[  194.881551][  T427] type=1320 audit(1791040443.932:135): 
[  194.950798][  T427] type=1334 audit(1791040444.552:136): prog-id=109 op=LOAD
[  194.957470][  T427] type=1300 audit(1791040444.552:136): arch=c00000b7 syscall=280 success=yes exit=6 a0=5 a1=7fdff65e20 a2=94 a3=66 items=0 ppid=1 auid=4294967295 uid=0 gid=0 euid=0 suid=0 fsuid=0 egid=0 sgid=0 fsgid=0 tty=(none) ses=4294967295 comm="bpfloader" exe="/system/bin/bpfloader" subj=u:r:bpfloader:s0 key=(null)
[  194.997955][  T427] type=1327 audit(1791040444.552:136): proctitle="/apex/com.android.tethering/bin/netbpfload"
[  195.006991][  T427] type=1320 audit(1791040444.552:136): 
[  195.092895][  T603] BpfLoader: Platform BpfLoader loading critical for healthd ELF object /vendor/etc/bpf/filterPowerSupplyEvents.o with license Apache 2.0
[  195.136499][  T603] BpfLoader: No maps section could be found in elf object
[  195.244491][  T427] type=1334 audit(1791040444.808:137): prog-id=110 op=LOAD
[  195.264568][  T427] type=1300 audit(1791040444.808:137): arch=c00000b7 syscall=280 success=yes exit=6 a0=5 a1=7fdff67960 a2=a8 a3=b400007c9b80c368 items=0 ppid=1 auid=4294967295 uid=0 gid=0 euid=0 suid=0 fsuid=0 egid=0 sgid=0 fsgid=0 tty=(none) ses=4294967295 comm="bpfloader" exe="/system/bin/bpfloader" subj=u:r:bpfloader:s0 key=(null)
[  195.303345][  T427] type=1327 audit(1791040444.808:137): proctitle="/apex/com.android.tethering/bin/netbpfload"
[  195.309524][  T427] type=1320 audit(1791040444.808:137): 
[  195.459534][  T603] NetBpfLoad: success.
[  195.595468][    T1] init: Service 'bpfloader' (pid 603) exited with status 0 waiting took 12.492000 seconds
[  195.598368][    T1] init: Sending SIGKILL to service 'bpfloader' (pid 603) process group...
[  195.622445][    T1] libprocessgroup: Removed cgroup /sys/fs/cgroup/system/uid_0/pid_603
[  195.662736][    T1] init: start_waiting_for_property("bpf.progs_loaded", "1"): already set
[  195.723821][    T1] init: starting service 'netd1shot'...
[  195.822275][    T1] libprocessgroup: Created cgroup /sys/fs/cgroup/system/uid_0/pid_606
[  195.894657][    T1] init: ... started service 'netd1shot' has pid 606
[  195.897018][    T1] init: SVC_EXEC service 'netd1shot' pid 606 (uid 0 gid 0+1 context default) started; waiting...
[  195.902052][    T1] init: Command 'exec_start netd1shot' action=load-bpf-programs (/system/etc/init/netbpfload.rc:58) took 221ms and succeeded
[  198.234669][    T1] init: Service 'netd1shot' (pid 606) exited with status 0 waiting took 2.420000 seconds
[  198.239151][    T1] init: Sending SIGKILL to service 'netd1shot' (pid 606) process group...
[  198.272187][    T1] libprocessgroup: Removed cgroup /sys/fs/cgroup/system/uid_0/pid_606
[  198.388284][    T1] init: starting service 'netd'...
[  198.409759][    T1] init: Created socket '/dev/socket/dnsproxyd', mode 660, user 0, group 3003
[  198.412728][    T1] init: Created socket '/dev/socket/mdns', mode 660, user 0, group 1000
[  198.414865][    T1] init: Created socket '/dev/socket/fwmarkd', mode 660, user 0, group 3003
[  198.511048][    T1] libprocessgroup: Created cgroup /sys/fs/cgroup/system/uid_0/pid_607
[  198.578531][    T1] init: ... started service 'netd' has pid 607
[  198.582546][    T1] init: Command 'start netd' action=load-bpf-programs (/system/etc/init/netbpfload.rc:59) took 221ms and succeeded
[  198.594327][    T1] init: processing action (zygote-start) from (/system/etc/init/hw/init.rc:1091)
[  198.624152][    T1] init: start_waiting_for_property("odsign.verification.done", "1"): already set
[  198.679109][    T1] init: starting service 'statsd'...
[  198.687138][    T1] init: Created socket '/dev/socket/statsdw', mode 222, user 1066, group 1066
[  198.730012][    T1] libprocessgroup: Created cgroup /sys/fs/cgroup/system/uid_1066
[  198.754728][    T1] libprocessgroup: Created cgroup /sys/fs/cgroup/system/uid_1066/pid_608
[  198.798598][    T1] init: ... started service 'statsd' has pid 608
[  198.804572][    T1] init: Command 'start statsd' action=zygote-start (/system/etc/init/hw/init.rc:1093) took 171ms and succeeded
[  198.815534][    T1] init: starting service 'zygote'...
[  198.822722][    T1] init: Created socket '/dev/socket/zygote', mode 660, user 0, group 1000
[  198.827140][    T1] init: Created socket '/dev/socket/usap_pool_primary', mode 660, user 0, group 1000
[  198.895728][    T1] libprocessgroup: Created cgroup /sys/fs/cgroup/system/uid_0/pid_609
[  198.962357][    T1] init: ... started service 'zygote' has pid 609
[  198.966576][    T1] init: Command 'start zygote' action=zygote-start (/system/etc/init/hw/init.rc:1094) took 156ms and succeeded
[  198.973730][    T1] init: Command 'start zygote_secondary' action=zygote-start (/system/etc/init/hw/init.rc:1095) took 0ms and failed: service zygote_secondary not found
[  198.983064][    T1] init: processing action (firmware_mounts_complete) from (/system/etc/init/hw/init.rc:514)
[  198.987891][    T1] init: processing action (early-boot) from (/system/etc/init/installd.rc:7)
[  199.020570][    T1] init: processing action (early-boot) from (/system/etc/init/kcmdlinectrl.rc:17)
[  199.032569][    T1] init: starting service 'exec 13 (/system/bin/kcmdlinectrl update-props)'...
[  199.118064][    T1] libprocessgroup: Created cgroup /sys/fs/cgroup/system/uid_0/pid_610
[  199.178738][    T1] init: ... started service 'exec 13 (/system/bin/kcmdlinectrl update-props)' has pid 610
[  199.183436][    T1] init: Command 'exec_background -- /system/bin/kcmdlinectrl update-props' action=early-boot (/system/etc/init/kcmdlinectrl.rc:18) took 156ms and succeeded
[  199.193549][    T1] init: processing action (boot) from (/system/etc/init/hw/init.rc:1112)
[  199.460468][    T1] init: Command 'ifup lo' action=boot (/system/etc/init/hw/init.rc:1114) took 105ms and succeeded
[  199.687880][    T1] init: Command 'hostname localhost' action=boot (/system/etc/init/hw/init.rc:1115) took 102ms and succeeded
[  200.052946][    T1] init: Command 'write /dev/sys/block/by-name/userdata/queue/discard_max_bytes 134217728' action=boot (/system/etc/init/hw/init.rc:1156) took 185ms and succeeded
[  200.452918][    T1] init: Command 'write /dev/sys/block/by-name/rootdisk/queue/discard_max_bytes 134217728' action=boot (/system/etc/init/hw/init.rc:1157) took 313ms and succeeded
[  200.912676][    T1] init: Command 'setprop net.tcp_def_init_rwnd 60' action=boot (/system/etc/init/hw/init.rc:1216) took 209ms and succeeded
[  201.442998][    T1] init: starting service 'audio_parameter_parser_service'...
[  202.266638][    T1] libprocessgroup: Created cgroup /sys/fs/cgroup/system/uid_1041
[  203.134726][    T1] libprocessgroup: Created cgroup /sys/fs/cgroup/system/uid_1041/pid_611
[  204.787720][    T1] init: ... started service 'audio_parameter_parser_service' has pid 611
[  204.887041][    T1] init: starting service 'hidl_memory'...
[  206.002556][    T1] libprocessgroup: Created cgroup /sys/fs/cgroup/system/uid_1000/pid_617
[  207.160850][  T427] type=1325 audit(1791040456.516:138): table=filter family=2 entries=0 op=xt_register subj=u:r:netd:s0 comm="iptables-restor"
[  207.163129][    T1] init: ... started service 'hidl_memory' has pid 617
[  207.290142][    T1] init: starting service 'vendor.sensors-hal-multihal'...
[  207.305690][  T427] type=1300 audit(1791040456.516:138): arch=c00000b7 syscall=209 success=yes exit=0 a0=4 a1=0 a2=40 a3=7fc50e7470 items=0 ppid=607 auid=4294967295 uid=0 gid=0 euid=0 suid=0 fsuid=0 egid=0 sgid=0 fsgid=0 tty=(none) ses=4294967295 comm="iptables-restor" exe="/system/bin/iptables" subj=u:r:netd:s0 key=(null)
[  207.816724][  T427] type=1327 audit(1791040456.516:138): proctitle=2F73797374656D2F62696E2F69707461626C65732D726573746F7265002D2D6E6F666C757368002D77002D76
[  207.988116][  T427] type=1320 audit(1791040456.516:138): 
[  208.047819][  T427] type=1325 audit(1791040457.496:139): table=filter family=2 entries=4 op=xt_replace subj=u:r:netd:s0 comm="iptables-restor"
[  208.130483][    T1] libprocessgroup: Created cgroup /sys/fs/cgroup/system/uid_1000/pid_618
[  208.154472][  T427] type=1300 audit(1791040457.496:139): arch=c00000b7 syscall=208 success=yes exit=0 a0=4 a1=0 a2=40 a3=b4000071746074b0 items=0 ppid=607 auid=4294967295 uid=0 gid=0 euid=0 suid=0 fsuid=0 egid=0 sgid=0 fsgid=0 tty=(none) ses=4294967295 comm="iptables-restor" exe="/system/bin/iptables" subj=u:r:netd:s0 key=(null)
[  208.170511][  T427] type=1327 audit(1791040457.496:139): proctitle=2F73797374656D2F62696E2F69707461626C65732D726573746F7265002D2D6E6F666C757368002D77002D76
[  208.180413][  T427] type=1320 audit(1791040457.496:139): 
[  208.768907][  T427] type=1325 audit(1791040457.836:140): table=filter family=10 entries=0 op=xt_register subj=u:r:netd:s0 comm="ip6tables-resto"
[  208.910752][  T427] type=1300 audit(1791040457.836:140): arch=c00000b7 syscall=209 success=yes exit=0 a0=4 a1=29 a2=40 a3=7fd8d8d910 items=0 ppid=607 auid=4294967295 uid=0 gid=0 euid=0 suid=0 fsuid=0 egid=0 sgid=0 fsgid=0 tty=(none) ses=4294967295 comm="ip6tables-resto" exe="/system/bin/iptables" subj=u:r:netd:s0 key=(null)
[  208.936464][  T427] type=1327 audit(1791040457.836:140): proctitle=2F73797374656D2F62696E2F6970367461626C65732D726573746F7265002D2D6E6F666C757368002D77002D76
[  209.018479][  T427] type=1320 audit(1791040457.836:140): 
[  209.034853][  T427] type=1325 audit(1791040458.308:141): table=filter family=10 entries=4 op=xt_replace subj=u:r:netd:s0 comm="ip6tables-resto"
[  209.047790][  T427] type=1300 audit(1791040458.308:141): arch=c00000b7 syscall=208 success=yes exit=0 a0=4 a1=29 a2=40 a3=b400007c0040a870 items=0 ppid=607 auid=4294967295 uid=0 gid=0 euid=0 suid=0 fsuid=0 egid=0 sgid=0 fsgid=0 tty=(none) ses=4294967295 comm="ip6tables-resto" exe="/system/bin/iptables" subj=u:r:netd:s0 key=(null)
[  209.065674][  T427] type=1327 audit(1791040458.308:141): proctitle=2F73797374656D2F62696E2F6970367461626C65732D726573746F7265002D2D6E6F666C757368002D77002D76
[  209.070420][  T427] type=1320 audit(1791040458.308:141): 
[  209.073542][  T427] type=1325 audit(1791040458.676:142): table=filter family=2 entries=13 op=xt_replace subj=u:r:netd:s0 comm="iptables-restor"
[  209.098660][  T427] type=1300 audit(1791040458.676:142): arch=c00000b7 syscall=208 success=yes exit=0 a0=4 a1=0 a2=40 a3=b400007104605030 items=0 ppid=607 auid=4294967295 uid=0 gid=0 euid=0 suid=0 fsuid=0 egid=0 sgid=0 fsgid=0 tty=(none) ses=4294967295 comm="iptables-restor" exe="/system/bin/iptables" subj=u:r:netd:s0 key=(null)
[  209.133525][  T427] type=1327 audit(1791040458.676:142): proctitle=2F73797374656D2F62696E2F69707461626C65732D726573746F7265002D2D6E6F666C757368002D77002D76
[  209.199422][  T427] type=1320 audit(1791040458.676:142): 
[  209.214819][  T427] type=1325 audit(1791040458.676:143): table=filter family=10 entries=13 op=xt_replace subj=u:r:netd:s0 comm="ip6tables-resto"
[  209.230098][    T1] init: ... started service 'vendor.sensors-hal-multihal' has pid 618
[  209.513059][  T427] type=1300 audit(1791040458.676:143): arch=c00000b7 syscall=208 success=yes exit=0 a0=4 a1=29 a2=40 a3=b400007c40402be0 items=0 ppid=607 auid=4294967295 uid=0 gid=0 euid=0 suid=0 fsuid=0 egid=0 sgid=0 fsgid=0 tty=(none) ses=4294967295 comm="ip6tables-resto" exe="/system/bin/iptables" subj=u:r:netd:s0 key=(null)
[  209.612845][  T427] type=1327 audit(1791040458.676:143): proctitle=2F73797374656D2F62696E2F6970367461626C65732D726573746F7265002D2D6E6F666C757368002D77002D76
[  209.671544][    T1] init: starting service 'vendor.motioncontext-default'...
[  209.673644][  T427] type=1320 audit(1791040458.676:143): 
[  209.701176][  T427] type=1325 audit(1791040458.696:144): table=raw family=2 entries=0 op=xt_register subj=u:r:netd:s0 comm="iptables-restor"
[  209.710562][  T427] type=1300 audit(1791040458.696:144): arch=c00000b7 syscall=209 success=yes exit=0 a0=4 a1=0 a2=40 a3=7fc50e7470 items=0 ppid=607 auid=4294967295 uid=0 gid=0 euid=0 suid=0 fsuid=0 egid=0 sgid=0 fsgid=0 tty=(none) ses=4294967295 comm="iptables-restor" exe="/system/bin/iptables" subj=u:r:netd:s0 key=(null)
[  209.725616][  T427] type=1327 audit(1791040458.696:144): proctitle=2F73797374656D2F62696E2F69707461626C65732D726573746F7265002D2D6E6F666C757368002D77002D76
[  209.731047][  T427] type=1320 audit(1791040458.696:144): 
[  209.733393][  T427] type=1325 audit(1791040458.700:145): table=raw family=2 entries=3 op=xt_replace subj=u:r:netd:s0 comm="iptables-restor"
[  209.738411][  T427] type=1300 audit(1791040458.700:145): arch=c00000b7 syscall=208 success=yes exit=0 a0=4 a1=0 a2=40 a3=b40000718460b9c0 items=0 ppid=607 auid=4294967295 uid=0 gid=0 euid=0 suid=0 fsuid=0 egid=0 sgid=0 fsgid=0 tty=(none) ses=4294967295 comm="iptables-restor" exe="/system/bin/iptables" subj=u:r:netd:s0 key=(null)
[  209.758412][  T427] type=1327 audit(1791040458.700:145): proctitle=2F73797374656D2F62696E2F69707461626C65732D726573746F7265002D2D6E6F666C757368002D77002D76
[  209.800752][  T427] type=1320 audit(1791040458.700:145): 
[  209.808853][  T427] type=1325 audit(1791040458.704:146): table=raw family=10 entries=0 op=xt_register subj=u:r:netd:s0 comm="ip6tables-resto"
[  209.817971][  T427] type=1300 audit(1791040458.704:146): arch=c00000b7 syscall=209 success=yes exit=0 a0=4 a1=29 a2=40 a3=7fd8d8d910 items=0 ppid=607 auid=4294967295 uid=0 gid=0 euid=0 suid=0 fsuid=0 egid=0 sgid=0 fsgid=0 tty=(none) ses=4294967295 comm="ip6tables-resto" exe="/system/bin/iptables" subj=u:r:netd:s0 key=(null)
[  209.833838][  T427] type=1327 audit(1791040458.704:146): proctitle=2F73797374656D2F62696E2F6970367461626C65732D726573746F7265002D2D6E6F666C757368002D77002D76
[  209.843007][  T427] type=1320 audit(1791040458.704:146): 
[  209.845387][  T427] type=1325 audit(1791040458.720:147): table=raw family=10 entries=3 op=xt_replace subj=u:r:netd:s0 comm="ip6tables-resto"
[  209.853328][  T427] type=1300 audit(1791040458.720:147): arch=c00000b7 syscall=208 success=yes exit=0 a0=4 a1=29 a2=40 a3=b400007c0040a870 items=0 ppid=607 auid=4294967295 uid=0 gid=0 euid=0 suid=0 fsuid=0 egid=0 sgid=0 fsgid=0 tty=(none) ses=4294967295 comm="ip6tables-resto" exe="/system/bin/iptables" subj=u:r:netd:s0 key=(null)
[  209.876900][  T427] type=1327 audit(1791040458.720:147): proctitle=2F73797374656D2F62696E2F6970367461626C65732D726573746F7265002D2D6E6F666C757368002D77002D76
[  209.884501][  T427] type=1320 audit(1791040458.720:147): 
[  209.888849][  T427] type=1325 audit(1791040458.724:148): table=mangle family=2 entries=0 op=xt_register subj=u:r:netd:s0 comm="iptables-restor"
[  209.901599][  T427] type=1300 audit(1791040458.724:148): arch=c00000b7 syscall=209 success=yes exit=0 a0=4 a1=0 a2=40 a3=7fc50e7470 items=0 ppid=607 auid=4294967295 uid=0 gid=0 euid=0 suid=0 fsuid=0 egid=0 sgid=0 fsgid=0 tty=(none) ses=4294967295 comm="iptables-restor" exe="/system/bin/iptables" subj=u:r:netd:s0 key=(null)
[  209.940712][  T427] type=1327 audit(1791040458.724:148): proctitle=2F73797374656D2F62696E2F69707461626C65732D726573746F7265002D2D6E6F666C757368002D77002D76
[  209.971496][  T427] type=1320 audit(1791040458.724:148): 
[  210.016493][  T427] type=1325 audit(1791040458.728:149): table=mangle family=2 entries=6 op=xt_replace subj=u:r:netd:s0 comm="iptables-restor"
[  210.086419][  T427] type=1300 audit(1791040458.728:149): arch=c00000b7 syscall=208 success=yes exit=0 a0=4 a1=0 a2=40 a3=b400007254606680 items=0 ppid=607 auid=4294967295 uid=0 gid=0 euid=0 suid=0 fsuid=0 egid=0 sgid=0 fsgid=0 tty=(none) ses=4294967295 comm="iptables-restor" exe="/system/bin/iptables" subj=u:r:netd:s0 key=(null)
[  210.233995][  T427] type=1327 audit(1791040458.728:149): proctitle=2F73797374656D2F62696E2F69707461626C65732D726573746F7265002D2D6E6F666C757368002D77002D76
[  210.270516][  T427] type=1320 audit(1791040458.728:149): 
[  210.279915][    T1] libprocessgroup: Created cgroup /sys/fs/cgroup/system/uid_1080
[  210.288642][  T427] type=1325 audit(1791040458.728:150): table=mangle family=10 entries=0 op=xt_register subj=u:r:netd:s0 comm="ip6tables-resto"
[  210.330931][  T427] type=1300 audit(1791040458.728:150): arch=c00000b7 syscall=209 success=yes exit=0 a0=4 a1=29 a2=40 a3=7fd8d8d910 items=0 ppid=607 auid=4294967295 uid=0 gid=0 euid=0 suid=0 fsuid=0 egid=0 sgid=0 fsgid=0 tty=(none) ses=4294967295 comm="ip6tables-resto" exe="/system/bin/iptables" subj=u:r:netd:s0 key=(null)
[  210.349816][  T427] type=1327 audit(1791040458.728:150): proctitle=2F73797374656D2F62696E2F6970367461626C65732D726573746F7265002D2D6E6F666C757368002D77002D76
[  210.357374][    T1] libprocessgroup: Created cgroup /sys/fs/cgroup/system/uid_1080/pid_621
[  210.363831][  T427] type=1320 audit(1791040458.728:150): 
[  210.369614][  T427] type=1325 audit(1791040458.728:151): table=mangle family=10 entries=6 op=xt_replace subj=u:r:netd:s0 comm="ip6tables-resto"
[  210.375414][  T427] type=1300 audit(1791040458.728:151): arch=c00000b7 syscall=208 success=yes exit=0 a0=4 a1=29 a2=40 a3=b400007bb04129c0 items=0 ppid=607 auid=4294967295 uid=0 gid=0 euid=0 suid=0 fsuid=0 egid=0 sgid=0 fsgid=0 tty=(none) ses=4294967295 comm="ip6tables-resto" exe="/system/bin/iptables" subj=u:r:netd:s0 key=(null)
[  210.396817][  T427] type=1327 audit(1791040458.728:151): proctitle=2F73797374656D2F62696E2F6970367461626C65732D726573746F7265002D2D6E6F666C757368002D77002D76
[  210.405064][  T427] type=1320 audit(1791040458.728:151): 
[  210.407010][  T427] type=1325 audit(1791040458.728:152): table=mangle family=2 entries=9 op=xt_replace subj=u:r:netd:s0 comm="iptables-restor"
[  210.413928][  T427] type=1300 audit(1791040458.728:152): arch=c00000b7 syscall=208 success=yes exit=0 a0=4 a1=0 a2=40 a3=b4000072b4608560 items=0 ppid=607 auid=4294967295 uid=0 gid=0 euid=0 suid=0 fsuid=0 egid=0 sgid=0 fsgid=0 tty=(none) ses=4294967295 comm="iptables-restor" exe="/system/bin/iptables" subj=u:r:netd:s0 key=(null)
[  210.459054][  T427] type=1327 audit(1791040458.728:152): proctitle=2F73797374656D2F62696E2F69707461626C65732D726573746F7265002D2D6E6F666C757368002D77002D76
[  210.552176][  T427] type=1320 audit(1791040458.728:152): 
[  210.697987][  T427] type=1325 audit(1791040458.748:153): table=mangle family=10 entries=9 op=xt_replace subj=u:r:netd:s0 comm="ip6tables-resto"
[  210.796569][  T427] type=1300 audit(1791040458.748:153): arch=c00000b7 syscall=208 success=yes exit=0 a0=4 a1=29 a2=40 a3=b400007d10408020 items=0 ppid=607 auid=4294967295 uid=0 gid=0 euid=0 suid=0 fsuid=0 egid=0 sgid=0 fsgid=0 tty=(none) ses=4294967295 comm="ip6tables-resto" exe="/system/bin/iptables" subj=u:r:netd:s0 key=(null)
[  210.830544][  T427] type=1327 audit(1791040458.748:153): proctitle=2F73797374656D2F62696E2F6970367461626C65732D726573746F7265002D2D6E6F666C757368002D77002D76
[  210.837647][  T427] type=1320 audit(1791040458.748:153): 
[  210.841830][  T427] type=1325 audit(1791040458.756:154): table=mangle family=2 entries=18 op=xt_replace subj=u:r:netd:s0 comm="iptables-restor"
[  210.849329][  T427] type=1300 audit(1791040458.756:154): arch=c00000b7 syscall=208 success=yes exit=0 a0=4 a1=0 a2=40 a3=b400007104605030 items=0 ppid=607 auid=4294967295 uid=0 gid=0 euid=0 suid=0 fsuid=0 egid=0 sgid=0 fsgid=0 tty=(none) ses=4294967295 comm="iptables-restor" exe="/system/bin/iptables" subj=u:r:netd:s0 key=(null)
[  210.991433][  T427] type=1327 audit(1791040458.756:154): proctitle=2F73797374656D2F62696E2F69707461626C65732D726573746F7265002D2D6E6F666C757368002D77002D76
[  210.994960][    T1] init: ... started service 'vendor.motioncontext-default' has pid 621
[  211.026634][  T427] type=1320 audit(1791040458.756:154): 
[  211.034534][  T427] type=1325 audit(1791040458.760:155): table=mangle family=10 entries=18 op=xt_replace subj=u:r:netd:s0 comm="ip6tables-resto"
[  211.075961][  T427] type=1300 audit(1791040458.760:155): arch=c00000b7 syscall=208 success=yes exit=0 a0=4 a1=29 a2=40 a3=b400007d20410640 items=0 ppid=607 auid=4294967295 uid=0 gid=0 euid=0 suid=0 fsuid=0 egid=0 sgid=0 fsgid=0 tty=(none) ses=4294967295 comm="ip6tables-resto" exe="/system/bin/iptables" subj=u:r:netd:s0 key=(null)
[  211.099507][  T427] type=1327 audit(1791040458.760:155): proctitle=2F73797374656D2F62696E2F6970367461626C65732D726573746F7265002D2D6E6F666C757368002D77002D76
[  211.111915][  T427] type=1320 audit(1791040458.760:155): 
[  211.117579][  T427] type=1325 audit(1791040458.764:156): table=nat family=2 entries=0 op=xt_register subj=u:r:netd:s0 comm="iptables-restor"
[  211.218925][  T427] type=1300 audit(1791040458.764:156): arch=c00000b7 syscall=209 success=yes exit=0 a0=4 a1=0 a2=40 a3=7fc50e7470 items=0 ppid=607 auid=4294967295 uid=0 gid=0 euid=0 suid=0 fsuid=0 egid=0 sgid=0 fsgid=0 tty=(none) ses=4294967295 comm="iptables-restor" exe="/system/bin/iptables" subj=u:r:netd:s0 key=(null)
[  211.253522][  T427] type=1327 audit(1791040458.764:156): proctitle=2F73797374656D2F62696E2F69707461626C65732D726573746F7265002D2D6E6F666C757368002D77002D76
[  211.274380][  T427] type=1320 audit(1791040458.764:156): 
[  211.284915][  T427] type=1325 audit(1791040458.836:157): table=nat family=2 entries=5 op=xt_replace subj=u:r:netd:s0 comm="iptables-restor"
[  211.301789][  T427] type=1300 audit(1791040458.836:157): arch=c00000b7 syscall=208 success=yes exit=0 a0=4 a1=0 a2=40 a3=b400007254606680 items=0 ppid=607 auid=4294967295 uid=0 gid=0 euid=0 suid=0 fsuid=0 egid=0 sgid=0 fsgid=0 tty=(none) ses=4294967295 comm="iptables-restor" exe="/system/bin/iptables" subj=u:r:netd:s0 key=(null)
[  211.378892][  T427] type=1327 audit(1791040458.836:157): proctitle=2F73797374656D2F62696E2F69707461626C65732D726573746F7265002D2D6E6F666C757368002D77002D76
[  211.393819][  T427] type=1320 audit(1791040458.836:157): 
[  211.405646][  T427] type=1325 audit(1791040458.856:158): table=nat family=2 entries=8 op=xt_replace subj=u:r:netd:s0 comm="iptables-restor"
[  211.520082][  T427] type=1300 audit(1791040458.856:158): arch=c00000b7 syscall=208 success=yes exit=0 a0=4 a1=0 a2=40 a3=b40000718460b9c0 items=0 ppid=607 auid=4294967295 uid=0 gid=0 euid=0 suid=0 fsuid=0 egid=0 sgid=0 fsgid=0 tty=(none) ses=4294967295 comm="iptables-restor" exe="/system/bin/iptables" subj=u:r:netd:s0 key=(null)
[  211.622592][  T427] type=1327 audit(1791040458.856:158): proctitle=2F73797374656D2F62696E2F69707461626C65732D726573746F7265002D2D6E6F666C757368002D77002D76
[  211.623671][    T1] init: starting service 'vendor.audio-hal-aidl'...
[  211.640913][  T427] type=1320 audit(1791040458.856:158): 
[  211.661849][  T427] type=1325 audit(1791040459.260:159): table=filter family=2 entries=25 op=xt_replace subj=u:r:netd:s0 comm="iptables-restor"
[  211.684464][  T427] type=1300 audit(1791040459.260:159): arch=c00000b7 syscall=208 success=yes exit=0 a0=4 a1=0 a2=40 a3=b4000071f460f380 items=0 ppid=607 auid=4294967295 uid=0 gid=0 euid=0 suid=0 fsuid=0 egid=0 sgid=0 fsgid=0 tty=(none) ses=4294967295 comm="iptables-restor" exe="/system/bin/iptables" subj=u:r:netd:s0 key=(null)
[  211.711145][  T427] type=1327 audit(1791040459.260:159): proctitle=2F73797374656D2F62696E2F69707461626C65732D726573746F7265002D2D6E6F666C757368002D77002D76
[  211.717561][  T427] type=1320 audit(1791040459.260:159): 
[  211.722960][  T427] type=1325 audit(1791040459.328:160): table=filter family=10 entries=25 op=xt_replace subj=u:r:netd:s0 comm="ip6tables-resto"
[  211.735935][  T427] type=1300 audit(1791040459.328:160): arch=c00000b7 syscall=208 success=yes exit=0 a0=4 a1=29 a2=40 a3=b400007b2040d220 items=0 ppid=607 auid=4294967295 uid=0 gid=0 euid=0 suid=0 fsuid=0 egid=0 sgid=0 fsgid=0 tty=(none) ses=4294967295 comm="ip6tables-resto" exe="/system/bin/iptables" subj=u:r:netd:s0 key=(null)
[  211.750826][  T427] type=1327 audit(1791040459.328:160): proctitle=2F73797374656D2F62696E2F6970367461626C65732D726573746F7265002D2D6E6F666C757368002D77002D76
[  211.758530][  T427] type=1320 audit(1791040459.328:160): 
[  211.762202][  T427] type=1325 audit(1791040459.340:161): table=mangle family=2 entries=21 op=xt_replace subj=u:r:netd:s0 comm="iptables-restor"
[  211.770427][  T427] type=1300 audit(1791040459.340:161): arch=c00000b7 syscall=208 success=yes exit=0 a0=4 a1=0 a2=40 a3=b4000071f460f380 items=0 ppid=607 auid=4294967295 uid=0 gid=0 euid=0 suid=0 fsuid=0 egid=0 sgid=0 fsgid=0 tty=(none) ses=4294967295 comm="iptables-restor" exe="/system/bin/iptables" subj=u:r:netd:s0 key=(null)
[  211.787033][  T427] type=1327 audit(1791040459.340:161): proctitle=2F73797374656D2F62696E2F69707461626C65732D726573746F7265002D2D6E6F666C757368002D77002D76
[  211.805622][  T427] type=1320 audit(1791040459.340:161): 
[  211.808134][  T427] type=1325 audit(1791040459.368:162): table=mangle family=10 entries=21 op=xt_replace subj=u:r:netd:s0 comm="ip6tables-resto"
[  211.822043][  T427] type=1300 audit(1791040459.368:162): arch=c00000b7 syscall=208 success=yes exit=0 a0=4 a1=29 a2=40 a3=b400007c40402be0 items=0 ppid=607 auid=4294967295 uid=0 gid=0 euid=0 suid=0 fsuid=0 egid=0 sgid=0 fsgid=0 tty=(none) ses=4294967295 comm="ip6tables-resto" exe="/system/bin/iptables" subj=u:r:netd:s0 key=(null)
[  211.825910][    T1] libprocessgroup: Created cgroup /sys/fs/cgroup/system/uid_1041/pid_622
[  211.857602][  T427] type=1327 audit(1791040459.368:162): proctitle=2F73797374656D2F62696E2F6970367461626C65732D726573746F7265002D2D6E6F666C757368002D77002D76
[  211.863129][  T427] type=1320 audit(1791040459.368:162): 
[  211.863428][  T427] type=1325 audit(1791040459.368:163): table=filter family=2 entries=37 op=xt_replace subj=u:r:netd:s0 comm="iptables-restor"
[  211.864716][  T427] type=1300 audit(1791040459.368:163): arch=c00000b7 syscall=208 success=yes exit=0 a0=4 a1=0 a2=40 a3=b4000071f460a010 items=0 ppid=607 auid=4294967295 uid=0 gid=0 euid=0 suid=0 fsuid=0 egid=0 sgid=0 fsgid=0 tty=(none) ses=4294967295 comm="iptables-restor" exe="/system/bin/iptables" subj=u:r:netd:s0 key=(null)
[  211.870346][  T427] type=1327 audit(1791040459.368:163): proctitle=2F73797374656D2F62696E2F69707461626C65732D726573746F7265002D2D6E6F666C757368002D77002D76
[  211.981598][  T427] type=1320 audit(1791040459.368:163): 
[  211.995992][  T427] type=1325 audit(1791040459.368:164): table=filter family=10 entries=37 op=xt_replace subj=u:r:netd:s0 comm="ip6tables-resto"
[  212.010481][  T427] type=1300 audit(1791040459.368:164): arch=c00000b7 syscall=208 success=yes exit=0 a0=4 a1=29 a2=40 a3=b400007b2040b010 items=0 ppid=607 auid=4294967295 uid=0 gid=0 euid=0 suid=0 fsuid=0 egid=0 sgid=0 fsgid=0 tty=(none) ses=4294967295 comm="ip6tables-resto" exe="/system/bin/iptables" subj=u:r:netd:s0 key=(null)
[  212.027626][  T427] type=1327 audit(1791040459.368:164): proctitle=2F73797374656D2F62696E2F6970367461626C65732D726573746F7265002D2D6E6F666C757368002D77002D76
[  212.046574][  T427] type=1320 audit(1791040459.368:164): 
[  212.050058][  T427] type=1325 audit(1791040459.448:165): table=filter family=2 entries=37 op=xt_replace subj=u:r:netd:s0 comm="iptables-restor"
[  212.054875][  T427] type=1300 audit(1791040459.448:165): arch=c00000b7 syscall=208 success=yes exit=0 a0=4 a1=0 a2=40 a3=b4000071f460a010 items=0 ppid=607 auid=4294967295 uid=0 gid=0 euid=0 suid=0 fsuid=0 egid=0 sgid=0 fsgid=0 tty=(none) ses=4294967295 comm="iptables-restor" exe="/system/bin/iptables" subj=u:r:netd:s0 key=(null)
[  212.072691][  T427] type=1327 audit(1791040459.448:165): proctitle=2F73797374656D2F62696E2F69707461626C65732D726573746F7265002D2D6E6F666C757368002D77002D76
[  212.077423][  T427] type=1320 audit(1791040459.448:165): 
[  212.080446][  T427] type=1325 audit(1791040459.472:166): table=nat family=2 entries=11 op=xt_replace subj=u:r:netd:s0 comm="iptables-restor"
[  212.105152][  T427] type=1300 audit(1791040459.472:166): arch=c00000b7 syscall=208 success=yes exit=0 a0=4 a1=0 a2=40 a3=b400007184607010 items=0 ppid=607 auid=4294967295 uid=0 gid=0 euid=0 suid=0 fsuid=0 egid=0 sgid=0 fsgid=0 tty=(none) ses=4294967295 comm="iptables-restor" exe="/system/bin/iptables" subj=u:r:netd:s0 key=(null)
[  212.116016][    T1] init: ... started service 'vendor.audio-hal-aidl' has pid 622
[  212.214907][  T427] type=1327 audit(1791040459.472:166): proctitle=2F73797374656D2F62696E2F69707461626C65732D726573746F7265002D2D6E6F666C757368002D77002D76
[  212.254645][  T427] type=1320 audit(1791040459.472:166): 
[  212.258806][    T1] init: starting service 'vendor.audio-effect-hal-aidl'...
[  212.277192][  T427] type=1325 audit(1791040459.484:167): table=filter family=10 entries=38 op=xt_replace subj=u:r:netd:s0 comm="ip6tables-resto"
[  212.291027][  T427] type=1300 audit(1791040459.484:167): arch=c00000b7 syscall=208 success=yes exit=0 a0=4 a1=29 a2=40 a3=b400007b2040b010 items=0 ppid=607 auid=4294967295 uid=0 gid=0 euid=0 suid=0 fsuid=0 egid=0 sgid=0 fsgid=0 tty=(none) ses=4294967295 comm="ip6tables-resto" exe="/system/bin/iptables" subj=u:r:netd:s0 key=(null)
[  212.312180][  T427] type=1327 audit(1791040459.484:167): proctitle=2F73797374656D2F62696E2F6970367461626C65732D726573746F7265002D2D6E6F666C757368002D77002D76
[  212.321612][  T427] type=1320 audit(1791040459.484:167): 
[  212.324506][  T427] type=1325 audit(1791040459.484:168): table=raw family=10 entries=12 op=xt_replace subj=u:r:netd:s0 comm="ip6tables-resto"
[  212.342315][  T427] type=1300 audit(1791040459.484:168): arch=c00000b7 syscall=208 success=yes exit=0 a0=4 a1=29 a2=40 a3=b400007c00409010 items=0 ppid=607 auid=4294967295 uid=0 gid=0 euid=0 suid=0 fsuid=0 egid=0 sgid=0 fsgid=0 tty=(none) ses=4294967295 comm="ip6tables-resto" exe="/system/bin/iptables" subj=u:r:netd:s0 key=(null)
[  212.370458][  T427] type=1327 audit(1791040459.484:168): proctitle=2F73797374656D2F62696E2F6970367461626C65732D726573746F7265002D2D6E6F666C757368002D77002D76
[  212.461872][  T427] type=1320 audit(1791040459.484:168): 
[  212.475459][  T427] type=1325 audit(1791040459.732:169): table=mangle family=2 entries=30 op=xt_replace subj=u:r:netd:s0 comm="iptables-restor"
[  212.550447][  T427] type=1300 audit(1791040459.732:169): arch=c00000b7 syscall=208 success=yes exit=0 a0=4 a1=0 a2=40 a3=b4000071f460a010 items=0 ppid=607 auid=4294967295 uid=0 gid=0 euid=0 suid=0 fsuid=0 egid=0 sgid=0 fsgid=0 tty=(none) ses=4294967295 comm="iptables-restor" exe="/system/bin/iptables" subj=u:r:netd:s0 key=(null)
[  212.577553][  T427] type=1327 audit(1791040459.732:169): proctitle=2F73797374656D2F62696E2F69707461626C65732D726573746F7265002D2D6E6F666C757368002D77002D76
[  212.581125][    T1] libprocessgroup: Created cgroup /sys/fs/cgroup/system/uid_1041/pid_623
[  212.615181][  T427] type=1320 audit(1791040459.732:169): 
[  212.642989][  T427] type=1325 audit(1791040459.936:170): table=filter family=2 entries=38 op=xt_replace subj=u:r:netd:s0 comm="iptables-restor"
[  212.657814][  T427] type=1300 audit(1791040459.936:170): arch=c00000b7 syscall=208 success=yes exit=0 a0=4 a1=0 a2=40 a3=b4000071f460a010 items=0 ppid=607 auid=4294967295 uid=0 gid=0 euid=0 suid=0 fsuid=0 egid=0 sgid=0 fsgid=0 tty=(none) ses=4294967295 comm="iptables-restor" exe="/system/bin/iptables" subj=u:r:netd:s0 key=(null)
[  212.712906][  T427] type=1327 audit(1791040459.936:170): proctitle=2F73797374656D2F62696E2F69707461626C65732D726573746F7265002D2D6E6F666C757368002D77002D76
[  212.760810][  T427] type=1320 audit(1791040459.936:170): 
[  212.771888][  T427] type=1325 audit(1791040459.984:171): table=filter family=10 entries=38 op=xt_replace subj=u:r:netd:s0 comm="ip6tables-resto"
[  212.781669][  T427] type=1300 audit(1791040459.984:171): arch=c00000b7 syscall=208 success=yes exit=0 a0=4 a1=29 a2=40 a3=b400007ce040f010 items=0 ppid=607 auid=4294967295 uid=0 gid=0 euid=0 suid=0 fsuid=0 egid=0 sgid=0 fsgid=0 tty=(none) ses=4294967295 comm="ip6tables-resto" exe="/system/bin/iptables" subj=u:r:netd:s0 key=(null)
[  212.796358][  T427] type=1327 audit(1791040459.984:171): proctitle=2F73797374656D2F62696E2F6970367461626C65732D726573746F7265002D2D6E6F666C757368002D77002D76
[  212.817818][  T427] type=1320 audit(1791040459.984:171): 
[  212.819494][  T427] type=1325 audit(1791040460.032:172): table=filter family=2 entries=40 op=xt_replace subj=u:r:netd:s0 comm="iptables-restor"
[  212.830033][  T427] type=1300 audit(1791040460.032:172): arch=c00000b7 syscall=208 success=yes exit=0 a0=4 a1=0 a2=40 a3=b40000729460c430 items=0 ppid=607 auid=4294967295 uid=0 gid=0 euid=0 suid=0 fsuid=0 egid=0 sgid=0 fsgid=0 tty=(none) ses=4294967295 comm="iptables-restor" exe="/system/bin/iptables" subj=u:r:netd:s0 key=(null)
[  212.899632][  T427] type=1327 audit(1791040460.032:172): proctitle=2F73797374656D2F62696E2F69707461626C65732D726573746F7265002D2D6E6F666C757368002D77002D76
[  212.973149][  T427] type=1320 audit(1791040460.032:172): 
[  212.987021][  T427] type=1325 audit(1791040460.036:173): table=raw family=2 entries=12 op=xt_replace subj=u:r:netd:s0 comm="iptables-restor"
[  213.055764][  T427] type=1300 audit(1791040460.036:173): arch=c00000b7 syscall=208 success=yes exit=0 a0=4 a1=0 a2=40 a3=b400007184607010 items=0 ppid=607 auid=4294967295 uid=0 gid=0 euid=0 suid=0 fsuid=0 egid=0 sgid=0 fsgid=0 tty=(none) ses=4294967295 comm="iptables-restor" exe="/system/bin/iptables" subj=u:r:netd:s0 key=(null)
[  213.115987][  T427] type=1327 audit(1791040460.036:173): proctitle=2F73797374656D2F62696E2F69707461626C65732D726573746F7265002D2D6E6F666C757368002D77002D76
[  213.296155][  T427] type=1320 audit(1791040460.036:173): 
[  213.424561][  T427] type=1325 audit(1791040460.044:174): table=mangle family=2 entries=31 op=xt_replace subj=u:r:netd:s0 comm="iptables-restor"
[  213.454936][  T427] type=1300 audit(1791040460.044:174): arch=c00000b7 syscall=208 success=yes exit=0 a0=4 a1=0 a2=40 a3=b4000071f460a010 items=0 ppid=607 auid=4294967295 uid=0 gid=0 euid=0 suid=0 fsuid=0 egid=0 sgid=0 fsgid=0 tty=(none) ses=4294967295 comm="iptables-restor" exe="/system/bin/iptables" subj=u:r:netd:s0 key=(null)
[  213.474721][    T1] init: ... started service 'vendor.audio-effect-hal-aidl' has pid 623
[  213.513977][  T427] type=1327 audit(1791040460.044:174): proctitle=2F73797374656D2F62696E2F69707461626C65732D726573746F7265002D2D6E6F666C757368002D77002D76
[  213.584844][  T427] type=1320 audit(1791040460.044:174): 
[  213.675021][  T427] type=1325 audit(1791040460.112:175): table=filter family=10 entries=40 op=xt_replace subj=u:r:netd:s0 comm="ip6tables-resto"
[  213.688181][    T1] init: starting service 'vendor.authsecret_default'...
[  213.706509][  T427] type=1300 audit(1791040460.112:175): arch=c00000b7 syscall=208 success=yes exit=0 a0=4 a1=29 a2=40 a3=b400007ce040f010 items=0 ppid=607 auid=4294967295 uid=0 gid=0 euid=0 suid=0 fsuid=0 egid=0 sgid=0 fsgid=0 tty=(none) ses=4294967295 comm="ip6tables-resto" exe="/system/bin/iptables" subj=u:r:netd:s0 key=(null)
[  213.738656][  T427] type=1327 audit(1791040460.112:175): proctitle=2F73797374656D2F62696E2F6970367461626C65732D726573746F7265002D2D6E6F666C757368002D77002D76
[  213.769614][  T427] type=1320 audit(1791040460.112:175): 
[  213.881062][  T427] type=1325 audit(1791040460.404:176): table=raw family=10 entries=12 op=xt_replace subj=u:r:netd:s0 comm="ip6tables-resto"
[  214.012798][  T427] type=1300 audit(1791040460.404:176): arch=c00000b7 syscall=208 success=yes exit=0 a0=4 a1=29 a2=40 a3=b400007c00409010 items=0 ppid=607 auid=4294967295 uid=0 gid=0 euid=0 suid=0 fsuid=0 egid=0 sgid=0 fsgid=0 tty=(none) ses=4294967295 comm="ip6tables-resto" exe="/system/bin/iptables" subj=u:r:netd:s0 key=(null)
[  214.282610][  T427] type=1327 audit(1791040460.404:176): proctitle=2F73797374656D2F62696E2F6970367461626C65732D726573746F7265002D2D6E6F666C757368002D77002D76
[  214.431860][  T427] type=1320 audit(1791040460.404:176): 
[  214.432126][    T1] libprocessgroup: Created cgroup /sys/fs/cgroup/system/uid_1064
[  214.448667][  T427] type=1325 audit(1791040460.448:177): table=mangle family=10 entries=30 op=xt_replace subj=u:r:netd:s0 comm="ip6tables-resto"
[  214.471657][  T427] type=1300 audit(1791040460.448:177): arch=c00000b7 syscall=208 success=yes exit=0 a0=4 a1=29 a2=40 a3=b400007c404047b0 items=0 ppid=607 auid=4294967295 uid=0 gid=0 euid=0 suid=0 fsuid=0 egid=0 sgid=0 fsgid=0 tty=(none) ses=4294967295 comm="ip6tables-resto" exe="/system/bin/iptables" subj=u:r:netd:s0 key=(null)
[  214.484741][    T1] libprocessgroup: Created cgroup /sys/fs/cgroup/system/uid_1064/pid_624
[  214.515637][  T427] type=1327 audit(1791040460.448:177): proctitle=2F73797374656D2F62696E2F6970367461626C65732D726573746F7265002D2D6E6F666C757368002D77002D76
[  214.529726][  T427] type=1320 audit(1791040460.448:177): 
[  214.532672][  T427] type=1325 audit(1791040460.680:178): table=filter family=2 entries=50 op=xt_replace subj=u:r:netd:s0 comm="iptables-restor"
[  214.544556][  T427] type=1300 audit(1791040460.680:178): arch=c00000b7 syscall=208 success=yes exit=0 a0=4 a1=0 a2=40 a3=b4000071e4605da0 items=0 ppid=607 auid=4294967295 uid=0 gid=0 euid=0 suid=0 fsuid=0 egid=0 sgid=0 fsgid=0 tty=(none) ses=4294967295 comm="iptables-restor" exe="/system/bin/iptables" subj=u:r:netd:s0 key=(null)
[  214.565741][  T427] type=1327 audit(1791040460.680:178): proctitle=2F73797374656D2F62696E2F69707461626C65732D726573746F7265002D2D6E6F666C757368002D77002D76
[  214.575432][  T427] type=1320 audit(1791040460.680:178): 
[  214.583090][  T427] type=1325 audit(1791040460.740:179): table=filter family=10 entries=50 op=xt_replace subj=u:r:netd:s0 comm="ip6tables-resto"
[  214.633564][  T427] type=1300 audit(1791040460.740:179): arch=c00000b7 syscall=208 success=yes exit=0 a0=4 a1=29 a2=40 a3=b400007ba04077a0 items=0 ppid=607 auid=4294967295 uid=0 gid=0 euid=0 suid=0 fsuid=0 egid=0 sgid=0 fsgid=0 tty=(none) ses=4294967295 comm="ip6tables-resto" exe="/system/bin/iptables" subj=u:r:netd:s0 key=(null)
[  214.687865][  T427] type=1327 audit(1791040460.740:179): proctitle=2F73797374656D2F62696E2F6970367461626C65732D726573746F7265002D2D6E6F666C757368002D77002D76
[  214.696816][  T427] type=1320 audit(1791040460.740:179): 
[  214.702029][  T427] type=1325 audit(1791040461.496:180): table=filter family=2 entries=58 op=xt_replace subj=u:r:netd:s0 comm="iptables-restor"
[  214.708545][  T427] type=1300 audit(1791040461.496:180): arch=c00000b7 syscall=208 success=yes exit=0 a0=4 a1=0 a2=40 a3=b400007214619030 items=0 ppid=607 auid=4294967295 uid=0 gid=0 euid=0 suid=0 fsuid=0 egid=0 sgid=0 fsgid=0 tty=(none) ses=4294967295 comm="iptables-restor" exe="/system/bin/iptables" subj=u:r:netd:s0 key=(null)
[  214.736472][  T427] type=1327 audit(1791040461.496:180): proctitle=2F73797374656D2F62696E2F69707461626C65732D726573746F7265002D2D6E6F666C757368002D77002D76
[  214.879106][  T427] type=1320 audit(1791040461.496:180): 
[  215.063172][  T427] type=1325 audit(1791040461.684:181): table=filter family=10 entries=58 op=xt_replace subj=u:r:netd:s0 comm="ip6tables-resto"
[  215.084836][  T427] type=1300 audit(1791040461.684:181): arch=c00000b7 syscall=208 success=yes exit=0 a0=4 a1=29 a2=40 a3=b400007bd0410010 items=0 ppid=607 auid=4294967295 uid=0 gid=0 euid=0 suid=0 fsuid=0 egid=0 sgid=0 fsgid=0 tty=(none) ses=4294967295 comm="ip6tables-resto" exe="/system/bin/iptables" subj=u:r:netd:s0 key=(null)
[  215.149917][  T427] type=1327 audit(1791040461.684:181): proctitle=2F73797374656D2F62696E2F6970367461626C65732D726573746F7265002D2D6E6F666C757368002D77002D76
[  215.157407][    T1] init: ... started service 'vendor.authsecret_default' has pid 624
[  215.177661][  T427] type=1320 audit(1791040461.684:181): 
[  215.180883][  T427] type=1325 audit(1791040461.724:182): table=mangle family=2 entries=31 op=xt_replace subj=u:r:netd:s0 comm="iptables-restor"
[  215.204209][  T427] type=1300 audit(1791040461.724:182): arch=c00000b7 syscall=208 success=yes exit=0 a0=4 a1=0 a2=40 a3=b4000071f460a010 items=0 ppid=607 auid=4294967295 uid=0 gid=0 euid=0 suid=0 fsuid=0 egid=0 sgid=0 fsgid=0 tty=(none) ses=4294967295 comm="iptables-restor" exe="/system/bin/iptables" subj=u:r:netd:s0 key=(null)
[  215.290889][  T427] type=1327 audit(1791040461.724:182): proctitle=2F73797374656D2F62696E2F69707461626C65732D726573746F7265002D2D6E6F666C757368002D77002D76
[  215.307424][  T427] type=1320 audit(1791040461.724:182): 
[  215.310839][  T427] type=1325 audit(1791040461.748:183): table=mangle family=10 entries=30 op=xt_replace subj=u:r:netd:s0 comm="ip6tables-resto"
[  215.317803][  T427] type=1300 audit(1791040461.748:183): arch=c00000b7 syscall=208 success=yes exit=0 a0=4 a1=29 a2=40 a3=b400007c404047b0 items=0 ppid=607 auid=4294967295 uid=0 gid=0 euid=0 suid=0 fsuid=0 egid=0 sgid=0 fsgid=0 tty=(none) ses=4294967295 comm="ip6tables-resto" exe="/system/bin/iptables" subj=u:r:netd:s0 key=(null)
[  215.693052][  T427] type=1327 audit(1791040461.748:183): proctitle=2F73797374656D2F62696E2F6970367461626C65732D726573746F7265002D2D6E6F666C757368002D77002D76
[  215.739674][    T1] init: starting service 'vendor.cas-default'...
[  216.072790][  T427] type=1320 audit(1791040461.748:183): 
[  216.852632][  T427] type=1325 audit(1791040461.908:184): table=filter family=2 entries=70 op=xt_replace subj=u:r:netd:s0 comm="iptables-restor"
[  217.213728][  T427] type=1300 audit(1791040461.908:184): arch=c00000b7 syscall=208 success=yes exit=0 a0=4 a1=0 a2=40 a3=b400007214610010 items=0 ppid=607 auid=4294967295 uid=0 gid=0 euid=0 suid=0 fsuid=0 egid=0 sgid=0 fsgid=0 tty=(none) ses=4294967295 comm="iptables-restor" exe="/system/bin/iptables" subj=u:r:netd:s0 key=(null)
[  217.318198][    T1] libprocessgroup: Created cgroup /sys/fs/cgroup/system/uid_1013
[  217.509807][  T427] type=1327 audit(1791040461.908:184): proctitle=2F73797374656D2F62696E2F69707461626C65732D726573746F7265002D2D6E6F666C757368002D77002D76
[  217.534406][  T427] type=1320 audit(1791040461.908:184): 
[  217.596553][  T427] type=1325 audit(1791040461.924:185): table=raw family=2 entries=12 op=xt_replace subj=u:r:netd:s0 comm="iptables-restor"
[  217.689914][  T427] type=1300 audit(1791040461.924:185): arch=c00000b7 syscall=208 success=yes exit=0 a0=4 a1=0 a2=40 a3=b400007184607010 items=0 ppid=607 auid=4294967295 uid=0 gid=0 euid=0 suid=0 fsuid=0 egid=0 sgid=0 fsgid=0 tty=(none) ses=4294967295 comm="iptables-restor" exe="/system/bin/iptables" subj=u:r:netd:s0 key=(null)
[  217.711511][  T427] type=1327 audit(1791040461.924:185): proctitle=2F73797374656D2F62696E2F69707461626C65732D726573746F7265002D2D6E6F666C757368002D77002D76
[  217.732933][  T427] type=1320 audit(1791040461.924:185): 
[  217.749939][  T427] type=1325 audit(1791040461.932:186): table=mangle family=2 entries=33 op=xt_replace subj=u:r:netd:s0 comm="iptables-restor"
[  217.761606][  T427] type=1300 audit(1791040461.932:186): arch=c00000b7 syscall=208 success=yes exit=0 a0=4 a1=0 a2=40 a3=b4000071f460a010 items=0 ppid=607 auid=4294967295 uid=0 gid=0 euid=0 suid=0 fsuid=0 egid=0 sgid=0 fsgid=0 tty=(none) ses=4294967295 comm="iptables-restor" exe="/system/bin/iptables" subj=u:r:netd:s0 key=(null)
[  217.824852][    T1] libprocessgroup: Created cgroup /sys/fs/cgroup/system/uid_1013/pid_625
[  217.895753][  T427] type=1327 audit(1791040461.932:186): proctitle=2F73797374656D2F62696E2F69707461626C65732D726573746F7265002D2D6E6F666C757368002D77002D76
[  217.953160][  T427] type=1320 audit(1791040461.932:186): 
[  218.003457][  T427] type=1325 audit(1791040461.944:187): table=filter family=10 entries=70 op=xt_replace subj=u:r:netd:s0 comm="ip6tables-resto"
[  218.425371][  T427] type=1300 audit(1791040461.944:187): arch=c00000b7 syscall=208 success=yes exit=0 a0=4 a1=29 a2=40 a3=b400007bd041b430 items=0 ppid=607 auid=4294967295 uid=0 gid=0 euid=0 suid=0 fsuid=0 egid=0 sgid=0 fsgid=0 tty=(none) ses=4294967295 comm="ip6tables-resto" exe="/system/bin/iptables" subj=u:r:netd:s0 key=(null)
[  218.738571][  T427] type=1327 audit(1791040461.944:187): proctitle=2F73797374656D2F62696E2F6970367461626C65732D726573746F7265002D2D6E6F666C757368002D77002D76
[  218.955724][  T427] type=1320 audit(1791040461.944:187): 
[  219.093157][  T427] type=1325 audit(1791040461.968:188): table=raw family=10 entries=12 op=xt_replace subj=u:r:netd:s0 comm="ip6tables-resto"
[  219.130393][  T427] type=1300 audit(1791040461.968:188): arch=c00000b7 syscall=208 success=yes exit=0 a0=4 a1=29 a2=40 a3=b400007c00409010 items=0 ppid=607 auid=4294967295 uid=0 gid=0 euid=0 suid=0 fsuid=0 egid=0 sgid=0 fsgid=0 tty=(none) ses=4294967295 comm="ip6tables-resto" exe="/system/bin/iptables" subj=u:r:netd:s0 key=(null)
[  219.157287][  T427] type=1327 audit(1791040461.968:188): proctitle=2F73797374656D2F62696E2F6970367461626C65732D726573746F7265002D2D6E6F666C757368002D77002D76
[  219.175617][  T427] type=1320 audit(1791040461.968:188): 
[  219.398568][    T1] init: ... started service 'vendor.cas-default' has pid 625
[  219.438819][  T427] type=1325 audit(1791040461.980:189): table=mangle family=10 entries=32 op=xt_replace subj=u:r:netd:s0 comm="ip6tables-resto"
[  219.452478][  T427] type=1300 audit(1791040461.980:189): arch=c00000b7 syscall=208 success=yes exit=0 a0=4 a1=29 a2=40 a3=b400007c404047b0 items=0 ppid=607 auid=4294967295 uid=0 gid=0 euid=0 suid=0 fsuid=0 egid=0 sgid=0 fsgid=0 tty=(none) ses=4294967295 comm="ip6tables-resto" exe="/system/bin/iptables" subj=u:r:netd:s0 key=(null)
[  219.508655][  T427] type=1327 audit(1791040461.980:189): proctitle=2F73797374656D2F62696E2F6970367461626C65732D726573746F7265002D2D6E6F666C757368002D77002D76
[  219.522071][  T427] type=1320 audit(1791040461.980:189): 
[  219.530914][  T427] type=1325 audit(1791040462.212:190): table=filter family=2 entries=70 op=xt_replace subj=u:r:netd:s0 comm="iptables-restor"
[  219.541735][  T427] type=1300 audit(1791040462.212:190): arch=c00000b7 syscall=208 success=yes exit=0 a0=4 a1=0 a2=40 a3=b400007274610010 items=0 ppid=607 auid=4294967295 uid=0 gid=0 euid=0 suid=0 fsuid=0 egid=0 sgid=0 fsgid=0 tty=(none) ses=4294967295 comm="iptables-restor" exe="/system/bin/iptables" subj=u:r:netd:s0 key=(null)
[  219.553472][  T427] type=1327 audit(1791040462.212:190): proctitle=2F73797374656D2F62696E2F69707461626C65732D726573746F7265002D2D6E6F666C757368002D77002D76
[  219.559388][  T427] type=1320 audit(1791040462.212:190): 
[  219.564147][  T413] servicemanager: Caller(pid=621,uid=1080,sid=u:r:hal_motioncontext_default:s0) Found android.hardware.motioncontext.IMotionContext/default in device VINTF manifest.
[  219.564151][  T427] type=1325 audit(1791040462.332:191): table=raw family=2 entries=12 op=xt_replace subj=u:r:netd:s0 comm="iptables-restor"
[  219.575758][  T427] type=1300 audit(1791040462.332:191): arch=c00000b7 syscall=208 success=yes exit=0 a0=4 a1=0 a2=40 a3=b400007104605030 items=0 ppid=607 auid=4294967295 uid=0 gid=0 euid=0 suid=0 fsuid=0 egid=0 sgid=0 fsgid=0 tty=(none) ses=4294967295 comm="iptables-restor" exe="/system/bin/iptables" subj=u:r:netd:s0 key=(null)
[  219.600058][  T427] type=1327 audit(1791040462.332:191): proctitle=2F73797374656D2F62696E2F69707461626C65732D726573746F7265002D2D6E6F666C757368002D77002D76
[  219.604678][  T427] type=1320 audit(1791040462.332:191): 
[  219.635439][  T427] type=1325 audit(1791040462.404:192): table=mangle family=2 entries=33 op=xt_replace subj=u:r:netd:s0 comm="iptables-restor"
[  219.680987][  T427] type=1300 audit(1791040462.404:192): arch=c00000b7 syscall=208 success=yes exit=0 a0=4 a1=0 a2=40 a3=b4000071f460a010 items=0 ppid=607 auid=4294967295 uid=0 gid=0 euid=0 suid=0 fsuid=0 egid=0 sgid=0 fsgid=0 tty=(none) ses=4294967295 comm="iptables-restor" exe="/system/bin/iptables" subj=u:r:netd:s0 key=(null)
[  219.700765][  T427] type=1327 audit(1791040462.404:192): proctitle=2F73797374656D2F62696E2F69707461626C65732D726573746F7265002D2D6E6F666C757368002D77002D76
[  219.713433][  T427] type=1320 audit(1791040462.404:192): 
[  219.718573][  T427] type=1325 audit(1791040462.440:193): table=filter family=10 entries=70 op=xt_replace subj=u:r:netd:s0 comm="ip6tables-resto"
[  219.724072][  T427] type=1300 audit(1791040462.440:193): arch=c00000b7 syscall=208 success=yes exit=0 a0=4 a1=29 a2=40 a3=b400007be0414320 items=0 ppid=607 auid=4294967295 uid=0 gid=0 euid=0 suid=0 fsuid=0 egid=0 sgid=0 fsgid=0 tty=(none) ses=4294967295 comm="ip6tables-resto" exe="/system/bin/iptables" subj=u:r:netd:s0 key=(null)
[  219.796606][  T427] type=1327 audit(1791040462.440:193): proctitle=2F73797374656D2F62696E2F6970367461626C65732D726573746F7265002D2D6E6F666C757368002D77002D76
[  219.920813][  T427] type=1320 audit(1791040462.440:193): 
[  219.931108][  T427] type=1325 audit(1791040462.444:194): table=raw family=10 entries=12 op=xt_replace subj=u:r:netd:s0 comm="ip6tables-resto"
[  219.940199][  T427] type=1300 audit(1791040462.444:194): arch=c00000b7 syscall=208 success=yes exit=0 a0=4 a1=29 a2=40 a3=b400007d20410640 items=0 ppid=607 auid=4294967295 uid=0 gid=0 euid=0 suid=0 fsuid=0 egid=0 sgid=0 fsgid=0 tty=(none) ses=4294967295 comm="ip6tables-resto" exe="/system/bin/iptables" subj=u:r:netd:s0 key=(null)
[  219.954513][  T427] type=1327 audit(1791040462.444:194): proctitle=2F73797374656D2F62696E2F6970367461626C65732D726573746F7265002D2D6E6F666C757368002D77002D76
[  220.005121][  T427] type=1320 audit(1791040462.444:194): 
[  220.018999][  T427] type=1325 audit(1791040462.448:195): table=mangle family=10 entries=32 op=xt_replace subj=u:r:netd:s0 comm="ip6tables-resto"
[  220.033891][  T427] type=1300 audit(1791040462.448:195): arch=c00000b7 syscall=208 success=yes exit=0 a0=4 a1=29 a2=40 a3=b400007ce040f010 items=0 ppid=607 auid=4294967295 uid=0 gid=0 euid=0 suid=0 fsuid=0 egid=0 sgid=0 fsgid=0 tty=(none) ses=4294967295 comm="ip6tables-resto" exe="/system/bin/iptables" subj=u:r:netd:s0 key=(null)
[  220.052641][  T427] type=1327 audit(1791040462.448:195): proctitle=2F73797374656D2F62696E2F6970367461626C65732D726573746F7265002D2D6E6F666C757368002D77002D76
[  220.248037][  T427] type=1320 audit(1791040462.448:195): 
[  220.508107][    T1] init: starting service 'vendor.contexthub-default'...
[  221.630757][    T1] libprocessgroup: Created cgroup /sys/fs/cgroup/system/uid_1080/pid_631
[  223.903191][    T1] init: ... started service 'vendor.contexthub-default' has pid 631
[  224.228985][    T1] init: starting service 'vendor.drm-clearkey-service'...
[  224.501563][  T413] servicemanager: Caller(pid=624,uid=1064,sid=u:r:hal_authsecret_default:<REDACTED> Found android.hardware.authsecret.IAuthSecret/default in device VINTF manifest.
[  224.931803][    T1] libprocessgroup: Created cgroup /sys/fs/cgroup/system/uid_1013/pid_634
[  225.549015][  T413] servicemanager: Caller(pid=607,uid=0,sid=u:r:netd:s0) Found android.system.net.netd.INetd/default in framework VINTF manifest.
[  226.261638][    T1] init: ... started service 'vendor.drm-clearkey-service' has pid 634
[  226.636987][    T1] init: starting service 'vendor.gnss-default'...
[  227.745987][    T1] libprocessgroup: Created cgroup /sys/fs/cgroup/system/uid_9999/pid_638
[  229.002784][  T413] servicemanager: Caller(pid=625,uid=1013,sid=u:r:hal_cas_default:s0) Found android.hardware.cas.IMediaCasService/default in device VINTF manifest.
[  229.052611][  T413] servicemanager: Caller(pid=618,uid=1000,sid=u:r:hal_sensors_default:s0) Found android.hardware.sensors.ISensors/default in device VINTF manifest.
[  229.165990][    T1] init: ... started service 'vendor.gnss-default' has pid 638
[  229.316903][    T1] init: starting service 'vendor.hwcomposer-3'...
[  229.522791][    T1] libprocessgroup: Created cgroup /sys/fs/cgroup/system/uid_1000/pid_642
[  229.730782][    T1] init: ... started service 'vendor.hwcomposer-3' has pid 642
[  229.800129][    T1] init: starting service 'vendor.inputprocessor-default'...
[  230.532837][    T1] libprocessgroup: Created cgroup /sys/fs/cgroup/system/uid_9999/pid_643
[  234.404555][    T1] init: ... started service 'vendor.inputprocessor-default' has pid 643
[  234.924868][    T1] init: starting service 'vendor.ir-default'...
[  236.000426][    T1] libprocessgroup: Created cgroup /sys/fs/cgroup/system/uid_1000/pid_644
[  236.532610][  T413] servicemanager: Caller(pid=631,uid=1080,sid=u:r:hal_contexthub_default:s0) Found android.hardware.contexthub.IContextHub/default in device VINTF manifest.
[  236.789608][    T1] init: ... started service 'vendor.ir-default' has pid 644
[  237.300741][    T1] init: starting service 'vendor.memtrack-default'...
[  239.688987][    T1] libprocessgroup: Created cgroup /sys/fs/cgroup/system/uid_9999/pid_645
[  240.969402][    T1] init: ... started service 'vendor.memtrack-default' has pid 645
[  241.634693][    T1] init: starting service 'nlinterceptor'...
[  243.087582][  T413] servicemanager: Caller(pid=634,uid=1013,sid=u:r:hal_drm_clearkey_aidl:s0) Found android.hardware.drm.IDrmFactory/clearkey in device VINTF manifest.
[  243.091511][    T1] libprocessgroup: Created cgroup /sys/fs/cgroup/system/uid_0/pid_646
[  244.637521][    T1] init: ... started service 'nlinterceptor' has pid 646
[  244.972638][  T413] servicemanager: Caller(pid=643,uid=9999,sid=u:r:hal_input_processor_default:s0) Found android.hardware.input.processor.IInputProcessor/default in device VINTF manifest.
[  245.590795][  T413] libbinder.Binder: Binder transaction to android.os.IServiceManager, function: addService, code: 5, took 1262ms. Data bytes: 228 Reply bytes: 4 Flags: 16
[  245.902609][    T1] init: starting service 'neuralnetworks_hal_service_aidl_sample_all'...
[  247.277854][    T1] libprocessgroup: Created cgroup /sys/fs/cgroup/system/uid_1000/pid_647
[  251.352017][    T1] init: ... started service 'neuralnetworks_hal_service_aidl_sample_all' has pid 647
[  252.282474][    T1] init: starting service 'neuralnetworks_hal_service_aidl_sample_limited'...
[  254.235215][    T1] libprocessgroup: Created cgroup /sys/fs/cgroup/system/uid_1000/pid_648
[  255.897181][  T413] servicemanager: Caller(pid=645,uid=9999,sid=u:r:hal_memtrack_default:s0) Found android.hardware.memtrack.IMemtrack/default in device VINTF manifest.
[  256.163344][  T413] libbinder.Binder: Binder transaction to android.os.IServiceManager, function: addService, code: 5, took 2386ms. Data bytes: 200 Reply bytes: 4 Flags: 16
[  257.247054][    T1] init: ... started service 'neuralnetworks_hal_service_aidl_sample_limited' has pid 648
[  257.382023][    T1] init: starting service 'neuralnetworks_hal_service_shim_sample'...
[  259.362073][    T1] libprocessgroup: Created cgroup /sys/fs/cgroup/system/uid_1000/pid_649
[  260.965678][    T1] init: ... started service 'neuralnetworks_hal_service_shim_sample' has pid 649
[  261.099626][    T1] init: starting service 'vendor.power-default'...
[  263.845990][    T1] libprocessgroup: Created cgroup /sys/fs/cgroup/system/uid_9999/pid_650
[  267.788537][    T1] init: ... started service 'vendor.power-default' has pid 650
[  267.869692][    T1] init: starting service 'vendor.power.stats-default'...
[  268.799692][  T413] servicemanager: Caller(pid=644,uid=1000,sid=u:r:hal_ir_default:s0) Found android.hardware.ir.IConsumerIr/default in device VINTF manifest.
[  268.988536][  T413] libbinder.Binder: Binder transaction to android.os.IServiceManager, function: addService, code: 5, took 1136ms. Data bytes: 192 Reply bytes: 4 Flags: 16
[  270.432633][    T1] libprocessgroup: Created cgroup /sys/fs/cgroup/system/uid_1000/pid_652
[  271.907904][  T413] servicemanager: Caller(pid=638,uid=9999,sid=u:r:hal_gnss_default:s0) Found android.hardware.gnss.IGnss/default in device VINTF manifest.
[  271.939960][  T413] libbinder.Binder: Binder transaction to android.os.IServiceManager, function: addService, code: 5, took 1500ms. Data bytes: 184 Reply bytes: 4 Flags: 16
[  272.414092][    T1] init: ... started service 'vendor.power.stats-default' has pid 652
[  273.668127][    T1] init: starting service 'vendor.rebootescrow-default'...
[  275.700630][    T1] libprocessgroup: Created cgroup /sys/fs/cgroup/system/uid_1000/pid_653
[  278.249649][    T1] init: ... started service 'vendor.rebootescrow-default' has pid 653
[  278.585630][    T1] init: starting service 'vendor.secure_element'...
[  279.517643][  T413] servicemanager: Caller(pid=646,uid=0,sid=u:r:hal_nlinterceptor_default:s0) Found android.hardware.net.nlinterceptor.IInterceptor/default in device VINTF manifest.
[  280.646911][    T1] libprocessgroup: Created cgroup /sys/fs/cgroup/system/uid_9999/pid_654
[  282.347609][    T1] init: ... started service 'vendor.secure_element' has pid 654
[  283.491046][    T1] init: starting service 'vendor.authgraph'...
[  286.930585][    T1] libprocessgroup: Created cgroup /sys/fs/cgroup/system/uid_9999/pid_655
[  290.002862][    T1] init: ... started service 'vendor.authgraph' has pid 655
[  293.890491][    T1] init: starting service 'vendor.secretkeeper'...
[  295.763885][  T413] servicemanager: Caller(pid=653,uid=1000,sid=u:r:hal_rebootescrow_default:s0) Found android.hardware.rebootescrow.IRebootEscrow/default in device VINTF manifest.
[  296.322695][    T1] libprocessgroup: Created cgroup /sys/fs/cgroup/system/uid_9999/pid_656
[  296.493634][  T413] libbinder.Binder: Binder transaction to android.os.IServiceManager, function: addService, code: 5, took 4502ms. Data bytes: 216 Reply bytes: 4 Flags: 16
[  298.658809][    T1] init: ... started service 'vendor.secretkeeper' has pid 656
[  299.940056][  T413] servicemanager: Caller(pid=650,uid=9999,sid=u:r:hal_power_default:s0) Found android.hardware.power.IPower/default in device VINTF manifest.
[  300.337631][    T1] init: starting service 'vendor.tetheroffload-example'...
[  300.357296][  T413] libbinder.Binder: Binder transaction to android.os.IServiceManager, function: addService, code: 5, took 2736ms. Data bytes: 188 Reply bytes: 4 Flags: 16
[  302.373783][  T413] servicemanager: Caller(pid=652,uid=1000,sid=u:r:hal_power_stats_default:s0) Found android.hardware.power.stats.IPowerStats/default in device VINTF manifest.
[  302.848956][  T413] libbinder.Binder: Binder transaction to android.os.IServiceManager, function: addService, code: 5, took 1864ms. Data bytes: 212 Reply bytes: 4 Flags: 16
[  303.321998][    T1] libprocessgroup: Created cgroup /sys/fs/cgroup/system/uid_9999/pid_657
[  312.080768][    T1] init: ... started service 'vendor.tetheroffload-example' has pid 657
[  312.595916][  T413] servicemanager: Caller(pid=642,uid=1000,sid=u:r:hal_graphics_composer_default:s0) Found android.hardware.graphics.composer3.IComposer/default in device VINTF manifest.
[  313.340544][  T413] libbinder.Binder: Binder transaction to android.os.IServiceManager, function: addService, code: 5, took 2789ms. Data bytes: 220 Reply bytes: 4 Flags: 16
[  314.072805][    T1] init: starting service 'vendor.thermal-example'...
[  315.589526][    T1] libprocessgroup: Created cgroup /sys/fs/cgroup/system/uid_9999/pid_660
[  315.813173][  T413] servicemanager: Caller(pid=649,uid=1000,sid=u:r:hal_neuralnetworks_sample:s0) Found android.hardware.neuralnetworks.IDevice/nnapi-sample_sl_shim in device VINTF manifest.
[  316.704717][  T413] servicemanager: Caller(pid=648,uid=1000,sid=u:r:hal_neuralnetworks_sample:s0) Found android.hardware.neuralnetworks.IDevice/nnapi-sample_quant in device VINTF manifest.
[  317.883752][  T413] servicemanager: Caller(pid=647,uid=1000,sid=u:r:hal_neuralnetworks_sample:s0) Found android.hardware.neuralnetworks.IDevice/nnapi-sample_all in device VINTF manifest.
[  317.939595][    T1] init: ... started service 'vendor.thermal-example' has pid 660
[  318.607525][  T413] libbinder.Binder: Binder transaction to android.os.IServiceManager, function: addService, code: 5, took 1546ms. Data bytes: 228 Reply bytes: 4 Flags: 16
[  319.259924][    T1] init: starting service 'vendor.threadnetwork_hal'...
[  319.649742][  T413] servicemanager: Caller(pid=654,uid=9999,sid=u:r:hal_secure_element_default:s0) Found android.hardware.secure_element.ISecureElement/eSE1 in device VINTF manifest.
[  320.543739][    T1] libprocessgroup: Created cgroup /sys/fs/cgroup/system/uid_1084
[  321.519143][    T1] libprocessgroup: Created cgroup /sys/fs/cgroup/system/uid_1084/pid_661
[  322.693536][    T1] init: ... started service 'vendor.threadnetwork_hal' has pid 661
[  324.275957][    T1] init: starting service 'vendor.usb_default'...
[  325.147046][    T1] libprocessgroup: Created cgroup /sys/fs/cgroup/system/uid_1000/pid_662
[  326.885555][    T1] init: ... started service 'vendor.usb_default' has pid 662
[  327.608687][    T1] init: starting service 'vendor.uwb_hal'...
[  327.894888][  T413] servicemanager: Caller(pid=655,uid=9999,sid=u:r:hal_authgraph_default:s0) Found android.hardware.security.authgraph.IAuthGraphKeyExchange/nonsecure in device VINTF manifest.
[  328.798879][    T1] libprocessgroup: Created cgroup /sys/fs/cgroup/system/uid_1083
[  329.806858][    T1] libprocessgroup: Created cgroup /sys/fs/cgroup/system/uid_1083/pid_666
[  330.325648][  T413] servicemanager: Caller(pid=660,uid=9999,sid=u:r:hal_thermal_default:s0) Found android.hardware.thermal.IThermal/default in device VINTF manifest.
[  331.962835][    T1] init: ... started service 'vendor.uwb_hal' has pid 666
[  332.273600][    T1] init: starting service 'vendor.vibrator-default'...
[  332.282616][  T413] servicemanager: Caller(pid=656,uid=9999,sid=u:r:hal_secretkeeper_default:<REDACTED> Found android.hardware.security.secretkeeper.ISecretkeeper/nonsecure in device VINTF manifest.
[  332.919032][  T413] servicemanager: Caller(pid=657,uid=9999,sid=u:r:hal_tetheroffload_default:s0) Found android.hardware.tetheroffload.IOffload/default in device VINTF manifest.
[  333.582999][    T1] libprocessgroup: Created cgroup /sys/fs/cgroup/system/uid_9999/pid_667
[  334.233459][    T1] init: ... started service 'vendor.vibrator-default' has pid 667
[  334.494622][    T1] init: starting service 'vendor.wifi_hal_legacy'...
[  335.615100][    T1] libprocessgroup: Created cgroup /sys/fs/cgroup/system/uid_1010
[  336.047900][    T1] libprocessgroup: Created cgroup /sys/fs/cgroup/system/uid_1010/pid_668
[  337.199672][  T413] servicemanager: Caller(pid=661,uid=1084,sid=u:r:hal_threadnetwork_default:s0) Found android.hardware.threadnetwork.IThreadChip/chip0 in device VINTF manifest.
[  337.627015][    T1] init: ... started service 'vendor.wifi_hal_legacy' has pid 668
[  338.484992][    T1] init: starting service 'bt_hci'...
[  339.988978][    T1] libprocessgroup: Created cgroup /sys/fs/cgroup/system/uid_1002
[  340.086992][    T1] libprocessgroup: Created cgroup /sys/fs/cgroup/system/uid_1002/pid_669
[  340.454652][  T413] servicemanager: Caller(pid=622,uid=1041,sid=u:r:hal_audio_default:s0) Found android.hardware.audio.core.IConfig/default in device VINTF manifest.
[  340.982795][    T1] init: ... started service 'bt_hci' has pid 669
[  341.328704][    T1] init: starting service 'bt_finder'...
[  342.549014][    T1] libprocessgroup: Created cgroup /sys/fs/cgroup/system/uid_1002/pid_670
[  342.634417][  T413] servicemanager: Caller(pid=622,uid=1041,sid=u:r:hal_audio_default:s0) Found android.hardware.audio.core.IModule/default in device VINTF manifest.
[  343.100884][  T413] servicemanager: Caller(pid=622,uid=1041,sid=u:r:hal_audio_default:s0) Found android.hardware.audio.core.IModule/r_submix in device VINTF manifest.
[  344.616956][    T1] init: ... started service 'bt_finder' has pid 670
[  346.292939][    T1] init: starting service 'bt_ranging'...
[  347.994875][    T1] libprocessgroup: Created cgroup /sys/fs/cgroup/system/uid_1002/pid_676
[  348.449013][  T413] servicemanager: Caller(pid=622,uid=1041,sid=u:r:hal_audio_default:s0) Found android.hardware.bluetooth.audio.IBluetoothAudioProviderFactory/default in device VINTF manifest.
[  349.606411][    T1] init: ... started service 'bt_ranging' has pid 676
[  349.648592][    T1] init: starting service 'bt_lmp_event'...
[  349.841030][  T413] servicemanager: Caller(pid=666,uid=1083,sid=u:r:hal_uwb_default:s0) Found android.hardware.uwb.IUwb/default in device VINTF manifest.
[  349.934256][  T413] servicemanager: Caller(pid=662,uid=1000,sid=u:r:hal_usb_default:s0) Found android.hardware.usb.IUsb/default in device VINTF manifest.
[  349.969218][  T413] servicemanager: Caller(pid=622,uid=1041,sid=u:r:hal_audio_default:s0) Found android.hardware.audio.core.IModule/bluetooth in device VINTF manifest.
[  351.117649][    T1] libprocessgroup: Created cgroup /sys/fs/cgroup/system/uid_1002/pid_677
[  353.607989][    T1] init: ... started service 'bt_lmp_event' has pid 677
[  353.692840][    T1] init: starting service 'bt_socket'...
[  354.466511][    T1] libprocessgroup: Created cgroup /sys/fs/cgroup/system/uid_1002/pid_680
[  354.765816][  T413] servicemanager: Caller(pid=669,uid=1002,sid=u:r:hal_bluetooth_default:s0) Found android.hardware.bluetooth.IBluetoothHci/default in device VINTF manifest.
[  354.929437][  T413] libbinder.Binder: Binder transaction to android.os.IServiceManager, function: addService, code: 5, took 1384ms. Data bytes: 212 Reply bytes: 4 Flags: 16
[  356.737800][    T1] init: ... started service 'bt_socket' has pid 680
[  356.937016][    T1] init: starting service 'bt_socket_lpp'...
[  357.099882][  T413] servicemanager: Caller(pid=667,uid=9999,sid=u:r:hal_vibrator_default:s0) Found android.hardware.vibrator.IVibrator/default in device VINTF manifest.
[  358.192016][    T1] libprocessgroup: Created cgroup /sys/fs/cgroup/system/uid_1002/pid_681
[  360.557954][  T413] servicemanager: Caller(pid=667,uid=9999,sid=u:r:hal_vibrator_default:s0) Found android.hardware.vibrator.IVibratorManager/default in device VINTF manifest.
[  360.987798][    T1] init: ... started service 'bt_socket_lpp' has pid 681
[  361.299141][  T413] libbinder.Binder: Binder transaction to android.os.IServiceManager, function: addService, code: 5, took 1872ms. Data bytes: 216 Reply bytes: 4 Flags: 16
[  361.452833][    T1] init: starting service 'bt_gatt_lpp'...
[  363.677884][    T1] libprocessgroup: Created cgroup /sys/fs/cgroup/system/uid_1002/pid_682
[  363.809779][  T413] servicemanager: Caller(pid=668,uid=1010,sid=u:r:hal_wifi_default:s0) Found android.hardware.wifi.IWifi/default in device VINTF manifest.
[  365.695997][    T1] init: ... started service 'bt_gatt_lpp' has pid 682
[  366.519580][    T1] init: starting service 'vendor.graphics.allocator'...
[  367.510738][    T1] libprocessgroup: Created cgroup /sys/fs/cgroup/system/uid_1000/pid_684
[  367.648889][  T413] servicemanager: Caller(pid=676,uid=1002,sid=u:r:hal_bluetooth_btlinux:s0) Found android.hardware.bluetooth.ranging.IBluetoothChannelSounding/default in device VINTF manifest.
[  367.850018][  T413] servicemanager: Caller(pid=670,uid=1002,sid=u:r:hal_bluetooth_btlinux:s0) Found android.hardware.bluetooth.finder.IBluetoothFinder/default in device VINTF manifest.
[  368.383588][    T1] init: ... started service 'vendor.graphics.allocator' has pid 684
[  368.515957][  T413] servicemanager: Caller(pid=670,uid=1002,sid=u:r:hal_bluetooth_btlinux:s0) Found android.hardware.bluetooth.finder.IBluetoothFinder/default in device VINTF manifest.
[  368.903798][  T413] servicemanager: Caller(pid=676,uid=1002,sid=u:r:hal_bluetooth_btlinux:s0) Found android.hardware.bluetooth.ranging.IBluetoothChannelSounding/default in device VINTF manifest.
[  368.932068][    T1] init: starting service 'vendor.health-cuttlefish'...
[  369.659107][  T413] servicemanager: Caller(pid=623,uid=1041,sid=u:r:hal_audio_default:s0) Found android.hardware.audio.effect.IFactory/default in device VINTF manifest.
[  370.138876][    T1] libprocessgroup: Created cgroup /sys/fs/cgroup/system/uid_1000/pid_685
[  370.438913][  T413] servicemanager: Caller(pid=680,uid=1002,sid=u:r:hal_bluetooth_btlinux:s0) Found android.hardware.bluetooth.socket.IBluetoothSocket/default in device VINTF manifest.
[  370.829548][    T1] init: ... started service 'vendor.health-cuttlefish' has pid 685
[  371.345605][    T1] init: starting service 'vendor.identity-remote'...
[  373.418028][    T1] libprocessgroup: Created cgroup /sys/fs/cgroup/system/uid_9999/pid_686
[  373.593065][  T413] servicemanager: Caller(pid=681,uid=1002,sid=u:r:hal_bluetooth_lpp_default:s0) Found android.hardware.bluetooth.socket.IBluetoothSocket/lpp in device VINTF manifest.
[  374.164794][  T413] servicemanager: Caller(pid=677,uid=1002,sid=u:r:hal_bluetooth_btlinux:s0) Found android.hardware.bluetooth.lmp_event.IBluetoothLmpEvent/default in device VINTF manifest.
[  374.490082][    T1] init: ... started service 'vendor.identity-remote' has pid 686
[  374.574528][  T413] servicemanager: Caller(pid=677,uid=1002,sid=u:r:hal_bluetooth_btlinux:s0) Found android.hardware.bluetooth.lmp_event.IBluetoothLmpEvent/default in device VINTF manifest.
[  374.612600][  T413] servicemanager: Caller(pid=682,uid=1002,sid=u:r:hal_bluetooth_lpp_default:s0) Found android.hardware.bluetooth.gatt.IBluetoothGatt/default in device VINTF manifest.
[  374.689824][    T1] init: starting service 'vendor.light-cuttlefish'...
[  375.033960][    T1] libprocessgroup: Created cgroup /sys/fs/cgroup/system/uid_9999/pid_687
[  376.690894][    T1] init: ... started service 'vendor.light-cuttlefish' has pid 687
[  377.606118][  T685] healthd: Failed to lookup glob /sys/devices/platform/*gcdd/system_dev_stat: -3
[  377.681611][    T1] init: starting service 'nfc_hal_service'...
[  377.768950][  T685] healthd: No battery devices found
[  378.676636][    T1] libprocessgroup: Created cgroup /sys/fs/cgroup/system/uid_1027
[  378.847787][    T1] libprocessgroup: Created cgroup /sys/fs/cgroup/system/uid_1027/pid_688
[  379.050732][  T413] servicemanager: Caller(pid=685,uid=1000,sid=u:r:hal_health_default:s0) Found android.hardware.health.IHealth/default in device VINTF manifest.
[  379.095052][    T1] init: ... started service 'nfc_hal_service' has pid 688
[  379.268695][    T1] init: starting service 'vendor.oemlock_default'...
[  379.900108][  T685] HealthLoop: Successfully attached the BPF filter to the uevent socket
[  380.104020][  T685] healthd: battery none chg=
[  380.459631][    T1] libprocessgroup: Created cgroup /sys/fs/cgroup/system/uid_1064/pid_689
[  381.776061][    T1] init: ... started service 'vendor.oemlock_default' has pid 689
[  382.663053][    T1] init: starting service 'vendor.camera-provider-2-7-google'...
[  383.725115][    T1] libprocessgroup: Created cgroup /sys/fs/cgroup/system/uid_1047
[  385.099737][    T1] libprocessgroup: Created cgroup /sys/fs/cgroup/system/uid_1047/pid_690
[  386.342608][  T413] servicemanager: Caller(pid=687,uid=9999,sid=u:r:hal_light_cuttlefish:s0) Found android.hardware.light.ILights/default in device VINTF manifest.
[  386.518051][  T413] libbinder.Binder: Binder transaction to android.os.IServiceManager, function: addService, code: 5, took 1001ms. Data bytes: 192 Reply bytes: 4 Flags: 16
[  386.572205][    T1] init: ... started service 'vendor.camera-provider-2-7-google' has pid 690
[  386.584988][    T1] init: Command 'class_start hal' action=boot (/system/etc/init/hw/init.rc:1219) took 185613ms and succeeded
[  386.739534][    T1] init: Service 'exec 13 (/system/bin/kcmdlinectrl update-props)' (pid 610) exited with status 0 oneshot service took 187.572006 seconds in background
[  386.765601][    T1] init: Sending SIGKILL to service 'exec 13 (/system/bin/kcmdlinectrl update-props)' (pid 610) process group...
[  386.889706][    T1] libprocessgroup: Removed cgroup /sys/fs/cgroup/system/uid_0/pid_610
[  387.536056][    T1] init: Service 'hidl_memory' (pid 617) exited with status 0
[  387.571696][    T1] init: Sending SIGKILL to service 'hidl_memory' (pid 617) process group...
[  387.651480][    T1] libprocessgroup: Removed cgroup /sys/fs/cgroup/system/uid_1000/pid_617
[  388.109692][    T1] init: service 'ueventd' requested start, but it is already running (flags: 2084, pid: 119, started 330321ms ago)
[  388.131874][    T1] init: service 'apexd' requested start, but it is already running (flags: 134, pid: 486, started 230500ms ago)
[  388.459043][    T1] init: starting service 'audioserver'...
[  389.242794][  T413] servicemanager: Caller(pid=686,uid=9999,sid=u:r:hal_identity_remote:s0) Found android.hardware.identity.IIdentityCredentialStore/default in device VINTF manifest.
[  389.343847][  T413] libbinder.Binder: Binder transaction to android.os.IServiceManager, function: addService, code: 5, took 1045ms. Data bytes: 232 Reply bytes: 4 Flags: 16
[  390.311611][    T1] libprocessgroup: Created cgroup /sys/fs/cgroup/system/uid_1041/pid_692
[  392.421077][    T1] init: ... started service 'audioserver' has pid 692
[  392.646710][    T1] init: starting service 'credstore'...
[  394.540962][    T1] libprocessgroup: Created cgroup /sys/fs/cgroup/system/uid_1076
[  395.606103][    T1] libprocessgroup: Created cgroup /sys/fs/cgroup/system/uid_1076/pid_698
[  395.661142][  T413] servicemanager: Caller(pid=688,uid=1027,sid=u:r:hal_nfc_default:s0) Found android.hardware.nfc.INfc/default in device VINTF manifest.
[  395.677546][  T413] servicemanager: Caller(pid=684,uid=1000,sid=u:r:hal_graphics_allocator_default:s0) Found android.hardware.graphics.allocator.IAllocator/default in device VINTF manifest.
[  396.252558][    T1] init: ... started service 'credstore' has pid 698
[  396.408959][    T1] init: starting service 'gpu'...
[  396.533627][  T413] servicemanager: Caller(pid=689,uid=1064,sid=u:r:hal_oemlock_remote:s0) Found android.hardware.oemlock.IOemLock/default in device VINTF manifest.
[  396.648534][  T689] libbinder.BackendUnifiedServiceManager: Thread Pool max thread count is 0. Cannot cache binder as linkToDeath cannot be implemented. serviceName: android.hardware.oemlock.IOemLock/default
[  396.963483][    T1] libprocessgroup: Created cgroup /sys/fs/cgroup/system/uid_1072
[  396.985961][    T1] libprocessgroup: Created cgroup /sys/fs/cgroup/system/uid_1072/pid_701
[  397.178785][    T1] init: ... started service 'gpu' has pid 701
[  397.196058][    T1] init: service 'lmkd' requested start, but it is already running (flags: 36, pid: 411, started 303505ms ago)
[  397.224355][    T1] init: starting service 'misctrl'...
[  397.522919][    T1] libprocessgroup: Created cgroup /sys/fs/cgroup/system/uid_0/pid_702
[  397.807598][    T1] init: ... started service 'misctrl' has pid 702
[  397.829092][    T1] init: service 'servicemanager' requested start, but it is already running (flags: 2084, pid: 413, started 302876ms ago)
[  397.895871][    T1] init: starting service 'surfaceflinger'...
[  398.771894][    T1] libprocessgroup: Created cgroup /sys/fs/cgroup/system/uid_1000/pid_703
[  400.375513][    T1] init: ... started service 'surfaceflinger' has pid 703
[  400.453665][    T1] init: service 'vold' requested start, but it is already running (flags: 2052, pid: 428, started 290630ms ago)
[  400.516989][    T1] init: Command 'class_start core' action=boot (/system/etc/init/hw/init.rc:1221) took 12467ms and succeeded
[  400.568208][    T1] init: starting service 'hidl_memory'...
[  401.577067][    T1] libprocessgroup: Created cgroup /sys/fs/cgroup/system/uid_1000/pid_704
[  401.968925][    T1] init: ... started service 'hidl_memory' has pid 704
[  402.029854][    T1] init: Service 'misctrl' (pid 702) exited with status 1 oneshot service took 4.558000 seconds in background
[  402.037069][    T1] init: Sending SIGKILL to service 'misctrl' (pid 702) process group...
[  402.059063][    T1] libprocessgroup: Removed cgroup /sys/fs/cgroup/system/uid_0/pid_702
[  402.093587][    T1] init: processing action (ro.debuggable=1 && boot) from (/system/etc/init/hw/init.rc:1223)
[  402.200850][    T1] init: Command 'write /dev/sys/fs/by-name/userdata/iostat_period_ms 1000' action=ro.debuggable=1 && boot (/system/etc/init/hw/init.rc:1224) took 95ms and succeeded
[  402.215556][    T1] init: processing action (persist.sys.usb.config=* && boot) from (/system/etc/init/hw/init.usb.rc:104)
[  402.234445][    T1] init: processing action (boot) from (/system/etc/init/dumpstate.rc:1)
[  402.261051][    T1] init: processing action (boot) from (/system/etc/init/gsid.rc:25)
[  402.293689][    T1] init: starting service 'exec 14 (/system/bin/gsid run-startup-tasks)'...
[  402.393987][    T1] libprocessgroup: Created cgroup /sys/fs/cgroup/system/uid_0/pid_706
[  402.601766][    T1] init: ... started service 'exec 14 (/system/bin/gsid run-startup-tasks)' has pid 706
[  402.875675][    T1] init: Command 'exec_background - root root -- /system/bin/gsid run-startup-tasks' action=boot (/system/etc/init/gsid.rc:26) took 608ms and succeeded
[  402.925670][    T1] init: processing action (boot) from (/vendor/etc/init/init.cutf_cvm.rc:83)
[  403.281392][    T1] init: Command 'chmod 0770 /dev/cpuctl' action=boot (/vendor/etc/init/init.cutf_cvm.rc:84) took 337ms and succeeded
[  403.786957][    T1] init: Service 'hidl_memory' (pid 704) exited with status 0
[  403.862771][    T1] init: Sending SIGKILL to service 'hidl_memory' (pid 704) process group...
[  403.945208][    T1] libprocessgroup: Removed cgroup /sys/fs/cgroup/system/uid_1000/pid_704
[  404.970661][    T1] init: Command 'mkdir /data/vendor/wifi 0770 wifi wifi' action=boot (/vendor/etc/init/init.cutf_cvm.rc:85) took 283ms and succeeded
[  406.126734][    T1] init: Command 'mkdir /data/vendor/wifi/wpa 0770 wifi wifi' action=boot (/vendor/etc/init/init.cutf_cvm.rc:86) took 673ms and succeeded
[  406.773114][    T1] init: Command 'mkdir /data/vendor/wifi/wpa/sockets 0770 wifi wifi' action=boot (/vendor/etc/init/init.cutf_cvm.rc:87) took 470ms and succeeded
[  407.168043][    T1] init: starting service 'hidl_memory'...
[  408.608749][    T1] libprocessgroup: Created cgroup /sys/fs/cgroup/system/uid_1000/pid_711
[  409.705559][    T1] init: ... started service 'hidl_memory' has pid 711
[  410.307605][    T1] init: starting service 'socket_vsock_proxy'...
[  410.937546][    T1] libprocessgroup: Created cgroup /sys/fs/cgroup/system/uid_0/pid_714
[  412.575054][    T1] init: ... started service 'socket_vsock_proxy' has pid 714
[  412.599264][    T1] init: Command 'start socket_vsock_proxy' action=boot (/vendor/etc/init/init.cutf_cvm.rc:88) took 2566ms and succeeded
[  413.020160][    T1] init: Service 'exec 14 (/system/bin/gsid run-startup-tasks)' (pid 706) exited with status 0 oneshot service took 10.431000 seconds in background
[  413.364116][    T1] init: Sending SIGKILL to service 'exec 14 (/system/bin/gsid run-startup-tasks)' (pid 706) process group...
[  414.103010][    T1] libprocessgroup: Removed cgroup /sys/fs/cgroup/system/uid_0/pid_706
[  414.799409][    T1] init: Command 'setprop ro.hardware.audio.primary goldfish' action=boot (/vendor/etc/init/init.cutf_cvm.rc:89) took 489ms and succeeded
[  415.462555][    T1] init: Command 'symlink /dev/hvc6 /dev/gnss0' action=boot (/vendor/etc/init/init.cutf_cvm.rc:90) took 453ms and succeeded
[  415.914084][    T1] init: Command 'symlink /dev/hvc7 /dev/gnss1' action=boot (/vendor/etc/init/init.cutf_cvm.rc:91) took 242ms and succeeded
[  416.184083][    T1] init: processing action (ro.boot.enable_confirmationui=* && boot) from (/apex/com.google.cf.confirmationui/etc/android.hardware.confirmationui-service.cuttlefish.rc:9)
[  417.022989][    T1] init: starting service 'vendor.confirmationui_default'...
[  417.596056][    T1] libprocessgroup: Created cgroup /sys/fs/cgroup/system/uid_1000/pid_715
[  419.188141][    T1] init: ... started service 'vendor.confirmationui_default' has pid 715
[  419.473046][    T1] init: Command 'enable vendor.confirmationui_default' action=ro.boot.enable_confirmationui=* && boot (/apex/com.google.cf.confirmationui/etc/android.hardware.confirmationui-service.cuttlefish.rc:10) took 3111ms and succeeded
[  419.771612][    T1] init: Service 'hidl_memory' (pid 711) exited with status 0
[  419.788640][    T1] init: Sending SIGKILL to service 'hidl_memory' (pid 711) process group...
[  420.238850][    T1] libprocessgroup: Removed cgroup /sys/fs/cgroup/system/uid_1000/pid_711
[  420.915899][    T1] init: service 'vendor.confirmationui_default' requested start, but it is already running (flags: 4, pid: 715, started 3282ms ago)
[  420.980616][    T1] init: Command 'start vendor.confirmationui_default' action=ro.boot.enable_confirmationui=* && boot (/apex/com.google.cf.confirmationui/etc/android.hardware.confirmationui-service.cuttlefish.rc:11) took 362ms and succeeded
[  421.242604][    T1] init: starting service 'hidl_memory'...
[  422.284514][    T1] libprocessgroup: Created cgroup /sys/fs/cgroup/system/uid_1000/pid_716
[  426.000855][    T1] init: ... started service 'hidl_memory' has pid 716
[  426.093756][    T1] init: processing action (enable_property_trigger) from (<Builtin Action>:0)
[  426.293691][    T1] init: processing action (bootreceiver.enable=1 && ro.product.cpu.abilist64=*) from (/system/etc/init/hw/init.rc:653)
[  432.462837][    T1] init: Command 'mkdir /sys/kernel/tracing/instances/bootreceiver 0700 system system' action=bootreceiver.enable=1 && ro.product.cpu.abilist64=* (/system/etc/init/hw/init.rc:657) took 6064ms and succeeded
[  432.657692][    T1] init: Service 'hidl_memory' (pid 716) exited with status 0
[  432.720502][    T1] init: Sending SIGKILL to service 'hidl_memory' (pid 716) process group...
[  433.057653][    T1] libprocessgroup: Removed cgroup /sys/fs/cgroup/system/uid_1000/pid_716
[  433.321623][  T413] servicemanager: Caller(pid=715,uid=1000,sid=u:r:hal_confirmationui_cuttlefish:s0) Found android.hardware.confirmationui.IConfirmationUI/default in device VINTF manifest.
[  433.644540][    T1] init: Command 'restorecon_recursive /sys/kernel/tracing/instances/bootreceiver' action=bootreceiver.enable=1 && ro.product.cpu.abilist64=* (/system/etc/init/hw/init.rc:658) took 397ms and succeeded
[  434.074566][    T1] init: starting service 'hidl_memory'...
[  434.967365][    T1] libprocessgroup: Created cgroup /sys/fs/cgroup/system/uid_1000/pid_720
[  436.320046][    T1] init: ... started service 'hidl_memory' has pid 720
[  436.702987][    T1] init: Command 'write /sys/kernel/tracing/instances/bootreceiver/buffer_size_kb 1' action=bootreceiver.enable=1 && ro.product.cpu.abilist64=* (/system/etc/init/hw/init.rc:659) took 291ms and succeeded
[  437.138893][    T1] init: Command 'write /sys/kernel/tracing/instances/bootreceiver/trace_options disable_on_free' action=bootreceiver.enable=1 && ro.product.cpu.abilist64=* (/system/etc/init/hw/init.rc:660) took 323ms and succeeded
[  437.651098][    T1] init: Command 'write /sys/kernel/tracing/instances/bootreceiver/events/error_report/error_report_end/enable 1' action=bootreceiver.enable=1 && ro.product.cpu.abilist64=* (/system/etc/init/hw/init.rc:661) took 321ms and succeeded
[  437.696529][    T1] init: processing action (net.tcp_def_init_rwnd=*) from (/system/etc/init/hw/init.rc:1255)
[  437.841123][  T427] type=1400 audit(1791040687.040:196): avc:  denied  { write } for  comm="init" name="error_report_end" dev="tracefs" ino=10946 scontext=u:r:init:s0 tcontext=u:object_r:debugfs_bootreceiver_tracing:s0 tclass=dir permissive=0 bug=b/340399580
[  437.897480][  T427] type=1300 audit(1791040687.040:196): arch=c00000b7 syscall=56 success=yes exit=20 a0=ffffff9c a1=b400007f17030f20 a2=88241 a3=180 items=1 ppid=0 auid=4294967295 uid=0 gid=0 euid=0 suid=0 fsuid=0 egid=0 sgid=0 fsgid=0 tty=(none) ses=4294967295 comm="init" exe="/system/bin/init" subj=u:r:init:s0 key=(null)
[  437.906071][    T1] init: Command 'write /proc/sys/net/ipv4/tcp_default_init_rwnd ${net.tcp_def_init_rwnd}' action=net.tcp_def_init_rwnd=* (/system/etc/init/hw/init.rc:1256) took 88ms and succeeded
[  437.952922][    T1] init: processing action (ro.debuggable=1) from (/system/etc/init/hw/init.rc:1295)
[  437.980620][    T1] init: processing action (sys.usb.config=adb && sys.usb.configfs=0) from (/system/etc/init/hw/init.usb.rc:36)
[  437.989579][  T427] type=1307 audit(1791040687.040:196): cwd="/"
[  437.993928][  T427] type=1302 audit(1791040687.040:196): item=0 name="/sys/kernel/tracing/instances/bootreceiver/events/error_report/error_report_end/enable" inode=19680823 dev=00:0c mode=0100640 ouid=0 ogid=3012 rdev=00:00 obj=u:object_r:debugfs_bootreceiver_tracing:s0 nametype=NORMAL cap_fp=0 cap_fi=0 cap_fe=0 cap_fver=0 cap_frootid=0
[  438.031611][  T427] type=1327 audit(1791040687.040:196): proctitle=2F73797374656D2F62696E2F696E69740073656C696E75785F7365747570
[  438.036577][    T1] init: starting service 'adbd'...
[  438.329765][  T427] type=1320 audit(1791040687.040:196): 
[  438.385608][    T1] init: Created socket '/dev/socket/adbd', mode 660, user 1000, group 1000
[  439.493049][    T1] libprocessgroup: Created cgroup /sys/fs/cgroup/system/uid_0/pid_721
[  441.214985][    T1] init: ... started service 'adbd' has pid 721
[  441.263766][    T1] init: Command 'start adbd' action=sys.usb.config=adb && sys.usb.configfs=0 (/system/etc/init/hw/init.usb.rc:42) took 3244ms and succeeded
[  441.516006][    T1] init: Command 'setprop sys.usb.state ${sys.usb.config}' action=sys.usb.config=adb && sys.usb.configfs=0 (/system/etc/init/hw/init.usb.rc:43) took 115ms and succeeded
[  441.584683][    T1] init: processing action (apexd.status=ready && ro.product.cpu.abilist64=*) from (/system/etc/init/hw/init.boringssl.zygote64.rc:3)
[  442.180847][    T1] init: starting service 'boringssl_self_test_apex64'...
[  443.999675][    T1] libprocessgroup: Created cgroup /sys/fs/cgroup/system/uid_9999/pid_722
[  445.117718][    T1] init: ... started service 'boringssl_self_test_apex64' has pid 722
[  445.310112][    T1] init: SVC_EXEC service 'boringssl_self_test_apex64' pid 722 (uid 9999 gid 0+0 context default) started; waiting...
[  445.428746][    T1] init: Command 'exec_start boringssl_self_test_apex64' action=apexd.status=ready && ro.product.cpu.abilist64=* (/system/etc/init/hw/init.boringssl.zygote64.rc:4) took 3784ms and succeeded
[  445.719584][    T1] init: Service 'hidl_memory' (pid 720) exited with status 0
[  445.736447][    T1] init: Sending SIGKILL to service 'hidl_memory' (pid 720) process group...
[  445.866457][    T1] libprocessgroup: Removed cgroup /sys/fs/cgroup/system/uid_1000/pid_720
[  446.148844][    T1] init: starting service 'hidl_memory'...
[  447.209636][    T1] libprocessgroup: Created cgroup /sys/fs/cgroup/system/uid_1000/pid_723
[  448.145001][    T1] init: ... started service 'hidl_memory' has pid 723
[  463.132994][    T1] init: Service 'boringssl_self_test_apex64' (pid 722) exited with status 0 waiting took 19.611000 seconds
[  463.197608][    T1] init: Sending SIGKILL to service 'boringssl_self_test_apex64' (pid 722) process group...
[  463.739814][    T1] libprocessgroup: Removed cgroup /sys/fs/cgroup/system/uid_9999/pid_722
[  464.605026][    T1] init: Service 'hidl_memory' (pid 723) exited with status 0
[  464.703140][    T1] init: Sending SIGKILL to service 'hidl_memory' (pid 723) process group...
[  464.917977][    T1] libprocessgroup: Removed cgroup /sys/fs/cgroup/system/uid_1000/pid_723
[  465.209751][    T1] init: processing action (security.perf_harden=1) from (/system/etc/init/init-perfetto.rc:19)
[  465.414678][    T1] init: Command 'write /proc/sys/kernel/perf_event_max_sample_rate 100000' action=security.perf_harden=1 (/system/etc/init/init-perfetto.rc:20) took 117ms and succeeded
[  465.702114][    T1] init: starting service 'hidl_memory'...
[  467.281103][    T1] libprocessgroup: Created cgroup /sys/fs/cgroup/system/uid_1000/pid_729
[  468.860015][    T1] init: ... started service 'hidl_memory' has pid 729
[  469.551724][    T1] init: Command 'write /proc/sys/kernel/perf_cpu_time_max_percent 25' action=security.perf_harden=1 (/system/etc/init/init-perfetto.rc:21) took 467ms and succeeded
[  470.352836][    T1] init: Command 'write /proc/sys/kernel/perf_event_mlock_kb 516' action=security.perf_harden=1 (/system/etc/init/init-perfetto.rc:22) took 321ms and succeeded
[  470.588717][    T1] init: processing action (init.svc.audioserver=running) from (/system/etc/init/audioserver.rc:43)
[  471.527943][    T1] init: Command 'start vendor.audio-hal' action=init.svc.audioserver=running (/system/etc/init/audioserver.rc:44) took 95ms and failed: service vendor.audio-hal not found
[  472.063984][    T1] init: service 'vendor.audio-hal-aidl' requested start, but it is already running (flags: 4, pid: 622, started 259976ms ago)
[  472.200910][    T1] init: Command 'start vendor.audio-hal-aidl' action=init.svc.audioserver=running (/system/etc/init/audioserver.rc:45) took 457ms and succeeded
[  472.953134][    T1] init: service 'vendor.audio-effect-hal-aidl' requested start, but it is already running (flags: 4, pid: 623, started 260215ms ago)
[  473.468464][    T1] init: Command 'start vendor.audio-effect-hal-aidl' action=init.svc.audioserver=running (/system/etc/init/audioserver.rc:46) took 693ms and succeeded
[  473.795826][    T1] init: Command 'start vendor.audio-hal-4-0-msd' action=init.svc.audioserver=running (/system/etc/init/audioserver.rc:47) took 28ms and failed: service vendor.audio-hal-4-0-msd not found
[  474.336548][    T1] init: Command 'start audio_proxy_service' action=init.svc.audioserver=running (/system/etc/init/audioserver.rc:48) took 200ms and failed: service audio_proxy_service not found
[  474.661131][    T1] init: processing action (ro.persistent_properties.ready=true) from (/system/etc/init/bootstat.rc:57)
[  475.262539][    T1] init: Command 'setprop sys.bootstat.first_boot_completed 0' action=ro.persistent_properties.ready=true (/system/etc/init/bootstat.rc:58) took 167ms and succeeded
[  475.480676][    T1] init: processing action (ro.persistent_properties.ready=true) from (/system/etc/init/bootstat.rc:61)
[  475.751511][    T1] init: starting service 'exec 15 (/system/bin/bootstat --set_system_boot_reason)'...
[  477.440460][    T1] libprocessgroup: Created cgroup /sys/fs/cgroup/system/uid_1000/pid_730
[  482.218831][    T1] init: ... started service 'exec 15 (/system/bin/bootstat --set_system_boot_reason)' has pid 730
[  482.803788][    T1] init: Command 'exec_background - system log -- /system/bin/bootstat --set_system_boot_reason' action=ro.persistent_properties.ready=true (/system/etc/init/bootstat.rc:64) took 6868ms and succeeded
[  483.256036][    T1] init: Service 'hidl_memory' (pid 729) exited with status 0
[  483.414755][    T1] init: Sending SIGKILL to service 'hidl_memory' (pid 729) process group...
[  483.592014][    T1] libprocessgroup: Removed cgroup /sys/fs/cgroup/system/uid_1000/pid_729
[  484.312576][    T1] init: processing action (bootreceiver.enable=1 && ro.product.cpu.abilist64=*) from (/system/etc/init/dmesgd.rc:7)
[  484.647548][    T1] init: Command 'mkdir /data/misc/dmesgd 0700 dmesgd system' action=bootreceiver.enable=1 && ro.product.cpu.abilist64=* (/system/etc/init/dmesgd.rc:8) took 288ms and succeeded
[  484.721023][    T1] init: starting service 'hidl_memory'...
[  486.336380][    T1] libprocessgroup: Created cgroup /sys/fs/cgroup/system/uid_1000/pid_743
[  487.425777][    T1] init: ... started service 'hidl_memory' has pid 743
[  487.943937][    T1] init: Command 'rm /data/misc/dmesgd/sent_reports.txt' action=bootreceiver.enable=1 && ro.product.cpu.abilist64=* (/system/etc/init/dmesgd.rc:9) took 28ms and failed: unlink() failed: No such file or directory
[  488.315332][    T1] init: processing action (drm.service.enabled=true) from (/system/etc/init/drmserver.rc:8)
[  489.184597][    T1] init: starting service 'drm'...
[  492.111692][    T1] libprocessgroup: Created cgroup /sys/fs/cgroup/system/uid_1019
[  492.318720][    T1] libprocessgroup: Created cgroup /sys/fs/cgroup/system/uid_1019/pid_748
[  495.743506][    T1] init: ... started service 'drm' has pid 748
[  495.774641][    T1] init: Command 'start drm' action=drm.service.enabled=true (/system/etc/init/drmserver.rc:9) took 7227ms and succeeded
[  495.903668][    T1] init: processing action (persist.heapprofd.enable= && traced.lazy.heapprofd=) from (/system/etc/init/heapprofd.rc:49)
[  497.027032][    T1] init: Command 'stop heapprofd' action=persist.heapprofd.enable= && traced.lazy.heapprofd= (/system/etc/init/heapprofd.rc:50) took 842ms and succeeded
[  497.827448][    T1] init: processing action (security.perf_harden=1) from (/system/etc/init/init-perfetto.rc:19)
[  498.263989][    T1] init: Command 'write /proc/sys/kernel/perf_event_max_sample_rate 100000' action=security.perf_harden=1 (/system/etc/init/init-perfetto.rc:20) took 93ms and succeeded
[  498.418675][    T1] init: Service 'exec 15 (/system/bin/bootstat --set_system_boot_reason)' (pid 730) exited with status 0 oneshot service took 21.483999 seconds in background
[  498.482091][    T1] init: Sending SIGKILL to service 'exec 15 (/system/bin/bootstat --set_system_boot_reason)' (pid 730) process group...
[  498.806925][    T1] libprocessgroup: Removed cgroup /sys/fs/cgroup/system/uid_1000/pid_730
[  499.379057][    T1] init: Command 'write /proc/sys/kernel/perf_cpu_time_max_percent 25' action=security.perf_harden=1 (/system/etc/init/init-perfetto.rc:21) took 100ms and succeeded
[  500.473537][    T1] init: Command 'write /proc/sys/kernel/perf_event_mlock_kb 516' action=security.perf_harden=1 (/system/etc/init/init-perfetto.rc:22) took 399ms and succeeded
[  501.293828][    T1] init: processing action (kcmdline.binder=*) from (/system/etc/init/kcmdlinectrl.rc:20)
[  501.398644][    T1] init: start_waiting_for_property("kcmdline.loaded", "1"): already set
[  501.466792][    T1] init: Command 'wait_for_prop kcmdline.loaded 1' action=kcmdline.binder=* (/system/etc/init/kcmdlinectrl.rc:21) took 122ms and succeeded
[  502.083179][    T1] init: starting service 'exec 16 (/system/bin/kcmdlinectrl store binder unset)'...
[  503.852386][  T413] servicemanager: Caller(pid=692,uid=1041,sid=u:r:audioserver:s0) Found android.hardware.audio.core.IModule/default in device VINTF manifest.
[  505.905083][    T1] libprocessgroup: Created cgroup /sys/fs/cgroup/system/uid_0/pid_757
[  505.967632][  T413] servicemanager: Caller(pid=692,uid=1041,sid=u:r:audioserver:s0) Found android.hardware.audio.effect.IFactory/default in device VINTF manifest.
[  506.002382][  T413] libbinder.Binder: Binder transaction to android.os.IServiceManager, function: isDeclared, code: 9, took 1618ms. Data bytes: 172 Reply bytes: 8 Flags: 16
[  509.220905][    T1] init: ... started service 'exec 16 (/system/bin/kcmdlinectrl store binder unset)' has pid 757
[  509.262584][    T1] init: SVC_EXEC service 'exec 16 (/system/bin/kcmdlinectrl store binder unset)' pid 757 (uid 0 gid 0+0 context default) started; waiting...
[  509.290859][    T1] init: Command 'exec -- /system/bin/kcmdlinectrl store binder ${kcmdline.binder:-c}' action=kcmdline.binder=* (/system/etc/init/kcmdlinectrl.rc:22) took 7786ms and succeeded
[  509.562037][    T1] init: Service 'hidl_memory' (pid 743) exited with status 0
[  509.609404][    T1] init: Sending SIGKILL to service 'hidl_memory' (pid 743) process group...
[  509.928333][    T1] libprocessgroup: Removed cgroup /sys/fs/cgroup/system/uid_1000/pid_743
[  511.418579][    T1] init: starting service 'hidl_memory'...
[  514.022679][    T1] libprocessgroup: Created cgroup /sys/fs/cgroup/system/uid_1000/pid_759
[  520.930856][    T1] init: ... started service 'hidl_memory' has pid 759
[  522.583798][  T413] servicemanager: Caller(pid=703,uid=1000,sid=u:r:surfaceflinger:s0) Found android.hardware.graphics.allocator.IAllocator/default in device VINTF manifest.
[  522.646587][  T413] libbinder.Binder: Binder transaction to android.os.IServiceManager, function: isDeclared, code: 9, took 1210ms. Data bytes: 188 Reply bytes: 8 Flags: 16
[  524.060484][  T413] servicemanager: Caller(pid=703,uid=1000,sid=u:r:surfaceflinger:s0) Found android.hardware.graphics.allocator.IAllocator/default in device VINTF manifest.
[  524.580508][  T413] servicemanager: Caller(pid=692,uid=1041,sid=u:r:audioserver:s0) Found android.hardware.audio.effect.IFactory/default in device VINTF manifest.
[  524.704807][  T413] servicemanager: Caller(pid=703,uid=1000,sid=u:r:surfaceflinger:s0) Found mapper/minigbm in device VINTF manifest.
[  525.927514][  T413] servicemanager: Caller(pid=692,uid=1041,sid=u:r:audioserver:s0) Found android.hardware.audio.core.IModule/default in device VINTF manifest.
[  527.236886][    T1] init: Service 'exec 16 (/system/bin/kcmdlinectrl store binder unset)' (pid 757) exited with status 0 waiting took 22.357000 seconds
[  527.478818][    T1] init: Sending SIGKILL to service 'exec 16 (/system/bin/kcmdlinectrl store binder unset)' (pid 757) process group...
[  527.580993][    T1] libprocessgroup: Removed cgroup /sys/fs/cgroup/system/uid_0/pid_757
[  528.322956][    T1] init: processing action (ro.debuggable=1) from (/system/etc/init/llkd-debuggable.rc:1)
[  529.543396][    T1] init: Command 'setprop llk.enable ${ro.llk.enable:-0}' action=ro.debuggable=1 (/system/etc/init/llkd-debuggable.rc:2) took 567ms and succeeded
[  531.071436][    T1] init: Command 'setprop khungtask.enable ${ro.khungtask.enable:-1}' action=ro.debuggable=1 (/system/etc/init/llkd-debuggable.rc:3) took 587ms and succeeded
[  531.497191][    T1] init: processing action (ro.debuggable=*) from (/system/etc/init/llkd.rc:2)
[  533.539600][    T1] init: Command 'setprop llk.enable ${ro.llk.enable:-0}' action=ro.debuggable=* (/system/etc/init/llkd.rc:3) took 1280ms and succeeded
[  535.097899][    T1] init: Command 'setprop khungtask.enable ${ro.khungtask.enable:-0}' action=ro.debuggable=* (/system/etc/init/llkd.rc:4) took 810ms and succeeded
[  536.303030][    T1] init: processing action (debug.atrace.user_initiated= && persist.traced.enable=1) from (/system/etc/init/perfetto.rc:64)
[  538.285471][    T1] init: starting service 'traced_probes'...
[  541.596460][    T1] libprocessgroup: Created cgroup /sys/fs/cgroup/system/uid_9999/pid_775
[  549.959619][    T1] init: ... started service 'traced_probes' has pid 775
[  550.038606][    T1] init: Command 'start traced_probes' action=debug.atrace.user_initiated= && persist.traced.enable=1 (/system/etc/init/perfetto.rc:65) took 13459ms and succeeded
[  550.168107][    T1] init: Service 'hidl_memory' (pid 759) exited with status 0
[  550.235121][    T1] init: Sending SIGKILL to service 'hidl_memory' (pid 759) process group...
[  550.469047][    T1] libprocessgroup: Removed cgroup /sys/fs/cgroup/system/uid_1000/pid_759
[  551.686125][    T1] init: processing action (persist.traced.enable=1) from (/system/etc/init/perfetto.rc:76)
[  552.353949][    T1] init: Command 'mkdir /data/misc/perfetto-traces 0773 root shell' action=persist.traced.enable=1 (/system/etc/init/perfetto.rc:80) took 294ms and succeeded
[  552.664912][    T1] init: starting service 'hidl_memory'...
[  554.383537][    T1] libprocessgroup: Created cgroup /sys/fs/cgroup/system/uid_1000/pid_784
[  555.815454][    T1] init: ... started service 'hidl_memory' has pid 784
[  556.436442][    T1] init: Command 'mkdir /data/misc/perfetto-traces/bugreport 0773 root shell' action=persist.traced.enable=1 (/system/etc/init/perfetto.rc:84) took 488ms and succeeded
[  557.080454][    T1] init: Command 'mkdir /data/misc/perfetto-traces/profiling 0777 root shell' action=persist.traced.enable=1 (/system/etc/init/perfetto.rc:87) took 399ms and succeeded
[  557.581835][    T1] init: Command 'mkdir /data/misc/perfetto-configs 0775 root shell' action=persist.traced.enable=1 (/system/etc/init/perfetto.rc:92) took 303ms and succeeded
[  558.184471][    T1] init: Command 'stop traced_relay' action=persist.traced.enable=1 (/system/etc/init/perfetto.rc:94) took 363ms and succeeded
[  559.052621][    T1] init: starting service 'traced'...
[  560.045469][    T1] init: Created socket '/dev/socket/traced_consumer', mode 666, user 0, group 0
[  560.585701][    T1] init: Created socket '/dev/socket/traced_producer', mode 666, user 0, group 0
[  563.064880][    T1] libprocessgroup: Created cgroup /sys/fs/cgroup/system/uid_9999/pid_788
[  564.792174][  T413] servicemanager: Caller(pid=703,uid=1000,sid=u:r:surfaceflinger:s0) Found android.hardware.graphics.composer3.IComposer/default in device VINTF manifest.
[  565.270581][    T1] init: ... started service 'traced' has pid 788
[  565.335317][    T1] init: Command 'start traced' action=persist.traced.enable=1 (/system/etc/init/perfetto.rc:95) took 6703ms and succeeded
[  565.829287][    T1] init: service 'traced_probes' requested start, but it is already running (flags: 132, pid: 775, started 24889ms ago)
[  566.699815][    T1] init: Command 'start traced_probes' action=persist.traced.enable=1 (/system/etc/init/perfetto.rc:96) took 351ms and succeeded
[  567.829468][    T1] init: processing action (ro.persistent_properties.ready=true) from (/system/etc/init/perfetto.rc:129)
[  568.460590][  T413] servicemanager: Caller(pid=642,uid=1000,sid=u:r:hal_graphics_composer_default:s0) Found android.hardware.graphics.allocator.IAllocator/default in device VINTF manifest.
[  568.462781][    T1] init: processing action (persist.debug.perfetto.persistent_sysui_tracing_for_bugreport=) from (/system/etc/init/perfetto.rc:188)
[  569.927580][    T1] init: Command 'stop perfetto_persistent_sysui_tracing_for_bugreport' action=persist.debug.perfetto.persistent_sysui_tracing_for_bugreport= (/system/etc/init/perfetto.rc:189) took 1150ms and succeeded
[  570.104914][  T413] servicemanager: Caller(pid=642,uid=1000,sid=u:r:hal_graphics_composer_default:s0) Found android.hardware.graphics.allocator.IAllocator/default in device VINTF manifest.
[  570.179731][    T1] init: processing action (persist.traced_perf.enable= && sys.init.perf_lsm_hooks=1 && traced.lazy.traced_perf=) from (/system/etc/init/traced_perf.rc:44)
[  570.545326][  T413] servicemanager: Caller(pid=642,uid=1000,sid=u:r:hal_graphics_composer_default:s0) Found mapper/minigbm in device VINTF manifest.
[  570.861983][    T1] init: Command 'stop traced_perf' action=persist.traced_perf.enable= && sys.init.perf_lsm_hooks=1 && traced.lazy.traced_perf= (/system/etc/init/traced_perf.rc:45) took 597ms and succeeded
[  570.931586][    T1] init: processing action (ro.boot.slot_suffix=*) from (/system/etc/init/update_engine.rc:9)
[  570.944323][    T1] init: processing action (hidl_memory.disabled=true) from (/system_ext/etc/init/android.hidl.allocator@1.0-service.rc:6)
[  570.952428][    T1] init: Sending SIGKILL to service 'hidl_memory' (pid 784) process group...
[  571.946443][    T1] libprocessgroup: Removed cgroup /sys/fs/cgroup/system/uid_1000/pid_784
[  572.349880][    T1] init: Command 'stop hidl_memory' action=hidl_memory.disabled=true (/system_ext/etc/init/android.hidl.allocator@1.0-service.rc:7) took 1372ms and succeeded
[  572.515773][    T1] init: Service 'hidl_memory' (pid 784) received SIGKILL
[  572.532008][    T1] init: Sending SIGKILL to service 'hidl_memory' (pid 784) process group...
[  572.599685][    T1] libprocessgroup: Failed to write 1 to /sys/fs/cgroup/system/uid_1000/pid_784/cgroup.kill: No such file or directory
[  573.675660][    T1] init: processing action (hwservicemanager.disabled=true) from (/system_ext/etc/init/hwservicemanager.rc:14)
[  574.087630][    T1] init: Sending SIGKILL to service 'hwservicemanager' (pid 414) process group...
[  576.466790][    T1] libprocessgroup: Still waiting on process(es) to exit for cgroup /sys/fs/cgroup/system/uid_1000/pid_414 after 1904 ms
[  576.556281][    T1] libprocessgroup: Unable to remove cgroup /sys/fs/cgroup/system/uid_1000/pid_414: Device or resource busy
[  577.003934][    T1] init: Command 'stop hwservicemanager' action=hwservicemanager.disabled=true (/system_ext/etc/init/hwservicemanager.rc:15) took 3231ms and succeeded
[  577.052562][    T1] init: Service 'hwservicemanager' (pid 414) received SIGKILL
[  577.065249][    T1] init: Sending SIGKILL to service 'hwservicemanager' (pid 414) process group...
[  577.372208][    T1] libprocessgroup: Removed cgroup /sys/fs/cgroup/system/uid_1000/pid_414
[  577.712149][    T1] init: processing action (apex.all.ready=true) from (/apex/com.google.cf.input.config/etc/com.google.cf.input.config.rc:1)
[  578.990800][    T1] init: Command 'setprop input_device.config_file.apex com.google.cf.input.config' action=apex.all.ready=true (/apex/com.google.cf.input.config/etc/com.google.cf.input.config.rc:2) took 890ms and succeeded
[  579.642226][    T1] init: processing action (nonencrypted) from (/system/etc/init/hw/init.rc:1227)
[  579.952510][    T1] init: service 'zygote' requested start, but it is already running (flags: 4, pid: 609, started 381005ms ago)
[  580.316207][    T1] init: starting service 'cameraserver'...
[  582.191162][  T659] VIRTUAL_DEVICE_DISPLAY_POWER_MODE_CHANGED display=0 mode=ON
[  582.362219][    T1] libprocessgroup: Created cgroup /sys/fs/cgroup/system/uid_1047/pid_805
[  585.538082][    T1] init: ... started service 'cameraserver' has pid 805
[  585.605261][    T1] init: service 'drm' requested start, but it is already running (flags: 132, pid: 748, started 94396ms ago)
[  585.715135][    T1] init: starting service 'idmap2d'...
[  587.531965][    T1] libprocessgroup: Created cgroup /sys/fs/cgroup/system/uid_1000/pid_807
[  591.995195][    T1] init: ... started service 'idmap2d' has pid 807
[  592.977337][    T1] init: starting service 'incidentd'...
[  594.294434][    T1] libprocessgroup: Created cgroup /sys/fs/cgroup/system/uid_1067
[  595.002365][    T1] libprocessgroup: Created cgroup /sys/fs/cgroup/system/uid_1067/pid_814
[  596.790775][    T1] init: ... started service 'incidentd' has pid 814
[  597.035644][    T1] init: starting service 'installd'...
[  598.428493][    T1] libprocessgroup: Created cgroup /sys/fs/cgroup/system/uid_0/pid_816
[  599.235277][    T1] init: ... started service 'installd' has pid 816
[  599.339438][    T1] init: starting service 'mediaextractor'...
[  600.686515][    T1] libprocessgroup: Created cgroup /sys/fs/cgroup/system/uid_1040
[  601.125594][    T1] libprocessgroup: Created cgroup /sys/fs/cgroup/system/uid_1040/pid_817
[  602.376641][    T1] init: ... started service 'mediaextractor' has pid 817
[  602.537772][    T1] init: starting service 'mediametrics'...
[  603.956816][    T1] libprocessgroup: Created cgroup /sys/fs/cgroup/system/uid_1013/pid_820
[  607.324508][    T1] init: ... started service 'mediametrics' has pid 820
[  607.416946][    T1] init: starting service 'media'...
[  609.993935][    T1] libprocessgroup: Created cgroup /sys/fs/cgroup/system/uid_1013/pid_824
[  613.553375][    T1] init: ... started service 'media' has pid 824
[  613.584743][    T1] init: service 'netd' requested start, but it is already running (flags: 132, pid: 607, started 415082ms ago)
[  613.649013][  T413] libbinder.Binder: Binder transaction to android.os.IServiceManager, function: addService, code: 5, took 1267ms. Data bytes: 132 Reply bytes: 4 Flags: 16
[  613.679097][    T1] init: starting service 'storaged'...
[  615.808916][    T1] libprocessgroup: Created cgroup /sys/fs/cgroup/system/uid_0/pid_829
[  616.296717][    T1] init: ... started service 'storaged' has pid 829
[  616.423503][    T1] init: starting service 'seriallogging'...
[  617.974216][    T1] libprocessgroup: Created cgroup /sys/fs/cgroup/system/uid_1036/pid_832
[  620.114482][    T1] init: ... started service 'seriallogging' has pid 832
[  620.778806][    T1] init: starting service 'media.swcodec'...
[  622.795076][  T659] VIRTUAL_DEVICE_DISPLAY_POWER_MODE_CHANGED display=0 mode=ON
[  623.102175][    T1] libprocessgroup: Created cgroup /sys/fs/cgroup/system/uid_1046
[  625.497858][    T1] libprocessgroup: Created cgroup /sys/fs/cgroup/system/uid_1046/pid_843
[  626.014701][    T1] init: ... started service 'media.swcodec' has pid 843
[  626.064818][    T1] init: service 'statsd' requested start, but it is already running (flags: 4, pid: 608, started 427317ms ago)
[  626.525122][    T1] init: starting service 'vendor.ril-daemon'...
[  627.284790][    T1] libprocessgroup: Created cgroup /sys/fs/cgroup/system/uid_1001
[  627.682757][    T1] libprocessgroup: Created cgroup /sys/fs/cgroup/system/uid_1001/pid_847
[  630.083218][    T1] init: ... started service 'vendor.ril-daemon' has pid 847
[  630.333332][    T1] init: Command 'class_start main' action=nonencrypted (/system/etc/init/hw/init.rc:1228) took 50356ms and succeeded
[  631.762818][    T1] init: starting service 'bootanim'...
[  633.933152][    T1] libprocessgroup: Created cgroup /sys/fs/cgroup/system/uid_1003
[  634.161274][  T421] logd: logdr: UID=1036 GID=0 PID=832 b tail=0 logMask=bf pid=0 start=0ns deadline=0ns
[  634.854656][    T1] libprocessgroup: Created cgroup /sys/fs/cgroup/system/uid_1003/pid_849
[  636.751396][    T1] init: ... started service 'bootanim' has pid 849
[  636.795396][    T1] init: Control message: Processed ctl.start for 'bootanim' from pid: 703 (/system/bin/surfaceflinger)
[  636.941757][    T1] init: starting service 'gatekeeperd'...
[  638.220689][    T1] libprocessgroup: Created cgroup /sys/fs/cgroup/system/uid_1000/pid_857
[  640.340843][    T1] init: ... started service 'gatekeeperd' has pid 857
[  641.136847][    T1] init: service 'traced' requested start, but it is already running (flags: 132, pid: 788, started 78966ms ago)
[  641.310617][    T1] init: service 'traced_probes' requested start, but it is already running (flags: 132, pid: 775, started 100510ms ago)
[  642.933606][    T1] init: starting service 'update_engine'...
[  645.108646][    T1] libprocessgroup: Created cgroup /sys/fs/cgroup/system/uid_0/pid_860
[  648.104807][    T1] init: ... started service 'update_engine' has pid 860
[  648.452751][    T1] init: starting service 'usbd'...
[  650.720834][    T1] libprocessgroup: Created cgroup /sys/fs/cgroup/system/uid_0/pid_862
[  654.249387][    T1] init: ... started service 'usbd' has pid 862
[  654.430521][    T1] init: starting service 'tombstone_transmit'...
[  655.997359][    T1] libprocessgroup: Created cgroup /sys/fs/cgroup/system/uid_0/pid_867
[  657.907477][    T1] init: ... started service 'tombstone_transmit' has pid 867
[  657.928233][    T1] init: Command 'class_start late_start' action=nonencrypted (/system/etc/init/hw/init.rc:1229) took 21075ms and succeeded
[  657.970656][    T1] init: processing action (load_persist_props_action) from (/system/etc/init/flags_health_check.rc:1)
[  659.665774][    T1] init: Encryption policy of /data/server_configurable_flags set to 405454806034d5c29cb0398a381abefd v2 modes 1/10 flags 0xa
[  659.703779][    T1] init: Command 'mkdir /data/server_configurable_flags 0775 system system encryption=Require' action=load_persist_props_action (/system/etc/init/flags_health_check.rc:4) took 1424ms and succeeded
[  661.304568][    T1] init: starting service 'exec 17 (/system/bin/flags_health_check BOOT_FAILURE)'...
[  666.188613][    T1] libprocessgroup: Created cgroup /sys/fs/cgroup/system/uid_1000/pid_869
[  671.471807][    T1] init: ... started service 'exec 17 (/system/bin/flags_health_check BOOT_FAILURE)' has pid 869
[  672.752042][    T1] init: SVC_EXEC service 'exec 17 (/system/bin/flags_health_check BOOT_FAILURE)' pid 869 (uid 1000 gid 1000+0 context default) started; waiting...
[  673.356411][    T1] init: Command 'exec - system system -- /system/bin/flags_health_check BOOT_FAILURE' action=load_persist_props_action (/system/etc/init/flags_health_check.rc:5) took 13051ms and succeeded
[  674.172724][  T413] servicemanager: Caller(pid=857,uid=1000,sid=u:r:gatekeeperd:s0) Found android.hardware.gatekeeper.IGatekeeper/default in device VINTF manifest.
[  674.860580][  T413] libbinder.Binder: Binder transaction to android.os.IServiceManager, function: isDeclared, code: 9, took 2778ms. Data bytes: 172 Reply bytes: 8 Flags: 16
[  678.374146][  T413] servicemanager: Caller(pid=847,uid=1001,sid=u:r:libcuttlefish_rild:s0) Found android.hardware.radio.ims.media.IImsMedia/default in device VINTF manifest.
[  678.514578][  T413] libbinder.Binder: Binder transaction to android.os.IServiceManager, function: addService, code: 5, took 1985ms. Data bytes: 216 Reply bytes: 4 Flags: 16
[  682.696458][  T413] servicemanager: Caller(pid=847,uid=1001,sid=u:r:libcuttlefish_rild:s0) Found android.hardware.radio.config.IRadioConfig/default in device VINTF manifest.
[  682.941483][  T413] libbinder.Binder: Binder transaction to android.os.IServiceManager, function: addService, code: 5, took 1132ms. Data bytes: 216 Reply bytes: 4 Flags: 16
[  684.349666][    T1] init: service 'adbd' requested start, but it is already running (flags: 132, pid: 721, started 245308ms ago)
[  684.365272][    T1] init: Control message: Processed ctl.start for 'adbd' from pid: 862 (/system/bin/usbd)
[  684.477464][  T413] servicemanager: Caller(pid=847,uid=1001,sid=u:r:libcuttlefish_rild:s0) Found android.hardware.radio.data.IRadioData/slot1 in device VINTF manifest.
[  684.974224][  T413] servicemanager: Caller(pid=847,uid=1001,sid=u:r:libcuttlefish_rild:s0) Found android.hardware.radio.ims.IRadioIms/slot1 in device VINTF manifest.
[  685.645442][  T413] servicemanager: Caller(pid=862,uid=0,sid=u:r:usbd:s0) Could not find android.hardware.usb.gadget.IUsbGadget/default in the VINTF manifest. No alternative instances declared in VINTF.
[  685.828547][  T413] servicemanager: Caller(pid=847,uid=1001,sid=u:r:libcuttlefish_rild:s0) Found android.hardware.radio.messaging.IRadioMessaging/slot1 in device VINTF manifest.
[  686.463539][  T413] servicemanager: Caller(pid=847,uid=1001,sid=u:r:libcuttlefish_rild:s0) Found android.hardware.radio.modem.IRadioModem/slot1 in device VINTF manifest.
[  687.336257][  T413] servicemanager: Caller(pid=847,uid=1001,sid=u:r:libcuttlefish_rild:s0) Found android.hardware.radio.network.IRadioNetwork/slot1 in device VINTF manifest.
[  687.892374][    T1] init: Service 'usbd' (pid 862) exited with status 0 oneshot service took 37.917999 seconds in background
[  687.900624][    T1] init: Sending SIGKILL to service 'usbd' (pid 862) process group...
[  687.963404][    T1] libprocessgroup: Removed cgroup /sys/fs/cgroup/system/uid_0/pid_862
[  688.431555][  T413] servicemanager: Caller(pid=847,uid=1001,sid=u:r:libcuttlefish_rild:s0) Found android.hardware.radio.sim.IRadioSim/slot1 in device VINTF manifest.
[  688.435543][    T1] init: Service 'exec 17 (/system/bin/flags_health_check BOOT_FAILURE)' (pid 869) exited with status 0 waiting took 24.221001 seconds
[  689.261397][    T1] init: Sending SIGKILL to service 'exec 17 (/system/bin/flags_health_check BOOT_FAILURE)' (pid 869) process group...
[  689.992618][    T1] libprocessgroup: Removed cgroup /sys/fs/cgroup/system/uid_1000/pid_869
[  690.519792][    T1] init: processing action (load_persist_props_action) from (/system/etc/init/logcatd.rc:29)
[  690.614568][  T413] servicemanager: Caller(pid=847,uid=1001,sid=u:r:libcuttlefish_rild:s0) Found android.hardware.radio.voice.IRadioVoice/slot1 in device VINTF manifest.
[  690.683157][    T1] init: Command 'setprop logd.logpersistd.enable true' action=load_persist_props_action (/system/etc/init/logcatd.rc:30) took 124ms and succeeded
[  690.702025][    T1] init: processing action (hidl_memory.disabled=true) from (/system_ext/etc/init/android.hidl.allocator@1.0-service.rc:6)
[  690.726507][    T1] init: processing action (hidl_memory.disabled=true) from (/system_ext/etc/init/android.hidl.allocator@1.0-service.rc:6)
[  690.737828][    T1] init: processing action (hidl_memory.disabled=true) from (/system_ext/etc/init/android.hidl.allocator@1.0-service.rc:6)
[  690.749813][    T1] init: processing action (hidl_memory.disabled=true) from (/system_ext/etc/init/android.hidl.allocator@1.0-service.rc:6)
[  690.758200][    T1] init: processing action (hidl_memory.disabled=true) from (/system_ext/etc/init/android.hidl.allocator@1.0-service.rc:6)
[  690.866997][    T1] init: processing action (llk.enable=0) from (/system/etc/init/llkd.rc:12)
[  690.991683][    T1] init: Command 'setprop llk.enable false' action=llk.enable=0 (/system/etc/init/llkd.rc:13) took 90ms and succeeded
[  691.021812][    T1] init: processing action (khungtask.enable=1) from (/system/etc/init/llkd.rc:18)
[  691.131398][    T1] init: Command 'setprop khungtask.enable true' action=khungtask.enable=1 (/system/etc/init/llkd.rc:19) took 59ms and succeeded
[  691.229690][    T1] init: processing action (llk.enable=0) from (/system/etc/init/llkd.rc:12)
[  691.258074][    T1] init: processing action (khungtask.enable=0) from (/system/etc/init/llkd.rc:21)
[  691.265922][    T1] init: processing action (hidl_memory.disabled=true) from (/system_ext/etc/init/android.hidl.allocator@1.0-service.rc:6)
[  691.306683][    T1] init: processing action (init.svc.media=*) from (/system/etc/init/mediaserver.rc:1)
[  691.331141][    T1] init: processing action (khungtask.enable=true) from (/system/etc/init/llkd.rc:25)
[  691.395194][    T1] init: processing action (khungtask.enable=false) from (/system/etc/init/llkd.rc:31)
[  691.588383][  T413] servicemanager: Caller(pid=847,uid=1001,sid=u:r:libcuttlefish_rild:s0) Found android.hardware.radio.sap.ISap/slot1 in device VINTF manifest.
[  692.304314][  T413] servicemanager: Caller(pid=690,uid=1047,sid=u:r:hal_camera_default:s0) Found android.hardware.camera.provider.ICameraProvider/internal/0 in device VINTF manifest.
[  696.864754][  T413] servicemanager: Caller(pid=829,uid=0,sid=u:r:storaged:s0) Found android.hardware.health.IHealth/default in device VINTF manifest.
[  706.748353][    T1] init: Untracked process (pid: 890 name: (sh) ppid: 1 pgrp: 885 state: Z) received SIGHUP
[  706.781867][    T1] init: Untracked process (pid: 890 name: (sh) ppid: 1 pgrp: 885 state: Z) did not have an associated service entry and will not be reaped
[  723.871245][  T413] servicemanager: Caller(pid=860,uid=0,sid=u:r:update_engine:s0) Found android.hardware.boot.IBootControl/default in device VINTF manifest.
[  789.537402][  T413] servicemanager: Caller(pid=843,uid=1046,sid=u:r:mediaswcodec:s0) Found android.hardware.media.c2.IComponentStore/software in framework VINTF manifest.
[  791.108097][  T413] servicemanager: Caller(pid=843,uid=1046,sid=u:r:mediaswcodec:s0) Found android.hardware.media.c2.IComponentStore/software in framework VINTF manifest.
[  791.655534][  T413] servicemanager: Caller(pid=843,uid=1046,sid=u:r:mediaswcodec:s0) Could not find android.hardware.media.c2.IComponentStore/default in the VINTF manifest. No alternative instances declared in VINTF.
[  810.275302][    T1] init: Untracked process (pid: 948 name: (sh) ppid: 1 pgrp: 942 state: Z) received SIGHUP
[  810.466276][    T1] init: Untracked process (pid: 948 name: (sh) ppid: 1 pgrp: 942 state: Z) did not have an associated service entry and will not be reaped
[  825.392809][    T1] init: Untracked process (pid: 957 name: (sh) ppid: 1 pgrp: 952 state: Z) exited with status 129
[  825.415986][    T1] init: Untracked process (pid: 957 name: (sh) ppid: 1 pgrp: 952 state: Z) did not have an associated service entry and will not be reaped
[  825.489115][  T413] servicemanager: Caller(pid=692,uid=1041,sid=u:r:audioserver:s0) Found android.hardware.audio.effect.IFactory/default in device VINTF manifest.
[  825.558345][  T413] servicemanager: Caller(pid=692,uid=1041,sid=u:r:audioserver:s0) Found android.hardware.audio.core.IModule/default in device VINTF manifest.
[  837.600693][  T413] servicemanager: Caller(pid=692,uid=1041,sid=u:r:audioserver:s0) Found android.system.suspend.ISystemSuspend/default in framework VINTF manifest.
[  840.422468][    T1] init: Untracked process (pid: 969 name: (sh) ppid: 1 pgrp: 963 state: Z) received SIGHUP
[  840.542226][    T1] init: Untracked process (pid: 969 name: (sh) ppid: 1 pgrp: 963 state: Z) did not have an associated service entry and will not be reaped
[  916.450683][    T1] init: Untracked process (pid: 1027 name: (sh) ppid: 1 pgrp: 1021 state: Z) received SIGHUP
[  916.784828][    T1] init: Untracked process (pid: 1027 name: (sh) ppid: 1 pgrp: 1021 state: Z) did not have an associated service entry and will not be reaped
[  925.904253][  T413] servicemanager: Caller(pid=692,uid=1041,sid=u:r:audioserver:s0) Found android.hardware.audio.effect.IFactory/default in device VINTF manifest.
[  926.025790][  T413] servicemanager: Caller(pid=692,uid=1041,sid=u:r:audioserver:s0) Found android.hardware.audio.core.IModule/default in device VINTF manifest.
[  928.033856][  T413] servicemanager: Caller(pid=692,uid=1041,sid=u:r:audioserver:s0) Since 'activity' could not be found trying to start it as a lazy AIDL service. (if it's not configured to be a lazy service, it may be stuck starting or still starting).
[  928.869760][    T1] init: Control message: Could not find 'aidl/activity' for ctl.interface_start from pid: 413 (/system/bin/servicemanager)
[  928.955940][ T1048] servicemanager: Caller(pid=692,uid=1041,sid=u:r:audioserver:s0) Tried to start aidl service activity as a lazy service, but was unable to. Usually this happens when a service is not installed, but if the service is intended to be used as a lazy service, then it may be configured incorrectly.
[  929.383892][  T413] servicemanager: Caller(pid=692,uid=1041,sid=u:r:audioserver:s0) Since 'activity' could not be found trying to start it as a lazy AIDL service. (if it's not configured to be a lazy service, it may be stuck starting or still starting).
[  929.438861][    T1] init: Control message: Could not find 'aidl/activity' for ctl.interface_start from pid: 413 (/system/bin/servicemanager)
[  929.464776][ T1049] servicemanager: Caller(pid=692,uid=1041,sid=u:r:audioserver:s0) Tried to start aidl service activity as a lazy service, but was unable to. Usually this happens when a service is not installed, but if the service is intended to be used as a lazy service, then it may be configured incorrectly.
[  929.704796][    T1] init: Untracked process (pid: 1046 name: (sh) ppid: 1 pgrp: 1040 state: Z) exited with status 129
[  929.712880][    T1] init: Untracked process (pid: 1046 name: (sh) ppid: 1 pgrp: 1040 state: Z) did not have an associated service entry and will not be reaped
[  930.415160][  T413] servicemanager: Caller(pid=692,uid=1041,sid=u:r:audioserver:s0) Since 'activity' could not be found trying to start it as a lazy AIDL service. (if it's not configured to be a lazy service, it may be stuck starting or still starting).
[  930.864541][    T1] init: Control message: Could not find 'aidl/activity' for ctl.interface_start from pid: 413 (/system/bin/servicemanager)
[  930.886726][ T1050] servicemanager: Caller(pid=692,uid=1041,sid=u:r:audioserver:s0) Tried to start aidl service activity as a lazy service, but was unable to. Usually this happens when a service is not installed, but if the service is intended to be used as a lazy service, then it may be configured incorrectly.
[  931.885155][  T413] servicemanager: Caller(pid=692,uid=1041,sid=u:r:audioserver:s0) Since 'activity' could not be found trying to start it as a lazy AIDL service. (if it's not configured to be a lazy service, it may be stuck starting or still starting).
[  932.334548][    T1] init: Control message: Could not find 'aidl/activity' for ctl.interface_start from pid: 413 (/system/bin/servicemanager)
[  932.371465][ T1051] servicemanager: Caller(pid=692,uid=1041,sid=u:r:audioserver:s0) Tried to start aidl service activity as a lazy service, but was unable to. Usually this happens when a service is not installed, but if the service is intended to be used as a lazy service, then it may be configured incorrectly.
[  933.270630][  T413] servicemanager: Caller(pid=692,uid=1041,sid=u:r:audioserver:s0) Since 'activity' could not be found trying to start it as a lazy AIDL service. (if it's not configured to be a lazy service, it may be stuck starting or still starting).
[  933.983180][    T1] init: Control message: Could not find 'aidl/activity' for ctl.interface_start from pid: 413 (/system/bin/servicemanager)
[  934.084914][ T1052] servicemanager: Caller(pid=692,uid=1041,sid=u:r:audioserver:s0) Tried to start aidl service activity as a lazy service, but was unable to. Usually this happens when a service is not installed, but if the service is intended to be used as a lazy service, then it may be configured incorrectly.
[  935.207420][  T413] servicemanager: Caller(pid=692,uid=1041,sid=u:r:audioserver:s0) Since 'activity' could not be found trying to start it as a lazy AIDL service. (if it's not configured to be a lazy service, it may be stuck starting or still starting).
[  935.624709][    T1] init: Control message: Could not find 'aidl/activity' for ctl.interface_start from pid: 413 (/system/bin/servicemanager)
[  935.733445][ T1053] servicemanager: Caller(pid=692,uid=1041,sid=u:r:audioserver:s0) Tried to start aidl service activity as a lazy service, but was unable to. Usually this happens when a service is not installed, but if the service is intended to be used as a lazy service, then it may be configured incorrectly.
[  936.622554][  T413] servicemanager: Caller(pid=692,uid=1041,sid=u:r:audioserver:s0) Since 'activity' could not be found trying to start it as a lazy AIDL service. (if it's not configured to be a lazy service, it may be stuck starting or still starting).
[  936.975610][    T1] init: Control message: Could not find 'aidl/activity' for ctl.interface_start from pid: 413 (/system/bin/servicemanager)
[  937.002698][ T1055] servicemanager: Caller(pid=692,uid=1041,sid=u:r:audioserver:s0) Tried to start aidl service activity as a lazy service, but was unable to. Usually this happens when a service is not installed, but if the service is intended to be used as a lazy service, then it may be configured incorrectly.
[  938.404759][  T413] servicemanager: Caller(pid=692,uid=1041,sid=u:r:audioserver:s0) Since 'activity' could not be found trying to start it as a lazy AIDL service. (if it's not configured to be a lazy service, it may be stuck starting or still starting).
[  938.909122][    T1] init: Control message: Could not find 'aidl/activity' for ctl.interface_start from pid: 413 (/system/bin/servicemanager)
[  938.944713][ T1061] servicemanager: Caller(pid=692,uid=1041,sid=u:r:audioserver:s0) Tried to start aidl service activity as a lazy service, but was unable to. Usually this happens when a service is not installed, but if the service is intended to be used as a lazy service, then it may be configured incorrectly.
[  939.961632][  T413] servicemanager: Caller(pid=692,uid=1041,sid=u:r:audioserver:s0) Since 'activity' could not be found trying to start it as a lazy AIDL service. (if it's not configured to be a lazy service, it may be stuck starting or still starting).
[  940.851552][    T1] init: Control message: Could not find 'aidl/activity' for ctl.interface_start from pid: 413 (/system/bin/servicemanager)
[  940.920850][ T1063] servicemanager: Caller(pid=692,uid=1041,sid=u:r:audioserver:s0) Tried to start aidl service activity as a lazy service, but was unable to. Usually this happens when a service is not installed, but if the service is intended to be used as a lazy service, then it may be configured incorrectly.
[  941.556832][  T413] servicemanager: Caller(pid=692,uid=1041,sid=u:r:audioserver:s0) Since 'activity' could not be found trying to start it as a lazy AIDL service. (if it's not configured to be a lazy service, it may be stuck starting or still starting).
[  942.060918][    T1] init: Control message: Could not find 'aidl/activity' for ctl.interface_start from pid: 413 (/system/bin/servicemanager)
[  942.129683][ T1065] servicemanager: Caller(pid=692,uid=1041,sid=u:r:audioserver:s0) Tried to start aidl service activity as a lazy service, but was unable to. Usually this happens when a service is not installed, but if the service is intended to be used as a lazy service, then it may be configured incorrectly.
[  943.028827][  T413] servicemanager: Caller(pid=692,uid=1041,sid=u:r:audioserver:s0) Since 'activity' could not be found trying to start it as a lazy AIDL service. (if it's not configured to be a lazy service, it may be stuck starting or still starting).
[  943.251184][    T1] init: Control message: Could not find 'aidl/activity' for ctl.interface_start from pid: 413 (/system/bin/servicemanager)
[  943.292323][ T1068] servicemanager: Caller(pid=692,uid=1041,sid=u:r:audioserver:s0) Tried to start aidl service activity as a lazy service, but was unable to. Usually this happens when a service is not installed, but if the service is intended to be used as a lazy service, then it may be configured incorrectly.
[  944.213173][  T413] servicemanager: Caller(pid=692,uid=1041,sid=u:r:audioserver:s0) Since 'activity' could not be found trying to start it as a lazy AIDL service. (if it's not configured to be a lazy service, it may be stuck starting or still starting).
[  944.496044][    T1] init: Control message: Could not find 'aidl/activity' for ctl.interface_start from pid: 413 (/system/bin/servicemanager)
[  944.650166][ T1071] servicemanager: Caller(pid=692,uid=1041,sid=u:r:audioserver:s0) Tried to start aidl service activity as a lazy service, but was unable to. Usually this happens when a service is not installed, but if the service is intended to be used as a lazy service, then it may be configured incorrectly.
[  945.489812][  T413] servicemanager: Caller(pid=692,uid=1041,sid=u:r:audioserver:s0) Since 'activity' could not be found trying to start it as a lazy AIDL service. (if it's not configured to be a lazy service, it may be stuck starting or still starting).
[  945.775790][    T1] init: Control message: Could not find 'aidl/activity' for ctl.interface_start from pid: 413 (/system/bin/servicemanager)
[  945.828088][ T1072] servicemanager: Caller(pid=692,uid=1041,sid=u:r:audioserver:s0) Tried to start aidl service activity as a lazy service, but was unable to. Usually this happens when a service is not installed, but if the service is intended to be used as a lazy service, then it may be configured incorrectly.
[  946.593408][  T413] servicemanager: Caller(pid=692,uid=1041,sid=u:r:audioserver:s0) Since 'activity' could not be found trying to start it as a lazy AIDL service. (if it's not configured to be a lazy service, it may be stuck starting or still starting).
[  947.153736][    T1] init: Control message: Could not find 'aidl/activity' for ctl.interface_start from pid: 413 (/system/bin/servicemanager)
[  947.232749][ T1073] servicemanager: Caller(pid=692,uid=1041,sid=u:r:audioserver:s0) Tried to start aidl service activity as a lazy service, but was unable to. Usually this happens when a service is not installed, but if the service is intended to be used as a lazy service, then it may be configured incorrectly.
[  947.867635][  T413] servicemanager: Caller(pid=692,uid=1041,sid=u:r:audioserver:s0) Since 'activity' could not be found trying to start it as a lazy AIDL service. (if it's not configured to be a lazy service, it may be stuck starting or still starting).
[  948.506752][    T1] init: Control message: Could not find 'aidl/activity' for ctl.interface_start from pid: 413 (/system/bin/servicemanager)
[  948.732357][ T1074] servicemanager: Caller(pid=692,uid=1041,sid=u:r:audioserver:s0) Tried to start aidl service activity as a lazy service, but was unable to. Usually this happens when a service is not installed, but if the service is intended to be used as a lazy service, then it may be configured incorrectly.
[  949.238064][  T413] servicemanager: Caller(pid=692,uid=1041,sid=u:r:audioserver:s0) Since 'activity' could not be found trying to start it as a lazy AIDL service. (if it's not configured to be a lazy service, it may be stuck starting or still starting).
[  949.355032][    T1] init: Control message: Could not find 'aidl/activity' for ctl.interface_start from pid: 413 (/system/bin/servicemanager)
[  949.367682][ T1077] servicemanager: Caller(pid=692,uid=1041,sid=u:r:audioserver:s0) Tried to start aidl service activity as a lazy service, but was unable to. Usually this happens when a service is not installed, but if the service is intended to be used as a lazy service, then it may be configured incorrectly.
[  950.816108][  T413] servicemanager: Caller(pid=692,uid=1041,sid=u:r:audioserver:s0) Since 'activity' could not be found trying to start it as a lazy AIDL service. (if it's not configured to be a lazy service, it may be stuck starting or still starting).
[  951.466361][    T1] init: Control message: Could not find 'aidl/activity' for ctl.interface_start from pid: 413 (/system/bin/servicemanager)
[  951.493410][ T1081] servicemanager: Caller(pid=692,uid=1041,sid=u:r:audioserver:s0) Tried to start aidl service activity as a lazy service, but was unable to. Usually this happens when a service is not installed, but if the service is intended to be used as a lazy service, then it may be configured incorrectly.
[  953.377186][  T413] servicemanager: Caller(pid=692,uid=1041,sid=u:r:audioserver:s0) Since 'activity' could not be found trying to start it as a lazy AIDL service. (if it's not configured to be a lazy service, it may be stuck starting or still starting).
[  953.966112][    T1] init: Control message: Could not find 'aidl/activity' for ctl.interface_start from pid: 413 (/system/bin/servicemanager)
[  954.033987][ T1083] servicemanager: Caller(pid=692,uid=1041,sid=u:r:audioserver:s0) Tried to start aidl service activity as a lazy service, but was unable to. Usually this happens when a service is not installed, but if the service is intended to be used as a lazy service, then it may be configured incorrectly.
[  955.278921][  T413] servicemanager: Caller(pid=692,uid=1041,sid=u:r:audioserver:s0) Since 'activity' could not be found trying to start it as a lazy AIDL service. (if it's not configured to be a lazy service, it may be stuck starting or still starting).
[  955.900946][    T1] init: Control message: Could not find 'aidl/activity' for ctl.interface_start from pid: 413 (/system/bin/servicemanager)
[  956.044563][ T1086] servicemanager: Caller(pid=692,uid=1041,sid=u:r:audioserver:s0) Tried to start aidl service activity as a lazy service, but was unable to. Usually this happens when a service is not installed, but if the service is intended to be used as a lazy service, then it may be configured incorrectly.
[  956.831799][  T413] servicemanager: Caller(pid=692,uid=1041,sid=u:r:audioserver:s0) Since 'activity' could not be found trying to start it as a lazy AIDL service. (if it's not configured to be a lazy service, it may be stuck starting or still starting).
[  957.617083][    T1] init: Control message: Could not find 'aidl/activity' for ctl.interface_start from pid: 413 (/system/bin/servicemanager)
[  958.010332][ T1087] servicemanager: Caller(pid=692,uid=1041,sid=u:r:audioserver:s0) Tried to start aidl service activity as a lazy service, but was unable to. Usually this happens when a service is not installed, but if the service is intended to be used as a lazy service, then it may be configured incorrectly.
[  958.680019][  T413] servicemanager: Caller(pid=692,uid=1041,sid=u:r:audioserver:s0) Since 'activity' could not be found trying to start it as a lazy AIDL service. (if it's not configured to be a lazy service, it may be stuck starting or still starting).
[  959.815636][    T1] init: Control message: Could not find 'aidl/activity' for ctl.interface_start from pid: 413 (/system/bin/servicemanager)
[  959.968846][ T1089] servicemanager: Caller(pid=692,uid=1041,sid=u:r:audioserver:s0) Tried to start aidl service activity as a lazy service, but was unable to. Usually this happens when a service is not installed, but if the service is intended to be used as a lazy service, then it may be configured incorrectly.
[  960.621798][  T413] servicemanager: Caller(pid=692,uid=1041,sid=u:r:audioserver:s0) Since 'activity' could not be found trying to start it as a lazy AIDL service. (if it's not configured to be a lazy service, it may be stuck starting or still starting).
[  961.308030][    T1] init: Control message: Could not find 'aidl/activity' for ctl.interface_start from pid: 413 (/system/bin/servicemanager)
[  961.447614][ T1091] servicemanager: Caller(pid=692,uid=1041,sid=u:r:audioserver:s0) Tried to start aidl service activity as a lazy service, but was unable to. Usually this happens when a service is not installed, but if the service is intended to be used as a lazy service, then it may be configured incorrectly.
[  962.380576][  T413] servicemanager: Caller(pid=692,uid=1041,sid=u:r:audioserver:s0) Since 'activity' could not be found trying to start it as a lazy AIDL service. (if it's not configured to be a lazy service, it may be stuck starting or still starting).
[  962.897989][    T1] init: Control message: Could not find 'aidl/activity' for ctl.interface_start from pid: 413 (/system/bin/servicemanager)
[  963.040470][ T1093] servicemanager: Caller(pid=692,uid=1041,sid=u:r:audioserver:s0) Tried to start aidl service activity as a lazy service, but was unable to. Usually this happens when a service is not installed, but if the service is intended to be used as a lazy service, then it may be configured incorrectly.
[  963.927674][  T413] servicemanager: Caller(pid=692,uid=1041,sid=u:r:audioserver:s0) Since 'activity' could not be found trying to start it as a lazy AIDL service. (if it's not configured to be a lazy service, it may be stuck starting or still starting).
[  964.311807][    T1] init: Control message: Could not find 'aidl/activity' for ctl.interface_start from pid: 413 (/system/bin/servicemanager)
[  964.642969][ T1095] servicemanager: Caller(pid=692,uid=1041,sid=u:r:audioserver:s0) Tried to start aidl service activity as a lazy service, but was unable to. Usually this happens when a service is not installed, but if the service is intended to be used as a lazy service, then it may be configured incorrectly.
[  965.220892][  T413] servicemanager: Caller(pid=692,uid=1041,sid=u:r:audioserver:s0) Since 'activity' could not be found trying to start it as a lazy AIDL service. (if it's not configured to be a lazy service, it may be stuck starting or still starting).
[  965.609811][    T1] init: Control message: Could not find 'aidl/activity' for ctl.interface_start from pid: 413 (/system/bin/servicemanager)
[  965.971360][ T1100] servicemanager: Caller(pid=692,uid=1041,sid=u:r:audioserver:s0) Tried to start aidl service activity as a lazy service, but was unable to. Usually this happens when a service is not installed, but if the service is intended to be used as a lazy service, then it may be configured incorrectly.
[  966.768814][  T413] servicemanager: Caller(pid=692,uid=1041,sid=u:r:audioserver:s0) Since 'activity' could not be found trying to start it as a lazy AIDL service. (if it's not configured to be a lazy service, it may be stuck starting or still starting).
[  967.026857][  T413] servicemanager: Caller(pid=824,uid=1013,sid=u:r:mediaserver:s0) Since 'media.codeclist.generator' could not be found trying to start it as a lazy AIDL service. (if it's not configured to be a lazy service, it may be stuck starting or still starting).
[  967.077277][    T1] init: Control message: Could not find 'aidl/activity' for ctl.interface_start from pid: 413 (/system/bin/servicemanager)
[  967.118719][ T1102] servicemanager: Caller(pid=692,uid=1041,sid=u:r:audioserver:s0) Tried to start aidl service activity as a lazy service, but was unable to. Usually this happens when a service is not installed, but if the service is intended to be used as a lazy service, then it may be configured incorrectly.
[  967.218062][    T1] init: starting service 'media.codeclist.generator'...
[  967.846876][    T1] libprocessgroup: Created cgroup /sys/fs/cgroup/system/uid_1013/pid_1106
[  967.985774][  T413] servicemanager: Caller(pid=692,uid=1041,sid=u:r:audioserver:s0) Since 'activity' could not be found trying to start it as a lazy AIDL service. (if it's not configured to be a lazy service, it may be stuck starting or still starting).
[  968.087900][  T413] servicemanager: Caller(pid=824,uid=1013,sid=u:r:mediaserver:s0) Since 'media.codeclist.generator' could not be found trying to start it as a lazy AIDL service. (if it's not configured to be a lazy service, it may be stuck starting or still starting).
[  968.738846][    T1] init: ... started service 'media.codeclist.generator' has pid 1106
[  968.774907][    T1] init: Control message: Processed ctl.interface_start for 'aidl/media.codeclist.generator' from pid: 413 (/system/bin/servicemanager)
[  968.972145][    T1] init: Control message: Could not find 'aidl/activity' for ctl.interface_start from pid: 413 (/system/bin/servicemanager)
[  969.014568][    T1] init: service 'media.codeclist.generator' requested start, but it is already running (flags: 134, pid: 1106, started 1304ms ago)
[  969.041728][    T1] init: Control message: Processed ctl.interface_start for 'aidl/media.codeclist.generator' from pid: 413 (/system/bin/servicemanager)
[  969.313441][ T1107] servicemanager: Caller(pid=692,uid=1041,sid=u:r:audioserver:s0) Tried to start aidl service activity as a lazy service, but was unable to. Usually this happens when a service is not installed, but if the service is intended to be used as a lazy service, then it may be configured incorrectly.
[  969.383914][  T413] servicemanager: Caller(pid=824,uid=1013,sid=u:r:mediaserver:s0) Since 'media.codeclist.generator' could not be found trying to start it as a lazy AIDL service. (if it's not configured to be a lazy service, it may be stuck starting or still starting).
[  969.444053][  T413] servicemanager: Caller(pid=692,uid=1041,sid=u:r:audioserver:s0) Since 'activity' could not be found trying to start it as a lazy AIDL service. (if it's not configured to be a lazy service, it may be stuck starting or still starting).
[  969.493819][    T1] init: service 'media.codeclist.generator' requested start, but it is already running (flags: 134, pid: 1106, started 1784ms ago)
[  969.495532][    T1] init: Control message: Processed ctl.interface_start for 'aidl/media.codeclist.generator' from pid: 413 (/system/bin/servicemanager)
[  969.512673][    T1] init: Control message: Could not find 'aidl/activity' for ctl.interface_start from pid: 413 (/system/bin/servicemanager)
[  969.519768][ T1111] servicemanager: Caller(pid=692,uid=1041,sid=u:r:audioserver:s0) Tried to start aidl service activity as a lazy service, but was unable to. Usually this happens when a service is not installed, but if the service is intended to be used as a lazy service, then it may be configured incorrectly.
[  970.939988][  T413] servicemanager: Caller(pid=692,uid=1041,sid=u:r:audioserver:s0) Since 'activity' could not be found trying to start it as a lazy AIDL service. (if it's not configured to be a lazy service, it may be stuck starting or still starting).
[  971.037974][  T413] servicemanager: Caller(pid=824,uid=1013,sid=u:r:mediaserver:s0) Since 'media.codeclist.generator' could not be found trying to start it as a lazy AIDL service. (if it's not configured to be a lazy service, it may be stuck starting or still starting).
[  971.247792][    T1] init: Control message: Could not find 'aidl/activity' for ctl.interface_start from pid: 413 (/system/bin/servicemanager)
[  971.269611][ T1112] servicemanager: Caller(pid=692,uid=1041,sid=u:r:audioserver:s0) Tried to start aidl service activity as a lazy service, but was unable to. Usually this happens when a service is not installed, but if the service is intended to be used as a lazy service, then it may be configured incorrectly.
[  971.282537][    T1] init: service 'media.codeclist.generator' requested start, but it is already running (flags: 134, pid: 1106, started 3572ms ago)
[  971.287480][    T1] init: Control message: Processed ctl.interface_start for 'aidl/media.codeclist.generator' from pid: 413 (/system/bin/servicemanager)
[  972.594039][  T413] servicemanager: Caller(pid=692,uid=1041,sid=u:r:audioserver:s0) Since 'activity' could not be found trying to start it as a lazy AIDL service. (if it's not configured to be a lazy service, it may be stuck starting or still starting).
[  972.668896][  T413] servicemanager: Caller(pid=824,uid=1013,sid=u:r:mediaserver:s0) Since 'media.codeclist.generator' could not be found trying to start it as a lazy AIDL service. (if it's not configured to be a lazy service, it may be stuck starting or still starting).
[  973.099455][    T1] init: Control message: Could not find 'aidl/activity' for ctl.interface_start from pid: 413 (/system/bin/servicemanager)
[  973.173061][ T1116] servicemanager: Caller(pid=692,uid=1041,sid=u:r:audioserver:s0) Tried to start aidl service activity as a lazy service, but was unable to. Usually this happens when a service is not installed, but if the service is intended to be used as a lazy service, then it may be configured incorrectly.
[  973.179945][    T1] init: service 'media.codeclist.generator' requested start, but it is already running (flags: 134, pid: 1106, started 5469ms ago)
[  973.227600][    T1] init: Control message: Processed ctl.interface_start for 'aidl/media.codeclist.generator' from pid: 413 (/system/bin/servicemanager)
[  974.322614][  T413] servicemanager: Caller(pid=692,uid=1041,sid=u:r:audioserver:s0) Since 'activity' could not be found trying to start it as a lazy AIDL service. (if it's not configured to be a lazy service, it may be stuck starting or still starting).
[  974.651081][  T413] servicemanager: Caller(pid=824,uid=1013,sid=u:r:mediaserver:s0) Since 'media.codeclist.generator' could not be found trying to start it as a lazy AIDL service. (if it's not configured to be a lazy service, it may be stuck starting or still starting).
[  974.668618][    T1] init: Control message: Could not find 'aidl/activity' for ctl.interface_start from pid: 413 (/system/bin/servicemanager)
[  974.699723][ T1119] servicemanager: Caller(pid=692,uid=1041,sid=u:r:audioserver:s0) Tried to start aidl service activity as a lazy service, but was unable to. Usually this happens when a service is not installed, but if the service is intended to be used as a lazy service, then it may be configured incorrectly.
[  974.897958][    T1] init: service 'media.codeclist.generator' requested start, but it is already running (flags: 134, pid: 1106, started 7174ms ago)
[  974.921837][    T1] init: Control message: Processed ctl.interface_start for 'aidl/media.codeclist.generator' from pid: 413 (/system/bin/servicemanager)
[  976.343755][  T413] servicemanager: Caller(pid=824,uid=1013,sid=u:r:mediaserver:s0) Since 'media.codeclist.generator' could not be found trying to start it as a lazy AIDL service. (if it's not configured to be a lazy service, it may be stuck starting or still starting).
[  976.676297][  T413] servicemanager: Caller(pid=692,uid=1041,sid=u:r:audioserver:s0) Since 'activity' could not be found trying to start it as a lazy AIDL service. (if it's not configured to be a lazy service, it may be stuck starting or still starting).
[  977.328971][    T1] init: service 'media.codeclist.generator' requested start, but it is already running (flags: 134, pid: 1106, started 9542ms ago)
[  977.407021][    T1] init: Control message: Processed ctl.interface_start for 'aidl/media.codeclist.generator' from pid: 413 (/system/bin/servicemanager)
[  979.000847][    T1] init: Control message: Could not find 'aidl/activity' for ctl.interface_start from pid: 413 (/system/bin/servicemanager)
[  979.289678][ T1122] servicemanager: Caller(pid=692,uid=1041,sid=u:r:audioserver:s0) Tried to start aidl service activity as a lazy service, but was unable to. Usually this happens when a service is not installed, but if the service is intended to be used as a lazy service, then it may be configured incorrectly.
[  979.293549][  T413] servicemanager: Caller(pid=824,uid=1013,sid=u:r:mediaserver:s0) Since 'media.codeclist.generator' could not be found trying to start it as a lazy AIDL service. (if it's not configured to be a lazy service, it may be stuck starting or still starting).
[  979.824919][  T413] servicemanager: Caller(pid=692,uid=1041,sid=u:r:audioserver:s0) Since 'activity' could not be found trying to start it as a lazy AIDL service. (if it's not configured to be a lazy service, it may be stuck starting or still starting).
[  979.876781][    T1] init: service 'media.codeclist.generator' requested start, but it is already running (flags: 134, pid: 1106, started 12106ms ago)
[  979.917777][    T1] init: Control message: Processed ctl.interface_start for 'aidl/media.codeclist.generator' from pid: 413 (/system/bin/servicemanager)
[  980.066607][    T1] init: Control message: Could not find 'aidl/activity' for ctl.interface_start from pid: 413 (/system/bin/servicemanager)
[  980.156649][ T1126] servicemanager: Caller(pid=692,uid=1041,sid=u:r:audioserver:s0) Tried to start aidl service activity as a lazy service, but was unable to. Usually this happens when a service is not installed, but if the service is intended to be used as a lazy service, then it may be configured incorrectly.
[  981.150640][  T413] servicemanager: Caller(pid=824,uid=1013,sid=u:r:mediaserver:s0) Since 'media.codeclist.generator' could not be found trying to start it as a lazy AIDL service. (if it's not configured to be a lazy service, it may be stuck starting or still starting).
[  981.351869][  T413] servicemanager: Caller(pid=692,uid=1041,sid=u:r:audioserver:s0) Since 'activity' could not be found trying to start it as a lazy AIDL service. (if it's not configured to be a lazy service, it may be stuck starting or still starting).
[  981.663507][    T1] init: service 'media.codeclist.generator' requested start, but it is already running (flags: 134, pid: 1106, started 13932ms ago)
[  981.767901][    T1] init: Control message: Processed ctl.interface_start for 'aidl/media.codeclist.generator' from pid: 413 (/system/bin/servicemanager)
[  981.904729][    T1] init: Control message: Could not find 'aidl/activity' for ctl.interface_start from pid: 413 (/system/bin/servicemanager)
[  981.950761][ T1132] servicemanager: Caller(pid=692,uid=1041,sid=u:r:audioserver:s0) Tried to start aidl service activity as a lazy service, but was unable to. Usually this happens when a service is not installed, but if the service is intended to be used as a lazy service, then it may be configured incorrectly.
[  982.528571][  T413] servicemanager: Caller(pid=692,uid=1041,sid=u:r:audioserver:s0) Since 'activity' could not be found trying to start it as a lazy AIDL service. (if it's not configured to be a lazy service, it may be stuck starting or still starting).
[  982.560652][  T413] servicemanager: Caller(pid=824,uid=1013,sid=u:r:mediaserver:s0) Since 'media.codeclist.generator' could not be found trying to start it as a lazy AIDL service. (if it's not configured to be a lazy service, it may be stuck starting or still starting).
[  982.568750][    T1] init: Control message: Could not find 'aidl/activity' for ctl.interface_start from pid: 413 (/system/bin/servicemanager)
[  982.622902][ T1137] servicemanager: Caller(pid=692,uid=1041,sid=u:r:audioserver:s0) Tried to start aidl service activity as a lazy service, but was unable to. Usually this happens when a service is not installed, but if the service is intended to be used as a lazy service, then it may be configured incorrectly.
[  982.639813][    T1] init: service 'media.codeclist.generator' requested start, but it is already running (flags: 134, pid: 1106, started 14931ms ago)
[  982.658472][    T1] init: Control message: Processed ctl.interface_start for 'aidl/media.codeclist.generator' from pid: 413 (/system/bin/servicemanager)
[  983.896323][  T413] servicemanager: Caller(pid=824,uid=1013,sid=u:r:mediaserver:s0) Since 'media.codeclist.generator' could not be found trying to start it as a lazy AIDL service. (if it's not configured to be a lazy service, it may be stuck starting or still starting).
[  984.335645][  T413] servicemanager: Caller(pid=692,uid=1041,sid=u:r:audioserver:s0) Since 'activity' could not be found trying to start it as a lazy AIDL service. (if it's not configured to be a lazy service, it may be stuck starting or still starting).
[  984.590249][    T1] init: service 'media.codeclist.generator' requested start, but it is already running (flags: 134, pid: 1106, started 16868ms ago)
[  984.602737][    T1] init: Control message: Processed ctl.interface_start for 'aidl/media.codeclist.generator' from pid: 413 (/system/bin/servicemanager)
[  984.643083][    T1] init: Control message: Could not find 'aidl/activity' for ctl.interface_start from pid: 413 (/system/bin/servicemanager)
[  984.674590][ T1141] servicemanager: Caller(pid=692,uid=1041,sid=u:r:audioserver:s0) Tried to start aidl service activity as a lazy service, but was unable to. Usually this happens when a service is not installed, but if the service is intended to be used as a lazy service, then it may be configured incorrectly.
[  985.464644][  T413] servicemanager: Caller(pid=824,uid=1013,sid=u:r:mediaserver:s0) Since 'media.codeclist.generator' could not be found trying to start it as a lazy AIDL service. (if it's not configured to be a lazy service, it may be stuck starting or still starting).
[  985.826738][  T413] servicemanager: Caller(pid=692,uid=1041,sid=u:r:audioserver:s0) Since 'activity' could not be found trying to start it as a lazy AIDL service. (if it's not configured to be a lazy service, it may be stuck starting or still starting).
[  985.871254][    T1] init: service 'media.codeclist.generator' requested start, but it is already running (flags: 134, pid: 1106, started 18139ms ago)
[  985.872889][    T1] init: Control message: Processed ctl.interface_start for 'aidl/media.codeclist.generator' from pid: 413 (/system/bin/servicemanager)
[  986.006843][    T1] init: Control message: Could not find 'aidl/activity' for ctl.interface_start from pid: 413 (/system/bin/servicemanager)
[  986.032841][ T1143] servicemanager: Caller(pid=692,uid=1041,sid=u:r:audioserver:s0) Tried to start aidl service activity as a lazy service, but was unable to. Usually this happens when a service is not installed, but if the service is intended to be used as a lazy service, then it may be configured incorrectly.
[  986.897066][  T413] servicemanager: Caller(pid=824,uid=1013,sid=u:r:mediaserver:s0) Since 'media.codeclist.generator' could not be found trying to start it as a lazy AIDL service. (if it's not configured to be a lazy service, it may be stuck starting or still starting).
[  987.734699][  T413] servicemanager: Caller(pid=692,uid=1041,sid=u:r:audioserver:s0) Since 'activity' could not be found trying to start it as a lazy AIDL service. (if it's not configured to be a lazy service, it may be stuck starting or still starting).
[  987.764752][    T1] init: service 'media.codeclist.generator' requested start, but it is already running (flags: 134, pid: 1106, started 19928ms ago)
[  987.775027][    T1] init: Control message: Processed ctl.interface_start for 'aidl/media.codeclist.generator' from pid: 413 (/system/bin/servicemanager)
[  988.219388][    T1] init: Control message: Could not find 'aidl/activity' for ctl.interface_start from pid: 413 (/system/bin/servicemanager)
[  988.289697][ T1145] servicemanager: Caller(pid=692,uid=1041,sid=u:r:audioserver:s0) Tried to start aidl service activity as a lazy service, but was unable to. Usually this happens when a service is not installed, but if the service is intended to be used as a lazy service, then it may be configured incorrectly.
[  989.231611][  T413] servicemanager: Caller(pid=824,uid=1013,sid=u:r:mediaserver:s0) Since 'media.codeclist.generator' could not be found trying to start it as a lazy AIDL service. (if it's not configured to be a lazy service, it may be stuck starting or still starting).
[  989.615811][  T413] servicemanager: Caller(pid=692,uid=1041,sid=u:r:audioserver:s0) Since 'activity' could not be found trying to start it as a lazy AIDL service. (if it's not configured to be a lazy service, it may be stuck starting or still starting).
[  990.350589][    T1] init: service 'media.codeclist.generator' requested start, but it is already running (flags: 134, pid: 1106, started 22482ms ago)
[  990.388555][    T1] init: Control message: Processed ctl.interface_start for 'aidl/media.codeclist.generator' from pid: 413 (/system/bin/servicemanager)
[  990.728924][    T1] init: Control message: Could not find 'aidl/activity' for ctl.interface_start from pid: 413 (/system/bin/servicemanager)
[  990.846890][ T1148] servicemanager: Caller(pid=692,uid=1041,sid=u:r:audioserver:s0) Tried to start aidl service activity as a lazy service, but was unable to. Usually this happens when a service is not installed, but if the service is intended to be used as a lazy service, then it may be configured incorrectly.
[  990.896849][  T413] servicemanager: Caller(pid=824,uid=1013,sid=u:r:mediaserver:s0) Since 'media.codeclist.generator' could not be found trying to start it as a lazy AIDL service. (if it's not configured to be a lazy service, it may be stuck starting or still starting).
[  991.395387][    T1] init: service 'media.codeclist.generator' requested start, but it is already running (flags: 134, pid: 1106, started 23627ms ago)
[  991.463606][    T1] init: Control message: Processed ctl.interface_start for 'aidl/media.codeclist.generator' from pid: 413 (/system/bin/servicemanager)
[  992.147550][  T413] servicemanager: Caller(pid=692,uid=1041,sid=u:r:audioserver:s0) Since 'activity' could not be found trying to start it as a lazy AIDL service. (if it's not configured to be a lazy service, it may be stuck starting or still starting).
[  992.556993][  T413] servicemanager: Caller(pid=824,uid=1013,sid=u:r:mediaserver:s0) Since 'media.codeclist.generator' could not be found trying to start it as a lazy AIDL service. (if it's not configured to be a lazy service, it may be stuck starting or still starting).
[  992.641558][    T1] init: Control message: Could not find 'aidl/activity' for ctl.interface_start from pid: 413 (/system/bin/servicemanager)
[  992.829580][ T1152] servicemanager: Caller(pid=692,uid=1041,sid=u:r:audioserver:s0) Tried to start aidl service activity as a lazy service, but was unable to. Usually this happens when a service is not installed, but if the service is intended to be used as a lazy service, then it may be configured incorrectly.
[  993.022013][    T1] init: service 'media.codeclist.generator' requested start, but it is already running (flags: 134, pid: 1106, started 25182ms ago)
[  993.101347][    T1] init: Control message: Processed ctl.interface_start for 'aidl/media.codeclist.generator' from pid: 413 (/system/bin/servicemanager)
[  993.783430][    T1] init: Untracked process (pid: 1149 name: (printf) ppid: 1 pgrp: 1129 state: Z) received SIGHUP
[  993.965036][    T1] init: Untracked process (pid: 1149 name: (printf) ppid: 1 pgrp: 1129 state: Z) did not have an associated service entry and will not be reaped
[  994.115381][  T413] servicemanager: Caller(pid=692,uid=1041,sid=u:r:audioserver:s0) Since 'activity' could not be found trying to start it as a lazy AIDL service. (if it's not configured to be a lazy service, it may be stuck starting or still starting).
[  994.274716][  T413] servicemanager: Caller(pid=824,uid=1013,sid=u:r:mediaserver:s0) Since 'media.codeclist.generator' could not be found trying to start it as a lazy AIDL service. (if it's not configured to be a lazy service, it may be stuck starting or still starting).
[  994.423994][    T1] init: Control message: Could not find 'aidl/activity' for ctl.interface_start from pid: 413 (/system/bin/servicemanager)
[  994.437024][    T1] init: service 'media.codeclist.generator' requested start, but it is already running (flags: 134, pid: 1106, started 26727ms ago)
[  994.464407][ T1154] servicemanager: Caller(pid=692,uid=1041,sid=u:r:audioserver:s0) Tried to start aidl service activity as a lazy service, but was unable to. Usually this happens when a service is not installed, but if the service is intended to be used as a lazy service, then it may be configured incorrectly.
[  994.481970][    T1] init: Control message: Processed ctl.interface_start for 'aidl/media.codeclist.generator' from pid: 413 (/system/bin/servicemanager)
[  995.739551][  T413] servicemanager: Caller(pid=692,uid=1041,sid=u:r:audioserver:s0) Since 'activity' could not be found trying to start it as a lazy AIDL service. (if it's not configured to be a lazy service, it may be stuck starting or still starting).
[  995.791487][  T413] servicemanager: Caller(pid=824,uid=1013,sid=u:r:mediaserver:s0) Since 'media.codeclist.generator' could not be found trying to start it as a lazy AIDL service. (if it's not configured to be a lazy service, it may be stuck starting or still starting).
[  996.119612][    T1] init: Control message: Could not find 'aidl/activity' for ctl.interface_start from pid: 413 (/system/bin/servicemanager)
[  996.184933][    T1] init: service 'media.codeclist.generator' requested start, but it is already running (flags: 134, pid: 1106, started 28474ms ago)
[  996.199578][ T1160] servicemanager: Caller(pid=692,uid=1041,sid=u:r:audioserver:s0) Tried to start aidl service activity as a lazy service, but was unable to. Usually this happens when a service is not installed, but if the service is intended to be used as a lazy service, then it may be configured incorrectly.
[  996.218581][    T1] init: Control message: Processed ctl.interface_start for 'aidl/media.codeclist.generator' from pid: 413 (/system/bin/servicemanager)
[  996.368050][  T413] servicemanager: Notifying media.codeclist.generator they do (previously: don't) have clients when service is guaranteed to be in use
[  996.653705][  T413] libbinder.BpBinder: onLastStrongRef automatically unlinking death recipients for binder (0xb4000075e8610f10) with descriptor: '(not cached)'
[  997.140247][  T413] servicemanager: Caller(pid=692,uid=1041,sid=u:r:audioserver:s0) Since 'activity' could not be found trying to start it as a lazy AIDL service. (if it's not configured to be a lazy service, it may be stuck starting or still starting).
[  997.865059][    T1] init: Control message: Could not find 'aidl/activity' for ctl.interface_start from pid: 413 (/system/bin/servicemanager)
[  998.100622][ T1166] servicemanager: Caller(pid=692,uid=1041,sid=u:r:audioserver:s0) Tried to start aidl service activity as a lazy service, but was unable to. Usually this happens when a service is not installed, but if the service is intended to be used as a lazy service, then it may be configured incorrectly.
[  999.396141][  T413] servicemanager: Caller(pid=692,uid=1041,sid=u:r:audioserver:s0) Since 'activity' could not be found trying to start it as a lazy AIDL service. (if it's not configured to be a lazy service, it may be stuck starting or still starting).
[ 1002.018151][    T1] init: Control message: Could not find 'aidl/activity' for ctl.interface_start from pid: 413 (/system/bin/servicemanager)
[ 1002.351022][  T413] servicemanager: Caller(pid=692,uid=1041,sid=u:r:audioserver:s0) Since 'activity' could not be found trying to start it as a lazy AIDL service. (if it's not configured to be a lazy service, it may be stuck starting or still starting).
[ 1002.688237][ T1167] servicemanager: Caller(pid=692,uid=1041,sid=u:r:audioserver:s0) Tried to start aidl service activity as a lazy service, but was unable to. Usually this happens when a service is not installed, but if the service is intended to be used as a lazy service, then it may be configured incorrectly.
[ 1003.486234][  T413] libbinder.Binder: Binder transaction to android.os.IServiceManager, function: getService2, code: 2, took 1030ms. Data bytes: 96 Reply bytes: 52 Flags: 16
[ 1004.379314][    T1] init: Control message: Could not find 'aidl/activity' for ctl.interface_start from pid: 413 (/system/bin/servicemanager)
[ 1004.594962][ T1168] servicemanager: Caller(pid=692,uid=1041,sid=u:r:audioserver:s0) Tried to start aidl service activity as a lazy service, but was unable to. Usually this happens when a service is not installed, but if the service is intended to be used as a lazy service, then it may be configured incorrectly.
[ 1006.067870][  T413] servicemanager: Caller(pid=692,uid=1041,sid=u:r:audioserver:s0) Since 'activity' could not be found trying to start it as a lazy AIDL service. (if it's not configured to be a lazy service, it may be stuck starting or still starting).
[ 1006.806988][  T413] servicemanager: Caller(pid=849,uid=1003,sid=u:r:bootanim:s0) Found android.hardware.graphics.allocator.IAllocator/default in device VINTF manifest.
[ 1006.930614][    T1] init: Control message: Could not find 'aidl/activity' for ctl.interface_start from pid: 413 (/system/bin/servicemanager)
[ 1007.496002][ T1175] servicemanager: Caller(pid=692,uid=1041,sid=u:r:audioserver:s0) Tried to start aidl service activity as a lazy service, but was unable to. Usually this happens when a service is not installed, but if the service is intended to be used as a lazy service, then it may be configured incorrectly.
[ 1008.407360][  T413] servicemanager: Caller(pid=692,uid=1041,sid=u:r:audioserver:s0) Since 'activity' could not be found trying to start it as a lazy AIDL service. (if it's not configured to be a lazy service, it may be stuck starting or still starting).
[ 1009.452229][  T413] libbinder.Binder: Binder transaction to android.os.IServiceManager, function: getService2, code: 2, took 1289ms. Data bytes: 96 Reply bytes: 52 Flags: 16
[ 1009.792556][  T413] servicemanager: Caller(pid=849,uid=1003,sid=u:r:bootanim:s0) Found android.hardware.graphics.allocator.IAllocator/default in device VINTF manifest.
[ 1009.981744][    T1] init: Untracked process (pid: 1178 name: (sh) ppid: 1 pgrp: 1156 state: Z) received SIGHUP
[ 1009.983894][    T1] init: Untracked process (pid: 1178 name: (sh) ppid: 1 pgrp: 1156 state: Z) did not have an associated service entry and will not be reaped
[ 1010.167822][    T1] init: Control message: Could not find 'aidl/activity' for ctl.interface_start from pid: 413 (/system/bin/servicemanager)
[ 1010.281232][ T1179] servicemanager: Caller(pid=692,uid=1041,sid=u:r:audioserver:s0) Tried to start aidl service activity as a lazy service, but was unable to. Usually this happens when a service is not installed, but if the service is intended to be used as a lazy service, then it may be configured incorrectly.
[ 1010.636433][  T413] servicemanager: Caller(pid=849,uid=1003,sid=u:r:bootanim:s0) Found mapper/minigbm in device VINTF manifest.
[ 1010.816482][  T413] servicemanager: Caller(pid=692,uid=1041,sid=u:r:audioserver:s0) Since 'activity' could not be found trying to start it as a lazy AIDL service. (if it's not configured to be a lazy service, it may be stuck starting or still starting).
[ 1011.114707][    T1] init: Control message: Could not find 'aidl/activity' for ctl.interface_start from pid: 413 (/system/bin/servicemanager)
[ 1011.245706][ T1181] servicemanager: Caller(pid=692,uid=1041,sid=u:r:audioserver:s0) Tried to start aidl service activity as a lazy service, but was unable to. Usually this happens when a service is not installed, but if the service is intended to be used as a lazy service, then it may be configured incorrectly.
[ 1012.912838][  T413] servicemanager: Caller(pid=692,uid=1041,sid=u:r:audioserver:s0) Since 'activity' could not be found trying to start it as a lazy AIDL service. (if it's not configured to be a lazy service, it may be stuck starting or still starting).
[ 1013.874596][  T413] libbinder.Binder: Binder transaction to android.os.IServiceManager, function: getService2, code: 2, took 1152ms. Data bytes: 96 Reply bytes: 52 Flags: 16
[ 1015.043394][    T1] init: Control message: Could not find 'aidl/activity' for ctl.interface_start from pid: 413 (/system/bin/servicemanager)
[ 1015.650760][ T1186] servicemanager: Caller(pid=692,uid=1041,sid=u:r:audioserver:s0) Tried to start aidl service activity as a lazy service, but was unable to. Usually this happens when a service is not installed, but if the service is intended to be used as a lazy service, then it may be configured incorrectly.
[ 1015.701842][  T413] servicemanager: Caller(pid=1106,uid=1013,sid=u:r:mediacodeclist_generator:s0) Found android.hardware.media.c2.IComponentStore/software in framework VINTF manifest.
[ 1015.956585][  T413] servicemanager: Caller(pid=692,uid=1041,sid=u:r:audioserver:s0) Since 'activity' could not be found trying to start it as a lazy AIDL service. (if it's not configured to be a lazy service, it may be stuck starting or still starting).
[ 1016.643831][    T1] init: Control message: Could not find 'aidl/activity' for ctl.interface_start from pid: 413 (/system/bin/servicemanager)
[ 1017.151866][ T1187] servicemanager: Caller(pid=692,uid=1041,sid=u:r:audioserver:s0) Tried to start aidl service activity as a lazy service, but was unable to. Usually this happens when a service is not installed, but if the service is intended to be used as a lazy service, then it may be configured incorrectly.
[ 1017.303860][  T413] servicemanager: Caller(pid=692,uid=1041,sid=u:r:audioserver:s0) Since 'activity' could not be found trying to start it as a lazy AIDL service. (if it's not configured to be a lazy service, it may be stuck starting or still starting).
[ 1018.215939][    T1] init: Control message: Could not find 'aidl/activity' for ctl.interface_start from pid: 413 (/system/bin/servicemanager)
[ 1018.965392][ T1188] servicemanager: Caller(pid=692,uid=1041,sid=u:r:audioserver:s0) Tried to start aidl service activity as a lazy service, but was unable to. Usually this happens when a service is not installed, but if the service is intended to be used as a lazy service, then it may be configured incorrectly.
[ 1019.618159][  T413] servicemanager: Caller(pid=692,uid=1041,sid=u:r:audioserver:s0) Since 'activity' could not be found trying to start it as a lazy AIDL service. (if it's not configured to be a lazy service, it may be stuck starting or still starting).
[ 1020.526292][    T1] init: Control message: Could not find 'aidl/activity' for ctl.interface_start from pid: 413 (/system/bin/servicemanager)
[ 1021.626773][ T1191] servicemanager: Caller(pid=692,uid=1041,sid=u:r:audioserver:s0) Tried to start aidl service activity as a lazy service, but was unable to. Usually this happens when a service is not installed, but if the service is intended to be used as a lazy service, then it may be configured incorrectly.
[ 1021.664205][  T413] servicemanager: Caller(pid=692,uid=1041,sid=u:r:audioserver:s0) Since 'activity' could not be found trying to start it as a lazy AIDL service. (if it's not configured to be a lazy service, it may be stuck starting or still starting).
[ 1023.157939][    T1] init: Control message: Could not find 'aidl/activity' for ctl.interface_start from pid: 413 (/system/bin/servicemanager)
[ 1023.284840][ T1193] servicemanager: Caller(pid=692,uid=1041,sid=u:r:audioserver:s0) Tried to start aidl service activity as a lazy service, but was unable to. Usually this happens when a service is not installed, but if the service is intended to be used as a lazy service, then it may be configured incorrectly.
[ 1023.641643][  T413] servicemanager: Caller(pid=692,uid=1041,sid=u:r:audioserver:s0) Since 'activity' could not be found trying to start it as a lazy AIDL service. (if it's not configured to be a lazy service, it may be stuck starting or still starting).
[ 1024.613781][    T1] init: Control message: Could not find 'aidl/activity' for ctl.interface_start from pid: 413 (/system/bin/servicemanager)
[ 1025.649804][ T1197] servicemanager: Caller(pid=692,uid=1041,sid=u:r:audioserver:s0) Tried to start aidl service activity as a lazy service, but was unable to. Usually this happens when a service is not installed, but if the service is intended to be used as a lazy service, then it may be configured incorrectly.
[ 1025.749703][  T413] servicemanager: Caller(pid=692,uid=1041,sid=u:r:audioserver:s0) Since 'activity' could not be found trying to start it as a lazy AIDL service. (if it's not configured to be a lazy service, it may be stuck starting or still starting).
[ 1027.548200][    T1] init: Control message: Could not find 'aidl/activity' for ctl.interface_start from pid: 413 (/system/bin/servicemanager)
[ 1028.288584][ T1199] servicemanager: Caller(pid=692,uid=1041,sid=u:r:audioserver:s0) Tried to start aidl service activity as a lazy service, but was unable to. Usually this happens when a service is not installed, but if the service is intended to be used as a lazy service, then it may be configured incorrectly.
[ 1028.467537][  T413] servicemanager: Caller(pid=692,uid=1041,sid=u:r:audioserver:s0) Since 'activity' could not be found trying to start it as a lazy AIDL service. (if it's not configured to be a lazy service, it may be stuck starting or still starting).
[ 1029.316876][  T413] libbinder.Binder: Binder transaction to android.os.IServiceManager, function: getService2, code: 2, took 1528ms. Data bytes: 96 Reply bytes: 52 Flags: 16
[ 1031.416331][    T1] init: Control message: Could not find 'aidl/activity' for ctl.interface_start from pid: 413 (/system/bin/servicemanager)
[ 1032.022979][  T413] servicemanager: Caller(pid=692,uid=1041,sid=u:r:audioserver:s0) Since 'activity' could not be found trying to start it as a lazy AIDL service. (if it's not configured to be a lazy service, it may be stuck starting or still starting).
[ 1032.134902][ T1200] servicemanager: Caller(pid=692,uid=1041,sid=u:r:audioserver:s0) Tried to start aidl service activity as a lazy service, but was unable to. Usually this happens when a service is not installed, but if the service is intended to be used as a lazy service, then it may be configured incorrectly.
[ 1033.124848][  T413] libbinder.Binder: Binder transaction to android.os.IServiceManager, function: getService2, code: 2, took 1363ms. Data bytes: 96 Reply bytes: 52 Flags: 16
[ 1033.622178][    T1] init: Control message: Could not find 'aidl/activity' for ctl.interface_start from pid: 413 (/system/bin/servicemanager)
[ 1033.987258][ T1202] servicemanager: Caller(pid=692,uid=1041,sid=u:r:audioserver:s0) Tried to start aidl service activity as a lazy service, but was unable to. Usually this happens when a service is not installed, but if the service is intended to be used as a lazy service, then it may be configured incorrectly.
[ 1035.682953][  T413] servicemanager: Caller(pid=692,uid=1041,sid=u:r:audioserver:s0) Since 'activity' could not be found trying to start it as a lazy AIDL service. (if it's not configured to be a lazy service, it may be stuck starting or still starting).
[ 1037.331455][    T1] init: Control message: Could not find 'aidl/activity' for ctl.interface_start from pid: 413 (/system/bin/servicemanager)
[ 1037.643597][ T1203] servicemanager: Caller(pid=692,uid=1041,sid=u:r:audioserver:s0) Tried to start aidl service activity as a lazy service, but was unable to. Usually this happens when a service is not installed, but if the service is intended to be used as a lazy service, then it may be configured incorrectly.
[ 1039.118500][  T413] servicemanager: Caller(pid=692,uid=1041,sid=u:r:audioserver:s0) Since 'activity' could not be found trying to start it as a lazy AIDL service. (if it's not configured to be a lazy service, it may be stuck starting or still starting).
[ 1039.609685][  T413] libbinder.Binder: Binder transaction to android.os.IServiceManager, function: getService2, code: 2, took 1152ms. Data bytes: 96 Reply bytes: 52 Flags: 16
[ 1040.567134][    T1] init: Control message: Could not find 'aidl/activity' for ctl.interface_start from pid: 413 (/system/bin/servicemanager)
[ 1041.838512][ T1207] servicemanager: Caller(pid=692,uid=1041,sid=u:r:audioserver:s0) Tried to start aidl service activity as a lazy service, but was unable to. Usually this happens when a service is not installed, but if the service is intended to be used as a lazy service, then it may be configured incorrectly.
[ 1043.145724][  T413] servicemanager: Caller(pid=692,uid=1041,sid=u:r:audioserver:s0) Since 'activity' could not be found trying to start it as a lazy AIDL service. (if it's not configured to be a lazy service, it may be stuck starting or still starting).
[ 1044.126727][    T1] init: Control message: Could not find 'aidl/activity' for ctl.interface_start from pid: 413 (/system/bin/servicemanager)
[ 1045.199810][ T1209] servicemanager: Caller(pid=692,uid=1041,sid=u:r:audioserver:s0) Tried to start aidl service activity as a lazy service, but was unable to. Usually this happens when a service is not installed, but if the service is intended to be used as a lazy service, then it may be configured incorrectly.
[ 1045.243223][  T413] servicemanager: Caller(pid=692,uid=1041,sid=u:r:audioserver:s0) Since 'activity' could not be found trying to start it as a lazy AIDL service. (if it's not configured to be a lazy service, it may be stuck starting or still starting).
[ 1046.340808][    T1] init: Control message: Could not find 'aidl/activity' for ctl.interface_start from pid: 413 (/system/bin/servicemanager)
[ 1046.717061][ T1211] servicemanager: Caller(pid=692,uid=1041,sid=u:r:audioserver:s0) Tried to start aidl service activity as a lazy service, but was unable to. Usually this happens when a service is not installed, but if the service is intended to be used as a lazy service, then it may be configured incorrectly.
[ 1047.399685][  T413] servicemanager: Caller(pid=692,uid=1041,sid=u:r:audioserver:s0) Since 'activity' could not be found trying to start it as a lazy AIDL service. (if it's not configured to be a lazy service, it may be stuck starting or still starting).
[ 1048.315396][  T413] libbinder.Binder: Binder transaction to android.os.IServiceManager, function: getService2, code: 2, took 1367ms. Data bytes: 96 Reply bytes: 52 Flags: 16
[ 1049.660359][    T1] init: Control message: Could not find 'aidl/activity' for ctl.interface_start from pid: 413 (/system/bin/servicemanager)
[ 1049.947802][ T1212] servicemanager: Caller(pid=692,uid=1041,sid=u:r:audioserver:s0) Tried to start aidl service activity as a lazy service, but was unable to. Usually this happens when a service is not installed, but if the service is intended to be used as a lazy service, then it may be configured incorrectly.
[ 1050.891926][  T413] servicemanager: Caller(pid=692,uid=1041,sid=u:r:audioserver:s0) Since 'activity' could not be found trying to start it as a lazy AIDL service. (if it's not configured to be a lazy service, it may be stuck starting or still starting).
[ 1055.674788][    T1] init: Control message: Could not find 'aidl/activity' for ctl.interface_start from pid: 413 (/system/bin/servicemanager)
[ 1055.769613][  T413] servicemanager: Caller(pid=692,uid=1041,sid=u:r:audioserver:s0) Since 'activity' could not be found trying to start it as a lazy AIDL service. (if it's not configured to be a lazy service, it may be stuck starting or still starting).
[ 1056.834115][ T1213] servicemanager: Caller(pid=692,uid=1041,sid=u:r:audioserver:s0) Tried to start aidl service activity as a lazy service, but was unable to. Usually this happens when a service is not installed, but if the service is intended to be used as a lazy service, then it may be configured incorrectly.
[ 1057.914552][    T1] init: Control message: Could not find 'aidl/activity' for ctl.interface_start from pid: 413 (/system/bin/servicemanager)
[ 1058.652154][ T1215] servicemanager: Caller(pid=692,uid=1041,sid=u:r:audioserver:s0) Tried to start aidl service activity as a lazy service, but was unable to. Usually this happens when a service is not installed, but if the service is intended to be used as a lazy service, then it may be configured incorrectly.
[ 1061.392291][  T413] servicemanager: Caller(pid=692,uid=1041,sid=u:r:audioserver:s0) Since 'activity' could not be found trying to start it as a lazy AIDL service. (if it's not configured to be a lazy service, it may be stuck starting or still starting).
[ 1062.728516][    T1] init: Control message: Could not find 'aidl/activity' for ctl.interface_start from pid: 413 (/system/bin/servicemanager)
[ 1063.355333][ T1216] servicemanager: Caller(pid=692,uid=1041,sid=u:r:audioserver:s0) Tried to start aidl service activity as a lazy service, but was unable to. Usually this happens when a service is not installed, but if the service is intended to be used as a lazy service, then it may be configured incorrectly.
[ 1065.235232][  T413] servicemanager: Caller(pid=692,uid=1041,sid=u:r:audioserver:s0) Since 'activity' could not be found trying to start it as a lazy AIDL service. (if it's not configured to be a lazy service, it may be stuck starting or still starting).
[ 1065.934579][  T413] libbinder.Binder: Binder transaction to android.os.IServiceManager, function: getService2, code: 2, took 1378ms. Data bytes: 96 Reply bytes: 52 Flags: 16
[ 1066.623087][    T1] init: Control message: Could not find 'aidl/activity' for ctl.interface_start from pid: 413 (/system/bin/servicemanager)
[ 1067.104840][ T1220] servicemanager: Caller(pid=692,uid=1041,sid=u:r:audioserver:s0) Tried to start aidl service activity as a lazy service, but was unable to. Usually this happens when a service is not installed, but if the service is intended to be used as a lazy service, then it may be configured incorrectly.
[ 1068.370016][  T413] servicemanager: Caller(pid=692,uid=1041,sid=u:r:audioserver:s0) Since 'activity' could not be found trying to start it as a lazy AIDL service. (if it's not configured to be a lazy service, it may be stuck starting or still starting).
[ 1069.819117][    T1] init: Control message: Could not find 'aidl/activity' for ctl.interface_start from pid: 413 (/system/bin/servicemanager)
[ 1070.604385][  T413] servicemanager: Caller(pid=692,uid=1041,sid=u:r:audioserver:s0) Since 'activity' could not be found trying to start it as a lazy AIDL service. (if it's not configured to be a lazy service, it may be stuck starting or still starting).
[ 1070.610018][ T1222] servicemanager: Caller(pid=692,uid=1041,sid=u:r:audioserver:s0) Tried to start aidl service activity as a lazy service, but was unable to. Usually this happens when a service is not installed, but if the service is intended to be used as a lazy service, then it may be configured incorrectly.
[ 1072.254452][    T1] init: Control message: Could not find 'aidl/activity' for ctl.interface_start from pid: 413 (/system/bin/servicemanager)
[ 1073.512014][ T1223] servicemanager: Caller(pid=692,uid=1041,sid=u:r:audioserver:s0) Tried to start aidl service activity as a lazy service, but was unable to. Usually this happens when a service is not installed, but if the service is intended to be used as a lazy service, then it may be configured incorrectly.
[ 1074.614109][  T413] servicemanager: Caller(pid=692,uid=1041,sid=u:r:audioserver:s0) Since 'activity' could not be found trying to start it as a lazy AIDL service. (if it's not configured to be a lazy service, it may be stuck starting or still starting).
[ 1076.202802][    T1] init: Control message: Could not find 'aidl/activity' for ctl.interface_start from pid: 413 (/system/bin/servicemanager)
[ 1076.269779][  T413] servicemanager: Caller(pid=692,uid=1041,sid=u:r:audioserver:s0) Since 'activity' could not be found trying to start it as a lazy AIDL service. (if it's not configured to be a lazy service, it may be stuck starting or still starting).
[ 1076.419727][ T1224] servicemanager: Caller(pid=692,uid=1041,sid=u:r:audioserver:s0) Tried to start aidl service activity as a lazy service, but was unable to. Usually this happens when a service is not installed, but if the service is intended to be used as a lazy service, then it may be configured incorrectly.
[ 1076.983331][  T413] servicemanager: Caller(pid=843,uid=1046,sid=u:r:mediaswcodec:s0) Found android.hardware.graphics.allocator.IAllocator/default in device VINTF manifest.
[ 1077.750121][    T1] init: Control message: Could not find 'aidl/activity' for ctl.interface_start from pid: 413 (/system/bin/servicemanager)
[ 1078.089212][ T1228] servicemanager: Caller(pid=692,uid=1041,sid=u:r:audioserver:s0) Tried to start aidl service activity as a lazy service, but was unable to. Usually this happens when a service is not installed, but if the service is intended to be used as a lazy service, then it may be configured incorrectly.
[ 1079.040726][  T413] servicemanager: Caller(pid=692,uid=1041,sid=u:r:audioserver:s0) Since 'activity' could not be found trying to start it as a lazy AIDL service. (if it's not configured to be a lazy service, it may be stuck starting or still starting).
[ 1079.915458][    T1] init: Control message: Could not find 'aidl/activity' for ctl.interface_start from pid: 413 (/system/bin/servicemanager)
[ 1079.979450][  T413] servicemanager: Caller(pid=843,uid=1046,sid=u:r:mediaswcodec:s0) Found android.hardware.graphics.allocator.IAllocator/default in device VINTF manifest.
[ 1080.198723][  T413] servicemanager: Caller(pid=843,uid=1046,sid=u:r:mediaswcodec:s0) Found mapper/minigbm in device VINTF manifest.
[ 1080.209464][ T1229] servicemanager: Caller(pid=692,uid=1041,sid=u:r:audioserver:s0) Tried to start aidl service activity as a lazy service, but was unable to. Usually this happens when a service is not installed, but if the service is intended to be used as a lazy service, then it may be configured incorrectly.
[ 1081.025990][  T413] servicemanager: Caller(pid=692,uid=1041,sid=u:r:audioserver:s0) Since 'activity' could not be found trying to start it as a lazy AIDL service. (if it's not configured to be a lazy service, it may be stuck starting or still starting).
[ 1081.775370][    T1] init: Control message: Could not find 'aidl/activity' for ctl.interface_start from pid: 413 (/system/bin/servicemanager)
[ 1081.877460][ T1232] servicemanager: Caller(pid=692,uid=1041,sid=u:r:audioserver:s0) Tried to start aidl service activity as a lazy service, but was unable to. Usually this happens when a service is not installed, but if the service is intended to be used as a lazy service, then it may be configured incorrectly.
[ 1083.850331][  T413] servicemanager: Caller(pid=692,uid=1041,sid=u:r:audioserver:s0) Since 'activity' could not be found trying to start it as a lazy AIDL service. (if it's not configured to be a lazy service, it may be stuck starting or still starting).
[ 1084.563459][    T1] init: Control message: Could not find 'aidl/activity' for ctl.interface_start from pid: 413 (/system/bin/servicemanager)
[ 1084.623640][ T1237] servicemanager: Caller(pid=692,uid=1041,sid=u:r:audioserver:s0) Tried to start aidl service activity as a lazy service, but was unable to. Usually this happens when a service is not installed, but if the service is intended to be used as a lazy service, then it may be configured incorrectly.
[ 1085.526192][  T413] servicemanager: Caller(pid=692,uid=1041,sid=u:r:audioserver:s0) Since 'activity' could not be found trying to start it as a lazy AIDL service. (if it's not configured to be a lazy service, it may be stuck starting or still starting).
[ 1086.292671][    T1] init: Control message: Could not find 'aidl/activity' for ctl.interface_start from pid: 413 (/system/bin/servicemanager)
[ 1086.707299][ T1239] servicemanager: Caller(pid=692,uid=1041,sid=u:r:audioserver:s0) Tried to start aidl service activity as a lazy service, but was unable to. Usually this happens when a service is not installed, but if the service is intended to be used as a lazy service, then it may be configured incorrectly.
[ 1086.954294][  T413] servicemanager: Caller(pid=692,uid=1041,sid=u:r:audioserver:s0) Since 'activity' could not be found trying to start it as a lazy AIDL service. (if it's not configured to be a lazy service, it may be stuck starting or still starting).
[ 1087.261443][    T1] init: Control message: Could not find 'aidl/activity' for ctl.interface_start from pid: 413 (/system/bin/servicemanager)
[ 1087.388653][ T1241] servicemanager: Caller(pid=692,uid=1041,sid=u:r:audioserver:s0) Tried to start aidl service activity as a lazy service, but was unable to. Usually this happens when a service is not installed, but if the service is intended to be used as a lazy service, then it may be configured incorrectly.
[ 1088.283597][  T413] servicemanager: Caller(pid=692,uid=1041,sid=u:r:audioserver:s0) Since 'activity' could not be found trying to start it as a lazy AIDL service. (if it's not configured to be a lazy service, it may be stuck starting or still starting).
[ 1089.239075][    T1] init: Control message: Could not find 'aidl/activity' for ctl.interface_start from pid: 413 (/system/bin/servicemanager)
[ 1089.344051][ T1242] servicemanager: Caller(pid=692,uid=1041,sid=u:r:audioserver:s0) Tried to start aidl service activity as a lazy service, but was unable to. Usually this happens when a service is not installed, but if the service is intended to be used as a lazy service, then it may be configured incorrectly.
[ 1090.181071][  T413] servicemanager: Caller(pid=692,uid=1041,sid=u:r:audioserver:s0) Since 'activity' could not be found trying to start it as a lazy AIDL service. (if it's not configured to be a lazy service, it may be stuck starting or still starting).
[ 1091.001271][    T1] init: Control message: Could not find 'aidl/activity' for ctl.interface_start from pid: 413 (/system/bin/servicemanager)
[ 1091.170570][ T1243] servicemanager: Caller(pid=692,uid=1041,sid=u:r:audioserver:s0) Tried to start aidl service activity as a lazy service, but was unable to. Usually this happens when a service is not installed, but if the service is intended to be used as a lazy service, then it may be configured incorrectly.
[ 1091.734798][  T413] servicemanager: Caller(pid=692,uid=1041,sid=u:r:audioserver:s0) Since 'activity' could not be found trying to start it as a lazy AIDL service. (if it's not configured to be a lazy service, it may be stuck starting or still starting).
[ 1092.242695][    T1] init: Control message: Could not find 'aidl/activity' for ctl.interface_start from pid: 413 (/system/bin/servicemanager)
[ 1093.203112][ T1245] servicemanager: Caller(pid=692,uid=1041,sid=u:r:audioserver:s0) Tried to start aidl service activity as a lazy service, but was unable to. Usually this happens when a service is not installed, but if the service is intended to be used as a lazy service, then it may be configured incorrectly.
[ 1093.491233][  T413] servicemanager: Caller(pid=692,uid=1041,sid=u:r:audioserver:s0) Since 'activity' could not be found trying to start it as a lazy AIDL service. (if it's not configured to be a lazy service, it may be stuck starting or still starting).
[ 1094.391457][    T1] init: Control message: Could not find 'aidl/activity' for ctl.interface_start from pid: 413 (/system/bin/servicemanager)
[ 1094.883575][ T1248] servicemanager: Caller(pid=692,uid=1041,sid=u:r:audioserver:s0) Tried to start aidl service activity as a lazy service, but was unable to. Usually this happens when a service is not installed, but if the service is intended to be used as a lazy service, then it may be configured incorrectly.
[ 1095.545355][  T413] servicemanager: Caller(pid=692,uid=1041,sid=u:r:audioserver:s0) Since 'activity' could not be found trying to start it as a lazy AIDL service. (if it's not configured to be a lazy service, it may be stuck starting or still starting).
[ 1096.069872][    T1] init: Control message: Could not find 'aidl/activity' for ctl.interface_start from pid: 413 (/system/bin/servicemanager)
[ 1096.263708][ T1249] servicemanager: Caller(pid=692,uid=1041,sid=u:r:audioserver:s0) Tried to start aidl service activity as a lazy service, but was unable to. Usually this happens when a service is not installed, but if the service is intended to be used as a lazy service, then it may be configured incorrectly.
[ 1096.882076][  T413] servicemanager: Caller(pid=692,uid=1041,sid=u:r:audioserver:s0) Since 'activity' could not be found trying to start it as a lazy AIDL service. (if it's not configured to be a lazy service, it may be stuck starting or still starting).
[ 1097.933427][    T1] init: Control message: Could not find 'aidl/activity' for ctl.interface_start from pid: 413 (/system/bin/servicemanager)
[ 1098.155151][ T1250] servicemanager: Caller(pid=692,uid=1041,sid=u:r:audioserver:s0) Tried to start aidl service activity as a lazy service, but was unable to. Usually this happens when a service is not installed, but if the service is intended to be used as a lazy service, then it may be configured incorrectly.
[ 1098.645989][  T413] servicemanager: Caller(pid=692,uid=1041,sid=u:r:audioserver:s0) Since 'activity' could not be found trying to start it as a lazy AIDL service. (if it's not configured to be a lazy service, it may be stuck starting or still starting).
[ 1098.938646][    T1] init: Control message: Could not find 'aidl/activity' for ctl.interface_start from pid: 413 (/system/bin/servicemanager)
[ 1098.975784][ T1251] servicemanager: Caller(pid=692,uid=1041,sid=u:r:audioserver:s0) Tried to start aidl service activity as a lazy service, but was unable to. Usually this happens when a service is not installed, but if the service is intended to be used as a lazy service, then it may be configured incorrectly.
[ 1100.323990][  T413] servicemanager: Caller(pid=692,uid=1041,sid=u:r:audioserver:s0) Since 'activity' could not be found trying to start it as a lazy AIDL service. (if it's not configured to be a lazy service, it may be stuck starting or still starting).
[ 1101.326349][    T1] init: Control message: Could not find 'aidl/activity' for ctl.interface_start from pid: 413 (/system/bin/servicemanager)
[ 1101.464726][ T1253] servicemanager: Caller(pid=692,uid=1041,sid=u:r:audioserver:s0) Tried to start aidl service activity as a lazy service, but was unable to. Usually this happens when a service is not installed, but if the service is intended to be used as a lazy service, then it may be configured incorrectly.
[ 1102.019382][  T413] servicemanager: Caller(pid=692,uid=1041,sid=u:r:audioserver:s0) Since 'activity' could not be found trying to start it as a lazy AIDL service. (if it's not configured to be a lazy service, it may be stuck starting or still starting).
[ 1102.760065][    T1] init: Control message: Could not find 'aidl/activity' for ctl.interface_start from pid: 413 (/system/bin/servicemanager)
[ 1103.055625][ T1257] servicemanager: Caller(pid=692,uid=1041,sid=u:r:audioserver:s0) Tried to start aidl service activity as a lazy service, but was unable to. Usually this happens when a service is not installed, but if the service is intended to be used as a lazy service, then it may be configured incorrectly.
[ 1104.114032][  T413] servicemanager: Caller(pid=692,uid=1041,sid=u:r:audioserver:s0) Since 'activity' could not be found trying to start it as a lazy AIDL service. (if it's not configured to be a lazy service, it may be stuck starting or still starting).
[ 1105.262400][    T1] init: Control message: Could not find 'aidl/activity' for ctl.interface_start from pid: 413 (/system/bin/servicemanager)
[ 1105.719489][ T1258] servicemanager: Caller(pid=692,uid=1041,sid=u:r:audioserver:s0) Tried to start aidl service activity as a lazy service, but was unable to. Usually this happens when a service is not installed, but if the service is intended to be used as a lazy service, then it may be configured incorrectly.
[ 1105.808700][  T413] servicemanager: Caller(pid=692,uid=1041,sid=u:r:audioserver:s0) Since 'activity' could not be found trying to start it as a lazy AIDL service. (if it's not configured to be a lazy service, it may be stuck starting or still starting).
[ 1106.366222][    T1] init: Control message: Could not find 'aidl/activity' for ctl.interface_start from pid: 413 (/system/bin/servicemanager)
[ 1106.478256][ T1259] servicemanager: Caller(pid=692,uid=1041,sid=u:r:audioserver:s0) Tried to start aidl service activity as a lazy service, but was unable to. Usually this happens when a service is not installed, but if the service is intended to be used as a lazy service, then it may be configured incorrectly.
[ 1107.231109][  T413] servicemanager: Caller(pid=692,uid=1041,sid=u:r:audioserver:s0) Since 'activity' could not be found trying to start it as a lazy AIDL service. (if it's not configured to be a lazy service, it may be stuck starting or still starting).
[ 1107.726641][    T1] init: Control message: Could not find 'aidl/activity' for ctl.interface_start from pid: 413 (/system/bin/servicemanager)
[ 1107.993451][ T1261] servicemanager: Caller(pid=692,uid=1041,sid=u:r:audioserver:s0) Tried to start aidl service activity as a lazy service, but was unable to. Usually this happens when a service is not installed, but if the service is intended to be used as a lazy service, then it may be configured incorrectly.
[ 1109.099438][  T413] servicemanager: Caller(pid=692,uid=1041,sid=u:r:audioserver:s0) Since 'activity' could not be found trying to start it as a lazy AIDL service. (if it's not configured to be a lazy service, it may be stuck starting or still starting).
[ 1110.041969][    T1] init: Control message: Could not find 'aidl/activity' for ctl.interface_start from pid: 413 (/system/bin/servicemanager)
[ 1110.437630][ T1262] servicemanager: Caller(pid=692,uid=1041,sid=u:r:audioserver:s0) Tried to start aidl service activity as a lazy service, but was unable to. Usually this happens when a service is not installed, but if the service is intended to be used as a lazy service, then it may be configured incorrectly.
[ 1110.750148][  T413] servicemanager: Caller(pid=692,uid=1041,sid=u:r:audioserver:s0) Since 'activity' could not be found trying to start it as a lazy AIDL service. (if it's not configured to be a lazy service, it may be stuck starting or still starting).
[ 1111.010271][    T1] init: Control message: Could not find 'aidl/activity' for ctl.interface_start from pid: 413 (/system/bin/servicemanager)
[ 1111.378062][ T1263] servicemanager: Caller(pid=692,uid=1041,sid=u:r:audioserver:s0) Tried to start aidl service activity as a lazy service, but was unable to. Usually this happens when a service is not installed, but if the service is intended to be used as a lazy service, then it may be configured incorrectly.
[ 1112.283240][  T413] servicemanager: Caller(pid=692,uid=1041,sid=u:r:audioserver:s0) Since 'activity' could not be found trying to start it as a lazy AIDL service. (if it's not configured to be a lazy service, it may be stuck starting or still starting).
[ 1112.953300][    T1] init: Control message: Could not find 'aidl/activity' for ctl.interface_start from pid: 413 (/system/bin/servicemanager)
[ 1113.345095][ T1264] servicemanager: Caller(pid=692,uid=1041,sid=u:r:audioserver:s0) Tried to start aidl service activity as a lazy service, but was unable to. Usually this happens when a service is not installed, but if the service is intended to be used as a lazy service, then it may be configured incorrectly.
[ 1114.190153][  T413] servicemanager: Caller(pid=692,uid=1041,sid=u:r:audioserver:s0) Since 'activity' could not be found trying to start it as a lazy AIDL service. (if it's not configured to be a lazy service, it may be stuck starting or still starting).
[ 1115.068641][    T1] init: Control message: Could not find 'aidl/activity' for ctl.interface_start from pid: 413 (/system/bin/servicemanager)
[ 1115.499347][ T1266] servicemanager: Caller(pid=692,uid=1041,sid=u:r:audioserver:s0) Tried to start aidl service activity as a lazy service, but was unable to. Usually this happens when a service is not installed, but if the service is intended to be used as a lazy service, then it may be configured incorrectly.
[ 1115.866361][  T413] servicemanager: Caller(pid=692,uid=1041,sid=u:r:audioserver:s0) Since 'activity' could not be found trying to start it as a lazy AIDL service. (if it's not configured to be a lazy service, it may be stuck starting or still starting).
[ 1116.502330][    T1] init: Control message: Could not find 'aidl/activity' for ctl.interface_start from pid: 413 (/system/bin/servicemanager)
[ 1116.758090][ T1270] servicemanager: Caller(pid=692,uid=1041,sid=u:r:audioserver:s0) Tried to start aidl service activity as a lazy service, but was unable to. Usually this happens when a service is not installed, but if the service is intended to be used as a lazy service, then it may be configured incorrectly.
[ 1117.435141][  T413] servicemanager: Caller(pid=692,uid=1041,sid=u:r:audioserver:s0) Since 'activity' could not be found trying to start it as a lazy AIDL service. (if it's not configured to be a lazy service, it may be stuck starting or still starting).
[ 1118.298083][    T1] init: Control message: Could not find 'aidl/activity' for ctl.interface_start from pid: 413 (/system/bin/servicemanager)
[ 1118.509800][ T1272] servicemanager: Caller(pid=692,uid=1041,sid=u:r:audioserver:s0) Tried to start aidl service activity as a lazy service, but was unable to. Usually this happens when a service is not installed, but if the service is intended to be used as a lazy service, then it may be configured incorrectly.
[ 1119.486552][  T413] servicemanager: Caller(pid=692,uid=1041,sid=u:r:audioserver:s0) Since 'activity' could not be found trying to start it as a lazy AIDL service. (if it's not configured to be a lazy service, it may be stuck starting or still starting).
[ 1119.848279][    T1] init: Control message: Could not find 'aidl/activity' for ctl.interface_start from pid: 413 (/system/bin/servicemanager)
[ 1119.939607][ T1274] servicemanager: Caller(pid=692,uid=1041,sid=u:r:audioserver:s0) Tried to start aidl service activity as a lazy service, but was unable to. Usually this happens when a service is not installed, but if the service is intended to be used as a lazy service, then it may be configured incorrectly.
[ 1120.737008][  T413] servicemanager: Caller(pid=692,uid=1041,sid=u:r:audioserver:s0) Since 'activity' could not be found trying to start it as a lazy AIDL service. (if it's not configured to be a lazy service, it may be stuck starting or still starting).
[ 1122.063647][    T1] init: Control message: Could not find 'aidl/activity' for ctl.interface_start from pid: 413 (/system/bin/servicemanager)
[ 1122.387303][ T1275] servicemanager: Caller(pid=692,uid=1041,sid=u:r:audioserver:s0) Tried to start aidl service activity as a lazy service, but was unable to. Usually this happens when a service is not installed, but if the service is intended to be used as a lazy service, then it may be configured incorrectly.
[ 1122.824464][  T413] servicemanager: Caller(pid=692,uid=1041,sid=u:r:audioserver:s0) Since 'activity' could not be found trying to start it as a lazy AIDL service. (if it's not configured to be a lazy service, it may be stuck starting or still starting).
[ 1123.110132][    T1] init: Control message: Could not find 'aidl/activity' for ctl.interface_start from pid: 413 (/system/bin/servicemanager)
[ 1123.228158][ T1276] servicemanager: Caller(pid=692,uid=1041,sid=u:r:audioserver:s0) Tried to start aidl service activity as a lazy service, but was unable to. Usually this happens when a service is not installed, but if the service is intended to be used as a lazy service, then it may be configured incorrectly.
[ 1124.437787][  T413] servicemanager: Caller(pid=692,uid=1041,sid=u:r:audioserver:s0) Since 'activity' could not be found trying to start it as a lazy AIDL service. (if it's not configured to be a lazy service, it may be stuck starting or still starting).
[ 1125.266090][    T1] init: Control message: Could not find 'aidl/activity' for ctl.interface_start from pid: 413 (/system/bin/servicemanager)
[ 1125.584384][ T1278] servicemanager: Caller(pid=692,uid=1041,sid=u:r:audioserver:s0) Tried to start aidl service activity as a lazy service, but was unable to. Usually this happens when a service is not installed, but if the service is intended to be used as a lazy service, then it may be configured incorrectly.
[ 1126.310621][  T413] servicemanager: Caller(pid=692,uid=1041,sid=u:r:audioserver:s0) Since 'activity' could not be found trying to start it as a lazy AIDL service. (if it's not configured to be a lazy service, it may be stuck starting or still starting).
[ 1127.046594][    T1] init: Control message: Could not find 'aidl/activity' for ctl.interface_start from pid: 413 (/system/bin/servicemanager)
[ 1127.340225][ T1279] servicemanager: Caller(pid=692,uid=1041,sid=u:r:audioserver:s0) Tried to start aidl service activity as a lazy service, but was unable to. Usually this happens when a service is not installed, but if the service is intended to be used as a lazy service, then it may be configured incorrectly.
[ 1127.918331][  T413] servicemanager: Caller(pid=692,uid=1041,sid=u:r:audioserver:s0) Since 'activity' could not be found trying to start it as a lazy AIDL service. (if it's not configured to be a lazy service, it may be stuck starting or still starting).
[ 1128.548654][    T1] init: Control message: Could not find 'aidl/activity' for ctl.interface_start from pid: 413 (/system/bin/servicemanager)
[ 1128.790217][ T1280] servicemanager: Caller(pid=692,uid=1041,sid=u:r:audioserver:s0) Tried to start aidl service activity as a lazy service, but was unable to. Usually this happens when a service is not installed, but if the service is intended to be used as a lazy service, then it may be configured incorrectly.
[ 1129.506842][  T413] servicemanager: Caller(pid=692,uid=1041,sid=u:r:audioserver:s0) Since 'activity' could not be found trying to start it as a lazy AIDL service. (if it's not configured to be a lazy service, it may be stuck starting or still starting).
[ 1130.324336][    T1] init: Control message: Could not find 'aidl/activity' for ctl.interface_start from pid: 413 (/system/bin/servicemanager)
[ 1130.639453][ T1281] servicemanager: Caller(pid=692,uid=1041,sid=u:r:audioserver:s0) Tried to start aidl service activity as a lazy service, but was unable to. Usually this happens when a service is not installed, but if the service is intended to be used as a lazy service, then it may be configured incorrectly.
[ 1131.841086][  T413] servicemanager: Caller(pid=692,uid=1041,sid=u:r:audioserver:s0) Since 'activity' could not be found trying to start it as a lazy AIDL service. (if it's not configured to be a lazy service, it may be stuck starting or still starting).
[ 1132.656014][    T1] init: Control message: Could not find 'aidl/activity' for ctl.interface_start from pid: 413 (/system/bin/servicemanager)
[ 1133.105648][ T1285] servicemanager: Caller(pid=692,uid=1041,sid=u:r:audioserver:s0) Tried to start aidl service activity as a lazy service, but was unable to. Usually this happens when a service is not installed, but if the service is intended to be used as a lazy service, then it may be configured incorrectly.
[ 1133.620968][  T413] servicemanager: Caller(pid=692,uid=1041,sid=u:r:audioserver:s0) Since 'activity' could not be found trying to start it as a lazy AIDL service. (if it's not configured to be a lazy service, it may be stuck starting or still starting).
[ 1134.271209][    T1] init: Control message: Could not find 'aidl/activity' for ctl.interface_start from pid: 413 (/system/bin/servicemanager)
[ 1134.689242][ T1288] servicemanager: Caller(pid=692,uid=1041,sid=u:r:audioserver:s0) Tried to start aidl service activity as a lazy service, but was unable to. Usually this happens when a service is not installed, but if the service is intended to be used as a lazy service, then it may be configured incorrectly.
[ 1135.543282][  T413] servicemanager: Caller(pid=692,uid=1041,sid=u:r:audioserver:s0) Since 'activity' could not be found trying to start it as a lazy AIDL service. (if it's not configured to be a lazy service, it may be stuck starting or still starting).
[ 1136.314152][    T1] init: Control message: Could not find 'aidl/activity' for ctl.interface_start from pid: 413 (/system/bin/servicemanager)
[ 1136.679424][ T1290] servicemanager: Caller(pid=692,uid=1041,sid=u:r:audioserver:s0) Tried to start aidl service activity as a lazy service, but was unable to. Usually this happens when a service is not installed, but if the service is intended to be used as a lazy service, then it may be configured incorrectly.
[ 1137.767604][  T413] servicemanager: Caller(pid=692,uid=1041,sid=u:r:audioserver:s0) Since 'activity' could not be found trying to start it as a lazy AIDL service. (if it's not configured to be a lazy service, it may be stuck starting or still starting).
[ 1138.619556][    T1] init: Control message: Could not find 'aidl/activity' for ctl.interface_start from pid: 413 (/system/bin/servicemanager)
[ 1138.744636][ T1292] servicemanager: Caller(pid=692,uid=1041,sid=u:r:audioserver:s0) Tried to start aidl service activity as a lazy service, but was unable to. Usually this happens when a service is not installed, but if the service is intended to be used as a lazy service, then it may be configured incorrectly.
[ 1139.763433][  T413] servicemanager: Caller(pid=692,uid=1041,sid=u:r:audioserver:s0) Since 'activity' could not be found trying to start it as a lazy AIDL service. (if it's not configured to be a lazy service, it may be stuck starting or still starting).
[ 1140.799587][    T1] init: Control message: Could not find 'aidl/activity' for ctl.interface_start from pid: 413 (/system/bin/servicemanager)
[ 1141.304500][ T1294] servicemanager: Caller(pid=692,uid=1041,sid=u:r:audioserver:s0) Tried to start aidl service activity as a lazy service, but was unable to. Usually this happens when a service is not installed, but if the service is intended to be used as a lazy service, then it may be configured incorrectly.
[ 1141.854240][  T413] servicemanager: Caller(pid=692,uid=1041,sid=u:r:audioserver:s0) Since 'activity' could not be found trying to start it as a lazy AIDL service. (if it's not configured to be a lazy service, it may be stuck starting or still starting).
[ 1142.711642][    T1] init: Control message: Could not find 'aidl/activity' for ctl.interface_start from pid: 413 (/system/bin/servicemanager)
[ 1142.850356][ T1296] servicemanager: Caller(pid=692,uid=1041,sid=u:r:audioserver:s0) Tried to start aidl service activity as a lazy service, but was unable to. Usually this happens when a service is not installed, but if the service is intended to be used as a lazy service, then it may be configured incorrectly.
[ 1144.346962][  T413] servicemanager: Caller(pid=692,uid=1041,sid=u:r:audioserver:s0) Since 'activity' could not be found trying to start it as a lazy AIDL service. (if it's not configured to be a lazy service, it may be stuck starting or still starting).
[ 1144.916304][    T1] init: Control message: Could not find 'aidl/activity' for ctl.interface_start from pid: 413 (/system/bin/servicemanager)
[ 1145.189032][ T1297] servicemanager: Caller(pid=692,uid=1041,sid=u:r:audioserver:s0) Tried to start aidl service activity as a lazy service, but was unable to. Usually this happens when a service is not installed, but if the service is intended to be used as a lazy service, then it may be configured incorrectly.
[ 1145.827858][  T413] servicemanager: Caller(pid=692,uid=1041,sid=u:r:audioserver:s0) Since 'activity' could not be found trying to start it as a lazy AIDL service. (if it's not configured to be a lazy service, it may be stuck starting or still starting).
[ 1146.342634][    T1] init: Control message: Could not find 'aidl/activity' for ctl.interface_start from pid: 413 (/system/bin/servicemanager)
[ 1146.517944][ T1299] servicemanager: Caller(pid=692,uid=1041,sid=u:r:audioserver:s0) Tried to start aidl service activity as a lazy service, but was unable to. Usually this happens when a service is not installed, but if the service is intended to be used as a lazy service, then it may be configured incorrectly.
[ 1147.522332][  T413] servicemanager: Caller(pid=692,uid=1041,sid=u:r:audioserver:s0) Since 'activity' could not be found trying to start it as a lazy AIDL service. (if it's not configured to be a lazy service, it may be stuck starting or still starting).
[ 1148.322051][    T1] init: Control message: Could not find 'aidl/activity' for ctl.interface_start from pid: 413 (/system/bin/servicemanager)
[ 1148.594905][ T1304] servicemanager: Caller(pid=692,uid=1041,sid=u:r:audioserver:s0) Tried to start aidl service activity as a lazy service, but was unable to. Usually this happens when a service is not installed, but if the service is intended to be used as a lazy service, then it may be configured incorrectly.
[ 1149.439513][  T413] servicemanager: Caller(pid=692,uid=1041,sid=u:r:audioserver:s0) Since 'activity' could not be found trying to start it as a lazy AIDL service. (if it's not configured to be a lazy service, it may be stuck starting or still starting).
[ 1149.723463][    T1] init: Control message: Could not find 'aidl/activity' for ctl.interface_start from pid: 413 (/system/bin/servicemanager)
[ 1149.884955][ T1308] servicemanager: Caller(pid=692,uid=1041,sid=u:r:audioserver:s0) Tried to start aidl service activity as a lazy service, but was unable to. Usually this happens when a service is not installed, but if the service is intended to be used as a lazy service, then it may be configured incorrectly.
[ 1151.140828][  T413] servicemanager: Caller(pid=692,uid=1041,sid=u:r:audioserver:s0) Since 'activity' could not be found trying to start it as a lazy AIDL service. (if it's not configured to be a lazy service, it may be stuck starting or still starting).
[ 1152.098320][    T1] init: Control message: Could not find 'aidl/activity' for ctl.interface_start from pid: 413 (/system/bin/servicemanager)
[ 1152.239367][ T1310] servicemanager: Caller(pid=692,uid=1041,sid=u:r:audioserver:s0) Tried to start aidl service activity as a lazy service, but was unable to. Usually this happens when a service is not installed, but if the service is intended to be used as a lazy service, then it may be configured incorrectly.
[ 1152.899323][  T413] servicemanager: Caller(pid=692,uid=1041,sid=u:r:audioserver:s0) Since 'activity' could not be found trying to start it as a lazy AIDL service. (if it's not configured to be a lazy service, it may be stuck starting or still starting).
[ 1153.561784][    T1] init: Control message: Could not find 'aidl/activity' for ctl.interface_start from pid: 413 (/system/bin/servicemanager)
[ 1153.743049][ T1311] servicemanager: Caller(pid=692,uid=1041,sid=u:r:audioserver:s0) Tried to start aidl service activity as a lazy service, but was unable to. Usually this happens when a service is not installed, but if the service is intended to be used as a lazy service, then it may be configured incorrectly.
[ 1154.790937][  T413] servicemanager: Caller(pid=692,uid=1041,sid=u:r:audioserver:s0) Since 'activity' could not be found trying to start it as a lazy AIDL service. (if it's not configured to be a lazy service, it may be stuck starting or still starting).
[ 1155.205336][    T1] init: Control message: Could not find 'aidl/activity' for ctl.interface_start from pid: 413 (/system/bin/servicemanager)
[ 1155.265028][ T1312] servicemanager: Caller(pid=692,uid=1041,sid=u:r:audioserver:s0) Tried to start aidl service activity as a lazy service, but was unable to. Usually this happens when a service is not installed, but if the service is intended to be used as a lazy service, then it may be configured incorrectly.
[ 1156.677706][  T413] servicemanager: Caller(pid=692,uid=1041,sid=u:r:audioserver:s0) Since 'activity' could not be found trying to start it as a lazy AIDL service. (if it's not configured to be a lazy service, it may be stuck starting or still starting).
[ 1157.309261][    T1] init: Control message: Could not find 'aidl/activity' for ctl.interface_start from pid: 413 (/system/bin/servicemanager)
[ 1157.682518][ T1314] servicemanager: Caller(pid=692,uid=1041,sid=u:r:audioserver:s0) Tried to start aidl service activity as a lazy service, but was unable to. Usually this happens when a service is not installed, but if the service is intended to be used as a lazy service, then it may be configured incorrectly.
[ 1158.543068][  T413] servicemanager: Caller(pid=692,uid=1041,sid=u:r:audioserver:s0) Since 'activity' could not be found trying to start it as a lazy AIDL service. (if it's not configured to be a lazy service, it may be stuck starting or still starting).
[ 1159.333766][    T1] init: Control message: Could not find 'aidl/activity' for ctl.interface_start from pid: 413 (/system/bin/servicemanager)
[ 1159.591350][ T1315] servicemanager: Caller(pid=692,uid=1041,sid=u:r:audioserver:s0) Tried to start aidl service activity as a lazy service, but was unable to. Usually this happens when a service is not installed, but if the service is intended to be used as a lazy service, then it may be configured incorrectly.
[ 1160.059547][  T413] servicemanager: Caller(pid=692,uid=1041,sid=u:r:audioserver:s0) Since 'activity' could not be found trying to start it as a lazy AIDL service. (if it's not configured to be a lazy service, it may be stuck starting or still starting).
[ 1160.682249][    T1] init: Control message: Could not find 'aidl/activity' for ctl.interface_start from pid: 413 (/system/bin/servicemanager)
[ 1161.471423][ T1320] servicemanager: Caller(pid=692,uid=1041,sid=u:r:audioserver:s0) Tried to start aidl service activity as a lazy service, but was unable to. Usually this happens when a service is not installed, but if the service is intended to be used as a lazy service, then it may be configured incorrectly.
[ 1161.942556][  T413] servicemanager: Caller(pid=692,uid=1041,sid=u:r:audioserver:s0) Since 'activity' could not be found trying to start it as a lazy AIDL service. (if it's not configured to be a lazy service, it may be stuck starting or still starting).
[ 1162.521405][    T1] init: Control message: Could not find 'aidl/activity' for ctl.interface_start from pid: 413 (/system/bin/servicemanager)
[ 1162.800034][ T1322] servicemanager: Caller(pid=692,uid=1041,sid=u:r:audioserver:s0) Tried to start aidl service activity as a lazy service, but was unable to. Usually this happens when a service is not installed, but if the service is intended to be used as a lazy service, then it may be configured incorrectly.
[ 1163.972043][  T413] servicemanager: Caller(pid=692,uid=1041,sid=u:r:audioserver:s0) Since 'activity' could not be found trying to start it as a lazy AIDL service. (if it's not configured to be a lazy service, it may be stuck starting or still starting).
[ 1164.669447][    T1] init: Control message: Could not find 'aidl/activity' for ctl.interface_start from pid: 413 (/system/bin/servicemanager)
[ 1164.876988][ T1324] servicemanager: Caller(pid=692,uid=1041,sid=u:r:audioserver:s0) Tried to start aidl service activity as a lazy service, but was unable to. Usually this happens when a service is not installed, but if the service is intended to be used as a lazy service, then it may be configured incorrectly.
[ 1165.428412][  T413] servicemanager: Caller(pid=692,uid=1041,sid=u:r:audioserver:s0) Since 'activity' could not be found trying to start it as a lazy AIDL service. (if it's not configured to be a lazy service, it may be stuck starting or still starting).
[ 1166.316844][    T1] init: Control message: Could not find 'aidl/activity' for ctl.interface_start from pid: 413 (/system/bin/servicemanager)
[ 1166.528453][ T1325] servicemanager: Caller(pid=692,uid=1041,sid=u:r:audioserver:s0) Tried to start aidl service activity as a lazy service, but was unable to. Usually this happens when a service is not installed, but if the service is intended to be used as a lazy service, then it may be configured incorrectly.
[ 1167.104132][  T413] servicemanager: Caller(pid=692,uid=1041,sid=u:r:audioserver:s0) Since 'activity' could not be found trying to start it as a lazy AIDL service. (if it's not configured to be a lazy service, it may be stuck starting or still starting).
[ 1167.848272][    T1] init: Control message: Could not find 'aidl/activity' for ctl.interface_start from pid: 413 (/system/bin/servicemanager)
[ 1168.388656][ T1327] servicemanager: Caller(pid=692,uid=1041,sid=u:r:audioserver:s0) Tried to start aidl service activity as a lazy service, but was unable to. Usually this happens when a service is not installed, but if the service is intended to be used as a lazy service, then it may be configured incorrectly.
[ 1168.792930][  T413] servicemanager: Caller(pid=692,uid=1041,sid=u:r:audioserver:s0) Since 'activity' could not be found trying to start it as a lazy AIDL service. (if it's not configured to be a lazy service, it may be stuck starting or still starting).
[ 1169.357097][    T1] init: Control message: Could not find 'aidl/activity' for ctl.interface_start from pid: 413 (/system/bin/servicemanager)
[ 1169.573905][ T1328] servicemanager: Caller(pid=692,uid=1041,sid=u:r:audioserver:s0) Tried to start aidl service activity as a lazy service, but was unable to. Usually this happens when a service is not installed, but if the service is intended to be used as a lazy service, then it may be configured incorrectly.
[ 1170.463128][  T413] servicemanager: Caller(pid=692,uid=1041,sid=u:r:audioserver:s0) Since 'activity' could not be found trying to start it as a lazy AIDL service. (if it's not configured to be a lazy service, it may be stuck starting or still starting).
[ 1171.144794][    T1] init: Control message: Could not find 'aidl/activity' for ctl.interface_start from pid: 413 (/system/bin/servicemanager)
[ 1171.472900][ T1329] servicemanager: Caller(pid=692,uid=1041,sid=u:r:audioserver:s0) Tried to start aidl service activity as a lazy service, but was unable to. Usually this happens when a service is not installed, but if the service is intended to be used as a lazy service, then it may be configured incorrectly.
[ 1172.373010][  T413] servicemanager: Caller(pid=692,uid=1041,sid=u:r:audioserver:s0) Since 'activity' could not be found trying to start it as a lazy AIDL service. (if it's not configured to be a lazy service, it may be stuck starting or still starting).
[ 1173.476303][    T1] init: Control message: Could not find 'aidl/activity' for ctl.interface_start from pid: 413 (/system/bin/servicemanager)
[ 1173.701086][ T1330] servicemanager: Caller(pid=692,uid=1041,sid=u:r:audioserver:s0) Tried to start aidl service activity as a lazy service, but was unable to. Usually this happens when a service is not installed, but if the service is intended to be used as a lazy service, then it may be configured incorrectly.
[ 1174.087835][  T413] servicemanager: Caller(pid=692,uid=1041,sid=u:r:audioserver:s0) Since 'activity' could not be found trying to start it as a lazy AIDL service. (if it's not configured to be a lazy service, it may be stuck starting or still starting).
[ 1174.479236][    T1] init: Control message: Could not find 'aidl/activity' for ctl.interface_start from pid: 413 (/system/bin/servicemanager)
[ 1174.722090][ T1331] servicemanager: Caller(pid=692,uid=1041,sid=u:r:audioserver:s0) Tried to start aidl service activity as a lazy service, but was unable to. Usually this happens when a service is not installed, but if the service is intended to be used as a lazy service, then it may be configured incorrectly.
[ 1175.629029][  T413] servicemanager: Caller(pid=692,uid=1041,sid=u:r:audioserver:s0) Since 'activity' could not be found trying to start it as a lazy AIDL service. (if it's not configured to be a lazy service, it may be stuck starting or still starting).
[ 1176.386503][    T1] init: Control message: Could not find 'aidl/activity' for ctl.interface_start from pid: 413 (/system/bin/servicemanager)
[ 1176.554542][ T1333] servicemanager: Caller(pid=692,uid=1041,sid=u:r:audioserver:s0) Tried to start aidl service activity as a lazy service, but was unable to. Usually this happens when a service is not installed, but if the service is intended to be used as a lazy service, then it may be configured incorrectly.
[ 1177.626787][  T413] servicemanager: Caller(pid=692,uid=1041,sid=u:r:audioserver:s0) Since 'activity' could not be found trying to start it as a lazy AIDL service. (if it's not configured to be a lazy service, it may be stuck starting or still starting).
[ 1178.771172][    T1] init: Control message: Could not find 'aidl/activity' for ctl.interface_start from pid: 413 (/system/bin/servicemanager)
[ 1179.041033][ T1338] servicemanager: Caller(pid=692,uid=1041,sid=u:r:audioserver:s0) Tried to start aidl service activity as a lazy service, but was unable to. Usually this happens when a service is not installed, but if the service is intended to be used as a lazy service, then it may be configured incorrectly.
[ 1179.632197][  T413] servicemanager: Caller(pid=692,uid=1041,sid=u:r:audioserver:s0) Since 'activity' could not be found trying to start it as a lazy AIDL service. (if it's not configured to be a lazy service, it may be stuck starting or still starting).
[ 1179.993708][    T1] init: Control message: Could not find 'aidl/activity' for ctl.interface_start from pid: 413 (/system/bin/servicemanager)
[ 1180.325305][ T1341] servicemanager: Caller(pid=692,uid=1041,sid=u:r:audioserver:s0) Tried to start aidl service activity as a lazy service, but was unable to. Usually this happens when a service is not installed, but if the service is intended to be used as a lazy service, then it may be configured incorrectly.
[ 1180.974509][  T413] servicemanager: Caller(pid=692,uid=1041,sid=u:r:audioserver:s0) Since 'activity' could not be found trying to start it as a lazy AIDL service. (if it's not configured to be a lazy service, it may be stuck starting or still starting).
[ 1181.610144][    T1] init: Control message: Could not find 'aidl/activity' for ctl.interface_start from pid: 413 (/system/bin/servicemanager)
[ 1181.902916][ T1344] servicemanager: Caller(pid=692,uid=1041,sid=u:r:audioserver:s0) Tried to start aidl service activity as a lazy service, but was unable to. Usually this happens when a service is not installed, but if the service is intended to be used as a lazy service, then it may be configured incorrectly.
[ 1182.645728][  T413] servicemanager: Caller(pid=692,uid=1041,sid=u:r:audioserver:s0) Since 'activity' could not be found trying to start it as a lazy AIDL service. (if it's not configured to be a lazy service, it may be stuck starting or still starting).
[ 1183.491392][    T1] init: Control message: Could not find 'aidl/activity' for ctl.interface_start from pid: 413 (/system/bin/servicemanager)
[ 1184.038731][ T1345] servicemanager: Caller(pid=692,uid=1041,sid=u:r:audioserver:s0) Tried to start aidl service activity as a lazy service, but was unable to. Usually this happens when a service is not installed, but if the service is intended to be used as a lazy service, then it may be configured incorrectly.
[ 1184.249160][  T413] servicemanager: Caller(pid=692,uid=1041,sid=u:r:audioserver:s0) Since 'activity' could not be found trying to start it as a lazy AIDL service. (if it's not configured to be a lazy service, it may be stuck starting or still starting).
[ 1184.866903][    T1] init: Control message: Could not find 'aidl/activity' for ctl.interface_start from pid: 413 (/system/bin/servicemanager)
[ 1185.129653][ T1346] servicemanager: Caller(pid=692,uid=1041,sid=u:r:audioserver:s0) Tried to start aidl service activity as a lazy service, but was unable to. Usually this happens when a service is not installed, but if the service is intended to be used as a lazy service, then it may be configured incorrectly.
[ 1186.255929][  T413] servicemanager: Caller(pid=692,uid=1041,sid=u:r:audioserver:s0) Since 'activity' could not be found trying to start it as a lazy AIDL service. (if it's not configured to be a lazy service, it may be stuck starting or still starting).
[ 1186.886117][    T1] init: Control message: Could not find 'aidl/activity' for ctl.interface_start from pid: 413 (/system/bin/servicemanager)
[ 1187.233991][ T1349] servicemanager: Caller(pid=692,uid=1041,sid=u:r:audioserver:s0) Tried to start aidl service activity as a lazy service, but was unable to. Usually this happens when a service is not installed, but if the service is intended to be used as a lazy service, then it may be configured incorrectly.
[ 1188.191917][  T413] servicemanager: Caller(pid=692,uid=1041,sid=u:r:audioserver:s0) Since 'activity' could not be found trying to start it as a lazy AIDL service. (if it's not configured to be a lazy service, it may be stuck starting or still starting).
[ 1188.699862][    T1] init: Control message: Could not find 'aidl/activity' for ctl.interface_start from pid: 413 (/system/bin/servicemanager)
[ 1188.873700][ T1350] servicemanager: Caller(pid=692,uid=1041,sid=u:r:audioserver:s0) Tried to start aidl service activity as a lazy service, but was unable to. Usually this happens when a service is not installed, but if the service is intended to be used as a lazy service, then it may be configured incorrectly.
[ 1189.778033][  T413] servicemanager: Caller(pid=692,uid=1041,sid=u:r:audioserver:s0) Since 'activity' could not be found trying to start it as a lazy AIDL service. (if it's not configured to be a lazy service, it may be stuck starting or still starting).
[ 1190.428130][    T1] init: Control message: Could not find 'aidl/activity' for ctl.interface_start from pid: 413 (/system/bin/servicemanager)
[ 1190.908892][ T1352] servicemanager: Caller(pid=692,uid=1041,sid=u:r:audioserver:s0) Tried to start aidl service activity as a lazy service, but was unable to. Usually this happens when a service is not installed, but if the service is intended to be used as a lazy service, then it may be configured incorrectly.
[ 1191.236984][  T413] servicemanager: Caller(pid=692,uid=1041,sid=u:r:audioserver:s0) Since 'activity' could not be found trying to start it as a lazy AIDL service. (if it's not configured to be a lazy service, it may be stuck starting or still starting).
[ 1192.058746][    T1] init: Control message: Could not find 'aidl/activity' for ctl.interface_start from pid: 413 (/system/bin/servicemanager)
[ 1192.191925][ T1356] servicemanager: Caller(pid=692,uid=1041,sid=u:r:audioserver:s0) Tried to start aidl service activity as a lazy service, but was unable to. Usually this happens when a service is not installed, but if the service is intended to be used as a lazy service, then it may be configured incorrectly.
[ 1193.141972][  T413] servicemanager: Caller(pid=692,uid=1041,sid=u:r:audioserver:s0) Since 'activity' could not be found trying to start it as a lazy AIDL service. (if it's not configured to be a lazy service, it may be stuck starting or still starting).
[ 1193.619662][    T1] init: Control message: Could not find 'aidl/activity' for ctl.interface_start from pid: 413 (/system/bin/servicemanager)
[ 1193.777917][ T1357] servicemanager: Caller(pid=692,uid=1041,sid=u:r:audioserver:s0) Tried to start aidl service activity as a lazy service, but was unable to. Usually this happens when a service is not installed, but if the service is intended to be used as a lazy service, then it may be configured incorrectly.
[ 1194.803037][  T413] servicemanager: Caller(pid=692,uid=1041,sid=u:r:audioserver:s0) Since 'activity' could not be found trying to start it as a lazy AIDL service. (if it's not configured to be a lazy service, it may be stuck starting or still starting).
[ 1195.562207][    T1] init: Control message: Could not find 'aidl/activity' for ctl.interface_start from pid: 413 (/system/bin/servicemanager)
[ 1195.759871][ T1358] servicemanager: Caller(pid=692,uid=1041,sid=u:r:audioserver:s0) Tried to start aidl service activity as a lazy service, but was unable to. Usually this happens when a service is not installed, but if the service is intended to be used as a lazy service, then it may be configured incorrectly.
[ 1196.534238][  T413] servicemanager: Caller(pid=692,uid=1041,sid=u:r:audioserver:s0) Since 'activity' could not be found trying to start it as a lazy AIDL service. (if it's not configured to be a lazy service, it may be stuck starting or still starting).
[ 1196.980062][    T1] init: Control message: Could not find 'aidl/activity' for ctl.interface_start from pid: 413 (/system/bin/servicemanager)
[ 1197.177731][ T1360] servicemanager: Caller(pid=692,uid=1041,sid=u:r:audioserver:s0) Tried to start aidl service activity as a lazy service, but was unable to. Usually this happens when a service is not installed, but if the service is intended to be used as a lazy service, then it may be configured incorrectly.
[ 1198.103766][  T413] servicemanager: Caller(pid=692,uid=1041,sid=u:r:audioserver:s0) Since 'activity' could not be found trying to start it as a lazy AIDL service. (if it's not configured to be a lazy service, it may be stuck starting or still starting).
[ 1198.748400][    T1] init: Control message: Could not find 'aidl/activity' for ctl.interface_start from pid: 413 (/system/bin/servicemanager)
[ 1198.915299][ T1361] servicemanager: Caller(pid=692,uid=1041,sid=u:r:audioserver:s0) Tried to start aidl service activity as a lazy service, but was unable to. Usually this happens when a service is not installed, but if the service is intended to be used as a lazy service, then it may be configured incorrectly.
[ 1199.816696][  T413] servicemanager: Caller(pid=692,uid=1041,sid=u:r:audioserver:s0) Since 'activity' could not be found trying to start it as a lazy AIDL service. (if it's not configured to be a lazy service, it may be stuck starting or still starting).
[ 1200.652351][    T1] init: Control message: Could not find 'aidl/activity' for ctl.interface_start from pid: 413 (/system/bin/servicemanager)
[ 1200.934819][ T1363] servicemanager: Caller(pid=692,uid=1041,sid=u:r:audioserver:s0) Tried to start aidl service activity as a lazy service, but was unable to. Usually this happens when a service is not installed, but if the service is intended to be used as a lazy service, then it may be configured incorrectly.
[ 1201.620062][  T413] servicemanager: Caller(pid=692,uid=1041,sid=u:r:audioserver:s0) Since 'activity' could not be found trying to start it as a lazy AIDL service. (if it's not configured to be a lazy service, it may be stuck starting or still starting).
[ 1202.553235][    T1] init: Control message: Could not find 'aidl/activity' for ctl.interface_start from pid: 413 (/system/bin/servicemanager)
[ 1202.640899][ T1365] servicemanager: Caller(pid=692,uid=1041,sid=u:r:audioserver:s0) Tried to start aidl service activity as a lazy service, but was unable to. Usually this happens when a service is not installed, but if the service is intended to be used as a lazy service, then it may be configured incorrectly.
[ 1203.057045][  T413] servicemanager: Caller(pid=692,uid=1041,sid=u:r:audioserver:s0) Since 'activity' could not be found trying to start it as a lazy AIDL service. (if it's not configured to be a lazy service, it may be stuck starting or still starting).
[ 1203.506197][    T1] init: Control message: Could not find 'aidl/activity' for ctl.interface_start from pid: 413 (/system/bin/servicemanager)
[ 1203.671185][ T1367] servicemanager: Caller(pid=692,uid=1041,sid=u:r:audioserver:s0) Tried to start aidl service activity as a lazy service, but was unable to. Usually this happens when a service is not installed, but if the service is intended to be used as a lazy service, then it may be configured incorrectly.
[ 1204.465322][  T413] servicemanager: Caller(pid=692,uid=1041,sid=u:r:audioserver:s0) Since 'activity' could not be found trying to start it as a lazy AIDL service. (if it's not configured to be a lazy service, it may be stuck starting or still starting).
[ 1204.908384][    T1] init: Control message: Could not find 'aidl/activity' for ctl.interface_start from pid: 413 (/system/bin/servicemanager)
[ 1205.106126][ T1370] servicemanager: Caller(pid=692,uid=1041,sid=u:r:audioserver:s0) Tried to start aidl service activity as a lazy service, but was unable to. Usually this happens when a service is not installed, but if the service is intended to be used as a lazy service, then it may be configured incorrectly.
[ 1206.367869][  T413] servicemanager: Caller(pid=692,uid=1041,sid=u:r:audioserver:s0) Since 'activity' could not be found trying to start it as a lazy AIDL service. (if it's not configured to be a lazy service, it may be stuck starting or still starting).
[ 1207.059888][    T1] init: Control message: Could not find 'aidl/activity' for ctl.interface_start from pid: 413 (/system/bin/servicemanager)
[ 1207.475317][ T1373] servicemanager: Caller(pid=692,uid=1041,sid=u:r:audioserver:s0) Tried to start aidl service activity as a lazy service, but was unable to. Usually this happens when a service is not installed, but if the service is intended to be used as a lazy service, then it may be configured incorrectly.
[ 1208.294954][  T413] servicemanager: Caller(pid=692,uid=1041,sid=u:r:audioserver:s0) Since 'activity' could not be found trying to start it as a lazy AIDL service. (if it's not configured to be a lazy service, it may be stuck starting or still starting).
[ 1208.916172][    T1] init: Control message: Could not find 'aidl/activity' for ctl.interface_start from pid: 413 (/system/bin/servicemanager)
[ 1209.036197][ T1374] servicemanager: Caller(pid=692,uid=1041,sid=u:r:audioserver:s0) Tried to start aidl service activity as a lazy service, but was unable to. Usually this happens when a service is not installed, but if the service is intended to be used as a lazy service, then it may be configured incorrectly.
[ 1210.262006][  T413] servicemanager: Caller(pid=692,uid=1041,sid=u:r:audioserver:s0) Since 'activity' could not be found trying to start it as a lazy AIDL service. (if it's not configured to be a lazy service, it may be stuck starting or still starting).
[ 1210.837680][    T1] init: Control message: Could not find 'aidl/activity' for ctl.interface_start from pid: 413 (/system/bin/servicemanager)
[ 1211.394062][ T1375] servicemanager: Caller(pid=692,uid=1041,sid=u:r:audioserver:s0) Tried to start aidl service activity as a lazy service, but was unable to. Usually this happens when a service is not installed, but if the service is intended to be used as a lazy service, then it may be configured incorrectly.
[ 1212.231663][  T413] servicemanager: Caller(pid=692,uid=1041,sid=u:r:audioserver:s0) Since 'activity' could not be found trying to start it as a lazy AIDL service. (if it's not configured to be a lazy service, it may be stuck starting or still starting).
[ 1212.768110][    T1] init: Control message: Could not find 'aidl/activity' for ctl.interface_start from pid: 413 (/system/bin/servicemanager)
[ 1212.902984][ T1377] servicemanager: Caller(pid=692,uid=1041,sid=u:r:audioserver:s0) Tried to start aidl service activity as a lazy service, but was unable to. Usually this happens when a service is not installed, but if the service is intended to be used as a lazy service, then it may be configured incorrectly.
[ 1214.022803][  T413] servicemanager: Caller(pid=692,uid=1041,sid=u:r:audioserver:s0) Since 'activity' could not be found trying to start it as a lazy AIDL service. (if it's not configured to be a lazy service, it may be stuck starting or still starting).
[ 1215.008915][    T1] init: Control message: Could not find 'aidl/activity' for ctl.interface_start from pid: 413 (/system/bin/servicemanager)
[ 1215.251756][ T1378] servicemanager: Caller(pid=692,uid=1041,sid=u:r:audioserver:s0) Tried to start aidl service activity as a lazy service, but was unable to. Usually this happens when a service is not installed, but if the service is intended to be used as a lazy service, then it may be configured incorrectly.
[ 1216.027880][  T413] servicemanager: Caller(pid=692,uid=1041,sid=u:r:audioserver:s0) Since 'activity' could not be found trying to start it as a lazy AIDL service. (if it's not configured to be a lazy service, it may be stuck starting or still starting).
[ 1216.405312][    T1] init: Control message: Could not find 'aidl/activity' for ctl.interface_start from pid: 413 (/system/bin/servicemanager)
[ 1216.547953][ T1379] servicemanager: Caller(pid=692,uid=1041,sid=u:r:audioserver:s0) Tried to start aidl service activity as a lazy service, but was unable to. Usually this happens when a service is not installed, but if the service is intended to be used as a lazy service, then it may be configured incorrectly.
[ 1217.302759][  T413] servicemanager: Caller(pid=692,uid=1041,sid=u:r:audioserver:s0) Since 'activity' could not be found trying to start it as a lazy AIDL service. (if it's not configured to be a lazy service, it may be stuck starting or still starting).
[ 1217.581204][    T1] init: Control message: Could not find 'aidl/activity' for ctl.interface_start from pid: 413 (/system/bin/servicemanager)
[ 1217.828308][ T1380] servicemanager: Caller(pid=692,uid=1041,sid=u:r:audioserver:s0) Tried to start aidl service activity as a lazy service, but was unable to. Usually this happens when a service is not installed, but if the service is intended to be used as a lazy service, then it may be configured incorrectly.
[ 1218.647991][  T413] servicemanager: Caller(pid=692,uid=1041,sid=u:r:audioserver:s0) Since 'activity' could not be found trying to start it as a lazy AIDL service. (if it's not configured to be a lazy service, it may be stuck starting or still starting).
[ 1219.124609][    T1] init: Control message: Could not find 'aidl/activity' for ctl.interface_start from pid: 413 (/system/bin/servicemanager)
[ 1219.273051][ T1383] servicemanager: Caller(pid=692,uid=1041,sid=u:r:audioserver:s0) Tried to start aidl service activity as a lazy service, but was unable to. Usually this happens when a service is not installed, but if the service is intended to be used as a lazy service, then it may be configured incorrectly.
[ 1220.477439][  T413] servicemanager: Caller(pid=692,uid=1041,sid=u:r:audioserver:s0) Since 'activity' could not be found trying to start it as a lazy AIDL service. (if it's not configured to be a lazy service, it may be stuck starting or still starting).
[ 1221.359988][    T1] init: Control message: Could not find 'aidl/activity' for ctl.interface_start from pid: 413 (/system/bin/servicemanager)
[ 1221.579305][ T1388] servicemanager: Caller(pid=692,uid=1041,sid=u:r:audioserver:s0) Tried to start aidl service activity as a lazy service, but was unable to. Usually this happens when a service is not installed, but if the service is intended to be used as a lazy service, then it may be configured incorrectly.
[ 1221.961904][  T413] servicemanager: Caller(pid=692,uid=1041,sid=u:r:audioserver:s0) Since 'activity' could not be found trying to start it as a lazy AIDL service. (if it's not configured to be a lazy service, it may be stuck starting or still starting).
[ 1222.653081][    T1] init: Control message: Could not find 'aidl/activity' for ctl.interface_start from pid: 413 (/system/bin/servicemanager)
[ 1222.869190][ T1389] servicemanager: Caller(pid=692,uid=1041,sid=u:r:audioserver:s0) Tried to start aidl service activity as a lazy service, but was unable to. Usually this happens when a service is not installed, but if the service is intended to be used as a lazy service, then it may be configured incorrectly.
[ 1223.907706][  T413] servicemanager: Caller(pid=692,uid=1041,sid=u:r:audioserver:s0) Since 'activity' could not be found trying to start it as a lazy AIDL service. (if it's not configured to be a lazy service, it may be stuck starting or still starting).
[ 1224.491776][    T1] init: Control message: Could not find 'aidl/activity' for ctl.interface_start from pid: 413 (/system/bin/servicemanager)
[ 1224.562238][ T1391] servicemanager: Caller(pid=692,uid=1041,sid=u:r:audioserver:s0) Tried to start aidl service activity as a lazy service, but was unable to. Usually this happens when a service is not installed, but if the service is intended to be used as a lazy service, then it may be configured incorrectly.
[ 1225.124182][  T413] servicemanager: Notifying media.codeclist.generator they don't (previously: do) have clients when we now have no record of a client
[ 1225.590602][  T413] servicemanager: Caller(pid=692,uid=1041,sid=u:r:audioserver:s0) Since 'activity' could not be found trying to start it as a lazy AIDL service. (if it's not configured to be a lazy service, it may be stuck starting or still starting).
[ 1226.008742][  T413] servicemanager: Caller(pid=1106,uid=1013,sid=u:r:mediacodeclist_generator:s0) Unregistering media.codeclist.generator
[ 1226.039453][  T413] libbinder.BpBinder: onLastStrongRef automatically unlinking death recipients for binder (0xb4000075e8612250) with descriptor: '(not cached)'
[ 1226.567603][    T1] init: Control message: Could not find 'aidl/activity' for ctl.interface_start from pid: 413 (/system/bin/servicemanager)
[ 1227.124640][ T1392] servicemanager: Caller(pid=692,uid=1041,sid=u:r:audioserver:s0) Tried to start aidl service activity as a lazy service, but was unable to. Usually this happens when a service is not installed, but if the service is intended to be used as a lazy service, then it may be configured incorrectly.
[ 1227.296614][  T413] servicemanager: Caller(pid=692,uid=1041,sid=u:r:audioserver:s0) Since 'activity' could not be found trying to start it as a lazy AIDL service. (if it's not configured to be a lazy service, it may be stuck starting or still starting).
[ 1227.952717][    T1] init: Control message: Could not find 'aidl/activity' for ctl.interface_start from pid: 413 (/system/bin/servicemanager)
[ 1228.153052][ T1393] servicemanager: Caller(pid=692,uid=1041,sid=u:r:audioserver:s0) Tried to start aidl service activity as a lazy service, but was unable to. Usually this happens when a service is not installed, but if the service is intended to be used as a lazy service, then it may be configured incorrectly.
[ 1229.006944][  T413] servicemanager: Caller(pid=692,uid=1041,sid=u:r:audioserver:s0) Since 'activity' could not be found trying to start it as a lazy AIDL service. (if it's not configured to be a lazy service, it may be stuck starting or still starting).
[ 1229.371617][    T1] init: Control message: Could not find 'aidl/activity' for ctl.interface_start from pid: 413 (/system/bin/servicemanager)
[ 1229.452996][ T1395] servicemanager: Caller(pid=692,uid=1041,sid=u:r:audioserver:s0) Tried to start aidl service activity as a lazy service, but was unable to. Usually this happens when a service is not installed, but if the service is intended to be used as a lazy service, then it may be configured incorrectly.
[ 1230.471616][  T413] servicemanager: Caller(pid=692,uid=1041,sid=u:r:audioserver:s0) Since 'activity' could not be found trying to start it as a lazy AIDL service. (if it's not configured to be a lazy service, it may be stuck starting or still starting).
[ 1231.339879][    T1] init: Control message: Could not find 'aidl/activity' for ctl.interface_start from pid: 413 (/system/bin/servicemanager)
[ 1231.593070][ T1396] servicemanager: Caller(pid=692,uid=1041,sid=u:r:audioserver:s0) Tried to start aidl service activity as a lazy service, but was unable to. Usually this happens when a service is not installed, but if the service is intended to be used as a lazy service, then it may be configured incorrectly.
[ 1232.590541][  T413] servicemanager: Caller(pid=692,uid=1041,sid=u:r:audioserver:s0) Since 'activity' could not be found trying to start it as a lazy AIDL service. (if it's not configured to be a lazy service, it may be stuck starting or still starting).
[ 1233.491497][    T1] init: Control message: Could not find 'aidl/activity' for ctl.interface_start from pid: 413 (/system/bin/servicemanager)
[ 1233.815868][    T1] init: Service 'media.codeclist.generator' (pid 1106) exited with status 0 oneshot service took 266.078003 seconds in background
[ 1233.840644][    T1] init: Sending SIGKILL to service 'media.codeclist.generator' (pid 1106) process group...
[ 1233.938795][ T1397] servicemanager: Caller(pid=692,uid=1041,sid=u:r:audioserver:s0) Tried to start aidl service activity as a lazy service, but was unable to. Usually this happens when a service is not installed, but if the service is intended to be used as a lazy service, then it may be configured incorrectly.
[ 1233.973884][    T1] libprocessgroup: Removed cgroup /sys/fs/cgroup/system/uid_1013/pid_1106
[ 1234.662933][  T413] servicemanager: Caller(pid=692,uid=1041,sid=u:r:audioserver:s0) Since 'activity' could not be found trying to start it as a lazy AIDL service. (if it's not configured to be a lazy service, it may be stuck starting or still starting).
[ 1234.868149][    T1] init: Control message: Could not find 'aidl/activity' for ctl.interface_start from pid: 413 (/system/bin/servicemanager)
[ 1235.108654][ T1403] servicemanager: Caller(pid=692,uid=1041,sid=u:r:audioserver:s0) Tried to start aidl service activity as a lazy service, but was unable to. Usually this happens when a service is not installed, but if the service is intended to be used as a lazy service, then it may be configured incorrectly.
[ 1236.194553][  T413] servicemanager: Caller(pid=692,uid=1041,sid=u:r:audioserver:s0) Since 'activity' could not be found trying to start it as a lazy AIDL service. (if it's not configured to be a lazy service, it may be stuck starting or still starting).
[ 1236.726088][    T1] init: Control message: Could not find 'aidl/activity' for ctl.interface_start from pid: 413 (/system/bin/servicemanager)
[ 1237.027472][ T1405] servicemanager: Caller(pid=692,uid=1041,sid=u:r:audioserver:s0) Tried to start aidl service activity as a lazy service, but was unable to. Usually this happens when a service is not installed, but if the service is intended to be used as a lazy service, then it may be configured incorrectly.
[ 1237.725226][  T413] servicemanager: Caller(pid=692,uid=1041,sid=u:r:audioserver:s0) Since 'activity' could not be found trying to start it as a lazy AIDL service. (if it's not configured to be a lazy service, it may be stuck starting or still starting).
[ 1238.316981][    T1] init: Control message: Could not find 'aidl/activity' for ctl.interface_start from pid: 413 (/system/bin/servicemanager)
[ 1238.601795][ T1407] servicemanager: Caller(pid=692,uid=1041,sid=u:r:audioserver:s0) Tried to start aidl service activity as a lazy service, but was unable to. Usually this happens when a service is not installed, but if the service is intended to be used as a lazy service, then it may be configured incorrectly.
[ 1239.409732][  T413] servicemanager: Caller(pid=692,uid=1041,sid=u:r:audioserver:s0) Since 'activity' could not be found trying to start it as a lazy AIDL service. (if it's not configured to be a lazy service, it may be stuck starting or still starting).
[ 1239.981075][    T1] init: Control message: Could not find 'aidl/activity' for ctl.interface_start from pid: 413 (/system/bin/servicemanager)
[ 1240.101324][ T1408] servicemanager: Caller(pid=692,uid=1041,sid=u:r:audioserver:s0) Tried to start aidl service activity as a lazy service, but was unable to. Usually this happens when a service is not installed, but if the service is intended to be used as a lazy service, then it may be configured incorrectly.
[ 1241.125711][  T413] servicemanager: Caller(pid=692,uid=1041,sid=u:r:audioserver:s0) Since 'activity' could not be found trying to start it as a lazy AIDL service. (if it's not configured to be a lazy service, it may be stuck starting or still starting).
[ 1241.642193][    T1] init: Control message: Could not find 'aidl/activity' for ctl.interface_start from pid: 413 (/system/bin/servicemanager)
[ 1241.731728][ T1411] servicemanager: Caller(pid=692,uid=1041,sid=u:r:audioserver:s0) Tried to start aidl service activity as a lazy service, but was unable to. Usually this happens when a service is not installed, but if the service is intended to be used as a lazy service, then it may be configured incorrectly.
[ 1242.722086][  T413] servicemanager: Caller(pid=692,uid=1041,sid=u:r:audioserver:s0) Since 'activity' could not be found trying to start it as a lazy AIDL service. (if it's not configured to be a lazy service, it may be stuck starting or still starting).
[ 1243.238664][    T1] init: Control message: Could not find 'aidl/activity' for ctl.interface_start from pid: 413 (/system/bin/servicemanager)
[ 1243.267577][ T1412] servicemanager: Caller(pid=692,uid=1041,sid=u:r:audioserver:s0) Tried to start aidl service activity as a lazy service, but was unable to. Usually this happens when a service is not installed, but if the service is intended to be used as a lazy service, then it may be configured incorrectly.
[ 1244.416736][  T413] servicemanager: Caller(pid=692,uid=1041,sid=u:r:audioserver:s0) Since 'activity' could not be found trying to start it as a lazy AIDL service. (if it's not configured to be a lazy service, it may be stuck starting or still starting).
[ 1244.907545][    T1] init: Control message: Could not find 'aidl/activity' for ctl.interface_start from pid: 413 (/system/bin/servicemanager)
[ 1245.027937][ T1414] servicemanager: Caller(pid=692,uid=1041,sid=u:r:audioserver:s0) Tried to start aidl service activity as a lazy service, but was unable to. Usually this happens when a service is not installed, but if the service is intended to be used as a lazy service, then it may be configured incorrectly.
[ 1246.047478][  T413] servicemanager: Caller(pid=692,uid=1041,sid=u:r:audioserver:s0) Since 'activity' could not be found trying to start it as a lazy AIDL service. (if it's not configured to be a lazy service, it may be stuck starting or still starting).
[ 1246.529525][    T1] init: Control message: Could not find 'aidl/activity' for ctl.interface_start from pid: 413 (/system/bin/servicemanager)
[ 1246.668860][ T1416] servicemanager: Caller(pid=692,uid=1041,sid=u:r:audioserver:s0) Tried to start aidl service activity as a lazy service, but was unable to. Usually this happens when a service is not installed, but if the service is intended to be used as a lazy service, then it may be configured incorrectly.
[ 1247.945904][  T413] servicemanager: Caller(pid=692,uid=1041,sid=u:r:audioserver:s0) Since 'activity' could not be found trying to start it as a lazy AIDL service. (if it's not configured to be a lazy service, it may be stuck starting or still starting).
[ 1248.979899][    T1] init: Control message: Could not find 'aidl/activity' for ctl.interface_start from pid: 413 (/system/bin/servicemanager)
[ 1249.209907][ T1418] servicemanager: Caller(pid=692,uid=1041,sid=u:r:audioserver:s0) Tried to start aidl service activity as a lazy service, but was unable to. Usually this happens when a service is not installed, but if the service is intended to be used as a lazy service, then it may be configured incorrectly.
[ 1249.362020][  T413] servicemanager: Caller(pid=692,uid=1041,sid=u:r:audioserver:s0) Since 'activity' could not be found trying to start it as a lazy AIDL service. (if it's not configured to be a lazy service, it may be stuck starting or still starting).
[ 1249.849826][    T1] init: Control message: Could not find 'aidl/activity' for ctl.interface_start from pid: 413 (/system/bin/servicemanager)
[ 1249.898589][ T1420] servicemanager: Caller(pid=692,uid=1041,sid=u:r:audioserver:s0) Tried to start aidl service activity as a lazy service, but was unable to. Usually this happens when a service is not installed, but if the service is intended to be used as a lazy service, then it may be configured incorrectly.
[ 1251.345767][  T413] servicemanager: Caller(pid=692,uid=1041,sid=u:r:audioserver:s0) Since 'activity' could not be found trying to start it as a lazy AIDL service. (if it's not configured to be a lazy service, it may be stuck starting or still starting).
[ 1252.163951][    T1] init: Control message: Could not find 'aidl/activity' for ctl.interface_start from pid: 413 (/system/bin/servicemanager)
[ 1252.617450][ T1425] servicemanager: Caller(pid=692,uid=1041,sid=u:r:audioserver:s0) Tried to start aidl service activity as a lazy service, but was unable to. Usually this happens when a service is not installed, but if the service is intended to be used as a lazy service, then it may be configured incorrectly.
[ 1253.807589][  T413] servicemanager: Caller(pid=692,uid=1041,sid=u:r:audioserver:s0) Since 'activity' could not be found trying to start it as a lazy AIDL service. (if it's not configured to be a lazy service, it may be stuck starting or still starting).
[ 1257.141662][    T1] init: Control message: Could not find 'aidl/activity' for ctl.interface_start from pid: 413 (/system/bin/servicemanager)
[ 1257.963668][ T1427] servicemanager: Caller(pid=692,uid=1041,sid=u:r:audioserver:s0) Tried to start aidl service activity as a lazy service, but was unable to. Usually this happens when a service is not installed, but if the service is intended to be used as a lazy service, then it may be configured incorrectly.
[ 1257.970231][  T413] servicemanager: Caller(pid=692,uid=1041,sid=u:r:audioserver:s0) Since 'activity' could not be found trying to start it as a lazy AIDL service. (if it's not configured to be a lazy service, it may be stuck starting or still starting).
[ 1258.861353][  T413] libbinder.Binder: Binder transaction to android.os.IServiceManager, function: getService2, code: 2, took 1124ms. Data bytes: 96 Reply bytes: 52 Flags: 16
[ 1259.258979][    T1] init: Control message: Could not find 'aidl/activity' for ctl.interface_start from pid: 413 (/system/bin/servicemanager)
[ 1260.160671][ T1428] servicemanager: Caller(pid=692,uid=1041,sid=u:r:audioserver:s0) Tried to start aidl service activity as a lazy service, but was unable to. Usually this happens when a service is not installed, but if the service is intended to be used as a lazy service, then it may be configured incorrectly.
[ 1261.651702][  T413] servicemanager: Caller(pid=692,uid=1041,sid=u:r:audioserver:s0) Since 'activity' could not be found trying to start it as a lazy AIDL service. (if it's not configured to be a lazy service, it may be stuck starting or still starting).
[ 1262.008380][    T1] init: Control message: Could not find 'aidl/activity' for ctl.interface_start from pid: 413 (/system/bin/servicemanager)
[ 1262.153748][ T1431] servicemanager: Caller(pid=692,uid=1041,sid=u:r:audioserver:s0) Tried to start aidl service activity as a lazy service, but was unable to. Usually this happens when a service is not installed, but if the service is intended to be used as a lazy service, then it may be configured incorrectly.
[ 1262.882325][  T413] servicemanager: Caller(pid=692,uid=1041,sid=u:r:audioserver:s0) Since 'activity' could not be found trying to start it as a lazy AIDL service. (if it's not configured to be a lazy service, it may be stuck starting or still starting).
[ 1263.185051][    T1] init: Control message: Could not find 'aidl/activity' for ctl.interface_start from pid: 413 (/system/bin/servicemanager)
[ 1263.383643][ T1432] servicemanager: Caller(pid=692,uid=1041,sid=u:r:audioserver:s0) Tried to start aidl service activity as a lazy service, but was unable to. Usually this happens when a service is not installed, but if the service is intended to be used as a lazy service, then it may be configured incorrectly.
[ 1264.233527][  T413] servicemanager: Caller(pid=692,uid=1041,sid=u:r:audioserver:s0) Since 'activity' could not be found trying to start it as a lazy AIDL service. (if it's not configured to be a lazy service, it may be stuck starting or still starting).
[ 1264.870651][    T1] init: Control message: Could not find 'aidl/activity' for ctl.interface_start from pid: 413 (/system/bin/servicemanager)
[ 1265.124341][ T1435] servicemanager: Caller(pid=692,uid=1041,sid=u:r:audioserver:s0) Tried to start aidl service activity as a lazy service, but was unable to. Usually this happens when a service is not installed, but if the service is intended to be used as a lazy service, then it may be configured incorrectly.
[ 1266.372668][  T413] servicemanager: Caller(pid=692,uid=1041,sid=u:r:audioserver:s0) Since 'activity' could not be found trying to start it as a lazy AIDL service. (if it's not configured to be a lazy service, it may be stuck starting or still starting).
[ 1266.869800][    T1] init: Control message: Could not find 'aidl/activity' for ctl.interface_start from pid: 413 (/system/bin/servicemanager)
[ 1266.975587][ T1439] servicemanager: Caller(pid=692,uid=1041,sid=u:r:audioserver:s0) Tried to start aidl service activity as a lazy service, but was unable to. Usually this happens when a service is not installed, but if the service is intended to be used as a lazy service, then it may be configured incorrectly.
[ 1268.064671][  T413] servicemanager: Caller(pid=692,uid=1041,sid=u:r:audioserver:s0) Since 'activity' could not be found trying to start it as a lazy AIDL service. (if it's not configured to be a lazy service, it may be stuck starting or still starting).
[ 1268.749924][    T1] init: Control message: Could not find 'aidl/activity' for ctl.interface_start from pid: 413 (/system/bin/servicemanager)
[ 1268.951260][ T1440] servicemanager: Caller(pid=692,uid=1041,sid=u:r:audioserver:s0) Tried to start aidl service activity as a lazy service, but was unable to. Usually this happens when a service is not installed, but if the service is intended to be used as a lazy service, then it may be configured incorrectly.
[ 1270.068648][  T413] servicemanager: Caller(pid=692,uid=1041,sid=u:r:audioserver:s0) Since 'activity' could not be found trying to start it as a lazy AIDL service. (if it's not configured to be a lazy service, it may be stuck starting or still starting).
[ 1270.661583][    T1] init: Control message: Could not find 'aidl/activity' for ctl.interface_start from pid: 413 (/system/bin/servicemanager)
[ 1271.009443][ T1443] servicemanager: Caller(pid=692,uid=1041,sid=u:r:audioserver:s0) Tried to start aidl service activity as a lazy service, but was unable to. Usually this happens when a service is not installed, but if the service is intended to be used as a lazy service, then it may be configured incorrectly.
[ 1271.374037][  T413] servicemanager: Caller(pid=692,uid=1041,sid=u:r:audioserver:s0) Since 'activity' could not be found trying to start it as a lazy AIDL service. (if it's not configured to be a lazy service, it may be stuck starting or still starting).
[ 1271.614454][    T1] init: Control message: Could not find 'aidl/activity' for ctl.interface_start from pid: 413 (/system/bin/servicemanager)
[ 1271.750519][ T1445] servicemanager: Caller(pid=692,uid=1041,sid=u:r:audioserver:s0) Tried to start aidl service activity as a lazy service, but was unable to. Usually this happens when a service is not installed, but if the service is intended to be used as a lazy service, then it may be configured incorrectly.
[ 1272.666519][  T413] servicemanager: Caller(pid=692,uid=1041,sid=u:r:audioserver:s0) Since 'activity' could not be found trying to start it as a lazy AIDL service. (if it's not configured to be a lazy service, it may be stuck starting or still starting).
[ 1273.238641][    T1] init: Control message: Could not find 'aidl/activity' for ctl.interface_start from pid: 413 (/system/bin/servicemanager)
[ 1273.466530][ T1446] servicemanager: Caller(pid=692,uid=1041,sid=u:r:audioserver:s0) Tried to start aidl service activity as a lazy service, but was unable to. Usually this happens when a service is not installed, but if the service is intended to be used as a lazy service, then it may be configured incorrectly.
[ 1274.603775][  T413] servicemanager: Caller(pid=692,uid=1041,sid=u:r:audioserver:s0) Since 'activity' could not be found trying to start it as a lazy AIDL service. (if it's not configured to be a lazy service, it may be stuck starting or still starting).
[ 1274.982846][    T1] init: Control message: Could not find 'aidl/activity' for ctl.interface_start from pid: 413 (/system/bin/servicemanager)
[ 1275.132529][ T1448] servicemanager: Caller(pid=692,uid=1041,sid=u:r:audioserver:s0) Tried to start aidl service activity as a lazy service, but was unable to. Usually this happens when a service is not installed, but if the service is intended to be used as a lazy service, then it may be configured incorrectly.
[ 1276.329002][  T413] servicemanager: Caller(pid=692,uid=1041,sid=u:r:audioserver:s0) Since 'activity' could not be found trying to start it as a lazy AIDL service. (if it's not configured to be a lazy service, it may be stuck starting or still starting).
[ 1276.602403][    T1] init: Control message: Could not find 'aidl/activity' for ctl.interface_start from pid: 413 (/system/bin/servicemanager)
[ 1276.701005][ T1449] servicemanager: Caller(pid=692,uid=1041,sid=u:r:audioserver:s0) Tried to start aidl service activity as a lazy service, but was unable to. Usually this happens when a service is not installed, but if the service is intended to be used as a lazy service, then it may be configured incorrectly.
[ 1278.147735][  T413] servicemanager: Caller(pid=692,uid=1041,sid=u:r:audioserver:s0) Since 'activity' could not be found trying to start it as a lazy AIDL service. (if it's not configured to be a lazy service, it may be stuck starting or still starting).
[ 1278.812492][    T1] init: Control message: Could not find 'aidl/activity' for ctl.interface_start from pid: 413 (/system/bin/servicemanager)
[ 1279.222946][ T1450] servicemanager: Caller(pid=692,uid=1041,sid=u:r:audioserver:s0) Tried to start aidl service activity as a lazy service, but was unable to. Usually this happens when a service is not installed, but if the service is intended to be used as a lazy service, then it may be configured incorrectly.
[ 1279.690765][  T413] servicemanager: Caller(pid=805,uid=1047,sid=u:r:cameraserver:s0) Found android.frameworks.cameraservice.service.ICameraService/default in framework VINTF manifest.
[ 1279.753337][  T413] servicemanager: Caller(pid=692,uid=1041,sid=u:r:audioserver:s0) Since 'activity' could not be found trying to start it as a lazy AIDL service. (if it's not configured to be a lazy service, it may be stuck starting or still starting).
[ 1279.965727][    T1] init: Control message: Could not find 'aidl/activity' for ctl.interface_start from pid: 413 (/system/bin/servicemanager)
[ 1279.992413][ T1451] servicemanager: Caller(pid=692,uid=1041,sid=u:r:audioserver:s0) Tried to start aidl service activity as a lazy service, but was unable to. Usually this happens when a service is not installed, but if the service is intended to be used as a lazy service, then it may be configured incorrectly.
[ 1280.465299][  T413] servicemanager: Caller(pid=805,uid=1047,sid=u:r:cameraserver:s0) Found android.frameworks.cameraservice.service.ICameraService/default in framework VINTF manifest.
[ 1281.045308][  T413] servicemanager: Caller(pid=692,uid=1041,sid=u:r:audioserver:s0) Since 'activity' could not be found trying to start it as a lazy AIDL service. (if it's not configured to be a lazy service, it may be stuck starting or still starting).
[ 1281.652835][    T1] init: Control message: Could not find 'aidl/activity' for ctl.interface_start from pid: 413 (/system/bin/servicemanager)
[ 1281.703599][ T1456] servicemanager: Caller(pid=692,uid=1041,sid=u:r:audioserver:s0) Tried to start aidl service activity as a lazy service, but was unable to. Usually this happens when a service is not installed, but if the service is intended to be used as a lazy service, then it may be configured incorrectly.
[ 1282.638364][  T413] servicemanager: Caller(pid=692,uid=1041,sid=u:r:audioserver:s0) Since 'activity' could not be found trying to start it as a lazy AIDL service. (if it's not configured to be a lazy service, it may be stuck starting or still starting).
[ 1283.024725][    T1] init: Control message: Could not find 'aidl/activity' for ctl.interface_start from pid: 413 (/system/bin/servicemanager)
[ 1283.219662][ T1460] servicemanager: Caller(pid=692,uid=1041,sid=u:r:audioserver:s0) Tried to start aidl service activity as a lazy service, but was unable to. Usually this happens when a service is not installed, but if the service is intended to be used as a lazy service, then it may be configured incorrectly.
[ 1284.354275][  T413] servicemanager: Caller(pid=692,uid=1041,sid=u:r:audioserver:s0) Since 'activity' could not be found trying to start it as a lazy AIDL service. (if it's not configured to be a lazy service, it may be stuck starting or still starting).
[ 1284.709786][    T1] init: Control message: Could not find 'aidl/activity' for ctl.interface_start from pid: 413 (/system/bin/servicemanager)
[ 1284.893678][ T1463] servicemanager: Caller(pid=692,uid=1041,sid=u:r:audioserver:s0) Tried to start aidl service activity as a lazy service, but was unable to. Usually this happens when a service is not installed, but if the service is intended to be used as a lazy service, then it may be configured incorrectly.
[ 1285.619366][  T413] servicemanager: Caller(pid=692,uid=1041,sid=u:r:audioserver:s0) Since 'activity' could not be found trying to start it as a lazy AIDL service. (if it's not configured to be a lazy service, it may be stuck starting or still starting).
[ 1286.444244][    T1] init: Control message: Could not find 'aidl/activity' for ctl.interface_start from pid: 413 (/system/bin/servicemanager)
[ 1286.812261][ T1464] servicemanager: Caller(pid=692,uid=1041,sid=u:r:audioserver:s0) Tried to start aidl service activity as a lazy service, but was unable to. Usually this happens when a service is not installed, but if the service is intended to be used as a lazy service, then it may be configured incorrectly.
[ 1287.268866][  T413] servicemanager: Caller(pid=692,uid=1041,sid=u:r:audioserver:s0) Since 'activity' could not be found trying to start it as a lazy AIDL service. (if it's not configured to be a lazy service, it may be stuck starting or still starting).
[ 1287.515297][    T1] init: Control message: Could not find 'aidl/activity' for ctl.interface_start from pid: 413 (/system/bin/servicemanager)
[ 1287.570435][ T1466] servicemanager: Caller(pid=692,uid=1041,sid=u:r:audioserver:s0) Tried to start aidl service activity as a lazy service, but was unable to. Usually this happens when a service is not installed, but if the service is intended to be used as a lazy service, then it may be configured incorrectly.
[ 1288.571362][  T413] servicemanager: Caller(pid=692,uid=1041,sid=u:r:audioserver:s0) Since 'activity' could not be found trying to start it as a lazy AIDL service. (if it's not configured to be a lazy service, it may be stuck starting or still starting).
[ 1289.302675][    T1] init: Control message: Could not find 'aidl/activity' for ctl.interface_start from pid: 413 (/system/bin/servicemanager)
[ 1289.483299][ T1467] servicemanager: Caller(pid=692,uid=1041,sid=u:r:audioserver:s0) Tried to start aidl service activity as a lazy service, but was unable to. Usually this happens when a service is not installed, but if the service is intended to be used as a lazy service, then it may be configured incorrectly.
[ 1290.205373][    T1] init: Untracked process (pid: 1465 name: (sh) ppid: 1 pgrp: 1452 state: Z) exited with status 0
[ 1290.228289][    T1] init: Untracked process (pid: 1465 name: (sh) ppid: 1 pgrp: 1452 state: Z) did not have an associated service entry and will not be reaped
[ 1290.255877][  T413] servicemanager: Caller(pid=692,uid=1041,sid=u:r:audioserver:s0) Since 'activity' could not be found trying to start it as a lazy AIDL service. (if it's not configured to be a lazy service, it may be stuck starting or still starting).
[ 1290.409851][    T1] init: Control message: Could not find 'aidl/activity' for ctl.interface_start from pid: 413 (/system/bin/servicemanager)
[ 1290.729958][ T1468] servicemanager: Caller(pid=692,uid=1041,sid=u:r:audioserver:s0) Tried to start aidl service activity as a lazy service, but was unable to. Usually this happens when a service is not installed, but if the service is intended to be used as a lazy service, then it may be configured incorrectly.
[ 1291.576673][  T413] servicemanager: Caller(pid=692,uid=1041,sid=u:r:audioserver:s0) Since 'activity' could not be found trying to start it as a lazy AIDL service. (if it's not configured to be a lazy service, it may be stuck starting or still starting).
[ 1291.880776][    T1] init: Control message: Could not find 'aidl/activity' for ctl.interface_start from pid: 413 (/system/bin/servicemanager)
[ 1292.084373][ T1469] servicemanager: Caller(pid=692,uid=1041,sid=u:r:audioserver:s0) Tried to start aidl service activity as a lazy service, but was unable to. Usually this happens when a service is not installed, but if the service is intended to be used as a lazy service, then it may be configured incorrectly.
[ 1292.870307][  T413] servicemanager: Caller(pid=692,uid=1041,sid=u:r:audioserver:s0) Since 'activity' could not be found trying to start it as a lazy AIDL service. (if it's not configured to be a lazy service, it may be stuck starting or still starting).
[ 1293.996364][    T1] init: Control message: Could not find 'aidl/activity' for ctl.interface_start from pid: 413 (/system/bin/servicemanager)
[ 1294.189186][  T413] servicemanager: Caller(pid=692,uid=1041,sid=u:r:audioserver:s0) Since 'activity' could not be found trying to start it as a lazy AIDL service. (if it's not configured to be a lazy service, it may be stuck starting or still starting).
[ 1294.228360][ T1470] servicemanager: Caller(pid=692,uid=1041,sid=u:r:audioserver:s0) Tried to start aidl service activity as a lazy service, but was unable to. Usually this happens when a service is not installed, but if the service is intended to be used as a lazy service, then it may be configured incorrectly.
[ 1294.420470][    T1] init: Control message: Could not find 'aidl/activity' for ctl.interface_start from pid: 413 (/system/bin/servicemanager)
[ 1294.466928][ T1471] servicemanager: Caller(pid=692,uid=1041,sid=u:r:audioserver:s0) Tried to start aidl service activity as a lazy service, but was unable to. Usually this happens when a service is not installed, but if the service is intended to be used as a lazy service, then it may be configured incorrectly.
[ 1295.815314][  T413] servicemanager: Caller(pid=692,uid=1041,sid=u:r:audioserver:s0) Since 'activity' could not be found trying to start it as a lazy AIDL service. (if it's not configured to be a lazy service, it may be stuck starting or still starting).
[ 1296.193436][    T1] init: Control message: Could not find 'aidl/activity' for ctl.interface_start from pid: 413 (/system/bin/servicemanager)
[ 1296.233409][ T1476] servicemanager: Caller(pid=692,uid=1041,sid=u:r:audioserver:s0) Tried to start aidl service activity as a lazy service, but was unable to. Usually this happens when a service is not installed, but if the service is intended to be used as a lazy service, then it may be configured incorrectly.
[ 1297.261178][  T413] servicemanager: Caller(pid=692,uid=1041,sid=u:r:audioserver:s0) Since 'activity' could not be found trying to start it as a lazy AIDL service. (if it's not configured to be a lazy service, it may be stuck starting or still starting).
[ 1297.659405][    T1] init: Control message: Could not find 'aidl/activity' for ctl.interface_start from pid: 413 (/system/bin/servicemanager)
[ 1297.684358][ T1479] servicemanager: Caller(pid=692,uid=1041,sid=u:r:audioserver:s0) Tried to start aidl service activity as a lazy service, but was unable to. Usually this happens when a service is not installed, but if the service is intended to be used as a lazy service, then it may be configured incorrectly.
[ 1299.076911][  T413] servicemanager: Caller(pid=692,uid=1041,sid=u:r:audioserver:s0) Since 'activity' could not be found trying to start it as a lazy AIDL service. (if it's not configured to be a lazy service, it may be stuck starting or still starting).
[ 1299.547836][    T1] init: Control message: Could not find 'aidl/activity' for ctl.interface_start from pid: 413 (/system/bin/servicemanager)
[ 1299.728687][ T1481] servicemanager: Caller(pid=692,uid=1041,sid=u:r:audioserver:s0) Tried to start aidl service activity as a lazy service, but was unable to. Usually this happens when a service is not installed, but if the service is intended to be used as a lazy service, then it may be configured incorrectly.
[ 1300.657271][  T413] servicemanager: Caller(pid=692,uid=1041,sid=u:r:audioserver:s0) Since 'activity' could not be found trying to start it as a lazy AIDL service. (if it's not configured to be a lazy service, it may be stuck starting or still starting).
[ 1301.157213][    T1] init: Control message: Could not find 'aidl/activity' for ctl.interface_start from pid: 413 (/system/bin/servicemanager)
[ 1301.661177][ T1483] servicemanager: Caller(pid=692,uid=1041,sid=u:r:audioserver:s0) Tried to start aidl service activity as a lazy service, but was unable to. Usually this happens when a service is not installed, but if the service is intended to be used as a lazy service, then it may be configured incorrectly.
[ 1302.214479][  T413] servicemanager: Caller(pid=692,uid=1041,sid=u:r:audioserver:s0) Since 'activity' could not be found trying to start it as a lazy AIDL service. (if it's not configured to be a lazy service, it may be stuck starting or still starting).
[ 1303.122421][    T1] init: Control message: Could not find 'aidl/activity' for ctl.interface_start from pid: 413 (/system/bin/servicemanager)
[ 1303.571847][ T1484] servicemanager: Caller(pid=692,uid=1041,sid=u:r:audioserver:s0) Tried to start aidl service activity as a lazy service, but was unable to. Usually this happens when a service is not installed, but if the service is intended to be used as a lazy service, then it may be configured incorrectly.
[ 1303.901698][  T413] servicemanager: Caller(pid=692,uid=1041,sid=u:r:audioserver:s0) Since 'activity' could not be found trying to start it as a lazy AIDL service. (if it's not configured to be a lazy service, it may be stuck starting or still starting).
[ 1304.710487][    T1] init: Control message: Could not find 'aidl/activity' for ctl.interface_start from pid: 413 (/system/bin/servicemanager)
[ 1305.088406][ T1485] servicemanager: Caller(pid=692,uid=1041,sid=u:r:audioserver:s0) Tried to start aidl service activity as a lazy service, but was unable to. Usually this happens when a service is not installed, but if the service is intended to be used as a lazy service, then it may be configured incorrectly.
[ 1305.514333][  T413] servicemanager: Caller(pid=692,uid=1041,sid=u:r:audioserver:s0) Since 'activity' could not be found trying to start it as a lazy AIDL service. (if it's not configured to be a lazy service, it may be stuck starting or still starting).
[ 1306.168268][    T1] init: Untracked process (pid: 1482 name: (sh) ppid: 1 pgrp: 1472 state: Z) received SIGHUP
[ 1306.227692][    T1] init: Untracked process (pid: 1482 name: (sh) ppid: 1 pgrp: 1472 state: Z) did not have an associated service entry and will not be reaped
[ 1306.440213][    T1] init: Control message: Could not find 'aidl/activity' for ctl.interface_start from pid: 413 (/system/bin/servicemanager)
[ 1306.559509][ T1486] servicemanager: Caller(pid=692,uid=1041,sid=u:r:audioserver:s0) Tried to start aidl service activity as a lazy service, but was unable to. Usually this happens when a service is not installed, but if the service is intended to be used as a lazy service, then it may be configured incorrectly.
[ 1307.573298][  T413] servicemanager: Caller(pid=692,uid=1041,sid=u:r:audioserver:s0) Since 'activity' could not be found trying to start it as a lazy AIDL service. (if it's not configured to be a lazy service, it may be stuck starting or still starting).
[ 1308.315044][    T1] init: Control message: Could not find 'aidl/activity' for ctl.interface_start from pid: 413 (/system/bin/servicemanager)
[ 1308.583431][ T1487] servicemanager: Caller(pid=692,uid=1041,sid=u:r:audioserver:s0) Tried to start aidl service activity as a lazy service, but was unable to. Usually this happens when a service is not installed, but if the service is intended to be used as a lazy service, then it may be configured incorrectly.
[ 1309.139652][  T413] servicemanager: Caller(pid=692,uid=1041,sid=u:r:audioserver:s0) Since 'activity' could not be found trying to start it as a lazy AIDL service. (if it's not configured to be a lazy service, it may be stuck starting or still starting).
[ 1309.798196][    T1] init: Control message: Could not find 'aidl/activity' for ctl.interface_start from pid: 413 (/system/bin/servicemanager)
[ 1309.965683][ T1488] servicemanager: Caller(pid=692,uid=1041,sid=u:r:audioserver:s0) Tried to start aidl service activity as a lazy service, but was unable to. Usually this happens when a service is not installed, but if the service is intended to be used as a lazy service, then it may be configured incorrectly.
[ 1311.155617][  T413] servicemanager: Caller(pid=692,uid=1041,sid=u:r:audioserver:s0) Since 'activity' could not be found trying to start it as a lazy AIDL service. (if it's not configured to be a lazy service, it may be stuck starting or still starting).
[ 1311.681735][    T1] init: Control message: Could not find 'aidl/activity' for ctl.interface_start from pid: 413 (/system/bin/servicemanager)
[ 1311.820570][ T1493] servicemanager: Caller(pid=692,uid=1041,sid=u:r:audioserver:s0) Tried to start aidl service activity as a lazy service, but was unable to. Usually this happens when a service is not installed, but if the service is intended to be used as a lazy service, then it may be configured incorrectly.
[ 1312.886704][  T413] servicemanager: Caller(pid=692,uid=1041,sid=u:r:audioserver:s0) Since 'activity' could not be found trying to start it as a lazy AIDL service. (if it's not configured to be a lazy service, it may be stuck starting or still starting).
[ 1313.436645][    T1] init: Control message: Could not find 'aidl/activity' for ctl.interface_start from pid: 413 (/system/bin/servicemanager)
[ 1313.522030][ T1495] servicemanager: Caller(pid=692,uid=1041,sid=u:r:audioserver:s0) Tried to start aidl service activity as a lazy service, but was unable to. Usually this happens when a service is not installed, but if the service is intended to be used as a lazy service, then it may be configured incorrectly.
[ 1314.593313][  T413] servicemanager: Caller(pid=692,uid=1041,sid=u:r:audioserver:s0) Since 'activity' could not be found trying to start it as a lazy AIDL service. (if it's not configured to be a lazy service, it may be stuck starting or still starting).
[ 1314.799735][    T1] init: Control message: Could not find 'aidl/activity' for ctl.interface_start from pid: 413 (/system/bin/servicemanager)
[ 1314.870805][ T1498] servicemanager: Caller(pid=692,uid=1041,sid=u:r:audioserver:s0) Tried to start aidl service activity as a lazy service, but was unable to. Usually this happens when a service is not installed, but if the service is intended to be used as a lazy service, then it may be configured incorrectly.
[ 1315.876379][  T413] servicemanager: Caller(pid=692,uid=1041,sid=u:r:audioserver:s0) Since 'activity' could not be found trying to start it as a lazy AIDL service. (if it's not configured to be a lazy service, it may be stuck starting or still starting).
[ 1316.229316][    T1] init: Control message: Could not find 'aidl/activity' for ctl.interface_start from pid: 413 (/system/bin/servicemanager)
[ 1316.275691][ T1500] servicemanager: Caller(pid=692,uid=1041,sid=u:r:audioserver:s0) Tried to start aidl service activity as a lazy service, but was unable to. Usually this happens when a service is not installed, but if the service is intended to be used as a lazy service, then it may be configured incorrectly.
[ 1317.344383][  T413] servicemanager: Caller(pid=692,uid=1041,sid=u:r:audioserver:s0) Since 'activity' could not be found trying to start it as a lazy AIDL service. (if it's not configured to be a lazy service, it may be stuck starting or still starting).
[ 1317.858474][    T1] init: Control message: Could not find 'aidl/activity' for ctl.interface_start from pid: 413 (/system/bin/servicemanager)
[ 1318.198065][ T1501] servicemanager: Caller(pid=692,uid=1041,sid=u:r:audioserver:s0) Tried to start aidl service activity as a lazy service, but was unable to. Usually this happens when a service is not installed, but if the service is intended to be used as a lazy service, then it may be configured incorrectly.
[ 1318.920416][  T413] servicemanager: Caller(pid=692,uid=1041,sid=u:r:audioserver:s0) Since 'activity' could not be found trying to start it as a lazy AIDL service. (if it's not configured to be a lazy service, it may be stuck starting or still starting).
[ 1319.524362][    T1] init: Control message: Could not find 'aidl/activity' for ctl.interface_start from pid: 413 (/system/bin/servicemanager)
[ 1319.778636][ T1502] servicemanager: Caller(pid=692,uid=1041,sid=u:r:audioserver:s0) Tried to start aidl service activity as a lazy service, but was unable to. Usually this happens when a service is not installed, but if the service is intended to be used as a lazy service, then it may be configured incorrectly.
[ 1320.381466][    T1] init: Untracked process (pid: 1499 name: (sh) ppid: 1 pgrp: 1489 state: Z) exited with status 0
[ 1320.413638][    T1] init: Untracked process (pid: 1499 name: (sh) ppid: 1 pgrp: 1489 state: Z) did not have an associated service entry and will not be reaped
[ 1320.631104][  T413] servicemanager: Caller(pid=692,uid=1041,sid=u:r:audioserver:s0) Since 'activity' could not be found trying to start it as a lazy AIDL service. (if it's not configured to be a lazy service, it may be stuck starting or still starting).
[ 1320.952242][    T1] init: Control message: Could not find 'aidl/activity' for ctl.interface_start from pid: 413 (/system/bin/servicemanager)
[ 1321.258726][ T1503] servicemanager: Caller(pid=692,uid=1041,sid=u:r:audioserver:s0) Tried to start aidl service activity as a lazy service, but was unable to. Usually this happens when a service is not installed, but if the service is intended to be used as a lazy service, then it may be configured incorrectly.
[ 1322.004452][  T413] servicemanager: Caller(pid=692,uid=1041,sid=u:r:audioserver:s0) Since 'activity' could not be found trying to start it as a lazy AIDL service. (if it's not configured to be a lazy service, it may be stuck starting or still starting).
[ 1322.257994][    T1] init: Control message: Could not find 'aidl/activity' for ctl.interface_start from pid: 413 (/system/bin/servicemanager)
[ 1322.470727][ T1504] servicemanager: Caller(pid=692,uid=1041,sid=u:r:audioserver:s0) Tried to start aidl service activity as a lazy service, but was unable to. Usually this happens when a service is not installed, but if the service is intended to be used as a lazy service, then it may be configured incorrectly.
[ 1323.352889][  T413] servicemanager: Caller(pid=692,uid=1041,sid=u:r:audioserver:s0) Since 'activity' could not be found trying to start it as a lazy AIDL service. (if it's not configured to be a lazy service, it may be stuck starting or still starting).
[ 1323.815187][    T1] init: Control message: Could not find 'aidl/activity' for ctl.interface_start from pid: 413 (/system/bin/servicemanager)
[ 1324.303300][ T1505] servicemanager: Caller(pid=692,uid=1041,sid=u:r:audioserver:s0) Tried to start aidl service activity as a lazy service, but was unable to. Usually this happens when a service is not installed, but if the service is intended to be used as a lazy service, then it may be configured incorrectly.
[ 1324.884445][  T413] servicemanager: Caller(pid=692,uid=1041,sid=u:r:audioserver:s0) Since 'activity' could not be found trying to start it as a lazy AIDL service. (if it's not configured to be a lazy service, it may be stuck starting or still starting).
[ 1325.418318][    T1] init: Control message: Could not find 'aidl/activity' for ctl.interface_start from pid: 413 (/system/bin/servicemanager)
[ 1325.525578][ T1507] servicemanager: Caller(pid=692,uid=1041,sid=u:r:audioserver:s0) Tried to start aidl service activity as a lazy service, but was unable to. Usually this happens when a service is not installed, but if the service is intended to be used as a lazy service, then it may be configured incorrectly.
[ 1326.479379][  T413] servicemanager: Caller(pid=692,uid=1041,sid=u:r:audioserver:s0) Since 'activity' could not be found trying to start it as a lazy AIDL service. (if it's not configured to be a lazy service, it may be stuck starting or still starting).
[ 1326.824675][    T1] init: Control message: Could not find 'aidl/activity' for ctl.interface_start from pid: 413 (/system/bin/servicemanager)
[ 1327.049932][ T1511] servicemanager: Caller(pid=692,uid=1041,sid=u:r:audioserver:s0) Tried to start aidl service activity as a lazy service, but was unable to. Usually this happens when a service is not installed, but if the service is intended to be used as a lazy service, then it may be configured incorrectly.
[ 1327.953707][  T413] servicemanager: Caller(pid=692,uid=1041,sid=u:r:audioserver:s0) Since 'activity' could not be found trying to start it as a lazy AIDL service. (if it's not configured to be a lazy service, it may be stuck starting or still starting).
[ 1328.499432][    T1] init: Control message: Could not find 'aidl/activity' for ctl.interface_start from pid: 413 (/system/bin/servicemanager)
[ 1328.654023][ T1514] servicemanager: Caller(pid=692,uid=1041,sid=u:r:audioserver:s0) Tried to start aidl service activity as a lazy service, but was unable to. Usually this happens when a service is not installed, but if the service is intended to be used as a lazy service, then it may be configured incorrectly.
[ 1329.539529][  T413] servicemanager: Caller(pid=692,uid=1041,sid=u:r:audioserver:s0) Since 'activity' could not be found trying to start it as a lazy AIDL service. (if it's not configured to be a lazy service, it may be stuck starting or still starting).
[ 1330.082945][    T1] init: Control message: Could not find 'aidl/activity' for ctl.interface_start from pid: 413 (/system/bin/servicemanager)
[ 1330.236510][ T1515] servicemanager: Caller(pid=692,uid=1041,sid=u:r:audioserver:s0) Tried to start aidl service activity as a lazy service, but was unable to. Usually this happens when a service is not installed, but if the service is intended to be used as a lazy service, then it may be configured incorrectly.
[ 1331.019284][  T413] servicemanager: Caller(pid=692,uid=1041,sid=u:r:audioserver:s0) Since 'activity' could not be found trying to start it as a lazy AIDL service. (if it's not configured to be a lazy service, it may be stuck starting or still starting).
[ 1331.381742][    T1] init: Control message: Could not find 'aidl/activity' for ctl.interface_start from pid: 413 (/system/bin/servicemanager)
[ 1331.462131][ T1517] servicemanager: Caller(pid=692,uid=1041,sid=u:r:audioserver:s0) Tried to start aidl service activity as a lazy service, but was unable to. Usually this happens when a service is not installed, but if the service is intended to be used as a lazy service, then it may be configured incorrectly.
[ 1332.404640][  T413] servicemanager: Caller(pid=692,uid=1041,sid=u:r:audioserver:s0) Since 'activity' could not be found trying to start it as a lazy AIDL service. (if it's not configured to be a lazy service, it may be stuck starting or still starting).
[ 1333.019501][    T1] init: Control message: Could not find 'aidl/activity' for ctl.interface_start from pid: 413 (/system/bin/servicemanager)
[ 1333.126074][ T1518] servicemanager: Caller(pid=692,uid=1041,sid=u:r:audioserver:s0) Tried to start aidl service activity as a lazy service, but was unable to. Usually this happens when a service is not installed, but if the service is intended to be used as a lazy service, then it may be configured incorrectly.
[ 1333.781070][  T413] servicemanager: Caller(pid=692,uid=1041,sid=u:r:audioserver:s0) Since 'activity' could not be found trying to start it as a lazy AIDL service. (if it's not configured to be a lazy service, it may be stuck starting or still starting).
[ 1334.378671][    T1] init: Control message: Could not find 'aidl/activity' for ctl.interface_start from pid: 413 (/system/bin/servicemanager)
[ 1334.526510][ T1520] servicemanager: Caller(pid=692,uid=1041,sid=u:r:audioserver:s0) Tried to start aidl service activity as a lazy service, but was unable to. Usually this happens when a service is not installed, but if the service is intended to be used as a lazy service, then it may be configured incorrectly.
[ 1335.193944][  T413] servicemanager: Caller(pid=692,uid=1041,sid=u:r:audioserver:s0) Since 'activity' could not be found trying to start it as a lazy AIDL service. (if it's not configured to be a lazy service, it may be stuck starting or still starting).
[ 1335.611682][    T1] init: Control message: Could not find 'aidl/activity' for ctl.interface_start from pid: 413 (/system/bin/servicemanager)
[ 1335.659454][ T1521] servicemanager: Caller(pid=692,uid=1041,sid=u:r:audioserver:s0) Tried to start aidl service activity as a lazy service, but was unable to. Usually this happens when a service is not installed, but if the service is intended to be used as a lazy service, then it may be configured incorrectly.
[ 1336.827333][  T413] servicemanager: Caller(pid=692,uid=1041,sid=u:r:audioserver:s0) Since 'activity' could not be found trying to start it as a lazy AIDL service. (if it's not configured to be a lazy service, it may be stuck starting or still starting).
[ 1337.631889][    T1] init: Control message: Could not find 'aidl/activity' for ctl.interface_start from pid: 413 (/system/bin/servicemanager)
[ 1337.892405][ T1522] servicemanager: Caller(pid=692,uid=1041,sid=u:r:audioserver:s0) Tried to start aidl service activity as a lazy service, but was unable to. Usually this happens when a service is not installed, but if the service is intended to be used as a lazy service, then it may be configured incorrectly.
[ 1338.597203][  T413] servicemanager: Caller(pid=692,uid=1041,sid=u:r:audioserver:s0) Since 'activity' could not be found trying to start it as a lazy AIDL service. (if it's not configured to be a lazy service, it may be stuck starting or still starting).
[ 1339.041278][    T1] init: Control message: Could not find 'aidl/activity' for ctl.interface_start from pid: 413 (/system/bin/servicemanager)
[ 1339.160720][ T1524] servicemanager: Caller(pid=692,uid=1041,sid=u:r:audioserver:s0) Tried to start aidl service activity as a lazy service, but was unable to. Usually this happens when a service is not installed, but if the service is intended to be used as a lazy service, then it may be configured incorrectly.
[ 1339.860218][  T413] servicemanager: Caller(pid=692,uid=1041,sid=u:r:audioserver:s0) Since 'activity' could not be found trying to start it as a lazy AIDL service. (if it's not configured to be a lazy service, it may be stuck starting or still starting).
[ 1340.469259][    T1] init: Control message: Could not find 'aidl/activity' for ctl.interface_start from pid: 413 (/system/bin/servicemanager)
[ 1340.515578][ T1526] servicemanager: Caller(pid=692,uid=1041,sid=u:r:audioserver:s0) Tried to start aidl service activity as a lazy service, but was unable to. Usually this happens when a service is not installed, but if the service is intended to be used as a lazy service, then it may be configured incorrectly.
[ 1341.251351][  T413] servicemanager: Caller(pid=692,uid=1041,sid=u:r:audioserver:s0) Since 'activity' could not be found trying to start it as a lazy AIDL service. (if it's not configured to be a lazy service, it may be stuck starting or still starting).
[ 1341.847298][    T1] init: Control message: Could not find 'aidl/activity' for ctl.interface_start from pid: 413 (/system/bin/servicemanager)
[ 1342.164301][ T1529] servicemanager: Caller(pid=692,uid=1041,sid=u:r:audioserver:s0) Tried to start aidl service activity as a lazy service, but was unable to. Usually this happens when a service is not installed, but if the service is intended to be used as a lazy service, then it may be configured incorrectly.
[ 1343.033259][  T413] servicemanager: Caller(pid=692,uid=1041,sid=u:r:audioserver:s0) Since 'activity' could not be found trying to start it as a lazy AIDL service. (if it's not configured to be a lazy service, it may be stuck starting or still starting).
[ 1343.902534][    T1] init: Control message: Could not find 'aidl/activity' for ctl.interface_start from pid: 413 (/system/bin/servicemanager)
[ 1344.010003][ T1533] servicemanager: Caller(pid=692,uid=1041,sid=u:r:audioserver:s0) Tried to start aidl service activity as a lazy service, but was unable to. Usually this happens when a service is not installed, but if the service is intended to be used as a lazy service, then it may be configured incorrectly.
[ 1345.040593][  T413] servicemanager: Caller(pid=692,uid=1041,sid=u:r:audioserver:s0) Since 'activity' could not be found trying to start it as a lazy AIDL service. (if it's not configured to be a lazy service, it may be stuck starting or still starting).
[ 1346.156036][    T1] init: Control message: Could not find 'aidl/activity' for ctl.interface_start from pid: 413 (/system/bin/servicemanager)
[ 1346.317930][ T1534] servicemanager: Caller(pid=692,uid=1041,sid=u:r:audioserver:s0) Tried to start aidl service activity as a lazy service, but was unable to. Usually this happens when a service is not installed, but if the service is intended to be used as a lazy service, then it may be configured incorrectly.
[ 1347.200130][  T413] servicemanager: Caller(pid=692,uid=1041,sid=u:r:audioserver:s0) Since 'activity' could not be found trying to start it as a lazy AIDL service. (if it's not configured to be a lazy service, it may be stuck starting or still starting).
[ 1347.724101][    T1] init: Control message: Could not find 'aidl/activity' for ctl.interface_start from pid: 413 (/system/bin/servicemanager)
[ 1347.897222][ T1535] servicemanager: Caller(pid=692,uid=1041,sid=u:r:audioserver:s0) Tried to start aidl service activity as a lazy service, but was unable to. Usually this happens when a service is not installed, but if the service is intended to be used as a lazy service, then it may be configured incorrectly.
[ 1348.485259][  T413] servicemanager: Caller(pid=692,uid=1041,sid=u:r:audioserver:s0) Since 'activity' could not be found trying to start it as a lazy AIDL service. (if it's not configured to be a lazy service, it may be stuck starting or still starting).
[ 1348.880462][    T1] init: Control message: Could not find 'aidl/activity' for ctl.interface_start from pid: 413 (/system/bin/servicemanager)
[ 1348.963650][ T1537] servicemanager: Caller(pid=692,uid=1041,sid=u:r:audioserver:s0) Tried to start aidl service activity as a lazy service, but was unable to. Usually this happens when a service is not installed, but if the service is intended to be used as a lazy service, then it may be configured incorrectly.
[ 1349.856667][  T413] servicemanager: Caller(pid=692,uid=1041,sid=u:r:audioserver:s0) Since 'activity' could not be found trying to start it as a lazy AIDL service. (if it's not configured to be a lazy service, it may be stuck starting or still starting).
[ 1350.469068][    T1] init: Control message: Could not find 'aidl/activity' for ctl.interface_start from pid: 413 (/system/bin/servicemanager)
[ 1350.689898][ T1538] servicemanager: Caller(pid=692,uid=1041,sid=u:r:audioserver:s0) Tried to start aidl service activity as a lazy service, but was unable to. Usually this happens when a service is not installed, but if the service is intended to be used as a lazy service, then it may be configured incorrectly.
[ 1351.060586][    T1] init: Untracked process (pid: 1536 name: (sh) ppid: 1 pgrp: 1527 state: Z) received SIGHUP
[ 1351.131916][    T1] init: Untracked process (pid: 1536 name: (sh) ppid: 1 pgrp: 1527 state: Z) did not have an associated service entry and will not be reaped
[ 1351.461811][  T413] servicemanager: Caller(pid=692,uid=1041,sid=u:r:audioserver:s0) Since 'activity' could not be found trying to start it as a lazy AIDL service. (if it's not configured to be a lazy service, it may be stuck starting or still starting).
[ 1352.059883][    T1] init: Control message: Could not find 'aidl/activity' for ctl.interface_start from pid: 413 (/system/bin/servicemanager)
[ 1352.184925][ T1539] servicemanager: Caller(pid=692,uid=1041,sid=u:r:audioserver:s0) Tried to start aidl service activity as a lazy service, but was unable to. Usually this happens when a service is not installed, but if the service is intended to be used as a lazy service, then it may be configured incorrectly.
[ 1352.803113][  T413] servicemanager: Caller(pid=692,uid=1041,sid=u:r:audioserver:s0) Since 'activity' could not be found trying to start it as a lazy AIDL service. (if it's not configured to be a lazy service, it may be stuck starting or still starting).
[ 1353.190638][    T1] init: Control message: Could not find 'aidl/activity' for ctl.interface_start from pid: 413 (/system/bin/servicemanager)
[ 1353.247591][ T1540] servicemanager: Caller(pid=692,uid=1041,sid=u:r:audioserver:s0) Tried to start aidl service activity as a lazy service, but was unable to. Usually this happens when a service is not installed, but if the service is intended to be used as a lazy service, then it may be configured incorrectly.
[ 1354.157233][  T413] servicemanager: Caller(pid=692,uid=1041,sid=u:r:audioserver:s0) Since 'activity' could not be found trying to start it as a lazy AIDL service. (if it's not configured to be a lazy service, it may be stuck starting or still starting).
[ 1354.747047][    T1] init: Control message: Could not find 'aidl/activity' for ctl.interface_start from pid: 413 (/system/bin/servicemanager)
[ 1354.976934][ T1543] servicemanager: Caller(pid=692,uid=1041,sid=u:r:audioserver:s0) Tried to start aidl service activity as a lazy service, but was unable to. Usually this happens when a service is not installed, but if the service is intended to be used as a lazy service, then it may be configured incorrectly.
[ 1355.932010][  T413] servicemanager: Caller(pid=692,uid=1041,sid=u:r:audioserver:s0) Since 'activity' could not be found trying to start it as a lazy AIDL service. (if it's not configured to be a lazy service, it may be stuck starting or still starting).
[ 1356.145277][    T1] init: Control message: Could not find 'aidl/activity' for ctl.interface_start from pid: 413 (/system/bin/servicemanager)
[ 1356.169015][ T1547] servicemanager: Caller(pid=692,uid=1041,sid=u:r:audioserver:s0) Tried to start aidl service activity as a lazy service, but was unable to. Usually this happens when a service is not installed, but if the service is intended to be used as a lazy service, then it may be configured incorrectly.
[ 1357.490196][  T413] servicemanager: Caller(pid=692,uid=1041,sid=u:r:audioserver:s0) Since 'activity' could not be found trying to start it as a lazy AIDL service. (if it's not configured to be a lazy service, it may be stuck starting or still starting).
[ 1357.841055][    T1] init: Control message: Could not find 'aidl/activity' for ctl.interface_start from pid: 413 (/system/bin/servicemanager)
[ 1357.862855][ T1550] servicemanager: Caller(pid=692,uid=1041,sid=u:r:audioserver:s0) Tried to start aidl service activity as a lazy service, but was unable to. Usually this happens when a service is not installed, but if the service is intended to be used as a lazy service, then it may be configured incorrectly.
[ 1359.112315][  T413] servicemanager: Caller(pid=692,uid=1041,sid=u:r:audioserver:s0) Since 'activity' could not be found trying to start it as a lazy AIDL service. (if it's not configured to be a lazy service, it may be stuck starting or still starting).
[ 1359.795851][    T1] init: Control message: Could not find 'aidl/activity' for ctl.interface_start from pid: 413 (/system/bin/servicemanager)
[ 1359.927515][ T1552] servicemanager: Caller(pid=692,uid=1041,sid=u:r:audioserver:s0) Tried to start aidl service activity as a lazy service, but was unable to. Usually this happens when a service is not installed, but if the service is intended to be used as a lazy service, then it may be configured incorrectly.
[ 1361.130154][  T413] servicemanager: Caller(pid=692,uid=1041,sid=u:r:audioserver:s0) Since 'activity' could not be found trying to start it as a lazy AIDL service. (if it's not configured to be a lazy service, it may be stuck starting or still starting).
[ 1362.112235][    T1] init: Control message: Could not find 'aidl/activity' for ctl.interface_start from pid: 413 (/system/bin/servicemanager)
[ 1362.595116][ T1553] servicemanager: Caller(pid=692,uid=1041,sid=u:r:audioserver:s0) Tried to start aidl service activity as a lazy service, but was unable to. Usually this happens when a service is not installed, but if the service is intended to be used as a lazy service, then it may be configured incorrectly.
[ 1362.722969][  T413] servicemanager: Caller(pid=692,uid=1041,sid=u:r:audioserver:s0) Since 'activity' could not be found trying to start it as a lazy AIDL service. (if it's not configured to be a lazy service, it may be stuck starting or still starting).
[ 1363.205173][    T1] init: Control message: Could not find 'aidl/activity' for ctl.interface_start from pid: 413 (/system/bin/servicemanager)
[ 1363.366288][ T1555] servicemanager: Caller(pid=692,uid=1041,sid=u:r:audioserver:s0) Tried to start aidl service activity as a lazy service, but was unable to. Usually this happens when a service is not installed, but if the service is intended to be used as a lazy service, then it may be configured incorrectly.
[ 1364.234495][  T413] servicemanager: Caller(pid=692,uid=1041,sid=u:r:audioserver:s0) Since 'activity' could not be found trying to start it as a lazy AIDL service. (if it's not configured to be a lazy service, it may be stuck starting or still starting).
[ 1364.584865][    T1] init: Control message: Could not find 'aidl/activity' for ctl.interface_start from pid: 413 (/system/bin/servicemanager)
[ 1364.780973][ T1556] servicemanager: Caller(pid=692,uid=1041,sid=u:r:audioserver:s0) Tried to start aidl service activity as a lazy service, but was unable to. Usually this happens when a service is not installed, but if the service is intended to be used as a lazy service, then it may be configured incorrectly.
[ 1365.122884][    T1] init: Untracked process (pid: 1554 name: (sh) ppid: 1 pgrp: 1546 state: Z) received SIGHUP
[ 1365.246456][    T1] init: Untracked process (pid: 1554 name: (sh) ppid: 1 pgrp: 1546 state: Z) did not have an associated service entry and will not be reaped
[ 1365.469230][  T413] servicemanager: Caller(pid=692,uid=1041,sid=u:r:audioserver:s0) Since 'activity' could not be found trying to start it as a lazy AIDL service. (if it's not configured to be a lazy service, it may be stuck starting or still starting).
[ 1365.897970][    T1] init: Control message: Could not find 'aidl/activity' for ctl.interface_start from pid: 413 (/system/bin/servicemanager)
[ 1366.012292][ T1557] servicemanager: Caller(pid=692,uid=1041,sid=u:r:audioserver:s0) Tried to start aidl service activity as a lazy service, but was unable to. Usually this happens when a service is not installed, but if the service is intended to be used as a lazy service, then it may be configured incorrectly.
[ 1366.900844][  T413] servicemanager: Caller(pid=692,uid=1041,sid=u:r:audioserver:s0) Since 'activity' could not be found trying to start it as a lazy AIDL service. (if it's not configured to be a lazy service, it may be stuck starting or still starting).
[ 1367.586193][    T1] init: Control message: Could not find 'aidl/activity' for ctl.interface_start from pid: 413 (/system/bin/servicemanager)
[ 1367.690840][ T1559] servicemanager: Caller(pid=692,uid=1041,sid=u:r:audioserver:s0) Tried to start aidl service activity as a lazy service, but was unable to. Usually this happens when a service is not installed, but if the service is intended to be used as a lazy service, then it may be configured incorrectly.
[ 1368.636305][  T413] servicemanager: Caller(pid=692,uid=1041,sid=u:r:audioserver:s0) Since 'activity' could not be found trying to start it as a lazy AIDL service. (if it's not configured to be a lazy service, it may be stuck starting or still starting).
[ 1369.259026][    T1] init: Control message: Could not find 'aidl/activity' for ctl.interface_start from pid: 413 (/system/bin/servicemanager)
[ 1369.422965][ T1560] servicemanager: Caller(pid=692,uid=1041,sid=u:r:audioserver:s0) Tried to start aidl service activity as a lazy service, but was unable to. Usually this happens when a service is not installed, but if the service is intended to be used as a lazy service, then it may be configured incorrectly.
[ 1370.176163][  T413] servicemanager: Caller(pid=692,uid=1041,sid=u:r:audioserver:s0) Since 'activity' could not be found trying to start it as a lazy AIDL service. (if it's not configured to be a lazy service, it may be stuck starting or still starting).
[ 1370.856027][    T1] init: Control message: Could not find 'aidl/activity' for ctl.interface_start from pid: 413 (/system/bin/servicemanager)
[ 1371.173028][ T1563] servicemanager: Caller(pid=692,uid=1041,sid=u:r:audioserver:s0) Tried to start aidl service activity as a lazy service, but was unable to. Usually this happens when a service is not installed, but if the service is intended to be used as a lazy service, then it may be configured incorrectly.
[ 1371.923133][  T413] servicemanager: Caller(pid=692,uid=1041,sid=u:r:audioserver:s0) Since 'activity' could not be found trying to start it as a lazy AIDL service. (if it's not configured to be a lazy service, it may be stuck starting or still starting).
[ 1372.338038][    T1] init: Control message: Could not find 'aidl/activity' for ctl.interface_start from pid: 413 (/system/bin/servicemanager)
[ 1372.485071][ T1567] servicemanager: Caller(pid=692,uid=1041,sid=u:r:audioserver:s0) Tried to start aidl service activity as a lazy service, but was unable to. Usually this happens when a service is not installed, but if the service is intended to be used as a lazy service, then it may be configured incorrectly.
[ 1373.346353][  T413] servicemanager: Caller(pid=692,uid=1041,sid=u:r:audioserver:s0) Since 'activity' could not be found trying to start it as a lazy AIDL service. (if it's not configured to be a lazy service, it may be stuck starting or still starting).
[ 1373.763981][    T1] init: Control message: Could not find 'aidl/activity' for ctl.interface_start from pid: 413 (/system/bin/servicemanager)
[ 1373.941167][ T1568] servicemanager: Caller(pid=692,uid=1041,sid=u:r:audioserver:s0) Tried to start aidl service activity as a lazy service, but was unable to. Usually this happens when a service is not installed, but if the service is intended to be used as a lazy service, then it may be configured incorrectly.
[ 1374.705812][  T413] servicemanager: Caller(pid=692,uid=1041,sid=u:r:audioserver:s0) Since 'activity' could not be found trying to start it as a lazy AIDL service. (if it's not configured to be a lazy service, it may be stuck starting or still starting).
[ 1375.259357][    T1] init: Control message: Could not find 'aidl/activity' for ctl.interface_start from pid: 413 (/system/bin/servicemanager)
[ 1375.305859][ T1570] servicemanager: Caller(pid=692,uid=1041,sid=u:r:audioserver:s0) Tried to start aidl service activity as a lazy service, but was unable to. Usually this happens when a service is not installed, but if the service is intended to be used as a lazy service, then it may be configured incorrectly.
[ 1376.352074][  T413] servicemanager: Caller(pid=692,uid=1041,sid=u:r:audioserver:s0) Since 'activity' could not be found trying to start it as a lazy AIDL service. (if it's not configured to be a lazy service, it may be stuck starting or still starting).
[ 1376.980986][    T1] init: Control message: Could not find 'aidl/activity' for ctl.interface_start from pid: 413 (/system/bin/servicemanager)
[ 1377.261120][ T1571] servicemanager: Caller(pid=692,uid=1041,sid=u:r:audioserver:s0) Tried to start aidl service activity as a lazy service, but was unable to. Usually this happens when a service is not installed, but if the service is intended to be used as a lazy service, then it may be configured incorrectly.
[ 1378.333312][  T413] servicemanager: Caller(pid=692,uid=1041,sid=u:r:audioserver:s0) Since 'activity' could not be found trying to start it as a lazy AIDL service. (if it's not configured to be a lazy service, it may be stuck starting or still starting).
[ 1378.608912][    T1] init: Control message: Could not find 'aidl/activity' for ctl.interface_start from pid: 413 (/system/bin/servicemanager)
[ 1379.028264][ T1573] servicemanager: Caller(pid=692,uid=1041,sid=u:r:audioserver:s0) Tried to start aidl service activity as a lazy service, but was unable to. Usually this happens when a service is not installed, but if the service is intended to be used as a lazy service, then it may be configured incorrectly.
[ 1379.799432][  T413] servicemanager: Caller(pid=692,uid=1041,sid=u:r:audioserver:s0) Since 'activity' could not be found trying to start it as a lazy AIDL service. (if it's not configured to be a lazy service, it may be stuck starting or still starting).
[ 1379.891720][    T1] init: Untracked process (pid: 1572 name: (sh) ppid: 1 pgrp: 1562 state: Z) received SIGHUP
[ 1379.971735][    T1] init: Untracked process (pid: 1572 name: (sh) ppid: 1 pgrp: 1562 state: Z) did not have an associated service entry and will not be reaped
[ 1380.218909][    T1] init: Control message: Could not find 'aidl/activity' for ctl.interface_start from pid: 413 (/system/bin/servicemanager)
[ 1380.343387][ T1574] servicemanager: Caller(pid=692,uid=1041,sid=u:r:audioserver:s0) Tried to start aidl service activity as a lazy service, but was unable to. Usually this happens when a service is not installed, but if the service is intended to be used as a lazy service, then it may be configured incorrectly.
[ 1381.100424][  T413] servicemanager: Caller(pid=692,uid=1041,sid=u:r:audioserver:s0) Since 'activity' could not be found trying to start it as a lazy AIDL service. (if it's not configured to be a lazy service, it may be stuck starting or still starting).
[ 1381.417361][    T1] init: Control message: Could not find 'aidl/activity' for ctl.interface_start from pid: 413 (/system/bin/servicemanager)
[ 1381.683180][ T1575] servicemanager: Caller(pid=692,uid=1041,sid=u:r:audioserver:s0) Tried to start aidl service activity as a lazy service, but was unable to. Usually this happens when a service is not installed, but if the service is intended to be used as a lazy service, then it may be configured incorrectly.
[ 1382.414026][  T413] servicemanager: Caller(pid=692,uid=1041,sid=u:r:audioserver:s0) Since 'activity' could not be found trying to start it as a lazy AIDL service. (if it's not configured to be a lazy service, it may be stuck starting or still starting).
[ 1382.827334][    T1] init: Control message: Could not find 'aidl/activity' for ctl.interface_start from pid: 413 (/system/bin/servicemanager)
[ 1382.910827][ T1578] servicemanager: Caller(pid=692,uid=1041,sid=u:r:audioserver:s0) Tried to start aidl service activity as a lazy service, but was unable to. Usually this happens when a service is not installed, but if the service is intended to be used as a lazy service, then it may be configured incorrectly.
[ 1384.191361][  T413] servicemanager: Caller(pid=692,uid=1041,sid=u:r:audioserver:s0) Since 'activity' could not be found trying to start it as a lazy AIDL service. (if it's not configured to be a lazy service, it may be stuck starting or still starting).
[ 1385.074481][    T1] init: Control message: Could not find 'aidl/activity' for ctl.interface_start from pid: 413 (/system/bin/servicemanager)
[ 1385.376738][ T1581] servicemanager: Caller(pid=692,uid=1041,sid=u:r:audioserver:s0) Tried to start aidl service activity as a lazy service, but was unable to. Usually this happens when a service is not installed, but if the service is intended to be used as a lazy service, then it may be configured incorrectly.
[ 1385.987859][  T413] servicemanager: Caller(pid=692,uid=1041,sid=u:r:audioserver:s0) Since 'activity' could not be found trying to start it as a lazy AIDL service. (if it's not configured to be a lazy service, it may be stuck starting or still starting).
[ 1386.440339][    T1] init: Control message: Could not find 'aidl/activity' for ctl.interface_start from pid: 413 (/system/bin/servicemanager)
[ 1386.835458][ T1583] servicemanager: Caller(pid=692,uid=1041,sid=u:r:audioserver:s0) Tried to start aidl service activity as a lazy service, but was unable to. Usually this happens when a service is not installed, but if the service is intended to be used as a lazy service, then it may be configured incorrectly.
[ 1387.496203][  T413] servicemanager: Caller(pid=692,uid=1041,sid=u:r:audioserver:s0) Since 'activity' could not be found trying to start it as a lazy AIDL service. (if it's not configured to be a lazy service, it may be stuck starting or still starting).
[ 1387.813189][    T1] init: Control message: Could not find 'aidl/activity' for ctl.interface_start from pid: 413 (/system/bin/servicemanager)
[ 1387.864290][ T1585] servicemanager: Caller(pid=692,uid=1041,sid=u:r:audioserver:s0) Tried to start aidl service activity as a lazy service, but was unable to. Usually this happens when a service is not installed, but if the service is intended to be used as a lazy service, then it may be configured incorrectly.
[ 1388.992439][  T413] servicemanager: Caller(pid=692,uid=1041,sid=u:r:audioserver:s0) Since 'activity' could not be found trying to start it as a lazy AIDL service. (if it's not configured to be a lazy service, it may be stuck starting or still starting).
[ 1389.464461][    T1] init: Control message: Could not find 'aidl/activity' for ctl.interface_start from pid: 413 (/system/bin/servicemanager)
[ 1389.501946][ T1587] servicemanager: Caller(pid=692,uid=1041,sid=u:r:audioserver:s0) Tried to start aidl service activity as a lazy service, but was unable to. Usually this happens when a service is not installed, but if the service is intended to be used as a lazy service, then it may be configured incorrectly.
[ 1390.437380][  T413] servicemanager: Caller(pid=692,uid=1041,sid=u:r:audioserver:s0) Since 'activity' could not be found trying to start it as a lazy AIDL service. (if it's not configured to be a lazy service, it may be stuck starting or still starting).
[ 1390.755379][    T1] init: Control message: Could not find 'aidl/activity' for ctl.interface_start from pid: 413 (/system/bin/servicemanager)
[ 1390.952844][ T1588] servicemanager: Caller(pid=692,uid=1041,sid=u:r:audioserver:s0) Tried to start aidl service activity as a lazy service, but was unable to. Usually this happens when a service is not installed, but if the service is intended to be used as a lazy service, then it may be configured incorrectly.
[ 1391.904439][  T413] servicemanager: Caller(pid=692,uid=1041,sid=u:r:audioserver:s0) Since 'activity' could not be found trying to start it as a lazy AIDL service. (if it's not configured to be a lazy service, it may be stuck starting or still starting).
[ 1392.172143][    T1] init: Control message: Could not find 'aidl/activity' for ctl.interface_start from pid: 413 (/system/bin/servicemanager)
[ 1392.207209][ T1589] servicemanager: Caller(pid=692,uid=1041,sid=u:r:audioserver:s0) Tried to start aidl service activity as a lazy service, but was unable to. Usually this happens when a service is not installed, but if the service is intended to be used as a lazy service, then it may be configured incorrectly.
[ 1393.286074][  T413] servicemanager: Caller(pid=692,uid=1041,sid=u:r:audioserver:s0) Since 'activity' could not be found trying to start it as a lazy AIDL service. (if it's not configured to be a lazy service, it may be stuck starting or still starting).
[ 1393.552524][    T1] init: Control message: Could not find 'aidl/activity' for ctl.interface_start from pid: 413 (/system/bin/servicemanager)
[ 1393.635619][ T1591] servicemanager: Caller(pid=692,uid=1041,sid=u:r:audioserver:s0) Tried to start aidl service activity as a lazy service, but was unable to. Usually this happens when a service is not installed, but if the service is intended to be used as a lazy service, then it may be configured incorrectly.
[ 1394.751543][  T413] servicemanager: Caller(pid=692,uid=1041,sid=u:r:audioserver:s0) Since 'activity' could not be found trying to start it as a lazy AIDL service. (if it's not configured to be a lazy service, it may be stuck starting or still starting).
[ 1395.159177][    T1] init: Control message: Could not find 'aidl/activity' for ctl.interface_start from pid: 413 (/system/bin/servicemanager)
[ 1395.233269][ T1592] servicemanager: Caller(pid=692,uid=1041,sid=u:r:audioserver:s0) Tried to start aidl service activity as a lazy service, but was unable to. Usually this happens when a service is not installed, but if the service is intended to be used as a lazy service, then it may be configured incorrectly.
[ 1395.369041][    T1] init: Untracked process (pid: 1590 name: (sh) ppid: 1 pgrp: 1582 state: Z) received SIGHUP
[ 1395.383166][    T1] init: Untracked process (pid: 1590 name: (sh) ppid: 1 pgrp: 1582 state: Z) did not have an associated service entry and will not be reaped
[ 1396.294379][  T413] servicemanager: Caller(pid=692,uid=1041,sid=u:r:audioserver:s0) Since 'activity' could not be found trying to start it as a lazy AIDL service. (if it's not configured to be a lazy service, it may be stuck starting or still starting).
[ 1396.882103][    T1] init: Control message: Could not find 'aidl/activity' for ctl.interface_start from pid: 413 (/system/bin/servicemanager)
[ 1397.354052][ T1594] servicemanager: Caller(pid=692,uid=1041,sid=u:r:audioserver:s0) Tried to start aidl service activity as a lazy service, but was unable to. Usually this happens when a service is not installed, but if the service is intended to be used as a lazy service, then it may be configured incorrectly.
[ 1397.986116][  T413] servicemanager: Caller(pid=692,uid=1041,sid=u:r:audioserver:s0) Since 'activity' could not be found trying to start it as a lazy AIDL service. (if it's not configured to be a lazy service, it may be stuck starting or still starting).
[ 1398.366971][    T1] init: Control message: Could not find 'aidl/activity' for ctl.interface_start from pid: 413 (/system/bin/servicemanager)
[ 1398.485906][ T1596] servicemanager: Caller(pid=692,uid=1041,sid=u:r:audioserver:s0) Tried to start aidl service activity as a lazy service, but was unable to. Usually this happens when a service is not installed, but if the service is intended to be used as a lazy service, then it may be configured incorrectly.
[ 1399.647820][  T413] servicemanager: Caller(pid=692,uid=1041,sid=u:r:audioserver:s0) Since 'activity' could not be found trying to start it as a lazy AIDL service. (if it's not configured to be a lazy service, it may be stuck starting or still starting).
[ 1400.255867][    T1] init: Control message: Could not find 'aidl/activity' for ctl.interface_start from pid: 413 (/system/bin/servicemanager)
[ 1400.731183][ T1598] servicemanager: Caller(pid=692,uid=1041,sid=u:r:audioserver:s0) Tried to start aidl service activity as a lazy service, but was unable to. Usually this happens when a service is not installed, but if the service is intended to be used as a lazy service, then it may be configured incorrectly.
[ 1401.169665][  T413] servicemanager: Caller(pid=692,uid=1041,sid=u:r:audioserver:s0) Since 'activity' could not be found trying to start it as a lazy AIDL service. (if it's not configured to be a lazy service, it may be stuck starting or still starting).
[ 1401.695695][    T1] init: Control message: Could not find 'aidl/activity' for ctl.interface_start from pid: 413 (/system/bin/servicemanager)
[ 1401.759724][ T1602] servicemanager: Caller(pid=692,uid=1041,sid=u:r:audioserver:s0) Tried to start aidl service activity as a lazy service, but was unable to. Usually this happens when a service is not installed, but if the service is intended to be used as a lazy service, then it may be configured incorrectly.
[ 1402.964800][  T413] servicemanager: Caller(pid=692,uid=1041,sid=u:r:audioserver:s0) Since 'activity' could not be found trying to start it as a lazy AIDL service. (if it's not configured to be a lazy service, it may be stuck starting or still starting).
[ 1403.476692][    T1] init: Control message: Could not find 'aidl/activity' for ctl.interface_start from pid: 413 (/system/bin/servicemanager)
[ 1403.636983][ T1604] servicemanager: Caller(pid=692,uid=1041,sid=u:r:audioserver:s0) Tried to start aidl service activity as a lazy service, but was unable to. Usually this happens when a service is not installed, but if the service is intended to be used as a lazy service, then it may be configured incorrectly.
[ 1404.543971][  T413] servicemanager: Caller(pid=692,uid=1041,sid=u:r:audioserver:s0) Since 'activity' could not be found trying to start it as a lazy AIDL service. (if it's not configured to be a lazy service, it may be stuck starting or still starting).
[ 1405.061761][    T1] init: Control message: Could not find 'aidl/activity' for ctl.interface_start from pid: 413 (/system/bin/servicemanager)
[ 1405.307051][ T1605] servicemanager: Caller(pid=692,uid=1041,sid=u:r:audioserver:s0) Tried to start aidl service activity as a lazy service, but was unable to. Usually this happens when a service is not installed, but if the service is intended to be used as a lazy service, then it may be configured incorrectly.
[ 1406.191259][  T413] servicemanager: Caller(pid=692,uid=1041,sid=u:r:audioserver:s0) Since 'activity' could not be found trying to start it as a lazy AIDL service. (if it's not configured to be a lazy service, it may be stuck starting or still starting).
[ 1406.920182][    T1] init: Control message: Could not find 'aidl/activity' for ctl.interface_start from pid: 413 (/system/bin/servicemanager)
[ 1407.119713][ T1606] servicemanager: Caller(pid=692,uid=1041,sid=u:r:audioserver:s0) Tried to start aidl service activity as a lazy service, but was unable to. Usually this happens when a service is not installed, but if the service is intended to be used as a lazy service, then it may be configured incorrectly.
[ 1407.719206][  T413] servicemanager: Caller(pid=692,uid=1041,sid=u:r:audioserver:s0) Since 'activity' could not be found trying to start it as a lazy AIDL service. (if it's not configured to be a lazy service, it may be stuck starting or still starting).
[ 1408.268896][    T1] init: Control message: Could not find 'aidl/activity' for ctl.interface_start from pid: 413 (/system/bin/servicemanager)
[ 1408.324828][ T1608] servicemanager: Caller(pid=692,uid=1041,sid=u:r:audioserver:s0) Tried to start aidl service activity as a lazy service, but was unable to. Usually this happens when a service is not installed, but if the service is intended to be used as a lazy service, then it may be configured incorrectly.
[ 1409.044356][  T413] servicemanager: Caller(pid=692,uid=1041,sid=u:r:audioserver:s0) Since 'activity' could not be found trying to start it as a lazy AIDL service. (if it's not configured to be a lazy service, it may be stuck starting or still starting).
[ 1409.646225][    T1] init: Control message: Could not find 'aidl/activity' for ctl.interface_start from pid: 413 (/system/bin/servicemanager)
[ 1409.762094][ T1611] servicemanager: Caller(pid=692,uid=1041,sid=u:r:audioserver:s0) Tried to start aidl service activity as a lazy service, but was unable to. Usually this happens when a service is not installed, but if the service is intended to be used as a lazy service, then it may be configured incorrectly.
[ 1410.533427][  T413] servicemanager: Caller(pid=692,uid=1041,sid=u:r:audioserver:s0) Since 'activity' could not be found trying to start it as a lazy AIDL service. (if it's not configured to be a lazy service, it may be stuck starting or still starting).
[ 1410.607149][    T1] init: Untracked process (pid: 1607 name: (sh) ppid: 1 pgrp: 1597 state: Z) exited with status 0
[ 1410.623904][    T1] init: Untracked process (pid: 1607 name: (sh) ppid: 1 pgrp: 1597 state: Z) did not have an associated service entry and will not be reaped
[ 1410.719305][    T1] init: Control message: Could not find 'aidl/activity' for ctl.interface_start from pid: 413 (/system/bin/servicemanager)
[ 1410.745824][ T1612] servicemanager: Caller(pid=692,uid=1041,sid=u:r:audioserver:s0) Tried to start aidl service activity as a lazy service, but was unable to. Usually this happens when a service is not installed, but if the service is intended to be used as a lazy service, then it may be configured incorrectly.
[ 1411.912917][  T413] servicemanager: Caller(pid=692,uid=1041,sid=u:r:audioserver:s0) Since 'activity' could not be found trying to start it as a lazy AIDL service. (if it's not configured to be a lazy service, it may be stuck starting or still starting).
[ 1412.237972][    T1] init: Control message: Could not find 'aidl/activity' for ctl.interface_start from pid: 413 (/system/bin/servicemanager)
[ 1412.310854][ T1613] servicemanager: Caller(pid=692,uid=1041,sid=u:r:audioserver:s0) Tried to start aidl service activity as a lazy service, but was unable to. Usually this happens when a service is not installed, but if the service is intended to be used as a lazy service, then it may be configured incorrectly.
[ 1413.519201][  T413] servicemanager: Caller(pid=692,uid=1041,sid=u:r:audioserver:s0) Since 'activity' could not be found trying to start it as a lazy AIDL service. (if it's not configured to be a lazy service, it may be stuck starting or still starting).
[ 1413.979562][    T1] init: Control message: Could not find 'aidl/activity' for ctl.interface_start from pid: 413 (/system/bin/servicemanager)
[ 1414.127747][ T1616] servicemanager: Caller(pid=692,uid=1041,sid=u:r:audioserver:s0) Tried to start aidl service activity as a lazy service, but was unable to. Usually this happens when a service is not installed, but if the service is intended to be used as a lazy service, then it may be configured incorrectly.
[ 1415.454850][  T413] servicemanager: Caller(pid=692,uid=1041,sid=u:r:audioserver:s0) Since 'activity' could not be found trying to start it as a lazy AIDL service. (if it's not configured to be a lazy service, it may be stuck starting or still starting).
[ 1416.055285][    T1] init: Control message: Could not find 'aidl/activity' for ctl.interface_start from pid: 413 (/system/bin/servicemanager)
[ 1416.265207][ T1618] servicemanager: Caller(pid=692,uid=1041,sid=u:r:audioserver:s0) Tried to start aidl service activity as a lazy service, but was unable to. Usually this happens when a service is not installed, but if the service is intended to be used as a lazy service, then it may be configured incorrectly.
[ 1417.276152][  T413] servicemanager: Caller(pid=692,uid=1041,sid=u:r:audioserver:s0) Since 'activity' could not be found trying to start it as a lazy AIDL service. (if it's not configured to be a lazy service, it may be stuck starting or still starting).
[ 1417.591983][    T1] init: Control message: Could not find 'aidl/activity' for ctl.interface_start from pid: 413 (/system/bin/servicemanager)
[ 1417.661302][ T1620] servicemanager: Caller(pid=692,uid=1041,sid=u:r:audioserver:s0) Tried to start aidl service activity as a lazy service, but was unable to. Usually this happens when a service is not installed, but if the service is intended to be used as a lazy service, then it may be configured incorrectly.
[ 1419.189791][  T413] servicemanager: Caller(pid=692,uid=1041,sid=u:r:audioserver:s0) Since 'activity' could not be found trying to start it as a lazy AIDL service. (if it's not configured to be a lazy service, it may be stuck starting or still starting).
[ 1419.633880][    T1] init: Control message: Could not find 'aidl/activity' for ctl.interface_start from pid: 413 (/system/bin/servicemanager)
[ 1419.858048][ T1622] servicemanager: Caller(pid=692,uid=1041,sid=u:r:audioserver:s0) Tried to start aidl service activity as a lazy service, but was unable to. Usually this happens when a service is not installed, but if the service is intended to be used as a lazy service, then it may be configured incorrectly.
[ 1420.629615][  T413] servicemanager: Caller(pid=692,uid=1041,sid=u:r:audioserver:s0) Since 'activity' could not be found trying to start it as a lazy AIDL service. (if it's not configured to be a lazy service, it may be stuck starting or still starting).
[ 1421.193199][    T1] init: Control message: Could not find 'aidl/activity' for ctl.interface_start from pid: 413 (/system/bin/servicemanager)
[ 1421.274222][ T1623] servicemanager: Caller(pid=692,uid=1041,sid=u:r:audioserver:s0) Tried to start aidl service activity as a lazy service, but was unable to. Usually this happens when a service is not installed, but if the service is intended to be used as a lazy service, then it may be configured incorrectly.
[ 1422.427667][  T413] servicemanager: Caller(pid=692,uid=1041,sid=u:r:audioserver:s0) Since 'activity' could not be found trying to start it as a lazy AIDL service. (if it's not configured to be a lazy service, it may be stuck starting or still starting).
[ 1423.280035][    T1] init: Control message: Could not find 'aidl/activity' for ctl.interface_start from pid: 413 (/system/bin/servicemanager)
[ 1423.394777][ T1624] servicemanager: Caller(pid=692,uid=1041,sid=u:r:audioserver:s0) Tried to start aidl service activity as a lazy service, but was unable to. Usually this happens when a service is not installed, but if the service is intended to be used as a lazy service, then it may be configured incorrectly.
[ 1424.065655][  T413] servicemanager: Caller(pid=692,uid=1041,sid=u:r:audioserver:s0) Since 'activity' could not be found trying to start it as a lazy AIDL service. (if it's not configured to be a lazy service, it may be stuck starting or still starting).
[ 1424.639886][    T1] init: Control message: Could not find 'aidl/activity' for ctl.interface_start from pid: 413 (/system/bin/servicemanager)
[ 1424.978889][ T1628] servicemanager: Caller(pid=692,uid=1041,sid=u:r:audioserver:s0) Tried to start aidl service activity as a lazy service, but was unable to. Usually this happens when a service is not installed, but if the service is intended to be used as a lazy service, then it may be configured incorrectly.
[ 1425.351281][    T1] init: Untracked process (pid: 1626 name: (sh) ppid: 1 pgrp: 1617 state: Z) received SIGHUP
[ 1425.365194][    T1] init: Untracked process (pid: 1626 name: (sh) ppid: 1 pgrp: 1617 state: Z) did not have an associated service entry and will not be reaped
[ 1425.670919][  T413] servicemanager: Caller(pid=692,uid=1041,sid=u:r:audioserver:s0) Since 'activity' could not be found trying to start it as a lazy AIDL service. (if it's not configured to be a lazy service, it may be stuck starting or still starting).
[ 1426.210972][    T1] init: Control message: Could not find 'aidl/activity' for ctl.interface_start from pid: 413 (/system/bin/servicemanager)
[ 1426.609897][ T1629] servicemanager: Caller(pid=692,uid=1041,sid=u:r:audioserver:s0) Tried to start aidl service activity as a lazy service, but was unable to. Usually this happens when a service is not installed, but if the service is intended to be used as a lazy service, then it may be configured incorrectly.
[ 1427.495633][  T413] servicemanager: Caller(pid=692,uid=1041,sid=u:r:audioserver:s0) Since 'activity' could not be found trying to start it as a lazy AIDL service. (if it's not configured to be a lazy service, it may be stuck starting or still starting).
[ 1428.207136][    T1] init: Control message: Could not find 'aidl/activity' for ctl.interface_start from pid: 413 (/system/bin/servicemanager)
[ 1428.758554][ T1630] servicemanager: Caller(pid=692,uid=1041,sid=u:r:audioserver:s0) Tried to start aidl service activity as a lazy service, but was unable to. Usually this happens when a service is not installed, but if the service is intended to be used as a lazy service, then it may be configured incorrectly.
[ 1428.965266][  T413] servicemanager: Caller(pid=692,uid=1041,sid=u:r:audioserver:s0) Since 'activity' could not be found trying to start it as a lazy AIDL service. (if it's not configured to be a lazy service, it may be stuck starting or still starting).
[ 1429.323231][    T1] init: Control message: Could not find 'aidl/activity' for ctl.interface_start from pid: 413 (/system/bin/servicemanager)
[ 1429.351204][ T1633] servicemanager: Caller(pid=692,uid=1041,sid=u:r:audioserver:s0) Tried to start aidl service activity as a lazy service, but was unable to. Usually this happens when a service is not installed, but if the service is intended to be used as a lazy service, then it may be configured incorrectly.
[ 1430.744152][  T413] servicemanager: Caller(pid=692,uid=1041,sid=u:r:audioserver:s0) Since 'activity' could not be found trying to start it as a lazy AIDL service. (if it's not configured to be a lazy service, it may be stuck starting or still starting).
[ 1431.253394][    T1] init: Control message: Could not find 'aidl/activity' for ctl.interface_start from pid: 413 (/system/bin/servicemanager)
[ 1431.584734][ T1636] servicemanager: Caller(pid=692,uid=1041,sid=u:r:audioserver:s0) Tried to start aidl service activity as a lazy service, but was unable to. Usually this happens when a service is not installed, but if the service is intended to be used as a lazy service, then it may be configured incorrectly.
[ 1432.228934][  T413] servicemanager: Caller(pid=692,uid=1041,sid=u:r:audioserver:s0) Since 'activity' could not be found trying to start it as a lazy AIDL service. (if it's not configured to be a lazy service, it may be stuck starting or still starting).
[ 1432.954948][    T1] init: Control message: Could not find 'aidl/activity' for ctl.interface_start from pid: 413 (/system/bin/servicemanager)
[ 1433.059233][ T1637] servicemanager: Caller(pid=692,uid=1041,sid=u:r:audioserver:s0) Tried to start aidl service activity as a lazy service, but was unable to. Usually this happens when a service is not installed, but if the service is intended to be used as a lazy service, then it may be configured incorrectly.
[ 1434.456782][  T413] servicemanager: Caller(pid=692,uid=1041,sid=u:r:audioserver:s0) Since 'activity' could not be found trying to start it as a lazy AIDL service. (if it's not configured to be a lazy service, it may be stuck starting or still starting).
[ 1435.016208][    T1] init: Control message: Could not find 'aidl/activity' for ctl.interface_start from pid: 413 (/system/bin/servicemanager)
[ 1435.390910][ T1639] servicemanager: Caller(pid=692,uid=1041,sid=u:r:audioserver:s0) Tried to start aidl service activity as a lazy service, but was unable to. Usually this happens when a service is not installed, but if the service is intended to be used as a lazy service, then it may be configured incorrectly.
[ 1435.949922][  T413] servicemanager: Caller(pid=692,uid=1041,sid=u:r:audioserver:s0) Since 'activity' could not be found trying to start it as a lazy AIDL service. (if it's not configured to be a lazy service, it may be stuck starting or still starting).
[ 1436.569531][    T1] init: Control message: Could not find 'aidl/activity' for ctl.interface_start from pid: 413 (/system/bin/servicemanager)
[ 1436.639183][ T1640] servicemanager: Caller(pid=692,uid=1041,sid=u:r:audioserver:s0) Tried to start aidl service activity as a lazy service, but was unable to. Usually this happens when a service is not installed, but if the service is intended to be used as a lazy service, then it may be configured incorrectly.
[ 1437.407909][  T413] servicemanager: Caller(pid=692,uid=1041,sid=u:r:audioserver:s0) Since 'activity' could not be found trying to start it as a lazy AIDL service. (if it's not configured to be a lazy service, it may be stuck starting or still starting).
[ 1437.981138][    T1] init: Control message: Could not find 'aidl/activity' for ctl.interface_start from pid: 413 (/system/bin/servicemanager)
[ 1438.234943][ T1642] servicemanager: Caller(pid=692,uid=1041,sid=u:r:audioserver:s0) Tried to start aidl service activity as a lazy service, but was unable to. Usually this happens when a service is not installed, but if the service is intended to be used as a lazy service, then it may be configured incorrectly.
[ 1439.190068][  T413] servicemanager: Caller(pid=692,uid=1041,sid=u:r:audioserver:s0) Since 'activity' could not be found trying to start it as a lazy AIDL service. (if it's not configured to be a lazy service, it may be stuck starting or still starting).
[ 1440.211960][    T1] init: Control message: Could not find 'aidl/activity' for ctl.interface_start from pid: 413 (/system/bin/servicemanager)
[ 1440.425956][ T1645] servicemanager: Caller(pid=692,uid=1041,sid=u:r:audioserver:s0) Tried to start aidl service activity as a lazy service, but was unable to. Usually this happens when a service is not installed, but if the service is intended to be used as a lazy service, then it may be configured incorrectly.
[ 1440.679806][    T1] init: Untracked process (pid: 1644 name: (sh) ppid: 1 pgrp: 1634 state: Z) received SIGHUP
[ 1440.695113][    T1] init: Untracked process (pid: 1644 name: (sh) ppid: 1 pgrp: 1634 state: Z) did not have an associated service entry and will not be reaped
[ 1440.856900][  T413] servicemanager: Caller(pid=692,uid=1041,sid=u:r:audioserver:s0) Since 'activity' could not be found trying to start it as a lazy AIDL service. (if it's not configured to be a lazy service, it may be stuck starting or still starting).
[ 1441.373592][    T1] init: Control message: Could not find 'aidl/activity' for ctl.interface_start from pid: 413 (/system/bin/servicemanager)
[ 1441.668821][ T1646] servicemanager: Caller(pid=692,uid=1041,sid=u:r:audioserver:s0) Tried to start aidl service activity as a lazy service, but was unable to. Usually this happens when a service is not installed, but if the service is intended to be used as a lazy service, then it may be configured incorrectly.
[ 1442.460130][  T413] servicemanager: Caller(pid=692,uid=1041,sid=u:r:audioserver:s0) Since 'activity' could not be found trying to start it as a lazy AIDL service. (if it's not configured to be a lazy service, it may be stuck starting or still starting).
[ 1443.042913][    T1] init: Control message: Could not find 'aidl/activity' for ctl.interface_start from pid: 413 (/system/bin/servicemanager)
[ 1443.396642][ T1647] servicemanager: Caller(pid=692,uid=1041,sid=u:r:audioserver:s0) Tried to start aidl service activity as a lazy service, but was unable to. Usually this happens when a service is not installed, but if the service is intended to be used as a lazy service, then it may be configured incorrectly.
[ 1444.267990][  T413] servicemanager: Caller(pid=692,uid=1041,sid=u:r:audioserver:s0) Since 'activity' could not be found trying to start it as a lazy AIDL service. (if it's not configured to be a lazy service, it may be stuck starting or still starting).
[ 1444.795060][    T1] init: Control message: Could not find 'aidl/activity' for ctl.interface_start from pid: 413 (/system/bin/servicemanager)
[ 1444.865937][ T1650] servicemanager: Caller(pid=692,uid=1041,sid=u:r:audioserver:s0) Tried to start aidl service activity as a lazy service, but was unable to. Usually this happens when a service is not installed, but if the service is intended to be used as a lazy service, then it may be configured incorrectly.
[ 1446.291887][  T413] servicemanager: Caller(pid=692,uid=1041,sid=u:r:audioserver:s0) Since 'activity' could not be found trying to start it as a lazy AIDL service. (if it's not configured to be a lazy service, it may be stuck starting or still starting).
[ 1447.199786][    T1] init: Control message: Could not find 'aidl/activity' for ctl.interface_start from pid: 413 (/system/bin/servicemanager)
[ 1447.426858][ T1653] servicemanager: Caller(pid=692,uid=1041,sid=u:r:audioserver:s0) Tried to start aidl service activity as a lazy service, but was unable to. Usually this happens when a service is not installed, but if the service is intended to be used as a lazy service, then it may be configured incorrectly.
[ 1448.156693][  T413] servicemanager: Caller(pid=692,uid=1041,sid=u:r:audioserver:s0) Since 'activity' could not be found trying to start it as a lazy AIDL service. (if it's not configured to be a lazy service, it may be stuck starting or still starting).
[ 1448.543460][    T1] init: Control message: Could not find 'aidl/activity' for ctl.interface_start from pid: 413 (/system/bin/servicemanager)
[ 1448.595605][ T1654] servicemanager: Caller(pid=692,uid=1041,sid=u:r:audioserver:s0) Tried to start aidl service activity as a lazy service, but was unable to. Usually this happens when a service is not installed, but if the service is intended to be used as a lazy service, then it may be configured incorrectly.
[ 1449.623043][  T413] servicemanager: Caller(pid=692,uid=1041,sid=u:r:audioserver:s0) Since 'activity' could not be found trying to start it as a lazy AIDL service. (if it's not configured to be a lazy service, it may be stuck starting or still starting).
[ 1450.024094][    T1] init: Control message: Could not find 'aidl/activity' for ctl.interface_start from pid: 413 (/system/bin/servicemanager)
[ 1450.087930][ T1656] servicemanager: Caller(pid=692,uid=1041,sid=u:r:audioserver:s0) Tried to start aidl service activity as a lazy service, but was unable to. Usually this happens when a service is not installed, but if the service is intended to be used as a lazy service, then it may be configured incorrectly.
[ 1451.077735][  T413] servicemanager: Caller(pid=692,uid=1041,sid=u:r:audioserver:s0) Since 'activity' could not be found trying to start it as a lazy AIDL service. (if it's not configured to be a lazy service, it may be stuck starting or still starting).
[ 1451.564091][    T1] init: Control message: Could not find 'aidl/activity' for ctl.interface_start from pid: 413 (/system/bin/servicemanager)
[ 1451.734589][ T1657] servicemanager: Caller(pid=692,uid=1041,sid=u:r:audioserver:s0) Tried to start aidl service activity as a lazy service, but was unable to. Usually this happens when a service is not installed, but if the service is intended to be used as a lazy service, then it may be configured incorrectly.
[ 1452.386013][  T413] servicemanager: Caller(pid=692,uid=1041,sid=u:r:audioserver:s0) Since 'activity' could not be found trying to start it as a lazy AIDL service. (if it's not configured to be a lazy service, it may be stuck starting or still starting).
[ 1453.118954][    T1] init: Control message: Could not find 'aidl/activity' for ctl.interface_start from pid: 413 (/system/bin/servicemanager)
[ 1453.249088][ T1658] servicemanager: Caller(pid=692,uid=1041,sid=u:r:audioserver:s0) Tried to start aidl service activity as a lazy service, but was unable to. Usually this happens when a service is not installed, but if the service is intended to be used as a lazy service, then it may be configured incorrectly.
[ 1453.991018][  T413] servicemanager: Caller(pid=692,uid=1041,sid=u:r:audioserver:s0) Since 'activity' could not be found trying to start it as a lazy AIDL service. (if it's not configured to be a lazy service, it may be stuck starting or still starting).
[ 1454.719168][    T1] init: Control message: Could not find 'aidl/activity' for ctl.interface_start from pid: 413 (/system/bin/servicemanager)
[ 1454.832530][ T1662] servicemanager: Caller(pid=692,uid=1041,sid=u:r:audioserver:s0) Tried to start aidl service activity as a lazy service, but was unable to. Usually this happens when a service is not installed, but if the service is intended to be used as a lazy service, then it may be configured incorrectly.
[ 1455.618927][  T413] servicemanager: Caller(pid=692,uid=1041,sid=u:r:audioserver:s0) Since 'activity' could not be found trying to start it as a lazy AIDL service. (if it's not configured to be a lazy service, it may be stuck starting or still starting).
[ 1455.668155][    T1] init: Untracked process (pid: 1660 name: (sh) ppid: 1 pgrp: 1651 state: Z) received SIGHUP
[ 1455.689753][    T1] init: Untracked process (pid: 1660 name: (sh) ppid: 1 pgrp: 1651 state: Z) did not have an associated service entry and will not be reaped
[ 1455.785795][    T1] init: Control message: Could not find 'aidl/activity' for ctl.interface_start from pid: 413 (/system/bin/servicemanager)
[ 1455.812847][ T1663] servicemanager: Caller(pid=692,uid=1041,sid=u:r:audioserver:s0) Tried to start aidl service activity as a lazy service, but was unable to. Usually this happens when a service is not installed, but if the service is intended to be used as a lazy service, then it may be configured incorrectly.
[ 1456.927787][  T413] servicemanager: Caller(pid=692,uid=1041,sid=u:r:audioserver:s0) Since 'activity' could not be found trying to start it as a lazy AIDL service. (if it's not configured to be a lazy service, it may be stuck starting or still starting).
[ 1457.353643][    T1] init: Control message: Could not find 'aidl/activity' for ctl.interface_start from pid: 413 (/system/bin/servicemanager)
[ 1457.484510][ T1664] servicemanager: Caller(pid=692,uid=1041,sid=u:r:audioserver:s0) Tried to start aidl service activity as a lazy service, but was unable to. Usually this happens when a service is not installed, but if the service is intended to be used as a lazy service, then it may be configured incorrectly.
[ 1458.309729][  T413] servicemanager: Caller(pid=692,uid=1041,sid=u:r:audioserver:s0) Since 'activity' could not be found trying to start it as a lazy AIDL service. (if it's not configured to be a lazy service, it may be stuck starting or still starting).
[ 1458.687888][    T1] init: Control message: Could not find 'aidl/activity' for ctl.interface_start from pid: 413 (/system/bin/servicemanager)
[ 1458.731542][ T1665] servicemanager: Caller(pid=692,uid=1041,sid=u:r:audioserver:s0) Tried to start aidl service activity as a lazy service, but was unable to. Usually this happens when a service is not installed, but if the service is intended to be used as a lazy service, then it may be configured incorrectly.
[ 1460.038736][  T413] servicemanager: Caller(pid=692,uid=1041,sid=u:r:audioserver:s0) Since 'activity' could not be found trying to start it as a lazy AIDL service. (if it's not configured to be a lazy service, it may be stuck starting or still starting).
[ 1460.695035][    T1] init: Control message: Could not find 'aidl/activity' for ctl.interface_start from pid: 413 (/system/bin/servicemanager)
[ 1460.874451][ T1667] servicemanager: Caller(pid=692,uid=1041,sid=u:r:audioserver:s0) Tried to start aidl service activity as a lazy service, but was unable to. Usually this happens when a service is not installed, but if the service is intended to be used as a lazy service, then it may be configured incorrectly.
[ 1461.999516][  T413] servicemanager: Caller(pid=692,uid=1041,sid=u:r:audioserver:s0) Since 'activity' could not be found trying to start it as a lazy AIDL service. (if it's not configured to be a lazy service, it may be stuck starting or still starting).
[ 1462.523510][    T1] init: Control message: Could not find 'aidl/activity' for ctl.interface_start from pid: 413 (/system/bin/servicemanager)
[ 1462.655494][ T1671] servicemanager: Caller(pid=692,uid=1041,sid=u:r:audioserver:s0) Tried to start aidl service activity as a lazy service, but was unable to. Usually this happens when a service is not installed, but if the service is intended to be used as a lazy service, then it may be configured incorrectly.
[ 1463.493103][  T413] servicemanager: Caller(pid=692,uid=1041,sid=u:r:audioserver:s0) Since 'activity' could not be found trying to start it as a lazy AIDL service. (if it's not configured to be a lazy service, it may be stuck starting or still starting).
[ 1463.614496][    T1] init: Control message: Could not find 'aidl/activity' for ctl.interface_start from pid: 413 (/system/bin/servicemanager)
[ 1463.635802][ T1672] servicemanager: Caller(pid=692,uid=1041,sid=u:r:audioserver:s0) Tried to start aidl service activity as a lazy service, but was unable to. Usually this happens when a service is not installed, but if the service is intended to be used as a lazy service, then it may be configured incorrectly.
[ 1464.710992][  T413] servicemanager: Caller(pid=692,uid=1041,sid=u:r:audioserver:s0) Since 'activity' could not be found trying to start it as a lazy AIDL service. (if it's not configured to be a lazy service, it may be stuck starting or still starting).
[ 1465.056490][    T1] init: Control message: Could not find 'aidl/activity' for ctl.interface_start from pid: 413 (/system/bin/servicemanager)
[ 1465.202582][ T1674] servicemanager: Caller(pid=692,uid=1041,sid=u:r:audioserver:s0) Tried to start aidl service activity as a lazy service, but was unable to. Usually this happens when a service is not installed, but if the service is intended to be used as a lazy service, then it may be configured incorrectly.
[ 1466.322865][  T413] servicemanager: Caller(pid=692,uid=1041,sid=u:r:audioserver:s0) Since 'activity' could not be found trying to start it as a lazy AIDL service. (if it's not configured to be a lazy service, it may be stuck starting or still starting).
[ 1466.904695][    T1] init: Control message: Could not find 'aidl/activity' for ctl.interface_start from pid: 413 (/system/bin/servicemanager)
[ 1467.138665][ T1677] servicemanager: Caller(pid=692,uid=1041,sid=u:r:audioserver:s0) Tried to start aidl service activity as a lazy service, but was unable to. Usually this happens when a service is not installed, but if the service is intended to be used as a lazy service, then it may be configured incorrectly.
[ 1467.623529][  T413] servicemanager: Caller(pid=692,uid=1041,sid=u:r:audioserver:s0) Since 'activity' could not be found trying to start it as a lazy AIDL service. (if it's not configured to be a lazy service, it may be stuck starting or still starting).
[ 1467.984883][    T1] init: Control message: Could not find 'aidl/activity' for ctl.interface_start from pid: 413 (/system/bin/servicemanager)
[ 1468.003477][ T1679] servicemanager: Caller(pid=692,uid=1041,sid=u:r:audioserver:s0) Tried to start aidl service activity as a lazy service, but was unable to. Usually this happens when a service is not installed, but if the service is intended to be used as a lazy service, then it may be configured incorrectly.
[ 1469.131899][  T413] servicemanager: Caller(pid=692,uid=1041,sid=u:r:audioserver:s0) Since 'activity' could not be found trying to start it as a lazy AIDL service. (if it's not configured to be a lazy service, it may be stuck starting or still starting).
[ 1469.605905][    T1] init: Control message: Could not find 'aidl/activity' for ctl.interface_start from pid: 413 (/system/bin/servicemanager)
[ 1469.755805][ T1682] servicemanager: Caller(pid=692,uid=1041,sid=u:r:audioserver:s0) Tried to start aidl service activity as a lazy service, but was unable to. Usually this happens when a service is not installed, but if the service is intended to be used as a lazy service, then it may be configured incorrectly.
[ 1470.450540][  T413] servicemanager: Caller(pid=692,uid=1041,sid=u:r:audioserver:s0) Since 'activity' could not be found trying to start it as a lazy AIDL service. (if it's not configured to be a lazy service, it may be stuck starting or still starting).
[ 1470.744669][    T1] init: Control message: Could not find 'aidl/activity' for ctl.interface_start from pid: 413 (/system/bin/servicemanager)
[ 1470.779970][ T1683] servicemanager: Caller(pid=692,uid=1041,sid=u:r:audioserver:s0) Tried to start aidl service activity as a lazy service, but was unable to. Usually this happens when a service is not installed, but if the service is intended to be used as a lazy service, then it may be configured incorrectly.
[ 1471.742331][  T413] servicemanager: Caller(pid=692,uid=1041,sid=u:r:audioserver:s0) Since 'activity' could not be found trying to start it as a lazy AIDL service. (if it's not configured to be a lazy service, it may be stuck starting or still starting).
[ 1472.634895][    T1] init: Control message: Could not find 'aidl/activity' for ctl.interface_start from pid: 413 (/system/bin/servicemanager)
[ 1472.764397][ T1684] servicemanager: Caller(pid=692,uid=1041,sid=u:r:audioserver:s0) Tried to start aidl service activity as a lazy service, but was unable to. Usually this happens when a service is not installed, but if the service is intended to be used as a lazy service, then it may be configured incorrectly.
[ 1473.039681][  T413] servicemanager: Caller(pid=692,uid=1041,sid=u:r:audioserver:s0) Since 'activity' could not be found trying to start it as a lazy AIDL service. (if it's not configured to be a lazy service, it may be stuck starting or still starting).
[ 1473.657428][    T1] init: Control message: Could not find 'aidl/activity' for ctl.interface_start from pid: 413 (/system/bin/servicemanager)
[ 1473.716639][ T1686] servicemanager: Caller(pid=692,uid=1041,sid=u:r:audioserver:s0) Tried to start aidl service activity as a lazy service, but was unable to. Usually this happens when a service is not installed, but if the service is intended to be used as a lazy service, then it may be configured incorrectly.
[ 1474.863737][  T413] servicemanager: Caller(pid=692,uid=1041,sid=u:r:audioserver:s0) Since 'activity' could not be found trying to start it as a lazy AIDL service. (if it's not configured to be a lazy service, it may be stuck starting or still starting).
[ 1475.560358][    T1] init: Control message: Could not find 'aidl/activity' for ctl.interface_start from pid: 413 (/system/bin/servicemanager)
[ 1475.725562][ T1690] servicemanager: Caller(pid=692,uid=1041,sid=u:r:audioserver:s0) Tried to start aidl service activity as a lazy service, but was unable to. Usually this happens when a service is not installed, but if the service is intended to be used as a lazy service, then it may be configured incorrectly.
[ 1476.575917][  T413] servicemanager: Caller(pid=692,uid=1041,sid=u:r:audioserver:s0) Since 'activity' could not be found trying to start it as a lazy AIDL service. (if it's not configured to be a lazy service, it may be stuck starting or still starting).
[ 1476.778047][    T1] init: Control message: Could not find 'aidl/activity' for ctl.interface_start from pid: 413 (/system/bin/servicemanager)
[ 1476.817332][ T1694] servicemanager: Caller(pid=692,uid=1041,sid=u:r:audioserver:s0) Tried to start aidl service activity as a lazy service, but was unable to. Usually this happens when a service is not installed, but if the service is intended to be used as a lazy service, then it may be configured incorrectly.
[ 1478.133784][  T413] servicemanager: Caller(pid=692,uid=1041,sid=u:r:audioserver:s0) Since 'activity' could not be found trying to start it as a lazy AIDL service. (if it's not configured to be a lazy service, it may be stuck starting or still starting).
[ 1478.755025][    T1] init: Control message: Could not find 'aidl/activity' for ctl.interface_start from pid: 413 (/system/bin/servicemanager)
[ 1479.001546][ T1697] servicemanager: Caller(pid=692,uid=1041,sid=u:r:audioserver:s0) Tried to start aidl service activity as a lazy service, but was unable to. Usually this happens when a service is not installed, but if the service is intended to be used as a lazy service, then it may be configured incorrectly.
[ 1479.842521][  T413] servicemanager: Caller(pid=692,uid=1041,sid=u:r:audioserver:s0) Since 'activity' could not be found trying to start it as a lazy AIDL service. (if it's not configured to be a lazy service, it may be stuck starting or still starting).
[ 1480.204568][    T1] init: Control message: Could not find 'aidl/activity' for ctl.interface_start from pid: 413 (/system/bin/servicemanager)
[ 1480.447263][ T1698] servicemanager: Caller(pid=692,uid=1041,sid=u:r:audioserver:s0) Tried to start aidl service activity as a lazy service, but was unable to. Usually this happens when a service is not installed, but if the service is intended to be used as a lazy service, then it may be configured incorrectly.
[ 1481.311576][  T413] servicemanager: Caller(pid=692,uid=1041,sid=u:r:audioserver:s0) Since 'activity' could not be found trying to start it as a lazy AIDL service. (if it's not configured to be a lazy service, it may be stuck starting or still starting).
[ 1481.673710][    T1] init: Control message: Could not find 'aidl/activity' for ctl.interface_start from pid: 413 (/system/bin/servicemanager)
[ 1481.704878][ T1700] servicemanager: Caller(pid=692,uid=1041,sid=u:r:audioserver:s0) Tried to start aidl service activity as a lazy service, but was unable to. Usually this happens when a service is not installed, but if the service is intended to be used as a lazy service, then it may be configured incorrectly.
[ 1482.671014][  T413] servicemanager: Caller(pid=692,uid=1041,sid=u:r:audioserver:s0) Since 'activity' could not be found trying to start it as a lazy AIDL service. (if it's not configured to be a lazy service, it may be stuck starting or still starting).
[ 1482.989444][    T1] init: Control message: Could not find 'aidl/activity' for ctl.interface_start from pid: 413 (/system/bin/servicemanager)
[ 1483.158430][ T1701] servicemanager: Caller(pid=692,uid=1041,sid=u:r:audioserver:s0) Tried to start aidl service activity as a lazy service, but was unable to. Usually this happens when a service is not installed, but if the service is intended to be used as a lazy service, then it may be configured incorrectly.
[ 1484.318960][  T413] servicemanager: Caller(pid=692,uid=1041,sid=u:r:audioserver:s0) Since 'activity' could not be found trying to start it as a lazy AIDL service. (if it's not configured to be a lazy service, it may be stuck starting or still starting).
[ 1484.848411][    T1] init: Control message: Could not find 'aidl/activity' for ctl.interface_start from pid: 413 (/system/bin/servicemanager)
[ 1485.206689][ T1702] servicemanager: Caller(pid=692,uid=1041,sid=u:r:audioserver:s0) Tried to start aidl service activity as a lazy service, but was unable to. Usually this happens when a service is not installed, but if the service is intended to be used as a lazy service, then it may be configured incorrectly.
[ 1485.241945][    T1] init: Untracked process (pid: 1699 name: (sh) ppid: 1 pgrp: 1689 state: Z) exited with status 129
[ 1485.246861][    T1] init: Untracked process (pid: 1699 name: (sh) ppid: 1 pgrp: 1689 state: Z) did not have an associated service entry and will not be reaped
[ 1485.697797][  T413] servicemanager: Caller(pid=692,uid=1041,sid=u:r:audioserver:s0) Since 'activity' could not be found trying to start it as a lazy AIDL service. (if it's not configured to be a lazy service, it may be stuck starting or still starting).
[ 1486.037654][    T1] init: Control message: Could not find 'aidl/activity' for ctl.interface_start from pid: 413 (/system/bin/servicemanager)
[ 1486.067872][ T1703] servicemanager: Caller(pid=692,uid=1041,sid=u:r:audioserver:s0) Tried to start aidl service activity as a lazy service, but was unable to. Usually this happens when a service is not installed, but if the service is intended to be used as a lazy service, then it may be configured incorrectly.
[ 1487.162431][  T413] servicemanager: Caller(pid=692,uid=1041,sid=u:r:audioserver:s0) Since 'activity' could not be found trying to start it as a lazy AIDL service. (if it's not configured to be a lazy service, it may be stuck starting or still starting).
[ 1487.731498][    T1] init: Control message: Could not find 'aidl/activity' for ctl.interface_start from pid: 413 (/system/bin/servicemanager)
[ 1487.870619][ T1704] servicemanager: Caller(pid=692,uid=1041,sid=u:r:audioserver:s0) Tried to start aidl service activity as a lazy service, but was unable to. Usually this happens when a service is not installed, but if the service is intended to be used as a lazy service, then it may be configured incorrectly.
[ 1488.667729][  T413] servicemanager: Caller(pid=692,uid=1041,sid=u:r:audioserver:s0) Since 'activity' could not be found trying to start it as a lazy AIDL service. (if it's not configured to be a lazy service, it may be stuck starting or still starting).
[ 1489.207000][    T1] init: Control message: Could not find 'aidl/activity' for ctl.interface_start from pid: 413 (/system/bin/servicemanager)
[ 1489.487591][ T1706] servicemanager: Caller(pid=692,uid=1041,sid=u:r:audioserver:s0) Tried to start aidl service activity as a lazy service, but was unable to. Usually this happens when a service is not installed, but if the service is intended to be used as a lazy service, then it may be configured incorrectly.
[ 1490.473562][  T413] servicemanager: Caller(pid=692,uid=1041,sid=u:r:audioserver:s0) Since 'activity' could not be found trying to start it as a lazy AIDL service. (if it's not configured to be a lazy service, it may be stuck starting or still starting).
[ 1491.016062][    T1] init: Control message: Could not find 'aidl/activity' for ctl.interface_start from pid: 413 (/system/bin/servicemanager)
[ 1491.155737][ T1711] servicemanager: Caller(pid=692,uid=1041,sid=u:r:audioserver:s0) Tried to start aidl service activity as a lazy service, but was unable to. Usually this happens when a service is not installed, but if the service is intended to be used as a lazy service, then it may be configured incorrectly.
[ 1492.127625][  T413] servicemanager: Caller(pid=692,uid=1041,sid=u:r:audioserver:s0) Since 'activity' could not be found trying to start it as a lazy AIDL service. (if it's not configured to be a lazy service, it may be stuck starting or still starting).
[ 1492.460490][    T1] init: Control message: Could not find 'aidl/activity' for ctl.interface_start from pid: 413 (/system/bin/servicemanager)
[ 1492.480376][ T1713] servicemanager: Caller(pid=692,uid=1041,sid=u:r:audioserver:s0) Tried to start aidl service activity as a lazy service, but was unable to. Usually this happens when a service is not installed, but if the service is intended to be used as a lazy service, then it may be configured incorrectly.
[ 1493.654592][  T413] servicemanager: Caller(pid=692,uid=1041,sid=u:r:audioserver:s0) Since 'activity' could not be found trying to start it as a lazy AIDL service. (if it's not configured to be a lazy service, it may be stuck starting or still starting).
[ 1494.388555][    T1] init: Control message: Could not find 'aidl/activity' for ctl.interface_start from pid: 413 (/system/bin/servicemanager)
[ 1494.472922][ T1715] servicemanager: Caller(pid=692,uid=1041,sid=u:r:audioserver:s0) Tried to start aidl service activity as a lazy service, but was unable to. Usually this happens when a service is not installed, but if the service is intended to be used as a lazy service, then it may be configured incorrectly.
[ 1495.355400][  T413] servicemanager: Caller(pid=692,uid=1041,sid=u:r:audioserver:s0) Since 'activity' could not be found trying to start it as a lazy AIDL service. (if it's not configured to be a lazy service, it may be stuck starting or still starting).
[ 1495.725816][    T1] init: Control message: Could not find 'aidl/activity' for ctl.interface_start from pid: 413 (/system/bin/servicemanager)
[ 1495.784530][ T1716] servicemanager: Caller(pid=692,uid=1041,sid=u:r:audioserver:s0) Tried to start aidl service activity as a lazy service, but was unable to. Usually this happens when a service is not installed, but if the service is intended to be used as a lazy service, then it may be configured incorrectly.
[ 1496.569479][  T413] servicemanager: Caller(pid=692,uid=1041,sid=u:r:audioserver:s0) Since 'activity' could not be found trying to start it as a lazy AIDL service. (if it's not configured to be a lazy service, it may be stuck starting or still starting).
[ 1496.820546][    T1] init: Control message: Could not find 'aidl/activity' for ctl.interface_start from pid: 413 (/system/bin/servicemanager)
[ 1497.150804][ T1718] servicemanager: Caller(pid=692,uid=1041,sid=u:r:audioserver:s0) Tried to start aidl service activity as a lazy service, but was unable to. Usually this happens when a service is not installed, but if the service is intended to be used as a lazy service, then it may be configured incorrectly.
[ 1497.901218][  T413] servicemanager: Caller(pid=692,uid=1041,sid=u:r:audioserver:s0) Since 'activity' could not be found trying to start it as a lazy AIDL service. (if it's not configured to be a lazy service, it may be stuck starting or still starting).
[ 1498.231689][    T1] init: Control message: Could not find 'aidl/activity' for ctl.interface_start from pid: 413 (/system/bin/servicemanager)
[ 1498.370901][ T1719] servicemanager: Caller(pid=692,uid=1041,sid=u:r:audioserver:s0) Tried to start aidl service activity as a lazy service, but was unable to. Usually this happens when a service is not installed, but if the service is intended to be used as a lazy service, then it may be configured incorrectly.
[ 1499.148194][  T413] servicemanager: Caller(pid=692,uid=1041,sid=u:r:audioserver:s0) Since 'activity' could not be found trying to start it as a lazy AIDL service. (if it's not configured to be a lazy service, it may be stuck starting or still starting).
[ 1499.353419][    T1] init: Control message: Could not find 'aidl/activity' for ctl.interface_start from pid: 413 (/system/bin/servicemanager)
[ 1499.382746][ T1720] servicemanager: Caller(pid=692,uid=1041,sid=u:r:audioserver:s0) Tried to start aidl service activity as a lazy service, but was unable to. Usually this happens when a service is not installed, but if the service is intended to be used as a lazy service, then it may be configured incorrectly.
[ 1500.042420][    T1] init: Untracked process (pid: 1717 name: (sh) ppid: 1 pgrp: 1710 state: Z) exited with status 0
[ 1500.062897][    T1] init: Untracked process (pid: 1717 name: (sh) ppid: 1 pgrp: 1710 state: Z) did not have an associated service entry and will not be reaped
[ 1500.271479][  T413] servicemanager: Caller(pid=692,uid=1041,sid=u:r:audioserver:s0) Since 'activity' could not be found trying to start it as a lazy AIDL service. (if it's not configured to be a lazy service, it may be stuck starting or still starting).
[ 1500.511736][    T1] init: Control message: Could not find 'aidl/activity' for ctl.interface_start from pid: 413 (/system/bin/servicemanager)
[ 1500.559786][ T1721] servicemanager: Caller(pid=692,uid=1041,sid=u:r:audioserver:s0) Tried to start aidl service activity as a lazy service, but was unable to. Usually this happens when a service is not installed, but if the service is intended to be used as a lazy service, then it may be configured incorrectly.
[ 1501.639282][  T413] servicemanager: Caller(pid=692,uid=1041,sid=u:r:audioserver:s0) Since 'activity' could not be found trying to start it as a lazy AIDL service. (if it's not configured to be a lazy service, it may be stuck starting or still starting).
[ 1502.046767][    T1] init: Control message: Could not find 'aidl/activity' for ctl.interface_start from pid: 413 (/system/bin/servicemanager)
[ 1502.101315][ T1724] servicemanager: Caller(pid=692,uid=1041,sid=u:r:audioserver:s0) Tried to start aidl service activity as a lazy service, but was unable to. Usually this happens when a service is not installed, but if the service is intended to be used as a lazy service, then it may be configured incorrectly.
[ 1502.887701][  T413] servicemanager: Caller(pid=692,uid=1041,sid=u:r:audioserver:s0) Since 'activity' could not be found trying to start it as a lazy AIDL service. (if it's not configured to be a lazy service, it may be stuck starting or still starting).
[ 1503.203269][    T1] init: Control message: Could not find 'aidl/activity' for ctl.interface_start from pid: 413 (/system/bin/servicemanager)
[ 1503.349879][ T1725] servicemanager: Caller(pid=692,uid=1041,sid=u:r:audioserver:s0) Tried to start aidl service activity as a lazy service, but was unable to. Usually this happens when a service is not installed, but if the service is intended to be used as a lazy service, then it may be configured incorrectly.
[ 1504.008747][  T413] servicemanager: Caller(pid=692,uid=1041,sid=u:r:audioserver:s0) Since 'activity' could not be found trying to start it as a lazy AIDL service. (if it's not configured to be a lazy service, it may be stuck starting or still starting).
[ 1504.079916][    T1] init: Control message: Could not find 'aidl/activity' for ctl.interface_start from pid: 413 (/system/bin/servicemanager)
[ 1504.105621][ T1729] servicemanager: Caller(pid=692,uid=1041,sid=u:r:audioserver:s0) Tried to start aidl service activity as a lazy service, but was unable to. Usually this happens when a service is not installed, but if the service is intended to be used as a lazy service, then it may be configured incorrectly.
[ 1505.245449][  T413] servicemanager: Caller(pid=692,uid=1041,sid=u:r:audioserver:s0) Since 'activity' could not be found trying to start it as a lazy AIDL service. (if it's not configured to be a lazy service, it may be stuck starting or still starting).
[ 1505.595503][    T1] init: Control message: Could not find 'aidl/activity' for ctl.interface_start from pid: 413 (/system/bin/servicemanager)
[ 1505.675642][ T1732] servicemanager: Caller(pid=692,uid=1041,sid=u:r:audioserver:s0) Tried to start aidl service activity as a lazy service, but was unable to. Usually this happens when a service is not installed, but if the service is intended to be used as a lazy service, then it may be configured incorrectly.
[ 1506.639346][  T413] servicemanager: Caller(pid=692,uid=1041,sid=u:r:audioserver:s0) Since 'activity' could not be found trying to start it as a lazy AIDL service. (if it's not configured to be a lazy service, it may be stuck starting or still starting).
[ 1507.001857][    T1] init: Control message: Could not find 'aidl/activity' for ctl.interface_start from pid: 413 (/system/bin/servicemanager)
[ 1507.176570][ T1733] servicemanager: Caller(pid=692,uid=1041,sid=u:r:audioserver:s0) Tried to start aidl service activity as a lazy service, but was unable to. Usually this happens when a service is not installed, but if the service is intended to be used as a lazy service, then it may be configured incorrectly.
[ 1507.983606][  T413] servicemanager: Caller(pid=692,uid=1041,sid=u:r:audioserver:s0) Since 'activity' could not be found trying to start it as a lazy AIDL service. (if it's not configured to be a lazy service, it may be stuck starting or still starting).
[ 1508.544290][    T1] init: Control message: Could not find 'aidl/activity' for ctl.interface_start from pid: 413 (/system/bin/servicemanager)
[ 1508.699855][ T1734] servicemanager: Caller(pid=692,uid=1041,sid=u:r:audioserver:s0) Tried to start aidl service activity as a lazy service, but was unable to. Usually this happens when a service is not installed, but if the service is intended to be used as a lazy service, then it may be configured incorrectly.
[ 1509.460402][  T413] servicemanager: Caller(pid=692,uid=1041,sid=u:r:audioserver:s0) Since 'activity' could not be found trying to start it as a lazy AIDL service. (if it's not configured to be a lazy service, it may be stuck starting or still starting).
[ 1509.645993][    T1] init: Control message: Could not find 'aidl/activity' for ctl.interface_start from pid: 413 (/system/bin/servicemanager)
[ 1509.822508][ T1735] servicemanager: Caller(pid=692,uid=1041,sid=u:r:audioserver:s0) Tried to start aidl service activity as a lazy service, but was unable to. Usually this happens when a service is not installed, but if the service is intended to be used as a lazy service, then it may be configured incorrectly.
[ 1510.820892][  T413] servicemanager: Caller(pid=692,uid=1041,sid=u:r:audioserver:s0) Since 'activity' could not be found trying to start it as a lazy AIDL service. (if it's not configured to be a lazy service, it may be stuck starting or still starting).
[ 1511.097367][    T1] init: Control message: Could not find 'aidl/activity' for ctl.interface_start from pid: 413 (/system/bin/servicemanager)
[ 1511.155220][ T1737] servicemanager: Caller(pid=692,uid=1041,sid=u:r:audioserver:s0) Tried to start aidl service activity as a lazy service, but was unable to. Usually this happens when a service is not installed, but if the service is intended to be used as a lazy service, then it may be configured incorrectly.
[ 1511.897925][  T413] servicemanager: Caller(pid=692,uid=1041,sid=u:r:audioserver:s0) Since 'activity' could not be found trying to start it as a lazy AIDL service. (if it's not configured to be a lazy service, it may be stuck starting or still starting).
[ 1512.239008][    T1] init: Control message: Could not find 'aidl/activity' for ctl.interface_start from pid: 413 (/system/bin/servicemanager)
[ 1512.398461][ T1742] servicemanager: Caller(pid=692,uid=1041,sid=u:r:audioserver:s0) Tried to start aidl service activity as a lazy service, but was unable to. Usually this happens when a service is not installed, but if the service is intended to be used as a lazy service, then it may be configured incorrectly.
[ 1513.157271][  T413] servicemanager: Caller(pid=692,uid=1041,sid=u:r:audioserver:s0) Since 'activity' could not be found trying to start it as a lazy AIDL service. (if it's not configured to be a lazy service, it may be stuck starting or still starting).
[ 1513.626892][    T1] init: Control message: Could not find 'aidl/activity' for ctl.interface_start from pid: 413 (/system/bin/servicemanager)
[ 1513.683385][ T1744] servicemanager: Caller(pid=692,uid=1041,sid=u:r:audioserver:s0) Tried to start aidl service activity as a lazy service, but was unable to. Usually this happens when a service is not installed, but if the service is intended to be used as a lazy service, then it may be configured incorrectly.
[ 1514.398915][  T413] servicemanager: Caller(pid=692,uid=1041,sid=u:r:audioserver:s0) Since 'activity' could not be found trying to start it as a lazy AIDL service. (if it's not configured to be a lazy service, it may be stuck starting or still starting).
[ 1514.478685][    T1] init: Control message: Could not find 'aidl/activity' for ctl.interface_start from pid: 413 (/system/bin/servicemanager)
[ 1514.507462][ T1745] servicemanager: Caller(pid=692,uid=1041,sid=u:r:audioserver:s0) Tried to start aidl service activity as a lazy service, but was unable to. Usually this happens when a service is not installed, but if the service is intended to be used as a lazy service, then it may be configured incorrectly.
[ 1515.620468][  T413] servicemanager: Caller(pid=692,uid=1041,sid=u:r:audioserver:s0) Since 'activity' could not be found trying to start it as a lazy AIDL service. (if it's not configured to be a lazy service, it may be stuck starting or still starting).
[ 1515.892361][    T1] init: Control message: Could not find 'aidl/activity' for ctl.interface_start from pid: 413 (/system/bin/servicemanager)
[ 1515.946330][ T1746] servicemanager: Caller(pid=692,uid=1041,sid=u:r:audioserver:s0) Tried to start aidl service activity as a lazy service, but was unable to. Usually this happens when a service is not installed, but if the service is intended to be used as a lazy service, then it may be configured incorrectly.
[ 1516.846394][  T413] servicemanager: Caller(pid=692,uid=1041,sid=u:r:audioserver:s0) Since 'activity' could not be found trying to start it as a lazy AIDL service. (if it's not configured to be a lazy service, it may be stuck starting or still starting).
[ 1517.263032][    T1] init: Control message: Could not find 'aidl/activity' for ctl.interface_start from pid: 413 (/system/bin/servicemanager)
[ 1517.331427][ T1747] servicemanager: Caller(pid=692,uid=1041,sid=u:r:audioserver:s0) Tried to start aidl service activity as a lazy service, but was unable to. Usually this happens when a service is not installed, but if the service is intended to be used as a lazy service, then it may be configured incorrectly.
[ 1518.017226][  T413] servicemanager: Caller(pid=692,uid=1041,sid=u:r:audioserver:s0) Since 'activity' could not be found trying to start it as a lazy AIDL service. (if it's not configured to be a lazy service, it may be stuck starting or still starting).
[ 1518.406425][    T1] init: Control message: Could not find 'aidl/activity' for ctl.interface_start from pid: 413 (/system/bin/servicemanager)
[ 1518.502742][ T1748] servicemanager: Caller(pid=692,uid=1041,sid=u:r:audioserver:s0) Tried to start aidl service activity as a lazy service, but was unable to. Usually this happens when a service is not installed, but if the service is intended to be used as a lazy service, then it may be configured incorrectly.
[ 1519.493996][  T413] servicemanager: Caller(pid=692,uid=1041,sid=u:r:audioserver:s0) Since 'activity' could not be found trying to start it as a lazy AIDL service. (if it's not configured to be a lazy service, it may be stuck starting or still starting).
[ 1519.597477][    T1] init: Control message: Could not find 'aidl/activity' for ctl.interface_start from pid: 413 (/system/bin/servicemanager)
[ 1519.643756][ T1750] servicemanager: Caller(pid=692,uid=1041,sid=u:r:audioserver:s0) Tried to start aidl service activity as a lazy service, but was unable to. Usually this happens when a service is not installed, but if the service is intended to be used as a lazy service, then it may be configured incorrectly.
[ 1520.910627][  T413] servicemanager: Caller(pid=692,uid=1041,sid=u:r:audioserver:s0) Since 'activity' could not be found trying to start it as a lazy AIDL service. (if it's not configured to be a lazy service, it may be stuck starting or still starting).
[ 1521.265380][    T1] init: Control message: Could not find 'aidl/activity' for ctl.interface_start from pid: 413 (/system/bin/servicemanager)
[ 1521.304401][ T1756] servicemanager: Caller(pid=692,uid=1041,sid=u:r:audioserver:s0) Tried to start aidl service activity as a lazy service, but was unable to. Usually this happens when a service is not installed, but if the service is intended to be used as a lazy service, then it may be configured incorrectly.
[ 1521.984412][  T413] servicemanager: Caller(pid=692,uid=1041,sid=u:r:audioserver:s0) Since 'activity' could not be found trying to start it as a lazy AIDL service. (if it's not configured to be a lazy service, it may be stuck starting or still starting).
[ 1522.019825][    T1] init: Control message: Could not find 'aidl/activity' for ctl.interface_start from pid: 413 (/system/bin/servicemanager)
[ 1522.031273][ T1758] servicemanager: Caller(pid=692,uid=1041,sid=u:r:audioserver:s0) Tried to start aidl service activity as a lazy service, but was unable to. Usually this happens when a service is not installed, but if the service is intended to be used as a lazy service, then it may be configured incorrectly.
[ 1523.345478][  T413] servicemanager: Caller(pid=692,uid=1041,sid=u:r:audioserver:s0) Since 'activity' could not be found trying to start it as a lazy AIDL service. (if it's not configured to be a lazy service, it may be stuck starting or still starting).
[ 1523.784516][    T1] init: Control message: Could not find 'aidl/activity' for ctl.interface_start from pid: 413 (/system/bin/servicemanager)
[ 1523.824166][ T1760] servicemanager: Caller(pid=692,uid=1041,sid=u:r:audioserver:s0) Tried to start aidl service activity as a lazy service, but was unable to. Usually this happens when a service is not installed, but if the service is intended to be used as a lazy service, then it may be configured incorrectly.
[ 1524.839538][  T413] servicemanager: Caller(pid=692,uid=1041,sid=u:r:audioserver:s0) Since 'activity' could not be found trying to start it as a lazy AIDL service. (if it's not configured to be a lazy service, it may be stuck starting or still starting).
[ 1525.378683][    T1] init: Control message: Could not find 'aidl/activity' for ctl.interface_start from pid: 413 (/system/bin/servicemanager)
[ 1525.470337][ T1763] servicemanager: Caller(pid=692,uid=1041,sid=u:r:audioserver:s0) Tried to start aidl service activity as a lazy service, but was unable to. Usually this happens when a service is not installed, but if the service is intended to be used as a lazy service, then it may be configured incorrectly.
[ 1525.962392][  T413] servicemanager: Caller(pid=692,uid=1041,sid=u:r:audioserver:s0) Since 'activity' could not be found trying to start it as a lazy AIDL service. (if it's not configured to be a lazy service, it may be stuck starting or still starting).
[ 1526.157710][    T1] init: Control message: Could not find 'aidl/activity' for ctl.interface_start from pid: 413 (/system/bin/servicemanager)
[ 1526.201429][ T1764] servicemanager: Caller(pid=692,uid=1041,sid=u:r:audioserver:s0) Tried to start aidl service activity as a lazy service, but was unable to. Usually this happens when a service is not installed, but if the service is intended to be used as a lazy service, then it may be configured incorrectly.
[ 1527.837466][  T413] servicemanager: Caller(pid=692,uid=1041,sid=u:r:audioserver:s0) Since 'activity' could not be found trying to start it as a lazy AIDL service. (if it's not configured to be a lazy service, it may be stuck starting or still starting).
[ 1529.489566][    T1] init: Control message: Could not find 'aidl/activity' for ctl.interface_start from pid: 413 (/system/bin/servicemanager)
[ 1529.677677][  T413] servicemanager: Caller(pid=692,uid=1041,sid=u:r:audioserver:s0) Since 'activity' could not be found trying to start it as a lazy AIDL service. (if it's not configured to be a lazy service, it may be stuck starting or still starting).
[ 1529.744525][ T1766] servicemanager: Caller(pid=692,uid=1041,sid=u:r:audioserver:s0) Tried to start aidl service activity as a lazy service, but was unable to. Usually this happens when a service is not installed, but if the service is intended to be used as a lazy service, then it may be configured incorrectly.
[ 1530.105370][    T1] init: Control message: Could not find 'aidl/activity' for ctl.interface_start from pid: 413 (/system/bin/servicemanager)
[ 1530.131809][ T1769] servicemanager: Caller(pid=692,uid=1041,sid=u:r:audioserver:s0) Tried to start aidl service activity as a lazy service, but was unable to. Usually this happens when a service is not installed, but if the service is intended to be used as a lazy service, then it may be configured incorrectly.
[ 1531.154129][  T413] servicemanager: Caller(pid=692,uid=1041,sid=u:r:audioserver:s0) Since 'activity' could not be found trying to start it as a lazy AIDL service. (if it's not configured to be a lazy service, it may be stuck starting or still starting).
[ 1531.438010][    T1] init: Control message: Could not find 'aidl/activity' for ctl.interface_start from pid: 413 (/system/bin/servicemanager)
[ 1531.491493][ T1771] servicemanager: Caller(pid=692,uid=1041,sid=u:r:audioserver:s0) Tried to start aidl service activity as a lazy service, but was unable to. Usually this happens when a service is not installed, but if the service is intended to be used as a lazy service, then it may be configured incorrectly.
[ 1532.209953][  T413] servicemanager: Caller(pid=692,uid=1041,sid=u:r:audioserver:s0) Since 'activity' could not be found trying to start it as a lazy AIDL service. (if it's not configured to be a lazy service, it may be stuck starting or still starting).
[ 1532.274331][    T1] init: Control message: Could not find 'aidl/activity' for ctl.interface_start from pid: 413 (/system/bin/servicemanager)
[ 1532.299142][ T1772] servicemanager: Caller(pid=692,uid=1041,sid=u:r:audioserver:s0) Tried to start aidl service activity as a lazy service, but was unable to. Usually this happens when a service is not installed, but if the service is intended to be used as a lazy service, then it may be configured incorrectly.
[ 1533.504321][  T413] servicemanager: Caller(pid=692,uid=1041,sid=u:r:audioserver:s0) Since 'activity' could not be found trying to start it as a lazy AIDL service. (if it's not configured to be a lazy service, it may be stuck starting or still starting).
[ 1534.087484][    T1] init: Control message: Could not find 'aidl/activity' for ctl.interface_start from pid: 413 (/system/bin/servicemanager)
[ 1534.113309][ T1775] servicemanager: Caller(pid=692,uid=1041,sid=u:r:audioserver:s0) Tried to start aidl service activity as a lazy service, but was unable to. Usually this happens when a service is not installed, but if the service is intended to be used as a lazy service, then it may be configured incorrectly.
[ 1535.122160][  T413] servicemanager: Caller(pid=692,uid=1041,sid=u:r:audioserver:s0) Since 'activity' could not be found trying to start it as a lazy AIDL service. (if it's not configured to be a lazy service, it may be stuck starting or still starting).
[ 1536.012375][    T1] init: Control message: Could not find 'aidl/activity' for ctl.interface_start from pid: 413 (/system/bin/servicemanager)
[ 1536.066787][ T1778] servicemanager: Caller(pid=692,uid=1041,sid=u:r:audioserver:s0) Tried to start aidl service activity as a lazy service, but was unable to. Usually this happens when a service is not installed, but if the service is intended to be used as a lazy service, then it may be configured incorrectly.
[ 1536.405230][  T413] servicemanager: Caller(pid=692,uid=1041,sid=u:r:audioserver:s0) Since 'activity' could not be found trying to start it as a lazy AIDL service. (if it's not configured to be a lazy service, it may be stuck starting or still starting).
[ 1536.539597][    T1] init: Control message: Could not find 'aidl/activity' for ctl.interface_start from pid: 413 (/system/bin/servicemanager)
[ 1536.581668][ T1779] servicemanager: Caller(pid=692,uid=1041,sid=u:r:audioserver:s0) Tried to start aidl service activity as a lazy service, but was unable to. Usually this happens when a service is not installed, but if the service is intended to be used as a lazy service, then it may be configured incorrectly.
[ 1537.524240][  T413] servicemanager: Caller(pid=692,uid=1041,sid=u:r:audioserver:s0) Since 'activity' could not be found trying to start it as a lazy AIDL service. (if it's not configured to be a lazy service, it may be stuck starting or still starting).
[ 1537.592346][    T1] init: Control message: Could not find 'aidl/activity' for ctl.interface_start from pid: 413 (/system/bin/servicemanager)
[ 1537.607218][ T1781] servicemanager: Caller(pid=692,uid=1041,sid=u:r:audioserver:s0) Tried to start aidl service activity as a lazy service, but was unable to. Usually this happens when a service is not installed, but if the service is intended to be used as a lazy service, then it may be configured incorrectly.
[ 1538.604270][  T413] servicemanager: Caller(pid=692,uid=1041,sid=u:r:audioserver:s0) Since 'activity' could not be found trying to start it as a lazy AIDL service. (if it's not configured to be a lazy service, it may be stuck starting or still starting).
[ 1538.647189][    T1] init: Control message: Could not find 'aidl/activity' for ctl.interface_start from pid: 413 (/system/bin/servicemanager)
[ 1538.670335][ T1784] servicemanager: Caller(pid=692,uid=1041,sid=u:r:audioserver:s0) Tried to start aidl service activity as a lazy service, but was unable to. Usually this happens when a service is not installed, but if the service is intended to be used as a lazy service, then it may be configured incorrectly.
[ 1539.969307][  T413] servicemanager: Caller(pid=692,uid=1041,sid=u:r:audioserver:s0) Since 'activity' could not be found trying to start it as a lazy AIDL service. (if it's not configured to be a lazy service, it may be stuck starting or still starting).
[ 1540.400493][    T1] init: Control message: Could not find 'aidl/activity' for ctl.interface_start from pid: 413 (/system/bin/servicemanager)
[ 1540.480159][ T1788] servicemanager: Caller(pid=692,uid=1041,sid=u:r:audioserver:s0) Tried to start aidl service activity as a lazy service, but was unable to. Usually this happens when a service is not installed, but if the service is intended to be used as a lazy service, then it may be configured incorrectly.
[ 1541.777958][  T413] servicemanager: Caller(pid=692,uid=1041,sid=u:r:audioserver:s0) Since 'activity' could not be found trying to start it as a lazy AIDL service. (if it's not configured to be a lazy service, it may be stuck starting or still starting).
[ 1542.054272][    T1] init: Control message: Could not find 'aidl/activity' for ctl.interface_start from pid: 413 (/system/bin/servicemanager)
[ 1542.102018][ T1790] servicemanager: Caller(pid=692,uid=1041,sid=u:r:audioserver:s0) Tried to start aidl service activity as a lazy service, but was unable to. Usually this happens when a service is not installed, but if the service is intended to be used as a lazy service, then it may be configured incorrectly.
[ 1543.346454][  T413] servicemanager: Caller(pid=692,uid=1041,sid=u:r:audioserver:s0) Since 'activity' could not be found trying to start it as a lazy AIDL service. (if it's not configured to be a lazy service, it may be stuck starting or still starting).
[ 1543.754593][    T1] init: Control message: Could not find 'aidl/activity' for ctl.interface_start from pid: 413 (/system/bin/servicemanager)
[ 1543.958643][ T1792] servicemanager: Caller(pid=692,uid=1041,sid=u:r:audioserver:s0) Tried to start aidl service activity as a lazy service, but was unable to. Usually this happens when a service is not installed, but if the service is intended to be used as a lazy service, then it may be configured incorrectly.
[ 1544.790178][  T413] servicemanager: Caller(pid=692,uid=1041,sid=u:r:audioserver:s0) Since 'activity' could not be found trying to start it as a lazy AIDL service. (if it's not configured to be a lazy service, it may be stuck starting or still starting).
[ 1545.274154][    T1] init: Untracked process (pid: 1791 name: (printf) ppid: 1 pgrp: 1776 state: Z) received SIGHUP
[ 1545.350094][    T1] init: Untracked process (pid: 1791 name: (printf) ppid: 1 pgrp: 1776 state: Z) did not have an associated service entry and will not be reaped
[ 1545.675725][    T1] init: Control message: Could not find 'aidl/activity' for ctl.interface_start from pid: 413 (/system/bin/servicemanager)
[ 1545.798261][ T1793] servicemanager: Caller(pid=692,uid=1041,sid=u:r:audioserver:s0) Tried to start aidl service activity as a lazy service, but was unable to. Usually this happens when a service is not installed, but if the service is intended to be used as a lazy service, then it may be configured incorrectly.
[ 1545.984267][  T413] servicemanager: Caller(pid=692,uid=1041,sid=u:r:audioserver:s0) Since 'activity' could not be found trying to start it as a lazy AIDL service. (if it's not configured to be a lazy service, it may be stuck starting or still starting).
[ 1546.201391][    T1] init: Control message: Could not find 'aidl/activity' for ctl.interface_start from pid: 413 (/system/bin/servicemanager)
[ 1546.227310][ T1794] servicemanager: Caller(pid=692,uid=1041,sid=u:r:audioserver:s0) Tried to start aidl service activity as a lazy service, but was unable to. Usually this happens when a service is not installed, but if the service is intended to be used as a lazy service, then it may be configured incorrectly.
[ 1547.479118][  T413] servicemanager: Caller(pid=692,uid=1041,sid=u:r:audioserver:s0) Since 'activity' could not be found trying to start it as a lazy AIDL service. (if it's not configured to be a lazy service, it may be stuck starting or still starting).
[ 1547.914374][    T1] init: Control message: Could not find 'aidl/activity' for ctl.interface_start from pid: 413 (/system/bin/servicemanager)
[ 1548.005946][ T1795] servicemanager: Caller(pid=692,uid=1041,sid=u:r:audioserver:s0) Tried to start aidl service activity as a lazy service, but was unable to. Usually this happens when a service is not installed, but if the service is intended to be used as a lazy service, then it may be configured incorrectly.
[ 1548.978094][  T413] servicemanager: Caller(pid=692,uid=1041,sid=u:r:audioserver:s0) Since 'activity' could not be found trying to start it as a lazy AIDL service. (if it's not configured to be a lazy service, it may be stuck starting or still starting).
[ 1549.524215][    T1] init: Control message: Could not find 'aidl/activity' for ctl.interface_start from pid: 413 (/system/bin/servicemanager)
[ 1549.565580][ T1797] servicemanager: Caller(pid=692,uid=1041,sid=u:r:audioserver:s0) Tried to start aidl service activity as a lazy service, but was unable to. Usually this happens when a service is not installed, but if the service is intended to be used as a lazy service, then it may be configured incorrectly.
[ 1550.110466][  T413] servicemanager: Caller(pid=692,uid=1041,sid=u:r:audioserver:s0) Since 'activity' could not be found trying to start it as a lazy AIDL service. (if it's not configured to be a lazy service, it may be stuck starting or still starting).
[ 1550.189551][    T1] init: Control message: Could not find 'aidl/activity' for ctl.interface_start from pid: 413 (/system/bin/servicemanager)
[ 1550.263422][ T1800] servicemanager: Caller(pid=692,uid=1041,sid=u:r:audioserver:s0) Tried to start aidl service activity as a lazy service, but was unable to. Usually this happens when a service is not installed, but if the service is intended to be used as a lazy service, then it may be configured incorrectly.
[ 1551.174285][  T413] servicemanager: Caller(pid=692,uid=1041,sid=u:r:audioserver:s0) Since 'activity' could not be found trying to start it as a lazy AIDL service. (if it's not configured to be a lazy service, it may be stuck starting or still starting).
[ 1551.311177][    T1] init: Control message: Could not find 'aidl/activity' for ctl.interface_start from pid: 413 (/system/bin/servicemanager)
[ 1551.357155][ T1805] servicemanager: Caller(pid=692,uid=1041,sid=u:r:audioserver:s0) Tried to start aidl service activity as a lazy service, but was unable to. Usually this happens when a service is not installed, but if the service is intended to be used as a lazy service, then it may be configured incorrectly.
[ 1552.630598][  T413] servicemanager: Caller(pid=692,uid=1041,sid=u:r:audioserver:s0) Since 'activity' could not be found trying to start it as a lazy AIDL service. (if it's not configured to be a lazy service, it may be stuck starting or still starting).
[ 1553.231111][    T1] init: Control message: Could not find 'aidl/activity' for ctl.interface_start from pid: 413 (/system/bin/servicemanager)
[ 1553.279209][ T1807] servicemanager: Caller(pid=692,uid=1041,sid=u:r:audioserver:s0) Tried to start aidl service activity as a lazy service, but was unable to. Usually this happens when a service is not installed, but if the service is intended to be used as a lazy service, then it may be configured incorrectly.
[ 1553.898895][  T413] servicemanager: Caller(pid=692,uid=1041,sid=u:r:audioserver:s0) Since 'activity' could not be found trying to start it as a lazy AIDL service. (if it's not configured to be a lazy service, it may be stuck starting or still starting).
[ 1554.003447][    T1] init: Control message: Could not find 'aidl/activity' for ctl.interface_start from pid: 413 (/system/bin/servicemanager)
[ 1554.049603][ T1810] servicemanager: Caller(pid=692,uid=1041,sid=u:r:audioserver:s0) Tried to start aidl service activity as a lazy service, but was unable to. Usually this happens when a service is not installed, but if the service is intended to be used as a lazy service, then it may be configured incorrectly.
[ 1554.970370][  T413] servicemanager: Caller(pid=692,uid=1041,sid=u:r:audioserver:s0) Since 'activity' could not be found trying to start it as a lazy AIDL service. (if it's not configured to be a lazy service, it may be stuck starting or still starting).
[ 1555.029970][    T1] init: Control message: Could not find 'aidl/activity' for ctl.interface_start from pid: 413 (/system/bin/servicemanager)
[ 1555.057871][ T1812] servicemanager: Caller(pid=692,uid=1041,sid=u:r:audioserver:s0) Tried to start aidl service activity as a lazy service, but was unable to. Usually this happens when a service is not installed, but if the service is intended to be used as a lazy service, then it may be configured incorrectly.
[ 1556.575218][  T413] servicemanager: Caller(pid=692,uid=1041,sid=u:r:audioserver:s0) Since 'activity' could not be found trying to start it as a lazy AIDL service. (if it's not configured to be a lazy service, it may be stuck starting or still starting).
[ 1556.960173][    T1] init: Control message: Could not find 'aidl/activity' for ctl.interface_start from pid: 413 (/system/bin/servicemanager)
[ 1557.018110][ T1814] servicemanager: Caller(pid=692,uid=1041,sid=u:r:audioserver:s0) Tried to start aidl service activity as a lazy service, but was unable to. Usually this happens when a service is not installed, but if the service is intended to be used as a lazy service, then it may be configured incorrectly.
[ 1557.704245][  T413] servicemanager: Caller(pid=692,uid=1041,sid=u:r:audioserver:s0) Since 'activity' could not be found trying to start it as a lazy AIDL service. (if it's not configured to be a lazy service, it may be stuck starting or still starting).
[ 1558.726581][    T1] init: Control message: Could not find 'aidl/activity' for ctl.interface_start from pid: 413 (/system/bin/servicemanager)
[ 1558.834560][ T1817] servicemanager: Caller(pid=692,uid=1041,sid=u:r:audioserver:s0) Tried to start aidl service activity as a lazy service, but was unable to. Usually this happens when a service is not installed, but if the service is intended to be used as a lazy service, then it may be configured incorrectly.
[ 1559.427467][  T413] servicemanager: Caller(pid=692,uid=1041,sid=u:r:audioserver:s0) Since 'activity' could not be found trying to start it as a lazy AIDL service. (if it's not configured to be a lazy service, it may be stuck starting or still starting).
[ 1559.486240][    T1] init: Control message: Could not find 'aidl/activity' for ctl.interface_start from pid: 413 (/system/bin/servicemanager)
[ 1559.537392][ T1820] servicemanager: Caller(pid=692,uid=1041,sid=u:r:audioserver:s0) Tried to start aidl service activity as a lazy service, but was unable to. Usually this happens when a service is not installed, but if the service is intended to be used as a lazy service, then it may be configured incorrectly.
[ 1560.570259][  T413] servicemanager: Caller(pid=692,uid=1041,sid=u:r:audioserver:s0) Since 'activity' could not be found trying to start it as a lazy AIDL service. (if it's not configured to be a lazy service, it may be stuck starting or still starting).
[ 1561.121035][    T1] init: Control message: Could not find 'aidl/activity' for ctl.interface_start from pid: 413 (/system/bin/servicemanager)
[ 1561.260017][ T1821] servicemanager: Caller(pid=692,uid=1041,sid=u:r:audioserver:s0) Tried to start aidl service activity as a lazy service, but was unable to. Usually this happens when a service is not installed, but if the service is intended to be used as a lazy service, then it may be configured incorrectly.
[ 1562.041205][  T413] servicemanager: Caller(pid=692,uid=1041,sid=u:r:audioserver:s0) Since 'activity' could not be found trying to start it as a lazy AIDL service. (if it's not configured to be a lazy service, it may be stuck starting or still starting).
[ 1562.690247][    T1] init: Control message: Could not find 'aidl/activity' for ctl.interface_start from pid: 413 (/system/bin/servicemanager)
[ 1563.183953][ T1823] servicemanager: Caller(pid=692,uid=1041,sid=u:r:audioserver:s0) Tried to start aidl service activity as a lazy service, but was unable to. Usually this happens when a service is not installed, but if the service is intended to be used as a lazy service, then it may be configured incorrectly.
[ 1563.722284][  T413] servicemanager: Caller(pid=692,uid=1041,sid=u:r:audioserver:s0) Since 'activity' could not be found trying to start it as a lazy AIDL service. (if it's not configured to be a lazy service, it may be stuck starting or still starting).
[ 1564.227332][    T1] init: Control message: Could not find 'aidl/activity' for ctl.interface_start from pid: 413 (/system/bin/servicemanager)
[ 1564.402641][ T1824] servicemanager: Caller(pid=692,uid=1041,sid=u:r:audioserver:s0) Tried to start aidl service activity as a lazy service, but was unable to. Usually this happens when a service is not installed, but if the service is intended to be used as a lazy service, then it may be configured incorrectly.
[ 1564.897292][  T413] servicemanager: Caller(pid=692,uid=1041,sid=u:r:audioserver:s0) Since 'activity' could not be found trying to start it as a lazy AIDL service. (if it's not configured to be a lazy service, it may be stuck starting or still starting).
[ 1565.280576][    T1] init: Control message: Could not find 'aidl/activity' for ctl.interface_start from pid: 413 (/system/bin/servicemanager)
[ 1565.400552][ T1825] servicemanager: Caller(pid=692,uid=1041,sid=u:r:audioserver:s0) Tried to start aidl service activity as a lazy service, but was unable to. Usually this happens when a service is not installed, but if the service is intended to be used as a lazy service, then it may be configured incorrectly.
[ 1566.313794][  T413] servicemanager: Caller(pid=692,uid=1041,sid=u:r:audioserver:s0) Since 'activity' could not be found trying to start it as a lazy AIDL service. (if it's not configured to be a lazy service, it may be stuck starting or still starting).
[ 1566.533040][    T1] init: Control message: Could not find 'aidl/activity' for ctl.interface_start from pid: 413 (/system/bin/servicemanager)
[ 1566.569198][ T1831] servicemanager: Caller(pid=692,uid=1041,sid=u:r:audioserver:s0) Tried to start aidl service activity as a lazy service, but was unable to. Usually this happens when a service is not installed, but if the service is intended to be used as a lazy service, then it may be configured incorrectly.
[ 1567.928611][  T413] servicemanager: Caller(pid=692,uid=1041,sid=u:r:audioserver:s0) Since 'activity' could not be found trying to start it as a lazy AIDL service. (if it's not configured to be a lazy service, it may be stuck starting or still starting).
[ 1568.491464][    T1] init: Control message: Could not find 'aidl/activity' for ctl.interface_start from pid: 413 (/system/bin/servicemanager)
[ 1568.645156][ T1833] servicemanager: Caller(pid=692,uid=1041,sid=u:r:audioserver:s0) Tried to start aidl service activity as a lazy service, but was unable to. Usually this happens when a service is not installed, but if the service is intended to be used as a lazy service, then it may be configured incorrectly.
[ 1569.477578][  T413] servicemanager: Caller(pid=692,uid=1041,sid=u:r:audioserver:s0) Since 'activity' could not be found trying to start it as a lazy AIDL service. (if it's not configured to be a lazy service, it may be stuck starting or still starting).
[ 1569.578291][    T1] init: Control message: Could not find 'aidl/activity' for ctl.interface_start from pid: 413 (/system/bin/servicemanager)
[ 1569.610464][ T1836] servicemanager: Caller(pid=692,uid=1041,sid=u:r:audioserver:s0) Tried to start aidl service activity as a lazy service, but was unable to. Usually this happens when a service is not installed, but if the service is intended to be used as a lazy service, then it may be configured incorrectly.
[ 1571.003947][  T413] servicemanager: Caller(pid=692,uid=1041,sid=u:r:audioserver:s0) Since 'activity' could not be found trying to start it as a lazy AIDL service. (if it's not configured to be a lazy service, it may be stuck starting or still starting).
[ 1571.053543][    T1] init: Control message: Could not find 'aidl/activity' for ctl.interface_start from pid: 413 (/system/bin/servicemanager)
[ 1571.073990][ T1841] servicemanager: Caller(pid=692,uid=1041,sid=u:r:audioserver:s0) Tried to start aidl service activity as a lazy service, but was unable to. Usually this happens when a service is not installed, but if the service is intended to be used as a lazy service, then it may be configured incorrectly.
[ 1572.309348][  T413] servicemanager: Caller(pid=692,uid=1041,sid=u:r:audioserver:s0) Since 'activity' could not be found trying to start it as a lazy AIDL service. (if it's not configured to be a lazy service, it may be stuck starting or still starting).
[ 1572.786048][    T1] init: Control message: Could not find 'aidl/activity' for ctl.interface_start from pid: 413 (/system/bin/servicemanager)
[ 1573.097130][ T1842] servicemanager: Caller(pid=692,uid=1041,sid=u:r:audioserver:s0) Tried to start aidl service activity as a lazy service, but was unable to. Usually this happens when a service is not installed, but if the service is intended to be used as a lazy service, then it may be configured incorrectly.
[ 1573.845816][  T413] servicemanager: Caller(pid=692,uid=1041,sid=u:r:audioserver:s0) Since 'activity' could not be found trying to start it as a lazy AIDL service. (if it's not configured to be a lazy service, it may be stuck starting or still starting).
[ 1574.619082][    T1] init: Control message: Could not find 'aidl/activity' for ctl.interface_start from pid: 413 (/system/bin/servicemanager)
[ 1575.088575][ T1843] servicemanager: Caller(pid=692,uid=1041,sid=u:r:audioserver:s0) Tried to start aidl service activity as a lazy service, but was unable to. Usually this happens when a service is not installed, but if the service is intended to be used as a lazy service, then it may be configured incorrectly.
[ 1575.472240][  T413] servicemanager: Caller(pid=692,uid=1041,sid=u:r:audioserver:s0) Since 'activity' could not be found trying to start it as a lazy AIDL service. (if it's not configured to be a lazy service, it may be stuck starting or still starting).
[ 1576.086238][    T1] init: Control message: Could not find 'aidl/activity' for ctl.interface_start from pid: 413 (/system/bin/servicemanager)
[ 1576.145931][ T1845] servicemanager: Caller(pid=692,uid=1041,sid=u:r:audioserver:s0) Tried to start aidl service activity as a lazy service, but was unable to. Usually this happens when a service is not installed, but if the service is intended to be used as a lazy service, then it may be configured incorrectly.
[ 1577.634911][  T413] servicemanager: Caller(pid=692,uid=1041,sid=u:r:audioserver:s0) Since 'activity' could not be found trying to start it as a lazy AIDL service. (if it's not configured to be a lazy service, it may be stuck starting or still starting).
[ 1578.452428][    T1] init: Control message: Could not find 'aidl/activity' for ctl.interface_start from pid: 413 (/system/bin/servicemanager)
[ 1578.570196][ T1846] servicemanager: Caller(pid=692,uid=1041,sid=u:r:audioserver:s0) Tried to start aidl service activity as a lazy service, but was unable to. Usually this happens when a service is not installed, but if the service is intended to be used as a lazy service, then it may be configured incorrectly.
[ 1579.305308][  T413] servicemanager: Caller(pid=692,uid=1041,sid=u:r:audioserver:s0) Since 'activity' could not be found trying to start it as a lazy AIDL service. (if it's not configured to be a lazy service, it may be stuck starting or still starting).
[ 1579.403366][    T1] init: Control message: Could not find 'aidl/activity' for ctl.interface_start from pid: 413 (/system/bin/servicemanager)
[ 1579.435029][ T1851] servicemanager: Caller(pid=692,uid=1041,sid=u:r:audioserver:s0) Tried to start aidl service activity as a lazy service, but was unable to. Usually this happens when a service is not installed, but if the service is intended to be used as a lazy service, then it may be configured incorrectly.
[ 1580.833663][  T413] servicemanager: Caller(pid=692,uid=1041,sid=u:r:audioserver:s0) Since 'activity' could not be found trying to start it as a lazy AIDL service. (if it's not configured to be a lazy service, it may be stuck starting or still starting).
[ 1581.508100][    T1] init: Control message: Could not find 'aidl/activity' for ctl.interface_start from pid: 413 (/system/bin/servicemanager)
[ 1581.746275][ T1853] servicemanager: Caller(pid=692,uid=1041,sid=u:r:audioserver:s0) Tried to start aidl service activity as a lazy service, but was unable to. Usually this happens when a service is not installed, but if the service is intended to be used as a lazy service, then it may be configured incorrectly.
[ 1582.128137][  T413] servicemanager: Caller(pid=692,uid=1041,sid=u:r:audioserver:s0) Since 'activity' could not be found trying to start it as a lazy AIDL service. (if it's not configured to be a lazy service, it may be stuck starting or still starting).
[ 1582.217212][    T1] init: Control message: Could not find 'aidl/activity' for ctl.interface_start from pid: 413 (/system/bin/servicemanager)
[ 1582.257385][ T1855] servicemanager: Caller(pid=692,uid=1041,sid=u:r:audioserver:s0) Tried to start aidl service activity as a lazy service, but was unable to. Usually this happens when a service is not installed, but if the service is intended to be used as a lazy service, then it may be configured incorrectly.
[ 1583.165352][  T413] servicemanager: Caller(pid=692,uid=1041,sid=u:r:audioserver:s0) Since 'activity' could not be found trying to start it as a lazy AIDL service. (if it's not configured to be a lazy service, it may be stuck starting or still starting).
[ 1583.271379][    T1] init: Control message: Could not find 'aidl/activity' for ctl.interface_start from pid: 413 (/system/bin/servicemanager)
[ 1583.283223][ T1857] servicemanager: Caller(pid=692,uid=1041,sid=u:r:audioserver:s0) Tried to start aidl service activity as a lazy service, but was unable to. Usually this happens when a service is not installed, but if the service is intended to be used as a lazy service, then it may be configured incorrectly.
[ 1584.231430][  T413] servicemanager: Caller(pid=692,uid=1041,sid=u:r:audioserver:s0) Since 'activity' could not be found trying to start it as a lazy AIDL service. (if it's not configured to be a lazy service, it may be stuck starting or still starting).
[ 1584.310374][    T1] init: Control message: Could not find 'aidl/activity' for ctl.interface_start from pid: 413 (/system/bin/servicemanager)
[ 1584.344424][ T1859] servicemanager: Caller(pid=692,uid=1041,sid=u:r:audioserver:s0) Tried to start aidl service activity as a lazy service, but was unable to. Usually this happens when a service is not installed, but if the service is intended to be used as a lazy service, then it may be configured incorrectly.
[ 1585.822409][  T413] servicemanager: Caller(pid=692,uid=1041,sid=u:r:audioserver:s0) Since 'activity' could not be found trying to start it as a lazy AIDL service. (if it's not configured to be a lazy service, it may be stuck starting or still starting).
[ 1586.402149][    T1] init: Control message: Could not find 'aidl/activity' for ctl.interface_start from pid: 413 (/system/bin/servicemanager)
[ 1586.435398][ T1862] servicemanager: Caller(pid=692,uid=1041,sid=u:r:audioserver:s0) Tried to start aidl service activity as a lazy service, but was unable to. Usually this happens when a service is not installed, but if the service is intended to be used as a lazy service, then it may be configured incorrectly.
[ 1586.920167][  T413] servicemanager: Caller(pid=692,uid=1041,sid=u:r:audioserver:s0) Since 'activity' could not be found trying to start it as a lazy AIDL service. (if it's not configured to be a lazy service, it may be stuck starting or still starting).
[ 1587.000759][    T1] init: Control message: Could not find 'aidl/activity' for ctl.interface_start from pid: 413 (/system/bin/servicemanager)
[ 1587.023288][ T1864] servicemanager: Caller(pid=692,uid=1041,sid=u:r:audioserver:s0) Tried to start aidl service activity as a lazy service, but was unable to. Usually this happens when a service is not installed, but if the service is intended to be used as a lazy service, then it may be configured incorrectly.
[ 1588.897381][  T413] servicemanager: Caller(pid=692,uid=1041,sid=u:r:audioserver:s0) Since 'activity' could not be found trying to start it as a lazy AIDL service. (if it's not configured to be a lazy service, it may be stuck starting or still starting).
[ 1590.380239][    T1] init: Control message: Could not find 'aidl/activity' for ctl.interface_start from pid: 413 (/system/bin/servicemanager)
[ 1591.320376][ T1865] servicemanager: Caller(pid=692,uid=1041,sid=u:r:audioserver:s0) Tried to start aidl service activity as a lazy service, but was unable to. Usually this happens when a service is not installed, but if the service is intended to be used as a lazy service, then it may be configured incorrectly.
[ 1591.781438][  T413] servicemanager: Caller(pid=692,uid=1041,sid=u:r:audioserver:s0) Since 'activity' could not be found trying to start it as a lazy AIDL service. (if it's not configured to be a lazy service, it may be stuck starting or still starting).
[ 1592.681795][    T1] init: Control message: Could not find 'aidl/activity' for ctl.interface_start from pid: 413 (/system/bin/servicemanager)
[ 1593.112055][ T1867] servicemanager: Caller(pid=692,uid=1041,sid=u:r:audioserver:s0) Tried to start aidl service activity as a lazy service, but was unable to. Usually this happens when a service is not installed, but if the service is intended to be used as a lazy service, then it may be configured incorrectly.
[ 1593.898849][  T413] servicemanager: Caller(pid=692,uid=1041,sid=u:r:audioserver:s0) Since 'activity' could not be found trying to start it as a lazy AIDL service. (if it's not configured to be a lazy service, it may be stuck starting or still starting).
[ 1594.410503][    T1] init: Control message: Could not find 'aidl/activity' for ctl.interface_start from pid: 413 (/system/bin/servicemanager)
[ 1594.481606][ T1871] servicemanager: Caller(pid=692,uid=1041,sid=u:r:audioserver:s0) Tried to start aidl service activity as a lazy service, but was unable to. Usually this happens when a service is not installed, but if the service is intended to be used as a lazy service, then it may be configured incorrectly.
[ 1595.221390][  T413] servicemanager: Caller(pid=692,uid=1041,sid=u:r:audioserver:s0) Since 'activity' could not be found trying to start it as a lazy AIDL service. (if it's not configured to be a lazy service, it may be stuck starting or still starting).
[ 1595.720049][    T1] init: Control message: Could not find 'aidl/activity' for ctl.interface_start from pid: 413 (/system/bin/servicemanager)
[ 1595.847274][ T1874] servicemanager: Caller(pid=692,uid=1041,sid=u:r:audioserver:s0) Tried to start aidl service activity as a lazy service, but was unable to. Usually this happens when a service is not installed, but if the service is intended to be used as a lazy service, then it may be configured incorrectly.
[ 1596.404903][  T413] servicemanager: Caller(pid=692,uid=1041,sid=u:r:audioserver:s0) Since 'activity' could not be found trying to start it as a lazy AIDL service. (if it's not configured to be a lazy service, it may be stuck starting or still starting).
[ 1596.516800][    T1] init: Control message: Could not find 'aidl/activity' for ctl.interface_start from pid: 413 (/system/bin/servicemanager)
[ 1596.538526][ T1876] servicemanager: Caller(pid=692,uid=1041,sid=u:r:audioserver:s0) Tried to start aidl service activity as a lazy service, but was unable to. Usually this happens when a service is not installed, but if the service is intended to be used as a lazy service, then it may be configured incorrectly.
[ 1597.822031][  T413] servicemanager: Caller(pid=692,uid=1041,sid=u:r:audioserver:s0) Since 'activity' could not be found trying to start it as a lazy AIDL service. (if it's not configured to be a lazy service, it may be stuck starting or still starting).
[ 1598.159344][    T1] init: Control message: Could not find 'aidl/activity' for ctl.interface_start from pid: 413 (/system/bin/servicemanager)
[ 1598.200083][ T1877] servicemanager: Caller(pid=692,uid=1041,sid=u:r:audioserver:s0) Tried to start aidl service activity as a lazy service, but was unable to. Usually this happens when a service is not installed, but if the service is intended to be used as a lazy service, then it may be configured incorrectly.
[ 1599.083314][  T413] servicemanager: Caller(pid=692,uid=1041,sid=u:r:audioserver:s0) Since 'activity' could not be found trying to start it as a lazy AIDL service. (if it's not configured to be a lazy service, it may be stuck starting or still starting).
[ 1599.251223][    T1] init: Control message: Could not find 'aidl/activity' for ctl.interface_start from pid: 413 (/system/bin/servicemanager)
[ 1599.284514][ T1879] servicemanager: Caller(pid=692,uid=1041,sid=u:r:audioserver:s0) Tried to start aidl service activity as a lazy service, but was unable to. Usually this happens when a service is not installed, but if the service is intended to be used as a lazy service, then it may be configured incorrectly.
[ 1600.420286][  T413] servicemanager: Caller(pid=692,uid=1041,sid=u:r:audioserver:s0) Since 'activity' could not be found trying to start it as a lazy AIDL service. (if it's not configured to be a lazy service, it may be stuck starting or still starting).
[ 1600.893419][    T1] init: Control message: Could not find 'aidl/activity' for ctl.interface_start from pid: 413 (/system/bin/servicemanager)
[ 1600.984254][ T1880] servicemanager: Caller(pid=692,uid=1041,sid=u:r:audioserver:s0) Tried to start aidl service activity as a lazy service, but was unable to. Usually this happens when a service is not installed, but if the service is intended to be used as a lazy service, then it may be configured incorrectly.
[ 1601.732730][  T413] servicemanager: Caller(pid=692,uid=1041,sid=u:r:audioserver:s0) Since 'activity' could not be found trying to start it as a lazy AIDL service. (if it's not configured to be a lazy service, it may be stuck starting or still starting).
[ 1601.915256][    T1] init: Control message: Could not find 'aidl/activity' for ctl.interface_start from pid: 413 (/system/bin/servicemanager)
[ 1601.930399][ T1881] servicemanager: Caller(pid=692,uid=1041,sid=u:r:audioserver:s0) Tried to start aidl service activity as a lazy service, but was unable to. Usually this happens when a service is not installed, but if the service is intended to be used as a lazy service, then it may be configured incorrectly.
[ 1602.925203][  T413] servicemanager: Caller(pid=692,uid=1041,sid=u:r:audioserver:s0) Since 'activity' could not be found trying to start it as a lazy AIDL service. (if it's not configured to be a lazy service, it may be stuck starting or still starting).
[ 1603.052424][    T1] init: Control message: Could not find 'aidl/activity' for ctl.interface_start from pid: 413 (/system/bin/servicemanager)
[ 1603.073024][ T1883] servicemanager: Caller(pid=692,uid=1041,sid=u:r:audioserver:s0) Tried to start aidl service activity as a lazy service, but was unable to. Usually this happens when a service is not installed, but if the service is intended to be used as a lazy service, then it may be configured incorrectly.
[ 1604.613865][  T413] servicemanager: Caller(pid=692,uid=1041,sid=u:r:audioserver:s0) Since 'activity' could not be found trying to start it as a lazy AIDL service. (if it's not configured to be a lazy service, it may be stuck starting or still starting).
[ 1605.208926][    T1] init: Control message: Could not find 'aidl/activity' for ctl.interface_start from pid: 413 (/system/bin/servicemanager)
[ 1605.788880][ T1887] servicemanager: Caller(pid=692,uid=1041,sid=u:r:audioserver:s0) Tried to start aidl service activity as a lazy service, but was unable to. Usually this happens when a service is not installed, but if the service is intended to be used as a lazy service, then it may be configured incorrectly.
[ 1606.228803][  T413] servicemanager: Caller(pid=692,uid=1041,sid=u:r:audioserver:s0) Since 'activity' could not be found trying to start it as a lazy AIDL service. (if it's not configured to be a lazy service, it may be stuck starting or still starting).
[ 1606.755408][    T1] init: Control message: Could not find 'aidl/activity' for ctl.interface_start from pid: 413 (/system/bin/servicemanager)
[ 1606.776330][ T1888] servicemanager: Caller(pid=692,uid=1041,sid=u:r:audioserver:s0) Tried to start aidl service activity as a lazy service, but was unable to. Usually this happens when a service is not installed, but if the service is intended to be used as a lazy service, then it may be configured incorrectly.
[ 1607.974226][  T413] servicemanager: Caller(pid=692,uid=1041,sid=u:r:audioserver:s0) Since 'activity' could not be found trying to start it as a lazy AIDL service. (if it's not configured to be a lazy service, it may be stuck starting or still starting).
[ 1608.880442][    T1] init: Control message: Could not find 'aidl/activity' for ctl.interface_start from pid: 413 (/system/bin/servicemanager)
[ 1609.033843][ T1890] servicemanager: Caller(pid=692,uid=1041,sid=u:r:audioserver:s0) Tried to start aidl service activity as a lazy service, but was unable to. Usually this happens when a service is not installed, but if the service is intended to be used as a lazy service, then it may be configured incorrectly.
[ 1609.616280][  T413] servicemanager: Caller(pid=692,uid=1041,sid=u:r:audioserver:s0) Since 'activity' could not be found trying to start it as a lazy AIDL service. (if it's not configured to be a lazy service, it may be stuck starting or still starting).
[ 1610.088948][    T1] init: Control message: Could not find 'aidl/activity' for ctl.interface_start from pid: 413 (/system/bin/servicemanager)
[ 1610.133823][ T1892] servicemanager: Caller(pid=692,uid=1041,sid=u:r:audioserver:s0) Tried to start aidl service activity as a lazy service, but was unable to. Usually this happens when a service is not installed, but if the service is intended to be used as a lazy service, then it may be configured incorrectly.
[ 1610.697137][  T413] servicemanager: Caller(pid=692,uid=1041,sid=u:r:audioserver:s0) Since 'activity' could not be found trying to start it as a lazy AIDL service. (if it's not configured to be a lazy service, it may be stuck starting or still starting).
[ 1610.790022][    T1] init: Control message: Could not find 'aidl/activity' for ctl.interface_start from pid: 413 (/system/bin/servicemanager)
[ 1610.824406][ T1897] servicemanager: Caller(pid=692,uid=1041,sid=u:r:audioserver:s0) Tried to start aidl service activity as a lazy service, but was unable to. Usually this happens when a service is not installed, but if the service is intended to be used as a lazy service, then it may be configured incorrectly.
[ 1612.024360][  T413] servicemanager: Caller(pid=692,uid=1041,sid=u:r:audioserver:s0) Since 'activity' could not be found trying to start it as a lazy AIDL service. (if it's not configured to be a lazy service, it may be stuck starting or still starting).
[ 1612.283140][    T1] init: Control message: Could not find 'aidl/activity' for ctl.interface_start from pid: 413 (/system/bin/servicemanager)
[ 1612.318798][ T1898] servicemanager: Caller(pid=692,uid=1041,sid=u:r:audioserver:s0) Tried to start aidl service activity as a lazy service, but was unable to. Usually this happens when a service is not installed, but if the service is intended to be used as a lazy service, then it may be configured incorrectly.
[ 1613.113873][  T413] servicemanager: Caller(pid=692,uid=1041,sid=u:r:audioserver:s0) Since 'activity' could not be found trying to start it as a lazy AIDL service. (if it's not configured to be a lazy service, it may be stuck starting or still starting).
[ 1613.263433][    T1] init: Control message: Could not find 'aidl/activity' for ctl.interface_start from pid: 413 (/system/bin/servicemanager)
[ 1613.282655][ T1900] servicemanager: Caller(pid=692,uid=1041,sid=u:r:audioserver:s0) Tried to start aidl service activity as a lazy service, but was unable to. Usually this happens when a service is not installed, but if the service is intended to be used as a lazy service, then it may be configured incorrectly.
[ 1614.238854][  T413] servicemanager: Caller(pid=692,uid=1041,sid=u:r:audioserver:s0) Since 'activity' could not be found trying to start it as a lazy AIDL service. (if it's not configured to be a lazy service, it may be stuck starting or still starting).
[ 1614.422059][    T1] init: Control message: Could not find 'aidl/activity' for ctl.interface_start from pid: 413 (/system/bin/servicemanager)
[ 1614.483056][ T1902] servicemanager: Caller(pid=692,uid=1041,sid=u:r:audioserver:s0) Tried to start aidl service activity as a lazy service, but was unable to. Usually this happens when a service is not installed, but if the service is intended to be used as a lazy service, then it may be configured incorrectly.
[ 1615.302431][  T413] servicemanager: Caller(pid=692,uid=1041,sid=u:r:audioserver:s0) Since 'activity' could not be found trying to start it as a lazy AIDL service. (if it's not configured to be a lazy service, it may be stuck starting or still starting).
[ 1615.373351][    T1] init: Control message: Could not find 'aidl/activity' for ctl.interface_start from pid: 413 (/system/bin/servicemanager)
[ 1615.449654][ T1905] servicemanager: Caller(pid=692,uid=1041,sid=u:r:audioserver:s0) Tried to start aidl service activity as a lazy service, but was unable to. Usually this happens when a service is not installed, but if the service is intended to be used as a lazy service, then it may be configured incorrectly.
[ 1616.691799][  T413] servicemanager: Caller(pid=692,uid=1041,sid=u:r:audioserver:s0) Since 'activity' could not be found trying to start it as a lazy AIDL service. (if it's not configured to be a lazy service, it may be stuck starting or still starting).
[ 1617.208945][    T1] init: Control message: Could not find 'aidl/activity' for ctl.interface_start from pid: 413 (/system/bin/servicemanager)
[ 1617.304135][ T1908] servicemanager: Caller(pid=692,uid=1041,sid=u:r:audioserver:s0) Tried to start aidl service activity as a lazy service, but was unable to. Usually this happens when a service is not installed, but if the service is intended to be used as a lazy service, then it may be configured incorrectly.
[ 1618.083347][  T413] servicemanager: Caller(pid=692,uid=1041,sid=u:r:audioserver:s0) Since 'activity' could not be found trying to start it as a lazy AIDL service. (if it's not configured to be a lazy service, it may be stuck starting or still starting).
[ 1618.282413][    T1] init: Control message: Could not find 'aidl/activity' for ctl.interface_start from pid: 413 (/system/bin/servicemanager)
[ 1618.333258][ T1911] servicemanager: Caller(pid=692,uid=1041,sid=u:r:audioserver:s0) Tried to start aidl service activity as a lazy service, but was unable to. Usually this happens when a service is not installed, but if the service is intended to be used as a lazy service, then it may be configured incorrectly.
[ 1619.475388][  T413] servicemanager: Caller(pid=692,uid=1041,sid=u:r:audioserver:s0) Since 'activity' could not be found trying to start it as a lazy AIDL service. (if it's not configured to be a lazy service, it may be stuck starting or still starting).
[ 1619.858952][    T1] init: Control message: Could not find 'aidl/activity' for ctl.interface_start from pid: 413 (/system/bin/servicemanager)
[ 1619.887244][ T1912] servicemanager: Caller(pid=692,uid=1041,sid=u:r:audioserver:s0) Tried to start aidl service activity as a lazy service, but was unable to. Usually this happens when a service is not installed, but if the service is intended to be used as a lazy service, then it may be configured incorrectly.
[ 1620.762078][  T413] servicemanager: Caller(pid=692,uid=1041,sid=u:r:audioserver:s0) Since 'activity' could not be found trying to start it as a lazy AIDL service. (if it's not configured to be a lazy service, it may be stuck starting or still starting).
[ 1620.873603][    T1] init: Control message: Could not find 'aidl/activity' for ctl.interface_start from pid: 413 (/system/bin/servicemanager)
[ 1620.908036][ T1913] servicemanager: Caller(pid=692,uid=1041,sid=u:r:audioserver:s0) Tried to start aidl service activity as a lazy service, but was unable to. Usually this happens when a service is not installed, but if the service is intended to be used as a lazy service, then it may be configured incorrectly.
[ 1622.063795][  T413] servicemanager: Caller(pid=692,uid=1041,sid=u:r:audioserver:s0) Since 'activity' could not be found trying to start it as a lazy AIDL service. (if it's not configured to be a lazy service, it may be stuck starting or still starting).
[ 1622.511941][    T1] init: Control message: Could not find 'aidl/activity' for ctl.interface_start from pid: 413 (/system/bin/servicemanager)
[ 1622.540896][ T1914] servicemanager: Caller(pid=692,uid=1041,sid=u:r:audioserver:s0) Tried to start aidl service activity as a lazy service, but was unable to. Usually this happens when a service is not installed, but if the service is intended to be used as a lazy service, then it may be configured incorrectly.
[ 1623.412748][  T413] servicemanager: Caller(pid=692,uid=1041,sid=u:r:audioserver:s0) Since 'activity' could not be found trying to start it as a lazy AIDL service. (if it's not configured to be a lazy service, it may be stuck starting or still starting).
[ 1624.044990][    T1] init: Control message: Could not find 'aidl/activity' for ctl.interface_start from pid: 413 (/system/bin/servicemanager)
[ 1624.206127][ T1915] servicemanager: Caller(pid=692,uid=1041,sid=u:r:audioserver:s0) Tried to start aidl service activity as a lazy service, but was unable to. Usually this happens when a service is not installed, but if the service is intended to be used as a lazy service, then it may be configured incorrectly.
[ 1624.924345][  T413] servicemanager: Caller(pid=692,uid=1041,sid=u:r:audioserver:s0) Since 'activity' could not be found trying to start it as a lazy AIDL service. (if it's not configured to be a lazy service, it may be stuck starting or still starting).
[ 1625.503964][    T1] init: Control message: Could not find 'aidl/activity' for ctl.interface_start from pid: 413 (/system/bin/servicemanager)
[ 1625.641474][ T1918] servicemanager: Caller(pid=692,uid=1041,sid=u:r:audioserver:s0) Tried to start aidl service activity as a lazy service, but was unable to. Usually this happens when a service is not installed, but if the service is intended to be used as a lazy service, then it may be configured incorrectly.
[ 1626.465904][  T413] servicemanager: Caller(pid=692,uid=1041,sid=u:r:audioserver:s0) Since 'activity' could not be found trying to start it as a lazy AIDL service. (if it's not configured to be a lazy service, it may be stuck starting or still starting).
[ 1626.752146][    T1] init: Control message: Could not find 'aidl/activity' for ctl.interface_start from pid: 413 (/system/bin/servicemanager)
[ 1626.784822][ T1921] servicemanager: Caller(pid=692,uid=1041,sid=u:r:audioserver:s0) Tried to start aidl service activity as a lazy service, but was unable to. Usually this happens when a service is not installed, but if the service is intended to be used as a lazy service, then it may be configured incorrectly.
[ 1627.846120][  T413] servicemanager: Caller(pid=692,uid=1041,sid=u:r:audioserver:s0) Since 'activity' could not be found trying to start it as a lazy AIDL service. (if it's not configured to be a lazy service, it may be stuck starting or still starting).
[ 1628.259831][    T1] init: Control message: Could not find 'aidl/activity' for ctl.interface_start from pid: 413 (/system/bin/servicemanager)
[ 1628.286933][ T1926] servicemanager: Caller(pid=692,uid=1041,sid=u:r:audioserver:s0) Tried to start aidl service activity as a lazy service, but was unable to. Usually this happens when a service is not installed, but if the service is intended to be used as a lazy service, then it may be configured incorrectly.
[ 1628.923179][  T413] servicemanager: Caller(pid=692,uid=1041,sid=u:r:audioserver:s0) Since 'activity' could not be found trying to start it as a lazy AIDL service. (if it's not configured to be a lazy service, it may be stuck starting or still starting).
[ 1629.029340][    T1] init: Control message: Could not find 'aidl/activity' for ctl.interface_start from pid: 413 (/system/bin/servicemanager)
[ 1629.072046][ T1928] servicemanager: Caller(pid=692,uid=1041,sid=u:r:audioserver:s0) Tried to start aidl service activity as a lazy service, but was unable to. Usually this happens when a service is not installed, but if the service is intended to be used as a lazy service, then it may be configured incorrectly.
[ 1630.304213][  T413] servicemanager: Caller(pid=692,uid=1041,sid=u:r:audioserver:s0) Since 'activity' could not be found trying to start it as a lazy AIDL service. (if it's not configured to be a lazy service, it may be stuck starting or still starting).
[ 1630.789811][    T1] init: Control message: Could not find 'aidl/activity' for ctl.interface_start from pid: 413 (/system/bin/servicemanager)
[ 1631.115041][ T1931] servicemanager: Caller(pid=692,uid=1041,sid=u:r:audioserver:s0) Tried to start aidl service activity as a lazy service, but was unable to. Usually this happens when a service is not installed, but if the service is intended to be used as a lazy service, then it may be configured incorrectly.
[ 1631.673760][  T413] servicemanager: Caller(pid=692,uid=1041,sid=u:r:audioserver:s0) Since 'activity' could not be found trying to start it as a lazy AIDL service. (if it's not configured to be a lazy service, it may be stuck starting or still starting).
[ 1632.021875][    T1] init: Control message: Could not find 'aidl/activity' for ctl.interface_start from pid: 413 (/system/bin/servicemanager)
[ 1632.104369][ T1932] servicemanager: Caller(pid=692,uid=1041,sid=u:r:audioserver:s0) Tried to start aidl service activity as a lazy service, but was unable to. Usually this happens when a service is not installed, but if the service is intended to be used as a lazy service, then it may be configured incorrectly.
[ 1632.971258][  T413] servicemanager: Caller(pid=692,uid=1041,sid=u:r:audioserver:s0) Since 'activity' could not be found trying to start it as a lazy AIDL service. (if it's not configured to be a lazy service, it may be stuck starting or still starting).
[ 1633.217921][    T1] init: Control message: Could not find 'aidl/activity' for ctl.interface_start from pid: 413 (/system/bin/servicemanager)
[ 1633.293585][ T1934] servicemanager: Caller(pid=692,uid=1041,sid=u:r:audioserver:s0) Tried to start aidl service activity as a lazy service, but was unable to. Usually this happens when a service is not installed, but if the service is intended to be used as a lazy service, then it may be configured incorrectly.
[ 1634.550078][  T413] servicemanager: Caller(pid=692,uid=1041,sid=u:r:audioserver:s0) Since 'activity' could not be found trying to start it as a lazy AIDL service. (if it's not configured to be a lazy service, it may be stuck starting or still starting).
[ 1634.992984][    T1] init: Control message: Could not find 'aidl/activity' for ctl.interface_start from pid: 413 (/system/bin/servicemanager)
[ 1635.012314][ T1936] servicemanager: Caller(pid=692,uid=1041,sid=u:r:audioserver:s0) Tried to start aidl service activity as a lazy service, but was unable to. Usually this happens when a service is not installed, but if the service is intended to be used as a lazy service, then it may be configured incorrectly.
[ 1635.676041][  T413] servicemanager: Caller(pid=692,uid=1041,sid=u:r:audioserver:s0) Since 'activity' could not be found trying to start it as a lazy AIDL service. (if it's not configured to be a lazy service, it may be stuck starting or still starting).
[ 1635.758780][    T1] init: Control message: Could not find 'aidl/activity' for ctl.interface_start from pid: 413 (/system/bin/servicemanager)
[ 1635.773322][ T1938] servicemanager: Caller(pid=692,uid=1041,sid=u:r:audioserver:s0) Tried to start aidl service activity as a lazy service, but was unable to. Usually this happens when a service is not installed, but if the service is intended to be used as a lazy service, then it may be configured incorrectly.
[ 1637.373085][  T413] servicemanager: Caller(pid=692,uid=1041,sid=u:r:audioserver:s0) Since 'activity' could not be found trying to start it as a lazy AIDL service. (if it's not configured to be a lazy service, it may be stuck starting or still starting).
[ 1638.343073][    T1] init: Control message: Could not find 'aidl/activity' for ctl.interface_start from pid: 413 (/system/bin/servicemanager)
[ 1638.395931][ T1939] servicemanager: Caller(pid=692,uid=1041,sid=u:r:audioserver:s0) Tried to start aidl service activity as a lazy service, but was unable to. Usually this happens when a service is not installed, but if the service is intended to be used as a lazy service, then it may be configured incorrectly.
[ 1638.663915][  T413] servicemanager: Caller(pid=692,uid=1041,sid=u:r:audioserver:s0) Since 'activity' could not be found trying to start it as a lazy AIDL service. (if it's not configured to be a lazy service, it may be stuck starting or still starting).
[ 1639.739744][    T1] init: Control message: Could not find 'aidl/activity' for ctl.interface_start from pid: 413 (/system/bin/servicemanager)
[ 1640.211940][ T1942] servicemanager: Caller(pid=692,uid=1041,sid=u:r:audioserver:s0) Tried to start aidl service activity as a lazy service, but was unable to. Usually this happens when a service is not installed, but if the service is intended to be used as a lazy service, then it may be configured incorrectly.
[ 1640.384058][  T413] servicemanager: Caller(pid=692,uid=1041,sid=u:r:audioserver:s0) Since 'activity' could not be found trying to start it as a lazy AIDL service. (if it's not configured to be a lazy service, it may be stuck starting or still starting).
[ 1640.845967][    T1] init: Control message: Could not find 'aidl/activity' for ctl.interface_start from pid: 413 (/system/bin/servicemanager)
[ 1640.920100][ T1943] servicemanager: Caller(pid=692,uid=1041,sid=u:r:audioserver:s0) Tried to start aidl service activity as a lazy service, but was unable to. Usually this happens when a service is not installed, but if the service is intended to be used as a lazy service, then it may be configured incorrectly.
[ 1641.622546][  T413] servicemanager: Caller(pid=692,uid=1041,sid=u:r:audioserver:s0) Since 'activity' could not be found trying to start it as a lazy AIDL service. (if it's not configured to be a lazy service, it may be stuck starting or still starting).
[ 1641.846019][    T1] init: Control message: Could not find 'aidl/activity' for ctl.interface_start from pid: 413 (/system/bin/servicemanager)
[ 1641.913647][ T1945] servicemanager: Caller(pid=692,uid=1041,sid=u:r:audioserver:s0) Tried to start aidl service activity as a lazy service, but was unable to. Usually this happens when a service is not installed, but if the service is intended to be used as a lazy service, then it may be configured incorrectly.
[ 1643.158109][  T413] servicemanager: Caller(pid=692,uid=1041,sid=u:r:audioserver:s0) Since 'activity' could not be found trying to start it as a lazy AIDL service. (if it's not configured to be a lazy service, it may be stuck starting or still starting).
[ 1643.401887][    T1] init: Control message: Could not find 'aidl/activity' for ctl.interface_start from pid: 413 (/system/bin/servicemanager)
[ 1643.471007][ T1947] servicemanager: Caller(pid=692,uid=1041,sid=u:r:audioserver:s0) Tried to start aidl service activity as a lazy service, but was unable to. Usually this happens when a service is not installed, but if the service is intended to be used as a lazy service, then it may be configured incorrectly.
[ 1644.603247][  T413] servicemanager: Caller(pid=692,uid=1041,sid=u:r:audioserver:s0) Since 'activity' could not be found trying to start it as a lazy AIDL service. (if it's not configured to be a lazy service, it may be stuck starting or still starting).
[ 1644.844759][    T1] init: Control message: Could not find 'aidl/activity' for ctl.interface_start from pid: 413 (/system/bin/servicemanager)
[ 1644.931051][ T1948] servicemanager: Caller(pid=692,uid=1041,sid=u:r:audioserver:s0) Tried to start aidl service activity as a lazy service, but was unable to. Usually this happens when a service is not installed, but if the service is intended to be used as a lazy service, then it may be configured incorrectly.
[ 1645.734115][  T413] servicemanager: Caller(pid=692,uid=1041,sid=u:r:audioserver:s0) Since 'activity' could not be found trying to start it as a lazy AIDL service. (if it's not configured to be a lazy service, it may be stuck starting or still starting).
[ 1645.796822][    T1] init: Control message: Could not find 'aidl/activity' for ctl.interface_start from pid: 413 (/system/bin/servicemanager)
[ 1645.811791][ T1949] servicemanager: Caller(pid=692,uid=1041,sid=u:r:audioserver:s0) Tried to start aidl service activity as a lazy service, but was unable to. Usually this happens when a service is not installed, but if the service is intended to be used as a lazy service, then it may be configured incorrectly.
[ 1647.344054][  T413] servicemanager: Caller(pid=692,uid=1041,sid=u:r:audioserver:s0) Since 'activity' could not be found trying to start it as a lazy AIDL service. (if it's not configured to be a lazy service, it may be stuck starting or still starting).
[ 1647.794010][    T1] init: Control message: Could not find 'aidl/activity' for ctl.interface_start from pid: 413 (/system/bin/servicemanager)
[ 1647.889810][ T1951] servicemanager: Caller(pid=692,uid=1041,sid=u:r:audioserver:s0) Tried to start aidl service activity as a lazy service, but was unable to. Usually this happens when a service is not installed, but if the service is intended to be used as a lazy service, then it may be configured incorrectly.
[ 1648.563193][  T413] servicemanager: Caller(pid=692,uid=1041,sid=u:r:audioserver:s0) Since 'activity' could not be found trying to start it as a lazy AIDL service. (if it's not configured to be a lazy service, it may be stuck starting or still starting).
[ 1649.175756][    T1] init: Control message: Could not find 'aidl/activity' for ctl.interface_start from pid: 413 (/system/bin/servicemanager)
[ 1649.339618][ T1952] servicemanager: Caller(pid=692,uid=1041,sid=u:r:audioserver:s0) Tried to start aidl service activity as a lazy service, but was unable to. Usually this happens when a service is not installed, but if the service is intended to be used as a lazy service, then it may be configured incorrectly.
[ 1649.845153][  T413] servicemanager: Caller(pid=692,uid=1041,sid=u:r:audioserver:s0) Since 'activity' could not be found trying to start it as a lazy AIDL service. (if it's not configured to be a lazy service, it may be stuck starting or still starting).
[ 1650.328273][    T1] init: Control message: Could not find 'aidl/activity' for ctl.interface_start from pid: 413 (/system/bin/servicemanager)
[ 1650.522246][ T1954] servicemanager: Caller(pid=692,uid=1041,sid=u:r:audioserver:s0) Tried to start aidl service activity as a lazy service, but was unable to. Usually this happens when a service is not installed, but if the service is intended to be used as a lazy service, then it may be configured incorrectly.
[ 1651.081970][  T413] servicemanager: Caller(pid=692,uid=1041,sid=u:r:audioserver:s0) Since 'activity' could not be found trying to start it as a lazy AIDL service. (if it's not configured to be a lazy service, it may be stuck starting or still starting).
[ 1651.154496][    T1] init: Control message: Could not find 'aidl/activity' for ctl.interface_start from pid: 413 (/system/bin/servicemanager)
[ 1651.205378][ T1957] servicemanager: Caller(pid=692,uid=1041,sid=u:r:audioserver:s0) Tried to start aidl service activity as a lazy service, but was unable to. Usually this happens when a service is not installed, but if the service is intended to be used as a lazy service, then it may be configured incorrectly.
[ 1652.142106][  T413] servicemanager: Caller(pid=692,uid=1041,sid=u:r:audioserver:s0) Since 'activity' could not be found trying to start it as a lazy AIDL service. (if it's not configured to be a lazy service, it may be stuck starting or still starting).
[ 1652.405560][    T1] init: Control message: Could not find 'aidl/activity' for ctl.interface_start from pid: 413 (/system/bin/servicemanager)
[ 1652.477994][ T1958] servicemanager: Caller(pid=692,uid=1041,sid=u:r:audioserver:s0) Tried to start aidl service activity as a lazy service, but was unable to. Usually this happens when a service is not installed, but if the service is intended to be used as a lazy service, then it may be configured incorrectly.
[ 1653.185374][  T413] servicemanager: Caller(pid=692,uid=1041,sid=u:r:audioserver:s0) Since 'activity' could not be found trying to start it as a lazy AIDL service. (if it's not configured to be a lazy service, it may be stuck starting or still starting).
[ 1653.336859][    T1] init: Control message: Could not find 'aidl/activity' for ctl.interface_start from pid: 413 (/system/bin/servicemanager)
[ 1653.443243][ T1959] servicemanager: Caller(pid=692,uid=1041,sid=u:r:audioserver:s0) Tried to start aidl service activity as a lazy service, but was unable to. Usually this happens when a service is not installed, but if the service is intended to be used as a lazy service, then it may be configured incorrectly.
[ 1654.709814][  T413] servicemanager: Caller(pid=692,uid=1041,sid=u:r:audioserver:s0) Since 'activity' could not be found trying to start it as a lazy AIDL service. (if it's not configured to be a lazy service, it may be stuck starting or still starting).
[ 1655.123436][    T1] init: Control message: Could not find 'aidl/activity' for ctl.interface_start from pid: 413 (/system/bin/servicemanager)
[ 1655.180000][ T1961] servicemanager: Caller(pid=692,uid=1041,sid=u:r:audioserver:s0) Tried to start aidl service activity as a lazy service, but was unable to. Usually this happens when a service is not installed, but if the service is intended to be used as a lazy service, then it may be configured incorrectly.
[ 1655.836218][  T413] servicemanager: Caller(pid=692,uid=1041,sid=u:r:audioserver:s0) Since 'activity' could not be found trying to start it as a lazy AIDL service. (if it's not configured to be a lazy service, it may be stuck starting or still starting).
[ 1655.880491][    T1] init: Control message: Could not find 'aidl/activity' for ctl.interface_start from pid: 413 (/system/bin/servicemanager)
[ 1655.893204][ T1965] servicemanager: Caller(pid=692,uid=1041,sid=u:r:audioserver:s0) Tried to start aidl service activity as a lazy service, but was unable to. Usually this happens when a service is not installed, but if the service is intended to be used as a lazy service, then it may be configured incorrectly.
[ 1657.286242][  T413] servicemanager: Caller(pid=692,uid=1041,sid=u:r:audioserver:s0) Since 'activity' could not be found trying to start it as a lazy AIDL service. (if it's not configured to be a lazy service, it may be stuck starting or still starting).
[ 1658.177675][    T1] init: Control message: Could not find 'aidl/activity' for ctl.interface_start from pid: 413 (/system/bin/servicemanager)
[ 1658.263624][ T1966] servicemanager: Caller(pid=692,uid=1041,sid=u:r:audioserver:s0) Tried to start aidl service activity as a lazy service, but was unable to. Usually this happens when a service is not installed, but if the service is intended to be used as a lazy service, then it may be configured incorrectly.
[ 1658.405304][  T413] servicemanager: Caller(pid=692,uid=1041,sid=u:r:audioserver:s0) Since 'activity' could not be found trying to start it as a lazy AIDL service. (if it's not configured to be a lazy service, it may be stuck starting or still starting).
[ 1658.481817][    T1] init: Control message: Could not find 'aidl/activity' for ctl.interface_start from pid: 413 (/system/bin/servicemanager)
[ 1658.518912][ T1967] servicemanager: Caller(pid=692,uid=1041,sid=u:r:audioserver:s0) Tried to start aidl service activity as a lazy service, but was unable to. Usually this happens when a service is not installed, but if the service is intended to be used as a lazy service, then it may be configured incorrectly.
[ 1659.457611][  T413] servicemanager: Caller(pid=692,uid=1041,sid=u:r:audioserver:s0) Since 'activity' could not be found trying to start it as a lazy AIDL service. (if it's not configured to be a lazy service, it may be stuck starting or still starting).
[ 1659.566635][    T1] init: Control message: Could not find 'aidl/activity' for ctl.interface_start from pid: 413 (/system/bin/servicemanager)
[ 1659.601677][ T1969] servicemanager: Caller(pid=692,uid=1041,sid=u:r:audioserver:s0) Tried to start aidl service activity as a lazy service, but was unable to. Usually this happens when a service is not installed, but if the service is intended to be used as a lazy service, then it may be configured incorrectly.
[ 1660.956905][  T413] servicemanager: Caller(pid=692,uid=1041,sid=u:r:audioserver:s0) Since 'activity' could not be found trying to start it as a lazy AIDL service. (if it's not configured to be a lazy service, it may be stuck starting or still starting).
[ 1661.463217][    T1] init: Control message: Could not find 'aidl/activity' for ctl.interface_start from pid: 413 (/system/bin/servicemanager)
[ 1661.506589][ T1971] servicemanager: Caller(pid=692,uid=1041,sid=u:r:audioserver:s0) Tried to start aidl service activity as a lazy service, but was unable to. Usually this happens when a service is not installed, but if the service is intended to be used as a lazy service, then it may be configured incorrectly.
[ 1662.755874][  T413] servicemanager: Caller(pid=692,uid=1041,sid=u:r:audioserver:s0) Since 'activity' could not be found trying to start it as a lazy AIDL service. (if it's not configured to be a lazy service, it may be stuck starting or still starting).
[ 1663.651087][  T413] libbinder.Binder: Binder transaction to android.os.IServiceManager, function: getService2, code: 2, took 1050ms. Data bytes: 96 Reply bytes: 52 Flags: 16
[ 1664.835577][    T1] init: Control message: Could not find 'aidl/activity' for ctl.interface_start from pid: 413 (/system/bin/servicemanager)
[ 1665.335818][ T1973] servicemanager: Caller(pid=692,uid=1041,sid=u:r:audioserver:s0) Tried to start aidl service activity as a lazy service, but was unable to. Usually this happens when a service is not installed, but if the service is intended to be used as a lazy service, then it may be configured incorrectly.
[ 1666.057905][  T413] servicemanager: Caller(pid=692,uid=1041,sid=u:r:audioserver:s0) Since 'activity' could not be found trying to start it as a lazy AIDL service. (if it's not configured to be a lazy service, it may be stuck starting or still starting).
[ 1666.601788][    T1] init: Control message: Could not find 'aidl/activity' for ctl.interface_start from pid: 413 (/system/bin/servicemanager)
[ 1666.635005][ T1975] servicemanager: Caller(pid=692,uid=1041,sid=u:r:audioserver:s0) Tried to start aidl service activity as a lazy service, but was unable to. Usually this happens when a service is not installed, but if the service is intended to be used as a lazy service, then it may be configured incorrectly.
[ 1667.229162][  T413] servicemanager: Caller(pid=692,uid=1041,sid=u:r:audioserver:s0) Since 'activity' could not be found trying to start it as a lazy AIDL service. (if it's not configured to be a lazy service, it may be stuck starting or still starting).
[ 1667.633673][    T1] init: Control message: Could not find 'aidl/activity' for ctl.interface_start from pid: 413 (/system/bin/servicemanager)
[ 1667.689899][ T1976] servicemanager: Caller(pid=692,uid=1041,sid=u:r:audioserver:s0) Tried to start aidl service activity as a lazy service, but was unable to. Usually this happens when a service is not installed, but if the service is intended to be used as a lazy service, then it may be configured incorrectly.
[ 1668.500050][  T413] servicemanager: Caller(pid=692,uid=1041,sid=u:r:audioserver:s0) Since 'activity' could not be found trying to start it as a lazy AIDL service. (if it's not configured to be a lazy service, it may be stuck starting or still starting).
[ 1668.667645][    T1] init: Control message: Could not find 'aidl/activity' for ctl.interface_start from pid: 413 (/system/bin/servicemanager)
[ 1668.740801][ T1977] servicemanager: Caller(pid=692,uid=1041,sid=u:r:audioserver:s0) Tried to start aidl service activity as a lazy service, but was unable to. Usually this happens when a service is not installed, but if the service is intended to be used as a lazy service, then it may be configured incorrectly.
[ 1669.619584][  T413] servicemanager: Caller(pid=692,uid=1041,sid=u:r:audioserver:s0) Since 'activity' could not be found trying to start it as a lazy AIDL service. (if it's not configured to be a lazy service, it may be stuck starting or still starting).
[ 1669.837054][    T1] init: Control message: Could not find 'aidl/activity' for ctl.interface_start from pid: 413 (/system/bin/servicemanager)
[ 1669.863672][ T1980] servicemanager: Caller(pid=692,uid=1041,sid=u:r:audioserver:s0) Tried to start aidl service activity as a lazy service, but was unable to. Usually this happens when a service is not installed, but if the service is intended to be used as a lazy service, then it may be configured incorrectly.
[ 1670.817472][  T413] servicemanager: Caller(pid=692,uid=1041,sid=u:r:audioserver:s0) Since 'activity' could not be found trying to start it as a lazy AIDL service. (if it's not configured to be a lazy service, it may be stuck starting or still starting).
[ 1670.906196][    T1] init: Control message: Could not find 'aidl/activity' for ctl.interface_start from pid: 413 (/system/bin/servicemanager)
[ 1670.976158][ T1983] servicemanager: Caller(pid=692,uid=1041,sid=u:r:audioserver:s0) Tried to start aidl service activity as a lazy service, but was unable to. Usually this happens when a service is not installed, but if the service is intended to be used as a lazy service, then it may be configured incorrectly.
[ 1671.879573][  T413] servicemanager: Caller(pid=692,uid=1041,sid=u:r:audioserver:s0) Since 'activity' could not be found trying to start it as a lazy AIDL service. (if it's not configured to be a lazy service, it may be stuck starting or still starting).
[ 1672.066175][    T1] init: Control message: Could not find 'aidl/activity' for ctl.interface_start from pid: 413 (/system/bin/servicemanager)
[ 1672.155783][ T1985] servicemanager: Caller(pid=692,uid=1041,sid=u:r:audioserver:s0) Tried to start aidl service activity as a lazy service, but was unable to. Usually this happens when a service is not installed, but if the service is intended to be used as a lazy service, then it may be configured incorrectly.
[ 1673.053055][  T413] servicemanager: Caller(pid=692,uid=1041,sid=u:r:audioserver:s0) Since 'activity' could not be found trying to start it as a lazy AIDL service. (if it's not configured to be a lazy service, it may be stuck starting or still starting).
[ 1673.428038][    T1] init: Control message: Could not find 'aidl/activity' for ctl.interface_start from pid: 413 (/system/bin/servicemanager)
[ 1673.506361][ T1987] servicemanager: Caller(pid=692,uid=1041,sid=u:r:audioserver:s0) Tried to start aidl service activity as a lazy service, but was unable to. Usually this happens when a service is not installed, but if the service is intended to be used as a lazy service, then it may be configured incorrectly.
[ 1674.615530][  T413] servicemanager: Caller(pid=692,uid=1041,sid=u:r:audioserver:s0) Since 'activity' could not be found trying to start it as a lazy AIDL service. (if it's not configured to be a lazy service, it may be stuck starting or still starting).
[ 1675.037655][    T1] init: Control message: Could not find 'aidl/activity' for ctl.interface_start from pid: 413 (/system/bin/servicemanager)
[ 1675.082886][ T1990] servicemanager: Caller(pid=692,uid=1041,sid=u:r:audioserver:s0) Tried to start aidl service activity as a lazy service, but was unable to. Usually this happens when a service is not installed, but if the service is intended to be used as a lazy service, then it may be configured incorrectly.
[ 1675.728014][  T413] servicemanager: Caller(pid=692,uid=1041,sid=u:r:audioserver:s0) Since 'activity' could not be found trying to start it as a lazy AIDL service. (if it's not configured to be a lazy service, it may be stuck starting or still starting).
[ 1675.770267][    T1] init: Control message: Could not find 'aidl/activity' for ctl.interface_start from pid: 413 (/system/bin/servicemanager)
[ 1675.804275][ T1991] servicemanager: Caller(pid=692,uid=1041,sid=u:r:audioserver:s0) Tried to start aidl service activity as a lazy service, but was unable to. Usually this happens when a service is not installed, but if the service is intended to be used as a lazy service, then it may be configured incorrectly.
[ 1676.755130][  T413] servicemanager: Caller(pid=692,uid=1041,sid=u:r:audioserver:s0) Since 'activity' could not be found trying to start it as a lazy AIDL service. (if it's not configured to be a lazy service, it may be stuck starting or still starting).
[ 1676.833156][    T1] init: Control message: Could not find 'aidl/activity' for ctl.interface_start from pid: 413 (/system/bin/servicemanager)
[ 1676.848168][ T1994] servicemanager: Caller(pid=692,uid=1041,sid=u:r:audioserver:s0) Tried to start aidl service activity as a lazy service, but was unable to. Usually this happens when a service is not installed, but if the service is intended to be used as a lazy service, then it may be configured incorrectly.
[ 1678.682070][  T413] servicemanager: Caller(pid=692,uid=1041,sid=u:r:audioserver:s0) Since 'activity' could not be found trying to start it as a lazy AIDL service. (if it's not configured to be a lazy service, it may be stuck starting or still starting).
[ 1679.137780][    T1] init: Control message: Could not find 'aidl/activity' for ctl.interface_start from pid: 413 (/system/bin/servicemanager)
[ 1679.169031][ T1997] servicemanager: Caller(pid=692,uid=1041,sid=u:r:audioserver:s0) Tried to start aidl service activity as a lazy service, but was unable to. Usually this happens when a service is not installed, but if the service is intended to be used as a lazy service, then it may be configured incorrectly.
[ 1679.804641][  T413] servicemanager: Caller(pid=692,uid=1041,sid=u:r:audioserver:s0) Since 'activity' could not be found trying to start it as a lazy AIDL service. (if it's not configured to be a lazy service, it may be stuck starting or still starting).
[ 1679.821834][    T1] init: Untracked process (pid: 1996 name: (printf) ppid: 1 pgrp: 1981 state: Z) received SIGHUP
[ 1679.837724][    T1] init: Untracked process (pid: 1996 name: (printf) ppid: 1 pgrp: 1981 state: Z) did not have an associated service entry and will not be reaped
[ 1679.854725][    T1] init: Control message: Could not find 'aidl/activity' for ctl.interface_start from pid: 413 (/system/bin/servicemanager)
[ 1679.873619][ T1998] servicemanager: Caller(pid=692,uid=1041,sid=u:r:audioserver:s0) Tried to start aidl service activity as a lazy service, but was unable to. Usually this happens when a service is not installed, but if the service is intended to be used as a lazy service, then it may be configured incorrectly.
[ 1681.170570][  T413] servicemanager: Caller(pid=692,uid=1041,sid=u:r:audioserver:s0) Since 'activity' could not be found trying to start it as a lazy AIDL service. (if it's not configured to be a lazy service, it may be stuck starting or still starting).
[ 1681.637054][    T1] init: Control message: Could not find 'aidl/activity' for ctl.interface_start from pid: 413 (/system/bin/servicemanager)
[ 1681.672003][ T1999] servicemanager: Caller(pid=692,uid=1041,sid=u:r:audioserver:s0) Tried to start aidl service activity as a lazy service, but was unable to. Usually this happens when a service is not installed, but if the service is intended to be used as a lazy service, then it may be configured incorrectly.
[ 1682.312718][  T413] servicemanager: Caller(pid=692,uid=1041,sid=u:r:audioserver:s0) Since 'activity' could not be found trying to start it as a lazy AIDL service. (if it's not configured to be a lazy service, it may be stuck starting or still starting).
[ 1682.416515][    T1] init: Control message: Could not find 'aidl/activity' for ctl.interface_start from pid: 413 (/system/bin/servicemanager)
[ 1682.435689][ T2000] servicemanager: Caller(pid=692,uid=1041,sid=u:r:audioserver:s0) Tried to start aidl service activity as a lazy service, but was unable to. Usually this happens when a service is not installed, but if the service is intended to be used as a lazy service, then it may be configured incorrectly.
[ 1683.419979][  T413] servicemanager: Caller(pid=692,uid=1041,sid=u:r:audioserver:s0) Since 'activity' could not be found trying to start it as a lazy AIDL service. (if it's not configured to be a lazy service, it may be stuck starting or still starting).
[ 1683.506121][    T1] init: Control message: Could not find 'aidl/activity' for ctl.interface_start from pid: 413 (/system/bin/servicemanager)
[ 1683.540874][ T2001] servicemanager: Caller(pid=692,uid=1041,sid=u:r:audioserver:s0) Tried to start aidl service activity as a lazy service, but was unable to. Usually this happens when a service is not installed, but if the service is intended to be used as a lazy service, then it may be configured incorrectly.
[ 1684.503129][  T413] servicemanager: Caller(pid=692,uid=1041,sid=u:r:audioserver:s0) Since 'activity' could not be found trying to start it as a lazy AIDL service. (if it's not configured to be a lazy service, it may be stuck starting or still starting).
[ 1684.642702][    T1] init: Control message: Could not find 'aidl/activity' for ctl.interface_start from pid: 413 (/system/bin/servicemanager)
[ 1684.675287][ T2004] servicemanager: Caller(pid=692,uid=1041,sid=u:r:audioserver:s0) Tried to start aidl service activity as a lazy service, but was unable to. Usually this happens when a service is not installed, but if the service is intended to be used as a lazy service, then it may be configured incorrectly.
[ 1685.590422][  T413] servicemanager: Caller(pid=692,uid=1041,sid=u:r:audioserver:s0) Since 'activity' could not be found trying to start it as a lazy AIDL service. (if it's not configured to be a lazy service, it may be stuck starting or still starting).
[ 1685.690414][    T1] init: Control message: Could not find 'aidl/activity' for ctl.interface_start from pid: 413 (/system/bin/servicemanager)
[ 1686.325776][ T2007] servicemanager: Caller(pid=692,uid=1041,sid=u:r:audioserver:s0) Tried to start aidl service activity as a lazy service, but was unable to. Usually this happens when a service is not installed, but if the service is intended to be used as a lazy service, then it may be configured incorrectly.
[ 1687.084855][  T413] servicemanager: Caller(pid=692,uid=1041,sid=u:r:audioserver:s0) Since 'activity' could not be found trying to start it as a lazy AIDL service. (if it's not configured to be a lazy service, it may be stuck starting or still starting).
[ 1687.584698][    T1] init: Control message: Could not find 'aidl/activity' for ctl.interface_start from pid: 413 (/system/bin/servicemanager)
[ 1687.644027][ T2009] servicemanager: Caller(pid=692,uid=1041,sid=u:r:audioserver:s0) Tried to start aidl service activity as a lazy service, but was unable to. Usually this happens when a service is not installed, but if the service is intended to be used as a lazy service, then it may be configured incorrectly.
[ 1689.297709][  T413] servicemanager: Caller(pid=692,uid=1041,sid=u:r:audioserver:s0) Since 'activity' could not be found trying to start it as a lazy AIDL service. (if it's not configured to be a lazy service, it may be stuck starting or still starting).
[ 1689.733998][    T1] init: Control message: Could not find 'aidl/activity' for ctl.interface_start from pid: 413 (/system/bin/servicemanager)
[ 1689.788548][ T2012] servicemanager: Caller(pid=692,uid=1041,sid=u:r:audioserver:s0) Tried to start aidl service activity as a lazy service, but was unable to. Usually this happens when a service is not installed, but if the service is intended to be used as a lazy service, then it may be configured incorrectly.
[ 1690.382152][  T413] servicemanager: Caller(pid=692,uid=1041,sid=u:r:audioserver:s0) Since 'activity' could not be found trying to start it as a lazy AIDL service. (if it's not configured to be a lazy service, it may be stuck starting or still starting).
[ 1690.450714][    T1] init: Control message: Could not find 'aidl/activity' for ctl.interface_start from pid: 413 (/system/bin/servicemanager)
[ 1690.516300][ T2013] servicemanager: Caller(pid=692,uid=1041,sid=u:r:audioserver:s0) Tried to start aidl service activity as a lazy service, but was unable to. Usually this happens when a service is not installed, but if the service is intended to be used as a lazy service, then it may be configured incorrectly.
[ 1691.832909][  T413] servicemanager: Caller(pid=692,uid=1041,sid=u:r:audioserver:s0) Since 'activity' could not be found trying to start it as a lazy AIDL service. (if it's not configured to be a lazy service, it may be stuck starting or still starting).
[ 1692.551280][    T1] init: Control message: Could not find 'aidl/activity' for ctl.interface_start from pid: 413 (/system/bin/servicemanager)
[ 1692.608870][ T2016] servicemanager: Caller(pid=692,uid=1041,sid=u:r:audioserver:s0) Tried to start aidl service activity as a lazy service, but was unable to. Usually this happens when a service is not installed, but if the service is intended to be used as a lazy service, then it may be configured incorrectly.
[ 1693.018204][  T413] servicemanager: Caller(pid=692,uid=1041,sid=u:r:audioserver:s0) Since 'activity' could not be found trying to start it as a lazy AIDL service. (if it's not configured to be a lazy service, it may be stuck starting or still starting).
[ 1693.078970][    T1] init: Control message: Could not find 'aidl/activity' for ctl.interface_start from pid: 413 (/system/bin/servicemanager)
[ 1693.092823][ T2018] servicemanager: Caller(pid=692,uid=1041,sid=u:r:audioserver:s0) Tried to start aidl service activity as a lazy service, but was unable to. Usually this happens when a service is not installed, but if the service is intended to be used as a lazy service, then it may be configured incorrectly.
[ 1694.069202][  T413] servicemanager: Caller(pid=692,uid=1041,sid=u:r:audioserver:s0) Since 'activity' could not be found trying to start it as a lazy AIDL service. (if it's not configured to be a lazy service, it may be stuck starting or still starting).
[ 1694.143452][    T1] init: Control message: Could not find 'aidl/activity' for ctl.interface_start from pid: 413 (/system/bin/servicemanager)
[ 1694.155365][ T2020] servicemanager: Caller(pid=692,uid=1041,sid=u:r:audioserver:s0) Tried to start aidl service activity as a lazy service, but was unable to. Usually this happens when a service is not installed, but if the service is intended to be used as a lazy service, then it may be configured incorrectly.
[ 1695.543744][  T413] servicemanager: Caller(pid=692,uid=1041,sid=u:r:audioserver:s0) Since 'activity' could not be found trying to start it as a lazy AIDL service. (if it's not configured to be a lazy service, it may be stuck starting or still starting).
[ 1696.175029][    T1] init: Control message: Could not find 'aidl/activity' for ctl.interface_start from pid: 413 (/system/bin/servicemanager)
[ 1696.223436][ T2021] servicemanager: Caller(pid=692,uid=1041,sid=u:r:audioserver:s0) Tried to start aidl service activity as a lazy service, but was unable to. Usually this happens when a service is not installed, but if the service is intended to be used as a lazy service, then it may be configured incorrectly.
[ 1696.837139][  T413] servicemanager: Caller(pid=692,uid=1041,sid=u:r:audioserver:s0) Since 'activity' could not be found trying to start it as a lazy AIDL service. (if it's not configured to be a lazy service, it may be stuck starting or still starting).
[ 1696.882808][    T1] init: Control message: Could not find 'aidl/activity' for ctl.interface_start from pid: 413 (/system/bin/servicemanager)
[ 1696.931811][ T2024] servicemanager: Caller(pid=692,uid=1041,sid=u:r:audioserver:s0) Tried to start aidl service activity as a lazy service, but was unable to. Usually this happens when a service is not installed, but if the service is intended to be used as a lazy service, then it may be configured incorrectly.
[ 1697.866374][  T413] servicemanager: Caller(pid=692,uid=1041,sid=u:r:audioserver:s0) Since 'activity' could not be found trying to start it as a lazy AIDL service. (if it's not configured to be a lazy service, it may be stuck starting or still starting).
[ 1697.898059][    T1] init: Control message: Could not find 'aidl/activity' for ctl.interface_start from pid: 413 (/system/bin/servicemanager)
[ 1697.923033][ T2025] servicemanager: Caller(pid=692,uid=1041,sid=u:r:audioserver:s0) Tried to start aidl service activity as a lazy service, but was unable to. Usually this happens when a service is not installed, but if the service is intended to be used as a lazy service, then it may be configured incorrectly.
[ 1699.232137][  T413] servicemanager: Caller(pid=692,uid=1041,sid=u:r:audioserver:s0) Since 'activity' could not be found trying to start it as a lazy AIDL service. (if it's not configured to be a lazy service, it may be stuck starting or still starting).
[ 1700.100736][    T1] init: Control message: Could not find 'aidl/activity' for ctl.interface_start from pid: 413 (/system/bin/servicemanager)
[ 1700.141835][ T2027] servicemanager: Caller(pid=692,uid=1041,sid=u:r:audioserver:s0) Tried to start aidl service activity as a lazy service, but was unable to. Usually this happens when a service is not installed, but if the service is intended to be used as a lazy service, then it may be configured incorrectly.
[ 1700.432334][  T413] servicemanager: Caller(pid=692,uid=1041,sid=u:r:audioserver:s0) Since 'activity' could not be found trying to start it as a lazy AIDL service. (if it's not configured to be a lazy service, it may be stuck starting or still starting).
[ 1700.563578][    T1] init: Control message: Could not find 'aidl/activity' for ctl.interface_start from pid: 413 (/system/bin/servicemanager)
[ 1700.634247][ T2031] servicemanager: Caller(pid=692,uid=1041,sid=u:r:audioserver:s0) Tried to start aidl service activity as a lazy service, but was unable to. Usually this happens when a service is not installed, but if the service is intended to be used as a lazy service, then it may be configured incorrectly.
[ 1701.982669][  T413] servicemanager: Caller(pid=692,uid=1041,sid=u:r:audioserver:s0) Since 'activity' could not be found trying to start it as a lazy AIDL service. (if it's not configured to be a lazy service, it may be stuck starting or still starting).
[ 1702.631710][    T1] init: Control message: Could not find 'aidl/activity' for ctl.interface_start from pid: 413 (/system/bin/servicemanager)
[ 1702.683932][ T2033] servicemanager: Caller(pid=692,uid=1041,sid=u:r:audioserver:s0) Tried to start aidl service activity as a lazy service, but was unable to. Usually this happens when a service is not installed, but if the service is intended to be used as a lazy service, then it may be configured incorrectly.
[ 1703.144171][  T413] servicemanager: Caller(pid=692,uid=1041,sid=u:r:audioserver:s0) Since 'activity' could not be found trying to start it as a lazy AIDL service. (if it's not configured to be a lazy service, it may be stuck starting or still starting).
[ 1703.186837][    T1] init: Control message: Could not find 'aidl/activity' for ctl.interface_start from pid: 413 (/system/bin/servicemanager)
[ 1703.203797][ T2035] servicemanager: Caller(pid=692,uid=1041,sid=u:r:audioserver:s0) Tried to start aidl service activity as a lazy service, but was unable to. Usually this happens when a service is not installed, but if the service is intended to be used as a lazy service, then it may be configured incorrectly.
[ 1704.178255][  T413] servicemanager: Caller(pid=692,uid=1041,sid=u:r:audioserver:s0) Since 'activity' could not be found trying to start it as a lazy AIDL service. (if it's not configured to be a lazy service, it may be stuck starting or still starting).
[ 1704.257344][    T1] init: Control message: Could not find 'aidl/activity' for ctl.interface_start from pid: 413 (/system/bin/servicemanager)
[ 1704.266521][ T2036] servicemanager: Caller(pid=692,uid=1041,sid=u:r:audioserver:s0) Tried to start aidl service activity as a lazy service, but was unable to. Usually this happens when a service is not installed, but if the service is intended to be used as a lazy service, then it may be configured incorrectly.
[ 1705.254748][  T413] servicemanager: Caller(pid=692,uid=1041,sid=u:r:audioserver:s0) Since 'activity' could not be found trying to start it as a lazy AIDL service. (if it's not configured to be a lazy service, it may be stuck starting or still starting).
[ 1705.361673][    T1] init: Control message: Could not find 'aidl/activity' for ctl.interface_start from pid: 413 (/system/bin/servicemanager)
[ 1705.379371][ T2041] servicemanager: Caller(pid=692,uid=1041,sid=u:r:audioserver:s0) Tried to start aidl service activity as a lazy service, but was unable to. Usually this happens when a service is not installed, but if the service is intended to be used as a lazy service, then it may be configured incorrectly.
[ 1706.325036][  T413] servicemanager: Caller(pid=692,uid=1041,sid=u:r:audioserver:s0) Since 'activity' could not be found trying to start it as a lazy AIDL service. (if it's not configured to be a lazy service, it may be stuck starting or still starting).
[ 1706.405321][    T1] init: Control message: Could not find 'aidl/activity' for ctl.interface_start from pid: 413 (/system/bin/servicemanager)
[ 1706.435095][ T2047] servicemanager: Caller(pid=692,uid=1041,sid=u:r:audioserver:s0) Tried to start aidl service activity as a lazy service, but was unable to. Usually this happens when a service is not installed, but if the service is intended to be used as a lazy service, then it may be configured incorrectly.
[ 1708.318912][  T413] servicemanager: Caller(pid=692,uid=1041,sid=u:r:audioserver:s0) Since 'activity' could not be found trying to start it as a lazy AIDL service. (if it's not configured to be a lazy service, it may be stuck starting or still starting).
[ 1708.963451][    T1] init: Control message: Could not find 'aidl/activity' for ctl.interface_start from pid: 413 (/system/bin/servicemanager)
[ 1709.001895][ T2049] servicemanager: Caller(pid=692,uid=1041,sid=u:r:audioserver:s0) Tried to start aidl service activity as a lazy service, but was unable to. Usually this happens when a service is not installed, but if the service is intended to be used as a lazy service, then it may be configured incorrectly.
[ 1709.664266][  T413] servicemanager: Caller(pid=692,uid=1041,sid=u:r:audioserver:s0) Since 'activity' could not be found trying to start it as a lazy AIDL service. (if it's not configured to be a lazy service, it may be stuck starting or still starting).
[ 1709.718478][    T1] init: Control message: Could not find 'aidl/activity' for ctl.interface_start from pid: 413 (/system/bin/servicemanager)
[ 1709.758791][ T2050] servicemanager: Caller(pid=692,uid=1041,sid=u:r:audioserver:s0) Tried to start aidl service activity as a lazy service, but was unable to. Usually this happens when a service is not installed, but if the service is intended to be used as a lazy service, then it may be configured incorrectly.
[ 1710.725011][  T413] servicemanager: Caller(pid=692,uid=1041,sid=u:r:audioserver:s0) Since 'activity' could not be found trying to start it as a lazy AIDL service. (if it's not configured to be a lazy service, it may be stuck starting or still starting).
[ 1710.796462][    T1] init: Control message: Could not find 'aidl/activity' for ctl.interface_start from pid: 413 (/system/bin/servicemanager)
[ 1710.812754][ T2051] servicemanager: Caller(pid=692,uid=1041,sid=u:r:audioserver:s0) Tried to start aidl service activity as a lazy service, but was unable to. Usually this happens when a service is not installed, but if the service is intended to be used as a lazy service, then it may be configured incorrectly.
[ 1712.804962][  T413] servicemanager: Caller(pid=692,uid=1041,sid=u:r:audioserver:s0) Since 'activity' could not be found trying to start it as a lazy AIDL service. (if it's not configured to be a lazy service, it may be stuck starting or still starting).
[ 1713.493966][    T1] init: Control message: Could not find 'aidl/activity' for ctl.interface_start from pid: 413 (/system/bin/servicemanager)
[ 1713.557646][ T2052] servicemanager: Caller(pid=692,uid=1041,sid=u:r:audioserver:s0) Tried to start aidl service activity as a lazy service, but was unable to. Usually this happens when a service is not installed, but if the service is intended to be used as a lazy service, then it may be configured incorrectly.
[ 1714.101808][  T413] servicemanager: Caller(pid=692,uid=1041,sid=u:r:audioserver:s0) Since 'activity' could not be found trying to start it as a lazy AIDL service. (if it's not configured to be a lazy service, it may be stuck starting or still starting).
[ 1714.234809][    T1] init: Control message: Could not find 'aidl/activity' for ctl.interface_start from pid: 413 (/system/bin/servicemanager)
[ 1714.322197][ T2053] servicemanager: Caller(pid=692,uid=1041,sid=u:r:audioserver:s0) Tried to start aidl service activity as a lazy service, but was unable to. Usually this happens when a service is not installed, but if the service is intended to be used as a lazy service, then it may be configured incorrectly.
[ 1715.227237][  T413] servicemanager: Caller(pid=692,uid=1041,sid=u:r:audioserver:s0) Since 'activity' could not be found trying to start it as a lazy AIDL service. (if it's not configured to be a lazy service, it may be stuck starting or still starting).
[ 1715.366314][    T1] init: Control message: Could not find 'aidl/activity' for ctl.interface_start from pid: 413 (/system/bin/servicemanager)
[ 1715.385798][ T2054] servicemanager: Caller(pid=692,uid=1041,sid=u:r:audioserver:s0) Tried to start aidl service activity as a lazy service, but was unable to. Usually this happens when a service is not installed, but if the service is intended to be used as a lazy service, then it may be configured incorrectly.
[ 1716.538535][  T413] servicemanager: Caller(pid=692,uid=1041,sid=u:r:audioserver:s0) Since 'activity' could not be found trying to start it as a lazy AIDL service. (if it's not configured to be a lazy service, it may be stuck starting or still starting).
[ 1716.608588][    T1] init: Control message: Could not find 'aidl/activity' for ctl.interface_start from pid: 413 (/system/bin/servicemanager)
[ 1716.626309][ T2057] servicemanager: Caller(pid=692,uid=1041,sid=u:r:audioserver:s0) Tried to start aidl service activity as a lazy service, but was unable to. Usually this happens when a service is not installed, but if the service is intended to be used as a lazy service, then it may be configured incorrectly.
[ 1717.589695][  T413] servicemanager: Caller(pid=692,uid=1041,sid=u:r:audioserver:s0) Since 'activity' could not be found trying to start it as a lazy AIDL service. (if it's not configured to be a lazy service, it may be stuck starting or still starting).
[ 1717.643070][    T1] init: Control message: Could not find 'aidl/activity' for ctl.interface_start from pid: 413 (/system/bin/servicemanager)
[ 1717.657989][ T2058] servicemanager: Caller(pid=692,uid=1041,sid=u:r:audioserver:s0) Tried to start aidl service activity as a lazy service, but was unable to. Usually this happens when a service is not installed, but if the service is intended to be used as a lazy service, then it may be configured incorrectly.
[ 1719.038925][  T413] servicemanager: Caller(pid=692,uid=1041,sid=u:r:audioserver:s0) Since 'activity' could not be found trying to start it as a lazy AIDL service. (if it's not configured to be a lazy service, it may be stuck starting or still starting).
[ 1719.848531][    T1] init: Control message: Could not find 'aidl/activity' for ctl.interface_start from pid: 413 (/system/bin/servicemanager)
[ 1721.002899][ T2059] servicemanager: Caller(pid=692,uid=1041,sid=u:r:audioserver:s0) Tried to start aidl service activity as a lazy service, but was unable to. Usually this happens when a service is not installed, but if the service is intended to be used as a lazy service, then it may be configured incorrectly.
[ 1721.420041][  T413] servicemanager: Caller(pid=692,uid=1041,sid=u:r:audioserver:s0) Since 'activity' could not be found trying to start it as a lazy AIDL service. (if it's not configured to be a lazy service, it may be stuck starting or still starting).
[ 1722.681819][    T1] init: Control message: Could not find 'aidl/activity' for ctl.interface_start from pid: 413 (/system/bin/servicemanager)
[ 1722.778162][ T2060] servicemanager: Caller(pid=692,uid=1041,sid=u:r:audioserver:s0) Tried to start aidl service activity as a lazy service, but was unable to. Usually this happens when a service is not installed, but if the service is intended to be used as a lazy service, then it may be configured incorrectly.
[ 1722.905883][  T413] servicemanager: Caller(pid=692,uid=1041,sid=u:r:audioserver:s0) Since 'activity' could not be found trying to start it as a lazy AIDL service. (if it's not configured to be a lazy service, it may be stuck starting or still starting).
[ 1724.208317][  T413] libbinder.Binder: Binder transaction to android.os.IServiceManager, function: getService2, code: 2, took 1044ms. Data bytes: 96 Reply bytes: 52 Flags: 16
[ 1724.937660][    T1] init: Control message: Could not find 'aidl/activity' for ctl.interface_start from pid: 413 (/system/bin/servicemanager)
[ 1725.062339][ T2061] servicemanager: Caller(pid=692,uid=1041,sid=u:r:audioserver:s0) Tried to start aidl service activity as a lazy service, but was unable to. Usually this happens when a service is not installed, but if the service is intended to be used as a lazy service, then it may be configured incorrectly.
[ 1725.599649][  T413] servicemanager: Caller(pid=692,uid=1041,sid=u:r:audioserver:s0) Since 'activity' could not be found trying to start it as a lazy AIDL service. (if it's not configured to be a lazy service, it may be stuck starting or still starting).
[ 1725.649953][    T1] init: Control message: Could not find 'aidl/activity' for ctl.interface_start from pid: 413 (/system/bin/servicemanager)
[ 1725.671050][ T2064] servicemanager: Caller(pid=692,uid=1041,sid=u:r:audioserver:s0) Tried to start aidl service activity as a lazy service, but was unable to. Usually this happens when a service is not installed, but if the service is intended to be used as a lazy service, then it may be configured incorrectly.
[ 1726.645359][  T413] servicemanager: Caller(pid=692,uid=1041,sid=u:r:audioserver:s0) Since 'activity' could not be found trying to start it as a lazy AIDL service. (if it's not configured to be a lazy service, it may be stuck starting or still starting).
[ 1726.731862][    T1] init: Control message: Could not find 'aidl/activity' for ctl.interface_start from pid: 413 (/system/bin/servicemanager)
[ 1726.772587][ T2065] servicemanager: Caller(pid=692,uid=1041,sid=u:r:audioserver:s0) Tried to start aidl service activity as a lazy service, but was unable to. Usually this happens when a service is not installed, but if the service is intended to be used as a lazy service, then it may be configured incorrectly.
[ 1727.718475][  T413] servicemanager: Caller(pid=692,uid=1041,sid=u:r:audioserver:s0) Since 'activity' could not be found trying to start it as a lazy AIDL service. (if it's not configured to be a lazy service, it may be stuck starting or still starting).
[ 1727.790602][    T1] init: Control message: Could not find 'aidl/activity' for ctl.interface_start from pid: 413 (/system/bin/servicemanager)
[ 1727.830211][ T2066] servicemanager: Caller(pid=692,uid=1041,sid=u:r:audioserver:s0) Tried to start aidl service activity as a lazy service, but was unable to. Usually this happens when a service is not installed, but if the service is intended to be used as a lazy service, then it may be configured incorrectly.
[ 1729.745255][  T413] servicemanager: Caller(pid=692,uid=1041,sid=u:r:audioserver:s0) Since 'activity' could not be found trying to start it as a lazy AIDL service. (if it's not configured to be a lazy service, it may be stuck starting or still starting).
[ 1731.382998][    T1] init: Control message: Could not find 'aidl/activity' for ctl.interface_start from pid: 413 (/system/bin/servicemanager)
[ 1731.884805][ T2067] servicemanager: Caller(pid=692,uid=1041,sid=u:r:audioserver:s0) Tried to start aidl service activity as a lazy service, but was unable to. Usually this happens when a service is not installed, but if the service is intended to be used as a lazy service, then it may be configured incorrectly.
[ 1734.008840][  T413] servicemanager: Caller(pid=692,uid=1041,sid=u:r:audioserver:s0) Since 'activity' could not be found trying to start it as a lazy AIDL service. (if it's not configured to be a lazy service, it may be stuck starting or still starting).
[ 1735.070502][    T1] init: Control message: Could not find 'aidl/activity' for ctl.interface_start from pid: 413 (/system/bin/servicemanager)
[ 1735.560254][ T2068] servicemanager: Caller(pid=692,uid=1041,sid=u:r:audioserver:s0) Tried to start aidl service activity as a lazy service, but was unable to. Usually this happens when a service is not installed, but if the service is intended to be used as a lazy service, then it may be configured incorrectly.
[ 1735.708567][  T413] servicemanager: Caller(pid=692,uid=1041,sid=u:r:audioserver:s0) Since 'activity' could not be found trying to start it as a lazy AIDL service. (if it's not configured to be a lazy service, it may be stuck starting or still starting).
[ 1736.795689][    T1] init: Control message: Could not find 'aidl/activity' for ctl.interface_start from pid: 413 (/system/bin/servicemanager)
[ 1736.967396][ T2070] servicemanager: Caller(pid=692,uid=1041,sid=u:r:audioserver:s0) Tried to start aidl service activity as a lazy service, but was unable to. Usually this happens when a service is not installed, but if the service is intended to be used as a lazy service, then it may be configured incorrectly.
[ 1737.712826][  T413] servicemanager: Caller(pid=692,uid=1041,sid=u:r:audioserver:s0) Since 'activity' could not be found trying to start it as a lazy AIDL service. (if it's not configured to be a lazy service, it may be stuck starting or still starting).
[ 1737.837754][    T1] init: Control message: Could not find 'aidl/activity' for ctl.interface_start from pid: 413 (/system/bin/servicemanager)
[ 1737.898187][ T2074] servicemanager: Caller(pid=692,uid=1041,sid=u:r:audioserver:s0) Tried to start aidl service activity as a lazy service, but was unable to. Usually this happens when a service is not installed, but if the service is intended to be used as a lazy service, then it may be configured incorrectly.
[ 1738.807090][  T413] servicemanager: Caller(pid=692,uid=1041,sid=u:r:audioserver:s0) Since 'activity' could not be found trying to start it as a lazy AIDL service. (if it's not configured to be a lazy service, it may be stuck starting or still starting).
[ 1738.878322][    T1] init: Control message: Could not find 'aidl/activity' for ctl.interface_start from pid: 413 (/system/bin/servicemanager)
[ 1738.998274][ T2077] servicemanager: Caller(pid=692,uid=1041,sid=u:r:audioserver:s0) Tried to start aidl service activity as a lazy service, but was unable to. Usually this happens when a service is not installed, but if the service is intended to be used as a lazy service, then it may be configured incorrectly.
[ 1739.855656][  T413] servicemanager: Caller(pid=692,uid=1041,sid=u:r:audioserver:s0) Since 'activity' could not be found trying to start it as a lazy AIDL service. (if it's not configured to be a lazy service, it may be stuck starting or still starting).
[ 1740.077780][    T1] init: Control message: Could not find 'aidl/activity' for ctl.interface_start from pid: 413 (/system/bin/servicemanager)
[ 1740.210564][ T2078] servicemanager: Caller(pid=692,uid=1041,sid=u:r:audioserver:s0) Tried to start aidl service activity as a lazy service, but was unable to. Usually this happens when a service is not installed, but if the service is intended to be used as a lazy service, then it may be configured incorrectly.
[ 1740.977352][  T413] servicemanager: Caller(pid=692,uid=1041,sid=u:r:audioserver:s0) Since 'activity' could not be found trying to start it as a lazy AIDL service. (if it's not configured to be a lazy service, it may be stuck starting or still starting).
[ 1741.440235][    T1] init: Control message: Could not find 'aidl/activity' for ctl.interface_start from pid: 413 (/system/bin/servicemanager)
[ 1741.671308][ T2079] servicemanager: Caller(pid=692,uid=1041,sid=u:r:audioserver:s0) Tried to start aidl service activity as a lazy service, but was unable to. Usually this happens when a service is not installed, but if the service is intended to be used as a lazy service, then it may be configured incorrectly.
[ 1743.341635][  T413] servicemanager: Caller(pid=692,uid=1041,sid=u:r:audioserver:s0) Since 'activity' could not be found trying to start it as a lazy AIDL service. (if it's not configured to be a lazy service, it may be stuck starting or still starting).
[ 1744.555948][    T1] init: Control message: Could not find 'aidl/activity' for ctl.interface_start from pid: 413 (/system/bin/servicemanager)
[ 1744.655321][ T2081] servicemanager: Caller(pid=692,uid=1041,sid=u:r:audioserver:s0) Tried to start aidl service activity as a lazy service, but was unable to. Usually this happens when a service is not installed, but if the service is intended to be used as a lazy service, then it may be configured incorrectly.
[ 1744.682716][  T413] servicemanager: Caller(pid=692,uid=1041,sid=u:r:audioserver:s0) Since 'activity' could not be found trying to start it as a lazy AIDL service. (if it's not configured to be a lazy service, it may be stuck starting or still starting).
[ 1744.946236][    T1] init: Control message: Could not find 'aidl/activity' for ctl.interface_start from pid: 413 (/system/bin/servicemanager)
[ 1744.983580][ T2083] servicemanager: Caller(pid=692,uid=1041,sid=u:r:audioserver:s0) Tried to start aidl service activity as a lazy service, but was unable to. Usually this happens when a service is not installed, but if the service is intended to be used as a lazy service, then it may be configured incorrectly.
[ 1745.876220][  T413] servicemanager: Caller(pid=692,uid=1041,sid=u:r:audioserver:s0) Since 'activity' could not be found trying to start it as a lazy AIDL service. (if it's not configured to be a lazy service, it may be stuck starting or still starting).
[ 1746.096214][    T1] init: Control message: Could not find 'aidl/activity' for ctl.interface_start from pid: 413 (/system/bin/servicemanager)
[ 1746.154180][ T2084] servicemanager: Caller(pid=692,uid=1041,sid=u:r:audioserver:s0) Tried to start aidl service activity as a lazy service, but was unable to. Usually this happens when a service is not installed, but if the service is intended to be used as a lazy service, then it may be configured incorrectly.
[ 1747.138115][  T413] servicemanager: Caller(pid=692,uid=1041,sid=u:r:audioserver:s0) Since 'activity' could not be found trying to start it as a lazy AIDL service. (if it's not configured to be a lazy service, it may be stuck starting or still starting).
[ 1747.471207][    T1] init: Control message: Could not find 'aidl/activity' for ctl.interface_start from pid: 413 (/system/bin/servicemanager)
[ 1747.569876][ T2085] servicemanager: Caller(pid=692,uid=1041,sid=u:r:audioserver:s0) Tried to start aidl service activity as a lazy service, but was unable to. Usually this happens when a service is not installed, but if the service is intended to be used as a lazy service, then it may be configured incorrectly.
[ 1748.423685][  T413] servicemanager: Caller(pid=692,uid=1041,sid=u:r:audioserver:s0) Since 'activity' could not be found trying to start it as a lazy AIDL service. (if it's not configured to be a lazy service, it may be stuck starting or still starting).
[ 1748.886254][    T1] init: Control message: Could not find 'aidl/activity' for ctl.interface_start from pid: 413 (/system/bin/servicemanager)
[ 1748.934269][ T2086] servicemanager: Caller(pid=692,uid=1041,sid=u:r:audioserver:s0) Tried to start aidl service activity as a lazy service, but was unable to. Usually this happens when a service is not installed, but if the service is intended to be used as a lazy service, then it may be configured incorrectly.
[ 1749.746090][  T413] servicemanager: Caller(pid=692,uid=1041,sid=u:r:audioserver:s0) Since 'activity' could not be found trying to start it as a lazy AIDL service. (if it's not configured to be a lazy service, it may be stuck starting or still starting).
[ 1749.960589][    T1] init: Control message: Could not find 'aidl/activity' for ctl.interface_start from pid: 413 (/system/bin/servicemanager)
[ 1750.041376][ T2087] servicemanager: Caller(pid=692,uid=1041,sid=u:r:audioserver:s0) Tried to start aidl service activity as a lazy service, but was unable to. Usually this happens when a service is not installed, but if the service is intended to be used as a lazy service, then it may be configured incorrectly.
[ 1750.986694][  T413] servicemanager: Caller(pid=692,uid=1041,sid=u:r:audioserver:s0) Since 'activity' could not be found trying to start it as a lazy AIDL service. (if it's not configured to be a lazy service, it may be stuck starting or still starting).
[ 1751.099349][  T421] logd: logdr: UID=2000 GID=2000 PID=2080 n tail=128 logMask=19 pid=0 start=0ns deadline=0ns
[ 1751.117287][    T1] init: Control message: Could not find 'aidl/activity' for ctl.interface_start from pid: 413 (/system/bin/servicemanager)
[ 1751.162233][ T2090] servicemanager: Caller(pid=692,uid=1041,sid=u:r:audioserver:s0) Tried to start aidl service activity as a lazy service, but was unable to. Usually this happens when a service is not installed, but if the service is intended to be used as a lazy service, then it may be configured incorrectly.
[ 1755.628131][ T2091] logd: SocketClient: write error (Broken pipe)
[ 1755.799026][  T413] servicemanager: Caller(pid=692,uid=1041,sid=u:r:audioserver:s0) Since 'activity' could not be found trying to start it as a lazy AIDL service. (if it's not configured to be a lazy service, it may be stuck starting or still starting).
[ 1756.834221][    T1] init: Control message: Could not find 'aidl/activity' for ctl.interface_start from pid: 413 (/system/bin/servicemanager)
[ 1756.879109][ T2092] servicemanager: Caller(pid=692,uid=1041,sid=u:r:audioserver:s0) Tried to start aidl service activity as a lazy service, but was unable to. Usually this happens when a service is not installed, but if the service is intended to be used as a lazy service, then it may be configured incorrectly.
[ 1757.016303][  T413] servicemanager: Caller(pid=692,uid=1041,sid=u:r:audioserver:s0) Since 'activity' could not be found trying to start it as a lazy AIDL service. (if it's not configured to be a lazy service, it may be stuck starting or still starting).
[ 1757.173672][    T1] init: Control message: Could not find 'aidl/activity' for ctl.interface_start from pid: 413 (/system/bin/servicemanager)
[ 1757.193296][ T2093] servicemanager: Caller(pid=692,uid=1041,sid=u:r:audioserver:s0) Tried to start aidl service activity as a lazy service, but was unable to. Usually this happens when a service is not installed, but if the service is intended to be used as a lazy service, then it may be configured incorrectly.
[ 1758.721398][  T413] servicemanager: Caller(pid=692,uid=1041,sid=u:r:audioserver:s0) Since 'activity' could not be found trying to start it as a lazy AIDL service. (if it's not configured to be a lazy service, it may be stuck starting or still starting).
[ 1759.857288][  T413] servicemanager: Caller(pid=692,uid=1041,sid=u:r:audioserver:s0) Since 'activity' could not be found trying to start it as a lazy AIDL service. (if it's not configured to be a lazy service, it may be stuck starting or still starting).
[ 1760.728806][    T1] init: Control message: Could not find 'aidl/activity' for ctl.interface_start from pid: 413 (/system/bin/servicemanager)
[ 1761.011382][  T413] servicemanager: Caller(pid=692,uid=1041,sid=u:r:audioserver:s0) Since 'activity' could not be found trying to start it as a lazy AIDL service. (if it's not configured to be a lazy service, it may be stuck starting or still starting).
[ 1761.078189][ T2094] servicemanager: Caller(pid=692,uid=1041,sid=u:r:audioserver:s0) Tried to start aidl service activity as a lazy service, but was unable to. Usually this happens when a service is not installed, but if the service is intended to be used as a lazy service, then it may be configured incorrectly.
[ 1761.457781][    T1] init: Control message: Could not find 'aidl/activity' for ctl.interface_start from pid: 413 (/system/bin/servicemanager)
[ 1761.537451][ T2095] servicemanager: Caller(pid=692,uid=1041,sid=u:r:audioserver:s0) Tried to start aidl service activity as a lazy service, but was unable to. Usually this happens when a service is not installed, but if the service is intended to be used as a lazy service, then it may be configured incorrectly.
[ 1761.715056][    T1] init: Control message: Could not find 'aidl/activity' for ctl.interface_start from pid: 413 (/system/bin/servicemanager)
[ 1761.738880][ T2096] servicemanager: Caller(pid=692,uid=1041,sid=u:r:audioserver:s0) Tried to start aidl service activity as a lazy service, but was unable to. Usually this happens when a service is not installed, but if the service is intended to be used as a lazy service, then it may be configured incorrectly.
[ 1762.268620][  T413] servicemanager: Caller(pid=692,uid=1041,sid=u:r:audioserver:s0) Since 'activity' could not be found trying to start it as a lazy AIDL service. (if it's not configured to be a lazy service, it may be stuck starting or still starting).
[ 1762.428569][    T1] init: Control message: Could not find 'aidl/activity' for ctl.interface_start from pid: 413 (/system/bin/servicemanager)
[ 1762.579691][ T2097] servicemanager: Caller(pid=692,uid=1041,sid=u:r:audioserver:s0) Tried to start aidl service activity as a lazy service, but was unable to. Usually this happens when a service is not installed, but if the service is intended to be used as a lazy service, then it may be configured incorrectly.
[ 1764.240543][  T413] servicemanager: Caller(pid=692,uid=1041,sid=u:r:audioserver:s0) Since 'activity' could not be found trying to start it as a lazy AIDL service. (if it's not configured to be a lazy service, it may be stuck starting or still starting).
[ 1764.872051][    T1] init: Control message: Could not find 'aidl/activity' for ctl.interface_start from pid: 413 (/system/bin/servicemanager)
[ 1764.943144][ T2098] servicemanager: Caller(pid=692,uid=1041,sid=u:r:audioserver:s0) Tried to start aidl service activity as a lazy service, but was unable to. Usually this happens when a service is not installed, but if the service is intended to be used as a lazy service, then it may be configured incorrectly.
[ 1765.413701][  T413] servicemanager: Caller(pid=692,uid=1041,sid=u:r:audioserver:s0) Since 'activity' could not be found trying to start it as a lazy AIDL service. (if it's not configured to be a lazy service, it may be stuck starting or still starting).
[ 1765.500649][    T1] init: Control message: Could not find 'aidl/activity' for ctl.interface_start from pid: 413 (/system/bin/servicemanager)
[ 1765.536719][ T2100] servicemanager: Caller(pid=692,uid=1041,sid=u:r:audioserver:s0) Tried to start aidl service activity as a lazy service, but was unable to. Usually this happens when a service is not installed, but if the service is intended to be used as a lazy service, then it may be configured incorrectly.
[ 1766.460415][  T413] servicemanager: Caller(pid=692,uid=1041,sid=u:r:audioserver:s0) Since 'activity' could not be found trying to start it as a lazy AIDL service. (if it's not configured to be a lazy service, it may be stuck starting or still starting).
[ 1767.225925][    T1] init: Control message: Could not find 'aidl/activity' for ctl.interface_start from pid: 413 (/system/bin/servicemanager)
[ 1767.553208][ T2102] servicemanager: Caller(pid=692,uid=1041,sid=u:r:audioserver:s0) Tried to start aidl service activity as a lazy service, but was unable to. Usually this happens when a service is not installed, but if the service is intended to be used as a lazy service, then it may be configured incorrectly.
[ 1767.889223][  T413] servicemanager: Caller(pid=692,uid=1041,sid=u:r:audioserver:s0) Since 'activity' could not be found trying to start it as a lazy AIDL service. (if it's not configured to be a lazy service, it may be stuck starting or still starting).
[ 1768.148382][    T1] init: Control message: Could not find 'aidl/activity' for ctl.interface_start from pid: 413 (/system/bin/servicemanager)
[ 1768.211354][ T2103] servicemanager: Caller(pid=692,uid=1041,sid=u:r:audioserver:s0) Tried to start aidl service activity as a lazy service, but was unable to. Usually this happens when a service is not installed, but if the service is intended to be used as a lazy service, then it may be configured incorrectly.
[ 1769.031463][  T413] servicemanager: Caller(pid=692,uid=1041,sid=u:r:audioserver:s0) Since 'activity' could not be found trying to start it as a lazy AIDL service. (if it's not configured to be a lazy service, it may be stuck starting or still starting).
[ 1769.273588][    T1] init: Control message: Could not find 'aidl/activity' for ctl.interface_start from pid: 413 (/system/bin/servicemanager)
[ 1769.313476][ T2104] servicemanager: Caller(pid=692,uid=1041,sid=u:r:audioserver:s0) Tried to start aidl service activity as a lazy service, but was unable to. Usually this happens when a service is not installed, but if the service is intended to be used as a lazy service, then it may be configured incorrectly.
[ 1770.239474][  T413] servicemanager: Caller(pid=692,uid=1041,sid=u:r:audioserver:s0) Since 'activity' could not be found trying to start it as a lazy AIDL service. (if it's not configured to be a lazy service, it may be stuck starting or still starting).
[ 1770.312880][    T1] init: Control message: Could not find 'aidl/activity' for ctl.interface_start from pid: 413 (/system/bin/servicemanager)
[ 1770.386495][ T2105] servicemanager: Caller(pid=692,uid=1041,sid=u:r:audioserver:s0) Tried to start aidl service activity as a lazy service, but was unable to. Usually this happens when a service is not installed, but if the service is intended to be used as a lazy service, then it may be configured incorrectly.
[ 1771.832179][  T413] servicemanager: Caller(pid=692,uid=1041,sid=u:r:audioserver:s0) Since 'activity' could not be found trying to start it as a lazy AIDL service. (if it's not configured to be a lazy service, it may be stuck starting or still starting).
[ 1772.406693][    T1] init: Control message: Could not find 'aidl/activity' for ctl.interface_start from pid: 413 (/system/bin/servicemanager)
[ 1772.459431][ T2106] servicemanager: Caller(pid=692,uid=1041,sid=u:r:audioserver:s0) Tried to start aidl service activity as a lazy service, but was unable to. Usually this happens when a service is not installed, but if the service is intended to be used as a lazy service, then it may be configured incorrectly.
[ 1772.954333][  T413] servicemanager: Caller(pid=692,uid=1041,sid=u:r:audioserver:s0) Since 'activity' could not be found trying to start it as a lazy AIDL service. (if it's not configured to be a lazy service, it may be stuck starting or still starting).
[ 1773.009693][    T1] init: Control message: Could not find 'aidl/activity' for ctl.interface_start from pid: 413 (/system/bin/servicemanager)
[ 1773.053611][ T2107] servicemanager: Caller(pid=692,uid=1041,sid=u:r:audioserver:s0) Tried to start aidl service activity as a lazy service, but was unable to. Usually this happens when a service is not installed, but if the service is intended to be used as a lazy service, then it may be configured incorrectly.
[ 1774.413148][  T413] servicemanager: Caller(pid=692,uid=1041,sid=u:r:audioserver:s0) Since 'activity' could not be found trying to start it as a lazy AIDL service. (if it's not configured to be a lazy service, it may be stuck starting or still starting).
[ 1775.169686][    T1] init: Control message: Could not find 'aidl/activity' for ctl.interface_start from pid: 413 (/system/bin/servicemanager)
[ 1775.486212][ T2108] servicemanager: Caller(pid=692,uid=1041,sid=u:r:audioserver:s0) Tried to start aidl service activity as a lazy service, but was unable to. Usually this happens when a service is not installed, but if the service is intended to be used as a lazy service, then it may be configured incorrectly.
[ 1776.270339][  T413] servicemanager: Caller(pid=692,uid=1041,sid=u:r:audioserver:s0) Since 'activity' could not be found trying to start it as a lazy AIDL service. (if it's not configured to be a lazy service, it may be stuck starting or still starting).
[ 1776.769790][    T1] init: Control message: Could not find 'aidl/activity' for ctl.interface_start from pid: 413 (/system/bin/servicemanager)
[ 1776.804597][ T2110] servicemanager: Caller(pid=692,uid=1041,sid=u:r:audioserver:s0) Tried to start aidl service activity as a lazy service, but was unable to. Usually this happens when a service is not installed, but if the service is intended to be used as a lazy service, then it may be configured incorrectly.
[ 1777.569595][  T413] servicemanager: Caller(pid=692,uid=1041,sid=u:r:audioserver:s0) Since 'activity' could not be found trying to start it as a lazy AIDL service. (if it's not configured to be a lazy service, it may be stuck starting or still starting).
[ 1777.625428][    T1] init: Control message: Could not find 'aidl/activity' for ctl.interface_start from pid: 413 (/system/bin/servicemanager)
[ 1777.636704][ T2112] servicemanager: Caller(pid=692,uid=1041,sid=u:r:audioserver:s0) Tried to start aidl service activity as a lazy service, but was unable to. Usually this happens when a service is not installed, but if the service is intended to be used as a lazy service, then it may be configured incorrectly.
[ 1778.992080][  T413] servicemanager: Caller(pid=692,uid=1041,sid=u:r:audioserver:s0) Since 'activity' could not be found trying to start it as a lazy AIDL service. (if it's not configured to be a lazy service, it may be stuck starting or still starting).
[ 1779.429211][    T1] init: Control message: Could not find 'aidl/activity' for ctl.interface_start from pid: 413 (/system/bin/servicemanager)
[ 1779.486528][ T2113] servicemanager: Caller(pid=692,uid=1041,sid=u:r:audioserver:s0) Tried to start aidl service activity as a lazy service, but was unable to. Usually this happens when a service is not installed, but if the service is intended to be used as a lazy service, then it may be configured incorrectly.
[ 1780.312286][  T413] servicemanager: Caller(pid=692,uid=1041,sid=u:r:audioserver:s0) Since 'activity' could not be found trying to start it as a lazy AIDL service. (if it's not configured to be a lazy service, it may be stuck starting or still starting).
[ 1780.856985][    T1] init: Control message: Could not find 'aidl/activity' for ctl.interface_start from pid: 413 (/system/bin/servicemanager)
[ 1780.916662][ T2114] servicemanager: Caller(pid=692,uid=1041,sid=u:r:audioserver:s0) Tried to start aidl service activity as a lazy service, but was unable to. Usually this happens when a service is not installed, but if the service is intended to be used as a lazy service, then it may be configured incorrectly.
[ 1781.728661][  T413] servicemanager: Caller(pid=692,uid=1041,sid=u:r:audioserver:s0) Since 'activity' could not be found trying to start it as a lazy AIDL service. (if it's not configured to be a lazy service, it may be stuck starting or still starting).
[ 1782.321037][    T1] init: Control message: Could not find 'aidl/activity' for ctl.interface_start from pid: 413 (/system/bin/servicemanager)
[ 1782.426265][ T2115] servicemanager: Caller(pid=692,uid=1041,sid=u:r:audioserver:s0) Tried to start aidl service activity as a lazy service, but was unable to. Usually this happens when a service is not installed, but if the service is intended to be used as a lazy service, then it may be configured incorrectly.
[ 1782.855198][  T413] servicemanager: Caller(pid=692,uid=1041,sid=u:r:audioserver:s0) Since 'activity' could not be found trying to start it as a lazy AIDL service. (if it's not configured to be a lazy service, it may be stuck starting or still starting).
[ 1782.895074][    T1] init: Control message: Could not find 'aidl/activity' for ctl.interface_start from pid: 413 (/system/bin/servicemanager)
[ 1782.925315][ T2116] servicemanager: Caller(pid=692,uid=1041,sid=u:r:audioserver:s0) Tried to start aidl service activity as a lazy service, but was unable to. Usually this happens when a service is not installed, but if the service is intended to be used as a lazy service, then it may be configured incorrectly.
[ 1784.188617][  T413] servicemanager: Caller(pid=692,uid=1041,sid=u:r:audioserver:s0) Since 'activity' could not be found trying to start it as a lazy AIDL service. (if it's not configured to be a lazy service, it may be stuck starting or still starting).
[ 1784.748793][    T1] init: Control message: Could not find 'aidl/activity' for ctl.interface_start from pid: 413 (/system/bin/servicemanager)
[ 1785.344447][ T2117] servicemanager: Caller(pid=692,uid=1041,sid=u:r:audioserver:s0) Tried to start aidl service activity as a lazy service, but was unable to. Usually this happens when a service is not installed, but if the service is intended to be used as a lazy service, then it may be configured incorrectly.
[ 1785.421045][  T413] servicemanager: Caller(pid=692,uid=1041,sid=u:r:audioserver:s0) Since 'activity' could not be found trying to start it as a lazy AIDL service. (if it's not configured to be a lazy service, it may be stuck starting or still starting).
[ 1785.956441][    T1] init: Control message: Could not find 'aidl/activity' for ctl.interface_start from pid: 413 (/system/bin/servicemanager)
[ 1786.183995][ T2118] servicemanager: Caller(pid=692,uid=1041,sid=u:r:audioserver:s0) Tried to start aidl service activity as a lazy service, but was unable to. Usually this happens when a service is not installed, but if the service is intended to be used as a lazy service, then it may be configured incorrectly.
[ 1786.833818][  T413] servicemanager: Caller(pid=692,uid=1041,sid=u:r:audioserver:s0) Since 'activity' could not be found trying to start it as a lazy AIDL service. (if it's not configured to be a lazy service, it may be stuck starting or still starting).
[ 1787.063424][    T1] init: Control message: Could not find 'aidl/activity' for ctl.interface_start from pid: 413 (/system/bin/servicemanager)
[ 1787.081949][ T2119] servicemanager: Caller(pid=692,uid=1041,sid=u:r:audioserver:s0) Tried to start aidl service activity as a lazy service, but was unable to. Usually this happens when a service is not installed, but if the service is intended to be used as a lazy service, then it may be configured incorrectly.
