

U-Boot 2024.04-g3fe964757589-ab15108624 (Mar 27 2026 - 21:26:21 +0000)

DRAM:  4 GiB
Core:  8 devices, 5 uclasses, devicetree: board
Net:   eth0: virtio-net#1, eth1: virtio-net#2
No QEMU firmware device
Falling back to U-Boot generated SMBIOS tables
Driver                    uid uclass               Devices
----------------------------------------------------------
blk_partition             083 partition            virtio-blk#24:1          
                                                   virtio-blk#24:2          
                                                   virtio-blk#24:3          
                                                   virtio-blk#24:4          
                                                   virtio-blk#24:5          
                                                   virtio-blk#24:6          
                                                   virtio-blk#24:7          
                                                   virtio-blk#24:8          
                                                   virtio-blk#24:9          
                                                   virtio-blk#24:10         
                                                   virtio-blk#24:11         
                                                   virtio-blk#24:12         
                                                   virtio-blk#24:13         
                                                   virtio-blk#24:14         
                                                   virtio-blk#24:15         
                                                   virtio-blk#24:16         
                                                   virtio-blk#24:17         
                                                   virtio-blk#24:18         
                                                   virtio-blk#24:19         
                                                   virtio-blk#25:1          
                                                   virtio-blk#25:2          
                                                   virtio-blk#25:3          
                                                   virtio-blk#25:4          
                                                   virtio-blk#26:1          
bochs_video               129 video                <none>
bootmeth_qfw              026 <no uclass>          
efi_blk                   022 blk                  <none>
EFI block driver          038 efi                  <none>
ns16550_serial            108 serial               U6_16550A@3f8            
                                                   U6_16550A@2f8            
                                                   U6_16550A@3e8            
                                                   U6_16550A@2e8            
pci_bridge_drv            085 pci                  <none>
pci_generic_drv           087 pci_generic          pci_0:0.0                
                                                   pci_0:1.7                
pci_generic_ecam          085 pci                  pci                      
psci                      045 firmware             psci                     
psci-sysreset             119 sysreset             psci-sysreset            
qfw_bootdev               025 <no uclass>          
qfw_mmio                  096 qfw                  <none>
root_driver               000 root                 root_driver              
rtc-pl031                 104 rtc                  <none>
serial_pl01x              108 serial               <none>
smccc-trng                103 rng                  <none>
vidconsole0               131 vidconsole0          <none>
virtio-blk                022 blk                  virtio-blk#24            
                                                   virtio-blk#25            
                                                   virtio-blk#26            
virtio_bootdev            025 <no uclass>          
virtio-console            108 serial               virtio-console#0         
                                                   virtio-console#8         
                                                   virtio-console#9         
                                                   virtio-console#10        
                                                   virtio-console#11        
                                                   virtio-console#12        
                                                   virtio-console#13        
                                                   virtio-console#14        
                                                   virtio-console#15        
                                                   virtio-console#16        
                                                   virtio-console#17        
                                                   virtio-console#18        
                                                   virtio-console#19        
                                                   virtio-console#20        
                                                   virtio-console#21        
                                                   virtio-console#22        
                                                   virtio-console#23        
                                                   virtio-console#27        
                                                   virtio-console#28        
                                                   virtio-console#29        
virtio-console-port       108 serial               <none>
virtio-mmio               133 virtio               <none>
virtio-net                040 ethernet             virtio-net#1             
                                                   virtio-net#2             
virtio-pci.m              133 virtio               virtio-pci.m#0           
                                                   virtio-pci.m#1           
                                                   virtio-pci.m#2           
                                                   virtio-pci.m#3           
                                                   virtio-pci.m#4           
                                                   virtio-pci.m#5           
                                                   virtio-pci.m#6           
                                                   virtio-pci.m#7           
                                                   virtio-pci.m#8           
                                                   virtio-pci.m#9           
                                                   virtio-pci.m#10          
                                                   virtio-pci.m#11          
                                                   virtio-pci.m#12          
                                                   virtio-pci.m#13          
                                                   virtio-pci.m#14          
                                                   virtio-pci.m#15          
                                                   virtio-pci.m#16          
                                                   virtio-pci.m#17          
                                                   virtio-pci.m#18          
                                                   virtio-pci.m#19          
                                                   virtio-pci.m#20          
                                                   virtio-pci.m#21          
                                                   virtio-pci.m#22          
                                                   virtio-pci.m#23          
                                                   virtio-pci.m#24          
                                                   virtio-pci.m#25          
                                                   virtio-pci.m#26          
                                                   virtio-pci.m#27          
                                                   virtio-pci.m#28          
                                                   virtio-pci.m#29          
                                                   virtio-pci.m#30          
                                                   virtio-pci.m#31          
                                                   virtio-pci.m#32          
                                                   virtio-pci.m#33          
                                                   virtio-pci.m#34          
                                                   virtio-pci.m#35          
                                                   virtio-pci.m#36          
virtio-rng                103 rng                  virtio-rng#32            
## Android Verified Boot 2.0 version 1.2.0
Writing 8 bytes to virtio-console#17 console
Reading 8 bytes from virtio-console#17 console
Writing 8 bytes to virtio-console#17 console
Reading 8 bytes from virtio-console#17 console
Verification passed successfully
Imported supplementary environment
Unknown command 'mtrr' - try 'help'
ANDROID: reboot reason: "(none)"
ANDROID: Invalid CRC-32 (expected 807077e9, found 00000000),re-initializing A/B metadata.
ANDROID: Attempting slot a, tries remaining 3
## Android Verified Boot 2.0 version 1.2.0
Writing 8 bytes to virtio-console#17 console
Reading 8 bytes from virtio-console#17 console
Writing 8 bytes to virtio-console#17 console
Reading 8 bytes from virtio-console#17 console
Verification passed successfully
## Android Verified Boot 2.0 version 1.2.0
Writing 8 bytes to virtio-console#17 console
Reading 8 bytes from virtio-console#17 console
Writing 8 bytes to virtio-console#17 console
Reading 8 bytes from virtio-console#17 console
Verification passed successfully
ANDROID: Loading ramdisk from "init_boot_a", partition 4.
ANDROID: Loading kernel from "boot_a", partition 1.
ANDROID: Loading vendor ramdisk from "vendor_boot_a", partition 18.
Booting kernel at 0x80200000 with fdt at 80000000 ramdisk 0x84200000:0x014ccf2b...


## Flattened Device Tree blob at 80000000
   Booting using the fdt blob at 0x80000000
   Loading Ramdisk to 17c132000, end 17d5fef2b ... OK
   Loading Device Tree to 000000017c12d000, end 000000017c13125e ... OK

Starting kernel ...

[    0.000000][    T0] Booting Linux on physical CPU 0x0000000000 [0x610f0000]
[    0.000000][    T0] Linux version 6.12.74-android16-6-g3ec022196c4e-ab15076761-4k (kleaf@build-host) (Android (14043575, +pgo, +bolt, +lto, +mlgo, based on r536225) clang version 19.0.1 (https://android.googlesource.com/toolchain/llvm-project b3a530ec6537146650e42be89f1089e9a3588460), LLD 19.0.1) #1 SMP PREEMPT Tue Mar 24 05:36:21 UTC 2026
[    0.000000][    T0] KASLR enabled
[    0.000000][    T0] random: crng init done
[    0.000000][    T0] Machine model: linux,dummy-virt
[    0.000000][    T0] KVM is not available. Ignoring kvm-arm.mode
[    0.000000][    T0] earlycon: uart8250 at MMIO 0x00000000000003f8 (options '')
[    0.000000][    T0] printk: legacy bootconsole [uart8250] enabled
[    0.000000][    T0] efi: UEFI not found.
[    0.000000][    T0] OF: reserved mem: Reserved memory: No reserved-memory node in the DT
[    0.000000][    T0] Zone ranges:
[    0.000000][    T0]   DMA32    [mem 0x0000000080000000-0x00000000ffffffff]
[    0.000000][    T0]   Normal   [mem 0x0000000100000000-0x000000017fffffff]
[    0.000000][    T0] Movable zone start for each node
[    0.000000][    T0] Early memory node ranges
[    0.000000][    T0]   node   0: [mem 0x0000000080000000-0x000000017fffffff]
[    0.000000][    T0] Initmem setup node 0 [mem 0x0000000080000000-0x000000017fffffff]
[    0.000000][    T0] psci: probing for conduit method from DT.
[    0.000000][    T0] psci: PSCIv1.1 detected in firmware.
[    0.000000][    T0] psci: Using standard PSCI v0.2 function IDs
[    0.000000][    T0] psci: Trusted OS migration not required
[    0.000000][    T0] psci: SMC Calling Convention v1.1
[    0.000000][    T0] smccc: KVM: hypervisor services detected (0x00000000 0x00000000 0x00000000 0x00000003)
[    0.000000][    T0] Load bootconfig: 2488 bytes 120 nodes
[    0.000000][    T0] percpu: Embedded 81 pages/cpu s169432 r131072 d31272 u331776
[    0.000000][    T0] Detected PIPT I-cache on CPU0
[    0.000000][    T0] CPU features: detected: Address authentication (IMP DEF algorithm)
[    0.000000][    T0] CPU features: detected: GIC system register CPU interface
[    0.000000][    T0] CPU features: detected: Spectre-v4
[    0.000000][    T0] CPU features: detected: Spectre-BHB
[    0.000000][    T0] alternatives: applying boot alternatives
[    0.000000][    T0] Kernel command line: vmw_vsock_virtio_transport_common.virtio_transport_max_vsock_pkt_buf_size=16384 console=ttynull stack_depot_disable=on cgroup_disable=pressure kasan.stacktrace=off kvm-arm.mode=protected bootconfig  printk.devkmsg=on audit=1 panic=-1 8250.nr_uarts=1 binder.impl=rust cma=0 firmware_class.path=/vendor/etc/ loop.max_part=7 init=/init bootconfig panic=-1 console=hvc0 earlycon=uart8250,mmio,0x3f8 ramoops.mem_address=0x1c0000000 ramoops.mem_size=0x200000
[    0.000000][    T0] cgroup: Disabling pressure control group feature
[    0.000000][    T0] audit: enabled (after initialization)
[    0.000000][    T0] printk: log buffer data + meta data: 131072 + 458752 = 589824 bytes
[    0.000000][    T0] Dentry cache hash table entries: 524288 (order: 10, 4194304 bytes, linear)
[    0.000000][    T0] Inode-cache hash table entries: 262144 (order: 9, 2097152 bytes, linear)
[    0.000000][    T0] Built 1 zonelists, mobility grouping on.  Total pages: 1048576
[    0.000000][    T0] mem auto-init: stack:all(zero), heap alloc:on, heap free:off
[    0.000000][    T0] stackdepot: disabled
[    0.000000][    T0] software IO TLB: area num 4.
[    0.000000][    T0] software IO TLB: mapped [mem 0x00000000fbfff000-0x00000000fffff000] (64MB)
[    0.000000][    T0] SLUB: HWalign=64, Order=0-3, MinObjects=0, CPUs=4, Nodes=1
[    0.000000][    T0] rcu: Preemptible hierarchical RCU implementation.
[    0.000000][    T0] rcu: 	RCU event tracing is enabled.
[    0.000000][    T0] rcu: 	RCU restricting CPUs from NR_CPUS=32 to nr_cpu_ids=4.
[    0.000000][    T0] rcu: 	RCU priority boosting: priority 1 delay 500 ms.
[    0.000000][    T0] 	Trampoline variant of Tasks RCU enabled.
[    0.000000][    T0] 	Tracing variant of Tasks RCU enabled.
[    0.000000][    T0] rcu: RCU calculated value of scheduler-enlistment delay is 25 jiffies.
[    0.000000][    T0] rcu: Adjusting geometry for rcu_fanout_leaf=16, nr_cpu_ids=4
[    0.000000][    T0] RCU Tasks: Setting shift to 2 and lim to 1 rcu_task_cb_adjust=1 rcu_task_cpu_ids=4.
[    0.000000][    T0] RCU Tasks Trace: Setting shift to 2 and lim to 1 rcu_task_cb_adjust=1 rcu_task_cpu_ids=4.
[    0.000000][    T0] NR_IRQS: 64, nr_irqs: 64, preallocated irqs: 0
[    0.000000][    T0] GICv3: 32 SPIs implemented
[    0.000000][    T0] GICv3: 0 Extended SPIs implemented
[    0.000000][    T0] Root IRQ handler: gic_handle_irq
[    0.000000][    T0] GICv3: GICv3 features: 16 PPIs, DirectLPI
[    0.000000][    T0] GICv3: GICD_CTRL.DS=1, SCR_EL3.FIQ=0
[    0.000000][    T0] GICv3: CPU0: found redistributor 0 region 0:0x000000003ff70000
[    0.000000][    T0] rcu: 	Offload RCU callbacks from CPUs: 0-3.
[    0.000000][    T0] rcu: srcu_init: Setting srcu_struct sizes based on contention.
[    0.000000][    T0] arch_timer: cp15 timer(s) running at 24.00MHz (virt).
[    0.000000][    T0] clocksource: arch_sys_counter: mask: 0xffffffffffffff max_cycles: 0x588fe9dc0, max_idle_ns: 440795202592 ns
[    0.002371][    T0] sched_clock: 56 bits at 24MHz, resolution 41ns, wraps every 4398046511097ns
[    0.048349][    T0] arm-pv: using stolen time PV
[    0.098071][    T0] kfence: initialized - using 524288 bytes for 63 objects at 0x(____ptrval____)-0x(____ptrval____)
[    0.394246][    T0] Calibrating delay loop (skipped), value calculated using timer frequency.. 48.00 BogoMIPS (lpj=96000)
[    0.416292][    T0] pid_max: default: 32768 minimum: 301
[    0.473721][    T0] LSM: initializing lsm=capability,landlock,safesetid,selinux,bpf
[    0.553978][    T0] landlock: Up and running.
[    0.566119][    T0] SELinux:  Initializing.
[    0.642549][    T0] LSM support for eBPF active
[    0.773526][    T0] Mount-cache hash table entries: 8192 (order: 4, 65536 bytes, linear)
[    0.791573][    T0] Mountpoint-cache hash table entries: 8192 (order: 4, 65536 bytes, linear)
[    2.779934][    T1] cacheinfo: Unable to detect cache hierarchy for CPU 0
[    3.609267][    T1] rcu: Hierarchical SRCU implementation.
[    3.620931][    T1] rcu: 	Max phase no-delay instances is 1000.
[    3.967538][    T1] Timer migration: 1 hierarchy levels; 8 children per group; 1 crossnode level
[    4.169392][    T1] dyndbg: Ignore empty _ddebug table in a CONFIG_DYNAMIC_DEBUG_CORE build
[    4.268728][    T1] EFI services will not be available.
[    4.506746][    T1] smp: Bringing up secondary CPUs ...
[    5.779132][    T0] Detected PIPT I-cache on CPU1
[    5.793536][    T0] GICv3: CPU1: found redistributor 1 region 0:0x000000003ff90000
[    5.800929][    T0] CPU1: Booted secondary processor 0x0000000001 [0x610f0000]
[    6.496995][    T0] Detected PIPT I-cache on CPU2
[    6.507966][    T0] GICv3: CPU2: found redistributor 2 region 0:0x000000003ffb0000
[    6.514855][    T0] CPU2: Booted secondary processor 0x0000000002 [0x610f0000]
[    6.738730][    T0] Detected PIPT I-cache on CPU3
[    6.747358][    T0] GICv3: CPU3: found redistributor 3 region 0:0x000000003ffd0000
[    6.753409][    T0] CPU3: Booted secondary processor 0x0000000003 [0x610f0000]
[    6.766307][    T1] smp: Brought up 1 node, 4 CPUs
[    6.904334][    T1] SMP: Total of 4 processors activated.
[    6.965165][    T1] CPU: All CPU(s) started at EL1
[    7.029706][    T1] CPU features: detected: Branch Target Identification
[    7.072224][    T1] CPU features: detected: ARMv8.4 Translation Table Level
[    7.094927][    T1] CPU features: detected: Data cache clean to the PoU not required for I/D coherence
[    7.108272][    T1] CPU features: detected: Common not Private translations
[    7.118889][    T1] CPU features: detected: CRC32 instructions
[    7.127437][    T1] CPU features: detected: Data cache clean to Point of Deep Persistence
[    7.139182][    T1] CPU features: detected: Data cache clean to Point of Persistence
[    7.150025][    T1] CPU features: detected: Data independent timing control (DIT)
[    7.160556][    T1] CPU features: detected: E0PD
[    7.166812][    T1] CPU features: detected: Enhanced Privileged Access Never
[    7.177009][    T1] CPU features: detected: Generic authentication (IMP DEF algorithm)
[    7.208463][    T1] CPU features: detected: RCpc load-acquire (LDAPR)
[    7.224558][    T1] CPU features: detected: LSE atomic instructions
[    7.234519][    T1] CPU features: detected: Privileged Access Never
[    7.245033][    T1] CPU features: detected: RAS Extension Support
[    7.262090][    T1] CPU features: detected: Speculation barrier (SB)
[    7.271232][    T1] CPU features: detected: TLB range maintenance instructions
[    7.331321][    T1] alternatives: applying system-wide alternatives
[    8.498857][    T1] Memory: 3977732K/4194304K available (19328K kernel code, 2390K rwdata, 14484K rodata, 4672K init, 657K bss, 211348K reserved, 0K cma-reserved)
[    9.861385][    T1] setend instruction emulation is not supported on this system
[    9.974218][    T1] clocksource: jiffies: mask: 0xffffffff max_cycles: 0xffffffff, max_idle_ns: 7645041785100000 ns
[    9.998284][    T1] futex hash table entries: 1024 (order: 4, 65536 bytes, linear)
[   10.153569][    T1] 22320 pages in range for non-PLT usage
[   10.157549][    T1] 513840 pages in range for PLT usage
[   10.610854][    T1] pinctrl core: initialized pinctrl subsystem
[   12.301027][    T1] NET: Registered PF_NETLINK/PF_ROUTE protocol family
[   12.892992][    T1] DMA: preallocated 512 KiB GFP_KERNEL pool for atomic allocations
[   13.029422][    T1] DMA: preallocated 512 KiB GFP_KERNEL|GFP_DMA32 pool for atomic allocations
[   13.104357][    T1] audit: initializing netlink subsys (enabled)
[   13.396153][   T54] audit: type=2000 audit(4.948:1): state=initialized audit_enabled=1 res=1
[   13.528301][    T1] ramoops: using module parameters
[   14.077204][    T1] pstore: Using crash dump compression: deflate
[   14.118466][    T1] printk: legacy console [ramoops-1] enabled
[   14.251064][    T1] pstore: Registered ramoops as persistent store backend
[   14.268140][    T1] ramoops: using 0x200000@0x1c0000000, ecc: 0
[   14.582159][    T1] thermal_sys: Registered thermal governor 'bang_bang'
[   14.589223][    T1] thermal_sys: Registered thermal governor 'step_wise'
[   14.611224][    T1] thermal_sys: Registered thermal governor 'user_space'
[   14.625187][    T1] thermal_sys: Registered thermal governor 'power_allocator'
[   14.721136][    T1] cpuidle: using governor menu
[   14.914572][    T1] hw-breakpoint: found 6 breakpoint and 4 watchpoint registers.
[   14.975469][    T1] ASID allocator initialised with 65536 entries
[   15.205960][    T1] Serial: <SERIAL> PL011 UART driver
[   16.797289][    T1] iommu: Default domain type: Translated
[   16.810347][    T1] iommu: DMA domain TLB invalidation policy: strict mode
[   17.363958][    T1] SCSI subsystem initialized
[   17.636974][    T1] usbcore: registered new interface driver usbfs
[   17.730028][    T1] usbcore: registered new interface driver hub
[   17.748002][    T1] usbcore: registered new device driver usb
[   17.768620][    T1] mc: Linux media interface: v0.10
[   17.782798][    T1] videodev: Linux video capture interface: v2.00
[   17.894559][    T1] EDAC MC: Ver: 3.0.0
[   18.147131][    T1] scmi_core: SCMI protocol bus registered
[   18.406082][    T1] Advanced Linux Sound Architecture Driver Initialized.
[   19.616441][    T1] clocksource: Switched to clocksource arch_sys_counter
[   20.904607][    T1] VFS: Disk quotas dquot_6.6.0
[   20.983381][    T1] VFS: Dquot-cache hash table entries: 512 (order 0, 4096 bytes)
[   21.251621][    T1] NET: Registered PF_INET protocol family
[   21.469029][    T1] IP idents hash table entries: 65536 (order: 7, 524288 bytes, linear)
[   23.202091][    C3] hrtimer: interrupt took 27375917 ns
[   23.286667][    T1] tcp_listen_portaddr_hash hash table entries: 2048 (order: 3, 32768 bytes, linear)
[   23.331659][    T1] Table-perturb hash table entries: 65536 (order: 6, 262144 bytes, linear)
[   23.347249][    T1] TCP established hash table entries: 32768 (order: 6, 262144 bytes, linear)
[   23.416327][    T1] TCP bind hash table entries: 32768 (order: 8, 1048576 bytes, linear)
[   23.436107][    T1] TCP: Hash tables configured (established 32768 bind 32768)
[   23.519479][    T1] UDP hash table entries: 2048 (order: 4, 65536 bytes, linear)
[   23.607484][    T1] UDP-Lite hash table entries: 2048 (order: 4, 65536 bytes, linear)
[   23.883678][    T1] NET: Registered PF_UNIX/PF_LOCAL protocol family
[   23.965236][    T1] NET: Registered PF_XDP protocol family
[   24.024215][    T1] PCI: CLS 0 bytes, default 64
[   25.039647][    T1] kvm [1]: HYP mode not available
[   25.280113][   T49] Trying to unpack rootfs image as initramfs...
[   28.379359][   T49] Freeing initrd memory: 21296K
[   29.555083][    T1] Initialise system trusted keyrings
[   30.075398][    T1] workingset: timestamp_bits=46 max_order=20 bucket_order=0
[   30.476022][    T1] fuse: init (API version 7.41)
[   31.159459][    T1] Key type asymmetric registered
[   31.189579][    T1] Asymmetric key parser 'x509' registered
[   31.233630][    T1] Block layer SCSI generic (bsg) driver version 0.4 loaded (major 240)
[   31.353205][    T1] io scheduler mq-deadline registered
[   31.370695][    T1] io scheduler kyber registered
[   31.416483][    T1] io scheduler bfq registered
[   31.839870][    T1] pci-host-generic 10000.pci: host bridge /pci ranges:
[   31.897181][    T1] pci-host-generic 10000.pci:      MEM 0x0002000000..0x0003ffffff -> 0x0002000000
[   31.988492][    T1] pci-host-generic 10000.pci:      MEM 0x01c0200000..0xffffffffff -> 0x01c0200000
[   32.040623][    T1] pci-host-generic 10000.pci: ECAM at [mem 0x00010000-0x0100ffff] for [bus 00]
[   32.233900][    T1] pci-host-generic 10000.pci: PCI host bridge to bus 0000:00
[   32.251795][    T1] pci_bus 0000:00: root bus resource [bus 00]
[   32.261089][    T1] pci_bus 0000:00: root bus resource [mem 0x02000000-0x03ffffff]
[   32.271604][    T1] pci_bus 0000:00: root bus resource [mem 0x1c0200000-0xffffffffff pref]
[   32.440993][    T1] pci 0000:00:00.0: [8086:1237] type 00 class 0x060000 conventional PCI endpoint
[   33.038303][    T1] pci 0000:00:01.0: [1af4:1043] type 00 class 0x078000 conventional PCI endpoint
[   33.057569][    T1] pci 0000:00:01.0: BAR 0 [mem 0x02008000-0x0200ffff]
[   33.093047][    T1] pci 0000:00:01.1: [1af4:1041] type 00 class 0x028000 conventional PCI endpoint
[   33.107355][    T1] pci 0000:00:01.1: BAR 0 [mem 0x020e0000-0x020e7fff]
[   33.118620][    T1] pci 0000:00:01.2: [1af4:1041] type 00 class 0x028000 conventional PCI endpoint
[   33.132383][    T1] pci 0000:00:01.2: BAR 0 [mem 0x020e8000-0x020effff]
[   33.143253][    T1] pci 0000:00:01.3: [1af4:1052] type 00 class 0x098000 conventional PCI endpoint
[   33.156410][    T1] pci 0000:00:01.3: BAR 0 [mem 0x02108000-0x0210ffff]
[   33.167309][    T1] pci 0000:00:01.4: [1af4:1052] type 00 class 0x098000 conventional PCI endpoint
[   33.180886][    T1] pci 0000:00:01.4: BAR 0 [mem 0x02110000-0x02117fff]
[   33.193449][    T1] pci 0000:00:01.5: [1af4:1052] type 00 class 0x098000 conventional PCI endpoint
[   33.206764][    T1] pci 0000:00:01.5: BAR 0 [mem 0x02118000-0x0211ffff]
[   33.217408][    T1] pci 0000:00:01.6: [1af4:1053] type 00 class 0x028000 conventional PCI endpoint
[   33.231504][    T1] pci 0000:00:01.6: BAR 0 [mem 0x02120000-0x02127fff]
[   33.242323][    T1] pci 0000:00:01.7: [1b36:0011] type 00 class 0xffff00 conventional PCI endpoint
[   33.256780][    T1] pci 0000:00:01.7: BAR 0 [mem 0x02128000-0x0212800f]
[   33.267737][    T1] pci 0000:00:02.0: [1af4:1050] type 00 class 0x038000 conventional PCI endpoint
[   33.282061][    T1] pci 0000:00:02.0: BAR 0 [mem 0x02000000-0x02007fff]
[   33.293221][    T1] pci 0000:00:02.0: BAR 2 [mem 0x200000000-0x3ffffffff 64bit pref]
[   33.306284][    T1] pci 0000:00:03.0: [1af4:1043] type 00 class 0x078000 conventional PCI endpoint
[   33.319713][    T1] pci 0000:00:03.0: BAR 0 [mem 0x02010000-0x02017fff]
[   33.331731][    T1] pci 0000:00:04.0: [1af4:1043] type 00 class 0x078000 conventional PCI endpoint
[   33.345068][    T1] pci 0000:00:04.0: BAR 0 [mem 0x02018000-0x0201ffff]
[   33.363554][    T1] pci 0000:00:05.0: [1af4:1043] type 00 class 0x078000 conventional PCI endpoint
[   33.376782][    T1] pci 0000:00:05.0: BAR 0 [mem 0x02020000-0x02027fff]
[   33.387749][    T1] pci 0000:00:06.0: [1af4:1043] type 00 class 0x078000 conventional PCI endpoint
[   33.401056][    T1] pci 0000:00:06.0: BAR 0 [mem 0x02028000-0x0202ffff]
[   33.412306][    T1] pci 0000:00:07.0: [1af4:1043] type 00 class 0x078000 conventional PCI endpoint
[   33.425560][    T1] pci 0000:00:07.0: BAR 0 [mem 0x02030000-0x02037fff]
[   33.436698][    T1] pci 0000:00:08.0: [1af4:1043] type 00 class 0x078000 conventional PCI endpoint
[   33.449884][    T1] pci 0000:00:08.0: BAR 0 [mem 0x02038000-0x0203ffff]
[   33.460665][    T1] pci 0000:00:09.0: [1af4:1043] type 00 class 0x078000 conventional PCI endpoint
[   33.473777][    T1] pci 0000:00:09.0: BAR 0 [mem 0x02040000-0x02047fff]
[   33.485518][    T1] pci 0000:00:0a.0: [1af4:1043] type 00 class 0x078000 conventional PCI endpoint
[   33.499207][    T1] pci 0000:00:0a.0: BAR 0 [mem 0x02048000-0x0204ffff]
[   33.510366][    T1] pci 0000:00:0b.0: [1af4:1043] type 00 class 0x078000 conventional PCI endpoint
[   33.524267][    T1] pci 0000:00:0b.0: BAR 0 [mem 0x02050000-0x02057fff]
[   33.535538][    T1] pci 0000:00:0c.0: [1af4:1043] type 00 class 0x078000 conventional PCI endpoint
[   33.552146][    T1] pci 0000:00:0c.0: BAR 0 [mem 0x02058000-0x0205ffff]
[   33.562863][    T1] pci 0000:00:0d.0: [1af4:1043] type 00 class 0x078000 conventional PCI endpoint
[   33.575691][    T1] pci 0000:00:0d.0: BAR 0 [mem 0x02060000-0x02067fff]
[   33.586468][    T1] pci 0000:00:0e.0: [1af4:1043] type 00 class 0x078000 conventional PCI endpoint
[   33.599551][    T1] pci 0000:00:0e.0: BAR 0 [mem 0x02068000-0x0206ffff]
[   33.610526][    T1] pci 0000:00:0f.0: [1af4:1043] type 00 class 0x078000 conventional PCI endpoint
[   33.623365][    T1] pci 0000:00:0f.0: BAR 0 [mem 0x02070000-0x02077fff]
[   33.636422][    T1] pci 0000:00:10.0: [1af4:1043] type 00 class 0x078000 conventional PCI endpoint
[   33.649939][    T1] pci 0000:00:10.0: BAR 0 [mem 0x02078000-0x0207ffff]
[   33.660561][    T1] pci 0000:00:11.0: [1af4:1043] type 00 class 0x078000 conventional PCI endpoint
[   33.674102][    T1] pci 0000:00:11.0: BAR 0 [mem 0x02080000-0x02087fff]
[   33.684801][    T1] pci 0000:00:12.0: [1af4:1043] type 00 class 0x078000 conventional PCI endpoint
[   33.698314][    T1] pci 0000:00:12.0: BAR 0 [mem 0x02088000-0x0208ffff]
[   33.709840][    T1] pci 0000:00:13.0: [1af4:1042] type 00 class 0x018000 conventional PCI endpoint
[   33.722845][    T1] pci 0000:00:13.0: BAR 0 [mem 0x020a8000-0x020affff]
[   33.733527][    T1] pci 0000:00:14.0: [1af4:1042] type 00 class 0x018000 conventional PCI endpoint
[   33.747047][    T1] pci 0000:00:14.0: BAR 0 [mem 0x020b0000-0x020b7fff]
[   33.757669][    T1] pci 0000:00:15.0: [1af4:1042] type 00 class 0x018000 conventional PCI endpoint
[   33.770880][    T1] pci 0000:00:15.0: BAR 0 [mem 0x020b8000-0x020bffff]
[   33.782072][    T1] pci 0000:00:16.0: [1af4:1043] type 00 class 0x078000 conventional PCI endpoint
[   33.795243][    T1] pci 0000:00:16.0: BAR 0 [mem 0x02090000-0x02097fff]
[   33.805744][    T1] pci 0000:00:17.0: [1af4:1043] type 00 class 0x078000 conventional PCI endpoint
[   33.820888][    T1] pci 0000:00:17.0: BAR 0 [mem 0x02098000-0x0209ffff]
[   33.831565][    T1] pci 0000:00:18.0: [1af4:1043] type 00 class 0x078000 conventional PCI endpoint
[   33.844870][    T1] pci 0000:00:18.0: BAR 0 [mem 0x020a0000-0x020a7fff]
[   33.855459][    T1] pci 0000:00:19.0: [1af4:105b] type 00 class 0x010800 conventional PCI endpoint
[   33.869280][    T1] pci 0000:00:19.0: BAR 0 [mem 0x020c0000-0x020c7fff]
[   33.879938][    T1] pci 0000:00:1a.0: [1af4:105b] type 00 class 0x010800 conventional PCI endpoint
[   33.893888][    T1] pci 0000:00:1a.0: BAR 0 [mem 0x020c8000-0x020cffff]
[   33.905264][    T1] pci 0000:00:1b.0: [1af4:1044] type 00 class 0x088000 conventional PCI endpoint
[   33.918412][    T1] pci 0000:00:1b.0: BAR 0 [mem 0x020d0000-0x020d7fff]
[   33.929234][    T1] pci 0000:00:1c.0: [1af4:1045] type 00 class 0x088000 conventional PCI endpoint
[   33.942519][    T1] pci 0000:00:1c.0: BAR 0 [mem 0x020d8000-0x020dffff]
[   33.953477][    T1] pci 0000:00:1d.0: [1af4:1059] type 00 class 0x040100 conventional PCI endpoint
[   33.966885][    T1] pci 0000:00:1d.0: BAR 0 [mem 0x020f0000-0x020f7fff]
[   33.977216][    T1] pci 0000:00:1e.0: [1af4:105d] type 00 class 0x0d8000 conventional PCI endpoint
[   33.990130][    T1] pci 0000:00:1e.0: BAR 0 [mem 0x020f8000-0x020fffff]
[   34.001848][    T1] pci 0000:00:1f.0: [1af4:1052] type 00 class 0x098000 conventional PCI endpoint
[   34.015438][    T1] pci 0000:00:1f.0: BAR 0 [mem 0x02100000-0x02107fff]
[   34.068893][    T1] pci_bus 0000:00: resource 4 [mem 0x02000000-0x03ffffff]
[   34.085494][    T1] pci_bus 0000:00: resource 5 [mem 0x1c0200000-0xffffffffff pref]
[   34.121975][    T1] pci 0000:00:00.0: Limiting direct PCI/PCI transfers
[   34.137175][    T1] pci 0000:00:00.0: quirk_natoma+0x0/0x50 took 18450 usecs
[   34.523616][    T1] Serial: <SERIAL> driver, 1 ports, IRQ sharing disabled
[   35.501541][    T1] 3f8.U6_16550A: ttyS0 at MMIO 0x3f8 (irq = 13, base_baud = 115200) is a 16550A
[   35.647039][    T1] 2f8.U6_16550A: ttyS1 at MMIO 0x2f8 (irq = 14, base_baud = 115200) is a 16550A
[   35.663588][    T1] 3e8.U6_16550A: ttyS2 at MMIO 0x3e8 (irq = 13, base_baud = 115200) is a 16550A
[   35.676585][    T1] 2e8.U6_16550A: ttyS3 at MMIO 0x2e8 (irq = 14, base_baud = 115200) is a 16550A
[   35.747809][    T1] printk: legacy console [ttynull0] enabled
[   37.154798][    T1] brd: module loaded
[   37.794257][    T1] loop: module loaded
[   38.039657][    T1] wireguard: WireGuard 1.0.0 loaded. See www.wireguard.com for information.
[   38.057170][    T1] wireguard: Copyright (C) 2015-2019 Jason A. Donenfeld <Jason@zx2c4.com>. All Rights Reserved.
[   38.409275][    T1] tun: Universal TUN/TAP device driver, 1.6
[   38.517427][    T1] VFIO - User Level meta-driver version: 0.3
[   38.764694][    T1] usbcore: registered new interface driver uas
[   38.834032][    T1] usbcore: registered new interface driver usb-storage
[   39.326899][    T1] usbcore: registered new interface driver xpad
[   39.777324][    T1] rtc-pl030 2000.rtc: registered as rtc0
[   39.846151][    T1] rtc-pl030 2000.rtc: setting system clock to 2026-10-03T08:52:42 UTC (1791017562)
[   39.900608][    T1] gspca_main: v2.14.0 registered
[   39.973946][    T1] usbcore: registered new interface driver uvcvideo
[   40.025437][    T1] device-mapper: uevent: version 1.0.3
[   40.114297][    T1] device-mapper: ioctl: 4.48.0-ioctl (2023-03-01) initialised: dm-devel@lists.linux.dev
[   40.336287][    T1] sdhci: Secure Digital Host Controller Interface driver
[   40.353305][    T1] sdhci: Copyright(c) Pierre Ossman
[   40.363844][    T1] sdhci-pltfm: SDHCI platform and OF driver helper
[   40.675237][    T1] hid: raw HID events driver (C) Jiri Kosina
[   40.881053][    T1] usbcore: registered new interface driver usbhid
[   40.894436][    T1] usbhid: USB HID core driver
[   40.970832][    T1] ashmem: Using Rust implementation.
[   41.152904][   T38] watchdog: NMI not fully supported
[   41.501641][    T1] usbcore: registered new interface driver snd-usb-audio
[   41.507823][   T38] watchdog: Hard watchdog permanently disabled
[   41.784536][    T1] GACT probability on
[   41.853405][    T1] Mirror/redirect action on
[   41.966172][    T1] netem: version 1.3
[   41.986810][    T1] u32 classifier
[   41.991419][    T1]     input device check on
[   41.997338][    T1]     Actions configured
[   42.941295][    T1] xt_time: kernel timezone is -0000
[   42.992794][    T1] ipip: IPv4 and MPLS over IPv4 tunneling driver
[   43.211183][    T1] gre: GRE over IPv4 demultiplexor driver
[   43.228352][    T1] ip_gre: GRE over IPv4 tunneling driver
[   43.617257][    T1] IPv4 over IPsec tunneling driver
[   43.912266][    T1] Initializing XFRM netlink socket
[   43.959276][    T1] IPsec XFRM device driver
[   44.099546][    T1] NET: Registered PF_INET6 protocol family
[   45.495528][    T1] Segment Routing with IPv6
[   45.554513][    T1] In-situ OAM (IOAM) with IPv6
[   45.673861][    T1] mip6: Mobile IPv6
[   46.149919][    T1] sit: IPv6, IPv4 and MPLS over IPv4 tunneling driver
[   46.437063][    T1] ip6_gre: GRE over IPv6 tunneling driver
[   46.664416][    T1] NET: Registered PF_PACKET protocol family
[   46.710088][    T1] NET: Registered PF_KEY protocol family
[   46.851318][    T1] NET: Registered PF_VSOCK protocol family
[   47.185243][    T1] registered taskstats version 1
[   47.393079][    T1] Loading compiled-in X.509 certificates
[   48.549564][    T1] Loaded X.509 cert 'Build time autogenerated kernel key: eb8f544ae1808a88ed2844ba9772e9caf881a105'
[   48.720018][    T1] page_owner is disabled
[   48.737005][    T1] Key type .fscrypt registered
[   48.743234][    T1] Key type fscrypt-provisioning registered
[   49.494265][    T1] clk: Disabling unused clocks
[   49.517965][    T1] PM: genpd: Disabling unused power domains
[   49.581496][    T1] ALSA device list:
[   49.612919][    T1]   No soundcards found.
[   50.135157][    T1] Freeing unused kernel memory: 4672K
[   50.168710][    T1] Run /init as init process
[   54.044255][    T1] init: init first stage started!
[   54.535482][    T1] init: Loading module /lib/modules/failover.ko with args ''
[   55.030360][    T1] init: Loaded kernel module /lib/modules/failover.ko
[   55.065039][    T1] init: Loading module /lib/modules/nd_virtio.ko with args ''
[   55.131364][    T1] init: Loaded kernel module /lib/modules/nd_virtio.ko
[   55.142094][    T1] init: Loading module /lib/modules/net_failover.ko with args ''
[   55.197592][    T1] init: Loaded kernel module /lib/modules/net_failover.ko
[   55.214668][    T1] init: Loading module /lib/modules/virtio_dma_buf.ko with args ''
[   55.236446][    T1] init: Loaded kernel module /lib/modules/virtio_dma_buf.ko
[   55.250631][    T1] init: Loading module /lib/modules/virtio-gpu.ko with args ''
[   55.352595][    T1] init: Loaded kernel module /lib/modules/virtio-gpu.ko
[   55.373228][    T1] init: Loading module /lib/modules/virtio_input.ko with args ''
[   55.432109][    T1] init: Loaded kernel module /lib/modules/virtio_input.ko
[   55.458312][    T1] init: Loading module /lib/modules/virtio_net.ko with args ''
[   55.556033][    T1] init: Loaded kernel module /lib/modules/virtio_net.ko
[   55.579907][    T1] init: Loading module /lib/modules/virtio-rng.ko with args ''
[   55.643174][    T1] init: Loaded kernel module /lib/modules/virtio-rng.ko
[   55.666477][    T1] init: Loading module /lib/modules/libarc4.ko with args ''
[   55.909971][    T1] init: Loaded kernel module /lib/modules/libarc4.ko
[   55.932199][    T1] init: Loading module /lib/modules/rfkill.ko with args ''
[   56.060420][    T1] init: Loaded kernel module /lib/modules/rfkill.ko
[   56.075725][    T1] init: Loading module /lib/modules/cfg80211.ko with args ''
[   56.219474][    T1] cfg80211: Loading compiled-in X.509 certificates for regulatory database
[   56.232834][    T1] Loaded X.509 cert 'sforshee: 00b28ddf47aef9cea7'
[   56.241564][    T1] Loaded X.509 cert 'wens: 61c038651aabdcf94bd0ac7ff06c7248db18c600'
[   56.283504][   T52] platform regulatory.0: Direct firmware load for regulatory.db failed with error -2
[   56.289566][    T1] init: Loaded kernel module /lib/modules/cfg80211.ko
[   56.303017][   T52] cfg80211: failed to load regulatory.db
[   56.314739][    T1] init: Loading module /lib/modules/mac80211.ko with args ''
[   56.465263][    T1] init: Loaded kernel module /lib/modules/mac80211.ko
[   56.478979][    T1] init: Loading module /lib/modules/mac80211_hwsim.ko with args 'radios=0'
[   56.519174][    T1] mac80211_hwsim: initializing netlink
[   56.559090][    T1] init: Loaded kernel module /lib/modules/mac80211_hwsim.ko
[   56.572982][    T1] init: Loading module /lib/modules/virtio_blk.ko with args ''
[   56.612689][    T1] init: Loaded kernel module /lib/modules/virtio_blk.ko
[   56.624631][    T1] init: Loading module /lib/modules/virtio_console.ko with args ''
[   56.690479][    T1] init: Loaded kernel module /lib/modules/virtio_console.ko
[   56.703995][    T1] init: Loading module /lib/modules/virtio_pci_modern_dev.ko with args ''
[   56.727283][    T1] init: Loaded kernel module /lib/modules/virtio_pci_modern_dev.ko
[   56.738960][    T1] init: Loading module /lib/modules/virtio_pci_legacy_dev.ko with args ''
[   56.754152][    T1] init: Loaded kernel module /lib/modules/virtio_pci_legacy_dev.ko
[   56.766350][    T1] init: Loading module /lib/modules/virtio_pci.ko with args ''
[   56.893464][    T1] printk: legacy console [hvc0] enabled
[   56.901772][    T1] printk: legacy bootconsole [uart8250] disabled
[   57.061080][    T1] input: Cuttlefish Vhost User Rotary 0 as /devices/platform/10000.pci/pci0000:00/0000:00:01.3/virtio3/input/input0
[   57.139289][    T1] input: Cuttlefish Vhost User Keyboard 0 as /devices/platform/10000.pci/pci0000:00/0000:00:01.4/virtio4/input/input1
[   57.195290][    T1] input: Cuttlefish Vhost User Switches 0 as /devices/platform/10000.pci/pci0000:00/0000:00:01.5/virtio5/input/input2
[   57.227773][    T1] [drm] pci: virtio-gpu-pci detected at 0000:00:02.0
[   57.243056][    T1] [drm] Host memory window: 0x200000000 +0x200000000
[   57.244998][    T1] [drm] features: -virgl +edid +resource_blob +host_visible
[   57.245035][    T1] [drm] features: -context_init
[   57.256302][    T1] [drm] number of scanouts: 16
[   57.257412][    T1] [drm] number of cap sets: 0
[   57.412548][    T1] [drm] Initialized virtio_gpu 0.1.0 for 0000:00:02.0 on minor 0
[   57.761663][    T1] virtio_blk virtio24: 4/0/0 default/read/poll queues
[   57.786435][    T1] virtio_blk virtio24: [vda] 34247808 512-byte logical blocks (17.5 GB/16.3 GiB)
[   57.853986][    T1]  vda: vda1 vda2 vda3 vda4 vda5 vda6 vda7 vda8 vda9 vda10 vda11 vda12 vda13 vda14 vda15 vda16 vda17 vda18 vda19
[   57.890893][    T1] virtio_blk virtio25: 4/0/0 default/read/poll queues
[   57.907074][    T1] virtio_blk virtio25: [vdb] 2560 512-byte logical blocks (1.31 MB/1.25 MiB)
[   57.924069][    T1]  vdb: vdb1 vdb2 vdb3 vdb4
[   57.926591][    T1] virtio_blk virtio26: 4/0/0 default/read/poll queues
[   57.936200][    T1] virtio_blk virtio26: [vdc] 4194304 512-byte logical blocks (2.15 GB/2.00 GiB)
[   57.943680][    T1]  vdc: vdc1
[   59.837161][    T1] input: Cuttlefish Vhost User Multitouch Touchscreen 0 as /devices/platform/10000.pci/pci0000:00/0000:00:1f.0/virtio36/input/input3
[   59.856414][    T1] init: Loaded kernel module /lib/modules/virtio_pci.ko
[   59.860650][    T1] init: Loading module /lib/modules/vmw_vsock_virtio_transport.ko with args ''
[   59.931388][    T1] init: Loaded kernel module /lib/modules/vmw_vsock_virtio_transport.ko
[   59.948447][    T1] init: Loaded 19 modules from /lib/modules
[   59.970958][    T1] init: Loaded 19 kernel modules took 5878 ms
[   60.025943][    T1] init: Copied ramdisk prop to /second_stage_resources/system/etc/ramdisk/build.prop
[   60.039564][    T1] init: Using generic ramdisk copy of snapuserd /system/bin/snapuserd_ramdisk
[   60.040959][    T1] init: hard linking /system/bin/snapuserd_ramdisk to /first_stage_ramdisk/system/bin/snapuserd succeeded
[   60.086118][    T1] init: Switching root to '/first_stage_ramdisk'
[   60.112294][    T1] init: [libfstab] Using Android DT directory /proc/device-tree/firmware/android/
[   60.468942][    T1] init: [libfs_mgr] Invalid ext4 superblock on '/dev/block/by-name/metadata'
[   60.501666][    T1] init: [libfs_mgr] Invalid ext4 superblock on '/dev/block/by-name/metadata'
[   60.818102][    T1] init: [libfs_mgr] Created logical partition product_a on device /dev/block/dm-0
[   60.832931][    T1] init: [libfs_mgr] Skipping zero-length logical partition: product_b
[   60.870044][    T1] init: [libfs_mgr] Created logical partition system_a on device /dev/block/dm-1
[   60.876259][    T1] init: [libfs_mgr] Created logical partition system_b on device /dev/block/dm-2
[   60.879678][    T1] init: [libfs_mgr] Created logical partition system_ext_a on device /dev/block/dm-3
[   60.880099][    T1] init: [libfs_mgr] Skipping zero-length logical partition: system_ext_b
[   60.883757][    T1] init: [libfs_mgr] Created logical partition system_dlkm_a on device /dev/block/dm-4
[   60.884107][    T1] init: [libfs_mgr] Skipping zero-length logical partition: system_dlkm_b
[   60.887030][    T1] init: [libfs_mgr] Created logical partition odm_a on device /dev/block/dm-5
[   60.887351][    T1] init: [libfs_mgr] Skipping zero-length logical partition: odm_b
[   60.889903][    T1] init: [libfs_mgr] Created logical partition vendor_a on device /dev/block/dm-6
[   60.890234][    T1] init: [libfs_mgr] Skipping zero-length logical partition: vendor_b
[   60.892536][    T1] init: [libfs_mgr] Created logical partition vendor_dlkm_a on device /dev/block/dm-7
[   60.892894][    T1] init: [libfs_mgr] Skipping zero-length logical partition: vendor_dlkm_b
[   60.895064][    T1] init: [libfs_mgr] Created logical partition odm_dlkm_a on device /dev/block/dm-8
[   60.895412][    T1] init: [libfs_mgr] Skipping zero-length logical partition: odm_dlkm_b
[   60.905229][    T1] init: DSU not detected, proceeding with normal boot
[   61.059602][    T1] init: [libfs_avb] Returning avb_handle with status: Success
[   61.110082][    T1] init: [libfs_avb] : Error verifying vbmeta image: OK_NOT_SIGNED
[   61.121758][    T1] init: [libfs_avb] public key data shouldn't be empty for /system
[   61.123430][    T1] init: [libfs_avb] Found unknown public key used to sign /system
[   61.124039][    T1] init: [libfs_avb] Returning avb_handle for '/system' with status: VerificationError
[   61.135853][    T1] init: [libfs_avb] Built verity table: '1 /dev/block/dm-1 /dev/block/dm-1 4096 4096 229741 229741 sha256 aac42fd78ca6a47ae9678c953124264681128ca1f8ad2a4876de34ea6051a506 16b6a5f2fb07bc9ff4d92dc782d830af4eb572c1213156e732d0bcf67fbc162e 10 use_fec_from_device /dev/block/dm-1 fec_roots 2 fec_blocks 231552 fec_start 231552 restart_on_corruption ignore_zero_blocks'
[   61.189771][    T1] device-mapper: verity: sha256 using shash "sha256-ce" (multibuffer)
[   61.412335][    T1] erofs: (device dm-9): initialized per-cpu workers successfully.
[   61.442601][    T1] erofs: (device dm-9): mounted with root inode @ nid 55.
[   61.450357][    T1] init: [libfs_mgr] __mount(source=/dev/block/dm-9,target=/system,type=erofs)=0: Success
[   61.536711][    T1] init: Switching root to '/system'
[   61.616531][    T1] init: [libfs_avb] Built verity table: '1 /dev/block/dm-5 /dev/block/dm-5 4096 4096 105 105 sha256 8c68f2a2610fb5a4e3fccacdf62c2c1925f34ca50f9d7963c8f13ba69223f64a 16b6a5f2fb07bc9ff4d92dc782d830af4eb572c1213156e732d0bcf67fbc162e 10 use_fec_from_device /dev/block/dm-5 fec_roots 2 fec_blocks 106 fec_start 106 restart_on_corruption ignore_zero_blocks'
[   61.634628][    T1] device-mapper: verity: sha256 using shash "sha256-ce" (multibuffer)
[   61.664613][    T1] erofs: (device dm-10): mounted with root inode @ nid 38.
[   61.665941][    T1] init: [libfs_mgr] __mount(source=/dev/block/dm-10,target=/odm,type=erofs)=0: Success
[   61.670194][    T1] init: [libfs_avb] Built verity table: '1 /dev/block/dm-0 /dev/block/dm-0 4096 4096 55596 55596 sha256 70dd7120546301852d0535811d2896b573ff4a77a25af6273c75c3ddf34e5f62 16b6a5f2fb07bc9ff4d92dc782d830af4eb572c1213156e732d0bcf67fbc162e 10 use_fec_from_device /dev/block/dm-0 fec_roots 2 fec_blocks 56036 fec_start 56036 restart_on_corruption ignore_zero_blocks'
[   61.673295][    T1] device-mapper: verity: sha256 using shash "sha256-ce" (multibuffer)
[   61.693406][    T1] erofs: (device dm-11): mounted with root inode @ nid 40.
[   61.693761][    T1] init: [libfs_mgr] __mount(source=/dev/block/dm-11,target=/product,type=erofs)=0: Success
[   61.696689][    T1] init: [libfs_avb] Built verity table: '1 /dev/block/dm-3 /dev/block/dm-3 4096 4096 61830 61830 blake2b-256 b9d156218e1319f8adb3d5ccaddabd574152504877352d58c821b5313573efbb 16b6a5f2fb07bc9ff4d92dc782d830af4eb572c1213156e732d0bcf67fbc162e 10 use_fec_from_device /dev/block/dm-3 fec_roots 2 fec_blocks 62319 fec_start 62319 restart_on_corruption ignore_zero_blocks'
[   61.700575][    T1] device-mapper: verity: blake2b-256 using shash "blake2b-256-generic"
[   61.775897][    T1] erofs: (device dm-12): mounted with root inode @ nid 39.
[   61.777617][    T1] init: [libfs_mgr] __mount(source=/dev/block/dm-12,target=/system_ext,type=erofs)=0: Success
[   61.779518][    T1] init: [libfs_avb] Built verity table: '1 /dev/block/dm-6 /dev/block/dm-6 4096 4096 69747 69747 sha256 d8895f6a3dc07758a60bddc6de96b416d02a3e93da4e2a8cf63d0ea6bd783a5a 16b6a5f2fb07bc9ff4d92dc782d830af4eb572c1213156e732d0bcf67fbc162e 10 use_fec_from_device /dev/block/dm-6 fec_roots 2 fec_blocks 70298 fec_start 70298 restart_on_corruption ignore_zero_blocks'
[   61.784318][    T1] device-mapper: verity: sha256 using shash "sha256-ce" (multibuffer)
[   61.805100][    T1] erofs: (device dm-13): mounted with root inode @ nid 48.
[   61.805584][    T1] init: [libfs_mgr] __mount(source=/dev/block/dm-13,target=/vendor,type=erofs)=0: Success
[   61.809246][    T1] init: [libfs_avb] Built verity table: '1 /dev/block/dm-7 /dev/block/dm-7 4096 4096 385 385 sha256 5897fa181af216a9d41a801f8b145e579c08f10e0093f2eebd6ddf3e9193c5e4 16b6a5f2fb07bc9ff4d92dc782d830af4eb572c1213156e732d0bcf67fbc162e 10 use_fec_from_device /dev/block/dm-7 fec_roots 2 fec_blocks 390 fec_start 390 restart_on_corruption ignore_zero_blocks'
[   61.811615][    T1] device-mapper: verity: sha256 using shash "sha256-ce" (multibuffer)
[   61.825137][    T1] erofs: (device dm-14): mounted with root inode @ nid 39.
[   61.825559][    T1] init: [libfs_mgr] __mount(source=/dev/block/dm-14,target=/vendor_dlkm,type=erofs)=0: Success
[   61.827277][    T1] init: [libfs_avb] Built verity table: '1 /dev/block/dm-8 /dev/block/dm-8 4096 4096 2 2 sha256 08323ce005ea92a9cfc8240b4afc7e8721ad15e8bf7221cb7f16dec45c0fdf3b 16b6a5f2fb07bc9ff4d92dc782d830af4eb572c1213156e732d0bcf67fbc162e 10 use_fec_from_device /dev/block/dm-8 fec_roots 2 fec_blocks 3 fec_start 3 restart_on_corruption ignore_zero_blocks'
[   61.829251][    T1] device-mapper: verity: sha256 using shash "sha256-ce" (multibuffer)
[   61.841941][    T1] erofs: (device dm-15): mounted with root inode @ nid 38.
[   61.842450][    T1] init: [libfs_mgr] __mount(source=/dev/block/dm-15,target=/odm_dlkm,type=erofs)=0: Success
[   61.845505][    T1] init: [libfs_avb] : Error verifying vbmeta image: OK_NOT_SIGNED
[   61.846913][    T1] init: [libfs_avb] public key data shouldn't be empty for /system_dlkm
[   61.847719][    T1] init: [libfs_avb] Found unknown public key used to sign /system_dlkm
[   61.848103][    T1] init: [libfs_avb] Returning avb_handle for '/system_dlkm' with status: VerificationError
[   61.848643][    T1] init: Image rollback detected for /system_dlkm, SPL switches from '' to ''
[   61.849079][    T1] init: Allowing rollbacked standalone image when the device is unlocked
[   61.849405][    T1] init: [libfs_avb] Built verity table: '1 /dev/block/dm-4 /dev/block/dm-4 4096 4096 2031 2031 sha256 5c56217d20147954b242731d05656416572b6c947f31f76063d5bca8521c0dac 16b6a5f2fb07bc9ff4d92dc782d830af4eb572c1213156e732d0bcf67fbc162e 10 use_fec_from_device /dev/block/dm-4 fec_roots 2 fec_blocks 2048 fec_start 2048 restart_on_corruption ignore_zero_blocks'
[   61.852636][    T1] device-mapper: verity: sha256 using shash "sha256-ce" (multibuffer)
[   61.869196][    T1] erofs: (device dm-16): mounted with root inode @ nid 38.
[   61.869573][    T1] init: [libfs_mgr] __mount(source=/dev/block/dm-16,target=/system_dlkm,type=erofs)=0: Success
[   62.063133][    T1] init: Skipped setting INIT_AVB_VERSION (not in recovery mode)
[   63.932460][    T1] init: [libfstab] Using Android DT directory /proc/device-tree/firmware/android/
[   64.054964][    T1] init: Opening SELinux policy
[   64.153518][    T1] init: Loading SELinux policy
[   64.337847][    T1] SELinux:  policy capability network_peer_controls=1
[   64.343525][    T1] SELinux:  policy capability open_perms=1
[   64.343908][    T1] SELinux:  policy capability extended_socket_class=1
[   64.344241][    T1] SELinux:  policy capability always_check_network=0
[   64.344542][    T1] SELinux:  policy capability cgroup_seclabel=0
[   64.345001][    T1] SELinux:  policy capability nnp_nosuid_transition=1
[   64.345413][    T1] SELinux:  policy capability genfs_seclabel_symlinks=0
[   64.345747][    T1] SELinux:  policy capability ioctl_skip_cloexec=0
[   64.346074][    T1] SELinux:  policy capability userspace_initial_context=0
[   64.346410][    T1] SELinux: policy capability memfd_class=1
[   64.346767][    T1] SELinux: policy capability genfs_seclabel_wildcard=0
[   64.347165][    T1] SELinux:  unknown policy capability 9
[   64.347411][    T1] SELinux:  unknown policy capability 12
[   64.438257][   T54] audit: type=1403 audit(1791017586.852:2): auid=4294967295 ses=4294967295 lsm=selinux res=1
[   64.464669][   T54] audit: type=1300 audit(1791017586.852:2): arch=c00000b7 syscall=64 success=yes exit=911737 a0=4 a1=b400007d22920680 a2=de979 a3=ffffffffffffffff items=0 ppid=0 pid=1 auid=4294967295 uid=0 gid=0 euid=0 suid=0 fsuid=0 egid=0 sgid=0 fsgid=0 tty=(none) ses=4294967295 comm="init" exe="/system/bin/init" subj=u:r:kernel:s0 key=(null)
[   64.490360][   T54] audit: type=1309 audit(1791017586.852:2): argc=1 a0="/system/bin/init"
[   64.495960][   T54] audit: type=1327 audit(1791017586.852:2): proctitle=2F73797374656D2F62696E2F696E69740073656C696E75785F7365747570
[   64.548014][   T54] audit: type=1404 audit(1791017587.232:3): enforcing=1 old_enforcing=0 auid=4294967295 ses=4294967295 enabled=1 old-enabled=1 lsm=selinux res=1
[   64.566416][   T54] audit: type=1300 audit(1791017587.232:3): arch=c00000b7 syscall=64 success=yes exit=1 a0=4 a1=7fd9fb9560 a2=1 a3=14 items=0 ppid=0 pid=1 auid=4294967295 uid=0 gid=0 euid=0 suid=0 fsuid=0 egid=0 sgid=0 fsgid=0 tty=(none) ses=4294967295 comm="init" exe="/system/bin/init" subj=u:r:kernel:s0 key=(null)
[   64.589716][   T54] audit: type=1327 audit(1791017587.232:3): proctitle=2F73797374656D2F62696E2F696E69740073656C696E75785F7365747570
[   64.689119][    T1] selinux: SELinux: Loaded file context from:
[   64.690720][    T1] selinux: 		/system/etc/selinux/plat_file_contexts
[   64.691192][    T1] selinux: 		/system_ext/etc/selinux/system_ext_file_contexts
[   64.691466][    T1] selinux: 		/product/etc/selinux/product_file_contexts
[   64.691791][    T1] selinux: 		/vendor/etc/selinux/vendor_file_contexts
[   64.692060][    T1] selinux: 		/odm/etc/selinux/odm_file_contexts
[   65.025387][    T1] init: init second stage started!
[   65.311588][    T1] selinux: SELinux: Loaded file context from:
[   65.314160][    T1] selinux: 		/system/etc/selinux/plat_file_contexts
[   65.314633][    T1] selinux: 		/system_ext/etc/selinux/system_ext_file_contexts
[   65.315056][    T1] selinux: 		/product/etc/selinux/product_file_contexts
[   65.315298][    T1] selinux: 		/vendor/etc/selinux/vendor_file_contexts
[   65.315587][    T1] selinux: 		/odm/etc/selinux/odm_file_contexts
[   65.491215][    T1] init: [libfstab] Using Android DT directory /proc/device-tree/firmware/android/
[   65.695264][    T1] init: Overriding previous property 'ro.build.display.id':'generic_system-userdebug 17 CP2A.260605.016 16373615 test-keys' with new value 'aosp_cf_arm64_only_phone-userdebug 17 CP2A.260605.016 16373615 test-keys'
[   65.698597][    T1] init: Overriding previous property 'ro.build.flavor':'generic_system-userdebug' with new value 'aosp_cf_arm64_only_phone-userdebug'
[   65.699210][    T1] init: Overriding previous property 'ro.build.description':'generic_system-userdebug 17 CP2A.260605.016 16373615 test-keys' with new value 'aosp_cf_arm64_only_phone-userdebug 17 CP2A.260605.016 16373615 test-keys'
[   65.700185][    T1] init: Overriding previous property 'ro.config.notification_sound':'OnTheHunt.ogg' with new value 'pixiedust.ogg'
[   65.700648][    T1] init: Overriding previous property 'ro.com.android.dataroaming':'false' with new value 'true'
[   65.716563][    T1] init: Setting product property ro.product.brand to 'generic' (from ro.product.product.brand)
[   65.717091][    T1] init: Setting product property ro.product.device to 'vsoc_arm64_only' (from ro.product.product.device)
[   65.717539][    T1] init: Setting product property ro.product.manufacturer to 'Google' (from ro.product.product.manufacturer)
[   65.718074][    T1] init: Setting product property ro.product.model to 'Cuttlefish arm64 phone 64-bit only' (from ro.product.product.model)
[   65.718648][    T1] init: Setting product property ro.product.name to 'aosp_cf_arm64_only_phone' (from ro.product.product.name)
[   65.736245][    T1] init: Setting property 'ro.build.fingerprint' to 'generic/aosp_cf_arm64_only_phone/vsoc_arm64_only:17/CP2A.260605.016/16373615:userdebug/test-keys'
[   65.740269][    T1] init: Setting property 'ro.product.cpu.abilist' to 'arm64-v8a'
[   65.741080][    T1] init: Setting property 'ro.product.cpu.abilist32' to ''
[   65.741315][    T1] init: Setting property 'ro.product.cpu.abilist64' to 'arm64-v8a'
[   65.799371][    T1] init: Running restorecon...
[   66.128491][    T1] init: Created socket '/dev/socket/property_service_for_system', mode 660, user 0, group 1000
[   66.200719][    T1] init: Created socket '/dev/socket/property_service', mode 666, user 0, group 0
[   66.336247][    T1] init: [libfs_mgr] vendor overlay: vndk version not defined
[   66.488632][    T1] init: SetupMountNamespaces done
[   66.565261][    T1] init: Forked subcontext for 'u:r:vendor_init:s0' with pid 116
[   66.727318][    T1] init: Parsing file /system/etc/init/hw/init.rc...
[   66.767374][    T1] init: Added '/init.environ.rc' to import list
[   66.775302][    T1] init: Added '/system/etc/init/hw/init.usb.rc' to import list
[   66.781563][    T1] init: Added '/init.cutf_cvm.rc' to import list
[   66.784433][    T1] init: Added '/vendor/etc/init/hw/init.cutf_cvm.rc' to import list
[   66.786187][    T1] init: Added '/system/etc/init/hw/init.usb.configfs.rc' to import list
[   66.791118][    T1] init: Added '/system/etc/init/hw/init.zygote64.rc' to import list
[   66.847347][    T1] init: Added '/system/etc/init/hw/init.boringssl.zygote64.rc' to import list
[   66.964069][    T1] init: Added '/system/etc/init/init-perfetto.rc' to import list
[   67.114081][    T1] init: Parsing file /init.environ.rc...
[   67.133676][    T1] init: Parsing file /system/etc/init/hw/init.usb.rc...
[   67.146502][    T1] init: Parsing file /init.cutf_cvm.rc...
[   67.148189][    T1] init: Unable to read config file '/init.cutf_cvm.rc': open() failed: No such file or directory
[   67.159166][    T1] init: Parsing file /vendor/etc/init/hw/init.cutf_cvm.rc...
[   67.161152][    T1] init: Unable to read config file '/vendor/etc/init/hw/init.cutf_cvm.rc': open() failed: No such file or directory
[   67.168001][    T1] init: Parsing file /system/etc/init/hw/init.usb.configfs.rc...
[   67.185985][    T1] init: Parsing file /system/etc/init/hw/init.zygote64.rc...
[   67.190997][    T1] init: Parsing file /system/etc/init/hw/init.boringssl.zygote64.rc...
[   67.200371][    T1] init: Parsing file /system/etc/init/init-perfetto.rc...
[   67.206145][    T1] init: Parsing directory /system/etc/init...
[   67.219554][    T1] init: Parsing file /system/etc/init/aconfigd.rc...
[   67.253351][    T1] init: Parsing file /system/etc/init/aisealhostservice.rc...
[   67.262752][    T1] init: Parsing file /system/etc/init/android.system.suspend-service.rc...
[   67.269774][    T1] init: Parsing file /system/etc/init/aoad.rc...
[   67.274662][    T1] init: Parsing file /system/etc/init/apexd.rc...
[   67.286146][    T1] init: Parsing file /system/etc/init/atrace.rc...
[   67.309714][    T1] init: Parsing file /system/etc/init/atrace_userdebug.rc...
[   67.313032][    T1] init: Parsing file /system/etc/init/audioserver.rc...
[   67.345219][    T1] init: Parsing file /system/etc/init/blank_screen.rc...
[   67.359153][    T1] init: Parsing file /system/etc/init/bootanim.rc...
[   67.377559][    T1] init: Parsing file /system/etc/init/bootstat-debug.rc...
[   67.384683][    T1] init: Parsing file /system/etc/init/bootstat.rc...
[   67.393952][    T1] init: Parsing file /system/etc/init/cameraserver.rc...
[   67.396746][    T1] init: Parsing file /system/etc/init/casefolding_remover.rc...
[   67.397601][    T1] init: Parsing file /system/etc/init/clean_scratch_files.rc...
[   67.398734][    T1] init: Parsing file /system/etc/init/cppreopts.rc...
[   67.400656][    T1] init: Parsing file /system/etc/init/credstore.rc...
[   67.401336][    T1] init: Parsing file /system/etc/init/dmesgd.rc...
[   67.402066][    T1] init: Parsing file /system/etc/init/drmserver.rc...
[   67.402750][    T1] init: Parsing file /system/etc/init/dumpstate.rc...
[   67.403439][    T1] init: Parsing file /system/etc/init/flags_health_check.rc...
[   67.404244][    T1] init: Parsing file /system/etc/init/gatekeeperd.rc...
[   67.404737][    T1] init: Parsing file /system/etc/init/gpuservice.rc...
[   67.405291][    T1] init: Parsing file /system/etc/init/gsid.rc...
[   67.405922][    T1] init: Parsing file /system/etc/init/heapprofd.rc...
[   67.406609][    T1] init: Parsing file /system/etc/init/hidservice.rc...
[   67.407002][    T1] init: Parsing file /system/etc/init/idmap2d.rc...
[   67.407497][    T1] init: Parsing file /system/etc/init/incidentd.rc...
[   67.407984][    T1] init: Parsing file /system/etc/init/init-debug.rc...
[   67.408547][    T1] init: Parsing file /system/etc/init/init-perfetto.rc...
[   67.409292][    T1] init: Parsing file /system/etc/init/installd.rc...
[   67.413051][    T1] init: Parsing file /system/etc/init/kcmdlinectrl.rc...
[   67.413595][    T1] init: Parsing file /system/etc/init/kcmdlinemodprobe.rc...
[   67.414133][    T1] init: Parsing file /system/etc/init/keystore2.rc...
[   67.415919][    T1] init: Parsing file /system/etc/init/llkd-debuggable.rc...
[   67.416446][    T1] init: Parsing file /system/etc/init/llkd.rc...
[   67.416951][    T1] init: Parsing file /system/etc/init/lmkd.rc...
[   67.418458][    T1] init: Parsing file /system/etc/init/logcatd.rc...
[   67.428872][    T1] init: Parsing file /system/etc/init/logd.rc...
[   67.439330][    T1] init: Parsing file /system/etc/init/logtagd.rc...
[   67.440496][    T1] init: Parsing file /system/etc/init/lpdumpd.rc...
[   67.442473][    T1] init: Parsing file /system/etc/init/mdnsd.rc...
[   67.443100][    T1] init: Parsing file /system/etc/init/media.codeclist.generator.rc...
[   67.443752][    T1] init: Parsing file /system/etc/init/mediaextractor.rc...
[   67.444400][    T1] init: Parsing file /system/etc/init/mediametrics.rc...
[   67.445071][    T1] init: Parsing file /system/etc/init/mediaserver.rc...
[   67.445493][    T1] init: Parsing file /system/etc/init/misctrl.rc...
[   67.446269][    T1] init: Parsing file /system/etc/init/mmd.rc...
[   67.452749][    T1] init: Parsing file /system/etc/init/mtectrl.rc...
[   67.453613][    T1] init: Parsing file /system/etc/init/netbpfload.rc...
[   67.455336][    T1] init: Parsing file /system/etc/init/netd.rc...
[   67.456594][    T1] init: Parsing file /system/etc/init/odsign.rc...
[   67.457228][    T1] init: Parsing file /system/etc/init/perfetto.rc...
[   67.460252][    T1] init: Parsing file /system/etc/init/pmgd.rc...
[   67.461149][    T1] init: Parsing file /system/etc/init/prefetch.rc...
[   67.462733][    T1] init: Parsing file /system/etc/init/prng_seeder.rc...
[   67.463344][    T1] init: Parsing file /system/etc/init/profcollectd.rc...
[   67.463914][    T1] init: Parsing file /system/etc/init/recovery-persist.rc...
[   67.464399][    T1] init: Parsing file /system/etc/init/recovery-refresh.rc...
[   67.464892][    T1] init: Parsing file /system/etc/init/rss_hwm_reset.rc...
[   67.466200][    T1] init: Parsing file /system/etc/init/servicemanager.rc...
[   67.466722][    T1] init: Parsing file /system/etc/init/simpleperf.rc...
[   67.467199][    T1] init: Parsing file /system/etc/init/snapuserd.rc...
[   67.467596][    T1] init: Parsing file /system/etc/init/storaged.rc...
[   67.468028][    T1] init: Parsing file /system/etc/init/surfaceflinger.rc...
[   67.468516][    T1] init: Parsing file /system/etc/init/tombstoned.rc...
[   67.469172][    T1] init: Parsing file /system/etc/init/traced_perf.rc...
[   67.470234][    T1] init: Parsing file /system/etc/init/tradeinmode.rc...
[   67.470721][    T1] init: Parsing file /system/etc/init/uncrypt.rc...
[   67.471412][    T1] init: Parsing file /system/etc/init/update_engine.rc...
[   67.471971][    T1] init: Parsing file /system/etc/init/update_verifier.rc...
[   67.472412][    T1] init: Parsing file /system/etc/init/usbd.rc...
[   67.472867][    T1] init: Parsing file /system/etc/init/virtual_camera.hal.rc...
[   67.473660][    T1] init: Parsing file /system/etc/init/vold.rc...
[   67.474329][    T1] init: Parsing file /system/etc/init/wifi.rc...
[   67.475252][    T1] init: Parsing file /system/etc/init/zygote_next.rc...
[   67.476765][    T1] init: Parsing directory /system_ext/etc/init...
[   67.477479][    T1] init: Parsing file /system_ext/etc/init/aidl_lazy_cb_test_server.rc...
[   67.478408][    T1] init: Parsing file /system_ext/etc/init/aidl_lazy_test_server.rc...
[   67.481334][    T1] init: Parsing file /system_ext/etc/init/android.hardware.audio.parameter_parser.example_service.rc...
[   67.481922][    T1] init: Parsing file /system_ext/etc/init/android.hidl.allocator@1.0-service.rc...
[   67.482603][    T1] init: Parsing file /system_ext/etc/init/hwservicemanager.rc...
[   67.483152][    T1] init: Parsing file /system_ext/etc/init/rpmb_dev.system.rc...
[   67.484797][    T1] init: Parsing file /system_ext/etc/init/rpmb_dev.test.system.rc...
[   67.486282][    T1] init: Parsing file /system_ext/etc/init/set_adb.rc...
[   67.486894][    T1] init: Parsing file /system_ext/etc/init/trusty_security_vm_launcher.rc...
[   67.488094][    T1] init: Parsing directory /vendor/etc/init...
[   67.488493][    T1] init: Parsing file /vendor/etc/init/android.hardware.security.keymint-service.cf_trusty_system_vm.rc...
[   67.503057][    T1] init: Parsing file /vendor/etc/init/android.hardware.security.keymint-service.trusty_tee.cpp.rc...
[   67.503806][    T1] init: Parsing file /vendor/etc/init/android.hardware.security.keymint-service.trusty_tee.nonsecure.rc...
[   67.504723][    T1] init: Parsing file /vendor/etc/init/android.hardware.sensors-service-multihal.rc...
[   67.506345][    T1] init: Parsing file /vendor/etc/init/boringssl_self_test.rc...
[   67.507075][    T1] init: Added '/vendor/etc/boringssl_self_test.zygote64.rc' to import list
[   67.509119][    T1] init: Parsing file /vendor/etc/boringssl_self_test.zygote64.rc...
[   67.511372][    T1] init: Parsing file /vendor/etc/init/face-default.rc...
[   67.511920][    T1] init: Parsing file /vendor/etc/init/fingerprint-default.rc...
[   67.512658][    T1] init: Parsing file /vendor/etc/init/init.cutf_cvm.rc...
[   67.516924][    T1] init: Parsing file /vendor/etc/init/init_graphics.vendor.rc...
[   67.517886][    T1] init: Parsing file /vendor/etc/init/motioncontext-service-default.rc...
[   67.518736][    T1] init: Parsing file /vendor/etc/init/seriallogging.rc...
[   67.519636][    T1] init: Parsing file /odm/etc/init...
[   67.519927][    T1] init: Unable to read config file '/odm/etc/init': open() failed: No such file or directory
[   67.521195][    T1] init: Parsing directory /product/etc/init...
[   67.521665][    T1] init: Parsing file /product/etc/init/init.rc...
[   67.567953][    T1] init: processing action (SetupCgroups) from (<Builtin Action>:0)
[   67.870123][    T1] libprocessgroup: Using system/app isolation under: /sys/fs/cgroup
[   67.930502][    T1] init: Command 'SetupCgroups' action=SetupCgroups (<Builtin Action>:0) took 355ms and succeeded
[   68.108422][    T1] init: processing action (early-init) from (/system/etc/init/hw/init.rc:15)
[   68.401061][    T1] init: starting service 'ueventd'...
[   68.538963][    T1] libprocessgroup: Created cgroup /sys/fs/cgroup/system/uid_0
[   68.576413][    T1] libprocessgroup: Created cgroup /sys/fs/cgroup/system/uid_0/pid_117
[   68.692179][    T1] libprocessgroup: A JoinCgroup action in the SystemMemoryProcess profile is used for controller memory in the cgroup v2 hierarchy and will be ignored
[   68.897523][    T1] init: ... started service 'ueventd' has pid 117
[   68.919783][    T1] init: Command 'start ueventd' action=early-init (/system/etc/init/hw/init.rc:77) took 541ms and succeeded
[   69.061038][    T1] init: starting service 'init_dev_config'...
[   69.144435][    T1] libprocessgroup: Created cgroup /sys/fs/cgroup/system/uid_1000
[   69.164193][    T1] libprocessgroup: Created cgroup /sys/fs/cgroup/system/uid_1000/pid_118
[   69.341029][    T1] init: ... started service 'init_dev_config' has pid 118
[   69.352785][    T1] init: SVC_EXEC service 'init_dev_config' pid 118 (uid 1000 gid 0+0 context u:r:init_dev_config:s0) started; waiting...
[   69.375107][  T117] ueventd: ueventd started!
[   69.381108][    T1] init: Command 'exec_start init_dev_config' action=early-init (/system/etc/init/hw/init.rc:83) took 371ms and succeeded
[   69.465147][  T117] selinux: SELinux: Loaded file context from:
[   69.466327][  T117] selinux: 		/system/etc/selinux/plat_file_contexts
[   69.468360][  T117] selinux: 		/system_ext/etc/selinux/system_ext_file_contexts
[   69.470766][  T117] selinux: 		/product/etc/selinux/product_file_contexts
[   69.471925][  T117] selinux: 		/vendor/etc/selinux/vendor_file_contexts
[   69.473113][  T117] selinux: 		/odm/etc/selinux/odm_file_contexts
[   69.527791][  T117] ueventd: Parsing file /system/etc/ueventd.rc...
[   69.536715][  T117] ueventd: Added '/vendor/etc/ueventd.rc' to import list
[   69.539970][  T117] ueventd: Added '/odm/etc/ueventd.rc' to import list
[   69.649867][  T117] ueventd: Parsing file /vendor/etc/ueventd.rc...
[   69.689477][  T117] ueventd: Parsing file /odm/etc/ueventd.rc...
[   69.703960][  T117] ueventd: Unable to read config file '/odm/etc/ueventd.rc': open() failed: No such file or directory
[   69.815278][    T1] init: Service 'init_dev_config' (pid 118) exited with status 0 waiting took 0.618000 seconds
[   69.825381][    T1] init: Sending SIGKILL to service 'init_dev_config' (pid 118) process group...
[   69.913940][    T1] libprocessgroup: Removed cgroup /sys/fs/cgroup/system/uid_1000/pid_118
[   70.125280][    T1] init: starting service 'apexd-bootstrap'...
[   70.219053][    T1] libprocessgroup: Created cgroup /sys/fs/cgroup/system/uid_0/pid_119
[   70.289456][    T1] init: ... started service 'apexd-bootstrap' has pid 119
[   70.292473][    T1] init: SVC_EXEC service 'apexd-bootstrap' pid 119 (uid 0 gid 1000+0 context default) started; waiting...
[   70.297791][    T1] init: Command 'exec_start apexd-bootstrap' action=early-init (/system/etc/init/hw/init.rc:91) took 213ms and succeeded
[   73.235580][  T119] apexd: Started. subcommand = --bootstrap
[   73.396033][  T119] erofs: (device erofs): mounted with root inode @ nid 36.
[   73.573188][  T119] apexd: File-backed mount is enabled (detected via test mount)
[   73.845420][  T119] apexd-bootstrap: Scanning /system/apex for pre-installed ApexFiles
[   73.913342][  T119] apexd-bootstrap: Found pre-installed APEX /system/apex/com.android.adbd.apex
[   73.921347][  T119] apexd-bootstrap: Found pre-installed APEX /system/apex/com.android.adservices.apex
[   73.923078][  T119] apexd-bootstrap: Found pre-installed APEX /system/apex/com.android.apex.cts.shim.apex
[   73.926599][  T119] apexd-bootstrap: Found pre-installed APEX /system/apex/com.android.appsearch.apex
[   73.929563][  T119] apexd-bootstrap: Found pre-installed APEX /system/apex/com.android.art.apex
[   73.931655][  T119] apexd-bootstrap: Found pre-installed APEX /system/apex/com.android.bt.apex
[   73.933173][  T119] apexd-bootstrap: Found pre-installed APEX /system/apex/com.android.cellbroadcast.apex
[   73.934683][  T119] apexd-bootstrap: Found pre-installed APEX /system/apex/com.android.configinfrastructure.apex
[   73.937300][  T119] apexd-bootstrap: Found pre-installed APEX /system/apex/com.android.conscrypt.apex
[   73.939447][  T119] apexd-bootstrap: Found pre-installed APEX /system/apex/com.android.crashrecovery.apex
[   73.940436][  T119] apexd-bootstrap: Found pre-installed APEX /system/apex/com.android.devicelock.apex
[   73.942194][  T119] apexd-bootstrap: Found pre-installed APEX /system/apex/com.android.extservices.apex
[   73.944960][  T119] apexd-bootstrap: Found pre-installed APEX /system/apex/com.android.healthfitness.apex
[   73.946736][  T119] apexd-bootstrap: Found pre-installed APEX /system/apex/com.android.i18n.apex
[   73.947592][  T119] apexd-bootstrap: Found pre-installed APEX /system/apex/com.android.ipsec.apex
[   73.951291][  T119] apexd-bootstrap: Found pre-installed APEX /system/apex/com.android.media.apex
[   73.953368][  T119] apexd-bootstrap: Found pre-installed APEX /system/apex/com.android.media.swcodec.apex
[   73.954048][  T119] apexd-bootstrap: Found pre-installed APEX /system/apex/com.android.mediaprovider.apex
[   73.956369][  T119] apexd-bootstrap: Found pre-installed APEX /system/apex/com.android.neuralnetworks.apex
[   73.958520][  T119] apexd-bootstrap: Found pre-installed APEX /system/apex/com.android.nfcservices.apex
[   73.960367][  T119] apexd-bootstrap: Found pre-installed APEX /system/apex/com.android.npumanager.apex
[   73.960882][  T119] apexd-bootstrap: Found pre-installed APEX /system/apex/com.android.ondevicepersonalization.apex
[   73.963599][  T119] apexd-bootstrap: Found pre-installed APEX /system/apex/com.android.os.statsd.apex
[   73.964932][  T119] apexd-bootstrap: Found pre-installed APEX /system/apex/com.android.permission.apex
[   73.965650][  T119] apexd-bootstrap: Found pre-installed APEX /system/apex/com.android.profiling.apex
[   73.966996][  T119] apexd-bootstrap: Found pre-installed APEX /system/apex/com.android.resolv.apex
[   73.969322][  T119] apexd-bootstrap: Found pre-installed APEX /system/apex/com.android.rkpd.apex
[   73.969964][  T119] apexd-bootstrap: Found pre-installed APEX /system/apex/com.android.runtime.apex
[   73.971348][  T119] apexd-bootstrap: Found pre-installed APEX /system/apex/com.android.scheduling.apex
[   73.971708][  T119] apexd-bootstrap: Found pre-installed APEX /system/apex/com.android.sdkext.apex
[   73.972315][  T119] apexd-bootstrap: Found pre-installed APEX /system/apex/com.android.telephonycore.apex
[   73.975191][  T119] apexd-bootstrap: Found pre-installed APEX /system/apex/com.android.tethering.apex
[   73.976186][  T119] apexd-bootstrap: Found pre-installed APEX /system/apex/com.android.tzdata.apex
[   73.977245][  T119] apexd-bootstrap: Found pre-installed APEX /system/apex/com.android.uprobestats.apex
[   73.977959][  T119] apexd-bootstrap: Found pre-installed APEX /system/apex/com.android.uwb.apex
[   73.980247][  T119] apexd-bootstrap: Found pre-installed APEX /system/apex/com.android.virt.apex
[   73.981179][  T119] apexd-bootstrap: Found pre-installed APEX /system/apex/com.android.webapp.apex
[   73.982988][  T119] apexd-bootstrap: Found pre-installed APEX /system/apex/com.android.wifi.apex
[   73.985766][  T119] apexd-bootstrap: Scanning /system_ext/apex for pre-installed ApexFiles
[   73.994018][  T119] apexd-bootstrap: Found pre-installed APEX /system_ext/apex/com.android.compos.apex
[   73.996444][  T119] apexd-bootstrap: Found pre-installed APEX /system_ext/apex/com.android.hardware.biometrics.face.virtual.apex
[   73.998941][  T119] apexd-bootstrap: Found pre-installed APEX /system_ext/apex/com.android.hardware.biometrics.fingerprint.virtual.apex
[   74.001752][  T119] apexd-bootstrap: Found pre-installed APEX /system_ext/apex/com.android.vndk.v31.apex
[   74.003308][  T119] apexd-bootstrap: Found pre-installed APEX /system_ext/apex/com.android.vndk.v32.apex
[   74.004592][  T119] apexd-bootstrap: Found pre-installed APEX /system_ext/apex/com.android.vndk.v33.apex
[   74.006946][  T119] apexd-bootstrap: Found pre-installed APEX /system_ext/apex/com.android.vndk.v34.apex
[   74.008072][  T119] apexd-bootstrap: Scanning /product/apex for pre-installed ApexFiles
[   74.011510][  T119] apexd-bootstrap: /product/apex does not exist. Skipping
[   74.013036][  T119] apexd-bootstrap: Scanning /vendor/apex for pre-installed ApexFiles
[   74.020722][  T119] apexd-bootstrap: Found pre-installed APEX /vendor/apex/com.android.hardware.audio.apex
[   74.022192][  T119] apexd-bootstrap: Found pre-installed APEX /vendor/apex/com.android.hardware.authsecret.apex
[   74.024165][  T119] apexd-bootstrap: Found pre-installed APEX /vendor/apex/com.android.hardware.boot.apex
[   74.026177][  T119] apexd-bootstrap: Found pre-installed APEX /vendor/apex/com.android.hardware.cas.apex
[   74.027253][  T119] apexd-bootstrap: Found pre-installed APEX /vendor/apex/com.android.hardware.contexthub.apex
[   74.028401][  T119] apexd-bootstrap: Found pre-installed APEX /vendor/apex/com.android.hardware.drm.clearkey.apex
[   74.030163][  T119] apexd-bootstrap: Found pre-installed APEX /vendor/apex/com.android.hardware.dumpstate.apex
[   74.030903][  T119] apexd-bootstrap: Found pre-installed APEX /vendor/apex/com.android.hardware.gatekeeper.cf_remote.apex
[   74.034534][  T119] apexd-bootstrap: Found pre-installed APEX /vendor/apex/com.android.hardware.gatekeeper.nonsecure.apex
[   74.036200][  T119] apexd-bootstrap: Found pre-installed APEX /vendor/apex/com.android.hardware.gnss.apex
[   74.036987][  T119] apexd-bootstrap: Found pre-installed APEX /vendor/apex/com.android.hardware.graphics.composer.drm_hwcomposer.apex
[   74.037457][  T119] apexd-bootstrap: Found pre-installed APEX /vendor/apex/com.android.hardware.graphics.composer.ranchu.apex
[   74.037904][  T119] apexd-bootstrap: Found pre-installed APEX /vendor/apex/com.android.hardware.input.processor.apex
[   74.038299][  T119] apexd-bootstrap: Found pre-installed APEX /vendor/apex/com.android.hardware.keymint.rust_cf_guest_trusty_nonsecure.apex
[   74.039121][  T119] apexd-bootstrap: Found pre-installed APEX /vendor/apex/com.android.hardware.keymint.rust_cf_remote.apex
[   74.045154][  T119] apexd-bootstrap: Found pre-installed APEX /vendor/apex/com.android.hardware.keymint.rust_nonsecure.apex
[   74.053113][  T119] apexd-bootstrap: Found pre-installed APEX /vendor/apex/com.android.hardware.memtrack.apex
[   74.056279][  T119] apexd-bootstrap: Found pre-installed APEX /vendor/apex/com.android.hardware.net.nlinterceptor.apex
[   74.056772][  T119] apexd-bootstrap: Found pre-installed APEX /vendor/apex/com.android.hardware.neuralnetworks.apex
[   74.057268][  T119] apexd-bootstrap: Found pre-installed APEX /vendor/apex/com.android.hardware.power.apex
[   74.059256][  T119] apexd-bootstrap: Found pre-installed APEX /vendor/apex/com.android.hardware.rebootescrow.apex
[   74.059751][  T119] apexd-bootstrap: Found pre-installed APEX /vendor/apex/com.android.hardware.secure_element.apex
[   74.062257][  T119] apexd-bootstrap: Found pre-installed APEX /vendor/apex/com.android.hardware.security.authgraph.apex
[   74.070434][  T119] apexd-bootstrap: Found pre-installed APEX /vendor/apex/com.android.hardware.security.secretkeeper.apex
[   74.077919][  T119] apexd-bootstrap: Found pre-installed APEX /vendor/apex/com.android.hardware.tetheroffload.apex
[   74.082489][  T119] apexd-bootstrap: Found pre-installed APEX /vendor/apex/com.android.hardware.thermal.apex
[   74.088983][  T119] apexd-bootstrap: Found pre-installed APEX /vendor/apex/com.android.hardware.threadnetwork.apex
[   74.097613][  T119] apexd-bootstrap: Found pre-installed APEX /vendor/apex/com.android.hardware.usb.apex
[   74.100019][  T119] apexd-bootstrap: Found pre-installed APEX /vendor/apex/com.android.hardware.uwb.apex
[   74.104120][  T119] apexd-bootstrap: Found pre-installed APEX /vendor/apex/com.android.hardware.vibrator.apex
[   74.124503][  T119] apexd-bootstrap: Found pre-installed APEX /vendor/apex/com.android.hardware.wifi.apex
[   74.124955][  T117] ueventd: Coldboot took 4.279 seconds
[   74.125652][  T119] apexd-bootstrap: Found pre-installed APEX /vendor/apex/com.google.cf.bt.apex
[   74.130490][  T119] apexd-bootstrap: Found pre-installed APEX /vendor/apex/com.google.cf.confirmationui.apex
[   74.133961][  T119] apexd-bootstrap: Found pre-installed APEX /vendor/apex/com.google.cf.disabled.apex
[   74.138503][  T119] apexd-bootstrap: Found pre-installed APEX /vendor/apex/com.google.cf.gralloc.apex
[   74.142344][  T119] apexd-bootstrap: Found pre-installed APEX /vendor/apex/com.google.cf.health.apex
[   74.156505][  T119] apexd-bootstrap: Found pre-installed APEX /vendor/apex/com.google.cf.identity.apex
[   74.159928][  T119] apexd-bootstrap: Found pre-installed APEX /vendor/apex/com.google.cf.input.config.apex
[   74.160385][  T119] apexd-bootstrap: Found pre-installed APEX /vendor/apex/com.google.cf.ir.apex
[   74.160808][  T119] apexd-bootstrap: Found pre-installed APEX /vendor/apex/com.google.cf.light.apex
[   74.161156][  T119] apexd-bootstrap: Found pre-installed APEX /vendor/apex/com.google.cf.nfc.apex
[   74.161487][  T119] apexd-bootstrap: Found pre-installed APEX /vendor/apex/com.google.cf.oemlock.apex
[   74.161900][  T119] apexd-bootstrap: Found pre-installed APEX /vendor/apex/com.google.cf.rild.apex
[   74.162357][  T119] apexd-bootstrap: Found pre-installed APEX /vendor/apex/com.google.cf.vulkan.apex
[   74.162752][  T119] apexd-bootstrap: Found pre-installed APEX /vendor/apex/com.google.cf.wifi.apex
[   74.163280][  T119] apexd-bootstrap: Found pre-installed APEX /vendor/apex/com.google.cf.wpa_supplicant.apex
[   74.163882][  T119] apexd-bootstrap: Found pre-installed APEX /vendor/apex/com.google.emulated.camera.provider.hal.apex
[   74.164324][  T119] apexd-bootstrap: Found pre-installed APEX /vendor/apex/com.google.emulated.camera.provider.hal.v4l2.apex
[   74.165131][  T119] apexd-bootstrap: Scanning /odm/apex for pre-installed ApexFiles
[   74.167502][  T119] apexd-bootstrap: /odm/apex does not exist. Skipping
[   75.105779][  T119] apexd-bootstrap: Skipping APEX at path /vendor/apex/com.android.hardware.gatekeeper.cf_remote.apex because it does not match expected multi-install APEX property for com.android.hardware.gatekeeper
[   75.116986][  T119] apexd-bootstrap: Skipping APEX at path /vendor/apex/com.android.hardware.graphics.composer.drm_hwcomposer.apex because it does not match expected multi-install APEX property for com.android.hardware.graphics.composer
[   75.118743][  T119] apexd-bootstrap: Skipping APEX at path /vendor/apex/com.android.hardware.keymint.rust_cf_guest_trusty_nonsecure.apex because it does not match expected multi-install APEX property for com.android.hardware.keymint
[   75.119993][  T119] apexd-bootstrap: Skipping APEX at path /vendor/apex/com.android.hardware.keymint.rust_cf_remote.apex because it does not match expected multi-install APEX property for com.android.hardware.keymint
[   75.122940][  T119] apexd-bootstrap: Skipping APEX at path /vendor/apex/com.google.cf.disabled.apex because it's disabled via sysprop.
[   75.124055][  T119] apexd-bootstrap: Skipping APEX at path /vendor/apex/com.google.emulated.camera.provider.hal.v4l2.apex because it does not match expected multi-install APEX property for com.google.emulated.camera.provider.hal
[   75.125876][  T119] apexd-bootstrap: Successfully scanned 87 preinstalled APEXes duration=1306ms
[   75.139965][  T119] apexd-bootstrap: No sessions to revert/activate.
[   75.164910][  T119] apexd-bootstrap: Successfully scanned 0 data APEXes duration=12ms
[   75.496395][  T225] loop7: detected capacity change from 0 to 6432
[   75.498994][  T221] loop1: detected capacity change from 0 to 1048
[   75.499500][  T223] loop5: detected capacity change from 0 to 5560
[   75.503046][  T224] loop6: detected capacity change from 0 to 992
[   75.503563][  T226] loop8: detected capacity change from 0 to 984
[   75.506961][  T218] loop0: detected capacity change from 0 to 72760
[   75.513821][  T220] loop4: detected capacity change from 0 to 536
[   75.518668][  T222] loop3: detected capacity change from 0 to 6160
[   75.526975][  T219] loop2: detected capacity change from 0 to 29520
[   75.591236][  T230] loop11: detected capacity change from 0 to 4368
[   77.075526][  T255] erofs: (device erofs): mounted with root inode @ nid 39.
[   77.296643][  T233] EXT4-fs (loop14): mounted filesystem 7d1522e1-9dfa-5edb-a43e-98e3a4d20250 ro without journal. Quota mode: none.
[   77.312247][  T221] EXT4-fs (loop1): mounted filesystem 7d1522e1-9dfa-5edb-a43e-98e3a4d20250 ro without journal. Quota mode: none.
[   80.441622][  T227] EXT4-fs (loop10): mounted filesystem 7d1522e1-9dfa-5edb-a43e-98e3a4d20250 ro without journal. Quota mode: none.
[   80.729121][  T275] set_capacity_and_notify: 21 callbacks suppressed
[   80.800537][  T275] loop50: detected capacity change from 0 to 2760
[   80.870340][  T279] loop54: detected capacity change from 0 to 45048
[   80.881791][  T265] loop43: detected capacity change from 0 to 76456
[   80.882808][  T272] loop59: detected capacity change from 0 to 744
[   80.884984][  T284] loop61: detected capacity change from 0 to 792
[   80.889357][  T263] loop42: detected capacity change from 0 to 536
[   80.891787][  T309] loop85: detected capacity change from 0 to 48504
[   80.895340][  T249] loop26: detected capacity change from 0 to 138608
[   80.899918][  T305] loop80: detected capacity change from 0 to 47616
[   80.906911][  T245] loop23: detected capacity change from 0 to 8160
[   81.108781][  T218] EXT4-fs (loop0): mounted filesystem 7d1522e1-9dfa-5edb-a43e-98e3a4d20250 ro without journal. Quota mode: none.
[   81.246666][  T229] EXT4-fs (loop12): mounted filesystem 7d1522e1-9dfa-5edb-a43e-98e3a4d20250 ro without journal. Quota mode: none.
[   81.308000][  T219] EXT4-fs (loop2): mounted filesystem 7d1522e1-9dfa-5edb-a43e-98e3a4d20250 ro without journal. Quota mode: none.
[   81.363713][  T272] EXT4-fs (loop59): mounted filesystem 7d1522e1-9dfa-5edb-a43e-98e3a4d20250 ro without journal. Quota mode: none.
[   81.426731][  T296] EXT4-fs (loop72): mounted filesystem 7d1522e1-9dfa-5edb-a43e-98e3a4d20250 ro without journal. Quota mode: none.
[   81.439301][  T253] EXT4-fs (loop31): mounted filesystem 7d1522e1-9dfa-5edb-a43e-98e3a4d20250 ro without journal. Quota mode: none.
[   81.466912][  T288] EXT4-fs (loop64): mounted filesystem 7d1522e1-9dfa-5edb-a43e-98e3a4d20250 ro without journal. Quota mode: none.
[   81.481043][  T279] EXT4-fs (loop54): mounted filesystem 7d1522e1-9dfa-5edb-a43e-98e3a4d20250 ro without journal. Quota mode: none.
[   81.495059][  T277] EXT4-fs (loop52): mounted filesystem 7d1522e1-9dfa-5edb-a43e-98e3a4d20250 ro without journal. Quota mode: none.
[   81.499018][  T305] EXT4-fs (loop80): mounted filesystem 7d1522e1-9dfa-5edb-a43e-98e3a4d20250 ro without journal. Quota mode: none.
[   81.517884][  T226] EXT4-fs (loop8): mounted filesystem 7d1522e1-9dfa-5edb-a43e-98e3a4d20250 ro without journal. Quota mode: none.
[   81.518693][  T286] EXT4-fs (loop62): mounted filesystem 7d1522e1-9dfa-5edb-a43e-98e3a4d20250 ro without journal. Quota mode: none.
[   81.519029][  T264] EXT4-fs (loop41): mounted filesystem 7d1522e1-9dfa-5edb-a43e-98e3a4d20250 ro without journal. Quota mode: none.
[   81.519427][  T306] EXT4-fs (loop81): mounted filesystem 7d1522e1-9dfa-5edb-a43e-98e3a4d20250 ro without journal. Quota mode: none.
[   81.520024][  T293] EXT4-fs (loop68): mounted filesystem 7d1522e1-9dfa-5edb-a43e-98e3a4d20250 ro without journal. Quota mode: none.
[   81.520267][  T230] EXT4-fs (loop11): mounted filesystem 7d1522e1-9dfa-5edb-a43e-98e3a4d20250 ro without journal. Quota mode: none.
[   81.522486][  T287] EXT4-fs (loop63): mounted filesystem 7d1522e1-9dfa-5edb-a43e-98e3a4d20250 ro without journal. Quota mode: none.
[   81.523452][  T224] EXT4-fs (loop6): mounted filesystem 7d1522e1-9dfa-5edb-a43e-98e3a4d20250 ro without journal. Quota mode: none.
[   81.545187][  T271] EXT4-fs (loop49): mounted filesystem 7d1522e1-9dfa-5edb-a43e-98e3a4d20250 ro without journal. Quota mode: none.
[   81.545703][  T223] EXT4-fs (loop5): mounted filesystem 7d1522e1-9dfa-5edb-a43e-98e3a4d20250 ro without journal. Quota mode: none.
[   81.547682][  T220] EXT4-fs (loop4): mounted filesystem 7d1522e1-9dfa-5edb-a43e-98e3a4d20250 ro without journal. Quota mode: none.
[   81.555582][  T290] EXT4-fs (loop66): mounted filesystem 7d1522e1-9dfa-5edb-a43e-98e3a4d20250 ro without journal. Quota mode: none.
[   81.573580][  T235] EXT4-fs (loop18): mounted filesystem 7d1522e1-9dfa-5edb-a43e-98e3a4d20250 ro without journal. Quota mode: none.
[   81.595241][  T284] EXT4-fs (loop61): mounted filesystem 7d1522e1-9dfa-5edb-a43e-98e3a4d20250 ro without journal. Quota mode: none.
[   81.595747][  T232] EXT4-fs (loop19): mounted filesystem 7d1522e1-9dfa-5edb-a43e-98e3a4d20250 ro without journal. Quota mode: none.
[   81.600329][  T237] EXT4-fs (loop17): mounted filesystem 7d1522e1-9dfa-5edb-a43e-98e3a4d20250 ro without journal. Quota mode: none.
[   81.601810][  T244] EXT4-fs (loop21): mounted filesystem 7d1522e1-9dfa-5edb-a43e-98e3a4d20250 ro without journal. Quota mode: none.
[   81.607565][  T228] EXT4-fs (loop9): mounted filesystem 7d1522e1-9dfa-5edb-a43e-98e3a4d20250 ro without journal. Quota mode: none.
[   81.612738][  T307] EXT4-fs (loop82): mounted filesystem 7d1522e1-9dfa-5edb-a43e-98e3a4d20250 ro without journal. Quota mode: none.
[   81.617440][  T234] EXT4-fs (loop15): mounted filesystem 7d1522e1-9dfa-5edb-a43e-98e3a4d20250 ro without journal. Quota mode: none.
[   81.622713][  T281] EXT4-fs (loop57): mounted filesystem 7d1522e1-9dfa-5edb-a43e-98e3a4d20250 ro without journal. Quota mode: none.
[   81.633008][  T246] EXT4-fs (loop24): mounted filesystem 7d1522e1-9dfa-5edb-a43e-98e3a4d20250 ro without journal. Quota mode: none.
[   81.634326][  T243] EXT4-fs (loop22): mounted filesystem 7d1522e1-9dfa-5edb-a43e-98e3a4d20250 ro without journal. Quota mode: none.
[   81.634929][  T239] EXT4-fs (loop16): mounted filesystem 7d1522e1-9dfa-5edb-a43e-98e3a4d20250 ro without journal. Quota mode: none.
[   81.636614][  T225] EXT4-fs (loop7): mounted filesystem 7d1522e1-9dfa-5edb-a43e-98e3a4d20250 ro without journal. Quota mode: none.
[   81.637438][  T283] EXT4-fs (loop60): mounted filesystem 7d1522e1-9dfa-5edb-a43e-98e3a4d20250 ro without journal. Quota mode: none.
[   81.640201][  T258] EXT4-fs (loop36): mounted filesystem 7d1522e1-9dfa-5edb-a43e-98e3a4d20250 ro without journal. Quota mode: none.
[   81.642714][  T310] EXT4-fs (loop84): mounted filesystem 7d1522e1-9dfa-5edb-a43e-98e3a4d20250 ro without journal. Quota mode: none.
[   81.655625][  T222] EXT4-fs (loop3): mounted filesystem 7d1522e1-9dfa-5edb-a43e-98e3a4d20250 ro without journal. Quota mode: none.
[   81.672313][  T300] EXT4-fs (loop75): mounted filesystem 7d1522e1-9dfa-5edb-a43e-98e3a4d20250 ro without journal. Quota mode: none.
[   81.673634][  T260] EXT4-fs (loop38): mounted filesystem 7d1522e1-9dfa-5edb-a43e-98e3a4d20250 ro without journal. Quota mode: none.
[   81.674144][  T268] EXT4-fs (loop47): mounted filesystem 7d1522e1-9dfa-5edb-a43e-98e3a4d20250 ro without journal. Quota mode: none.
[   81.674609][  T280] EXT4-fs (loop55): mounted filesystem 7d1522e1-9dfa-5edb-a43e-98e3a4d20250 ro without journal. Quota mode: none.
[   81.677111][  T301] EXT4-fs (loop77): mounted filesystem 7d1522e1-9dfa-5edb-a43e-98e3a4d20250 ro without journal. Quota mode: none.
[   81.678068][  T308] EXT4-fs (loop83): mounted filesystem 7d1522e1-9dfa-5edb-a43e-98e3a4d20250 ro without journal. Quota mode: none.
[   81.678981][  T289] EXT4-fs (loop65): mounted filesystem 7d1522e1-9dfa-5edb-a43e-98e3a4d20250 ro without journal. Quota mode: none.
[   81.679666][  T302] EXT4-fs (loop79): mounted filesystem 7d1522e1-9dfa-5edb-a43e-98e3a4d20250 ro without journal. Quota mode: none.
[   81.679995][  T250] EXT4-fs (loop30): mounted filesystem 7d1522e1-9dfa-5edb-a43e-98e3a4d20250 ro without journal. Quota mode: none.
[   81.681056][  T285] EXT4-fs (loop58): mounted filesystem 7d1522e1-9dfa-5edb-a43e-98e3a4d20250 ro without journal. Quota mode: none.
[   81.691826][  T245] EXT4-fs (loop23): mounted filesystem 7d1522e1-9dfa-5edb-a43e-98e3a4d20250 ro without journal. Quota mode: none.
[   81.694630][  T247] EXT4-fs (loop25): mounted filesystem 7d1522e1-9dfa-5edb-a43e-98e3a4d20250 ro without journal. Quota mode: none.
[   81.694898][  T299] EXT4-fs (loop76): mounted filesystem 7d1522e1-9dfa-5edb-a43e-98e3a4d20250 ro without journal. Quota mode: none.
[   81.696279][  T278] EXT4-fs (loop53): mounted filesystem 7d1522e1-9dfa-5edb-a43e-98e3a4d20250 ro without journal. Quota mode: none.
[   81.716556][  T252] EXT4-fs (loop28): mounted filesystem 7d1522e1-9dfa-5edb-a43e-98e3a4d20250 ro without journal. Quota mode: none.
[   81.716677][  T294] EXT4-fs (loop70): mounted filesystem 7d1522e1-9dfa-5edb-a43e-98e3a4d20250 ro without journal. Quota mode: none.
[   81.717982][  T231] EXT4-fs (loop13): mounted filesystem 7d1522e1-9dfa-5edb-a43e-98e3a4d20250 ro without journal. Quota mode: none.
[   81.718587][  T267] EXT4-fs (loop45): mounted filesystem 7d1522e1-9dfa-5edb-a43e-98e3a4d20250 ro without journal. Quota mode: none.
[   81.719064][  T295] EXT4-fs (loop69): mounted filesystem 7d1522e1-9dfa-5edb-a43e-98e3a4d20250 ro without journal. Quota mode: none.
[   81.720189][  T249] EXT4-fs (loop26): mounted filesystem 7d1522e1-9dfa-5edb-a43e-98e3a4d20250 ro without journal. Quota mode: none.
[   81.720973][  T265] EXT4-fs (loop43): mounted filesystem 7d1522e1-9dfa-5edb-a43e-98e3a4d20250 ro without journal. Quota mode: none.
[   81.730280][  T257] EXT4-fs (loop35): mounted filesystem 7d1522e1-9dfa-5edb-a43e-98e3a4d20250 ro without journal. Quota mode: none.
[   82.283732][  T119] apexd-bootstrap: Activated 87 packages. duration=7106ms
[   82.423675][  T119] apexd-bootstrap: OnBootstrap done, duration=8657
[   82.715349][    T1] init: Service 'apexd-bootstrap' (pid 119) exited with status 0 waiting took 12.504000 seconds
[   82.719814][    T1] init: Sending SIGKILL to service 'apexd-bootstrap' (pid 119) process group...
[   82.736810][    T1] libprocessgroup: Removed cgroup /sys/fs/cgroup/system/uid_0/pid_119
[   83.413578][    T1] init: Parsing file /apex/com.android.adbd/etc/init.rc...
[   83.433619][    T1] init: Parsing file /apex/com.android.art/etc/init.rc...
[   83.440785][    T1] init: Parsing file /apex/com.android.compos/etc/init.rc...
[   83.445962][    T1] init: Parsing file /apex/com.android.configinfrastructure/etc/com.android.configinfrastrcture.init.rc...
[   83.450136][    T1] init: Parsing file /apex/com.android.hardware.audio/etc/android.hardware.audio.service-aidl.example.rc...
[   83.457004][    T1] init: Parsing file /apex/com.android.hardware.authsecret/etc/android.hardware.authsecret-service.example.rc...
[   83.461526][    T1] init: Parsing file /apex/com.android.hardware.biometrics.face.virtual/etc/face-virtual-apex.rc...
[   83.465949][    T1] init: Parsing file /apex/com.android.hardware.biometrics.fingerprint.virtual/etc/fingerprint-virtual.rc...
[   83.469649][    T1] init: Parsing file /apex/com.android.hardware.boot/etc/android.hardware.boot-service.default.rc...
[   83.473045][    T1] init: Parsing file /apex/com.android.hardware.cas/etc/cas-default.rc...
[   83.476332][    T1] init: Parsing file /apex/com.android.hardware.contexthub/etc/android.hardware.contexthub-service.example.rc...
[   83.479949][    T1] init: Parsing file /apex/com.android.hardware.drm.clearkey/etc/android.hardware.drm-service.clearkey.apex.rc...
[   83.482635][    T1] init: Parsing file /apex/com.android.hardware.dumpstate/etc/dumpstate-default.rc...
[   83.485408][    T1] init: Parsing file /apex/com.android.hardware.gatekeeper/etc/android.hardware.gatekeeper-service.nonsecure.rc...
[   83.488746][    T1] init: Parsing file /apex/com.android.hardware.gnss/etc/gnss-default.rc...
[   83.491360][    T1] init: Parsing file /apex/com.android.hardware.graphics.composer/etc/hwc3-apex.rc...
[   83.494534][    T1] init: Parsing file /apex/com.android.hardware.input.processor/etc/inputprocessor-default.rc...
[   83.497481][    T1] init: Parsing file /apex/com.android.hardware.ir/etc/android.hardware.ir-service.example.rc...
[   83.501367][    T1] init: Parsing file /apex/com.android.hardware.keymint/etc/android.hardware.security.keymint-service.nonsecure.apex.rc...
[   83.504834][    T1] init: Parsing file /apex/com.android.hardware.memtrack/etc/memtrack-default-apex.rc...
[   83.507594][    T1] init: Parsing file /apex/com.android.hardware.net.nlinterceptor/etc/nlinterceptor.rc...
[   83.510045][    T1] init: Parsing file /apex/com.android.hardware.neuralnetworks/etc/android.hardware.neuralnetworks-service-sample-all.rc...
[   83.513200][    T1] init: Parsing file /apex/com.android.hardware.neuralnetworks/etc/android.hardware.neuralnetworks-service-sample-limited.rc...
[   83.514598][    T1] init: Parsing file /apex/com.android.hardware.neuralnetworks/etc/android.hardware.neuralnetworks-shim-service-sample.rc...
[   83.516124][    T1] init: Parsing file /apex/com.android.hardware.power/etc/com.android.hardware.power.rc...
[   83.518779][    T1] init: Parsing file /apex/com.android.hardware.rebootescrow/etc/rebootescrow-default.rc...
[   83.521101][    T1] init: Parsing file /apex/com.android.hardware.secure_element/etc/secure_element.rc...
[   83.523450][    T1] init: Parsing file /apex/com.android.hardware.security.authgraph/etc/authgraph.rc...
[   83.526037][    T1] init: Parsing file /apex/com.android.hardware.security.secretkeeper/etc/secretkeeper.rc...
[   83.528134][    T1] init: Parsing file /apex/com.android.hardware.tetheroffload/etc/tetheroffload-example.rc...
[   83.530580][    T1] init: Parsing file /apex/com.android.hardware.thermal/etc/android.hardware.thermal.example.rc...
[   83.533179][    T1] init: Parsing file /apex/com.android.hardware.threadnetwork/etc/threadnetwork-service.rc...
[   83.535804][    T1] init: Parsing file /apex/com.android.hardware.usb/etc/com.android.hardware.usb.rc...
[   83.538569][    T1] init: Parsing file /apex/com.android.hardware.uwb/etc/uwb-service.rc...
[   83.540765][    T1] init: Parsing file /apex/com.android.hardware.vibrator/etc/com.android.hardware.vibrator.rc...
[   83.542939][    T1] init: Parsing file /apex/com.android.hardware.wifi/etc/com.android.hardware.wifi.rc...
[   83.545240][    T1] init: Parsing file /apex/com.android.media.swcodec/etc/mediaswcodec.32rc...
[   83.548292][    T1] init: Parsing file /apex/com.android.media/etc/mediatranscoding.32rc...
[   83.550888][    T1] init: Parsing file /apex/com.android.os.statsd/etc/init.rc...
[   83.553424][    T1] init: Parsing file /apex/com.android.sdkext/etc/derive_classpath.rc...
[   83.557472][    T1] init: Parsing file /apex/com.android.sdkext/etc/derive_sdk.rc...
[   83.562223][    T1] init: Parsing file /apex/com.android.tethering/etc/netbpfload.35rc...
[   83.565430][    T1] init: Parsing file /apex/com.android.tethering/etc/ot-daemon.34rc...
[   83.566736][    T1] init: Parsing file /apex/com.android.uprobestats/etc/init.rc...
[   83.569595][    T1] init: Parsing file /apex/com.android.virt/etc/vfio_handler.rc...
[   83.570803][    T1] init: Parsing file /apex/com.android.virt/etc/virtualizationservice.rc...
[   83.571253][    T1] init: Parsing file /apex/com.android.virt/etc/vmnic.rc...
[   83.571950][    T1] init: Parsing file /apex/com.android.wifi/etc/mainline_supplicant.rc...
[   83.574572][    T1] init: Parsing file /apex/com.google.cf.bt/etc/com.google.cf.bt.default.rc...
[   83.577059][    T1] init: Parsing file /apex/com.google.cf.bt/etc/com.google.cf.bt.lpp.rc...
[   83.578331][    T1] init: Parsing file /apex/com.google.cf.confirmationui/etc/android.hardware.confirmationui-service.cuttlefish.rc...
[   83.581783][    T1] init: Parsing file /apex/com.google.cf.gralloc/etc/com.google.cf.gralloc.rc...
[   83.583892][    T1] init: Parsing file /apex/com.google.cf.health/etc/android.hardware.health-service.cuttlefish.rc...
[   83.585915][    T1] init: Parsing file /apex/com.google.cf.identity/etc/android.hardware.identity-service.remote.rc...
[   83.587975][    T1] init: Parsing file /apex/com.google.cf.input.config/etc/com.google.cf.input.config.rc...
[   83.598643][    T1] init: Parsing file /apex/com.google.cf.light/etc/lights-cuttlefish.rc...
[   83.600830][    T1] init: Parsing file /apex/com.google.cf.nfc/etc/nfc-service-cuttlefish.rc...
[   83.603347][    T1] init: Parsing file /apex/com.google.cf.oemlock/etc/android.hardware.oemlock-service.remote.rc...
[   83.606631][    T1] init: Parsing file /apex/com.google.cf.rild/etc/com.google.cf.rild.rc...
[   83.608950][    T1] init: Parsing file /apex/com.google.cf.vulkan/etc/com.google.cf.vulkan.rc...
[   83.611396][    T1] init: Parsing file /apex/com.google.cf.wifi/etc/com.google.cf.wifi.rc...
[   83.613806][    T1] init: Parsing file /apex/com.google.cf.wpa_supplicant/etc/com.google.cf.wpa_supplicant.rc...
[   83.616084][    T1] init: Parsing file /apex/com.google.emulated.camera.provider.hal/etc/com.google.emulated.camera.provider.hal.rc...
[   85.577781][    T1] init: linkerconfig generated /linkerconfig with mounted APEX modules info
[   85.583409][    T1] init: Command 'perform_apex_config' action=early-init (/system/etc/init/hw/init.rc:92) took 2637ms and succeeded
[   85.675235][    T1] init: processing action (ro.boot.bootchart.enabled= && early-init) from (/system/etc/init/hw/init.rc:113)
[   85.676358][    T1] init: processing action (early-init) from (/init.environ.rc:2)
[   85.677503][    T1] init: processing action (early-init) from (/system/etc/init/aconfigd.rc:26)
[   85.681541][    T1] init: Command 'mkdir /metadata/aconfig 0775 root system' action=early-init (/system/etc/init/aconfigd.rc:27) took 3ms and failed: mkdir() failed on /metadata/aconfig: Read-only file system
[   85.695106][    T1] init: starting service 'early_system_aconfigd_platform_init'...
[   85.754643][    T1] libprocessgroup: Created cgroup /sys/fs/cgroup/system/uid_1000/pid_399
[   85.808304][    T1] init: ... started service 'early_system_aconfigd_platform_init' has pid 399
[   85.814323][    T1] init: SVC_EXEC service 'early_system_aconfigd_platform_init' pid 399 (uid 1000 gid 1000+0 context default) started; waiting...
[   85.818810][    T1] init: Command 'exec_start early_system_aconfigd_platform_init' action=early-init (/system/etc/init/aconfigd.rc:31) took 135ms and succeeded
[   86.736176][  T399] main[399]: Starting aconfigd_system command: EarlyPlatformInit
[   86.741608][  T399] main[399]: Starting early-init platform init
[   86.800667][  T399] aconfigd_rust::utils[399]: build fingerprint is: generic/aosp_cf_arm64_only_phone/vsoc_arm64_only:17/CP2A.260605.016/16373615:userdebug/test-keys
[   86.805301][  T399] aconfigd_rust::aconfigd[399]: device build fingerprint generic/aosp_cf_arm64_only_phone/vsoc_arm64_only:17/CP2A.260605.016/16373615:userdebug/test-keys
[   86.808397][  T399] aconfigd_rust::utils[399]: security patch date is: 2026-06-05
[   86.808980][  T399] aconfigd_rust::aconfigd[399]: device security patch 2026-06-05
[   86.833442][  T399] aconfigd_rust::aconfigd[399]: start initialize system flags
[   86.872339][  T399] aconfigd_rust::storage_files[399]: create storage files object from container system
[   86.972941][  T399] aconfigd_rust::storage_files[399]: copy system storage files to persist and boot directories
[   87.024515][  T399] main[399]: Failed to initialize platform storage in early init: failed to copy file from /system/etc/aconfig/package.map to /metadata/aconfig/maps/system.package.new: Os { code: 2, kind: NotFound, message: "No such file or directory" }
[   87.078724][    T1] init: Service 'early_system_aconfigd_platform_init' (pid 399) exited with status 5 waiting took 1.335000 seconds
[   87.080822][    T1] init: Sending SIGKILL to service 'early_system_aconfigd_platform_init' (pid 399) process group...
[   87.094218][    T1] libprocessgroup: Removed cgroup /sys/fs/cgroup/system/uid_1000/pid_399
[   87.128029][    T1] init: processing action (ro.product.debugfs_restrictions.enabled=true && early-init) from (/system/etc/init/init-debug.rc:10)
[   87.197038][    T1] init: processing action (early-init) from (/system/etc/init/kcmdlinemodprobe.rc:16)
[   87.244092][    T1] init: starting service 'exec 1 (/system/bin/kcmdlinemodprobe)'...
[   87.304813][    T1] libprocessgroup: Created cgroup /sys/fs/cgroup/system/uid_0/pid_400
[   87.355923][    T1] init: ... started service 'exec 1 (/system/bin/kcmdlinemodprobe)' has pid 400
[   87.357324][    T1] init: SVC_EXEC service 'exec 1 (/system/bin/kcmdlinemodprobe)' pid 400 (uid 0 gid 0+0 context default) started; waiting...
[   87.359449][    T1] init: Command 'exec -- /system/bin/kcmdlinemodprobe' action=early-init (/system/etc/init/kcmdlinemodprobe.rc:17) took 160ms and succeeded
[   87.862188][  T400] rust_binder: Loaded Rust Binder.
[   87.965386][    T1] init: Service 'exec 1 (/system/bin/kcmdlinemodprobe)' (pid 400) exited with status 0 waiting took 0.673000 seconds
[   87.969378][    T1] init: Sending SIGKILL to service 'exec 1 (/system/bin/kcmdlinemodprobe)' (pid 400) process group...
[   87.984057][    T1] libprocessgroup: Removed cgroup /sys/fs/cgroup/system/uid_0/pid_400
[   87.989641][    T1] init: processing action (early-init) from (/system/etc/init/prng_seeder.rc:5)
[   88.012471][    T1] init: starting service 'prng_seeder'...
[   88.043093][    T1] init: Created socket '/dev/socket/prng_seeder', mode 666, user 1092, group 1092
[   88.095077][    T1] libprocessgroup: Created cgroup /sys/fs/cgroup/system/uid_1092
[   88.105574][    T1] libprocessgroup: Created cgroup /sys/fs/cgroup/system/uid_1092/pid_401
[   88.148135][    T1] init: ... started service 'prng_seeder' has pid 401
[   88.154574][    T1] init: Command 'start prng_seeder' action=early-init (/system/etc/init/prng_seeder.rc:6) took 163ms and succeeded
[   88.166218][    T1] init: processing action (ro.product.cpu.abilist64=* && early-init) from (/vendor/etc/boringssl_self_test.zygote64.rc:1)
[   88.382026][    T1] init: starting service 'boringssl_self_test64_vendor'...
[   88.493159][    T1] libprocessgroup: Created cgroup /sys/fs/cgroup/system/uid_0/pid_402
[   88.567444][    T1] init: ... started service 'boringssl_self_test64_vendor' has pid 402
[   88.573068][    T1] init: SVC_EXEC service 'boringssl_self_test64_vendor' pid 402 (uid 0 gid 0+0 context default) started; waiting...
[   88.579218][    T1] init: Command 'exec_start boringssl_self_test64_vendor' action=ro.product.cpu.abilist64=* && early-init (/vendor/etc/boringssl_self_test.zygote64.rc:2) took 400ms and succeeded
[   90.359553][    T1] init: Service 'boringssl_self_test64_vendor' (pid 402) exited with status 0 waiting took 1.872000 seconds
[   90.382243][    T1] init: Sending SIGKILL to service 'boringssl_self_test64_vendor' (pid 402) process group...
[   90.413010][    T1] libprocessgroup: Removed cgroup /sys/fs/cgroup/system/uid_0/pid_402
[   90.512358][    T1] init: processing action (early-init) from (/vendor/etc/init/init.cutf_cvm.rc:1)
[   90.713585][    T1] init: Command 'setprop ro.hw_timeout_multiplier ${ro.boot.hw_timeout_multiplier}' action=early-init (/vendor/etc/init/init.cutf_cvm.rc:4) took 183ms and succeeded
[   90.925465][    T1] init: Command 'setprop hypervisor.memory_reclaim.supported ${ro.boot.hypervisor.vm.supported}' action=early-init (/vendor/etc/init/init.cutf_cvm.rc:5) took 122ms and failed: property 'ro.boot.hypervisor.vm.supported' doesn't exist while expanding '${ro.boot.hypervisor.vm.supported}'
[   90.992552][    T1] init: starting service 'vendor.dlkm_loader'...
[   91.055411][    T1] libprocessgroup: Created cgroup /sys/fs/cgroup/system/uid_0/pid_403
[   91.121728][    T1] init: ... started service 'vendor.dlkm_loader' has pid 403
[   91.122823][    T1] init: Command 'start vendor.dlkm_loader' action=early-init (/vendor/etc/init/init.cutf_cvm.rc:9) took 157ms and succeeded
[   91.136074][    T1] init: starting service 'exec 2 (/system/bin/modprobe -a -d /system/lib/modules zram.ko)'...
[   91.163824][    T1] libprocessgroup: Created cgroup /sys/fs/cgroup/system/uid_0/pid_404
[   91.204661][    T1] init: ... started service 'exec 2 (/system/bin/modprobe -a -d /system/lib/modules zram.ko)' has pid 404
[   91.210324][    T1] init: SVC_EXEC service 'exec 2 (/system/bin/modprobe -a -d /system/lib/modules zram.ko)' pid 404 (uid 0 gid 0+0 context u:r:modprobe:s0) started; waiting...
[   91.211533][    T1] init: Command 'exec u:r:modprobe:s0 -- /system/bin/modprobe -a -d /system/lib/modules zram.ko' action=early-init (/vendor/etc/init/init.cutf_cvm.rc:11) took 87ms and succeeded
[   91.551605][  T403] dlkm_loader: dlkm loader successfully initialized
[   92.066540][  T403] dlkm_loader: Loading module /vendor/lib/modules/ambakmi.ko with args ''
[   92.170826][  T403] dlkm_loader: Loaded kernel module /vendor/lib/modules/ambakmi.ko
[   92.181571][  T404] zram: Added device: zram0
[   92.270673][  T403] dlkm_loader: Loading module /vendor/lib/modules/armmmci.ko with args ''
[   92.312088][    T1] init: Service 'exec 2 (/system/bin/modprobe -a -d /system/lib/modules zram.ko)' (pid 404) exited with status 0 waiting took 1.145000 seconds
[   92.319309][    T1] init: Sending SIGKILL to service 'exec 2 (/system/bin/modprobe -a -d /system/lib/modules zram.ko)' (pid 404) process group...
[   92.351844][    T1] libprocessgroup: Removed cgroup /sys/fs/cgroup/system/uid_0/pid_404
[   92.451677][  T116] init: wait for '/dev/dri/card0' took 54ms
[   92.493429][  T403] dlkm_loader: Loaded kernel module /vendor/lib/modules/armmmci.ko
[   92.519659][    T1] init: Command 'wait /dev/dri/card0' action=early-init (/vendor/etc/init/init.cutf_cvm.rc:13) took 129ms and succeeded
[   92.520960][  T403] dlkm_loader: Loading module /system/lib/modules/rfkill.ko with args ''
[   92.635175][  T403] dlkm_loader: Loading module /system/lib/modules/bluetooth.ko with args ''
[   92.639344][    T1] init: starting service 'exec 3 (/vendor/bin/modprobe -d /vendor/lib/modules vkms.ko create_default_dev=0)'...
[   92.796826][    T1] libprocessgroup: Created cgroup /sys/fs/cgroup/system/uid_0/pid_407
[   92.853291][    T1] init: ... started service 'exec 3 (/vendor/bin/modprobe -d /vendor/lib/modules vkms.ko create_default_dev=0)' has pid 407
[   92.865472][  T403] Bluetooth: Core ver 2.22
[   92.885701][    T1] init: SVC_EXEC service 'exec 3 (/vendor/bin/modprobe -d /vendor/lib/modules vkms.ko create_default_dev=0)' pid 407 (uid 0 gid 0+0 context u:r:vendor_modprobe:s0) started; waiting...
[   92.899395][  T403] NET: Registered PF_BLUETOOTH protocol family
[   92.902009][  T403] Bluetooth: HCI device and connection manager initialized
[   92.905061][    T1] init: Command 'exec u:r:vendor_modprobe:s0 -- /vendor/bin/modprobe -d /vendor/lib/modules vkms.ko create_default_dev=0' action=early-init (/vendor/etc/init/init.cutf_cvm.rc:14) took 356ms and succeeded
[   92.916200][  T403] Bluetooth: HCI socket layer initialized
[   92.938177][  T403] Bluetooth: L2CAP socket layer initialized
[   92.967325][  T403] Bluetooth: SCO socket layer initialized
[   93.020545][  T403] dlkm_loader: Loaded kernel module /system/lib/modules/bluetooth.ko
[   93.039518][  T403] dlkm_loader: Loading module /vendor/lib/modules/btintel.ko with args ''
[   93.116309][  T403] dlkm_loader: Loaded kernel module /vendor/lib/modules/btintel.ko
[   93.125599][  T403] dlkm_loader: Loading module /vendor/lib/modules/btrtl.ko with args ''
[   93.158433][  T403] dlkm_loader: Loaded kernel module /vendor/lib/modules/btrtl.ko
[   93.172052][  T403] dlkm_loader: Loading module /system/lib/modules/btbcm.ko with args ''
[   93.198303][  T403] dlkm_loader: Loaded kernel module /system/lib/modules/btbcm.ko
[   93.201075][  T403] dlkm_loader: Loading module /vendor/lib/modules/btusb.ko with args ''
[   93.247193][  T403] usbcore: registered new interface driver btusb
[   93.275548][  T403] dlkm_loader: Loaded kernel module /vendor/lib/modules/btusb.ko
[   93.321167][  T403] dlkm_loader: Loading module /vendor/lib/modules/vexpress-config.ko with args ''
[   93.398170][  T403] dlkm_loader: Loaded kernel module /vendor/lib/modules/vexpress-config.ko
[   93.410668][  T403] dlkm_loader: Loading module /vendor/lib/modules/clk-vexpress-osc.ko with args ''
[   93.496216][  T403] dlkm_loader: Loaded kernel module /vendor/lib/modules/clk-vexpress-osc.ko
[   93.527484][  T403] dlkm_loader: Loading module /vendor/lib/modules/drm_dma_helper.ko with args ''
[   93.618255][  T403] dlkm_loader: Loaded kernel module /vendor/lib/modules/drm_dma_helper.ko
[   93.670699][  T403] dlkm_loader: module dummy_cpufreq is blocklisted
[   93.694693][  T403] dlkm_loader: LoadWithAliases was unable to load dummy_cpufreq, tried: dummy_cpufreq
[   93.775255][  T403] dlkm_loader: Loading module /vendor/lib/modules/dummy_hcd.ko with args ''
[   93.983175][  T403] dummy_hcd dummy_hcd.0: USB Host+Gadget Emulator, driver 02 May 2005
[   94.016564][  T403] dummy_hcd dummy_hcd.0: Dummy host controller
[   94.033169][  T403] dummy_hcd dummy_hcd.0: new USB bus registered, assigned bus number 1
[   94.191561][  T403] usb usb1: New USB device found, idVendor=1d6b, idProduct=0002, bcdDevice= 6.12
[   94.202172][  T403] usb usb1: New USB device strings: Mfr=3, Product=2, SerialNumber=<SERIAL>
[   94.207106][  T403] usb usb1: Product: Dummy host controller
[   94.226100][  T403] usb usb1: Manufacturer: Linux 6.12.74-android16-6-g3ec022196c4e-ab15076761-4k dummy_hcd
[   94.231999][  T403] usb usb1: SerialNumber: <SERIAL>
[   94.362694][  T403] hub 1-0:1.0: USB hub found
[   94.400091][  T403] hub 1-0:1.0: 1 port detected
[   94.611686][  T403] dlkm_loader: Loaded kernel module /vendor/lib/modules/dummy_hcd.ko
[   94.700529][  T403] dlkm_loader: Loading module /vendor/lib/modules/goldfish_address_space.ko with args ''
[   94.747294][  T403] goldfish_address_space: loading out-of-tree module taints kernel.
[   94.753655][  T407] vkms: loading out-of-tree module taints kernel.
[   94.834734][  T403] dlkm_loader: Loaded kernel module /vendor/lib/modules/goldfish_address_space.ko
[   94.862365][  T403] dlkm_loader: Loading module /vendor/lib/modules/goldfish_battery.ko with args ''
[   94.966245][  T403] dlkm_loader: Loaded kernel module /vendor/lib/modules/goldfish_battery.ko
[   95.013472][    T1] init: Service 'exec 3 (/vendor/bin/modprobe -d /vendor/lib/modules vkms.ko create_default_dev=0)' (pid 407) exited with status 0 waiting took 2.232000 seconds
[   95.018536][  T403] dlkm_loader: Loading module /vendor/lib/modules/goldfish_pipe.ko with args ''
[   95.023213][    T1] init: Sending SIGKILL to service 'exec 3 (/vendor/bin/modprobe -d /vendor/lib/modules vkms.ko create_default_dev=0)' (pid 407) process group...
[   95.048426][    T1] libprocessgroup: Removed cgroup /sys/fs/cgroup/system/uid_0/pid_407
[   95.091829][    T1] init: processing action (early-init) from (/vendor/etc/init/init.cutf_cvm.rc:132)
[   95.164436][  T403] dlkm_loader: Loaded kernel module /vendor/lib/modules/goldfish_pipe.ko
[   95.181460][  T403] dlkm_loader: Loading module /vendor/lib/modules/goldfish_sync.ko with args ''
[   95.208448][    T1] init: Command 'setprop ro.setupwizard.mode ${ro.boot.setupwizard_mode}' action=early-init (/vendor/etc/init/init.cutf_cvm.rc:133) took 94ms and succeeded
[   95.213965][    T1] init: processing action (early-init) from (/vendor/etc/init/init.cutf_cvm.rc:135)
[   95.217177][    T1] init: Command 'setprop ro.vendor.cuttlefish_service_bluetooth_checker ${ro.boot.cuttlefish_service_bluetooth_checker}' action=early-init (/vendor/etc/init/init.cutf_cvm.rc:136) took 1ms and failed: property 'ro.boot.cuttlefish_service_bluetooth_checker' doesn't exist while expanding '${ro.boot.cuttlefish_service_bluetooth_checker}'
[   95.218926][    T1] init: processing action (early-init) from (/vendor/etc/init/init_graphics.vendor.rc:1)
[   95.298129][  T403] dlkm_loader: Loaded kernel module /vendor/lib/modules/goldfish_sync.ko
[   95.327754][  T403] dlkm_loader: Loading module /system/lib/modules/can-dev.ko with args ''
[   95.331449][    T1] init: Command 'setprop ro.vendor.hwcomposer.mode ${ro.boot.hardware.hwcomposer.mode}' action=early-init (/vendor/etc/init/init_graphics.vendor.rc:11) took 2ms and failed: property 'ro.boot.hardware.hwcomposer.mode' doesn't exist while expanding '${ro.boot.hardware.hwcomposer.mode}'
[   95.381256][  T403] CAN device driver interface
[   95.427283][  T403] dlkm_loader: Loaded kernel module /system/lib/modules/can-dev.ko
[   95.434544][  T403] dlkm_loader: Loading module /vendor/lib/modules/gs_usb.ko with args ''
[   95.444373][    T1] init: Command 'setprop debug.angle.feature_overrides_disabled ${ro.boot.hardware.angle_feature_overrides_disabled}' action=early-init (/vendor/etc/init/init_graphics.vendor.rc:16) took 69ms and succeeded
[   95.464153][    T1] init: Command 'setprop debug.hwui.renderer ${ro.boot.hardware.guest_hwui_renderer}' action=early-init (/vendor/etc/init/init_graphics.vendor.rc:17) took 4ms and failed: property 'ro.boot.hardware.guest_hwui_renderer' doesn't exist while expanding '${ro.boot.hardware.guest_hwui_renderer}'
[   95.468629][    T1] init: Command 'setprop ro.zygote.disable_gl_preload ${ro.boot.hardware.guest_disable_renderer_preload}' action=early-init (/vendor/etc/init/init_graphics.vendor.rc:18) took 1ms and failed: property 'ro.boot.hardware.guest_disable_renderer_preload' doesn't exist while expanding '${ro.boot.hardware.guest_disable_renderer_preload}'
[   95.471019][    T1] init: processing action (ConnectEarlyStageSnapuserd) from (<Builtin Action>:0)
[   95.474365][    T1] init: processing action (wait_for_coldboot_done) from (<Builtin Action>:0)
[   95.495285][    T1] init: start_waiting_for_property("ro.cold_boot_done", "true"): already set
[   95.496051][  T403] usbcore: registered new interface driver gs_usb
[   95.502855][    T1] init: processing action (CheckTradeInModeStatus) from (<Builtin Action>:0)
[   95.508487][    T1] init: processing action (SetMmapRndBits) from (<Builtin Action>:0)
[   95.527110][  T403] dlkm_loader: Loaded kernel module /vendor/lib/modules/gs_usb.ko
[   95.535754][    T1] init: processing action (KeychordInit) from (<Builtin Action>:0)
[   95.539206][  T403] dlkm_loader: Loading module /vendor/lib/modules/hci_vhci.ko with args ''
[   95.663459][    T1] init: EVIOCSMASK not supported: Invalid argument
[   95.758077][  T403] dlkm_loader: Loaded kernel module /vendor/lib/modules/hci_vhci.ko
[   95.767058][  T403] dlkm_loader: Loading module /vendor/lib/modules/kfifo_buf.ko with args ''
[   95.827221][  T403] dlkm_loader: Loaded kernel module /vendor/lib/modules/kfifo_buf.ko
[   95.835427][  T403] dlkm_loader: Loading module /vendor/lib/modules/mt76.ko with args ''
[   95.851839][    T1] init: Command 'KeychordInit' action=KeychordInit (<Builtin Action>:0) took 310ms and succeeded
[   95.859394][    T1] init: processing action (init) from (/system/etc/init/hw/init.rc:116)
[   96.079734][  T403] dlkm_loader: Loaded kernel module /vendor/lib/modules/mt76.ko
[   96.088461][  T403] dlkm_loader: Loading module /vendor/lib/modules/mt76-usb.ko with args ''
[   96.128426][    T1] init: Command 'write /dev/blkio/blkio.weight 1000' action=init (/system/etc/init/hw/init.rc:218) took 0ms and failed: Unable to write to file '/dev/blkio/blkio.weight': open() failed: Permission denied
[   96.131655][  T403] dlkm_loader: Loaded kernel module /vendor/lib/modules/mt76-usb.ko
[   96.132625][    T1] init: Command 'write /dev/blkio/background/blkio.weight 200' action=init (/system/etc/init/hw/init.rc:219) took 0ms and failed: Unable to write to file '/dev/blkio/background/blkio.weight': open() failed: Permission denied
[   96.136185][  T403] dlkm_loader: Loading module /vendor/lib/modules/mt76x02-lib.ko with args ''
[   96.137484][    T1] init: Command 'write /dev/blkio/blkio.group_idle 0' action=init (/system/etc/init/hw/init.rc:221) took 0ms and failed: Unable to write to file '/dev/blkio/blkio.group_idle': open() failed: Permission denied
[   96.146275][    T1] init: Command 'write /dev/blkio/background/blkio.group_idle 0' action=init (/system/etc/init/hw/init.rc:222) took 0ms and failed: Unable to write to file '/dev/blkio/background/blkio.group_idle': open() failed: Permission denied
[   96.190812][  T403] dlkm_loader: Loaded kernel module /vendor/lib/modules/mt76x02-lib.ko
[   96.194981][  T403] dlkm_loader: Loading module /vendor/lib/modules/mt76x0-common.ko with args ''
[   96.257371][  T403] dlkm_loader: Loaded kernel module /vendor/lib/modules/mt76x0-common.ko
[   96.337825][  T403] dlkm_loader: Loading module /vendor/lib/modules/mt76x02-usb.ko with args ''
[   96.358741][    T1] init: Command 'mount binder binder /dev/binderfs stats=global' action=init (/system/etc/init/hw/init.rc:233) took 113ms and succeeded
[   96.543529][  T403] dlkm_loader: Loaded kernel module /vendor/lib/modules/mt76x02-usb.ko
[   96.561842][  T403] dlkm_loader: Loading module /vendor/lib/modules/mt76x0u.ko with args ''
[   96.705785][  T403] usbcore: registered new interface driver mt76x0u
[   96.763158][  T403] dlkm_loader: Loaded kernel module /vendor/lib/modules/mt76x0u.ko
[   96.783943][  T403] dlkm_loader: Loading module /vendor/lib/modules/mt76x2-common.ko with args ''
[   96.932682][  T403] dlkm_loader: Loaded kernel module /vendor/lib/modules/mt76x2-common.ko
[   96.946085][  T403] dlkm_loader: Loading module /vendor/lib/modules/mt76x2u.ko with args ''
[   97.060570][  T403] usbcore: registered new interface driver mt76x2u
[   97.078586][  T403] dlkm_loader: Loaded kernel module /vendor/lib/modules/mt76x2u.ko
[   97.089518][  T403] dlkm_loader: Loading module /vendor/lib/modules/pl111_drm.ko with args ''
[   97.174114][  T403] dlkm_loader: Loaded kernel module /vendor/lib/modules/pl111_drm.ko
[   97.193334][  T403] dlkm_loader: Loading module /vendor/lib/modules/psmouse.ko with args ''
[   97.264705][  T403] dlkm_loader: Loaded kernel module /vendor/lib/modules/psmouse.ko
[   97.286551][  T403] dlkm_loader: Loading module /vendor/lib/modules/pulse8-cec.ko with args ''
[   97.344350][  T403] dlkm_loader: Loaded kernel module /vendor/lib/modules/pulse8-cec.ko
[   97.373606][  T403] dlkm_loader: Loading module /vendor/lib/modules/rtc-test.ko with args ''
[   97.459364][  T403] rtc-test rtc-test.0: registered as rtc1
[   97.530766][  T403] rtc-test rtc-test.1: registered as rtc2
[   97.549648][  T403] rtc-test rtc-test.2: registered as rtc3
[   97.568725][  T403] dlkm_loader: Loaded kernel module /vendor/lib/modules/rtc-test.ko
[   97.582830][  T403] dlkm_loader: Loading module /vendor/lib/modules/scmi_iio.ko with args ''
[   97.707552][    T1] init: Command 'mount pstore pstore /sys/fs/pstore nodev noexec nosuid' action=init (/system/etc/init/hw/init.rc:414) took 681ms and succeeded
[   97.730722][  T403] dlkm_loader: Loaded kernel module /vendor/lib/modules/scmi_iio.ko
[   97.737988][  T403] dlkm_loader: module snd_aloop is blocklisted
[   97.748854][  T403] dlkm_loader: LoadWithAliases was unable to load snd_aloop, tried: snd_aloop
[   97.765396][  T403] dlkm_loader: Loading module /vendor/lib/modules/system_heap.ko with args ''
[   97.879823][  T403] dlkm_loader: Loaded kernel module /vendor/lib/modules/system_heap.ko
[   97.885322][  T403] dlkm_loader: Loading module /vendor/lib/modules/usbip-core.ko with args ''
[   97.908820][    T1] init: Command 'write /dev/cpu_variant:${ro.bionic.2nd_arch} ${ro.bionic.2nd_cpu_variant}' action=init (/system/etc/init/hw/init.rc:440) took 0ms and failed: property 'ro.bionic.2nd_arch' doesn't exist while expanding '/dev/cpu_variant:${ro.bionic.2nd_arch}'
[   97.910336][    T1] init: Command 'chmod 0444 /dev/cpu_variant:${ro.bionic.2nd_arch}' action=init (/system/etc/init/hw/init.rc:441) took 0ms and failed: property 'ro.bionic.2nd_arch' doesn't exist while expanding '/dev/cpu_variant:${ro.bionic.2nd_arch}'
[   97.932087][    T1] init: starting service 'logd'...
[   98.003376][  T403] dlkm_loader: Loaded kernel module /vendor/lib/modules/usbip-core.ko
[   98.031317][  T403] dlkm_loader: Loading module /vendor/lib/modules/v4l2-tpg.ko with args ''
[   98.035082][    T1] init: Created socket '/dev/socket/logd', mode 666, user 1036, group 1036
[   98.048677][    T1] init: Created socket '/dev/socket/logdr', mode 666, user 1036, group 1036
[   98.052861][    T1] init: Created socket '/dev/socket/logdw', mode 222, user 1036, group 1036
[   98.213245][    T1] libprocessgroup: Created cgroup /sys/fs/cgroup/system/uid_1036
[   98.218232][  T403] dlkm_loader: Loaded kernel module /vendor/lib/modules/v4l2-tpg.ko
[   98.224720][  T403] dlkm_loader: Loading module /vendor/lib/modules/v4l2loopback.ko with args ''
[   98.232544][    T1] libprocessgroup: Created cgroup /sys/fs/cgroup/system/uid_1036/pid_409
[   98.404985][  T403] v4l2loopback driver version 0.12.7 loaded
[   98.453789][  T403] dlkm_loader: Loaded kernel module /vendor/lib/modules/v4l2loopback.ko
[   98.492166][  T403] dlkm_loader: Loading module /vendor/lib/modules/vexpress-sysreg.ko with args ''
[   98.540562][    T1] init: ... started service 'logd' has pid 409
[   98.547390][    T1] init: Command 'start logd' action=init (/system/etc/init/hw/init.rc:454) took 632ms and succeeded
[   98.613219][    T1] init: starting service 'lmkd'...
[   98.627585][    T1] init: Created socket '/dev/socket/lmkd', mode 660, user 1000, group 1000
[   98.812267][  T403] dlkm_loader: Loaded kernel module /vendor/lib/modules/vexpress-sysreg.ko
[   98.841552][  T403] dlkm_loader: Loading module /vendor/lib/modules/vhci-hcd.ko with args ''
[   98.883081][    T1] libprocessgroup: Created cgroup /sys/fs/cgroup/system/uid_1069
[   98.901219][    T1] libprocessgroup: Created cgroup /sys/fs/cgroup/system/uid_1069/pid_410
[   99.065078][  T403] vhci_hcd vhci_hcd.0: USB/IP Virtual Host Controller
[   99.086401][  T403] vhci_hcd vhci_hcd.0: new USB bus registered, assigned bus number 2
[   99.132258][  T403] vhci_hcd: created sysfs vhci_hcd.0
[   99.137826][  T403] usb usb2: New USB device found, idVendor=1d6b, idProduct=0002, bcdDevice= 6.12
[   99.144937][  T403] usb usb2: New USB device strings: Mfr=3, Product=2, SerialNumber=<SERIAL>
[   99.151988][  T403] usb usb2: Product: USB/IP Virtual Host Controller
[   99.154726][  T403] usb usb2: Manufacturer: Linux 6.12.74-android16-6-g3ec022196c4e-ab15076761-4k vhci_hcd
[   99.165738][    T1] init: ... started service 'lmkd' has pid 410
[   99.165424][  T403] usb usb2: SerialNumber: <SERIAL>
[   99.176785][    T1] init: Command 'start lmkd' action=init (/system/etc/init/hw/init.rc:461) took 584ms and succeeded
[   99.182285][  T403] hub 2-0:1.0: USB hub found
[   99.214116][  T403] hub 2-0:1.0: 8 ports detected
[   99.290803][  T403] vhci_hcd vhci_hcd.0: USB/IP Virtual Host Controller
[   99.300527][  T403] vhci_hcd vhci_hcd.0: new USB bus registered, assigned bus number 3
[   99.307232][  T403] usb usb3: We don't know the algorithms for LPM for this host, disabling LPM.
[   99.314256][  T403] usb usb3: New USB device found, idVendor=1d6b, idProduct=0003, bcdDevice= 6.12
[   99.326018][  T403] usb usb3: New USB device strings: Mfr=3, Product=2, SerialNumber=<SERIAL>
[   99.334972][  T403] usb usb3: Product: USB/IP Virtual Host Controller
[   99.339053][  T403] usb usb3: Manufacturer: Linux 6.12.74-android16-6-g3ec022196c4e-ab15076761-4k vhci_hcd
[   99.346615][  T403] usb usb3: SerialNumber: <SERIAL>
[   99.374665][  T403] hub 3-0:1.0: USB hub found
[   99.375428][  T403] hub 3-0:1.0: 8 ports detected
[   99.390640][  T403] dlkm_loader: Loaded kernel module /vendor/lib/modules/vhci-hcd.ko
[   99.407667][    T1] init: starting service 'servicemanager'...
[   99.424587][  T403] dlkm_loader: Loading module /vendor/lib/modules/virt_wifi.ko with args ''
[   99.700790][    T1] libprocessgroup: Created cgroup /sys/fs/cgroup/system/uid_1000/pid_411
[   99.953628][  T403] dlkm_loader: Loaded kernel module /vendor/lib/modules/virt_wifi.ko
[   99.998241][  T403] dlkm_loader: Loading module /vendor/lib/modules/virtio-media.ko with args ''
[  100.181487][  T403] dlkm_loader: Loaded kernel module /vendor/lib/modules/virtio-media.ko
[  100.215659][  T403] dlkm_loader: Loading module /vendor/lib/modules/virtio_mmio.ko with args ''
[  100.344823][    T1] init: ... started service 'servicemanager' has pid 411
[  100.356333][    T1] init: Command 'start servicemanager' action=init (/system/etc/init/hw/init.rc:464) took 1137ms and succeeded
[  100.358820][  T403] dlkm_loader: Loaded kernel module /vendor/lib/modules/virtio_mmio.ko
[  100.367865][  T403] dlkm_loader: Loading module /vendor/lib/modules/virtio_pmem.ko with args ''
[  100.373505][    T1] init: starting service 'hwservicemanager'...
[  100.580171][    T1] libprocessgroup: Created cgroup /sys/fs/cgroup/system/uid_1000/pid_412
[  101.301216][    T1] init: ... started service 'hwservicemanager' has pid 412
[  101.365119][    T1] init: Command 'start hwservicemanager' action=init (/system/etc/init/hw/init.rc:465) took 994ms and succeeded
[  101.382304][  T397] nd_pmem namespace0.0: unable to guarantee persistence of writes
[  101.535232][    T1] init: Command 'start vndservicemanager' action=init (/system/etc/init/hw/init.rc:466) took 27ms and failed: service vndservicemanager not found
[  101.757274][  T403] dlkm_loader: Loaded kernel module /vendor/lib/modules/virtio_pmem.ko
[  101.759131][  T397] nd_pmem namespace1.0: unable to guarantee persistence of writes
[  101.801882][  T403] dlkm_loader: Loading module /vendor/lib/modules/virtio_snd.ko with args ''
[  103.459972][    T1] init: Command 'mkdir <HOST_PATH> 0770 system system' action=init (/system/etc/init/hw/init.rc:474) took 58ms and succeeded
[  103.507536][    T1] init: processing action (ro.debuggable=1 && init) from (/system/etc/init/hw/init.rc:1306)
[  103.548810][    T1] init: starting service 'console'...
[  103.752159][  T403] dlkm_loader: Loaded kernel module /vendor/lib/modules/virtio_snd.ko
[  103.805396][  T403] dlkm_loader: Loading module /vendor/lib/modules/virtual-cpufreq.ko with args ''
[  104.136835][    T1] libprocessgroup: Created cgroup /sys/fs/cgroup/system/uid_2000
[  104.737055][    T1] libprocessgroup: Created cgroup /sys/fs/cgroup/system/uid_2000/pid_414
[  104.799205][  T403] dlkm_loader: Loaded kernel module /vendor/lib/modules/virtual-cpufreq.ko
[  104.833759][  T403] dlkm_loader: module vivid is blocklisted
[  104.854583][  T403] dlkm_loader: LoadWithAliases was unable to load vivid, tried: vivid
[  104.881869][  T403] dlkm_loader: module vkms is blocklisted
[  104.895501][  T403] dlkm_loader: LoadWithAliases was unable to load vkms, tried: vkms
[  105.106283][  T403] dlkm_loader: module load count is 44
[  105.458582][    T1] init: ... started service 'console' has pid 414
[  105.469774][    T1] init: Command 'start console' action=ro.debuggable=1 && init (/system/etc/init/hw/init.rc:1307) took 1952ms and succeeded
[  105.482774][    T1] init: processing action (ro.product.cpu.abilist64=* && init) from (/system/etc/init/hw/init.boringssl.zygote64.rc:1)
[  105.709285][    T1] init: starting service 'boringssl_self_test64'...
[  106.663581][    T1] libprocessgroup: Created cgroup /sys/fs/cgroup/system/uid_9999
[  107.174686][  T411] servicemanager: Starting sm instance on /dev/binder
[  107.652547][    T1] libprocessgroup: Created cgroup /sys/fs/cgroup/system/uid_9999/pid_420
[  108.119571][    T1] init: ... started service 'boringssl_self_test64' has pid 420
[  108.141738][    T1] init: SVC_EXEC service 'boringssl_self_test64' pid 420 (uid 9999 gid 0+0 context default) started; waiting...
[  108.150878][    T1] init: Command 'exec_start boringssl_self_test64' action=ro.product.cpu.abilist64=* && init (/system/etc/init/hw/init.boringssl.zygote64.rc:2) took 2624ms and succeeded
[  108.164374][  T411] SELinux: Multiple same specifications for android.hardware.secure_element.ISecureElement/eSE1.
[  108.168497][    T1] init: Service 'vendor.dlkm_loader' (pid 403) exited with status 0 oneshot service took 17.131001 seconds in background
[  108.204158][  T411] SELinux: SELinux: Loaded service context from:
[  108.208108][    T1] init: Sending SIGKILL to service 'vendor.dlkm_loader' (pid 403) process group...
[  108.211224][  T411] SELinux: 		/system/etc/selinux/plat_service_contexts
[  108.211226][  T411] SELinux: 		/system_ext/etc/selinux/system_ext_service_contexts
[  108.211228][  T411] SELinux: 		/product/etc/selinux/product_service_contexts
[  108.211229][  T411] SELinux: 		/vendor/etc/selinux/vendor_service_contexts
[  108.234110][    T1] libprocessgroup: Removed cgroup /sys/fs/cgroup/system/uid_0/pid_403
[  108.265810][  T411] SELinux: 		/odm/etc/selinux/odm_service_contexts
[  109.741375][  T409] logd: libprocessgroup: A JoinCgroup action in the SystemMemoryProcess profile is used for controller memory in the cgroup v2 hierarchy and will be ignored
[  111.761702][    T1] init: Service 'console' (pid 414) exited with status 0
[  111.786776][    T1] init: Sending SIGKILL to service 'console' (pid 414) process group...
[  111.866316][    T1] libprocessgroup: Removed cgroup /sys/fs/cgroup/system/uid_2000/pid_414
[  112.872033][    T1] init: Service 'boringssl_self_test64' (pid 420) exited with status 0 waiting took 6.512000 seconds
[  112.905734][    T1] init: Sending SIGKILL to service 'boringssl_self_test64' (pid 420) process group...
[  113.392434][    T1] libprocessgroup: Removed cgroup /sys/fs/cgroup/system/uid_9999/pid_420
[  113.548516][  T409] logd.auditd: start
[  113.566989][  T409] logd.klogd: 101851844168
[  113.671786][    T1] init: processing action (ro.board.api_level=202604 && init) from (/system/etc/init/android.system.suspend-service.rc:7)
[  113.731527][    T1] init: processing action (init) from (/system/etc/init/audioserver.rc:66)
[  113.874266][    T1] init: Command 'mkdir /dev/socket/audioserver 0775 audioserver audioserver' action=init (/system/etc/init/audioserver.rc:67) took 85ms and succeeded
[  113.885571][    T1] init: processing action (init) from (/system/etc/init/perfetto.rc:163)
[  114.052490][    T1] init: Command 'setprop debug.renderengine.skia_tracing_enabled false' action=init (/system/etc/init/perfetto.rc:167) took 85ms and succeeded
[  114.125413][    T1] init: processing action (init) from (/vendor/etc/init/init.cutf_cvm.rc:23)
[  114.192504][  T409] logd: Loaded bug_map file: /system_ext/etc/selinux/bug_map
[  114.228573][  T409] logd: Loaded bug_map file: /vendor/etc/selinux/selinux_denial_metadata
[  114.290728][    T1] init: Command 'write /sys/block/zram0/comp_algorithm lz4' action=init (/vendor/etc/init/init.cutf_cvm.rc:25) took 150ms and succeeded
[  114.463756][    T1] init: Command 'mkdir /dev/cpuctl/foreground' action=init (/vendor/etc/init/init.cutf_cvm.rc:28) took 144ms and succeeded
[  114.492703][  T409] logd: Loaded bug_map file: /system/etc/selinux/bug_map
[  114.744298][    T1] init: Command 'chmod 0664 /dev/cpuctl/tasks' action=init (/vendor/etc/init/init.cutf_cvm.rc:42) took 89ms and succeeded
[  114.878199][    T1] init: Command 'chmod 0664 /dev/cpuctl/foreground/tasks' action=init (/vendor/etc/init/init.cutf_cvm.rc:43) took 87ms and succeeded
[  114.913789][    T1] init: processing action (init) from (/apex/com.google.cf.vulkan/etc/com.google.cf.vulkan.rc:4)
[  115.077435][    T1] init: Command 'setprop ro.vulkan.apex com.google.cf.vulkan' action=init (/apex/com.google.cf.vulkan/etc/com.google.cf.vulkan.rc:5) took 116ms and succeeded
[  115.097780][    T1] init: processing action (CopyRollbackLogs) from (<Builtin Action>:0)
[  115.113223][    T1] init: processing action (late-init) from (/system/etc/init/hw/init.rc:518)
[  115.275486][    T1] init: Command 'trigger zygote-start' action=late-init (/system/etc/init/hw/init.rc:543) took 60ms and succeeded
[  115.316429][    T1] init: processing action (late-init) from (/system/etc/init/atrace.rc:3)
[  115.652237][  T425] type=1403 audit(1791017586.852:2): auid=4294967295 ses=4294967295 lsm=selinux res=1
[  115.700057][  T425] type=1300 audit(1791017586.852:2): arch=c00000b7 syscall=64 success=yes exit=911737 a0=4 a1=b400007d22920680 a2=de979 a3=ffffffffffffffff items=0 ppid=0 auid=4294967295 uid=0 gid=0 euid=0 suid=0 fsuid=0 egid=0 sgid=0 fsgid=0 tty=(none) ses=4294967295 comm="init" exe="/system/bin/init" subj=u:r:kernel:s0 key=(null)
[  115.716485][  T425] type=1309 audit(1791017586.852:2): argc=1 a0="/system/bin/init"
[  115.717359][  T425] type=1327 audit(1791017586.852:2): proctitle=2F73797374656D2F62696E2F696E69740073656C696E75785F7365747570
[  115.718135][  T425] type=1320 audit(1791017586.852:2): 
[  115.719098][  T425] type=1404 audit(1791017587.232:3): enforcing=1 old_enforcing=0 auid=4294967295 ses=4294967295 enabled=1 old-enabled=1 lsm=selinux res=1
[  115.720066][  T425] type=1300 audit(1791017587.232:3): arch=c00000b7 syscall=64 success=yes exit=1 a0=4 a1=7fd9fb9560 a2=1 a3=14 items=0 ppid=0 auid=4294967295 uid=0 gid=0 euid=0 suid=0 fsuid=0 egid=0 sgid=0 fsgid=0 tty=(none) ses=4294967295 comm="init" exe="/system/bin/init" subj=u:r:kernel:s0 key=(null)
[  115.729000][  T425] type=1327 audit(1791017587.232:3): proctitle=2F73797374656D2F62696E2F696E69740073656C696E75785F7365747570
[  115.753564][  T425] type=1320 audit(1791017587.232:3): 
[  115.757110][  T425] type=1305 audit(1791017635.900:4): op=set audit_pid=409 old=0 auid=4294967295 ses=4294967295 subj=u:r:logd:s0 res=1
[  115.762951][  T425] type=1300 audit(1791017635.900:4): arch=c00000b7 syscall=206 success=yes exit=60 a0=9 a1=7feaf7c880 a2=3c a3=0 items=0 ppid=1 auid=4294967295 uid=1036 gid=1036 euid=1036 suid=1036 fsuid=1036 egid=1036 sgid=1036 fsgid=1036 tty=(none) ses=4294967295 comm="logd" exe="/system/bin/logd" subj=u:r:logd:s0 key=(null)
[  115.773214][  T425] type=1327 audit(1791017635.900:4): proctitle="/system/bin/logd"
[  115.775236][  T425] type=1320 audit(1791017635.900:4): 
[  115.891721][    T1] init: Command 'copy /system/etc/ftrace_synthetic_events.conf /sys/kernel/tracing/synthetic_events' action=late-init (/system/etc/init/atrace.rc:290) took 82ms and succeeded
[  115.956574][    T1] init: processing action (ro.boot.fastboot.boottrace= && late-init) from (/system/etc/init/atrace.rc:309)
[  115.999041][    T1] init: processing action (queue_property_triggers) from (<Builtin Action>:0)
[  116.005141][    T1] init: processing action (early-fs) from (/system/etc/init/hw/init.rc:551)
[  116.039321][    T1] init: starting service 'vold'...
[  116.124422][    T1] libprocessgroup: Created cgroup /sys/fs/cgroup/system/uid_0/pid_426
[  116.247113][    T1] init: ... started service 'vold' has pid 426
[  116.254272][    T1] init: Command 'start vold' action=early-fs (/system/etc/init/hw/init.rc:553) took 232ms and succeeded
[  116.259006][    T1] init: processing action (fs) from (/system/etc/init/logd.rc:29)
[  116.311267][    T1] init: processing action (fs) from (/system/etc/init/wifi.rc:25)
[  116.358314][    T1] init: processing action (fs) from (/vendor/etc/init/init.cutf_cvm.rc:48)
[  116.605176][    T1] init: [libfs_mgr] Invalid ext4 superblock on '/dev/block/by-name/metadata'
[  116.646074][    T1] init: [libfs_mgr] mount_with_alternatives(): skipping mount due to invalid magic, mountpoint=/metadata blk_dev=/dev/block/vda6 rec[7].fs_type=ext4
[  116.662371][    T1] init: [libfs_mgr] Invalid ext4 superblock on '/dev/block/by-name/metadata'
[  116.674865][    T1] init: [libfs_mgr] mount_with_alternatives(): skipping mount due to invalid magic, mountpoint=/metadata blk_dev=/dev/block/vda6 rec[8].fs_type=ext4
[  116.680089][    T1] init: [libfs_mgr] fs_mgr_mount_all(): /dev/block/vda6 is wiped and /metadata ext4 is formattable. Format it.
[  116.708128][    T1] init: [libfs_mgr] fs_mgr_do_format: Format /dev/block/by-name/metadata as 'ext4'
[  117.469132][    T1] mke2fs: mke2fs 1.47.2 (1-Jan-2025)
[  118.237775][    T1] mke2fs: Discarding device blocks:     0/16384           done                            
[  118.431881][    T1] mke2fs: Creating filesystem with 16384 4k blocks and 16384 inodes
[  118.447502][    T1] mke2fs: 
[  118.466749][    T1] mke2fs: Allocating group tables: 0/1   done                            
[  118.562534][    T1] mke2fs: Writing inode tables: 0/1   done                            
[  118.826285][    T1] mke2fs: Creating journal (1024 blocks): done
[  119.106195][    T1] mke2fs: Writing superblocks and filesystem accounting information: 0/1   done
[  119.130870][    T1] mke2fs: 
[  121.155669][  T426] hw-ProcessState: HwBinder is not supported on this device but this process is calling setThreadPoolConfiguration
[  121.411752][    T1] e2fsdroid: Created filesystem with 11/16384 inodes and 3081/16384 blocks
[  122.013474][    T1] init: [libfs_mgr] superblock s_max_mnt_count:65535,/dev/block/by-name/metadata
[  122.131190][  T426] libbinder.BackendUnifiedServiceManager: Thread Pool max thread count is 0. Cannot cache binder as linkToDeath cannot be implemented. serviceName: vold
[  122.406200][  T411] servicemanager: getDeviceHalManifest: Reading VINTF information.
[  122.411518][    T1] EXT4-fs mount: 22 callbacks suppressed
[  122.412060][    T1] EXT4-fs (vda6): mounted filesystem 70a09521-57d0-4d67-8daa-8c26d24487fc r/w with ordered data mode. Quota mode: none.
[  122.444893][    T1] init: [libfs_mgr] check_fs(): mount(/dev/block/by-name/metadata,/metadata,ext4)=0: Success
[  122.545036][    T1] EXT4-fs (vda6): unmounting filesystem 70a09521-57d0-4d67-8daa-8c26d24487fc.
[  122.552586][  T411] servicemanager: Loaded APEX Infos from /apex/apex-info-list.xml
[  122.704582][    T1] init: [libfs_mgr] umount_retry(): unmount(/metadata) succeeded
[  122.765893][    T1] init: [libfs_mgr] Running /system/bin/e2fsck on /dev/block/vda6
[  122.772833][  T411] servicemanager: Loaded APEX Infos from /apex/apex-info-list.xml
[  122.779689][  T411] servicemanager: getDeviceHalManifest: Successfully processed VINTF information
[  122.788352][  T411] servicemanager: getFrameworkHalManifest: Reading VINTF information.
[  122.828338][  T411] servicemanager: Loaded APEX Infos from /apex/apex-info-list.xml
[  122.888359][  T411] servicemanager: getFrameworkHalManifest: Successfully processed VINTF information
[  122.917400][  T411] servicemanager: Caller(pid=426,uid=0,sid=u:r:vold:s0) Found android.system.vold.IVold/default in framework VINTF manifest.
[  123.014674][  T411] servicemanager: Caller(pid=426,uid=0,sid=u:r:vold:s0) Found android.system.vold.IVold/default in framework VINTF manifest.
[  124.102147][    T1] e2fsck: /dev/block/by-name/metadata: clean, 11/16384 files, 3081/16384 blocks
[  124.224889][    T1] init: [libfs_mgr] fsck on /metadata took 2181ms
[  124.239441][    T1] init: [libfs_mgr] superblock s_max_mnt_count:65535,/dev/block/by-name/metadata
[  124.297575][    T1] init: [libfs_mgr] Enabling ext4 verity on /dev/block/by-name/metadata
[  124.820686][    T1] tune2fs: tune2fs 1.47.2 (1-Jan-2025)
[  125.115452][    T1] EXT4-fs (vda6): mounted filesystem 70a09521-57d0-4d67-8daa-8c26d24487fc r/w with ordered data mode. Quota mode: none.
[  125.163746][    T1] init: [libfs_mgr] __mount(source=/dev/block/by-name/metadata,target=/metadata,type=ext4)=0: Success
[  125.253448][    T1] init: [libfs_mgr] mount_with_alternatives(): skipping fstab dup mountpoint=/metadata rec[8].fs_type=ext4 already mounted as ext4
[  125.614103][    T1] virtio-fs: tag <shared> not found
[  125.643751][    T1] init: [libfs_mgr] __mount(source=shared,target=<HOST_PATH>,type=virtiofs)=-1: Invalid argument
[  125.691315][    T1] init: [libfs_mgr] fsck on <HOST_PATH> took 26ms
[  125.696267][    T1] virtio-fs: tag <shared> not found
[  125.698484][    T1] init: [libfs_mgr] __mount(source=shared,target=<HOST_PATH>,type=virtiofs)=-1: Invalid argument
[  125.708456][    T1] init: [libfs_mgr] Ignoring failure to mount an un-encryptable, interrupted, or wiped partition on shared at <HOST_PATH> options: : No such file or directory
[  125.726347][    T1] init: Command 'mount_all --early' action=fs (/vendor/etc/init/init.cutf_cvm.rc:52) took 9309ms and succeeded
[  125.941240][    T1] init: processing action (post-fs) from (/system/etc/init/hw/init.rc:555)
[  125.956408][    T1] init: starting service 'exec 4 (/system/bin/vdc checkpoint markBootAttempt)'...
[  126.037816][    T1] libprocessgroup: Created cgroup /sys/fs/cgroup/system/uid_1000/pid_439
[  126.063861][    T1] init: ... started service 'exec 4 (/system/bin/vdc checkpoint markBootAttempt)' has pid 439
[  126.073996][    T1] init: SVC_EXEC service 'exec 4 (/system/bin/vdc checkpoint markBootAttempt)' pid 439 (uid 1000 gid 1000+0 context default) started; waiting...
[  126.079340][    T1] init: Command 'exec - system system -- /system/bin/vdc checkpoint markBootAttempt' action=post-fs (/system/etc/init/hw/init.rc:556) took 133ms and succeeded
[  126.317772][  T439] libbinder.BackendUnifiedServiceManager: Thread Pool max thread count is 0. Cannot cache binder as linkToDeath cannot be implemented. serviceName: vold
[  126.530005][    T1] init: Service 'exec 4 (/system/bin/vdc checkpoint markBootAttempt)' (pid 439) exited with status 0 waiting took 0.501000 seconds
[  126.533346][    T1] init: Sending SIGKILL to service 'exec 4 (/system/bin/vdc checkpoint markBootAttempt)' (pid 439) process group...
[  126.560407][    T1] libprocessgroup: Removed cgroup /sys/fs/cgroup/system/uid_1000/pid_439
[  126.675844][    T1] init: Command 'chown system cache /cache' action=post-fs (/system/etc/init/hw/init.rc:571) took 1ms and failed: lchown() failed: Read-only file system
[  126.676820][    T1] init: Command 'chmod 0770 /cache' action=post-fs (/system/etc/init/hw/init.rc:572) took 0ms and failed: fchmodat() failed: Read-only file system
[  126.785098][    T1] init: Command 'restorecon_recursive /metadata' action=post-fs (/system/etc/init/hw/init.rc:611) took 90ms and succeeded
[  126.935859][    T1] init: Command 'mkdir /metadata/vold' action=post-fs (/system/etc/init/hw/init.rc:612) took 147ms and succeeded
[  126.986348][    T1] init: processing action (post-fs) from (/system/etc/init/aconfigd.rc:33)
[  126.995542][    T1] init: starting service 'system_aconfigd_platform_init'...
[  127.063912][    T1] libprocessgroup: Created cgroup /sys/fs/cgroup/system/uid_1000/pid_440
[  127.150356][    T1] init: ... started service 'system_aconfigd_platform_init' has pid 440
[  127.151131][    T1] init: SVC_EXEC service 'system_aconfigd_platform_init' pid 440 (uid 1000 gid 1000+0 context default) started; waiting...
[  127.151994][    T1] init: Command 'exec_start system_aconfigd_platform_init' action=post-fs (/system/etc/init/aconfigd.rc:38) took 161ms and succeeded
[  128.194371][    T1] init: Service 'system_aconfigd_platform_init' (pid 440) exited with status 0 waiting took 1.139000 seconds
[  128.199605][    T1] init: Sending SIGKILL to service 'system_aconfigd_platform_init' (pid 440) process group...
[  128.224990][    T1] libprocessgroup: Removed cgroup /sys/fs/cgroup/system/uid_1000/pid_440
[  128.276291][    T1] init: processing action (post-fs) from (/system/etc/init/atrace_userdebug.rc:7)
[  128.297753][    T1] init: processing action (post-fs) from (/system/etc/init/gsid.rc:8)
[  128.318300][    T1] init: processing action (post-fs) from (/system/etc/init/recovery-refresh.rc:1)
[  128.337107][    T1] init: starting service 'exec 5 (/system/bin/recovery-refresh)'...
[  128.399583][    T1] libprocessgroup: Created cgroup /sys/fs/cgroup/system/uid_1000/pid_441
[  128.427869][    T1] init: ... started service 'exec 5 (/system/bin/recovery-refresh)' has pid 441
[  128.435472][    T1] init: Command 'exec_background - system log -- /system/bin/recovery-refresh' action=post-fs (/system/etc/init/recovery-refresh.rc:2) took 114ms and succeeded
[  128.440291][    T1] init: processing action (late-fs) from (/system/etc/init/hw/init.rc:635)
[  128.449164][    T1] init: starting service 'system_suspend'...
[  128.478651][    T1] libprocessgroup: Created cgroup /sys/fs/cgroup/system/uid_1000/pid_442
[  128.550425][    T1] init: ... started service 'system_suspend' has pid 442
[  128.555897][    T1] init: starting service 'keystore2'...
[  128.579458][    T1] libprocessgroup: Created cgroup /sys/fs/cgroup/system/uid_1017
[  128.614366][    T1] libprocessgroup: Created cgroup /sys/fs/cgroup/system/uid_1017/pid_443
[  128.660472][    T1] init: ... started service 'keystore2' has pid 443
[  128.669439][    T1] init: starting service 'suspend_blocker'...
[  128.948675][    T1] libprocessgroup: Created cgroup /sys/fs/cgroup/system/uid_0/pid_444
[  129.114875][    T1] init: ... started service 'suspend_blocker' has pid 444
[  129.160215][    T1] init: starting service 'vendor.boot-default'...
[  129.248540][    T1] libprocessgroup: Created cgroup /sys/fs/cgroup/system/uid_0/pid_445
[  129.633510][    T1] init: ... started service 'vendor.boot-default' has pid 445
[  129.742290][    T1] init: starting service 'vendor.gatekeeper_nonsecure'...
[  130.262826][    T1] libprocessgroup: Created cgroup /sys/fs/cgroup/system/uid_1000/pid_448
[  130.266130][  T411] servicemanager: Caller(pid=442,uid=1000,sid=u:r:system_suspend:s0) Found android.system.suspend.ISystemSuspend/default in framework VINTF manifest.
[  130.452527][    T1] init: ... started service 'vendor.gatekeeper_nonsecure' has pid 448
[  130.556695][    T1] init: starting service 'vendor.keymint-default'...
[  131.099542][    T1] libprocessgroup: Created cgroup /sys/fs/cgroup/system/uid_9999/pid_449
[  131.540495][  T411] servicemanager: Caller(pid=444,uid=0,sid=u:r:suspend_blocker:s0) Found android.system.suspend.ISystemSuspend/default in framework VINTF manifest.
[  131.926538][  T445] android.hardware.boot-service.default: [libfstab] Using Android DT directory /proc/device-tree/firmware/android/
[  131.978363][    T1] init: ... started service 'vendor.keymint-default' has pid 449
[  131.993259][    T1] init: Command 'class_start early_hal' action=late-fs (/system/etc/init/hw/init.rc:642) took 3547ms and succeeded
[  132.011103][    T1] init: Service 'exec 5 (/system/bin/recovery-refresh)' (pid 441) exited with status 254 oneshot service took 3.615000 seconds in background
[  132.038429][    T1] init: Sending SIGKILL to service 'exec 5 (/system/bin/recovery-refresh)' (pid 441) process group...
[  132.202912][    T1] libprocessgroup: Removed cgroup /sys/fs/cgroup/system/uid_1000/pid_441
[  132.371704][    T1] init: processing action (late-fs) from (/system/etc/init/hw/init.rc:649)
[  132.683719][    T1] init: Command 'setprop bootreceiver.enable ${bootreceiver.enable:-1}' action=late-fs (/system/etc/init/hw/init.rc:651) took 270ms and succeeded
[  132.738356][    T1] init: processing action (late-fs) from (/vendor/etc/init/init.cutf_cvm.rc:71)
[  132.924404][    T1] init: Calling: /system/bin/vdc checkpoint needsCheckpoint
[  133.478915][  T411] servicemanager: Caller(pid=445,uid=0,sid=u:r:hal_bootctl_default:s0) Found android.hardware.boot.IBootControl/default in device VINTF manifest.
[  133.496363][  T445] libbinder.BackendUnifiedServiceManager: Thread Pool max thread count is 0. Cannot cache binder as linkToDeath cannot be implemented. serviceName: android.hardware.boot.IBootControl/default
[  133.509829][  T445] android.hardware.boot-service.default: IBootControl AIDL service running...
[  133.787308][  T450] libbinder.BackendUnifiedServiceManager: Thread Pool max thread count is 0. Cannot cache binder as linkToDeath cannot be implemented. serviceName: vold
[  134.069598][  T411] servicemanager: Caller(pid=426,uid=0,sid=u:r:vold:s0) Found android.hardware.boot.IBootControl/default in device VINTF manifest.
[  135.078738][    T1] vdc: vdc terminated by exit(1)
[  135.087232][    T1] vdc: 
[  135.220380][    T1] init: [libfs_mgr] Running /system/bin/fsck.f2fs -a -c 10000 --debug-cache /dev/block/by-name/userdata
[  138.720624][    T1] fsck.f2fs: Info: Automatic fix mode enabled.
[  140.351304][    T1] fsck.f2fs: Info: not exist /proc/version!
[  140.481801][    T1] fsck.f2fs: Info: MKFS version
[  140.487562][    T1] fsck.f2fs:   "6.17.0-1008-gcp"
[  140.490021][    T1] fsck.f2fs: Info: FSCK version
[  140.498514][    T1] fsck.f2fs:   from "6.17.0-1008-gcp"
[  140.502016][    T1] fsck.f2fs:     to "6.12.74-android16-6-g3ec022196c4e-ab15076761-4k"
[  140.593223][    T1] fsck.f2fs: Info: superblock features = 3499 :  encrypt extra_attr project_quota quota verity casefold compression
[  140.632488][    T1] fsck.f2fs: Info: superblock encrypt level = 0, salt = 00000000000000000000000000000000
[  140.675539][    T1] fsck.f2fs: Info: Segments per section = 1
[  140.687107][    T1] fsck.f2fs: Info: Sections per zone = 1
[  140.712417][    T1] fsck.f2fs: Info: total FS sectors = 16777216 (8192 MB)
[  140.919725][    T1] fsck.f2fs: Info: CKPT version = 7847aff1
[  141.035430][  T411] servicemanager: Caller(pid=448,uid=1000,sid=u:r:hal_gatekeeper_default:s0) Found android.hardware.security.sharedsecret.ISharedSecret/gatekeeper in device VINTF manifest.
[  141.036912][    T1] fsck.f2fs: Info: Casefold: linear_lookup [disable]
[  141.055638][    T1] fsck.f2fs: Info: version timestamp cur: 0, prev: 0
[  141.060109][    T1] fsck.f2fs: [update_superblock: 935] Info: Done to update superblock
[  141.090557][  T448] libbinder.BackendUnifiedServiceManager: Thread Pool max thread count is 0. Cannot cache binder as linkToDeath cannot be implemented. serviceName: android.hardware.security.sharedsecret.ISharedSecret/gatekeeper
[  141.136372][    T1] fsck.f2fs: Info: checkpoint state = 81 :  nat_bits unmount
[  141.154211][    T1] fsck.f2fs: Info: No error was reported
[  141.169563][    T1] fsck.f2fs: 
[  141.193382][    T1] fsck.f2fs: c, u, RA, CH, CM, Repl=
[  141.198411][    T1] fsck.f2fs: 10000 10 10 0 10 0
[  141.352088][  T411] servicemanager: Caller(pid=448,uid=1000,sid=u:r:hal_gatekeeper_default:s0) Found android.hardware.gatekeeper.IGatekeeper/default in device VINTF manifest.
[  141.528290][  T448] libbinder.BackendUnifiedServiceManager: Thread Pool max thread count is 0. Cannot cache binder as linkToDeath cannot be implemented. serviceName: android.hardware.gatekeeper.IGatekeeper/default
[  141.605716][    T1] init: [libfs_mgr] fsck on /data took 6430ms
[  141.610719][    T1] init: Mount point /dev/block/by-name/userdata @ /data uses metadata encryption, which means we need to unmount it later and call encryptFstab/encrypt_inplace. To avoid file operations before encryption, we will mount it as read-only first
[  141.759115][    T1] F2FS-fs (vda9): Using encoding defined by superblock: utf8-12.1.0 with flags 0x2
[  142.612373][    T1] F2FS-fs (vda9): checkpoint=disable on readonly fs
[  142.906512][    T1] init: [libfs_mgr] Kernel does not support ,nodiscard,checkpoint=disable:0%, trying without.: Invalid argument
[  143.026290][    T1] F2FS-fs (vda9): Using encoding defined by superblock: utf8-12.1.0 with flags 0x2
[  143.438621][    T1] F2FS-fs (vda9): checkpoint=disable on readonly fs
[  143.538874][    T1] init: [libfs_mgr] Kernel does not support ,nodiscard,checkpoint=disable, trying without.: Invalid argument
[  143.583266][    T1] F2FS-fs (vda9): Using encoding defined by superblock: utf8-12.1.0 with flags 0x2
[  143.594134][  T411] servicemanager: Caller(pid=449,uid=9999,sid=u:r:hal_keymint_default:s0) Found android.hardware.security.keymint.IKeyMintDevice/default in device VINTF manifest.
[  143.752462][  T411] servicemanager: Caller(pid=449,uid=9999,sid=u:r:hal_keymint_default:s0) Found android.hardware.security.keymint.IRemotelyProvisionedComponent/default in device VINTF manifest.
[  144.026187][    T1] F2FS-fs (vda9): Mounted with checkpoint version = 7847aff1
[  144.075411][  T411] servicemanager: Caller(pid=449,uid=9999,sid=u:r:hal_keymint_default:s0) Found android.hardware.security.secureclock.ISecureClock/default in device VINTF manifest.
[  144.090474][    T1] init: [libfs_mgr] __mount(source=/dev/block/by-name/userdata,target=/data,type=f2fs)=0: Success
[  144.278431][    T1] init: [libfs_mgr] mount_with_alternatives(): skipping fstab dup mountpoint=/data rec[6].fs_type=ext4 already mounted as f2fs
[  144.444658][  T411] servicemanager: Caller(pid=449,uid=9999,sid=u:r:hal_keymint_default:s0) Found android.hardware.security.sharedsecret.ISharedSecret/default in device VINTF manifest.
[  144.455922][    T1] init: [libfs_mgr] umount_retry(): unmount(/data) succeeded
[  144.474843][    T1] init: Calling: /system/bin/vdc cryptfs encryptFstab /dev/block/by-name/userdata /data false f2fs false 0  
[  146.970789][  T448] android.hardware.gatekeeper-service.nonsecure: Presented shared secret parameters with seed size 32 and nonce size 32
[  147.395402][  T448] android.hardware.gatekeeper-service.nonsecure: Computing shared secret
[  147.796242][  T411] servicemanager: Caller(pid=443,uid=1017,sid=u:r:keystore:s0) Found android.system.keystore2.IKeystoreService/default in framework VINTF manifest.
[  148.290728][  T456] libbinder.BackendUnifiedServiceManager: Thread Pool max thread count is 0. Cannot cache binder as linkToDeath cannot be implemented. serviceName: vold
[  150.048251][  T426] vold: keystore2 Keystore generateKey returned service specific error: -67
[  150.051062][  T426] vold: Failed to generate rollback-resistant key.  This is expected if keystore doesn't support rollback resistance.  Falling back to non-rollback-resistant key.
[  153.992754][  T426] fsck.f2fs: Info: Automatic fix mode enabled.
[  154.046234][  T426] fsck.f2fs: Info: not exist /proc/version!
[  154.051790][  T426] fsck.f2fs: Info: MKFS version
[  154.052054][  T426] fsck.f2fs:   "6.17.0-1008-gcp"
[  154.052241][  T426] fsck.f2fs: Info: FSCK version
[  154.052435][  T426] fsck.f2fs:   from "6.12.74-android16-6-g3ec022196c4e-ab15076761-4k"
[  154.052827][  T426] fsck.f2fs:     to "6.12.74-android16-6-g3ec022196c4e-ab15076761-4k"
[  154.053828][  T426] fsck.f2fs: Info: superblock features = 3499 :  encrypt extra_attr project_quota quota verity casefold compression
[  154.054332][  T426] fsck.f2fs: Info: superblock encrypt level = 0, salt = 00000000000000000000000000000000
[  154.055118][  T426] fsck.f2fs: [update_superblock: 935] Info: Done to update superblock
[  154.055409][  T426] fsck.f2fs: Info: Segments per section = 1
[  154.055678][  T426] fsck.f2fs: Info: Sections per zone = 1
[  154.056394][  T426] fsck.f2fs: Info: total FS sectors = 2097152 (8192 MB)
[  154.062470][  T426] fsck.f2fs: Info: CKPT version = 7847aff1
[  154.065829][  T426] fsck.f2fs: Info: Casefold: linear_lookup [disable]
[  154.066273][  T426] fsck.f2fs: Info: version timestamp cur: 0, prev: 0
[  154.066756][  T426] fsck.f2fs: [update_superblock: 935] Info: Done to update superblock
[  154.072637][  T426] fsck.f2fs: Info: checkpoint state = 81 :  nat_bits unmount
[  154.073088][  T426] fsck.f2fs: Info: No error was reported
[  154.073265][  T426] fsck.f2fs: 
[  154.073419][  T426] fsck.f2fs: c, u, RA, CH, CM, Repl=
[  154.073845][  T426] fsck.f2fs: 10000 10 10 0 10 0
[  154.099658][  T115] init: Unable to set property 'ro.boottime.init.fsck.data' from uid:0 gid:0 pid:426: Read-only property was already set
[  154.170006][  T426] F2FS-fs (dm-17): Using encoding defined by superblock: utf8-12.1.0 with flags 0x2
[  154.318215][  T426] F2FS-fs (dm-17): Start checkpoint disabled!
[  154.410925][  T426] F2FS-fs (dm-17): f2fs_disable_checkpoint() finish, err:0
[  154.422262][  T426] F2FS-fs (dm-17): Mounted with checkpoint version = 7847aff2
[  154.454209][  T115] init: Unable to set property 'ro.boottime.init.mount.data' from uid:0 gid:0 pid:426: Read-only property was already set
[  154.545889][  T426] libbinder.Binder: Binder transaction to android.os.IVold, function: encryptFstab, code: 41, took 6104ms. Data bytes: 168 Reply bytes: 4 Flags: 48
[  154.792157][    T1] init: Command 'mount_all --late' action=late-fs (/vendor/etc/init/init.cutf_cvm.rc:73) took 22047ms and succeeded
[  154.933841][  T116] GUEST_BUILD_FINGERPRINT: generic/aosp_cf_arm64_only_phone/vsoc_arm64_only:17/CP2A.260605.016/16373615:userdebug/test-keys
[  154.936682][    T1] init: processing action (post-fs-data) from (/system/etc/init/hw/init.rc:663)
[  154.945136][    T1] init: starting service 'exec 6 (/system/bin/vdc checkpoint prepareCheckpoint)'...
[  155.022210][    T1] libprocessgroup: Created cgroup /sys/fs/cgroup/system/uid_1000/pid_473
[  155.041525][    T1] init: ... started service 'exec 6 (/system/bin/vdc checkpoint prepareCheckpoint)' has pid 473
[  155.047081][    T1] init: SVC_EXEC service 'exec 6 (/system/bin/vdc checkpoint prepareCheckpoint)' pid 473 (uid 1000 gid 1000+0 context default) started; waiting...
[  155.053395][    T1] init: Command 'exec - system system -- /system/bin/vdc checkpoint prepareCheckpoint' action=post-fs-data (/system/etc/init/hw/init.rc:666) took 114ms and succeeded
[  155.199817][  T473] libbinder.BackendUnifiedServiceManager: Thread Pool max thread count is 0. Cannot cache binder as linkToDeath cannot be implemented. serviceName: vold
[  155.360448][    T1] init: Service 'exec 6 (/system/bin/vdc checkpoint prepareCheckpoint)' (pid 473) exited with status 0 waiting took 0.347000 seconds
[  155.366693][    T1] init: Sending SIGKILL to service 'exec 6 (/system/bin/vdc checkpoint prepareCheckpoint)' (pid 473) process group...
[  155.379419][    T1] libprocessgroup: Removed cgroup /sys/fs/cgroup/system/uid_1000/pid_473
[  155.558175][    T1] init: starting service 'exec 7 (/system/bin/vdc --wait cryptfs enablefilecrypto)'...
[  155.645568][    T1] libprocessgroup: Created cgroup /sys/fs/cgroup/system/uid_0/pid_475
[  155.670542][    T1] init: ... started service 'exec 7 (/system/bin/vdc --wait cryptfs enablefilecrypto)' has pid 475
[  155.679431][    T1] init: SVC_EXEC service 'exec 7 (/system/bin/vdc --wait cryptfs enablefilecrypto)' pid 475 (uid 0 gid 0+0 context default) started; waiting...
[  155.688788][    T1] init: Command 'installkey /data' action=post-fs-data (/system/etc/init/hw/init.rc:675) took 200ms and succeeded
[  155.815676][  T475] libbinder.BackendUnifiedServiceManager: Thread Pool max thread count is 0. Cannot cache binder as linkToDeath cannot be implemented. serviceName: vold
[  156.078876][  T426] vold: keystore2 Keystore generateKey returned service specific error: -67
[  156.083031][  T426] vold: Failed to generate rollback-resistant key.  This is expected if keystore doesn't support rollback resistance.  Falling back to non-rollback-resistant key.
[  156.348874][    T1] init: Service 'exec 7 (/system/bin/vdc --wait cryptfs enablefilecrypto)' (pid 475) exited with status 0 waiting took 0.719000 seconds
[  156.353194][    T1] init: Sending SIGKILL to service 'exec 7 (/system/bin/vdc --wait cryptfs enablefilecrypto)' (pid 475) process group...
[  156.382709][    T1] libprocessgroup: Removed cgroup /sys/fs/cgroup/system/uid_0/pid_475
[  156.593232][    T1] init: Encryption policy of /data/bootchart set to 53a3be4854a125d0f4e6bffe111be80c v2 modes 1/10 flags 0xa
[  156.602870][    T1] init: Command 'mkdir /data/bootchart 0755 shell shell encryption=Require' action=post-fs-data (/system/etc/init/hw/init.rc:679) took 163ms and succeeded
[  156.644825][    T1] fscrypt: AES-256-HCTR2 using implementation "hctr2_base(xctr-aes-ce,polyval-ce)"
[  156.660365][    T1] init: Command 'copy /data/system/entropy.dat /dev/urandom' action=post-fs-data (/system/etc/init/hw/init.rc:683) took 2ms and failed: Could not read input file '/data/system/entropy.dat': open() failed: No such file or directory
[  156.689339][    T1] init: Encryption policy of /data/vendor set to 53a3be4854a125d0f4e6bffe111be80c v2 modes 1/10 flags 0xa
[  156.694237][    T1] init: Encryption policy of /data/anr set to 53a3be4854a125d0f4e6bffe111be80c v2 modes 1/10 flags 0xa
[  156.696044][    T1] init: Encryption policy of /data/tombstones set to 53a3be4854a125d0f4e6bffe111be80c v2 modes 1/10 flags 0xa
[  156.708183][    T1] init: starting service 'tombstoned'...
[  156.717700][    T1] init: Created socket '/dev/socket/tombstoned_crash', mode 666, user 1000, group 1000
[  156.719585][    T1] init: Created socket '/dev/socket/tombstoned_intercept', mode 666, user 1000, group 1000
[  156.721650][    T1] init: Created socket '/dev/socket/tombstoned_java_trace', mode 666, user 1000, group 1000
[  156.784411][    T1] libprocessgroup: Created cgroup /sys/fs/cgroup/system/uid_1058
[  156.795564][    T1] libprocessgroup: Created cgroup /sys/fs/cgroup/system/uid_1058/pid_478
[  156.860782][    T1] init: ... started service 'tombstoned' has pid 478
[  156.865893][    T1] init: Command 'start tombstoned' action=post-fs-data (/system/etc/init/hw/init.rc:693) took 166ms and succeeded
[  156.869404][    T1] init: Command 'enter_default_mount_ns' action=post-fs-data (/system/etc/init/hw/init.rc:696) took 0ms and failed: Failed to switch to default mount namespace.: Invalid argument
[  156.873532][    T1] init: Encryption policy of /data/misc set to 53a3be4854a125d0f4e6bffe111be80c v2 modes 1/10 flags 0xa
[  156.907402][    T1] init: starting service 'exec 8 (/system/bin/vdc keymaster earlyBootEnded)'...
[  156.965932][    T1] libprocessgroup: Created cgroup /sys/fs/cgroup/system/uid_1000/pid_479
[  157.009668][    T1] init: ... started service 'exec 8 (/system/bin/vdc keymaster earlyBootEnded)' has pid 479
[  157.019453][    T1] init: SVC_EXEC service 'exec 8 (/system/bin/vdc keymaster earlyBootEnded)' pid 479 (uid 1000 gid 1000+0 context default) started; waiting...
[  157.022547][    T1] init: Command 'exec - system system -- /system/bin/vdc keymaster earlyBootEnded' action=post-fs-data (/system/etc/init/hw/init.rc:715) took 120ms and succeeded
[  157.507388][  T479] libbinder.BackendUnifiedServiceManager: Thread Pool max thread count is 0. Cannot cache binder as linkToDeath cannot be implemented. serviceName: vold
[  158.796324][  T472] fscrypt: AES-256-XTS using blk-crypto-fallback
[  161.013208][  T426] libbinder.Binder: Binder transaction to android.os.IVold, function: earlyBootEnded, code: 68, took 3445ms. Data bytes: 52 Reply bytes: 4 Flags: 48
[  161.075888][    T1] init: Service 'exec 8 (/system/bin/vdc keymaster earlyBootEnded)' (pid 479) exited with status 0 waiting took 4.116000 seconds
[  161.077402][    T1] init: Sending SIGKILL to service 'exec 8 (/system/bin/vdc keymaster earlyBootEnded)' (pid 479) process group...
[  161.094207][    T1] libprocessgroup: Removed cgroup /sys/fs/cgroup/system/uid_1000/pid_479
[  161.155844][    T1] init: Encryption policy of /data/property set to 53a3be4854a125d0f4e6bffe111be80c v2 modes 1/10 flags 0xa
[  161.156961][    T1] init: Command 'mkdir /data/property 0700 root root encryption=Require' action=post-fs-data (/system/etc/init/hw/init.rc:721) took 57ms and succeeded
[  161.214481][  T114] init: Could not load single persistent property file, trying legacy directory: Unable to read persistent property file: open() failed: No such file or directory
[  161.273318][  T114] init: Wait for property 'ro.persistent_properties.ready=true' took 73ms
[  161.292266][    T1] init: starting service 'logd-reinit'...
[  161.367674][    T1] libprocessgroup: Created cgroup /sys/fs/cgroup/system/uid_1036/pid_482
[  161.428347][    T1] init: ... started service 'logd-reinit' has pid 482
[  161.434960][    T1] init: Command 'start logd-reinit' action=post-fs-data (/system/etc/init/hw/init.rc:724) took 149ms and succeeded
[  161.451905][    T1] init: Not setting encryption policy on: /data/apex
[  161.489308][    T1] init: Encryption policy of /data/apex/decompressed set to 53a3be4854a125d0f4e6bffe111be80c v2 modes 1/10 flags 0xa
[  161.494791][    T1] init: Encryption policy of /data/app-staging set to 53a3be4854a125d0f4e6bffe111be80c v2 modes 1/10 flags 0xa
[  161.504470][    T1] init: Encryption policy of /data/apex/ota_reserved set to 53a3be4854a125d0f4e6bffe111be80c v2 modes 1/10 flags 0xa
[  161.526457][    T1] init: starting service 'apexd'...
[  161.671447][    T1] libprocessgroup: Created cgroup /sys/fs/cgroup/system/uid_0/pid_483
[  161.827700][    T1] init: ... started service 'apexd' has pid 483
[  161.836902][    T1] init: Command 'restart apexd' action=post-fs-data (/system/etc/init/hw/init.rc:751) took 315ms and succeeded
[  161.952775][    T1] init: Command 'mkdir /data/misc/recovery 0770 system log' action=post-fs-data (/system/etc/init/hw/init.rc:754) took 85ms and succeeded
[  161.956705][  T423] logd: logd reinit
[  162.009342][    T1] init: Command 'copy /data/misc/recovery/ro.build.fingerprint /data/misc/recovery/ro.build.fingerprint.1' action=post-fs-data (/system/etc/init/hw/init.rc:755) took 19ms and failed: Could not read input file '/data/misc/recovery/ro.build.fingerprint': open() failed: No such file or directory
[  162.010303][  T423] logd: Cannot read /data/misc/logd/event-log-tags
[  162.078766][    T1] init: Command 'copy /data/misc/recovery/proc/version /data/misc/recovery/proc/version.1' action=post-fs-data (/system/etc/init/hw/init.rc:762) took 0ms and failed: Could not read input file '/data/misc/recovery/proc/version': open() failed: No such file or directory
[  162.084291][  T423] logd: FrameworkListener: read() failed (Connection reset by peer)
[  162.111259][    T1] init: Service 'logd-reinit' (pid 482) exited with status 0 oneshot service took 0.758000 seconds in background
[  162.118238][    T1] init: Sending SIGKILL to service 'logd-reinit' (pid 482) process group...
[  162.138221][    T1] libprocessgroup: Removed cgroup /sys/fs/cgroup/system/uid_1036/pid_482
[  162.253152][    T1] init: Encryption policy of /data/local set to 53a3be4854a125d0f4e6bffe111be80c v2 modes 1/10 flags 0xa
[  162.301884][    T1] init: starting service 'exec 9 (/bin/rm -rf /data/misc/virtualizationservice)'...
[  162.402340][    T1] libprocessgroup: Created cgroup /sys/fs/cgroup/system/uid_1081
[  162.422161][    T1] libprocessgroup: Created cgroup /sys/fs/cgroup/system/uid_1081/pid_484
[  162.456530][  T483] apexd: Started. subcommand = (null)
[  162.457138][    T1] init: ... started service 'exec 9 (/bin/rm -rf /data/misc/virtualizationservice)' has pid 484
[  162.468576][    T1] init: SVC_EXEC service 'exec 9 (/bin/rm -rf /data/misc/virtualizationservice)' pid 484 (uid 1081 gid 1000+0 context default) started; waiting...
[  162.475250][    T1] init: Command 'exec - virtualizationservice system -- /bin/rm -rf /data/misc/virtualizationservice' action=post-fs-data (/system/etc/init/hw/init.rc:844) took 182ms and succeeded
[  162.526746][  T483] libbinder.BackendUnifiedServiceManager: Thread Pool max thread count is 0. Cannot cache binder as linkToDeath cannot be implemented. serviceName: vold
[  162.651654][  T483] apexd: Scanning /system/apex for pre-installed ApexFiles
[  162.667626][  T483] apexd: Found pre-installed APEX /system/apex/com.android.adbd.apex
[  162.671303][  T483] apexd: Found pre-installed APEX /system/apex/com.android.adservices.apex
[  162.673922][  T483] apexd: Found pre-installed APEX /system/apex/com.android.apex.cts.shim.apex
[  162.675527][  T483] apexd: Found pre-installed APEX /system/apex/com.android.appsearch.apex
[  162.680175][  T483] apexd: Found pre-installed APEX /system/apex/com.android.art.apex
[  162.682771][  T483] apexd: Found pre-installed APEX /system/apex/com.android.bt.apex
[  162.685320][  T483] apexd: Found pre-installed APEX /system/apex/com.android.cellbroadcast.apex
[  162.689893][  T483] apexd: Found pre-installed APEX /system/apex/com.android.configinfrastructure.apex
[  162.693388][  T483] apexd: Found pre-installed APEX /system/apex/com.android.conscrypt.apex
[  162.696562][  T483] apexd: Found pre-installed APEX /system/apex/com.android.crashrecovery.apex
[  162.703206][  T483] apexd: Found pre-installed APEX /system/apex/com.android.devicelock.apex
[  162.711761][  T483] apexd: Found pre-installed APEX /system/apex/com.android.extservices.apex
[  162.713388][  T483] apexd: Found pre-installed APEX /system/apex/com.android.healthfitness.apex
[  162.713746][  T483] apexd: Found pre-installed APEX /system/apex/com.android.i18n.apex
[  162.715085][  T483] apexd: Found pre-installed APEX /system/apex/com.android.ipsec.apex
[  162.715910][  T483] apexd: Found pre-installed APEX /system/apex/com.android.media.apex
[  162.716220][  T483] apexd: Found pre-installed APEX /system/apex/com.android.media.swcodec.apex
[  162.716619][  T483] apexd: Found pre-installed APEX /system/apex/com.android.mediaprovider.apex
[  162.721087][  T483] apexd: Found pre-installed APEX /system/apex/com.android.neuralnetworks.apex
[  162.725111][  T483] apexd: Found pre-installed APEX /system/apex/com.android.nfcservices.apex
[  162.729653][  T483] apexd: Found pre-installed APEX /system/apex/com.android.npumanager.apex
[  162.735211][  T483] apexd: Found pre-installed APEX /system/apex/com.android.ondevicepersonalization.apex
[  162.737345][  T483] apexd: Found pre-installed APEX /system/apex/com.android.os.statsd.apex
[  162.742444][  T483] apexd: Found pre-installed APEX /system/apex/com.android.permission.apex
[  162.747085][  T483] apexd: Found pre-installed APEX /system/apex/com.android.profiling.apex
[  162.751453][  T483] apexd: Found pre-installed APEX /system/apex/com.android.resolv.apex
[  162.781860][  T483] apexd: Found pre-installed APEX /system/apex/com.android.rkpd.apex
[  162.805203][  T483] apexd: Found pre-installed APEX /system/apex/com.android.runtime.apex
[  162.810818][  T483] apexd: Found pre-installed APEX /system/apex/com.android.scheduling.apex
[  162.848440][  T483] apexd: Found pre-installed APEX /system/apex/com.android.sdkext.apex
[  162.856695][  T483] apexd: Found pre-installed APEX /system/apex/com.android.telephonycore.apex
[  162.861442][  T483] apexd: Found pre-installed APEX /system/apex/com.android.tethering.apex
[  162.862601][  T483] apexd: Found pre-installed APEX /system/apex/com.android.tzdata.apex
[  162.867848][  T483] apexd: Found pre-installed APEX /system/apex/com.android.uprobestats.apex
[  162.899578][  T483] apexd: Found pre-installed APEX /system/apex/com.android.uwb.apex
[  162.906102][  T483] apexd: Found pre-installed APEX /system/apex/com.android.virt.apex
[  162.910442][  T483] apexd: Found pre-installed APEX /system/apex/com.android.webapp.apex
[  162.913268][  T483] apexd: Found pre-installed APEX /system/apex/com.android.wifi.apex
[  162.918844][  T483] apexd: Scanning /system_ext/apex for pre-installed ApexFiles
[  162.936256][    T1] init: Service 'exec 9 (/bin/rm -rf /data/misc/virtualizationservice)' (pid 484) exited with status 0 waiting took 0.539000 seconds
[  162.938620][  T483] apexd: Found pre-installed APEX /system_ext/apex/com.android.compos.apex
[  162.939692][    T1] init: Sending SIGKILL to service 'exec 9 (/bin/rm -rf /data/misc/virtualizationservice)' (pid 484) process group...
[  162.940169][  T483] apexd: Found pre-installed APEX /system_ext/apex/com.android.hardware.biometrics.face.virtual.apex
[  162.947522][  T483] apexd: Found pre-installed APEX /system_ext/apex/com.android.hardware.biometrics.fingerprint.virtual.apex
[  162.952748][    T1] libprocessgroup: Removed cgroup /sys/fs/cgroup/system/uid_1081/pid_484
[  162.953171][  T483] apexd: Found pre-installed APEX /system_ext/apex/com.android.vndk.v31.apex
[  162.967935][  T483] apexd: Found pre-installed APEX /system_ext/apex/com.android.vndk.v32.apex
[  162.981741][  T483] apexd: Found pre-installed APEX /system_ext/apex/com.android.vndk.v33.apex
[  162.986607][  T483] apexd: Found pre-installed APEX /system_ext/apex/com.android.vndk.v34.apex
[  162.986932][    T1] init: Not setting encryption policy on: /data/preloads
[  162.987414][  T483] apexd: Scanning /product/apex for pre-installed ApexFiles
[  162.991755][  T483] apexd: /product/apex does not exist. Skipping
[  162.995820][  T483] apexd: Scanning /vendor/apex for pre-installed ApexFiles
[  163.002211][  T483] apexd: Found pre-installed APEX /vendor/apex/com.android.hardware.audio.apex
[  163.004205][  T483] apexd: Found pre-installed APEX /vendor/apex/com.android.hardware.authsecret.apex
[  163.004892][    T1] init: Encryption policy of /data/app-private set to 53a3be4854a125d0f4e6bffe111be80c v2 modes 1/10 flags 0xa
[  163.005290][  T483] apexd: Found pre-installed APEX /vendor/apex/com.android.hardware.boot.apex
[  163.007335][    T1] init: Encryption policy of /data/app-ephemeral set to 53a3be4854a125d0f4e6bffe111be80c v2 modes 1/10 flags 0xa
[  163.007651][  T483] apexd: Found pre-installed APEX /vendor/apex/com.android.hardware.cas.apex
[  163.014651][  T483] apexd: Found pre-installed APEX /vendor/apex/com.android.hardware.contexthub.apex
[  163.021077][  T483] apexd: Found pre-installed APEX /vendor/apex/com.android.hardware.drm.clearkey.apex
[  163.021330][    T1] init: Encryption policy of /data/app-asec set to 53a3be4854a125d0f4e6bffe111be80c v2 modes 1/10 flags 0xa
[  163.029104][  T483] apexd: Found pre-installed APEX /vendor/apex/com.android.hardware.dumpstate.apex
[  163.036219][    T1] init: Encryption policy of /data/app-lib set to 53a3be4854a125d0f4e6bffe111be80c v2 modes 1/10 flags 0xa
[  163.041091][  T483] apexd: Found pre-installed APEX /vendor/apex/com.android.hardware.gatekeeper.cf_remote.apex
[  163.041091][  T483] apexd: Found pre-installed APEX /vendor/apex/com.android.hardware.gatekeeper.nonsecure.apex
[  163.041092][  T483] apexd: Found pre-installed APEX /vendor/apex/com.android.hardware.gnss.apex
[  163.042201][  T483] apexd: Found pre-installed APEX /vendor/apex/com.android.hardware.graphics.composer.drm_hwcomposer.apex
[  163.042204][  T483] apexd: Found pre-installed APEX /vendor/apex/com.android.hardware.graphics.composer.ranchu.apex
[  163.042205][  T483] apexd: Found pre-installed APEX /vendor/apex/com.android.hardware.input.processor.apex
[  163.042206][  T483] apexd: Found pre-installed APEX /vendor/apex/com.android.hardware.keymint.rust_cf_guest_trusty_nonsecure.apex
[  163.042207][  T483] apexd: Found pre-installed APEX /vendor/apex/com.android.hardware.keymint.rust_cf_remote.apex
[  163.042207][  T483] apexd: Found pre-installed APEX /vendor/apex/com.android.hardware.keymint.rust_nonsecure.apex
[  163.042208][  T483] apexd: Found pre-installed APEX /vendor/apex/com.android.hardware.memtrack.apex
[  163.042209][  T483] apexd: Found pre-installed APEX /vendor/apex/com.android.hardware.net.nlinterceptor.apex
[  163.042210][  T483] apexd: Found pre-installed APEX /vendor/apex/com.android.hardware.neuralnetworks.apex
[  163.042211][  T483] apexd: Found pre-installed APEX /vendor/apex/com.android.hardware.power.apex
[  163.047571][    T1] init: Encryption policy of /data/app set to 53a3be4854a125d0f4e6bffe111be80c v2 modes 1/10 flags 0xa
[  163.048218][  T483] apexd: Found pre-installed APEX /vendor/apex/com.android.hardware.rebootescrow.apex
[  163.049784][    T1] init: Encryption policy of /data/app-metadata set to 53a3be4854a125d0f4e6bffe111be80c v2 modes 1/10 flags 0xa
[  163.049937][  T483] apexd: Found pre-installed APEX /vendor/apex/com.android.hardware.secure_element.apex
[  163.050676][    T1] init: Encryption policy of /data/fonts set to 53a3be4854a125d0f4e6bffe111be80c v2 modes 1/10 flags 0xa
[  163.051127][  T483] apexd: Found pre-installed APEX /vendor/apex/com.android.hardware.security.authgraph.apex
[  163.074621][    T1] init: Encryption policy of /data/dalvik-cache set to 53a3be4854a125d0f4e6bffe111be80c v2 modes 1/10 flags 0xa
[  163.078101][  T483] apexd: Found pre-installed APEX /vendor/apex/com.android.hardware.security.secretkeeper.apex
[  163.078983][    T1] init: Encryption policy of /data/ota set to 53a3be4854a125d0f4e6bffe111be80c v2 modes 1/10 flags 0xa
[  163.079395][  T483] apexd: Found pre-installed APEX /vendor/apex/com.android.hardware.tetheroffload.apex
[  163.081983][    T1] init: Encryption policy of /data/ota_package set to 53a3be4854a125d0f4e6bffe111be80c v2 modes 1/10 flags 0xa
[  163.082456][  T483] apexd: Found pre-installed APEX /vendor/apex/com.android.hardware.thermal.apex
[  163.082458][  T483] apexd: Found pre-installed APEX /vendor/apex/com.android.hardware.threadnetwork.apex
[  163.082458][  T483] apexd: Found pre-installed APEX /vendor/apex/com.android.hardware.usb.apex
[  163.082459][  T483] apexd: Found pre-installed APEX /vendor/apex/com.android.hardware.uwb.apex
[  163.082567][  T483] apexd: Found pre-installed APEX /vendor/apex/com.android.hardware.vibrator.apex
[  163.082568][  T483] apexd: Found pre-installed APEX /vendor/apex/com.android.hardware.wifi.apex
[  163.082569][  T483] apexd: Found pre-installed APEX /vendor/apex/com.google.cf.bt.apex
[  163.082569][  T483] apexd: Found pre-installed APEX /vendor/apex/com.google.cf.confirmationui.apex
[  163.082570][  T483] apexd: Found pre-installed APEX /vendor/apex/com.google.cf.disabled.apex
[  163.082571][  T483] apexd: Found pre-installed APEX /vendor/apex/com.google.cf.gralloc.apex
[  163.082572][  T483] apexd: Found pre-installed APEX /vendor/apex/com.google.cf.health.apex
[  163.082572][  T483] apexd: Found pre-installed APEX /vendor/apex/com.google.cf.identity.apex
[  163.082573][  T483] apexd: Found pre-installed APEX /vendor/apex/com.google.cf.input.config.apex
[  163.082574][  T483] apexd: Found pre-installed APEX /vendor/apex/com.google.cf.ir.apex
[  163.082575][  T483] apexd: Found pre-installed APEX /vendor/apex/com.google.cf.light.apex
[  163.082575][  T483] apexd: Found pre-installed APEX /vendor/apex/com.google.cf.nfc.apex
[  163.082576][  T483] apexd: Found pre-installed APEX /vendor/apex/com.google.cf.oemlock.apex
[  163.082577][  T483] apexd: Found pre-installed APEX /vendor/apex/com.google.cf.rild.apex
[  163.082579][  T483] apexd: Found pre-installed APEX /vendor/apex/com.google.cf.vulkan.apex
[  163.082581][  T483] apexd: Found pre-installed APEX /vendor/apex/com.google.cf.wifi.apex
[  163.082582][  T483] apexd: Found pre-installed APEX /vendor/apex/com.google.cf.wpa_supplicant.apex
[  163.082582][  T483] apexd: Found pre-installed APEX /vendor/apex/com.google.emulated.camera.provider.hal.apex
[  163.082583][  T483] apexd: Found pre-installed APEX /vendor/apex/com.google.emulated.camera.provider.hal.v4l2.apex
[  163.082584][  T483] apexd: Scanning /odm/apex for pre-installed ApexFiles
[  163.082809][  T483] apexd: /odm/apex does not exist. Skipping
[  163.415555][    T1] init: Command 'mkdir /data/ota_package 0770 system cache encryption=Require' action=post-fs-data (/system/etc/init/hw/init.rc:887) took 331ms and succeeded
[  163.465917][    T1] init: Encryption policy of /data/resource-cache set to 53a3be4854a125d0f4e6bffe111be80c v2 modes 1/10 flags 0xa
[  163.507255][    T1] init: Command 'mkdir /data/resource-cache 0771 system system encryption=Require' action=post-fs-data (/system/etc/init/hw/init.rc:890) took 64ms and succeeded
[  163.519475][    T1] init: Not setting encryption policy on: /data/lost+found
[  163.536220][    T1] init: Encryption policy of /data/drm set to 53a3be4854a125d0f4e6bffe111be80c v2 modes 1/10 flags 0xa
[  163.543817][    T1] init: Encryption policy of /data/mediadrm set to 53a3be4854a125d0f4e6bffe111be80c v2 modes 1/10 flags 0xa
[  163.551257][    T1] init: Encryption policy of /data/nfc set to 53a3be4854a125d0f4e6bffe111be80c v2 modes 1/10 flags 0xa
[  163.557692][    T1] init: Encryption policy of /data/backup set to 53a3be4854a125d0f4e6bffe111be80c v2 modes 1/10 flags 0xa
[  163.564520][    T1] init: Encryption policy of /data/ss set to 53a3be4854a125d0f4e6bffe111be80c v2 modes 1/10 flags 0xa
[  163.573237][    T1] init: Encryption policy of /data/system set to 53a3be4854a125d0f4e6bffe111be80c v2 modes 1/10 flags 0xa
[  163.605256][    T1] init: Not setting encryption policy on: /data/media
[  163.608346][    T1] init: Not setting encryption policy on: /data/misc_ce
[  163.614265][    T1] init: Not setting encryption policy on: /data/misc_de
[  163.621465][    T1] init: Not setting encryption policy on: /data/system_ce
[  163.624186][    T1] init: Not setting encryption policy on: /data/system_de
[  163.628671][    T1] init: Not setting encryption policy on: /data/user
[  163.630910][    T1] init: Not setting encryption policy on: /data/user_de
[  163.635094][    T1] init: Not setting encryption policy on: /data/vendor_ce
[  163.636793][    T1] init: Not setting encryption policy on: /data/vendor_de
[  163.637525][    T1] init: Not setting encryption policy on: /data/storage_area
[  163.651506][  T483] apexd: Skipping APEX at path /vendor/apex/com.android.hardware.gatekeeper.cf_remote.apex because it does not match expected multi-install APEX property for com.android.hardware.gatekeeper
[  163.651635][    T1] init: starting service 'casefolding_remover'...
[  163.652383][  T483] apexd: Skipping APEX at path /vendor/apex/com.android.hardware.graphics.composer.drm_hwcomposer.apex because it does not match expected multi-install APEX property for com.android.hardware.graphics.composer
[  163.669456][  T483] apexd: Skipping APEX at path /vendor/apex/com.android.hardware.keymint.rust_cf_guest_trusty_nonsecure.apex because it does not match expected multi-install APEX property for com.android.hardware.keymint
[  163.686461][  T483] apexd: Skipping APEX at path /vendor/apex/com.android.hardware.keymint.rust_cf_remote.apex because it does not match expected multi-install APEX property for com.android.hardware.keymint
[  163.702137][  T483] apexd: Skipping APEX at path /vendor/apex/com.google.cf.disabled.apex because it's disabled via sysprop.
[  163.716898][  T483] apexd: Skipping APEX at path /vendor/apex/com.google.emulated.camera.provider.hal.v4l2.apex because it does not match expected multi-install APEX property for com.google.emulated.camera.provider.hal
[  163.720110][    T1] libprocessgroup: Created cgroup /sys/fs/cgroup/system/uid_1023
[  163.720650][  T483] apexd: Successfully scanned 87 preinstalled APEXes duration=1072ms
[  163.751323][  T483] apexd: Populating APEX database from mounts...
[  163.820520][  T483] apexd: Found "/apex/com.android.virt@370399999" backed by file /system/apex/com.android.virt.apex
[  163.871150][    T1] libprocessgroup: Created cgroup /sys/fs/cgroup/system/uid_1023/pid_578
[  163.888537][  T483] apexd: Found "/apex/com.google.cf.oemlock@1" backed by file /vendor/apex/com.google.cf.oemlock.apex
[  163.901754][  T483] apexd: Found "/apex/com.android.hardware.ir@1" backed by file /vendor/apex/com.google.cf.ir.apex
[  163.908181][  T483] apexd: Found "/apex/com.android.hardware.usb@1" backed by file /vendor/apex/com.android.hardware.usb.apex
[  163.910254][  T483] apexd: Found "/apex/com.google.cf.vulkan@1" backed by file /vendor/apex/com.google.cf.vulkan.apex
[  163.913103][  T483] apexd: Found "/apex/com.android.hardware.threadnetwork@1" backed by file /vendor/apex/com.android.hardware.threadnetwork.apex
[  163.915225][  T483] apexd: Found "/apex/com.google.emulated.camera.provider.hal@1" backed by file /vendor/apex/com.google.emulated.camera.provider.hal.apex
[  163.917388][  T483] apexd: Found "/apex/com.android.hardware.memtrack@1" backed by file /vendor/apex/com.android.hardware.memtrack.apex
[  163.920195][  T483] apexd: Found "/apex/com.android.art@370399999" backed by file /system/apex/com.android.art.apex
[  163.922518][  T483] apexd: Found "/apex/com.android.os.statsd@370399999" backed by file /system/apex/com.android.os.statsd.apex
[  163.924746][  T483] apexd: Found "/apex/com.android.vndk.v31@1" backed by file /system_ext/apex/com.android.vndk.v31.apex
[  163.950654][  T483] apexd: Found "/apex/com.android.media@370399999" backed by file /system/apex/com.android.media.apex
[  163.969637][  T483] apexd: Found "/apex/com.android.vndk.v32@1" backed by file /system_ext/apex/com.android.vndk.v32.apex
[  163.994488][  T483] apexd: Found "/apex/com.android.cellbroadcast@370399999" backed by file /system/apex/com.android.cellbroadcast.apex
[  164.008356][  T483] apexd: Found "/apex/com.android.compos@370399999" backed by file /system_ext/apex/com.android.compos.apex
[  164.018627][  T483] apexd: Found "/apex/com.android.hardware.graphics.composer@1" backed by file /vendor/apex/com.android.hardware.graphics.composer.ranchu.apex
[  164.032735][  T483] apexd: Found "/apex/com.android.hardware.vibrator@1" backed by file /vendor/apex/com.android.hardware.vibrator.apex
[  164.043748][  T483] apexd: Found "/apex/com.google.cf.confirmationui@1" backed by file /vendor/apex/com.google.cf.confirmationui.apex
[  164.069420][  T483] apexd: Found "/apex/com.android.tzdata@370399999" backed by file /system/apex/com.android.tzdata.apex
[  164.078244][  T483] apexd: Found "/apex/com.google.cf.wpa_supplicant@1" backed by file /vendor/apex/com.google.cf.wpa_supplicant.apex
[  164.079856][    T1] init: ... started service 'casefolding_remover' has pid 578
[  164.082843][  T483] apexd: Found "/apex/com.android.i18n@1" backed by file /system/apex/com.android.i18n.apex
[  164.085664][    T1] init: Command 'start casefolding_remover' action=post-fs-data (/system/etc/init/hw/init.rc:960) took 445ms and succeeded
[  164.087859][  T483] apexd: Found "/apex/com.google.cf.health@1" backed by file /vendor/apex/com.google.cf.health.apex
[  164.103145][  T483] apexd: Found "/apex/com.android.hardware.cas@1" backed by file /vendor/apex/com.android.hardware.cas.apex
[  164.105958][  T483] apexd: Found "/apex/com.google.cf.identity@1" backed by file /vendor/apex/com.google.cf.identity.apex
[  164.107420][  T483] apexd: Found "/apex/com.google.cf.input.config@1" backed by file /vendor/apex/com.google.cf.input.config.apex
[  164.109178][  T483] apexd: Found "/apex/com.android.devicelock@1" backed by file /system/apex/com.android.devicelock.apex
[  164.111276][  T483] apexd: Found "/apex/com.android.hardware.neuralnetworks@1" backed by file /vendor/apex/com.android.hardware.neuralnetworks.apex
[  164.113053][  T483] apexd: Found "/apex/com.android.hardware.secure_element@1" backed by file /vendor/apex/com.android.hardware.secure_element.apex
[  164.121420][  T483] apexd: Found "/apex/com.android.hardware.power@1" backed by file /vendor/apex/com.android.hardware.power.apex
[  164.123863][  T483] apexd: Found "/apex/com.android.adbd@370399999" backed by file /system/apex/com.android.adbd.apex
[  164.125539][  T483] apexd: Found "/apex/com.android.bt@370399999" backed by file /system/apex/com.android.bt.apex
[  164.127425][  T483] apexd: Found "/apex/com.google.cf.wifi@1" backed by file /vendor/apex/com.google.cf.wifi.apex
[  164.129171][  T483] apexd: Found "/apex/com.android.hardware.net.nlinterceptor@1" backed by file /vendor/apex/com.android.hardware.net.nlinterceptor.apex
[  164.130766][  T483] apexd: Found "/apex/com.android.hardware.tetheroffload@1" backed by file /vendor/apex/com.android.hardware.tetheroffload.apex
[  164.132311][  T483] apexd: Found "/apex/com.android.hardware.uwb@1" backed by file /vendor/apex/com.android.hardware.uwb.apex
[  164.147379][  T483] apexd: Found "/apex/com.android.hardware.security.authgraph@1" backed by file /vendor/apex/com.android.hardware.security.authgraph.apex
[  164.200144][  T483] apexd: Found "/apex/com.google.cf.gralloc@1" backed by file /vendor/apex/com.google.cf.gralloc.apex
[  164.206791][  T483] apexd: Found "/apex/com.android.hardware.dumpstate@1" backed by file /vendor/apex/com.android.hardware.dumpstate.apex
[  164.208784][  T483] apexd: Found "/apex/com.android.ipsec@370399999" backed by file /system/apex/com.android.ipsec.apex
[  164.211302][  T483] apexd: Found "/apex/com.android.tethering@370399999" backed by file /system/apex/com.android.tethering.apex
[  164.215430][  T483] apexd: Found "/apex/com.android.hardware.contexthub@1" backed by file /vendor/apex/com.android.hardware.contexthub.apex
[  164.229272][  T483] apexd: Found "/apex/com.google.cf.light@1" backed by file /vendor/apex/com.google.cf.light.apex
[  164.242838][  T483] apexd: Found "/apex/com.android.hardware.authsecret@1" backed by file /vendor/apex/com.android.hardware.authsecret.apex
[  164.249901][  T483] apexd: Found "/apex/com.android.ondevicepersonalization@370399999" backed by file /system/apex/com.android.ondevicepersonalization.apex
[  164.259635][  T483] apexd: Found "/apex/com.android.uprobestats@370399999" backed by file /system/apex/com.android.uprobestats.apex
[  164.270580][  T483] apexd: Found "/apex/com.android.healthfitness@370399999" backed by file /system/apex/com.android.healthfitness.apex
[  164.279374][  T483] apexd: Found "/apex/com.google.cf.bt@1" backed by file /vendor/apex/com.google.cf.bt.apex
[  164.289675][  T483] apexd: Found "/apex/com.android.hardware.boot@1" backed by file /vendor/apex/com.android.hardware.boot.apex
[  164.296734][  T483] apexd: Found "/apex/com.android.adservices@370399999" backed by file /system/apex/com.android.adservices.apex
[  164.304907][  T483] apexd: Found "/apex/com.google.cf.rild@1" backed by file /vendor/apex/com.google.cf.rild.apex
[  164.310342][  T483] apexd: Found "/apex/com.android.hardware.rebootescrow@1" backed by file /vendor/apex/com.android.hardware.rebootescrow.apex
[  164.312150][  T483] apexd: Found "/apex/com.android.hardware.biometrics.fingerprint.virtual@1" backed by file /system_ext/apex/com.android.hardware.biometrics.fingerprint.virtual.apex
[  164.313826][  T483] apexd: Found "/apex/com.android.mediaprovider@370399999" backed by file /system/apex/com.android.mediaprovider.apex
[  164.315667][  T483] apexd: Found "/apex/com.android.conscrypt@370399999" backed by file /system/apex/com.android.conscrypt.apex
[  164.317862][  T483] apexd: Found "/apex/com.android.hardware.drm.clearkey@1" backed by file /vendor/apex/com.android.hardware.drm.clearkey.apex
[  164.320832][  T483] apexd: Found "/apex/com.android.nfcservices@370399999" backed by file /system/apex/com.android.nfcservices.apex
[  164.322896][  T483] apexd: Found "/apex/com.android.hardware.security.secretkeeper@1" backed by file /vendor/apex/com.android.hardware.security.secretkeeper.apex
[  164.324922][  T483] apexd: Found "/apex/com.android.telephonycore@370399999" backed by file /system/apex/com.android.telephonycore.apex
[  164.332155][  T483] apexd: Found "/apex/com.android.uwb@370399999" backed by file /system/apex/com.android.uwb.apex
[  164.333488][  T483] apexd: Found "/apex/com.android.configinfrastructure@370399999" backed by file /system/apex/com.android.configinfrastructure.apex
[  164.335223][  T483] apexd: Found "/apex/com.android.media.swcodec@370399999" backed by file /system/apex/com.android.media.swcodec.apex
[  164.337259][  T483] apexd: Found "/apex/com.android.webapp@370399999" backed by file /system/apex/com.android.webapp.apex
[  164.338704][  T483] apexd: Found "/apex/com.android.hardware.thermal@1" backed by file /vendor/apex/com.android.hardware.thermal.apex
[  164.341442][  T483] apexd: Found "/apex/com.android.runtime@1" backed by file /system/apex/com.android.runtime.apex
[  164.343652][  T483] apexd: Found "/apex/com.android.hardware.audio@1" backed by file /vendor/apex/com.android.hardware.audio.apex
[  164.345538][  T483] apexd: Found "/apex/com.android.apex.cts.shim@1" backed by file /system/apex/com.android.apex.cts.shim.apex
[  164.347078][  T483] apexd: Found "/apex/com.android.vndk.v33@1" backed by file /system_ext/apex/com.android.vndk.v33.apex
[  164.348434][  T483] apexd: Found "/apex/com.android.permission@370399999" backed by file /system/apex/com.android.permission.apex
[  164.350829][  T483] apexd: Found "/apex/com.android.npumanager@370399999" backed by file /system/apex/com.android.npumanager.apex
[  164.352329][  T483] apexd: Found "/apex/com.android.rkpd@370399999" backed by file /system/apex/com.android.rkpd.apex
[  164.354171][  T483] apexd: Found "/apex/com.android.vndk.v34@1" backed by file /system_ext/apex/com.android.vndk.v34.apex
[  164.356190][  T483] apexd: Found "/apex/com.android.hardware.keymint@1" backed by file /vendor/apex/com.android.hardware.keymint.rust_nonsecure.apex
[  164.358033][  T483] apexd: Found "/apex/com.google.cf.nfc@1" backed by file /vendor/apex/com.google.cf.nfc.apex
[  164.359765][  T483] apexd: Found "/apex/com.android.crashrecovery@370399999" backed by file /system/apex/com.android.crashrecovery.apex
[  164.361250][  T483] apexd: Found "/apex/com.android.resolv@370399999" backed by file /system/apex/com.android.resolv.apex
[  164.362696][  T483] apexd: Found "/apex/com.android.profiling@370399999" backed by file /system/apex/com.android.profiling.apex
[  164.364672][  T483] apexd: Found "/apex/com.android.appsearch@370399999" backed by file /system/apex/com.android.appsearch.apex
[  164.379074][  T483] apexd: Found "/apex/com.android.hardware.gnss@1" backed by file /vendor/apex/com.android.hardware.gnss.apex
[  164.384946][  T483] apexd: Found "/apex/com.android.hardware.wifi@1" backed by file /vendor/apex/com.android.hardware.wifi.apex
[  164.390843][  T483] apexd: Found "/apex/com.android.hardware.gatekeeper@1" backed by file /vendor/apex/com.android.hardware.gatekeeper.nonsecure.apex
[  164.397373][  T483] apexd: Found "/apex/com.android.neuralnetworks@370399999" backed by file /system/apex/com.android.neuralnetworks.apex
[  164.401696][  T483] apexd: Found "/apex/com.android.extservices@370399999" backed by file /system/apex/com.android.extservices.apex
[  164.414604][  T483] apexd: Found "/apex/com.android.wifi@370399999" backed by file /system/apex/com.android.wifi.apex
[  164.416644][  T483] apexd: Found "/apex/com.android.sdkext@370399999" backed by file /system/apex/com.android.sdkext.apex
[  164.419454][  T483] apexd: Found "/apex/com.android.scheduling@370399999" backed by file /system/apex/com.android.scheduling.apex
[  164.421844][  T483] apexd: Found "/apex/com.android.hardware.input.processor@1" backed by file /vendor/apex/com.android.hardware.input.processor.apex
[  164.423686][  T483] apexd: Found "/apex/com.android.hardware.biometrics.face.virtual@2" backed by file /system_ext/apex/com.android.hardware.biometrics.face.virtual.apex
[  164.425238][  T483] apexd: 87 packages restored.
[  164.464405][  T483] apexd: Marking APEXd as starting
[  164.632889][  T483] apexd: OnStart done, duration=160
[  164.660463][  T483] libbinder.AidlLazyServiceRegistrar: Registering service apexservice
[  164.781480][  T483] apexd: Marking APEXd as activated
[  164.874930][  T411] servicemanager: Notifying apexservice they do (previously: don't) have clients when service is guaranteed to be in use
[  164.909615][  T579] libbinder.AidlLazyServiceRegistrar: Process has 1 (of 1 available) client(s) in use after notification apexservice has clients: 1
[  164.965909][  T579] libbinder.AidlLazyServiceRegistrar: Shutdown prevented by forcePersist override flag.
[  165.103206][  T581] apexd: getActivePackages received by ApexService
[  165.802789][  T115] init: Wait for property 'ro.casefolding.adjusted=1' took 1702ms
[  165.913293][    T1] init: Service 'casefolding_remover' (pid 578) exited with status 0 oneshot service took 2.188000 seconds in background
[  165.923147][    T1] init: Sending SIGKILL to service 'casefolding_remover' (pid 578) process group...
[  165.971768][    T1] libprocessgroup: Removed cgroup /sys/fs/cgroup/system/uid_1023/pid_578
[  166.124930][  T581] libbinder.Binder: Binder transaction to android.apex.IApexService, function: getActivePackages, code: 7, took 1038ms. Data bytes: 68 Reply bytes: 25128 Flags: 16
[  166.400318][    T1] init: Command 'restorecon /data_mirror' action=post-fs-data (/system/etc/init/hw/init.rc:967) took 65ms and succeeded
[  166.746683][    T1] init: Encryption policy of /data/cache set to 53a3be4854a125d0f4e6bffe111be80c v2 modes 1/10 flags 0xa
[  166.755168][    T1] init: Encryption policy of /data/rollback set to 53a3be4854a125d0f4e6bffe111be80c v2 modes 1/10 flags 0xa
[  166.756163][    T1] init: Encryption policy of /data/rollback-observer set to 53a3be4854a125d0f4e6bffe111be80c v2 modes 1/10 flags 0xa
[  166.756903][    T1] init: Encryption policy of /data/rollback-history set to 53a3be4854a125d0f4e6bffe111be80c v2 modes 1/10 flags 0xa
[  166.758918][    T1] init: Encryption policy of /data/incremental set to 53a3be4854a125d0f4e6bffe111be80c v2 modes 1/10 flags 0xa
[  166.774588][    T1] init: start_waiting_for_property("apexd.status", "activated"): already set
[  166.774974][    T1] init: start_waiting_for_property("keystore.module_hash.sent", "true"): already set
[  166.821678][    T1] init: starting service 'system_aconfigd_socket_service'...
[  166.826104][    T1] init: Created socket '/dev/socket/aconfigd_system', mode 666, user 1000, group 1000
[  166.920151][    T1] libprocessgroup: Created cgroup /sys/fs/cgroup/system/uid_1000/pid_582
[  166.962512][    T1] init: ... started service 'system_aconfigd_socket_service' has pid 582
[  166.965518][    T1] init: Command 'start system_aconfigd_socket_service' action=post-fs-data (/system/etc/init/hw/init.rc:1033) took 148ms and succeeded
[  167.025576][    T1] init: starting service 'mainline_aconfigd_init'...
[  167.079458][    T1] libprocessgroup: Created cgroup /sys/fs/cgroup/system/uid_1000/pid_583
[  167.126703][    T1] init: ... started service 'mainline_aconfigd_init' has pid 583
[  167.141253][    T1] init: SVC_EXEC service 'mainline_aconfigd_init' pid 583 (uid 1000 gid 1000+0 context default) started; waiting...
[  167.155357][    T1] init: Command 'exec_start mainline_aconfigd_init' action=post-fs-data (/system/etc/init/hw/init.rc:1034) took 184ms and succeeded
[  167.792545][    T1] init: Service 'system_aconfigd_socket_service' (pid 582) exited with status 0 oneshot service took 0.872000 seconds in background
[  167.813055][    T1] init: Sending SIGKILL to service 'system_aconfigd_socket_service' (pid 582) process group...
[  167.918317][    T1] libprocessgroup: Removed cgroup /sys/fs/cgroup/system/uid_1000/pid_582
[  168.953373][  T411] servicemanager: Notifying apexservice they don't (previously: do) have clients when we now have no record of a client
[  168.977379][  T581] libbinder.AidlLazyServiceRegistrar: Process has 0 (of 1 available) client(s) in use after notification apexservice has clients: 0
[  168.979423][  T581] libbinder.AidlLazyServiceRegistrar: Shutdown prevented by forcePersist override flag.
[  170.248757][    T1] init: Service 'mainline_aconfigd_init' (pid 583) exited with status 0 waiting took 3.169000 seconds
[  170.253343][    T1] init: Sending SIGKILL to service 'mainline_aconfigd_init' (pid 583) process group...
[  170.277633][    T1] libprocessgroup: Removed cgroup /sys/fs/cgroup/system/uid_1000/pid_583
[  170.347465][    T1] init: starting service 'mainline_aconfigd_socket_service'...
[  170.381623][    T1] init: Created socket '/dev/socket/aconfigd_mainline', mode 666, user 1000, group 1000
[  170.467369][    T1] libprocessgroup: Created cgroup /sys/fs/cgroup/system/uid_1000/pid_584
[  170.509981][    T1] init: ... started service 'mainline_aconfigd_socket_service' has pid 584
[  170.517565][    T1] init: Command 'start mainline_aconfigd_socket_service' action=post-fs-data (/system/etc/init/hw/init.rc:1035) took 198ms and succeeded
[  170.612285][    T1] init: starting service 'derive_sdk'...
[  170.663269][    T1] libprocessgroup: Created cgroup /sys/fs/cgroup/system/uid_9999/pid_585
[  170.715957][    T1] init: ... started service 'derive_sdk' has pid 585
[  170.717386][    T1] init: SVC_EXEC service 'derive_sdk' pid 585 (uid 9999 gid 9999+0 context default) started; waiting...
[  170.720366][    T1] init: Command 'exec_start derive_sdk' action=post-fs-data (/system/etc/init/hw/init.rc:1040) took 145ms and succeeded
[  170.721135][    T1] init: Service 'mainline_aconfigd_socket_service' (pid 584) exited with status 0 oneshot service took 0.262000 seconds in background
[  170.721704][    T1] init: Sending SIGKILL to service 'mainline_aconfigd_socket_service' (pid 584) process group...
[  170.722922][    T1] libprocessgroup: Removed cgroup /sys/fs/cgroup/system/uid_1000/pid_584
[  171.182625][    T1] init: Service 'derive_sdk' (pid 585) exited with status 0 waiting took 0.528000 seconds
[  171.185178][    T1] init: Sending SIGKILL to service 'derive_sdk' (pid 585) process group...
[  171.198080][    T1] libprocessgroup: Removed cgroup /sys/fs/cgroup/system/uid_9999/pid_585
[  171.214688][    T1] init: starting service 'exec 10 (/system/bin/vdc --wait cryptfs init_user0)'...
[  171.304660][    T1] libprocessgroup: Created cgroup /sys/fs/cgroup/system/uid_0/pid_586
[  171.321046][    T1] init: ... started service 'exec 10 (/system/bin/vdc --wait cryptfs init_user0)' has pid 586
[  171.327525][    T1] init: SVC_EXEC service 'exec 10 (/system/bin/vdc --wait cryptfs init_user0)' pid 586 (uid 0 gid 0+0 context default) started; waiting...
[  171.334776][    T1] init: Command 'init_user0' action=post-fs-data (/system/etc/init/hw/init.rc:1042) took 129ms and succeeded
[  171.464301][  T586] libbinder.BackendUnifiedServiceManager: Thread Pool max thread count is 0. Cannot cache binder as linkToDeath cannot be implemented. serviceName: vold
[  171.719140][  T426] vold: keystore2 Keystore generateKey returned service specific error: -67
[  171.721511][  T426] vold: Failed to generate rollback-resistant key.  This is expected if keystore doesn't support rollback resistance.  Falling back to non-rollback-resistant key.
[  172.996482][    T1] init: Service 'exec 10 (/system/bin/vdc --wait cryptfs init_user0)' (pid 586) exited with status 0 waiting took 1.693000 seconds
[  173.003498][    T1] init: Sending SIGKILL to service 'exec 10 (/system/bin/vdc --wait cryptfs init_user0)' (pid 586) process group...
[  173.021274][    T1] libprocessgroup: Removed cgroup /sys/fs/cgroup/system/uid_0/pid_586
[  173.180525][    T1] selinux: SELinux: Skipping restorecon on directory(/data/system/shutdown-checkpoints)
[  173.199663][    T1] init: Command 'restorecon --recursive --skip-ce /data' action=post-fs-data (/system/etc/init/hw/init.rc:1045) took 171ms and succeeded
[  173.213549][    T1] init: starting service 'derive_classpath'...
[  173.314249][    T1] libprocessgroup: Created cgroup /sys/fs/cgroup/system/uid_1000/pid_589
[  173.378797][    T1] init: ... started service 'derive_classpath' has pid 589
[  173.379538][    T1] init: SVC_EXEC service 'derive_classpath' pid 589 (uid 1000 gid 1000+1 context default) started; waiting...
[  173.380207][    T1] init: Command 'exec_start derive_classpath' action=post-fs-data (/system/etc/init/hw/init.rc:1049) took 179ms and succeeded
[  174.368546][    T1] init: Service 'derive_classpath' (pid 589) exited with status 0 waiting took 1.072000 seconds
[  174.372327][    T1] init: Sending SIGKILL to service 'derive_classpath' (pid 589) process group...
[  174.388316][    T1] libprocessgroup: Removed cgroup /sys/fs/cgroup/system/uid_1000/pid_589
[  174.509975][    T1] init: Command 'load_exports /data/system/environ/classpath' action=post-fs-data (/system/etc/init/hw/init.rc:1050) took 67ms and succeeded
[  174.559035][    T1] init: starting service 'art_boot'...
[  174.632663][    T1] libprocessgroup: Created cgroup /sys/fs/cgroup/system/uid_0/pid_590
[  174.694839][    T1] init: ... started service 'art_boot' has pid 590
[  174.700267][    T1] init: SVC_EXEC service 'art_boot' pid 590 (uid 0 gid 0+0 context default) started; waiting...
[  174.702599][    T1] init: Command 'exec_start art_boot' action=post-fs-data (/system/etc/init/hw/init.rc:1055) took 182ms and succeeded
[  175.153144][    T1] init: Service 'art_boot' (pid 590) exited with status 0 waiting took 0.530000 seconds
[  175.156305][    T1] init: Sending SIGKILL to service 'art_boot' (pid 590) process group...
[  175.175541][    T1] libprocessgroup: Removed cgroup /sys/fs/cgroup/system/uid_0/pid_590
[  175.242026][    T1] init: starting service 'odsign'...
[  175.317436][    T1] libprocessgroup: Created cgroup /sys/fs/cgroup/system/uid_0/pid_591
[  175.366324][    T1] init: ... started service 'odsign' has pid 591
[  175.372397][    T1] init: Command 'start odsign' action=post-fs-data (/system/etc/init/hw/init.rc:1060) took 148ms and succeeded
[  182.637803][  T591] fs-verity: sha256 using implementation "sha256-ce" (multibuffer)
[  182.996109][  T115] init: Wait for property 'odsign.key.done=1' took 7606ms
[  183.048083][    T1] init: starting service 'apexd-snapshotde'...
[  183.125546][    T1] libprocessgroup: Created cgroup /sys/fs/cgroup/system/uid_0/pid_597
[  183.176842][    T1] init: ... started service 'apexd-snapshotde' has pid 597
[  183.186777][    T1] init: SVC_EXEC service 'apexd-snapshotde' pid 597 (uid 0 gid 1000+0 context default) started; waiting...
[  183.200421][    T1] init: Command 'exec_start apexd-snapshotde' action=post-fs-data (/system/etc/init/hw/init.rc:1074) took 169ms and succeeded
[  183.264143][    T1] init: Sending SIGKILL to service 'odsign' (pid 591) process group...
[  183.447703][    T1] libprocessgroup: Removed cgroup /sys/fs/cgroup/system/uid_0/pid_591
[  183.490853][    T1] init: Control message: Processed ctl.stop for 'odsign' from pid: 591 (/system/bin/odsign)
[  183.593837][    T1] init: Service 'odsign' (pid 591) received SIGKILL
[  183.601826][    T1] init: Sending SIGKILL to service 'odsign' (pid 591) process group...
[  183.609986][    T1] libprocessgroup: Failed to write 1 to /sys/fs/cgroup/system/uid_0/pid_591/cgroup.kill: No such file or directory
[  183.748450][  T597] apexd: Started. subcommand = --snapshotde
[  183.793290][  T597] libbinder.BackendUnifiedServiceManager: Thread Pool max thread count is 0. Cannot cache binder as linkToDeath cannot be implemented. serviceName: vold
[  183.829670][  T597] apexd-snapshotde: Marking APEXd as ready
[  183.932687][    T1] init: Service 'apexd-snapshotde' (pid 597) exited with status 0 waiting took 0.819000 seconds
[  183.938959][    T1] init: Sending SIGKILL to service 'apexd-snapshotde' (pid 597) process group...
[  183.959811][    T1] libprocessgroup: Removed cgroup /sys/fs/cgroup/system/uid_0/pid_597
[  184.180881][    T1] init: Command 'verity_update_state' action=post-fs-data (/system/etc/init/hw/init.rc:1084) took 131ms and succeeded
[  184.187245][    T1] init: processing action (post-fs-data) from (/system/etc/init/hw/init.usb.rc:6)
[  184.233149][    T1] init: Encryption policy of /data/adb set to 53a3be4854a125d0f4e6bffe111be80c v2 modes 1/10 flags 0xa
[  184.233933][    T1] init: processing action (post-fs-data) from (/system/etc/init/bootstat.rc:9)
[  184.240484][    T1] init: processing action (ro.boot.dynamic_partitions=true && ro.debuggable=1 && post-fs-data) from (/system/etc/init/clean_scratch_files.rc:1)
[  184.249183][    T1] init: starting service 'exec 11 (/system/bin/clean_scratch_files)'...
[  184.316054][    T1] libprocessgroup: Created cgroup /sys/fs/cgroup/system/uid_0/pid_599
[  184.335748][    T1] init: ... started service 'exec 11 (/system/bin/clean_scratch_files)' has pid 599
[  184.348677][    T1] init: Command 'exec_background - root root -- /system/bin/clean_scratch_files' action=ro.boot.dynamic_partitions=true && ro.debuggable=1 && post-fs-data (/system/etc/init/clean_scratch_files.rc:2) took 105ms and succeeded
[  184.352502][    T1] init: processing action (post-fs-data) from (/system/etc/init/gsid.rc:17)
[  184.364450][    T1] init: Not setting encryption policy on: /data/gsi
[  184.377754][    T1] init: processing action (post-fs-data) from (/system/etc/init/incidentd.rc:21)
[  184.399762][    T1] init: processing action (post-fs-data) from (/system/etc/init/logtagd.rc:4)
[  184.424516][    T1] init: processing action (post-fs-data) from (/system/etc/init/perfetto.rc:104)
[  184.426743][    T1] init: Command 'rm /data/misc/perfetto-traces/.guardraildata' action=post-fs-data (/system/etc/init/perfetto.rc:105) took 0ms and failed: unlink() failed: No such file or directory
[  184.435346][    T1] init: processing action (post-fs-data) from (/system/etc/init/pmgd.rc:28)
[  184.448477][    T1] init: processing action (post-fs-data) from (/system/etc/init/profcollectd.rc:23)
[  184.457218][    T1] init: processing action (post-fs-data) from (/system/etc/init/recovery-persist.rc:1)
[  184.461196][    T1] init: starting service 'exec 12 (/system/bin/recovery-persist)'...
[  184.495612][    T1] libprocessgroup: Created cgroup /sys/fs/cgroup/system/uid_1000/pid_600
[  184.540088][    T1] init: ... started service 'exec 12 (/system/bin/recovery-persist)' has pid 600
[  184.543645][    T1] init: Command 'exec_background - system log -- /system/bin/recovery-persist' action=post-fs-data (/system/etc/init/recovery-persist.rc:3) took 83ms and succeeded
[  184.549853][    T1] init: processing action (post-fs-data) from (/system/etc/init/wifi.rc:18)
[  184.576946][    T1] selinux: SELinux: Skipping restorecon on directory(/data/misc/apexdata/com.android.wifi)
[  184.581274][    T1] init: processing action (post-fs-data) from (/system_ext/etc/init/rpmb_dev.test.system.rc:37)
[  184.687326][    T1] init: Command 'mkdir /metadata/secure_storage_rpmb_test_system 0770 system system' action=post-fs-data (/system_ext/etc/init/rpmb_dev.test.system.rc:42) took 91ms and succeeded
[  184.791502][    T1] init: Top-level directory needs encryption action, eg mkdir /data/secure_storage_test_system <mode> <uid> <gid> encryption=Require
[  184.955838][    T1] init: Encryption policy of /data/secure_storage_test_system set to 53a3be4854a125d0f4e6bffe111be80c v2 modes 1/10 flags 0xa
[  185.039972][    T1] init: Command 'mkdir /data/secure_storage_test_system 0770 root system' action=post-fs-data (/system_ext/etc/init/rpmb_dev.test.system.rc:54) took 236ms and succeeded
[  185.219571][    T1] init: Command 'symlink <HOST_PATH> /data/secure_storage_test_system/persist' action=post-fs-data (/system_ext/etc/init/rpmb_dev.test.system.rc:56) took 125ms and succeeded
[  185.385242][    T1] init: starting service 'rpmb_mock_init_test_system'...
[  185.647191][    T1] libprocessgroup: Created cgroup /sys/fs/cgroup/system/uid_1000/pid_601
[  185.767878][    T1] init: ... started service 'rpmb_mock_init_test_system' has pid 601
[  185.776465][    T1] init: SVC_EXEC service 'rpmb_mock_init_test_system' pid 601 (uid 1000 gid 1000+0 context default) started; waiting...
[  185.784831][    T1] init: Command 'exec_start rpmb_mock_init_test_system' action=post-fs-data (/system_ext/etc/init/rpmb_dev.test.system.rc:59) took 475ms and succeeded
[  185.792670][    T1] init: Service 'exec 11 (/system/bin/clean_scratch_files)' (pid 599) exited with status 0 oneshot service took 1.489000 seconds in background
[  185.793743][    T1] init: Sending SIGKILL to service 'exec 11 (/system/bin/clean_scratch_files)' (pid 599) process group...
[  185.803868][    T1] libprocessgroup: Removed cgroup /sys/fs/cgroup/system/uid_0/pid_599
[  185.817805][    T1] init: Service 'exec 12 (/system/bin/recovery-persist)' (pid 600) exited with status 0 oneshot service took 1.329000 seconds in background
[  185.823571][    T1] init: Sending SIGKILL to service 'exec 12 (/system/bin/recovery-persist)' (pid 600) process group...
[  185.836311][    T1] libprocessgroup: Removed cgroup /sys/fs/cgroup/system/uid_1000/pid_600
[  186.082628][    T1] init: Service 'rpmb_mock_init_test_system' (pid 601) exited with status 0 waiting took 0.504000 seconds
[  186.086185][    T1] init: Sending SIGKILL to service 'rpmb_mock_init_test_system' (pid 601) process group...
[  186.107415][    T1] libprocessgroup: Removed cgroup /sys/fs/cgroup/system/uid_1000/pid_601
[  186.172995][    T1] init: starting service 'rpmb_mock_test_system'...
[  186.189597][    T1] init: Created socket '/dev/socket/rpmb_mock_test_system', mode 660, user 1000, group 1000
[  186.254997][    T1] libprocessgroup: Created cgroup /sys/fs/cgroup/system/uid_1000/pid_602
[  186.305344][    T1] init: ... started service 'rpmb_mock_test_system' has pid 602
[  186.309609][    T1] init: Command 'start rpmb_mock_test_system' action=post-fs-data (/system_ext/etc/init/rpmb_dev.test.system.rc:60) took 158ms and succeeded
[  186.317281][    T1] init: processing action (ro.vendor.disable_rename_eth0= && post-fs-data) from (/vendor/etc/init/init.cutf_cvm.rc:57)
[  186.361466][  T116] init: wait for '/sys/class/net/eth0' took 14ms
[  186.401436][    T1] init: starting service 'rename_eth0'...
[  186.450323][    T1] libprocessgroup: Created cgroup /sys/fs/cgroup/system/uid_0/pid_603
[  186.506501][    T1] init: ... started service 'rename_eth0' has pid 603
[  186.508502][    T1] init: Command 'start rename_eth0' action=ro.vendor.disable_rename_eth0= && post-fs-data (/vendor/etc/init/init.cutf_cvm.rc:61) took 142ms and succeeded
[  186.515185][    T1] init: processing action (post-fs-data) from (/vendor/etc/init/init.cutf_cvm.rc:67)
[  186.558137][    T1] init: processing action (ro.boot.wifi_impl=mac80211_hwsim_virtio && post-fs-data) from (/vendor/etc/init/init.cutf_cvm.rc:77)
[  186.564793][    T1] init: starting service 'init_wifi_sh'...
[  186.591922][    T1] libprocessgroup: Created cgroup /sys/fs/cgroup/system/uid_0/pid_604
[  186.609679][    T1] init: ... started service 'init_wifi_sh' has pid 604
[  186.611881][    T1] init: processing action (load-bpf-programs) from (/system/etc/init/init-perfetto.rc:6)
[  186.632314][    T1] init: processing action (load-bpf-programs) from (/system/etc/init/init-perfetto.rc:6)
[  186.634166][    T1] init: processing action (load-bpf-programs) from (/system/etc/init/netbpfload.rc:38)
[  186.647792][    T1] init: starting service 'bpfloader'...
[  186.700631][    T1] libprocessgroup: Created cgroup /sys/fs/cgroup/system/uid_0/pid_605
[  187.167848][    T1] init: ... started service 'bpfloader' has pid 605
[  187.179869][    T1] init: SVC_EXEC service 'bpfloader' pid 605 (uid 0 gid 0+7 context default) started; waiting...
[  187.193343][    T1] init: Command 'exec_start bpfloader' action=load-bpf-programs (/system/etc/init/netbpfload.rc:47) took 556ms and succeeded
[  189.234423][  T603] virtio_net virtio1 buried_eth0: renamed from eth0
[  189.554804][    T1] init: Service 'rename_eth0' (pid 603) exited with status 0 oneshot service took 3.102000 seconds in background
[  189.559662][    T1] init: Sending SIGKILL to service 'rename_eth0' (pid 603) process group...
[  189.601744][    T1] libprocessgroup: Removed cgroup /sys/fs/cgroup/system/uid_0/pid_603
[  190.859568][  T605] NetBpfLoad: /apex/com.android.tethering/bin/netbpfload api:37/3700 kver:60c004a (64-on-aarch64:4k) libbpf: v1.4 uid:0 rc:01 user:010
[  191.030919][  T605] NetBpfLoad: Tethering APEX version 370399999 (system: 370399999)
[  191.078358][  T605] NetBpfLoad: detected 5 of 5: 2026Q2 api:37.0.0=3700
[  192.144170][  T425] type=1334 audit(1791017714.424:5): prog-id=1 op=LOAD
[  192.295524][  T425] type=1300 audit(1791017714.424:5): arch=c00000b7 syscall=280 success=yes exit=3 a0=5 a1=7fe1a517d8 a2=74 a3=0 items=0 ppid=1 auid=4294967295 uid=0 gid=0 euid=0 suid=0 fsuid=0 egid=0 sgid=0 fsgid=0 tty=(none) ses=4294967295 comm="netbpfload" exe="/apex/com.android.tethering/bin/netbpfload" subj=u:r:bpfloader:s0 key=(null)
[  192.386932][  T425] type=1327 audit(1791017714.424:5): proctitle="/apex/com.android.tethering/bin/netbpfload"
[  192.393389][  T425] type=1320 audit(1791017714.424:5): 
[  192.423656][  T425] type=1334 audit(1791017714.872:6): prog-id=1 op=UNLOAD
[  192.430818][  T425] type=1300 audit(1791017714.872:6): arch=c00000b7 syscall=57 success=yes exit=0 a0=3 a1=0 a2=78ed3c64d0 a3=0 items=0 ppid=1 auid=4294967295 uid=0 gid=0 euid=0 suid=0 fsuid=0 egid=0 sgid=0 fsgid=0 tty=(none) ses=4294967295 comm="netbpfload" exe="/apex/com.android.tethering/bin/netbpfload" subj=u:r:bpfloader:s0 key=(null)
[  192.554889][  T425] type=1327 audit(1791017714.872:6): proctitle="/apex/com.android.tethering/bin/netbpfload"
[  192.569329][  T425] type=1320 audit(1791017714.872:6): 
[  193.183134][    T1] init: Service 'init_wifi_sh' (pid 604) exited with status 0 oneshot service took 6.525000 seconds in background
[  193.225998][    T1] init: Sending SIGKILL to service 'init_wifi_sh' (pid 604) process group...
[  193.268741][    T1] libprocessgroup: Removed cgroup /sys/fs/cgroup/system/uid_0/pid_604
[  193.276637][  T425] type=1334 audit(1791017715.588:7): prog-id=2 op=LOAD
[  193.353771][  T425] type=1300 audit(1791017715.588:7): arch=c00000b7 syscall=280 success=yes exit=3 a0=5 a1=7fe1a51c60 a2=98 a3=b4000077652150fc items=0 ppid=1 auid=4294967295 uid=0 gid=0 euid=0 suid=0 fsuid=0 egid=0 sgid=0 fsgid=0 tty=(none) ses=4294967295 comm="netbpfload" exe="/apex/com.android.tethering/bin/netbpfload" subj=u:r:bpfloader:s0 key=(null)
[  193.391459][  T425] type=1327 audit(1791017715.588:7): proctitle="/apex/com.android.tethering/bin/netbpfload"
[  193.392166][  T425] type=1320 audit(1791017715.588:7): 
[  193.416605][  T425] type=1334 audit(1791017716.084:8): prog-id=3 op=LOAD
[  193.417527][  T425] type=1300 audit(1791017716.084:8): arch=c00000b7 syscall=280 success=yes exit=13 a0=5 a1=7fe1a51c60 a2=98 a3=b4000077652151ec items=0 ppid=1 auid=4294967295 uid=0 gid=0 euid=0 suid=0 fsuid=0 egid=0 sgid=0 fsgid=0 tty=(none) ses=4294967295 comm="netbpfload" exe="/apex/com.android.tethering/bin/netbpfload" subj=u:r:bpfloader:s0 key=(null)
[  193.421010][  T425] type=1327 audit(1791017716.084:8): proctitle="/apex/com.android.tethering/bin/netbpfload"
[  193.422182][  T425] type=1320 audit(1791017716.084:8): 
[  193.423246][  T425] type=1334 audit(1791017716.112:9): prog-id=4 op=LOAD
[  193.423584][  T425] type=1300 audit(1791017716.112:9): arch=c00000b7 syscall=280 success=yes exit=14 a0=5 a1=7fe1a51c60 a2=98 a3=b4000077652154bc items=0 ppid=1 auid=4294967295 uid=0 gid=0 euid=0 suid=0 fsuid=0 egid=0 sgid=0 fsgid=0 tty=(none) ses=4294967295 comm="netbpfload" exe="/apex/com.android.tethering/bin/netbpfload" subj=u:r:bpfloader:s0 key=(null)
[  193.424903][  T425] type=1327 audit(1791017716.112:9): proctitle="/apex/com.android.tethering/bin/netbpfload"
[  193.425455][  T425] type=1320 audit(1791017716.112:9): 
[  193.425658][  T425] type=1334 audit(1791017716.116:10): prog-id=5 op=LOAD
[  193.428372][  T425] type=1300 audit(1791017716.116:10): arch=c00000b7 syscall=280 success=yes exit=15 a0=5 a1=7fe1a51c60 a2=98 a3=b4000077652155ac items=0 ppid=1 auid=4294967295 uid=0 gid=0 euid=0 suid=0 fsuid=0 egid=0 sgid=0 fsgid=0 tty=(none) ses=4294967295 comm="netbpfload" exe="/apex/com.android.tethering/bin/netbpfload" subj=u:r:bpfloader:s0 key=(null)
[  193.432665][  T425] type=1327 audit(1791017716.116:10): proctitle="/apex/com.android.tethering/bin/netbpfload"
[  193.433206][  T425] type=1320 audit(1791017716.116:10): 
[  193.433401][  T425] type=1334 audit(1791017716.116:11): prog-id=6 op=LOAD
[  193.433862][  T425] type=1300 audit(1791017716.116:11): arch=c00000b7 syscall=280 success=yes exit=16 a0=5 a1=7fe1a51c60 a2=98 a3=b400007765215a5c items=0 ppid=1 auid=4294967295 uid=0 gid=0 euid=0 suid=0 fsuid=0 egid=0 sgid=0 fsgid=0 tty=(none) ses=4294967295 comm="netbpfload" exe="/apex/com.android.tethering/bin/netbpfload" subj=u:r:bpfloader:s0 key=(null)
[  193.436473][  T425] type=1327 audit(1791017716.116:11): proctitle="/apex/com.android.tethering/bin/netbpfload"
[  193.436943][  T425] type=1320 audit(1791017716.116:11): 
[  193.437318][  T425] type=1334 audit(1791017716.124:12): prog-id=7 op=LOAD
[  193.437732][  T425] type=1300 audit(1791017716.124:12): arch=c00000b7 syscall=280 success=yes exit=17 a0=5 a1=7fe1a51c60 a2=98 a3=b400007765215b4c items=0 ppid=1 auid=4294967295 uid=0 gid=0 euid=0 suid=0 fsuid=0 egid=0 sgid=0 fsgid=0 tty=(none) ses=4294967295 comm="netbpfload" exe="/apex/com.android.tethering/bin/netbpfload" subj=u:r:bpfloader:s0 key=(null)
[  193.439417][  T425] type=1327 audit(1791017716.124:12): proctitle="/apex/com.android.tethering/bin/netbpfload"
[  193.439871][  T425] type=1320 audit(1791017716.124:12): 
[  193.440114][  T425] type=1334 audit(1791017716.128:13): prog-id=8 op=LOAD
[  193.440437][  T425] type=1300 audit(1791017716.128:13): arch=c00000b7 syscall=280 success=yes exit=18 a0=5 a1=7fe1a51c60 a2=98 a3=b400007765215c3c items=0 ppid=1 auid=4294967295 uid=0 gid=0 euid=0 suid=0 fsuid=0 egid=0 sgid=0 fsgid=0 tty=(none) ses=4294967295 comm="netbpfload" exe="/apex/com.android.tethering/bin/netbpfload" subj=u:r:bpfloader:s0 key=(null)
[  193.442451][  T425] type=1327 audit(1791017716.128:13): proctitle="/apex/com.android.tethering/bin/netbpfload"
[  193.447105][  T425] type=1320 audit(1791017716.128:13): 
[  193.465529][  T425] type=1334 audit(1791017716.132:14): prog-id=9 op=LOAD
[  193.467427][  T425] type=1300 audit(1791017716.132:14): arch=c00000b7 syscall=280 success=yes exit=19 a0=5 a1=7fe1a51c60 a2=98 a3=b400007765215d2c items=0 ppid=1 auid=4294967295 uid=0 gid=0 euid=0 suid=0 fsuid=0 egid=0 sgid=0 fsgid=0 tty=(none) ses=4294967295 comm="netbpfload" exe="/apex/com.android.tethering/bin/netbpfload" subj=u:r:bpfloader:s0 key=(null)
[  193.482901][  T425] type=1327 audit(1791017716.132:14): proctitle="/apex/com.android.tethering/bin/netbpfload"
[  193.483998][  T425] type=1320 audit(1791017716.132:14): 
[  193.662790][  T425] type=1334 audit(1791017716.324:15): prog-id=10 op=LOAD
[  193.707405][  T425] type=1300 audit(1791017716.324:15): arch=c00000b7 syscall=280 success=yes exit=3 a0=5 a1=7fe1a50300 a2=94 a3=2 items=0 ppid=1 auid=4294967295 uid=0 gid=0 euid=0 suid=0 fsuid=0 egid=0 sgid=0 fsgid=0 tty=(none) ses=4294967295 comm="netbpfload" exe="/apex/com.android.tethering/bin/netbpfload" subj=u:r:bpfloader:s0 key=(null)
[  193.762761][  T425] type=1327 audit(1791017716.324:15): proctitle="/apex/com.android.tethering/bin/netbpfload"
[  193.785063][  T425] type=1320 audit(1791017716.324:15): 
[  193.787097][  T425] type=1334 audit(1791017716.360:16): prog-id=10 op=UNLOAD
[  193.810802][  T425] type=1300 audit(1791017716.360:16): arch=c00000b7 syscall=57 success=yes exit=0 a0=3 a1=0 a2=78ed3c64d0 a3=2 items=0 ppid=1 auid=4294967295 uid=0 gid=0 euid=0 suid=0 fsuid=0 egid=0 sgid=0 fsgid=0 tty=(none) ses=4294967295 comm="netbpfload" exe="/apex/com.android.tethering/bin/netbpfload" subj=u:r:bpfloader:s0 key=(null)
[  193.840681][  T425] type=1327 audit(1791017716.360:16): proctitle="/apex/com.android.tethering/bin/netbpfload"
[  193.847375][  T425] type=1320 audit(1791017716.360:16): 
[  193.877159][  T425] type=1334 audit(1791017716.456:17): prog-id=11 op=LOAD
[  193.901635][  T425] type=1300 audit(1791017716.456:17): arch=c00000b7 syscall=280 success=yes exit=9 a0=5 a1=7fe1a501f8 a2=40 a3=0 items=0 ppid=1 auid=4294967295 uid=0 gid=0 euid=0 suid=0 fsuid=0 egid=0 sgid=0 fsgid=0 tty=(none) ses=4294967295 comm="netbpfload" exe="/apex/com.android.tethering/bin/netbpfload" subj=u:r:bpfloader:s0 key=(null)
[  193.910722][  T425] type=1327 audit(1791017716.456:17): proctitle="/apex/com.android.tethering/bin/netbpfload"
[  193.920857][  T425] type=1320 audit(1791017716.456:17): 
[  193.923728][  T425] type=1334 audit(1791017716.480:18): prog-id=11 op=UNLOAD
[  193.930587][  T425] type=1300 audit(1791017716.480:18): arch=c00000b7 syscall=57 success=yes exit=0 a0=9 a1=0 a2=78ed3c6500 a3=0 items=0 ppid=1 auid=4294967295 uid=0 gid=0 euid=0 suid=0 fsuid=0 egid=0 sgid=0 fsgid=0 tty=(none) ses=4294967295 comm="netbpfload" exe="/apex/com.android.tethering/bin/netbpfload" subj=u:r:bpfloader:s0 key=(null)
[  193.947917][  T425] type=1327 audit(1791017716.480:18): proctitle="/apex/com.android.tethering/bin/netbpfload"
[  193.948450][  T425] type=1320 audit(1791017716.480:18): 
[  194.009209][  T425] type=1334 audit(1791017716.680:19): prog-id=12 op=LOAD
[  194.059470][  T425] type=1300 audit(1791017716.680:19): arch=c00000b7 syscall=280 success=yes exit=3 a0=5 a1=7fe1a50300 a2=94 a3=2 items=0 ppid=1 auid=4294967295 uid=0 gid=0 euid=0 suid=0 fsuid=0 egid=0 sgid=0 fsgid=0 tty=(none) ses=4294967295 comm="netbpfload" exe="/apex/com.android.tethering/bin/netbpfload" subj=u:r:bpfloader:s0 key=(null)
[  194.069344][  T425] type=1327 audit(1791017716.680:19): proctitle="/apex/com.android.tethering/bin/netbpfload"
[  194.069912][  T425] type=1320 audit(1791017716.680:19): 
[  194.070244][  T425] type=1334 audit(1791017716.696:20): prog-id=12 op=UNLOAD
[  194.076456][  T425] type=1300 audit(1791017716.696:20): arch=c00000b7 syscall=57 success=yes exit=0 a0=3 a1=0 a2=78ed3c64d0 a3=2 items=0 ppid=1 auid=4294967295 uid=0 gid=0 euid=0 suid=0 fsuid=0 egid=0 sgid=0 fsgid=0 tty=(none) ses=4294967295 comm="netbpfload" exe="/apex/com.android.tethering/bin/netbpfload" subj=u:r:bpfloader:s0 key=(null)
[  194.093901][  T425] type=1327 audit(1791017716.696:20): proctitle="/apex/com.android.tethering/bin/netbpfload"
[  194.094482][  T425] type=1320 audit(1791017716.696:20): 
[  194.094800][  T425] type=1334 audit(1791017716.704:21): prog-id=13 op=LOAD
[  194.097120][  T425] type=1300 audit(1791017716.704:21): arch=c00000b7 syscall=280 success=yes exit=6 a0=5 a1=7fe1a50180 a2=94 a3=4 items=0 ppid=1 auid=4294967295 uid=0 gid=0 euid=0 suid=0 fsuid=0 egid=0 sgid=0 fsgid=0 tty=(none) ses=4294967295 comm="netbpfload" exe="/apex/com.android.tethering/bin/netbpfload" subj=u:r:bpfloader:s0 key=(null)
[  194.101768][  T425] type=1327 audit(1791017716.704:21): proctitle="/apex/com.android.tethering/bin/netbpfload"
[  194.102731][  T425] type=1320 audit(1791017716.704:21): 
[  194.103117][  T425] type=1334 audit(1791017716.772:22): prog-id=13 op=UNLOAD
[  194.106499][  T425] type=1300 audit(1791017716.772:22): arch=c00000b7 syscall=57 success=yes exit=0 a0=6 a1=0 a2=78ed3c64e8 a3=4 items=0 ppid=1 auid=4294967295 uid=0 gid=0 euid=0 suid=0 fsuid=0 egid=0 sgid=0 fsgid=0 tty=(none) ses=4294967295 comm="netbpfload" exe="/apex/com.android.tethering/bin/netbpfload" subj=u:r:bpfloader:s0 key=(null)
[  194.115717][  T425] type=1327 audit(1791017716.772:22): proctitle="/apex/com.android.tethering/bin/netbpfload"
[  194.116524][  T425] type=1320 audit(1791017716.772:22): 
[  194.117165][  T425] type=1334 audit(1791017716.776:23): prog-id=14 op=LOAD
[  194.117599][  T425] type=1300 audit(1791017716.776:23): arch=c00000b7 syscall=280 success=yes exit=6 a0=5 a1=7fe1a50300 a2=94 a3=17f items=0 ppid=1 auid=4294967295 uid=0 gid=0 euid=0 suid=0 fsuid=0 egid=0 sgid=0 fsgid=0 tty=(none) ses=4294967295 comm="netbpfload" exe="/apex/com.android.tethering/bin/netbpfload" subj=u:r:bpfloader:s0 key=(null)
[  194.119062][  T425] type=1327 audit(1791017716.776:23): proctitle="/apex/com.android.tethering/bin/netbpfload"
[  194.119066][  T425] type=1320 audit(1791017716.776:23): 
[  194.119070][  T425] type=1334 audit(1791017716.788:24): prog-id=15 op=LOAD
[  194.119170][  T425] type=1300 audit(1791017716.788:24): arch=c00000b7 syscall=280 success=yes exit=7 a0=5 a1=7fe1a50300 a2=94 a3=12e items=0 ppid=1 auid=4294967295 uid=0 gid=0 euid=0 suid=0 fsuid=0 egid=0 sgid=0 fsgid=0 tty=(none) ses=4294967295 comm="netbpfload" exe="/apex/com.android.tethering/bin/netbpfload" subj=u:r:bpfloader:s0 key=(null)
[  194.122971][  T425] type=1327 audit(1791017716.788:24): proctitle="/apex/com.android.tethering/bin/netbpfload"
[  194.135761][  T425] type=1320 audit(1791017716.788:24): 
[  194.138633][  T425] type=1334 audit(1791017716.792:25): prog-id=16 op=LOAD
[  194.143267][  T425] type=1300 audit(1791017716.792:25): arch=c00000b7 syscall=280 success=yes exit=8 a0=5 a1=7fe1a50300 a2=94 a3=f7 items=0 ppid=1 auid=4294967295 uid=0 gid=0 euid=0 suid=0 fsuid=0 egid=0 sgid=0 fsgid=0 tty=(none) ses=4294967295 comm="netbpfload" exe="/apex/com.android.tethering/bin/netbpfload" subj=u:r:bpfloader:s0 key=(null)
[  194.146662][  T425] type=1327 audit(1791017716.792:25): proctitle="/apex/com.android.tethering/bin/netbpfload"
[  194.147165][  T425] type=1320 audit(1791017716.792:25): 
[  194.154452][  T425] type=1334 audit(1791017716.844:26): prog-id=17 op=LOAD
[  194.182711][  T425] type=1300 audit(1791017716.844:26): arch=c00000b7 syscall=280 success=yes exit=3 a0=5 a1=7fe1a50300 a2=94 a3=2 items=0 ppid=1 auid=4294967295 uid=0 gid=0 euid=0 suid=0 fsuid=0 egid=0 sgid=0 fsgid=0 tty=(none) ses=4294967295 comm="netbpfload" exe="/apex/com.android.tethering/bin/netbpfload" subj=u:r:bpfloader:s0 key=(null)
[  194.191104][  T425] type=1327 audit(1791017716.844:26): proctitle="/apex/com.android.tethering/bin/netbpfload"
[  194.191569][  T425] type=1320 audit(1791017716.844:26): 
[  194.191833][  T425] type=1334 audit(1791017716.844:27): prog-id=17 op=UNLOAD
[  194.192201][  T425] type=1300 audit(1791017716.844:27): arch=c00000b7 syscall=57 success=yes exit=0 a0=3 a1=0 a2=78ed3c64d0 a3=2 items=0 ppid=1 auid=4294967295 uid=0 gid=0 euid=0 suid=0 fsuid=0 egid=0 sgid=0 fsgid=0 tty=(none) ses=4294967295 comm="netbpfload" exe="/apex/com.android.tethering/bin/netbpfload" subj=u:r:bpfloader:s0 key=(null)
[  194.205243][  T425] type=1327 audit(1791017716.844:27): proctitle="/apex/com.android.tethering/bin/netbpfload"
[  194.207750][  T425] type=1320 audit(1791017716.844:27): 
[  194.216728][  T425] type=1334 audit(1791017716.848:28): prog-id=18 op=LOAD
[  194.219182][  T425] type=1300 audit(1791017716.848:28): arch=c00000b7 syscall=280 success=yes exit=7 a0=5 a1=7fe1a50300 a2=94 a3=1eb items=0 ppid=1 auid=4294967295 uid=0 gid=0 euid=0 suid=0 fsuid=0 egid=0 sgid=0 fsgid=0 tty=(none) ses=4294967295 comm="netbpfload" exe="/apex/com.android.tethering/bin/netbpfload" subj=u:r:bpfloader:s0 key=(null)
[  194.221119][  T425] type=1327 audit(1791017716.848:28): proctitle="/apex/com.android.tethering/bin/netbpfload"
[  194.221613][  T425] type=1320 audit(1791017716.848:28): 
[  194.254496][  T425] type=1334 audit(1791017716.944:29): prog-id=19 op=LOAD
[  194.256108][  T425] type=1300 audit(1791017716.944:29): arch=c00000b7 syscall=280 success=yes exit=3 a0=5 a1=7fe1a50300 a2=94 a3=2 items=0 ppid=1 auid=4294967295 uid=0 gid=0 euid=0 suid=0 fsuid=0 egid=0 sgid=0 fsgid=0 tty=(none) ses=4294967295 comm="netbpfload" exe="/apex/com.android.tethering/bin/netbpfload" subj=u:r:bpfloader:s0 key=(null)
[  194.287145][  T425] type=1327 audit(1791017716.944:29): proctitle="/apex/com.android.tethering/bin/netbpfload"
[  194.300117][  T425] type=1320 audit(1791017716.944:29): 
[  194.303125][  T425] type=1334 audit(1791017716.944:30): prog-id=19 op=UNLOAD
[  194.307475][  T425] type=1300 audit(1791017716.944:30): arch=c00000b7 syscall=57 success=yes exit=0 a0=3 a1=0 a2=78ed3c64d0 a3=2 items=0 ppid=1 auid=4294967295 uid=0 gid=0 euid=0 suid=0 fsuid=0 egid=0 sgid=0 fsgid=0 tty=(none) ses=4294967295 comm="netbpfload" exe="/apex/com.android.tethering/bin/netbpfload" subj=u:r:bpfloader:s0 key=(null)
[  194.334483][  T425] type=1327 audit(1791017716.944:30): proctitle="/apex/com.android.tethering/bin/netbpfload"
[  194.342540][  T425] type=1320 audit(1791017716.944:30): 
[  194.556281][  T425] type=1334 audit(1791017717.176:31): prog-id=20 op=LOAD
[  194.567740][  T425] type=1300 audit(1791017717.176:31): arch=c00000b7 syscall=280 success=yes exit=41 a0=5 a1=7fe1a50300 a2=94 a3=50 items=0 ppid=1 auid=4294967295 uid=0 gid=0 euid=0 suid=0 fsuid=0 egid=0 sgid=0 fsgid=0 tty=(none) ses=4294967295 comm="netbpfload" exe="/apex/com.android.tethering/bin/netbpfload" subj=u:r:bpfloader:s0 key=(null)
[  194.569572][  T425] type=1327 audit(1791017717.176:31): proctitle="/apex/com.android.tethering/bin/netbpfload"
[  194.570055][  T425] type=1320 audit(1791017717.176:31): 
[  194.571977][  T425] type=1334 audit(1791017717.248:32): prog-id=21 op=LOAD
[  194.575613][  T425] type=1300 audit(1791017717.248:32): arch=c00000b7 syscall=280 success=yes exit=42 a0=5 a1=7fe1a50300 a2=94 a3=7c items=0 ppid=1 auid=4294967295 uid=0 gid=0 euid=0 suid=0 fsuid=0 egid=0 sgid=0 fsgid=0 tty=(none) ses=4294967295 comm="netbpfload" exe="/apex/com.android.tethering/bin/netbpfload" subj=u:r:bpfloader:s0 key=(null)
[  194.611742][  T425] type=1327 audit(1791017717.248:32): proctitle="/apex/com.android.tethering/bin/netbpfload"
[  194.614908][  T425] type=1320 audit(1791017717.248:32): 
[  194.618562][  T425] type=1334 audit(1791017717.260:33): prog-id=22 op=LOAD
[  194.625985][  T425] type=1300 audit(1791017717.260:33): arch=c00000b7 syscall=280 success=yes exit=43 a0=5 a1=7fe1a50300 a2=94 a3=7c items=0 ppid=1 auid=4294967295 uid=0 gid=0 euid=0 suid=0 fsuid=0 egid=0 sgid=0 fsgid=0 tty=(none) ses=4294967295 comm="netbpfload" exe="/apex/com.android.tethering/bin/netbpfload" subj=u:r:bpfloader:s0 key=(null)
[  194.640014][  T425] type=1327 audit(1791017717.260:33): proctitle="/apex/com.android.tethering/bin/netbpfload"
[  194.646771][  T425] type=1320 audit(1791017717.260:33): 
[  194.694276][  T425] type=1334 audit(1791017717.264:34): prog-id=23 op=LOAD
[  194.706276][  T425] type=1300 audit(1791017717.264:34): arch=c00000b7 syscall=280 success=yes exit=44 a0=5 a1=7fe1a50300 a2=94 a3=587 items=0 ppid=1 auid=4294967295 uid=0 gid=0 euid=0 suid=0 fsuid=0 egid=0 sgid=0 fsgid=0 tty=(none) ses=4294967295 comm="netbpfload" exe="/apex/com.android.tethering/bin/netbpfload" subj=u:r:bpfloader:s0 key=(null)
[  194.723204][  T425] type=1327 audit(1791017717.264:34): proctitle="/apex/com.android.tethering/bin/netbpfload"
[  194.728813][  T425] type=1320 audit(1791017717.264:34): 
[  194.741278][  T425] type=1334 audit(1791017717.384:35): prog-id=24 op=LOAD
[  194.741579][  T425] type=1300 audit(1791017717.384:35): arch=c00000b7 syscall=280 success=yes exit=45 a0=5 a1=7fe1a50300 a2=94 a3=6c2 items=0 ppid=1 auid=4294967295 uid=0 gid=0 euid=0 suid=0 fsuid=0 egid=0 sgid=0 fsgid=0 tty=(none) ses=4294967295 comm="netbpfload" exe="/apex/com.android.tethering/bin/netbpfload" subj=u:r:bpfloader:s0 key=(null)
[  194.742852][  T425] type=1327 audit(1791017717.384:35): proctitle="/apex/com.android.tethering/bin/netbpfload"
[  194.743697][  T425] type=1320 audit(1791017717.384:35): 
[  194.743939][  T425] type=1334 audit(1791017717.432:36): prog-id=25 op=LOAD
[  194.744242][  T425] type=1300 audit(1791017717.432:36): arch=c00000b7 syscall=280 success=yes exit=46 a0=5 a1=7fe1a50300 a2=94 a3=46 items=0 ppid=1 auid=4294967295 uid=0 gid=0 euid=0 suid=0 fsuid=0 egid=0 sgid=0 fsgid=0 tty=(none) ses=4294967295 comm="netbpfload" exe="/apex/com.android.tethering/bin/netbpfload" subj=u:r:bpfloader:s0 key=(null)
[  194.745443][  T425] type=1327 audit(1791017717.432:36): proctitle="/apex/com.android.tethering/bin/netbpfload"
[  194.745870][  T425] type=1320 audit(1791017717.432:36): 
[  194.746179][  T425] type=1334 audit(1791017717.436:37): prog-id=26 op=LOAD
[  194.746541][  T425] type=1300 audit(1791017717.436:37): arch=c00000b7 syscall=280 success=yes exit=47 a0=5 a1=7fe1a50300 a2=94 a3=35 items=0 ppid=1 auid=4294967295 uid=0 gid=0 euid=0 suid=0 fsuid=0 egid=0 sgid=0 fsgid=0 tty=(none) ses=4294967295 comm="netbpfload" exe="/apex/com.android.tethering/bin/netbpfload" subj=u:r:bpfloader:s0 key=(null)
[  194.748089][  T425] type=1327 audit(1791017717.436:37): proctitle="/apex/com.android.tethering/bin/netbpfload"
[  194.748532][  T425] type=1320 audit(1791017717.436:37): 
[  194.748767][  T425] type=1334 audit(1791017717.436:38): prog-id=27 op=LOAD
[  194.749110][  T425] type=1300 audit(1791017717.436:38): arch=c00000b7 syscall=280 success=yes exit=48 a0=5 a1=7fe1a50300 a2=94 a3=37 items=0 ppid=1 auid=4294967295 uid=0 gid=0 euid=0 suid=0 fsuid=0 egid=0 sgid=0 fsgid=0 tty=(none) ses=4294967295 comm="netbpfload" exe="/apex/com.android.tethering/bin/netbpfload" subj=u:r:bpfloader:s0 key=(null)
[  194.750279][  T425] type=1327 audit(1791017717.436:38): proctitle="/apex/com.android.tethering/bin/netbpfload"
[  194.750993][  T425] type=1320 audit(1791017717.436:38): 
[  194.751266][  T425] type=1334 audit(1791017717.436:39): prog-id=28 op=LOAD
[  194.751740][  T425] type=1300 audit(1791017717.436:39): arch=c00000b7 syscall=280 success=yes exit=49 a0=5 a1=7fe1a50300 a2=94 a3=1c items=0 ppid=1 auid=4294967295 uid=0 gid=0 euid=0 suid=0 fsuid=0 egid=0 sgid=0 fsgid=0 tty=(none) ses=4294967295 comm="netbpfload" exe="/apex/com.android.tethering/bin/netbpfload" subj=u:r:bpfloader:s0 key=(null)
[  194.753116][  T425] type=1327 audit(1791017717.436:39): proctitle="/apex/com.android.tethering/bin/netbpfload"
[  194.753804][  T425] type=1320 audit(1791017717.436:39): 
[  194.754068][  T425] type=1334 audit(1791017717.436:40): prog-id=29 op=LOAD
[  194.754881][  T425] type=1300 audit(1791017717.436:40): arch=c00000b7 syscall=280 success=yes exit=50 a0=5 a1=7fe1a50300 a2=94 a3=10 items=0 ppid=1 auid=4294967295 uid=0 gid=0 euid=0 suid=0 fsuid=0 egid=0 sgid=0 fsgid=0 tty=(none) ses=4294967295 comm="netbpfload" exe="/apex/com.android.tethering/bin/netbpfload" subj=u:r:bpfloader:s0 key=(null)
[  194.756497][  T425] type=1327 audit(1791017717.436:40): proctitle="/apex/com.android.tethering/bin/netbpfload"
[  194.756972][  T425] type=1320 audit(1791017717.436:40): 
[  194.757356][  T425] type=1334 audit(1791017717.440:41): prog-id=30 op=LOAD
[  194.757685][  T425] type=1300 audit(1791017717.440:41): arch=c00000b7 syscall=280 success=yes exit=51 a0=5 a1=7fe1a50300 a2=94 a3=5b items=0 ppid=1 auid=4294967295 uid=0 gid=0 euid=0 suid=0 fsuid=0 egid=0 sgid=0 fsgid=0 tty=(none) ses=4294967295 comm="netbpfload" exe="/apex/com.android.tethering/bin/netbpfload" subj=u:r:bpfloader:s0 key=(null)
[  194.759125][  T425] type=1327 audit(1791017717.440:41): proctitle="/apex/com.android.tethering/bin/netbpfload"
[  194.759626][  T425] type=1320 audit(1791017717.440:41): 
[  194.759861][  T425] type=1334 audit(1791017717.440:42): prog-id=31 op=LOAD
[  194.760204][  T425] type=1300 audit(1791017717.440:42): arch=c00000b7 syscall=280 success=yes exit=52 a0=5 a1=7fe1a50300 a2=94 a3=a items=0 ppid=1 auid=4294967295 uid=0 gid=0 euid=0 suid=0 fsuid=0 egid=0 sgid=0 fsgid=0 tty=(none) ses=4294967295 comm="netbpfload" exe="/apex/com.android.tethering/bin/netbpfload" subj=u:r:bpfloader:s0 key=(null)
[  194.761591][  T425] type=1327 audit(1791017717.440:42): proctitle="/apex/com.android.tethering/bin/netbpfload"
[  194.762503][  T425] type=1320 audit(1791017717.440:42): 
[  194.763242][  T425] type=1334 audit(1791017717.440:43): prog-id=32 op=LOAD
[  194.763653][  T425] type=1300 audit(1791017717.440:43): arch=c00000b7 syscall=280 success=yes exit=53 a0=5 a1=7fe1a50300 a2=94 a3=63 items=0 ppid=1 auid=4294967295 uid=0 gid=0 euid=0 suid=0 fsuid=0 egid=0 sgid=0 fsgid=0 tty=(none) ses=4294967295 comm="netbpfload" exe="/apex/com.android.tethering/bin/netbpfload" subj=u:r:bpfloader:s0 key=(null)
[  194.765153][  T425] type=1327 audit(1791017717.440:43): proctitle="/apex/com.android.tethering/bin/netbpfload"
[  194.765633][  T425] type=1320 audit(1791017717.440:43): 
[  194.766718][  T425] type=1334 audit(1791017717.444:44): prog-id=33 op=LOAD
[  194.772932][  T425] type=1300 audit(1791017717.444:44): arch=c00000b7 syscall=280 success=yes exit=54 a0=5 a1=7fe1a50300 a2=94 a3=63 items=0 ppid=1 auid=4294967295 uid=0 gid=0 euid=0 suid=0 fsuid=0 egid=0 sgid=0 fsgid=0 tty=(none) ses=4294967295 comm="netbpfload" exe="/apex/com.android.tethering/bin/netbpfload" subj=u:r:bpfloader:s0 key=(null)
[  194.775622][  T425] type=1327 audit(1791017717.444:44): proctitle="/apex/com.android.tethering/bin/netbpfload"
[  194.776370][  T425] type=1320 audit(1791017717.444:44): 
[  194.776628][  T425] type=1334 audit(1791017717.444:45): prog-id=34 op=LOAD
[  194.776968][  T425] type=1300 audit(1791017717.444:45): arch=c00000b7 syscall=280 success=yes exit=55 a0=5 a1=7fe1a50300 a2=94 a3=2 items=0 ppid=1 auid=4294967295 uid=0 gid=0 euid=0 suid=0 fsuid=0 egid=0 sgid=0 fsgid=0 tty=(none) ses=4294967295 comm="netbpfload" exe="/apex/com.android.tethering/bin/netbpfload" subj=u:r:bpfloader:s0 key=(null)
[  194.778265][  T425] type=1327 audit(1791017717.444:45): proctitle="/apex/com.android.tethering/bin/netbpfload"
[  194.779414][  T425] type=1320 audit(1791017717.444:45): 
[  194.779761][  T425] type=1334 audit(1791017717.444:46): prog-id=35 op=LOAD
[  194.780130][  T425] type=1300 audit(1791017717.444:46): arch=c00000b7 syscall=280 success=yes exit=56 a0=5 a1=7fe1a50300 a2=94 a3=2 items=0 ppid=1 auid=4294967295 uid=0 gid=0 euid=0 suid=0 fsuid=0 egid=0 sgid=0 fsgid=0 tty=(none) ses=4294967295 comm="netbpfload" exe="/apex/com.android.tethering/bin/netbpfload" subj=u:r:bpfloader:s0 key=(null)
[  194.781312][  T425] type=1327 audit(1791017717.444:46): proctitle="/apex/com.android.tethering/bin/netbpfload"
[  194.781899][  T425] type=1320 audit(1791017717.444:46): 
[  194.782216][  T425] type=1334 audit(1791017717.448:47): prog-id=36 op=LOAD
[  194.783331][  T425] type=1300 audit(1791017717.448:47): arch=c00000b7 syscall=280 success=yes exit=57 a0=5 a1=7fe1a50300 a2=94 a3=2 items=0 ppid=1 auid=4294967295 uid=0 gid=0 euid=0 suid=0 fsuid=0 egid=0 sgid=0 fsgid=0 tty=(none) ses=4294967295 comm="netbpfload" exe="/apex/com.android.tethering/bin/netbpfload" subj=u:r:bpfloader:s0 key=(null)
[  194.785178][  T425] type=1327 audit(1791017717.448:47): proctitle="/apex/com.android.tethering/bin/netbpfload"
[  194.785653][  T425] type=1320 audit(1791017717.448:47): 
[  194.785934][  T425] type=1334 audit(1791017717.448:48): prog-id=37 op=LOAD
[  194.786277][  T425] type=1300 audit(1791017717.448:48): arch=c00000b7 syscall=280 success=yes exit=58 a0=5 a1=7fe1a50300 a2=94 a3=2 items=0 ppid=1 auid=4294967295 uid=0 gid=0 euid=0 suid=0 fsuid=0 egid=0 sgid=0 fsgid=0 tty=(none) ses=4294967295 comm="netbpfload" exe="/apex/com.android.tethering/bin/netbpfload" subj=u:r:bpfloader:s0 key=(null)
[  194.787989][  T425] type=1327 audit(1791017717.448:48): proctitle="/apex/com.android.tethering/bin/netbpfload"
[  194.788510][  T425] type=1320 audit(1791017717.448:48): 
[  194.788801][  T425] type=1334 audit(1791017717.452:49): prog-id=38 op=LOAD
[  194.789356][  T425] type=1300 audit(1791017717.452:49): arch=c00000b7 syscall=280 success=yes exit=59 a0=5 a1=7fe1a50300 a2=94 a3=2 items=0 ppid=1 auid=4294967295 uid=0 gid=0 euid=0 suid=0 fsuid=0 egid=0 sgid=0 fsgid=0 tty=(none) ses=4294967295 comm="netbpfload" exe="/apex/com.android.tethering/bin/netbpfload" subj=u:r:bpfloader:s0 key=(null)
[  194.790607][  T425] type=1327 audit(1791017717.452:49): proctitle="/apex/com.android.tethering/bin/netbpfload"
[  194.790611][  T425] type=1320 audit(1791017717.452:49): 
[  194.790614][  T425] type=1334 audit(1791017717.452:50): prog-id=39 op=LOAD
[  194.790619][  T425] type=1300 audit(1791017717.452:50): arch=c00000b7 syscall=280 success=yes exit=60 a0=5 a1=7fe1a50300 a2=94 a3=2 items=0 ppid=1 auid=4294967295 uid=0 gid=0 euid=0 suid=0 fsuid=0 egid=0 sgid=0 fsgid=0 tty=(none) ses=4294967295 comm="netbpfload" exe="/apex/com.android.tethering/bin/netbpfload" subj=u:r:bpfloader:s0 key=(null)
[  194.790804][  T425] type=1327 audit(1791017717.452:50): proctitle="/apex/com.android.tethering/bin/netbpfload"
[  194.791515][  T425] type=1320 audit(1791017717.452:50): 
[  194.793076][  T425] type=1334 audit(1791017717.452:51): prog-id=40 op=LOAD
[  194.793082][  T425] type=1300 audit(1791017717.452:51): arch=c00000b7 syscall=280 success=yes exit=61 a0=5 a1=7fe1a50300 a2=94 a3=50 items=0 ppid=1 auid=4294967295 uid=0 gid=0 euid=0 suid=0 fsuid=0 egid=0 sgid=0 fsgid=0 tty=(none) ses=4294967295 comm="netbpfload" exe="/apex/com.android.tethering/bin/netbpfload" subj=u:r:bpfloader:s0 key=(null)
[  194.793087][  T425] type=1327 audit(1791017717.452:51): proctitle="/apex/com.android.tethering/bin/netbpfload"
[  194.793091][  T425] type=1320 audit(1791017717.452:51): 
[  194.793094][  T425] type=1334 audit(1791017717.456:52): prog-id=41 op=LOAD
[  194.793098][  T425] type=1300 audit(1791017717.456:52): arch=c00000b7 syscall=280 success=yes exit=62 a0=5 a1=7fe1a50300 a2=94 a3=43 items=0 ppid=1 auid=4294967295 uid=0 gid=0 euid=0 suid=0 fsuid=0 egid=0 sgid=0 fsgid=0 tty=(none) ses=4294967295 comm="netbpfload" exe="/apex/com.android.tethering/bin/netbpfload" subj=u:r:bpfloader:s0 key=(null)
[  194.793225][  T425] type=1327 audit(1791017717.456:52): proctitle="/apex/com.android.tethering/bin/netbpfload"
[  194.793231][  T425] type=1320 audit(1791017717.456:52): 
[  194.818934][  T605] NetBpfLoad: done, transferring control to uprobestatsbpfload.
[  195.268546][  T605] UprobeStatsBpfLoad: UprobeStatsBpfLoad loading optional ELF object /apex/com.android.uprobestats/etc/bpf/uprobestats/BitmapAllocation.o with license GPL
[  195.408506][  T425] type=1334 audit(1791017718.092:53): prog-id=42 op=LOAD
[  195.414652][  T425] type=1300 audit(1791017718.092:53): arch=c00000b7 syscall=280 success=yes exit=8 a0=5 a1=7fda4c3d80 a2=a8 a3=b40000715f6047df items=0 ppid=1 auid=4294967295 uid=0 gid=0 euid=0 suid=0 fsuid=0 egid=0 sgid=0 fsgid=0 tty=(none) ses=4294967295 comm="uprobestatsbpfl" exe="/apex/com.android.uprobestats/bin/uprobestatsbpfload" subj=u:r:bpfloader:s0 key=(null)
[  195.416202][  T425] type=1327 audit(1791017718.092:53): proctitle="/apex/com.android.tethering/bin/netbpfload"
[  195.416609][  T425] type=1320 audit(1791017718.092:53): 
[  195.417155][  T425] type=1334 audit(1791017718.096:54): prog-id=43 op=LOAD
[  195.417661][  T425] type=1300 audit(1791017718.096:54): arch=c00000b7 syscall=280 success=yes exit=9 a0=5 a1=7fda4c3d80 a2=a8 a3=b40000719f607e20 items=0 ppid=1 auid=4294967295 uid=0 gid=0 euid=0 suid=0 fsuid=0 egid=0 sgid=0 fsgid=0 tty=(none) ses=4294967295 comm="uprobestatsbpfl" exe="/apex/com.android.uprobestats/bin/uprobestatsbpfload" subj=u:r:bpfloader:s0 key=(null)
[  195.419552][  T425] type=1327 audit(1791017718.096:54): proctitle="/apex/com.android.tethering/bin/netbpfload"
[  195.420131][  T425] type=1320 audit(1791017718.096:54): 
[  195.420618][  T425] type=1334 audit(1791017718.104:55): prog-id=44 op=LOAD
[  195.420931][  T425] type=1300 audit(1791017718.104:55): arch=c00000b7 syscall=280 success=yes exit=10 a0=5 a1=7fda4c3d80 a2=a8 a3=b40000715f604a1f items=0 ppid=1 auid=4294967295 uid=0 gid=0 euid=0 suid=0 fsuid=0 egid=0 sgid=0 fsgid=0 tty=(none) ses=4294967295 comm="uprobestatsbpfl" exe="/apex/com.android.uprobestats/bin/uprobestatsbpfload" subj=u:r:bpfloader:s0 key=(null)
[  195.422203][  T425] type=1327 audit(1791017718.104:55): proctitle="/apex/com.android.tethering/bin/netbpfload"
[  195.422930][  T425] type=1320 audit(1791017718.104:55): 
[  195.423218][  T425] type=1334 audit(1791017718.108:56): prog-id=45 op=LOAD
[  195.423487][  T425] type=1300 audit(1791017718.108:56): arch=c00000b7 syscall=280 success=yes exit=11 a0=5 a1=7fda4c3d80 a2=a8 a3=b40000715f60469f items=0 ppid=1 auid=4294967295 uid=0 gid=0 euid=0 suid=0 fsuid=0 egid=0 sgid=0 fsgid=0 tty=(none) ses=4294967295 comm="uprobestatsbpfl" exe="/apex/com.android.uprobestats/bin/uprobestatsbpfload" subj=u:r:bpfloader:s0 key=(null)
[  195.438737][  T425] type=1327 audit(1791017718.108:56): proctitle="/apex/com.android.tethering/bin/netbpfload"
[  195.439139][  T425] type=1320 audit(1791017718.108:56): 
[  195.439336][  T425] type=1334 audit(1791017718.112:57): prog-id=46 op=LOAD
[  195.439773][  T425] type=1300 audit(1791017718.112:57): arch=c00000b7 syscall=280 success=yes exit=12 a0=5 a1=7fda4c3d80 a2=a8 a3=b40000715f60429f items=0 ppid=1 auid=4294967295 uid=0 gid=0 euid=0 suid=0 fsuid=0 egid=0 sgid=0 fsgid=0 tty=(none) ses=4294967295 comm="uprobestatsbpfl" exe="/apex/com.android.uprobestats/bin/uprobestatsbpfload" subj=u:r:bpfloader:s0 key=(null)
[  195.441235][  T425] type=1327 audit(1791017718.112:57): proctitle="/apex/com.android.tethering/bin/netbpfload"
[  195.441941][  T425] type=1320 audit(1791017718.112:57): 
[  195.442150][  T425] type=1334 audit(1791017718.112:58): prog-id=47 op=LOAD
[  195.442591][  T605] UprobeStatsBpfLoad: UprobeStatsBpfLoad loading optional ELF object /apex/com.android.uprobestats/etc/bpf/uprobestats/Binder.o with license GPL
[  195.442744][  T425] type=1300 audit(1791017718.112:58): arch=c00000b7 syscall=280 success=yes exit=13 a0=5 a1=7fda4c3d80 a2=a8 a3=b40000715f6048df items=0 ppid=1 auid=4294967295 uid=0 gid=0 euid=0 suid=0 fsuid=0 egid=0 sgid=0 fsgid=0 tty=(none) ses=4294967295 comm="uprobestatsbpfl" exe="/apex/com.android.uprobestats/bin/uprobestatsbpfload" subj=u:r:bpfloader:s0 key=(null)
[  195.469058][  T425] type=1327 audit(1791017718.112:58): proctitle="/apex/com.android.tethering/bin/netbpfload"
[  195.469750][  T425] type=1320 audit(1791017718.112:58): 
[  195.480673][  T425] type=1334 audit(1791017718.164:59): prog-id=48 op=LOAD
[  195.480963][  T425] type=1300 audit(1791017718.164:59): arch=c00000b7 syscall=280 success=yes exit=7 a0=5 a1=7fda4c3d80 a2=a8 a3=b40000715f6047df items=0 ppid=1 auid=4294967295 uid=0 gid=0 euid=0 suid=0 fsuid=0 egid=0 sgid=0 fsgid=0 tty=(none) ses=4294967295 comm="uprobestatsbpfl" exe="/apex/com.android.uprobestats/bin/uprobestatsbpfload" subj=u:r:bpfloader:s0 key=(null)
[  195.482760][  T425] type=1327 audit(1791017718.164:59): proctitle="/apex/com.android.tethering/bin/netbpfload"
[  195.483536][  T425] type=1320 audit(1791017718.164:59): 
[  195.484208][  T605] UprobeStatsBpfLoad: UprobeStatsBpfLoad loading optional ELF object /apex/com.android.uprobestats/etc/bpf/uprobestats/Accessibility.o with license GPL
[  195.487096][  T425] type=1334 audit(1791017718.176:60): prog-id=49 op=LOAD
[  195.487390][  T425] type=1300 audit(1791017718.176:60): arch=c00000b7 syscall=280 success=yes exit=6 a0=5 a1=7fda4c3d80 a2=a8 a3=b40000715f604a1f items=0 ppid=1 auid=4294967295 uid=0 gid=0 euid=0 suid=0 fsuid=0 egid=0 sgid=0 fsgid=0 tty=(none) ses=4294967295 comm="uprobestatsbpfl" exe="/apex/com.android.uprobestats/bin/uprobestatsbpfload" subj=u:r:bpfloader:s0 key=(null)
[  195.488790][  T425] type=1327 audit(1791017718.176:60): proctitle="/apex/com.android.tethering/bin/netbpfload"
[  195.489310][  T425] type=1320 audit(1791017718.176:60): 
[  195.490307][  T425] type=1334 audit(1791017718.180:61): prog-id=50 op=LOAD
[  195.490621][  T425] type=1300 audit(1791017718.180:61): arch=c00000b7 syscall=280 success=yes exit=7 a0=5 a1=7fda4c3d80 a2=a8 a3=b40000715f60469f items=0 ppid=1 auid=4294967295 uid=0 gid=0 euid=0 suid=0 fsuid=0 egid=0 sgid=0 fsgid=0 tty=(none) ses=4294967295 comm="uprobestatsbpfl" exe="/apex/com.android.uprobestats/bin/uprobestatsbpfload" subj=u:r:bpfloader:s0 key=(null)
[  195.491624][  T605] UprobeStatsBpfLoad: UprobeStatsBpfLoad loading optional ELF object /apex/com.android.uprobestats/etc/bpf/uprobestats/ArtTest.o with license GPL
[  195.491973][  T425] type=1327 audit(1791017718.180:61): proctitle="/apex/com.android.tethering/bin/netbpfload"
[  195.493150][  T425] type=1320 audit(1791017718.180:61): 
[  195.494646][  T425] type=1334 audit(1791017718.184:62): prog-id=51 op=LOAD
[  195.494910][  T425] type=1300 audit(1791017718.184:62): arch=c00000b7 syscall=280 success=yes exit=7 a0=5 a1=7fda4c3d80 a2=a8 a3=b40000715f60431f items=0 ppid=1 auid=4294967295 uid=0 gid=0 euid=0 suid=0 fsuid=0 egid=0 sgid=0 fsgid=0 tty=(none) ses=4294967295 comm="uprobestatsbpfl" exe="/apex/com.android.uprobestats/bin/uprobestatsbpfload" subj=u:r:bpfloader:s0 key=(null)
[  195.496351][  T425] type=1327 audit(1791017718.184:62): proctitle="/apex/com.android.tethering/bin/netbpfload"
[  195.497416][  T425] type=1320 audit(1791017718.184:62): 
[  195.497653][  T425] type=1334 audit(1791017718.184:63): prog-id=52 op=LOAD
[  195.497920][  T425] type=1300 audit(1791017718.184:63): arch=c00000b7 syscall=280 success=yes exit=8 a0=5 a1=7fda4c3d80 a2=a8 a3=b40000715f60429f items=0 ppid=1 auid=4294967295 uid=0 gid=0 euid=0 suid=0 fsuid=0 egid=0 sgid=0 fsgid=0 tty=(none) ses=4294967295 comm="uprobestatsbpfl" exe="/apex/com.android.uprobestats/bin/uprobestatsbpfload" subj=u:r:bpfloader:s0 key=(null)
[  195.499228][  T605] UprobeStatsBpfLoad: UprobeStatsBpfLoad loading optional ELF object /apex/com.android.uprobestats/etc/bpf/uprobestats/GenericInstrumentation.o with license GPL
[  195.499573][  T425] type=1327 audit(1791017718.184:63): proctitle="/apex/com.android.tethering/bin/netbpfload"
[  195.501449][  T425] type=1320 audit(1791017718.184:63): 
[  195.504189][  T425] type=1334 audit(1791017718.196:64): prog-id=53 op=LOAD
[  195.504441][  T425] type=1300 audit(1791017718.196:64): arch=c00000b7 syscall=280 success=yes exit=7 a0=5 a1=7fda4c3d80 a2=a8 a3=b40000719f607d68 items=0 ppid=1 auid=4294967295 uid=0 gid=0 euid=0 suid=0 fsuid=0 egid=0 sgid=0 fsgid=0 tty=(none) ses=4294967295 comm="uprobestatsbpfl" exe="/apex/com.android.uprobestats/bin/uprobestatsbpfload" subj=u:r:bpfloader:s0 key=(null)
[  195.505922][  T425] type=1327 audit(1791017718.196:64): proctitle="/apex/com.android.tethering/bin/netbpfload"
[  195.506472][  T425] type=1320 audit(1791017718.196:64): 
[  195.506576][  T425] type=1334 audit(1791017718.196:65): prog-id=54 op=LOAD
[  195.506585][  T425] type=1300 audit(1791017718.196:65): arch=c00000b7 syscall=280 success=yes exit=8 a0=5 a1=7fda4c3d80 a2=a8 a3=b40000719f607e20 items=0 ppid=1 auid=4294967295 uid=0 gid=0 euid=0 suid=0 fsuid=0 egid=0 sgid=0 fsgid=0 tty=(none) ses=4294967295 comm="uprobestatsbpfl" exe="/apex/com.android.uprobestats/bin/uprobestatsbpfload" subj=u:r:bpfloader:s0 key=(null)
[  195.506663][  T425] type=1327 audit(1791017718.196:65): proctitle="/apex/com.android.tethering/bin/netbpfload"
[  195.506668][  T425] type=1320 audit(1791017718.196:65): 
[  195.510218][  T425] type=1334 audit(1791017718.200:66): prog-id=55 op=LOAD
[  195.510605][  T425] type=1300 audit(1791017718.200:66): arch=c00000b7 syscall=280 success=yes exit=9 a0=5 a1=7fda4c3d80 a2=a8 a3=b40000715f60431f items=0 ppid=1 auid=4294967295 uid=0 gid=0 euid=0 suid=0 fsuid=0 egid=0 sgid=0 fsgid=0 tty=(none) ses=4294967295 comm="uprobestatsbpfl" exe="/apex/com.android.uprobestats/bin/uprobestatsbpfload" subj=u:r:bpfloader:s0 key=(null)
[  195.511978][  T425] type=1327 audit(1791017718.200:66): proctitle="/apex/com.android.tethering/bin/netbpfload"
[  195.512596][  T425] type=1320 audit(1791017718.200:66): 
[  195.512861][  T425] type=1334 audit(1791017718.200:67): prog-id=56 op=LOAD
[  195.513181][  T425] type=1300 audit(1791017718.200:67): arch=c00000b7 syscall=280 success=yes exit=10 a0=5 a1=7fda4c3d80 a2=a8 a3=b40000715f60429f items=0 ppid=1 auid=4294967295 uid=0 gid=0 euid=0 suid=0 fsuid=0 egid=0 sgid=0 fsgid=0 tty=(none) ses=4294967295 comm="uprobestatsbpfl" exe="/apex/com.android.uprobestats/bin/uprobestatsbpfload" subj=u:r:bpfloader:s0 key=(null)
[  195.514810][  T425] type=1327 audit(1791017718.200:67): proctitle="/apex/com.android.tethering/bin/netbpfload"
[  195.515316][  T425] type=1320 audit(1791017718.200:67): 
[  195.515574][  T425] type=1334 audit(1791017718.204:68): prog-id=57 op=LOAD
[  195.516077][  T425] type=1300 audit(1791017718.204:68): arch=c00000b7 syscall=280 success=yes exit=11 a0=5 a1=7fda4c3d80 a2=a8 a3=b40000715f604a1f items=0 ppid=1 auid=4294967295 uid=0 gid=0 euid=0 suid=0 fsuid=0 egid=0 sgid=0 fsgid=0 tty=(none) ses=4294967295 comm="uprobestatsbpfl" exe="/apex/com.android.uprobestats/bin/uprobestatsbpfload" subj=u:r:bpfloader:s0 key=(null)
[  195.517475][  T425] type=1327 audit(1791017718.204:68): proctitle="/apex/com.android.tethering/bin/netbpfload"
[  195.518189][  T425] type=1320 audit(1791017718.204:68): 
[  195.519350][  T425] type=1334 audit(1791017718.204:69): prog-id=58 op=LOAD
[  195.519636][  T425] type=1300 audit(1791017718.204:69): arch=c00000b7 syscall=280 success=yes exit=12 a0=5 a1=7fda4c3d80 a2=a8 a3=b40000715f6047df items=0 ppid=1 auid=4294967295 uid=0 gid=0 euid=0 suid=0 fsuid=0 egid=0 sgid=0 fsgid=0 tty=(none) ses=4294967295 comm="uprobestatsbpfl" exe="/apex/com.android.uprobestats/bin/uprobestatsbpfload" subj=u:r:bpfloader:s0 key=(null)
[  195.520992][  T425] type=1327 audit(1791017718.204:69): proctitle="/apex/com.android.tethering/bin/netbpfload"
[  195.521559][  T425] type=1320 audit(1791017718.204:69): 
[  195.521902][  T425] type=1334 audit(1791017718.208:70): prog-id=59 op=LOAD
[  195.522168][  T425] type=1300 audit(1791017718.208:70): arch=c00000b7 syscall=280 success=yes exit=13 a0=5 a1=7fda4c3d80 a2=a8 a3=b40000715f60469f items=0 ppid=1 auid=4294967295 uid=0 gid=0 euid=0 suid=0 fsuid=0 egid=0 sgid=0 fsgid=0 tty=(none) ses=4294967295 comm="uprobestatsbpfl" exe="/apex/com.android.uprobestats/bin/uprobestatsbpfload" subj=u:r:bpfloader:s0 key=(null)
[  195.524083][  T425] type=1327 audit(1791017718.208:70): proctitle="/apex/com.android.tethering/bin/netbpfload"
[  195.524621][  T425] type=1320 audit(1791017718.208:70): 
[  195.526811][  T605] UprobeStatsBpfLoad: UprobeStatsBpfLoad loading optional ELF object /apex/com.android.uprobestats/etc/bpf/uprobestats/ProcessManagement.o with license GPL
[  195.532734][  T425] type=1334 audit(1791017718.224:71): prog-id=60 op=LOAD
[  195.532984][  T425] type=1300 audit(1791017718.224:71): arch=c00000b7 syscall=280 success=yes exit=8 a0=5 a1=7fda4c3d80 a2=a8 a3=b40000715f604a1f items=0 ppid=1 auid=4294967295 uid=0 gid=0 euid=0 suid=0 fsuid=0 egid=0 sgid=0 fsgid=0 tty=(none) ses=4294967295 comm="uprobestatsbpfl" exe="/apex/com.android.uprobestats/bin/uprobestatsbpfload" subj=u:r:bpfloader:s0 key=(null)
[  195.534122][  T425] type=1327 audit(1791017718.224:71): proctitle="/apex/com.android.tethering/bin/netbpfload"
[  195.534768][  T425] type=1320 audit(1791017718.224:71): 
[  195.535134][  T425] type=1334 audit(1791017718.224:72): prog-id=61 op=LOAD
[  195.535458][  T425] type=1300 audit(1791017718.224:72): arch=c00000b7 syscall=280 success=yes exit=9 a0=5 a1=7fda4c3d80 a2=a8 a3=b40000715f60429f items=0 ppid=1 auid=4294967295 uid=0 gid=0 euid=0 suid=0 fsuid=0 egid=0 sgid=0 fsgid=0 tty=(none) ses=4294967295 comm="uprobestatsbpfl" exe="/apex/com.android.uprobestats/bin/uprobestatsbpfload" subj=u:r:bpfloader:s0 key=(null)
[  195.536943][  T425] type=1327 audit(1791017718.224:72): proctitle="/apex/com.android.tethering/bin/netbpfload"
[  195.537499][  T425] type=1320 audit(1791017718.224:72): 
[  195.537734][  T425] type=1334 audit(1791017718.228:73): prog-id=62 op=LOAD
[  195.538135][  T425] type=1300 audit(1791017718.228:73): arch=c00000b7 syscall=280 success=yes exit=10 a0=5 a1=7fda4c3d80 a2=a8 a3=b40000719f607ed8 items=0 ppid=1 auid=4294967295 uid=0 gid=0 euid=0 suid=0 fsuid=0 egid=0 sgid=0 fsgid=0 tty=(none) ses=4294967295 comm="uprobestatsbpfl" exe="/apex/com.android.uprobestats/bin/uprobestatsbpfload" subj=u:r:bpfloader:s0 key=(null)
[  195.539715][  T425] type=1327 audit(1791017718.228:73): proctitle="/apex/com.android.tethering/bin/netbpfload"
[  195.540273][  T425] type=1320 audit(1791017718.228:73): 
[  195.540501][  T425] type=1334 audit(1791017718.228:74): prog-id=63 op=LOAD
[  195.541120][  T425] type=1300 audit(1791017718.228:74): arch=c00000b7 syscall=280 success=yes exit=11 a0=5 a1=7fda4c3d80 a2=a8 a3=b40000719f607f90 items=0 ppid=1 auid=4294967295 uid=0 gid=0 euid=0 suid=0 fsuid=0 egid=0 sgid=0 fsgid=0 tty=(none) ses=4294967295 comm="uprobestatsbpfl" exe="/apex/com.android.uprobestats/bin/uprobestatsbpfload" subj=u:r:bpfloader:s0 key=(null)
[  195.542506][  T425] type=1327 audit(1791017718.228:74): proctitle="/apex/com.android.tethering/bin/netbpfload"
[  195.542971][  T425] type=1320 audit(1791017718.228:74): 
[  195.543230][  T425] type=1334 audit(1791017718.228:75): prog-id=64 op=LOAD
[  195.543479][  T605] UprobeStatsBpfLoad: UprobeStatsBpfLoad loading optional ELF object /apex/com.android.uprobestats/etc/bpf/uprobestats/DisruptiveApp.o with license GPL
[  195.543485][  T425] type=1300 audit(1791017718.228:75): arch=c00000b7 syscall=280 success=yes exit=12 a0=5 a1=7fda4c3d80 a2=a8 a3=b40000715f60469f items=0 ppid=1 auid=4294967295 uid=0 gid=0 euid=0 suid=0 fsuid=0 egid=0 sgid=0 fsgid=0 tty=(none) ses=4294967295 comm="uprobestatsbpfl" exe="/apex/com.android.uprobestats/bin/uprobestatsbpfload" subj=u:r:bpfloader:s0 key=(null)
[  195.545544][  T425] type=1327 audit(1791017718.228:75): proctitle="/apex/com.android.tethering/bin/netbpfload"
[  195.546488][  T425] type=1320 audit(1791017718.228:75): 
[  195.549732][  T425] type=1334 audit(1791017718.240:76): prog-id=65 op=LOAD
[  195.549996][  T425] type=1300 audit(1791017718.240:76): arch=c00000b7 syscall=280 success=yes exit=7 a0=5 a1=7fda4c3d80 a2=a8 a3=b40000715f604a1f items=0 ppid=1 auid=4294967295 uid=0 gid=0 euid=0 suid=0 fsuid=0 egid=0 sgid=0 fsgid=0 tty=(none) ses=4294967295 comm="uprobestatsbpfl" exe="/apex/com.android.uprobestats/bin/uprobestatsbpfload" subj=u:r:bpfloader:s0 key=(null)
[  195.555155][  T425] type=1327 audit(1791017718.240:76): proctitle="/apex/com.android.tethering/bin/netbpfload"
[  195.559468][  T425] type=1320 audit(1791017718.240:76): 
[  195.559648][  T425] type=1334 audit(1791017718.240:77): prog-id=66 op=LOAD
[  195.559848][  T425] type=1300 audit(1791017718.240:77): arch=c00000b7 syscall=280 success=yes exit=8 a0=5 a1=7fda4c3d80 a2=a8 a3=b40000715f60431f items=0 ppid=1 auid=4294967295 uid=0 gid=0 euid=0 suid=0 fsuid=0 egid=0 sgid=0 fsgid=0 tty=(none) ses=4294967295 comm="uprobestatsbpfl" exe="/apex/com.android.uprobestats/bin/uprobestatsbpfload" subj=u:r:bpfloader:s0 key=(null)
[  195.561060][  T425] type=1327 audit(1791017718.240:77): proctitle="/apex/com.android.tethering/bin/netbpfload"
[  195.561425][  T425] type=1320 audit(1791017718.240:77): 
[  196.189414][  T425] type=1334 audit(1791017718.840:78): prog-id=67 op=LOAD
[  196.206312][  T425] type=1300 audit(1791017718.840:78): arch=c00000b7 syscall=280 success=yes exit=4 a0=5 a1=7fcddf07d8 a2=74 a3=200 items=0 ppid=1 auid=4294967295 uid=0 gid=0 euid=0 suid=0 fsuid=0 egid=0 sgid=0 fsgid=0 tty=(none) ses=4294967295 comm="bpfloader" exe="/system/bin/bpfloader" subj=u:r:bpfloader:s0 key=(null)
[  196.238396][  T425] type=1327 audit(1791017718.840:78): proctitle="/apex/com.android.tethering/bin/netbpfload"
[  196.254453][  T425] type=1320 audit(1791017718.840:78): 
[  196.267084][  T425] type=1334 audit(1791017718.852:79): prog-id=67 op=UNLOAD
[  196.275653][  T425] type=1300 audit(1791017718.852:79): arch=c00000b7 syscall=57 success=yes exit=0 a0=4 a1=0 a2=6fef23f4d8 a3=200 items=0 ppid=1 auid=4294967295 uid=0 gid=0 euid=0 suid=0 fsuid=0 egid=0 sgid=0 fsgid=0 tty=(none) ses=4294967295 comm="bpfloader" exe="/system/bin/bpfloader" subj=u:r:bpfloader:s0 key=(null)
[  196.302440][  T425] type=1327 audit(1791017718.852:79): proctitle="/apex/com.android.tethering/bin/netbpfload"
[  196.317100][  T425] type=1320 audit(1791017718.852:79): 
[  196.323115][  T425] type=1334 audit(1791017718.852:80): prog-id=68 op=LOAD
[  196.328802][  T425] type=1300 audit(1791017718.852:80): arch=c00000b7 syscall=280 success=yes exit=4 a0=5 a1=7fcddf0830 a2=94 a3=2 items=0 ppid=1 auid=4294967295 uid=0 gid=0 euid=0 suid=0 fsuid=0 egid=0 sgid=0 fsgid=0 tty=(none) ses=4294967295 comm="bpfloader" exe="/system/bin/bpfloader" subj=u:r:bpfloader:s0 key=(null)
[  196.357553][  T425] type=1327 audit(1791017718.852:80): proctitle="/apex/com.android.tethering/bin/netbpfload"
[  196.370119][  T425] type=1320 audit(1791017718.852:80): 
[  196.374440][  T425] type=1334 audit(1791017718.868:81): prog-id=68 op=UNLOAD
[  196.382438][  T425] type=1300 audit(1791017718.868:81): arch=c00000b7 syscall=57 success=yes exit=0 a0=4 a1=0 a2=6fef23f4d8 a3=2 items=0 ppid=1 auid=4294967295 uid=0 gid=0 euid=0 suid=0 fsuid=0 egid=0 sgid=0 fsgid=0 tty=(none) ses=4294967295 comm="bpfloader" exe="/system/bin/bpfloader" subj=u:r:bpfloader:s0 key=(null)
[  196.406528][  T425] type=1327 audit(1791017718.868:81): proctitle="/apex/com.android.tethering/bin/netbpfload"
[  196.419218][  T425] type=1320 audit(1791017718.868:81): 
[  196.834901][  T425] type=1334 audit(1791017719.508:82): prog-id=69 op=LOAD
[  196.859180][  T425] type=1300 audit(1791017719.508:82): arch=c00000b7 syscall=280 success=yes exit=20 a0=5 a1=7fcddf0548 a2=40 a3=4 items=0 ppid=1 auid=4294967295 uid=0 gid=0 euid=0 suid=0 fsuid=0 egid=0 sgid=0 fsgid=0 tty=(none) ses=4294967295 comm="bpfloader" exe="/system/bin/bpfloader" subj=u:r:bpfloader:s0 key=(null)
[  196.904624][  T425] type=1327 audit(1791017719.508:82): proctitle="/apex/com.android.tethering/bin/netbpfload"
[  196.910241][  T425] type=1320 audit(1791017719.508:82): 
[  196.914620][  T425] type=1334 audit(1791017719.516:83): prog-id=69 op=UNLOAD
[  196.936550][  T425] type=1300 audit(1791017719.516:83): arch=c00000b7 syscall=57 success=yes exit=0 a0=14 a1=0 a2=6fef23f558 a3=4 items=0 ppid=1 auid=4294967295 uid=0 gid=0 euid=0 suid=0 fsuid=0 egid=0 sgid=0 fsgid=0 tty=(none) ses=4294967295 comm="bpfloader" exe="/system/bin/bpfloader" subj=u:r:bpfloader:s0 key=(null)
[  196.953919][  T425] type=1327 audit(1791017719.516:83): proctitle="/apex/com.android.tethering/bin/netbpfload"
[  196.961399][  T425] type=1320 audit(1791017719.516:83): 
[  196.966196][  T425] type=1334 audit(1791017719.516:84): prog-id=70 op=LOAD
[  196.974607][  T425] type=1300 audit(1791017719.516:84): arch=c00000b7 syscall=280 success=yes exit=20 a0=5 a1=7fcddf06b0 a2=94 a3=7fcddf07c0 items=0 ppid=1 auid=4294967295 uid=0 gid=0 euid=0 suid=0 fsuid=0 egid=0 sgid=0 fsgid=0 tty=(none) ses=4294967295 comm="bpfloader" exe="/system/bin/bpfloader" subj=u:r:bpfloader:s0 key=(null)
[  197.002470][  T425] type=1327 audit(1791017719.516:84): proctitle="/apex/com.android.tethering/bin/netbpfload"
[  197.010531][  T425] type=1320 audit(1791017719.516:84): 
[  197.013153][  T425] type=1334 audit(1791017719.536:85): prog-id=70 op=UNLOAD
[  197.022509][  T425] type=1300 audit(1791017719.536:85): arch=c00000b7 syscall=57 success=yes exit=0 a0=14 a1=0 a2=6fef23f558 a3=7fcddf07c0 items=0 ppid=1 auid=4294967295 uid=0 gid=0 euid=0 suid=0 fsuid=0 egid=0 sgid=0 fsgid=0 tty=(none) ses=4294967295 comm="bpfloader" exe="/system/bin/bpfloader" subj=u:r:bpfloader:s0 key=(null)
[  197.054703][  T425] type=1327 audit(1791017719.536:85): proctitle="/apex/com.android.tethering/bin/netbpfload"
[  197.064316][  T425] type=1320 audit(1791017719.536:85): 
[  197.066616][  T425] type=1334 audit(1791017719.724:86): prog-id=71 op=LOAD
[  197.076377][  T425] type=1300 audit(1791017719.724:86): arch=c00000b7 syscall=280 success=yes exit=20 a0=5 a1=7fcddf0730 a2=94 a3=6 items=0 ppid=1 auid=4294967295 uid=0 gid=0 euid=0 suid=0 fsuid=0 egid=0 sgid=0 fsgid=0 tty=(none) ses=4294967295 comm="bpfloader" exe="/system/bin/bpfloader" subj=u:r:bpfloader:s0 key=(null)
[  197.090502][  T425] type=1327 audit(1791017719.724:86): proctitle="/apex/com.android.tethering/bin/netbpfload"
[  197.096125][  T425] type=1320 audit(1791017719.724:86): 
[  197.102456][  T425] type=1334 audit(1791017719.752:87): prog-id=71 op=UNLOAD
[  197.108229][  T425] type=1300 audit(1791017719.752:87): arch=c00000b7 syscall=57 success=yes exit=0 a0=14 a1=0 a2=6fef23f558 a3=6 items=0 ppid=1 auid=4294967295 uid=0 gid=0 euid=0 suid=0 fsuid=0 egid=0 sgid=0 fsgid=0 tty=(none) ses=4294967295 comm="bpfloader" exe="/system/bin/bpfloader" subj=u:r:bpfloader:s0 key=(null)
[  197.130642][  T425] type=1327 audit(1791017719.752:87): proctitle="/apex/com.android.tethering/bin/netbpfload"
[  197.131487][  T425] type=1320 audit(1791017719.752:87): 
[  197.131799][  T425] type=1334 audit(1791017719.752:88): prog-id=72 op=LOAD
[  197.132104][  T425] type=1300 audit(1791017719.752:88): arch=c00000b7 syscall=280 success=yes exit=20 a0=5 a1=7fcddf0830 a2=94 a3=375 items=0 ppid=1 auid=4294967295 uid=0 gid=0 euid=0 suid=0 fsuid=0 egid=0 sgid=0 fsgid=0 tty=(none) ses=4294967295 comm="bpfloader" exe="/system/bin/bpfloader" subj=u:r:bpfloader:s0 key=(null)
[  197.167722][  T425] type=1327 audit(1791017719.752:88): proctitle="/apex/com.android.tethering/bin/netbpfload"
[  197.168751][  T425] type=1320 audit(1791017719.752:88): 
[  197.169148][  T425] type=1334 audit(1791017719.824:89): prog-id=73 op=LOAD
[  197.180409][  T425] type=1300 audit(1791017719.824:89): arch=c00000b7 syscall=280 success=yes exit=21 a0=5 a1=7fcddf0830 a2=94 a3=1f items=0 ppid=1 auid=4294967295 uid=0 gid=0 euid=0 suid=0 fsuid=0 egid=0 sgid=0 fsgid=0 tty=(none) ses=4294967295 comm="bpfloader" exe="/system/bin/bpfloader" subj=u:r:bpfloader:s0 key=(null)
[  197.194649][  T425] type=1327 audit(1791017719.824:89): proctitle="/apex/com.android.tethering/bin/netbpfload"
[  197.202564][  T425] type=1320 audit(1791017719.824:89): 
[  197.203542][  T425] type=1334 audit(1791017719.824:90): prog-id=74 op=LOAD
[  197.275282][  T425] type=1300 audit(1791017719.824:90): arch=c00000b7 syscall=280 success=yes exit=22 a0=5 a1=7fcddf0830 a2=94 a3=98 items=0 ppid=1 auid=4294967295 uid=0 gid=0 euid=0 suid=0 fsuid=0 egid=0 sgid=0 fsgid=0 tty=(none) ses=4294967295 comm="bpfloader" exe="/system/bin/bpfloader" subj=u:r:bpfloader:s0 key=(null)
[  197.337930][  T425] type=1327 audit(1791017719.824:90): proctitle="/apex/com.android.tethering/bin/netbpfload"
[  197.360253][  T425] type=1320 audit(1791017719.824:90): 
[  197.376249][  T425] type=1334 audit(1791017720.040:91): prog-id=75 op=LOAD
[  197.383987][  T425] type=1300 audit(1791017720.040:91): arch=c00000b7 syscall=280 success=yes exit=4 a0=5 a1=7fcddf0830 a2=94 a3=2 items=0 ppid=1 auid=4294967295 uid=0 gid=0 euid=0 suid=0 fsuid=0 egid=0 sgid=0 fsgid=0 tty=(none) ses=4294967295 comm="bpfloader" exe="/system/bin/bpfloader" subj=u:r:bpfloader:s0 key=(null)
[  197.459436][  T425] type=1327 audit(1791017720.040:91): proctitle="/apex/com.android.tethering/bin/netbpfload"
[  197.494892][  T425] type=1320 audit(1791017720.040:91): 
[  197.502191][  T425] type=1334 audit(1791017720.072:92): prog-id=75 op=UNLOAD
[  197.506007][  T425] type=1300 audit(1791017720.072:92): arch=c00000b7 syscall=57 success=yes exit=0 a0=4 a1=0 a2=6fef23f4d8 a3=2 items=0 ppid=1 auid=4294967295 uid=0 gid=0 euid=0 suid=0 fsuid=0 egid=0 sgid=0 fsgid=0 tty=(none) ses=4294967295 comm="bpfloader" exe="/system/bin/bpfloader" subj=u:r:bpfloader:s0 key=(null)
[  197.507734][  T425] type=1327 audit(1791017720.072:92): proctitle="/apex/com.android.tethering/bin/netbpfload"
[  197.549288][  T425] type=1320 audit(1791017720.072:92): 
[  197.555200][  T425] type=1334 audit(1791017720.072:93): prog-id=76 op=LOAD
[  197.563499][  T425] type=1300 audit(1791017720.072:93): arch=c00000b7 syscall=280 success=yes exit=7 a0=5 a1=7fcddf0660 a2=94 a3=5 items=0 ppid=1 auid=4294967295 uid=0 gid=0 euid=0 suid=0 fsuid=0 egid=0 sgid=0 fsgid=0 tty=(none) ses=4294967295 comm="bpfloader" exe="/system/bin/bpfloader" subj=u:r:bpfloader:s0 key=(null)
[  197.593009][  T425] type=1327 audit(1791017720.072:93): proctitle="/apex/com.android.tethering/bin/netbpfload"
[  197.599226][  T425] type=1320 audit(1791017720.072:93): 
[  197.600479][  T425] type=1334 audit(1791017720.076:94): prog-id=76 op=UNLOAD
[  197.600946][  T425] type=1300 audit(1791017720.076:94): arch=c00000b7 syscall=57 success=yes exit=0 a0=7 a1=0 a2=6fef23f4f0 a3=5 items=0 ppid=1 auid=4294967295 uid=0 gid=0 euid=0 suid=0 fsuid=0 egid=0 sgid=0 fsgid=0 tty=(none) ses=4294967295 comm="bpfloader" exe="/system/bin/bpfloader" subj=u:r:bpfloader:s0 key=(null)
[  197.609166][  T425] type=1327 audit(1791017720.076:94): proctitle="/apex/com.android.tethering/bin/netbpfload"
[  197.612752][  T425] type=1320 audit(1791017720.076:94): 
[  197.615179][  T425] type=1334 audit(1791017720.080:95): prog-id=77 op=LOAD
[  197.619134][  T425] type=1300 audit(1791017720.080:95): arch=c00000b7 syscall=280 success=yes exit=6 a0=5 a1=7fcddf0830 a2=94 a3=2f items=0 ppid=1 auid=4294967295 uid=0 gid=0 euid=0 suid=0 fsuid=0 egid=0 sgid=0 fsgid=0 tty=(none) ses=4294967295 comm="bpfloader" exe="/system/bin/bpfloader" subj=u:r:bpfloader:s0 key=(null)
[  197.624615][  T425] type=1327 audit(1791017720.080:95): proctitle="/apex/com.android.tethering/bin/netbpfload"
[  197.625234][  T425] type=1320 audit(1791017720.080:95): 
[  197.625535][  T425] type=1334 audit(1791017720.192:96): prog-id=78 op=LOAD
[  197.625841][  T425] type=1300 audit(1791017720.192:96): arch=c00000b7 syscall=280 success=yes exit=8 a0=5 a1=7fcddf0670 a2=94 a3=2 items=0 ppid=1 auid=4294967295 uid=0 gid=0 euid=0 suid=0 fsuid=0 egid=0 sgid=0 fsgid=0 tty=(none) ses=4294967295 comm="bpfloader" exe="/system/bin/bpfloader" subj=u:r:bpfloader:s0 key=(null)
[  197.627396][  T425] type=1327 audit(1791017720.192:96): proctitle="/apex/com.android.tethering/bin/netbpfload"
[  197.627898][  T425] type=1320 audit(1791017720.192:96): 
[  197.628125][  T425] type=1334 audit(1791017720.220:97): prog-id=78 op=UNLOAD
[  197.628468][  T425] type=1300 audit(1791017720.220:97): arch=c00000b7 syscall=57 success=yes exit=0 a0=8 a1=0 a2=6fef23f4f8 a3=7fcddf0788 items=0 ppid=1 auid=4294967295 uid=0 gid=0 euid=0 suid=0 fsuid=0 egid=0 sgid=0 fsgid=0 tty=(none) ses=4294967295 comm="bpfloader" exe="/system/bin/bpfloader" subj=u:r:bpfloader:s0 key=(null)
[  197.629616][  T425] type=1327 audit(1791017720.220:97): proctitle="/apex/com.android.tethering/bin/netbpfload"
[  197.630076][  T425] type=1320 audit(1791017720.220:97): 
[  197.630351][  T425] type=1334 audit(1791017720.284:98): prog-id=79 op=LOAD
[  197.630744][  T425] type=1300 audit(1791017720.284:98): arch=c00000b7 syscall=280 success=yes exit=4 a0=5 a1=7fcddf0830 a2=94 a3=2 items=0 ppid=1 auid=4294967295 uid=0 gid=0 euid=0 suid=0 fsuid=0 egid=0 sgid=0 fsgid=0 tty=(none) ses=4294967295 comm="bpfloader" exe="/system/bin/bpfloader" subj=u:r:bpfloader:s0 key=(null)
[  197.632122][  T425] type=1327 audit(1791017720.284:98): proctitle="/apex/com.android.tethering/bin/netbpfload"
[  197.633703][  T425] type=1320 audit(1791017720.284:98): 
[  197.635093][  T425] type=1334 audit(1791017720.292:99): prog-id=79 op=UNLOAD
[  197.635516][  T425] type=1300 audit(1791017720.292:99): arch=c00000b7 syscall=57 success=yes exit=0 a0=4 a1=0 a2=6fef23f4d8 a3=2 items=0 ppid=1 auid=4294967295 uid=0 gid=0 euid=0 suid=0 fsuid=0 egid=0 sgid=0 fsgid=0 tty=(none) ses=4294967295 comm="bpfloader" exe="/system/bin/bpfloader" subj=u:r:bpfloader:s0 key=(null)
[  197.640129][  T425] type=1327 audit(1791017720.292:99): proctitle="/apex/com.android.tethering/bin/netbpfload"
[  197.640970][  T425] type=1320 audit(1791017720.292:99): 
[  197.642092][  T425] type=1334 audit(1791017720.296:100): prog-id=80 op=LOAD
[  197.643760][  T425] type=1300 audit(1791017720.296:100): arch=c00000b7 syscall=280 success=yes exit=6 a0=5 a1=7fcddf0830 a2=94 a3=20 items=0 ppid=1 auid=4294967295 uid=0 gid=0 euid=0 suid=0 fsuid=0 egid=0 sgid=0 fsgid=0 tty=(none) ses=4294967295 comm="bpfloader" exe="/system/bin/bpfloader" subj=u:r:bpfloader:s0 key=(null)
[  197.645865][  T425] type=1327 audit(1791017720.296:100): proctitle="/apex/com.android.tethering/bin/netbpfload"
[  197.647612][  T425] type=1320 audit(1791017720.296:100): 
[  197.647818][  T425] type=1334 audit(1791017720.324:101): prog-id=81 op=LOAD
[  197.649834][  T425] type=1300 audit(1791017720.324:101): arch=c00000b7 syscall=280 success=yes exit=4 a0=5 a1=7fcddf0830 a2=94 a3=2 items=0 ppid=1 auid=4294967295 uid=0 gid=0 euid=0 suid=0 fsuid=0 egid=0 sgid=0 fsgid=0 tty=(none) ses=4294967295 comm="bpfloader" exe="/system/bin/bpfloader" subj=u:r:bpfloader:s0 key=(null)
[  197.651120][  T425] type=1327 audit(1791017720.324:101): proctitle="/apex/com.android.tethering/bin/netbpfload"
[  197.651843][  T425] type=1320 audit(1791017720.324:101): 
[  197.652178][  T425] type=1334 audit(1791017720.328:102): prog-id=81 op=UNLOAD
[  197.652787][  T425] type=1300 audit(1791017720.328:102): arch=c00000b7 syscall=57 success=yes exit=0 a0=4 a1=0 a2=6fef23f4d8 a3=2 items=0 ppid=1 auid=4294967295 uid=0 gid=0 euid=0 suid=0 fsuid=0 egid=0 sgid=0 fsgid=0 tty=(none) ses=4294967295 comm="bpfloader" exe="/system/bin/bpfloader" subj=u:r:bpfloader:s0 key=(null)
[  197.654217][  T425] type=1327 audit(1791017720.328:102): proctitle="/apex/com.android.tethering/bin/netbpfload"
[  197.654967][  T425] type=1320 audit(1791017720.328:102): 
[  197.655225][  T425] type=1334 audit(1791017720.328:103): prog-id=82 op=LOAD
[  197.655755][  T425] type=1300 audit(1791017720.328:103): arch=c00000b7 syscall=280 success=yes exit=7 a0=5 a1=7fcddf0830 a2=94 a3=55 items=0 ppid=1 auid=4294967295 uid=0 gid=0 euid=0 suid=0 fsuid=0 egid=0 sgid=0 fsgid=0 tty=(none) ses=4294967295 comm="bpfloader" exe="/system/bin/bpfloader" subj=u:r:bpfloader:s0 key=(null)
[  197.660714][  T425] type=1327 audit(1791017720.328:103): proctitle="/apex/com.android.tethering/bin/netbpfload"
[  197.661183][  T425] type=1320 audit(1791017720.328:103): 
[  197.661407][  T425] type=1334 audit(1791017720.340:104): prog-id=83 op=LOAD
[  197.661786][  T425] type=1300 audit(1791017720.340:104): arch=c00000b7 syscall=280 success=yes exit=4 a0=5 a1=7fcddf0830 a2=94 a3=2 items=0 ppid=1 auid=4294967295 uid=0 gid=0 euid=0 suid=0 fsuid=0 egid=0 sgid=0 fsgid=0 tty=(none) ses=4294967295 comm="bpfloader" exe="/system/bin/bpfloader" subj=u:r:bpfloader:s0 key=(null)
[  197.663187][  T425] type=1327 audit(1791017720.340:104): proctitle="/apex/com.android.tethering/bin/netbpfload"
[  197.670697][  T425] type=1320 audit(1791017720.340:104): 
[  197.670902][  T425] type=1334 audit(1791017720.340:105): prog-id=83 op=UNLOAD
[  197.671190][  T425] type=1300 audit(1791017720.340:105): arch=c00000b7 syscall=57 success=yes exit=0 a0=4 a1=0 a2=6fef23f4d8 a3=2 items=0 ppid=1 auid=4294967295 uid=0 gid=0 euid=0 suid=0 fsuid=0 egid=0 sgid=0 fsgid=0 tty=(none) ses=4294967295 comm="bpfloader" exe="/system/bin/bpfloader" subj=u:r:bpfloader:s0 key=(null)
[  197.675641][  T425] type=1327 audit(1791017720.340:105): proctitle="/apex/com.android.tethering/bin/netbpfload"
[  197.676136][  T425] type=1320 audit(1791017720.340:105): 
[  197.676379][  T425] type=1334 audit(1791017720.340:106): prog-id=84 op=LOAD
[  197.677621][  T425] type=1300 audit(1791017720.340:106): arch=c00000b7 syscall=280 success=yes exit=7 a0=5 a1=7fcddf0830 a2=94 a3=2e items=0 ppid=1 auid=4294967295 uid=0 gid=0 euid=0 suid=0 fsuid=0 egid=0 sgid=0 fsgid=0 tty=(none) ses=4294967295 comm="bpfloader" exe="/system/bin/bpfloader" subj=u:r:bpfloader:s0 key=(null)
[  197.679486][  T425] type=1327 audit(1791017720.340:106): proctitle="/apex/com.android.tethering/bin/netbpfload"
[  197.680188][  T425] type=1320 audit(1791017720.340:106): 
[  197.680459][  T425] type=1334 audit(1791017720.344:107): prog-id=85 op=LOAD
[  197.680965][  T425] type=1300 audit(1791017720.344:107): arch=c00000b7 syscall=280 success=yes exit=8 a0=5 a1=7fcddf0830 a2=94 a3=e items=0 ppid=1 auid=4294967295 uid=0 gid=0 euid=0 suid=0 fsuid=0 egid=0 sgid=0 fsgid=0 tty=(none) ses=4294967295 comm="bpfloader" exe="/system/bin/bpfloader" subj=u:r:bpfloader:s0 key=(null)
[  197.682631][  T425] type=1327 audit(1791017720.344:107): proctitle="/apex/com.android.tethering/bin/netbpfload"
[  197.683420][  T425] type=1320 audit(1791017720.344:107): 
[  197.683663][  T425] type=1334 audit(1791017720.344:108): prog-id=86 op=LOAD
[  197.684278][  T425] type=1300 audit(1791017720.344:108): arch=c00000b7 syscall=280 success=yes exit=9 a0=5 a1=7fcddf0830 a2=94 a3=f items=0 ppid=1 auid=4294967295 uid=0 gid=0 euid=0 suid=0 fsuid=0 egid=0 sgid=0 fsgid=0 tty=(none) ses=4294967295 comm="bpfloader" exe="/system/bin/bpfloader" subj=u:r:bpfloader:s0 key=(null)
[  197.685464][  T425] type=1327 audit(1791017720.344:108): proctitle="/apex/com.android.tethering/bin/netbpfload"
[  197.686132][  T425] type=1320 audit(1791017720.344:108): 
[  197.686457][  T425] type=1334 audit(1791017720.344:109): prog-id=87 op=LOAD
[  197.686847][  T425] type=1300 audit(1791017720.344:109): arch=c00000b7 syscall=280 success=yes exit=10 a0=5 a1=7fcddf0830 a2=94 a3=16 items=0 ppid=1 auid=4294967295 uid=0 gid=0 euid=0 suid=0 fsuid=0 egid=0 sgid=0 fsgid=0 tty=(none) ses=4294967295 comm="bpfloader" exe="/system/bin/bpfloader" subj=u:r:bpfloader:s0 key=(null)
[  197.688081][  T425] type=1327 audit(1791017720.344:109): proctitle="/apex/com.android.tethering/bin/netbpfload"
[  197.688687][  T425] type=1320 audit(1791017720.344:109): 
[  197.688953][  T425] type=1334 audit(1791017720.348:110): prog-id=88 op=LOAD
[  197.691385][  T425] type=1300 audit(1791017720.348:110): arch=c00000b7 syscall=280 success=yes exit=11 a0=5 a1=7fcddf0830 a2=94 a3=12 items=0 ppid=1 auid=4294967295 uid=0 gid=0 euid=0 suid=0 fsuid=0 egid=0 sgid=0 fsgid=0 tty=(none) ses=4294967295 comm="bpfloader" exe="/system/bin/bpfloader" subj=u:r:bpfloader:s0 key=(null)
[  197.692775][  T425] type=1327 audit(1791017720.348:110): proctitle="/apex/com.android.tethering/bin/netbpfload"
[  197.693405][  T425] type=1320 audit(1791017720.348:110): 
[  197.693753][  T425] type=1334 audit(1791017720.348:111): prog-id=89 op=LOAD
[  197.694961][  T425] type=1300 audit(1791017720.348:111): arch=c00000b7 syscall=280 success=yes exit=12 a0=5 a1=7fcddf0830 a2=94 a3=19 items=0 ppid=1 auid=4294967295 uid=0 gid=0 euid=0 suid=0 fsuid=0 egid=0 sgid=0 fsgid=0 tty=(none) ses=4294967295 comm="bpfloader" exe="/system/bin/bpfloader" subj=u:r:bpfloader:s0 key=(null)
[  197.696363][  T425] type=1327 audit(1791017720.348:111): proctitle="/apex/com.android.tethering/bin/netbpfload"
[  197.696826][  T425] type=1320 audit(1791017720.348:111): 
[  197.697600][  T425] type=1334 audit(1791017720.352:112): prog-id=90 op=LOAD
[  197.697981][  T425] type=1300 audit(1791017720.352:112): arch=c00000b7 syscall=280 success=yes exit=13 a0=5 a1=7fcddf0830 a2=94 a3=f items=0 ppid=1 auid=4294967295 uid=0 gid=0 euid=0 suid=0 fsuid=0 egid=0 sgid=0 fsgid=0 tty=(none) ses=4294967295 comm="bpfloader" exe="/system/bin/bpfloader" subj=u:r:bpfloader:s0 key=(null)
[  197.699270][  T425] type=1327 audit(1791017720.352:112): proctitle="/apex/com.android.tethering/bin/netbpfload"
[  197.699604][  T425] type=1320 audit(1791017720.352:112): 
[  197.699787][  T425] type=1334 audit(1791017720.364:113): prog-id=91 op=LOAD
[  197.699991][  T425] type=1300 audit(1791017720.364:113): arch=c00000b7 syscall=280 success=yes exit=4 a0=5 a1=7fcddf0830 a2=94 a3=2 items=0 ppid=1 auid=4294967295 uid=0 gid=0 euid=0 suid=0 fsuid=0 egid=0 sgid=0 fsgid=0 tty=(none) ses=4294967295 comm="bpfloader" exe="/system/bin/bpfloader" subj=u:r:bpfloader:s0 key=(null)
[  197.701651][  T425] type=1327 audit(1791017720.364:113): proctitle="/apex/com.android.tethering/bin/netbpfload"
[  197.702119][  T425] type=1320 audit(1791017720.364:113): 
[  197.703329][  T425] type=1334 audit(1791017720.368:114): prog-id=91 op=UNLOAD
[  197.703615][  T425] type=1300 audit(1791017720.368:114): arch=c00000b7 syscall=57 success=yes exit=0 a0=4 a1=0 a2=6fef23f4d8 a3=2 items=0 ppid=1 auid=4294967295 uid=0 gid=0 euid=0 suid=0 fsuid=0 egid=0 sgid=0 fsgid=0 tty=(none) ses=4294967295 comm="bpfloader" exe="/system/bin/bpfloader" subj=u:r:bpfloader:s0 key=(null)
[  197.704862][  T425] type=1327 audit(1791017720.368:114): proctitle="/apex/com.android.tethering/bin/netbpfload"
[  197.705371][  T425] type=1320 audit(1791017720.368:114): 
[  197.706876][  T425] type=1334 audit(1791017720.368:115): prog-id=92 op=LOAD
[  197.779915][  T425] type=1300 audit(1791017720.368:115): arch=c00000b7 syscall=280 success=yes exit=7 a0=5 a1=7fcddf0830 a2=94 a3=2e items=0 ppid=1 auid=4294967295 uid=0 gid=0 euid=0 suid=0 fsuid=0 egid=0 sgid=0 fsgid=0 tty=(none) ses=4294967295 comm="bpfloader" exe="/system/bin/bpfloader" subj=u:r:bpfloader:s0 key=(null)
[  197.827162][  T425] type=1327 audit(1791017720.368:115): proctitle="/apex/com.android.tethering/bin/netbpfload"
[  197.829680][  T425] type=1320 audit(1791017720.368:115): 
[  197.834594][  T425] type=1334 audit(1791017720.372:116): prog-id=93 op=LOAD
[  197.841011][  T425] type=1300 audit(1791017720.372:116): arch=c00000b7 syscall=280 success=yes exit=8 a0=5 a1=7fcddf0830 a2=94 a3=38 items=0 ppid=1 auid=4294967295 uid=0 gid=0 euid=0 suid=0 fsuid=0 egid=0 sgid=0 fsgid=0 tty=(none) ses=4294967295 comm="bpfloader" exe="/system/bin/bpfloader" subj=u:r:bpfloader:s0 key=(null)
[  197.853652][  T425] type=1327 audit(1791017720.372:116): proctitle="/apex/com.android.tethering/bin/netbpfload"
[  197.855254][  T425] type=1320 audit(1791017720.372:116): 
[  197.855544][  T425] type=1334 audit(1791017720.372:117): prog-id=94 op=LOAD
[  197.855913][  T425] type=1300 audit(1791017720.372:117): arch=c00000b7 syscall=280 success=yes exit=9 a0=5 a1=7fcddf0830 a2=94 a3=e items=0 ppid=1 auid=4294967295 uid=0 gid=0 euid=0 suid=0 fsuid=0 egid=0 sgid=0 fsgid=0 tty=(none) ses=4294967295 comm="bpfloader" exe="/system/bin/bpfloader" subj=u:r:bpfloader:s0 key=(null)
[  197.857071][  T425] type=1327 audit(1791017720.372:117): proctitle="/apex/com.android.tethering/bin/netbpfload"
[  197.857586][  T425] type=1320 audit(1791017720.372:117): 
[  197.857750][  T425] type=1334 audit(1791017720.376:118): prog-id=95 op=LOAD
[  197.858287][  T425] type=1300 audit(1791017720.376:118): arch=c00000b7 syscall=280 success=yes exit=10 a0=5 a1=7fcddf0830 a2=94 a3=f items=0 ppid=1 auid=4294967295 uid=0 gid=0 euid=0 suid=0 fsuid=0 egid=0 sgid=0 fsgid=0 tty=(none) ses=4294967295 comm="bpfloader" exe="/system/bin/bpfloader" subj=u:r:bpfloader:s0 key=(null)
[  197.860000][  T425] type=1327 audit(1791017720.376:118): proctitle="/apex/com.android.tethering/bin/netbpfload"
[  197.861198][  T425] type=1320 audit(1791017720.376:118): 
[  197.861498][  T425] type=1334 audit(1791017720.376:119): prog-id=96 op=LOAD
[  197.861745][  T425] type=1300 audit(1791017720.376:119): arch=c00000b7 syscall=280 success=yes exit=11 a0=5 a1=7fcddf0830 a2=94 a3=13 items=0 ppid=1 auid=4294967295 uid=0 gid=0 euid=0 suid=0 fsuid=0 egid=0 sgid=0 fsgid=0 tty=(none) ses=4294967295 comm="bpfloader" exe="/system/bin/bpfloader" subj=u:r:bpfloader:s0 key=(null)
[  197.862991][  T425] type=1327 audit(1791017720.376:119): proctitle="/apex/com.android.tethering/bin/netbpfload"
[  197.864078][  T425] type=1320 audit(1791017720.376:119): 
[  197.865317][  T425] type=1334 audit(1791017720.376:120): prog-id=97 op=LOAD
[  197.867181][  T425] type=1300 audit(1791017720.376:120): arch=c00000b7 syscall=280 success=yes exit=12 a0=5 a1=7fcddf0830 a2=94 a3=11 items=0 ppid=1 auid=4294967295 uid=0 gid=0 euid=0 suid=0 fsuid=0 egid=0 sgid=0 fsgid=0 tty=(none) ses=4294967295 comm="bpfloader" exe="/system/bin/bpfloader" subj=u:r:bpfloader:s0 key=(null)
[  197.873395][  T425] type=1327 audit(1791017720.376:120): proctitle="/apex/com.android.tethering/bin/netbpfload"
[  197.873836][  T425] type=1320 audit(1791017720.376:120): 
[  197.875237][  T425] type=1334 audit(1791017720.380:121): prog-id=98 op=LOAD
[  197.878436][  T425] type=1300 audit(1791017720.380:121): arch=c00000b7 syscall=280 success=yes exit=13 a0=5 a1=7fcddf0830 a2=94 a3=13 items=0 ppid=1 auid=4294967295 uid=0 gid=0 euid=0 suid=0 fsuid=0 egid=0 sgid=0 fsgid=0 tty=(none) ses=4294967295 comm="bpfloader" exe="/system/bin/bpfloader" subj=u:r:bpfloader:s0 key=(null)
[  197.880573][  T425] type=1327 audit(1791017720.380:121): proctitle="/apex/com.android.tethering/bin/netbpfload"
[  197.881084][  T425] type=1320 audit(1791017720.380:121): 
[  197.882984][  T425] type=1334 audit(1791017720.380:122): prog-id=99 op=LOAD
[  197.883413][  T425] type=1300 audit(1791017720.380:122): arch=c00000b7 syscall=280 success=yes exit=14 a0=5 a1=7fcddf0830 a2=94 a3=11 items=0 ppid=1 auid=4294967295 uid=0 gid=0 euid=0 suid=0 fsuid=0 egid=0 sgid=0 fsgid=0 tty=(none) ses=4294967295 comm="bpfloader" exe="/system/bin/bpfloader" subj=u:r:bpfloader:s0 key=(null)
[  197.884527][  T425] type=1327 audit(1791017720.380:122): proctitle="/apex/com.android.tethering/bin/netbpfload"
[  197.887154][  T425] type=1320 audit(1791017720.380:122): 
[  197.887572][  T425] type=1334 audit(1791017720.384:123): prog-id=100 op=LOAD
[  197.888573][  T425] type=1300 audit(1791017720.384:123): arch=c00000b7 syscall=280 success=yes exit=4 a0=5 a1=7fcddf0830 a2=94 a3=2 items=0 ppid=1 auid=4294967295 uid=0 gid=0 euid=0 suid=0 fsuid=0 egid=0 sgid=0 fsgid=0 tty=(none) ses=4294967295 comm="bpfloader" exe="/system/bin/bpfloader" subj=u:r:bpfloader:s0 key=(null)
[  197.893694][  T425] type=1327 audit(1791017720.384:123): proctitle="/apex/com.android.tethering/bin/netbpfload"
[  197.894295][  T425] type=1320 audit(1791017720.384:123): 
[  197.895479][  T425] type=1334 audit(1791017720.384:124): prog-id=100 op=UNLOAD
[  197.898134][  T425] type=1300 audit(1791017720.384:124): arch=c00000b7 syscall=57 success=yes exit=0 a0=4 a1=0 a2=6fef23f4d8 a3=2 items=0 ppid=1 auid=4294967295 uid=0 gid=0 euid=0 suid=0 fsuid=0 egid=0 sgid=0 fsgid=0 tty=(none) ses=4294967295 comm="bpfloader" exe="/system/bin/bpfloader" subj=u:r:bpfloader:s0 key=(null)
[  197.919245][  T425] type=1327 audit(1791017720.384:124): proctitle="/apex/com.android.tethering/bin/netbpfload"
[  197.927371][  T425] type=1320 audit(1791017720.384:124): 
[  197.930650][  T425] type=1334 audit(1791017720.388:125): prog-id=101 op=LOAD
[  197.942462][  T425] type=1300 audit(1791017720.388:125): arch=c00000b7 syscall=280 success=yes exit=6 a0=5 a1=7fcddf0830 a2=94 a3=f items=0 ppid=1 auid=4294967295 uid=0 gid=0 euid=0 suid=0 fsuid=0 egid=0 sgid=0 fsgid=0 tty=(none) ses=4294967295 comm="bpfloader" exe="/system/bin/bpfloader" subj=u:r:bpfloader:s0 key=(null)
[  197.968122][  T425] type=1327 audit(1791017720.388:125): proctitle="/apex/com.android.tethering/bin/netbpfload"
[  197.984256][  T425] type=1320 audit(1791017720.388:125): 
[  197.987938][  T425] type=1334 audit(1791017720.392:126): prog-id=102 op=LOAD
[  197.995280][  T425] type=1300 audit(1791017720.392:126): arch=c00000b7 syscall=280 success=yes exit=4 a0=5 a1=7fcddf0830 a2=94 a3=2 items=0 ppid=1 auid=4294967295 uid=0 gid=0 euid=0 suid=0 fsuid=0 egid=0 sgid=0 fsgid=0 tty=(none) ses=4294967295 comm="bpfloader" exe="/system/bin/bpfloader" subj=u:r:bpfloader:s0 key=(null)
[  198.029418][  T425] type=1327 audit(1791017720.392:126): proctitle="/apex/com.android.tethering/bin/netbpfload"
[  198.038605][  T425] type=1320 audit(1791017720.392:126): 
[  198.046415][  T425] type=1334 audit(1791017720.392:127): prog-id=102 op=UNLOAD
[  198.054136][  T425] type=1300 audit(1791017720.392:127): arch=c00000b7 syscall=57 success=yes exit=0 a0=4 a1=0 a2=6fef23f4d8 a3=2 items=0 ppid=1 auid=4294967295 uid=0 gid=0 euid=0 suid=0 fsuid=0 egid=0 sgid=0 fsgid=0 tty=(none) ses=4294967295 comm="bpfloader" exe="/system/bin/bpfloader" subj=u:r:bpfloader:s0 key=(null)
[  198.082460][  T425] type=1327 audit(1791017720.392:127): proctitle="/apex/com.android.tethering/bin/netbpfload"
[  198.094430][  T425] type=1320 audit(1791017720.392:127): 
[  198.102540][  T425] type=1334 audit(1791017720.392:128): prog-id=103 op=LOAD
[  198.114427][  T425] type=1300 audit(1791017720.392:128): arch=c00000b7 syscall=280 success=yes exit=7 a0=5 a1=7fcddf0830 a2=94 a3=40 items=0 ppid=1 auid=4294967295 uid=0 gid=0 euid=0 suid=0 fsuid=0 egid=0 sgid=0 fsgid=0 tty=(none) ses=4294967295 comm="bpfloader" exe="/system/bin/bpfloader" subj=u:r:bpfloader:s0 key=(null)
[  198.152769][  T425] type=1327 audit(1791017720.392:128): proctitle="/apex/com.android.tethering/bin/netbpfload"
[  198.170446][  T425] type=1320 audit(1791017720.392:128): 
[  198.181151][  T425] type=1334 audit(1791017720.396:129): prog-id=104 op=LOAD
[  198.194433][  T425] type=1300 audit(1791017720.396:129): arch=c00000b7 syscall=280 success=yes exit=8 a0=5 a1=7fcddf0830 a2=94 a3=42 items=0 ppid=1 auid=4294967295 uid=0 gid=0 euid=0 suid=0 fsuid=0 egid=0 sgid=0 fsgid=0 tty=(none) ses=4294967295 comm="bpfloader" exe="/system/bin/bpfloader" subj=u:r:bpfloader:s0 key=(null)
[  198.233177][  T425] type=1327 audit(1791017720.396:129): proctitle="/apex/com.android.tethering/bin/netbpfload"
[  198.241140][  T425] type=1320 audit(1791017720.396:129): 
[  198.246735][  T425] type=1334 audit(1791017720.560:130): prog-id=105 op=LOAD
[  198.263209][  T425] type=1300 audit(1791017720.560:130): arch=c00000b7 syscall=280 success=yes exit=4 a0=5 a1=7fcddf0830 a2=94 a3=2 items=0 ppid=1 auid=4294967295 uid=0 gid=0 euid=0 suid=0 fsuid=0 egid=0 sgid=0 fsgid=0 tty=(none) ses=4294967295 comm="bpfloader" exe="/system/bin/bpfloader" subj=u:r:bpfloader:s0 key=(null)
[  198.290249][  T425] type=1327 audit(1791017720.560:130): proctitle="/apex/com.android.tethering/bin/netbpfload"
[  198.295244][  T425] type=1320 audit(1791017720.560:130): 
[  198.302201][  T425] type=1334 audit(1791017720.568:131): prog-id=105 op=UNLOAD
[  198.307821][  T425] type=1300 audit(1791017720.568:131): arch=c00000b7 syscall=57 success=yes exit=0 a0=4 a1=0 a2=6fef23f4d8 a3=2 items=0 ppid=1 auid=4294967295 uid=0 gid=0 euid=0 suid=0 fsuid=0 egid=0 sgid=0 fsgid=0 tty=(none) ses=4294967295 comm="bpfloader" exe="/system/bin/bpfloader" subj=u:r:bpfloader:s0 key=(null)
[  198.334169][  T425] type=1327 audit(1791017720.568:131): proctitle="/apex/com.android.tethering/bin/netbpfload"
[  198.338500][  T425] type=1320 audit(1791017720.568:131): 
[  198.344015][  T425] type=1334 audit(1791017720.568:132): prog-id=106 op=LOAD
[  198.348185][  T425] type=1300 audit(1791017720.568:132): arch=c00000b7 syscall=280 success=yes exit=7 a0=5 a1=7fcddf0830 a2=94 a3=40 items=0 ppid=1 auid=4294967295 uid=0 gid=0 euid=0 suid=0 fsuid=0 egid=0 sgid=0 fsgid=0 tty=(none) ses=4294967295 comm="bpfloader" exe="/system/bin/bpfloader" subj=u:r:bpfloader:s0 key=(null)
[  198.361538][  T425] type=1327 audit(1791017720.568:132): proctitle="/apex/com.android.tethering/bin/netbpfload"
[  198.363187][  T425] type=1320 audit(1791017720.568:132): 
[  198.363413][  T425] type=1334 audit(1791017720.572:133): prog-id=107 op=LOAD
[  198.364330][  T425] type=1300 audit(1791017720.572:133): arch=c00000b7 syscall=280 success=yes exit=8 a0=5 a1=7fcddf0830 a2=94 a3=42 items=0 ppid=1 auid=4294967295 uid=0 gid=0 euid=0 suid=0 fsuid=0 egid=0 sgid=0 fsgid=0 tty=(none) ses=4294967295 comm="bpfloader" exe="/system/bin/bpfloader" subj=u:r:bpfloader:s0 key=(null)
[  198.365822][  T425] type=1327 audit(1791017720.572:133): proctitle="/apex/com.android.tethering/bin/netbpfload"
[  198.366528][  T425] type=1320 audit(1791017720.572:133): 
[  198.367320][  T425] type=1334 audit(1791017720.588:134): prog-id=108 op=LOAD
[  198.438582][  T425] type=1300 audit(1791017720.588:134): arch=c00000b7 syscall=280 success=yes exit=4 a0=5 a1=7fcddf0830 a2=94 a3=2 items=0 ppid=1 auid=4294967295 uid=0 gid=0 euid=0 suid=0 fsuid=0 egid=0 sgid=0 fsgid=0 tty=(none) ses=4294967295 comm="bpfloader" exe="/system/bin/bpfloader" subj=u:r:bpfloader:s0 key=(null)
[  198.474176][  T425] type=1327 audit(1791017720.588:134): proctitle="/apex/com.android.tethering/bin/netbpfload"
[  198.479388][  T425] type=1320 audit(1791017720.588:134): 
[  198.483383][  T425] type=1334 audit(1791017720.588:135): prog-id=108 op=UNLOAD
[  198.484295][  T425] type=1300 audit(1791017720.588:135): arch=c00000b7 syscall=57 success=yes exit=0 a0=4 a1=0 a2=6fef23f4d8 a3=2 items=0 ppid=1 auid=4294967295 uid=0 gid=0 euid=0 suid=0 fsuid=0 egid=0 sgid=0 fsgid=0 tty=(none) ses=4294967295 comm="bpfloader" exe="/system/bin/bpfloader" subj=u:r:bpfloader:s0 key=(null)
[  198.485572][  T425] type=1327 audit(1791017720.588:135): proctitle="/apex/com.android.tethering/bin/netbpfload"
[  198.491908][  T425] type=1320 audit(1791017720.588:135): 
[  198.497304][  T425] type=1334 audit(1791017721.160:136): prog-id=109 op=LOAD
[  198.505404][  T425] type=1300 audit(1791017721.160:136): arch=c00000b7 syscall=280 success=yes exit=6 a0=5 a1=7fcddf0830 a2=94 a3=66 items=0 ppid=1 auid=4294967295 uid=0 gid=0 euid=0 suid=0 fsuid=0 egid=0 sgid=0 fsgid=0 tty=(none) ses=4294967295 comm="bpfloader" exe="/system/bin/bpfloader" subj=u:r:bpfloader:s0 key=(null)
[  198.565298][  T425] type=1327 audit(1791017721.160:136): proctitle="/apex/com.android.tethering/bin/netbpfload"
[  198.577458][  T425] type=1320 audit(1791017721.160:136): 
[  198.646462][  T605] BpfLoader: Platform BpfLoader loading critical for healthd ELF object /vendor/etc/bpf/filterPowerSupplyEvents.o with license Apache 2.0
[  198.691323][  T605] BpfLoader: No maps section could be found in elf object
[  198.804653][  T425] type=1334 audit(1791017721.428:137): prog-id=110 op=LOAD
[  198.825996][  T425] type=1300 audit(1791017721.428:137): arch=c00000b7 syscall=280 success=yes exit=6 a0=5 a1=7fcddf2370 a2=a8 a3=b400006fb2812248 items=0 ppid=1 auid=4294967295 uid=0 gid=0 euid=0 suid=0 fsuid=0 egid=0 sgid=0 fsgid=0 tty=(none) ses=4294967295 comm="bpfloader" exe="/system/bin/bpfloader" subj=u:r:bpfloader:s0 key=(null)
[  198.841159][  T425] type=1327 audit(1791017721.428:137): proctitle="/apex/com.android.tethering/bin/netbpfload"
[  198.849894][  T425] type=1320 audit(1791017721.428:137): 
[  199.005828][  T605] NetBpfLoad: success.
[  199.133554][    T1] init: Service 'bpfloader' (pid 605) exited with status 0 waiting took 12.441000 seconds
[  199.135691][    T1] init: Sending SIGKILL to service 'bpfloader' (pid 605) process group...
[  199.155095][    T1] libprocessgroup: Removed cgroup /sys/fs/cgroup/system/uid_0/pid_605
[  199.204480][    T1] init: start_waiting_for_property("bpf.progs_loaded", "1"): already set
[  199.253402][    T1] init: starting service 'netd1shot'...
[  199.352523][    T1] libprocessgroup: Created cgroup /sys/fs/cgroup/system/uid_0/pid_608
[  199.387351][    T1] init: ... started service 'netd1shot' has pid 608
[  199.396005][    T1] init: SVC_EXEC service 'netd1shot' pid 608 (uid 0 gid 0+1 context default) started; waiting...
[  199.402228][    T1] init: Command 'exec_start netd1shot' action=load-bpf-programs (/system/etc/init/netbpfload.rc:58) took 168ms and succeeded
[  201.703328][    T1] init: Service 'netd1shot' (pid 608) exited with status 0 waiting took 2.359000 seconds
[  201.707358][    T1] init: Sending SIGKILL to service 'netd1shot' (pid 608) process group...
[  201.740211][    T1] libprocessgroup: Removed cgroup /sys/fs/cgroup/system/uid_0/pid_608
[  201.790922][    T1] init: starting service 'netd'...
[  201.845328][    T1] init: Created socket '/dev/socket/dnsproxyd', mode 660, user 0, group 3003
[  201.850683][    T1] init: Created socket '/dev/socket/mdns', mode 660, user 0, group 1000
[  201.852214][    T1] init: Created socket '/dev/socket/fwmarkd', mode 660, user 0, group 3003
[  201.917193][    T1] libprocessgroup: Created cgroup /sys/fs/cgroup/system/uid_0/pid_609
[  201.966736][    T1] init: ... started service 'netd' has pid 609
[  201.976529][    T1] init: Command 'start netd' action=load-bpf-programs (/system/etc/init/netbpfload.rc:59) took 204ms and succeeded
[  202.000427][    T1] init: processing action (zygote-start) from (/system/etc/init/hw/init.rc:1091)
[  202.008510][    T1] init: start_waiting_for_property("odsign.verification.done", "1"): already set
[  202.050247][    T1] init: starting service 'statsd'...
[  202.056961][    T1] init: Created socket '/dev/socket/statsdw', mode 222, user 1066, group 1066
[  202.096268][    T1] libprocessgroup: Created cgroup /sys/fs/cgroup/system/uid_1066
[  202.116750][    T1] libprocessgroup: Created cgroup /sys/fs/cgroup/system/uid_1066/pid_610
[  202.151496][    T1] init: ... started service 'statsd' has pid 610
[  202.157295][    T1] init: Command 'start statsd' action=zygote-start (/system/etc/init/hw/init.rc:1093) took 135ms and succeeded
[  202.176382][    T1] init: starting service 'zygote'...
[  202.182547][    T1] init: Created socket '/dev/socket/zygote', mode 660, user 0, group 1000
[  202.184891][    T1] init: Created socket '/dev/socket/usap_pool_primary', mode 660, user 0, group 1000
[  202.253436][    T1] libprocessgroup: Created cgroup /sys/fs/cgroup/system/uid_0/pid_611
[  202.308388][    T1] init: ... started service 'zygote' has pid 611
[  202.313289][    T1] init: Command 'start zygote' action=zygote-start (/system/etc/init/hw/init.rc:1094) took 143ms and succeeded
[  202.320784][    T1] init: Command 'start zygote_secondary' action=zygote-start (/system/etc/init/hw/init.rc:1095) took 0ms and failed: service zygote_secondary not found
[  202.328528][    T1] init: processing action (firmware_mounts_complete) from (/system/etc/init/hw/init.rc:514)
[  202.335524][    T1] init: processing action (early-boot) from (/system/etc/init/installd.rc:7)
[  202.362908][    T1] init: processing action (early-boot) from (/system/etc/init/kcmdlinectrl.rc:17)
[  202.369234][    T1] init: starting service 'exec 13 (/system/bin/kcmdlinectrl update-props)'...
[  202.418921][    T1] libprocessgroup: Created cgroup /sys/fs/cgroup/system/uid_0/pid_612
[  202.745831][    T1] init: ... started service 'exec 13 (/system/bin/kcmdlinectrl update-props)' has pid 612
[  202.811895][    T1] init: Command 'exec_background -- /system/bin/kcmdlinectrl update-props' action=early-boot (/system/etc/init/kcmdlinectrl.rc:18) took 437ms and succeeded
[  202.894657][    T1] init: processing action (boot) from (/system/etc/init/hw/init.rc:1112)
[  203.540866][    T1] init: Command 'write /dev/sys/block/by-name/rootdisk/queue/discard_max_bytes 134217728' action=boot (/system/etc/init/hw/init.rc:1157) took 236ms and succeeded
[  203.703967][    T1] init: Command 'chown system system /sys/power/autosleep' action=boot (/system/etc/init/hw/init.rc:1160) took 51ms and succeeded
[  203.873583][    T1] init: Command 'chown system system /sys/devices/system/cpu/cpufreq/interactive/timer_rate' action=boot (/system/etc/init/hw/init.rc:1162) took 73ms and succeeded
[  204.338470][    T1] init: Command 'setprop net.tcp_def_init_rwnd 60' action=boot (/system/etc/init/hw/init.rc:1216) took 197ms and succeeded
[  204.620672][    T1] init: starting service 'audio_parameter_parser_service'...
[  205.257935][    T1] libprocessgroup: Created cgroup /sys/fs/cgroup/system/uid_1041
[  206.770339][    T1] libprocessgroup: Created cgroup /sys/fs/cgroup/system/uid_1041/pid_613
[  207.666302][    T1] init: ... started service 'audio_parameter_parser_service' has pid 613
[  207.772452][    T1] init: starting service 'hidl_memory'...
[  208.969623][    T1] libprocessgroup: Created cgroup /sys/fs/cgroup/system/uid_1000/pid_618
[  210.668614][    T1] init: ... started service 'hidl_memory' has pid 618
[  211.428794][    T1] init: starting service 'vendor.sensors-hal-multihal'...
[  211.603812][  T425] type=1325 audit(1791017732.988:138): table=filter family=2 entries=0 op=xt_register subj=u:r:netd:s0 comm="iptables-restor"
[  211.799521][  T425] type=1300 audit(1791017732.988:138): arch=c00000b7 syscall=209 success=yes exit=0 a0=4 a1=0 a2=40 a3=7fff271900 items=0 ppid=609 auid=4294967295 uid=0 gid=0 euid=0 suid=0 fsuid=0 egid=0 sgid=0 fsgid=0 tty=(none) ses=4294967295 comm="iptables-restor" exe="/system/bin/iptables" subj=u:r:netd:s0 key=(null)
[  212.302371][    T1] libprocessgroup: Created cgroup /sys/fs/cgroup/system/uid_1000/pid_620
[  212.563662][  T425] type=1327 audit(1791017732.988:138): proctitle=2F73797374656D2F62696E2F69707461626C65732D726573746F7265002D2D6E6F666C757368002D77002D76
[  212.839320][  T425] type=1320 audit(1791017732.988:138): 
[  212.853018][  T425] type=1325 audit(1791017734.148:139): table=filter family=2 entries=4 op=xt_replace subj=u:r:netd:s0 comm="iptables-restor"
[  212.860754][  T425] type=1300 audit(1791017734.148:139): arch=c00000b7 syscall=208 success=yes exit=0 a0=4 a1=0 a2=40 a3=b4000079aee0baa0 items=0 ppid=609 auid=4294967295 uid=0 gid=0 euid=0 suid=0 fsuid=0 egid=0 sgid=0 fsgid=0 tty=(none) ses=4294967295 comm="iptables-restor" exe="/system/bin/iptables" subj=u:r:netd:s0 key=(null)
[  212.881696][  T425] type=1327 audit(1791017734.148:139): proctitle=2F73797374656D2F62696E2F69707461626C65732D726573746F7265002D2D6E6F666C757368002D77002D76
[  212.886305][  T425] type=1320 audit(1791017734.148:139): 
[  212.890286][  T425] type=1325 audit(1791017734.356:140): table=filter family=10 entries=0 op=xt_register subj=u:r:netd:s0 comm="ip6tables-resto"
[  212.892243][  T425] type=1300 audit(1791017734.356:140): arch=c00000b7 syscall=209 success=yes exit=0 a0=4 a1=29 a2=40 a3=7ff8299500 items=0 ppid=609 auid=4294967295 uid=0 gid=0 euid=0 suid=0 fsuid=0 egid=0 sgid=0 fsgid=0 tty=(none) ses=4294967295 comm="ip6tables-resto" exe="/system/bin/iptables" subj=u:r:netd:s0 key=(null)
[  212.904211][  T425] type=1327 audit(1791017734.356:140): proctitle=2F73797374656D2F62696E2F6970367461626C65732D726573746F7265002D2D6E6F666C757368002D77002D76
[  212.912716][  T425] type=1320 audit(1791017734.356:140): 
[  212.918656][  T425] type=1325 audit(1791017734.796:141): table=filter family=10 entries=4 op=xt_replace subj=u:r:netd:s0 comm="ip6tables-resto"
[  212.926198][  T425] type=1300 audit(1791017734.796:141): arch=c00000b7 syscall=208 success=yes exit=0 a0=4 a1=29 a2=40 a3=b4000078d5010d00 items=0 ppid=609 auid=4294967295 uid=0 gid=0 euid=0 suid=0 fsuid=0 egid=0 sgid=0 fsgid=0 tty=(none) ses=4294967295 comm="ip6tables-resto" exe="/system/bin/iptables" subj=u:r:netd:s0 key=(null)
[  212.942412][  T425] type=1327 audit(1791017734.796:141): proctitle=2F73797374656D2F62696E2F6970367461626C65732D726573746F7265002D2D6E6F666C757368002D77002D76
[  212.983494][    T1] init: ... started service 'vendor.sensors-hal-multihal' has pid 620
[  213.090230][  T425] type=1320 audit(1791017734.796:141): 
[  213.094740][  T425] type=1325 audit(1791017735.508:142): table=filter family=2 entries=13 op=xt_replace subj=u:r:netd:s0 comm="iptables-restor"
[  213.095942][    T1] init: starting service 'vendor.motioncontext-default'...
[  213.269830][  T425] type=1300 audit(1791017735.508:142): arch=c00000b7 syscall=208 success=yes exit=0 a0=4 a1=0 a2=40 a3=b40000793ee0c010 items=0 ppid=609 auid=4294967295 uid=0 gid=0 euid=0 suid=0 fsuid=0 egid=0 sgid=0 fsgid=0 tty=(none) ses=4294967295 comm="iptables-restor" exe="/system/bin/iptables" subj=u:r:netd:s0 key=(null)
[  213.324562][  T425] type=1327 audit(1791017735.508:142): proctitle=2F73797374656D2F62696E2F69707461626C65732D726573746F7265002D2D6E6F666C757368002D77002D76
[  213.359357][  T425] type=1320 audit(1791017735.508:142): 
[  213.379582][  T425] type=1325 audit(1791017735.560:143): table=filter family=10 entries=13 op=xt_replace subj=u:r:netd:s0 comm="ip6tables-resto"
[  213.406696][  T425] type=1300 audit(1791017735.560:143): arch=c00000b7 syscall=208 success=yes exit=0 a0=4 a1=29 a2=40 a3=b4000077850097b0 items=0 ppid=609 auid=4294967295 uid=0 gid=0 euid=0 suid=0 fsuid=0 egid=0 sgid=0 fsgid=0 tty=(none) ses=4294967295 comm="ip6tables-resto" exe="/system/bin/iptables" subj=u:r:netd:s0 key=(null)
[  213.432875][  T425] type=1327 audit(1791017735.560:143): proctitle=2F73797374656D2F62696E2F6970367461626C65732D726573746F7265002D2D6E6F666C757368002D77002D76
[  213.470666][  T425] type=1320 audit(1791017735.560:143): 
[  213.501310][  T425] type=1325 audit(1791017735.580:144): table=raw family=2 entries=0 op=xt_register subj=u:r:netd:s0 comm="iptables-restor"
[  213.678988][  T425] type=1300 audit(1791017735.580:144): arch=c00000b7 syscall=209 success=yes exit=0 a0=4 a1=0 a2=40 a3=7fff271900 items=0 ppid=609 auid=4294967295 uid=0 gid=0 euid=0 suid=0 fsuid=0 egid=0 sgid=0 fsgid=0 tty=(none) ses=4294967295 comm="iptables-restor" exe="/system/bin/iptables" subj=u:r:netd:s0 key=(null)
[  213.717353][    T1] libprocessgroup: Created cgroup /sys/fs/cgroup/system/uid_1080
[  213.724366][  T425] type=1327 audit(1791017735.580:144): proctitle=2F73797374656D2F62696E2F69707461626C65732D726573746F7265002D2D6E6F666C757368002D77002D76
[  213.725477][  T425] type=1320 audit(1791017735.580:144): 
[  213.726302][  T425] type=1325 audit(1791017735.584:145): table=raw family=2 entries=3 op=xt_replace subj=u:r:netd:s0 comm="iptables-restor"
[  213.726314][  T425] type=1300 audit(1791017735.584:145): arch=c00000b7 syscall=208 success=yes exit=0 a0=4 a1=0 a2=40 a3=b40000798ee0f840 items=0 ppid=609 auid=4294967295 uid=0 gid=0 euid=0 suid=0 fsuid=0 egid=0 sgid=0 fsgid=0 tty=(none) ses=4294967295 comm="iptables-restor" exe="/system/bin/iptables" subj=u:r:netd:s0 key=(null)
[  213.732573][  T425] type=1327 audit(1791017735.584:145): proctitle=2F73797374656D2F62696E2F69707461626C65732D726573746F7265002D2D6E6F666C757368002D77002D76
[  213.986303][  T425] type=1320 audit(1791017735.584:145): 
[  214.008401][  T425] type=1325 audit(1791017735.584:146): table=raw family=10 entries=0 op=xt_register subj=u:r:netd:s0 comm="ip6tables-resto"
[  214.025486][  T425] type=1300 audit(1791017735.584:146): arch=c00000b7 syscall=209 success=yes exit=0 a0=4 a1=29 a2=40 a3=7ff8299500 items=0 ppid=609 auid=4294967295 uid=0 gid=0 euid=0 suid=0 fsuid=0 egid=0 sgid=0 fsgid=0 tty=(none) ses=4294967295 comm="ip6tables-resto" exe="/system/bin/iptables" subj=u:r:netd:s0 key=(null)
[  214.042685][  T425] type=1327 audit(1791017735.584:146): proctitle=2F73797374656D2F62696E2F6970367461626C65732D726573746F7265002D2D6E6F666C757368002D77002D76
[  214.054661][  T425] type=1320 audit(1791017735.584:146): 
[  214.059277][  T425] type=1325 audit(1791017735.608:147): table=raw family=10 entries=3 op=xt_replace subj=u:r:netd:s0 comm="ip6tables-resto"
[  214.071600][  T425] type=1300 audit(1791017735.608:147): arch=c00000b7 syscall=208 success=yes exit=0 a0=4 a1=29 a2=40 a3=b4000078d5010d00 items=0 ppid=609 auid=4294967295 uid=0 gid=0 euid=0 suid=0 fsuid=0 egid=0 sgid=0 fsgid=0 tty=(none) ses=4294967295 comm="ip6tables-resto" exe="/system/bin/iptables" subj=u:r:netd:s0 key=(null)
[  214.080260][  T425] type=1327 audit(1791017735.608:147): proctitle=2F73797374656D2F62696E2F6970367461626C65732D726573746F7265002D2D6E6F666C757368002D77002D76
[  214.089209][  T425] type=1320 audit(1791017735.608:147): 
[  214.095747][  T425] type=1325 audit(1791017735.620:148): table=mangle family=2 entries=0 op=xt_register subj=u:r:netd:s0 comm="iptables-restor"
[  214.102605][  T425] type=1300 audit(1791017735.620:148): arch=c00000b7 syscall=209 success=yes exit=0 a0=4 a1=0 a2=40 a3=7fff271900 items=0 ppid=609 auid=4294967295 uid=0 gid=0 euid=0 suid=0 fsuid=0 egid=0 sgid=0 fsgid=0 tty=(none) ses=4294967295 comm="iptables-restor" exe="/system/bin/iptables" subj=u:r:netd:s0 key=(null)
[  214.117827][  T425] type=1327 audit(1791017735.620:148): proctitle=2F73797374656D2F62696E2F69707461626C65732D726573746F7265002D2D6E6F666C757368002D77002D76
[  214.124904][  T425] type=1320 audit(1791017735.620:148): 
[  214.130743][  T425] type=1325 audit(1791017735.628:149): table=mangle family=2 entries=6 op=xt_replace subj=u:r:netd:s0 comm="iptables-restor"
[  214.137233][  T425] type=1300 audit(1791017735.628:149): arch=c00000b7 syscall=208 success=yes exit=0 a0=4 a1=0 a2=40 a3=b4000077eee15a30 items=0 ppid=609 auid=4294967295 uid=0 gid=0 euid=0 suid=0 fsuid=0 egid=0 sgid=0 fsgid=0 tty=(none) ses=4294967295 comm="iptables-restor" exe="/system/bin/iptables" subj=u:r:netd:s0 key=(null)
[  214.153817][  T425] type=1327 audit(1791017735.628:149): proctitle=2F73797374656D2F62696E2F69707461626C65732D726573746F7265002D2D6E6F666C757368002D77002D76
[  214.162447][  T425] type=1320 audit(1791017735.628:149): 
[  214.164160][  T425] type=1325 audit(1791017735.640:150): table=mangle family=10 entries=0 op=xt_register subj=u:r:netd:s0 comm="ip6tables-resto"
[  214.173027][  T425] type=1300 audit(1791017735.640:150): arch=c00000b7 syscall=209 success=yes exit=0 a0=4 a1=29 a2=40 a3=7ff8299500 items=0 ppid=609 auid=4294967295 uid=0 gid=0 euid=0 suid=0 fsuid=0 egid=0 sgid=0 fsgid=0 tty=(none) ses=4294967295 comm="ip6tables-resto" exe="/system/bin/iptables" subj=u:r:netd:s0 key=(null)
[  214.182466][  T425] type=1327 audit(1791017735.640:150): proctitle=2F73797374656D2F62696E2F6970367461626C65732D726573746F7265002D2D6E6F666C757368002D77002D76
[  214.495925][  T425] type=1320 audit(1791017735.640:150): 
[  214.649445][    T1] libprocessgroup: Created cgroup /sys/fs/cgroup/system/uid_1080/pid_623
[  214.689777][  T425] type=1325 audit(1791017735.648:151): table=mangle family=10 entries=6 op=xt_replace subj=u:r:netd:s0 comm="ip6tables-resto"
[  214.922313][  T425] type=1300 audit(1791017735.648:151): arch=c00000b7 syscall=208 success=yes exit=0 a0=4 a1=29 a2=40 a3=b4000077e500a900 items=0 ppid=609 auid=4294967295 uid=0 gid=0 euid=0 suid=0 fsuid=0 egid=0 sgid=0 fsgid=0 tty=(none) ses=4294967295 comm="ip6tables-resto" exe="/system/bin/iptables" subj=u:r:netd:s0 key=(null)
[  214.948025][  T425] type=1327 audit(1791017735.648:151): proctitle=2F73797374656D2F62696E2F6970367461626C65732D726573746F7265002D2D6E6F666C757368002D77002D76
[  215.069451][  T425] type=1320 audit(1791017735.648:151): 
[  215.241970][  T425] type=1325 audit(1791017735.672:152): table=mangle family=2 entries=9 op=xt_replace subj=u:r:netd:s0 comm="iptables-restor"
[  215.339937][  T425] type=1300 audit(1791017735.672:152): arch=c00000b7 syscall=208 success=yes exit=0 a0=4 a1=0 a2=40 a3=b40000797ee0c930 items=0 ppid=609 auid=4294967295 uid=0 gid=0 euid=0 suid=0 fsuid=0 egid=0 sgid=0 fsgid=0 tty=(none) ses=4294967295 comm="iptables-restor" exe="/system/bin/iptables" subj=u:r:netd:s0 key=(null)
[  215.392232][  T425] type=1327 audit(1791017735.672:152): proctitle=2F73797374656D2F62696E2F69707461626C65732D726573746F7265002D2D6E6F666C757368002D77002D76
[  215.440606][  T425] type=1320 audit(1791017735.672:152): 
[  215.478291][  T425] type=1325 audit(1791017735.676:153): table=mangle family=10 entries=9 op=xt_replace subj=u:r:netd:s0 comm="ip6tables-resto"
[  215.493234][    T1] init: ... started service 'vendor.motioncontext-default' has pid 623
[  215.527907][  T425] type=1300 audit(1791017735.676:153): arch=c00000b7 syscall=208 success=yes exit=0 a0=4 a1=29 a2=40 a3=b4000078a5013040 items=0 ppid=609 auid=4294967295 uid=0 gid=0 euid=0 suid=0 fsuid=0 egid=0 sgid=0 fsgid=0 tty=(none) ses=4294967295 comm="ip6tables-resto" exe="/system/bin/iptables" subj=u:r:netd:s0 key=(null)
[  215.548376][  T425] type=1327 audit(1791017735.676:153): proctitle=2F73797374656D2F62696E2F6970367461626C65732D726573746F7265002D2D6E6F666C757368002D77002D76
[  215.558263][  T425] type=1320 audit(1791017735.676:153): 
[  215.564326][  T425] type=1325 audit(1791017735.680:154): table=mangle family=2 entries=18 op=xt_replace subj=u:r:netd:s0 comm="iptables-restor"
[  215.570909][  T425] type=1300 audit(1791017735.680:154): arch=c00000b7 syscall=208 success=yes exit=0 a0=4 a1=0 a2=40 a3=b40000793ee0c010 items=0 ppid=609 auid=4294967295 uid=0 gid=0 euid=0 suid=0 fsuid=0 egid=0 sgid=0 fsgid=0 tty=(none) ses=4294967295 comm="iptables-restor" exe="/system/bin/iptables" subj=u:r:netd:s0 key=(null)
[  215.615498][  T425] type=1327 audit(1791017735.680:154): proctitle=2F73797374656D2F62696E2F69707461626C65732D726573746F7265002D2D6E6F666C757368002D77002D76
[  215.629483][  T425] type=1320 audit(1791017735.680:154): 
[  215.635752][  T425] type=1325 audit(1791017735.680:155): table=mangle family=10 entries=18 op=xt_replace subj=u:r:netd:s0 comm="ip6tables-resto"
[  215.641454][  T425] type=1300 audit(1791017735.680:155): arch=c00000b7 syscall=208 success=yes exit=0 a0=4 a1=29 a2=40 a3=b400007745011640 items=0 ppid=609 auid=4294967295 uid=0 gid=0 euid=0 suid=0 fsuid=0 egid=0 sgid=0 fsgid=0 tty=(none) ses=4294967295 comm="ip6tables-resto" exe="/system/bin/iptables" subj=u:r:netd:s0 key=(null)
[  215.660013][  T425] type=1327 audit(1791017735.680:155): proctitle=2F73797374656D2F62696E2F6970367461626C65732D726573746F7265002D2D6E6F666C757368002D77002D76
[  215.691185][  T425] type=1320 audit(1791017735.680:155): 
[  215.700804][  T425] type=1325 audit(1791017735.680:156): table=nat family=2 entries=0 op=xt_register subj=u:r:netd:s0 comm="iptables-restor"
[  215.745560][  T425] type=1300 audit(1791017735.680:156): arch=c00000b7 syscall=209 success=yes exit=0 a0=4 a1=0 a2=40 a3=7fff271900 items=0 ppid=609 auid=4294967295 uid=0 gid=0 euid=0 suid=0 fsuid=0 egid=0 sgid=0 fsgid=0 tty=(none) ses=4294967295 comm="iptables-restor" exe="/system/bin/iptables" subj=u:r:netd:s0 key=(null)
[  215.792383][  T425] type=1327 audit(1791017735.680:156): proctitle=2F73797374656D2F62696E2F69707461626C65732D726573746F7265002D2D6E6F666C757368002D77002D76
[  215.829630][  T425] type=1320 audit(1791017735.680:156): 
[  215.837683][  T425] type=1325 audit(1791017735.768:157): table=nat family=2 entries=5 op=xt_replace subj=u:r:netd:s0 comm="iptables-restor"
[  215.847508][  T425] type=1300 audit(1791017735.768:157): arch=c00000b7 syscall=208 success=yes exit=0 a0=4 a1=0 a2=40 a3=b4000077eee15a30 items=0 ppid=609 auid=4294967295 uid=0 gid=0 euid=0 suid=0 fsuid=0 egid=0 sgid=0 fsgid=0 tty=(none) ses=4294967295 comm="iptables-restor" exe="/system/bin/iptables" subj=u:r:netd:s0 key=(null)
[  215.980662][  T425] type=1327 audit(1791017735.768:157): proctitle=2F73797374656D2F62696E2F69707461626C65732D726573746F7265002D2D6E6F666C757368002D77002D76
[  216.021519][  T425] type=1320 audit(1791017735.768:157): 
[  216.026212][  T425] type=1325 audit(1791017735.788:158): table=nat family=2 entries=8 op=xt_replace subj=u:r:netd:s0 comm="iptables-restor"
[  216.037794][  T425] type=1300 audit(1791017735.788:158): arch=c00000b7 syscall=208 success=yes exit=0 a0=4 a1=0 a2=40 a3=b40000798ee0f840 items=0 ppid=609 auid=4294967295 uid=0 gid=0 euid=0 suid=0 fsuid=0 egid=0 sgid=0 fsgid=0 tty=(none) ses=4294967295 comm="iptables-restor" exe="/system/bin/iptables" subj=u:r:netd:s0 key=(null)
[  216.057421][  T425] type=1327 audit(1791017735.788:158): proctitle=2F73797374656D2F62696E2F69707461626C65732D726573746F7265002D2D6E6F666C757368002D77002D76
[  216.064958][  T425] type=1320 audit(1791017735.788:158): 
[  216.070833][  T425] type=1325 audit(1791017736.016:159): table=filter family=2 entries=25 op=xt_replace subj=u:r:netd:s0 comm="iptables-restor"
[  216.083802][  T425] type=1300 audit(1791017736.016:159): arch=c00000b7 syscall=208 success=yes exit=0 a0=4 a1=0 a2=40 a3=b40000784ee127b0 items=0 ppid=609 auid=4294967295 uid=0 gid=0 euid=0 suid=0 fsuid=0 egid=0 sgid=0 fsgid=0 tty=(none) ses=4294967295 comm="iptables-restor" exe="/system/bin/iptables" subj=u:r:netd:s0 key=(null)
[  216.099027][  T425] type=1327 audit(1791017736.016:159): proctitle=2F73797374656D2F62696E2F69707461626C65732D726573746F7265002D2D6E6F666C757368002D77002D76
[  216.106618][  T425] type=1320 audit(1791017736.016:159): 
[  216.113989][  T425] type=1325 audit(1791017736.100:160): table=filter family=10 entries=25 op=xt_replace subj=u:r:netd:s0 comm="ip6tables-resto"
[  216.128337][  T425] type=1300 audit(1791017736.100:160): arch=c00000b7 syscall=208 success=yes exit=0 a0=4 a1=29 a2=40 a3=b4000076f500c220 items=0 ppid=609 auid=4294967295 uid=0 gid=0 euid=0 suid=0 fsuid=0 egid=0 sgid=0 fsgid=0 tty=(none) ses=4294967295 comm="ip6tables-resto" exe="/system/bin/iptables" subj=u:r:netd:s0 key=(null)
[  216.153608][  T425] type=1327 audit(1791017736.100:160): proctitle=2F73797374656D2F62696E2F6970367461626C65732D726573746F7265002D2D6E6F666C757368002D77002D76
[  216.164206][  T425] type=1320 audit(1791017736.100:160): 
[  216.164653][    T1] init: starting service 'vendor.audio-hal-aidl'...
[  216.170888][  T425] type=1325 audit(1791017736.128:161): table=mangle family=2 entries=21 op=xt_replace subj=u:r:netd:s0 comm="iptables-restor"
[  216.177013][  T425] type=1300 audit(1791017736.128:161): arch=c00000b7 syscall=208 success=yes exit=0 a0=4 a1=0 a2=40 a3=b40000784ee127b0 items=0 ppid=609 auid=4294967295 uid=0 gid=0 euid=0 suid=0 fsuid=0 egid=0 sgid=0 fsgid=0 tty=(none) ses=4294967295 comm="iptables-restor" exe="/system/bin/iptables" subj=u:r:netd:s0 key=(null)
[  216.194970][  T425] type=1327 audit(1791017736.128:161): proctitle=2F73797374656D2F62696E2F69707461626C65732D726573746F7265002D2D6E6F666C757368002D77002D76
[  216.200335][  T425] type=1320 audit(1791017736.128:161): 
[  216.373289][  T425] type=1325 audit(1791017736.128:162): table=mangle family=10 entries=21 op=xt_replace subj=u:r:netd:s0 comm="ip6tables-resto"
[  216.433505][  T425] type=1300 audit(1791017736.128:162): arch=c00000b7 syscall=208 success=yes exit=0 a0=4 a1=29 a2=40 a3=b4000077850097b0 items=0 ppid=609 auid=4294967295 uid=0 gid=0 euid=0 suid=0 fsuid=0 egid=0 sgid=0 fsgid=0 tty=(none) ses=4294967295 comm="ip6tables-resto" exe="/system/bin/iptables" subj=u:r:netd:s0 key=(null)
[  216.447497][  T425] type=1327 audit(1791017736.128:162): proctitle=2F73797374656D2F62696E2F6970367461626C65732D726573746F7265002D2D6E6F666C757368002D77002D76
[  216.457324][  T425] type=1320 audit(1791017736.128:162): 
[  216.462915][  T425] type=1325 audit(1791017736.180:163): table=filter family=2 entries=37 op=xt_replace subj=u:r:netd:s0 comm="iptables-restor"
[  216.517523][  T425] type=1300 audit(1791017736.180:163): arch=c00000b7 syscall=208 success=yes exit=0 a0=4 a1=0 a2=40 a3=b40000784ee10be0 items=0 ppid=609 auid=4294967295 uid=0 gid=0 euid=0 suid=0 fsuid=0 egid=0 sgid=0 fsgid=0 tty=(none) ses=4294967295 comm="iptables-restor" exe="/system/bin/iptables" subj=u:r:netd:s0 key=(null)
[  216.547620][  T425] type=1327 audit(1791017736.180:163): proctitle=2F73797374656D2F62696E2F69707461626C65732D726573746F7265002D2D6E6F666C757368002D77002D76
[  216.555951][  T425] type=1320 audit(1791017736.180:163): 
[  216.566023][  T425] type=1325 audit(1791017736.188:164): table=filter family=10 entries=37 op=xt_replace subj=u:r:netd:s0 comm="ip6tables-resto"
[  216.574507][  T425] type=1300 audit(1791017736.188:164): arch=c00000b7 syscall=208 success=yes exit=0 a0=4 a1=29 a2=40 a3=b4000076f5010640 items=0 ppid=609 auid=4294967295 uid=0 gid=0 euid=0 suid=0 fsuid=0 egid=0 sgid=0 fsgid=0 tty=(none) ses=4294967295 comm="ip6tables-resto" exe="/system/bin/iptables" subj=u:r:netd:s0 key=(null)
[  216.586207][    T1] libprocessgroup: Created cgroup /sys/fs/cgroup/system/uid_1041/pid_624
[  216.603912][  T425] type=1327 audit(1791017736.188:164): proctitle=2F73797374656D2F62696E2F6970367461626C65732D726573746F7265002D2D6E6F666C757368002D77002D76
[  216.611692][  T425] type=1320 audit(1791017736.188:164): 
[  216.613747][  T425] type=1325 audit(1791017736.384:165): table=filter family=2 entries=37 op=xt_replace subj=u:r:netd:s0 comm="iptables-restor"
[  216.689677][  T425] type=1300 audit(1791017736.384:165): arch=c00000b7 syscall=208 success=yes exit=0 a0=4 a1=0 a2=40 a3=b40000784ee10be0 items=0 ppid=609 auid=4294967295 uid=0 gid=0 euid=0 suid=0 fsuid=0 egid=0 sgid=0 fsgid=0 tty=(none) ses=4294967295 comm="iptables-restor" exe="/system/bin/iptables" subj=u:r:netd:s0 key=(null)
[  216.913178][  T425] type=1327 audit(1791017736.384:165): proctitle=2F73797374656D2F62696E2F69707461626C65732D726573746F7265002D2D6E6F666C757368002D77002D76
[  216.924016][  T425] type=1320 audit(1791017736.384:165): 
[  216.928989][  T425] type=1325 audit(1791017736.408:166): table=nat family=2 entries=11 op=xt_replace subj=u:r:netd:s0 comm="iptables-restor"
[  216.932117][  T425] type=1300 audit(1791017736.408:166): arch=c00000b7 syscall=208 success=yes exit=0 a0=4 a1=0 a2=40 a3=b40000798ee14a20 items=0 ppid=609 auid=4294967295 uid=0 gid=0 euid=0 suid=0 fsuid=0 egid=0 sgid=0 fsgid=0 tty=(none) ses=4294967295 comm="iptables-restor" exe="/system/bin/iptables" subj=u:r:netd:s0 key=(null)
[  216.948371][  T425] type=1327 audit(1791017736.408:166): proctitle=2F73797374656D2F62696E2F69707461626C65732D726573746F7265002D2D6E6F666C757368002D77002D76
[  216.961551][  T425] type=1320 audit(1791017736.408:166): 
[  216.963957][  T425] type=1325 audit(1791017736.424:167): table=filter family=10 entries=38 op=xt_replace subj=u:r:netd:s0 comm="ip6tables-resto"
[  216.970327][  T425] type=1300 audit(1791017736.424:167): arch=c00000b7 syscall=208 success=yes exit=0 a0=4 a1=29 a2=40 a3=b4000076f5010640 items=0 ppid=609 auid=4294967295 uid=0 gid=0 euid=0 suid=0 fsuid=0 egid=0 sgid=0 fsgid=0 tty=(none) ses=4294967295 comm="ip6tables-resto" exe="/system/bin/iptables" subj=u:r:netd:s0 key=(null)
[  216.986455][  T425] type=1327 audit(1791017736.424:167): proctitle=2F73797374656D2F62696E2F6970367461626C65732D726573746F7265002D2D6E6F666C757368002D77002D76
[  216.998562][  T425] type=1320 audit(1791017736.424:167): 
[  217.001139][  T425] type=1325 audit(1791017736.440:168): table=raw family=10 entries=12 op=xt_replace subj=u:r:netd:s0 comm="ip6tables-resto"
[  217.013695][  T425] type=1300 audit(1791017736.440:168): arch=c00000b7 syscall=208 success=yes exit=0 a0=4 a1=29 a2=40 a3=b4000078d5011930 items=0 ppid=609 auid=4294967295 uid=0 gid=0 euid=0 suid=0 fsuid=0 egid=0 sgid=0 fsgid=0 tty=(none) ses=4294967295 comm="ip6tables-resto" exe="/system/bin/iptables" subj=u:r:netd:s0 key=(null)
[  217.025577][    T1] init: ... started service 'vendor.audio-hal-aidl' has pid 624
[  217.031882][  T425] type=1327 audit(1791017736.440:168): proctitle=2F73797374656D2F62696E2F6970367461626C65732D726573746F7265002D2D6E6F666C757368002D77002D76
[  217.052274][  T425] type=1320 audit(1791017736.440:168): 
[  217.055428][  T425] type=1325 audit(1791017736.584:169): table=mangle family=2 entries=30 op=xt_replace subj=u:r:netd:s0 comm="iptables-restor"
[  217.058002][    T1] init: starting service 'vendor.audio-effect-hal-aidl'...
[  217.060157][  T425] type=1300 audit(1791017736.584:169): arch=c00000b7 syscall=208 success=yes exit=0 a0=4 a1=0 a2=40 a3=b40000784ee10be0 items=0 ppid=609 auid=4294967295 uid=0 gid=0 euid=0 suid=0 fsuid=0 egid=0 sgid=0 fsgid=0 tty=(none) ses=4294967295 comm="iptables-restor" exe="/system/bin/iptables" subj=u:r:netd:s0 key=(null)
[  217.060163][  T425] type=1327 audit(1791017736.584:169): proctitle=2F73797374656D2F62696E2F69707461626C65732D726573746F7265002D2D6E6F666C757368002D77002D76
[  217.064346][  T425] type=1320 audit(1791017736.584:169): 
[  217.109712][  T425] type=1325 audit(1791017736.772:170): table=filter family=2 entries=38 op=xt_replace subj=u:r:netd:s0 comm="iptables-restor"
[  217.121627][  T425] type=1300 audit(1791017736.772:170): arch=c00000b7 syscall=208 success=yes exit=0 a0=4 a1=0 a2=40 a3=b40000784ee10be0 items=0 ppid=609 auid=4294967295 uid=0 gid=0 euid=0 suid=0 fsuid=0 egid=0 sgid=0 fsgid=0 tty=(none) ses=4294967295 comm="iptables-restor" exe="/system/bin/iptables" subj=u:r:netd:s0 key=(null)
[  217.154811][  T425] type=1327 audit(1791017736.772:170): proctitle=2F73797374656D2F62696E2F69707461626C65732D726573746F7265002D2D6E6F666C757368002D77002D76
[  217.162887][  T425] type=1320 audit(1791017736.772:170): 
[  217.164761][  T425] type=1325 audit(1791017736.812:171): table=filter family=10 entries=38 op=xt_replace subj=u:r:netd:s0 comm="ip6tables-resto"
[  217.173815][  T425] type=1300 audit(1791017736.812:171): arch=c00000b7 syscall=208 success=yes exit=0 a0=4 a1=29 a2=40 a3=b4000077f500bb30 items=0 ppid=609 auid=4294967295 uid=0 gid=0 euid=0 suid=0 fsuid=0 egid=0 sgid=0 fsgid=0 tty=(none) ses=4294967295 comm="ip6tables-resto" exe="/system/bin/iptables" subj=u:r:netd:s0 key=(null)
[  217.182726][  T425] type=1327 audit(1791017736.812:171): proctitle=2F73797374656D2F62696E2F6970367461626C65732D726573746F7265002D2D6E6F666C757368002D77002D76
[  217.186729][    T1] libprocessgroup: Created cgroup /sys/fs/cgroup/system/uid_1041/pid_625
[  217.192237][  T425] type=1320 audit(1791017736.812:171): 
[  217.379171][  T425] type=1325 audit(1791017736.868:172): table=filter family=2 entries=40 op=xt_replace subj=u:r:netd:s0 comm="iptables-restor"
[  217.553286][  T425] type=1300 audit(1791017736.868:172): arch=c00000b7 syscall=208 success=yes exit=0 a0=4 a1=0 a2=40 a3=b40000785ee11640 items=0 ppid=609 auid=4294967295 uid=0 gid=0 euid=0 suid=0 fsuid=0 egid=0 sgid=0 fsgid=0 tty=(none) ses=4294967295 comm="iptables-restor" exe="/system/bin/iptables" subj=u:r:netd:s0 key=(null)
[  217.867276][  T425] type=1327 audit(1791017736.868:172): proctitle=2F73797374656D2F62696E2F69707461626C65732D726573746F7265002D2D6E6F666C757368002D77002D76
[  217.912391][  T425] type=1320 audit(1791017736.868:172): 
[  217.915701][  T425] type=1325 audit(1791017736.872:173): table=raw family=2 entries=12 op=xt_replace subj=u:r:netd:s0 comm="iptables-restor"
[  218.280756][  T425] type=1300 audit(1791017736.872:173): arch=c00000b7 syscall=208 success=yes exit=0 a0=4 a1=0 a2=40 a3=b40000798ee14a20 items=0 ppid=609 auid=4294967295 uid=0 gid=0 euid=0 suid=0 fsuid=0 egid=0 sgid=0 fsgid=0 tty=(none) ses=4294967295 comm="iptables-restor" exe="/system/bin/iptables" subj=u:r:netd:s0 key=(null)
[  218.358733][    T1] init: ... started service 'vendor.audio-effect-hal-aidl' has pid 625
[  218.396378][  T425] type=1327 audit(1791017736.872:173): proctitle=2F73797374656D2F62696E2F69707461626C65732D726573746F7265002D2D6E6F666C757368002D77002D76
[  218.526749][  T425] type=1320 audit(1791017736.872:173): 
[  218.539463][  T425] type=1325 audit(1791017736.872:174): table=mangle family=2 entries=31 op=xt_replace subj=u:r:netd:s0 comm="iptables-restor"
[  218.566690][  T425] type=1300 audit(1791017736.872:174): arch=c00000b7 syscall=208 success=yes exit=0 a0=4 a1=0 a2=40 a3=b40000784ee10be0 items=0 ppid=609 auid=4294967295 uid=0 gid=0 euid=0 suid=0 fsuid=0 egid=0 sgid=0 fsgid=0 tty=(none) ses=4294967295 comm="iptables-restor" exe="/system/bin/iptables" subj=u:r:netd:s0 key=(null)
[  218.578865][    T1] init: starting service 'vendor.authsecret_default'...
[  218.632349][  T425] type=1327 audit(1791017736.872:174): proctitle=2F73797374656D2F62696E2F69707461626C65732D726573746F7265002D2D6E6F666C757368002D77002D76
[  218.661275][  T425] type=1320 audit(1791017736.872:174): 
[  218.696371][  T425] type=1325 audit(1791017736.872:175): table=filter family=10 entries=40 op=xt_replace subj=u:r:netd:s0 comm="ip6tables-resto"
[  218.718884][  T425] type=1300 audit(1791017736.872:175): arch=c00000b7 syscall=208 success=yes exit=0 a0=4 a1=29 a2=40 a3=b4000077f500bb30 items=0 ppid=609 auid=4294967295 uid=0 gid=0 euid=0 suid=0 fsuid=0 egid=0 sgid=0 fsgid=0 tty=(none) ses=4294967295 comm="ip6tables-resto" exe="/system/bin/iptables" subj=u:r:netd:s0 key=(null)
[  218.728709][    T1] libprocessgroup: Created cgroup /sys/fs/cgroup/system/uid_1064
[  218.760622][  T425] type=1327 audit(1791017736.872:175): proctitle=2F73797374656D2F62696E2F6970367461626C65732D726573746F7265002D2D6E6F666C757368002D77002D76
[  218.832517][  T425] type=1320 audit(1791017736.872:175): 
[  218.837974][  T425] type=1325 audit(1791017737.128:176): table=raw family=10 entries=12 op=xt_replace subj=u:r:netd:s0 comm="ip6tables-resto"
[  218.846597][  T425] type=1300 audit(1791017737.128:176): arch=c00000b7 syscall=208 success=yes exit=0 a0=4 a1=29 a2=40 a3=b4000078d5011930 items=0 ppid=609 auid=4294967295 uid=0 gid=0 euid=0 suid=0 fsuid=0 egid=0 sgid=0 fsgid=0 tty=(none) ses=4294967295 comm="ip6tables-resto" exe="/system/bin/iptables" subj=u:r:netd:s0 key=(null)
[  218.861821][  T425] type=1327 audit(1791017737.128:176): proctitle=2F73797374656D2F62696E2F6970367461626C65732D726573746F7265002D2D6E6F666C757368002D77002D76
[  218.871213][  T425] type=1320 audit(1791017737.128:176): 
[  218.874329][  T425] type=1325 audit(1791017737.152:177): table=mangle family=10 entries=30 op=xt_replace subj=u:r:netd:s0 comm="ip6tables-resto"
[  219.082276][  T425] type=1300 audit(1791017737.152:177): arch=c00000b7 syscall=208 success=yes exit=0 a0=4 a1=29 a2=40 a3=b400007785007be0 items=0 ppid=609 auid=4294967295 uid=0 gid=0 euid=0 suid=0 fsuid=0 egid=0 sgid=0 fsgid=0 tty=(none) ses=4294967295 comm="ip6tables-resto" exe="/system/bin/iptables" subj=u:r:netd:s0 key=(null)
[  219.081920][    T1] libprocessgroup: Created cgroup /sys/fs/cgroup/system/uid_1064/pid_626
[  219.091490][  T425] type=1327 audit(1791017737.152:177): proctitle=2F73797374656D2F62696E2F6970367461626C65732D726573746F7265002D2D6E6F666C757368002D77002D76
[  219.202513][  T425] type=1320 audit(1791017737.152:177): 
[  219.228476][  T425] type=1325 audit(1791017737.312:178): table=filter family=2 entries=50 op=xt_replace subj=u:r:netd:s0 comm="iptables-restor"
[  219.243566][  T425] type=1300 audit(1791017737.312:178): arch=c00000b7 syscall=208 success=yes exit=0 a0=4 a1=0 a2=40 a3=b4000077bee178c0 items=0 ppid=609 auid=4294967295 uid=0 gid=0 euid=0 suid=0 fsuid=0 egid=0 sgid=0 fsgid=0 tty=(none) ses=4294967295 comm="iptables-restor" exe="/system/bin/iptables" subj=u:r:netd:s0 key=(null)
[  219.442008][  T425] type=1327 audit(1791017737.312:178): proctitle=2F73797374656D2F62696E2F69707461626C65732D726573746F7265002D2D6E6F666C757368002D77002D76
[  219.481839][  T425] type=1320 audit(1791017737.312:178): 
[  219.514534][  T425] type=1325 audit(1791017737.396:179): table=filter family=10 entries=50 op=xt_replace subj=u:r:netd:s0 comm="ip6tables-resto"
[  219.917590][  T425] type=1300 audit(1791017737.396:179): arch=c00000b7 syscall=208 success=yes exit=0 a0=4 a1=29 a2=40 a3=b4000077750097a0 items=0 ppid=609 auid=4294967295 uid=0 gid=0 euid=0 suid=0 fsuid=0 egid=0 sgid=0 fsgid=0 tty=(none) ses=4294967295 comm="ip6tables-resto" exe="/system/bin/iptables" subj=u:r:netd:s0 key=(null)
[  220.130482][    T1] init: ... started service 'vendor.authsecret_default' has pid 626
[  220.176797][  T425] type=1327 audit(1791017737.396:179): proctitle=2F73797374656D2F62696E2F6970367461626C65732D726573746F7265002D2D6E6F666C757368002D77002D76
[  220.931528][  T425] type=1320 audit(1791017737.396:179): 
[  221.006713][    T1] init: starting service 'vendor.cas-default'...
[  221.701822][  T425] type=1325 audit(1791017737.960:180): table=filter family=2 entries=58 op=xt_replace subj=u:r:netd:s0 comm="iptables-restor"
[  222.290678][  T425] type=1300 audit(1791017737.960:180): arch=c00000b7 syscall=208 success=yes exit=0 a0=4 a1=0 a2=40 a3=b40000780ee0c030 items=0 ppid=609 auid=4294967295 uid=0 gid=0 euid=0 suid=0 fsuid=0 egid=0 sgid=0 fsgid=0 tty=(none) ses=4294967295 comm="iptables-restor" exe="/system/bin/iptables" subj=u:r:netd:s0 key=(null)
[  222.447634][  T425] type=1327 audit(1791017737.960:180): proctitle=2F73797374656D2F62696E2F69707461626C65732D726573746F7265002D2D6E6F666C757368002D77002D76
[  222.455793][  T425] type=1320 audit(1791017737.960:180): 
[  222.470661][  T425] type=1325 audit(1791017738.240:181): table=filter family=10 entries=58 op=xt_replace subj=u:r:netd:s0 comm="ip6tables-resto"
[  222.487318][  T425] type=1300 audit(1791017738.240:181): arch=c00000b7 syscall=208 success=yes exit=0 a0=4 a1=29 a2=40 a3=b40000770500a010 items=0 ppid=609 auid=4294967295 uid=0 gid=0 euid=0 suid=0 fsuid=0 egid=0 sgid=0 fsgid=0 tty=(none) ses=4294967295 comm="ip6tables-resto" exe="/system/bin/iptables" subj=u:r:netd:s0 key=(null)
[  222.526856][  T425] type=1327 audit(1791017738.240:181): proctitle=2F73797374656D2F62696E2F6970367461626C65732D726573746F7265002D2D6E6F666C757368002D77002D76
[  222.677204][    T1] libprocessgroup: Created cgroup /sys/fs/cgroup/system/uid_1013
[  223.348003][  T425] type=1320 audit(1791017738.240:181): 
[  223.669458][  T425] type=1325 audit(1791017738.260:182): table=mangle family=2 entries=31 op=xt_replace subj=u:r:netd:s0 comm="iptables-restor"
[  223.912722][    T1] libprocessgroup: Created cgroup /sys/fs/cgroup/system/uid_1013/pid_632
[  224.065870][  T425] type=1300 audit(1791017738.260:182): arch=c00000b7 syscall=208 success=yes exit=0 a0=4 a1=0 a2=40 a3=b40000784ee10be0 items=0 ppid=609 auid=4294967295 uid=0 gid=0 euid=0 suid=0 fsuid=0 egid=0 sgid=0 fsgid=0 tty=(none) ses=4294967295 comm="iptables-restor" exe="/system/bin/iptables" subj=u:r:netd:s0 key=(null)
[  224.677768][  T425] type=1327 audit(1791017738.260:182): proctitle=2F73797374656D2F62696E2F69707461626C65732D726573746F7265002D2D6E6F666C757368002D77002D76
[  224.905465][  T425] type=1320 audit(1791017738.260:182): 
[  224.998558][  T411] servicemanager: Caller(pid=623,uid=1080,sid=u:r:hal_motioncontext_default:s0) Found android.hardware.motioncontext.IMotionContext/default in device VINTF manifest.
[  225.019857][    T1] init: ... started service 'vendor.cas-default' has pid 632
[  225.024657][  T425] type=1325 audit(1791017738.264:183): table=mangle family=10 entries=30 op=xt_replace subj=u:r:netd:s0 comm="ip6tables-resto"
[  225.070717][  T425] type=1300 audit(1791017738.264:183): arch=c00000b7 syscall=208 success=yes exit=0 a0=4 a1=29 a2=40 a3=b400007785007be0 items=0 ppid=609 auid=4294967295 uid=0 gid=0 euid=0 suid=0 fsuid=0 egid=0 sgid=0 fsgid=0 tty=(none) ses=4294967295 comm="ip6tables-resto" exe="/system/bin/iptables" subj=u:r:netd:s0 key=(null)
[  225.154413][  T425] type=1327 audit(1791017738.264:183): proctitle=2F73797374656D2F62696E2F6970367461626C65732D726573746F7265002D2D6E6F666C757368002D77002D76
[  225.681981][    T1] init: starting service 'vendor.contexthub-default'...
[  226.382714][  T425] type=1320 audit(1791017738.264:183): 
[  226.697825][  T425] type=1325 audit(1791017738.328:184): table=filter family=2 entries=70 op=xt_replace subj=u:r:netd:s0 comm="iptables-restor"
[  226.786711][  T425] type=1300 audit(1791017738.328:184): arch=c00000b7 syscall=208 success=yes exit=0 a0=4 a1=0 a2=40 a3=b40000780ee07820 items=0 ppid=609 auid=4294967295 uid=0 gid=0 euid=0 suid=0 fsuid=0 egid=0 sgid=0 fsgid=0 tty=(none) ses=4294967295 comm="iptables-restor" exe="/system/bin/iptables" subj=u:r:netd:s0 key=(null)
[  226.826693][  T425] type=1327 audit(1791017738.328:184): proctitle=2F73797374656D2F62696E2F69707461626C65732D726573746F7265002D2D6E6F666C757368002D77002D76
[  226.846893][  T425] type=1320 audit(1791017738.328:184): 
[  226.859446][  T425] type=1325 audit(1791017738.332:185): table=raw family=2 entries=12 op=xt_replace subj=u:r:netd:s0 comm="iptables-restor"
[  226.883506][  T425] type=1300 audit(1791017738.332:185): arch=c00000b7 syscall=208 success=yes exit=0 a0=4 a1=0 a2=40 a3=b40000798ee14a20 items=0 ppid=609 auid=4294967295 uid=0 gid=0 euid=0 suid=0 fsuid=0 egid=0 sgid=0 fsgid=0 tty=(none) ses=4294967295 comm="iptables-restor" exe="/system/bin/iptables" subj=u:r:netd:s0 key=(null)
[  226.918490][  T425] type=1327 audit(1791017738.332:185): proctitle=2F73797374656D2F62696E2F69707461626C65732D726573746F7265002D2D6E6F666C757368002D77002D76
[  226.935705][  T425] type=1320 audit(1791017738.332:185): 
[  226.954949][  T425] type=1325 audit(1791017738.336:186): table=mangle family=2 entries=33 op=xt_replace subj=u:r:netd:s0 comm="iptables-restor"
[  226.960493][    T1] libprocessgroup: Created cgroup /sys/fs/cgroup/system/uid_1080/pid_635
[  226.977265][  T425] type=1300 audit(1791017738.336:186): arch=c00000b7 syscall=208 success=yes exit=0 a0=4 a1=0 a2=40 a3=b40000784ee10be0 items=0 ppid=609 auid=4294967295 uid=0 gid=0 euid=0 suid=0 fsuid=0 egid=0 sgid=0 fsgid=0 tty=(none) ses=4294967295 comm="iptables-restor" exe="/system/bin/iptables" subj=u:r:netd:s0 key=(null)
[  227.405594][  T425] type=1327 audit(1791017738.336:186): proctitle=2F73797374656D2F62696E2F69707461626C65732D726573746F7265002D2D6E6F666C757368002D77002D76
[  227.488971][  T425] type=1320 audit(1791017738.336:186): 
[  227.534911][  T425] type=1325 audit(1791017738.344:187): table=filter family=10 entries=70 op=xt_replace subj=u:r:netd:s0 comm="ip6tables-resto"
[  227.645349][  T425] type=1300 audit(1791017738.344:187): arch=c00000b7 syscall=208 success=yes exit=0 a0=4 a1=29 a2=40 a3=b400007705015430 items=0 ppid=609 auid=4294967295 uid=0 gid=0 euid=0 suid=0 fsuid=0 egid=0 sgid=0 fsgid=0 tty=(none) ses=4294967295 comm="ip6tables-resto" exe="/system/bin/iptables" subj=u:r:netd:s0 key=(null)
[  227.791648][  T425] type=1327 audit(1791017738.344:187): proctitle=2F73797374656D2F62696E2F6970367461626C65732D726573746F7265002D2D6E6F666C757368002D77002D76
[  227.852603][  T425] type=1320 audit(1791017738.344:187): 
[  227.879246][  T425] type=1325 audit(1791017738.348:188): table=raw family=10 entries=12 op=xt_replace subj=u:r:netd:s0 comm="ip6tables-resto"
[  227.888933][  T425] type=1300 audit(1791017738.348:188): arch=c00000b7 syscall=208 success=yes exit=0 a0=4 a1=29 a2=40 a3=b4000078d5011930 items=0 ppid=609 auid=4294967295 uid=0 gid=0 euid=0 suid=0 fsuid=0 egid=0 sgid=0 fsgid=0 tty=(none) ses=4294967295 comm="ip6tables-resto" exe="/system/bin/iptables" subj=u:r:netd:s0 key=(null)
[  228.039201][  T425] type=1327 audit(1791017738.348:188): proctitle=2F73797374656D2F62696E2F6970367461626C65732D726573746F7265002D2D6E6F666C757368002D77002D76
[  228.177549][  T425] type=1320 audit(1791017738.348:188): 
[  228.208361][  T425] type=1325 audit(1791017738.348:189): table=mangle family=10 entries=32 op=xt_replace subj=u:r:netd:s0 comm="ip6tables-resto"
[  228.272689][  T425] type=1300 audit(1791017738.348:189): arch=c00000b7 syscall=208 success=yes exit=0 a0=4 a1=29 a2=40 a3=b400007785007be0 items=0 ppid=609 auid=4294967295 uid=0 gid=0 euid=0 suid=0 fsuid=0 egid=0 sgid=0 fsgid=0 tty=(none) ses=4294967295 comm="ip6tables-resto" exe="/system/bin/iptables" subj=u:r:netd:s0 key=(null)
[  228.311152][  T425] type=1327 audit(1791017738.348:189): proctitle=2F73797374656D2F62696E2F6970367461626C65732D726573746F7265002D2D6E6F666C757368002D77002D76
[  228.326813][  T425] type=1320 audit(1791017738.348:189): 
[  228.342965][  T425] type=1325 audit(1791017738.488:190): table=filter family=2 entries=70 op=xt_replace subj=u:r:netd:s0 comm="iptables-restor"
[  228.357321][  T425] type=1300 audit(1791017738.488:190): arch=c00000b7 syscall=208 success=yes exit=0 a0=4 a1=0 a2=40 a3=b4000077aee0f430 items=0 ppid=609 auid=4294967295 uid=0 gid=0 euid=0 suid=0 fsuid=0 egid=0 sgid=0 fsgid=0 tty=(none) ses=4294967295 comm="iptables-restor" exe="/system/bin/iptables" subj=u:r:netd:s0 key=(null)
[  228.378587][  T425] type=1327 audit(1791017738.488:190): proctitle=2F73797374656D2F62696E2F69707461626C65732D726573746F7265002D2D6E6F666C757368002D77002D76
[  228.395242][  T425] type=1320 audit(1791017738.488:190): 
[  228.412660][  T425] type=1325 audit(1791017738.580:191): table=raw family=2 entries=12 op=xt_replace subj=u:r:netd:s0 comm="iptables-restor"
[  228.708634][  T425] type=1300 audit(1791017738.580:191): arch=c00000b7 syscall=208 success=yes exit=0 a0=4 a1=0 a2=40 a3=b40000793ee0c010 items=0 ppid=609 auid=4294967295 uid=0 gid=0 euid=0 suid=0 fsuid=0 egid=0 sgid=0 fsgid=0 tty=(none) ses=4294967295 comm="iptables-restor" exe="/system/bin/iptables" subj=u:r:netd:s0 key=(null)
[  228.778220][  T425] type=1327 audit(1791017738.580:191): proctitle=2F73797374656D2F62696E2F69707461626C65732D726573746F7265002D2D6E6F666C757368002D77002D76
[  228.816417][    T1] init: ... started service 'vendor.contexthub-default' has pid 635
[  228.944744][  T411] servicemanager: Caller(pid=626,uid=1064,sid=u:r:hal_authsecret_default:<REDACTED> Found android.hardware.authsecret.IAuthSecret/default in device VINTF manifest.
[  228.953998][  T425] type=1320 audit(1791017738.580:191): 
[  229.236711][  T425] type=1325 audit(1791017738.764:192): table=mangle family=2 entries=33 op=xt_replace subj=u:r:netd:s0 comm="iptables-restor"
[  229.370840][  T425] type=1300 audit(1791017738.764:192): arch=c00000b7 syscall=208 success=yes exit=0 a0=4 a1=0 a2=40 a3=b40000784ee10be0 items=0 ppid=609 auid=4294967295 uid=0 gid=0 euid=0 suid=0 fsuid=0 egid=0 sgid=0 fsgid=0 tty=(none) ses=4294967295 comm="iptables-restor" exe="/system/bin/iptables" subj=u:r:netd:s0 key=(null)
[  229.637312][    T1] init: starting service 'vendor.drm-clearkey-service'...
[  229.796677][  T425] type=1327 audit(1791017738.764:192): proctitle=2F73797374656D2F62696E2F69707461626C65732D726573746F7265002D2D6E6F666C757368002D77002D76
[  230.956837][  T425] type=1320 audit(1791017738.764:192): 
[  231.019716][    T1] libprocessgroup: Created cgroup /sys/fs/cgroup/system/uid_1013/pid_641
[  231.117618][  T425] type=1325 audit(1791017738.860:193): table=filter family=10 entries=70 op=xt_replace subj=u:r:netd:s0 comm="ip6tables-resto"
[  231.131238][  T425] type=1300 audit(1791017738.860:193): arch=c00000b7 syscall=208 success=yes exit=0 a0=4 a1=29 a2=40 a3=b4000078f501b630 items=0 ppid=609 auid=4294967295 uid=0 gid=0 euid=0 suid=0 fsuid=0 egid=0 sgid=0 fsgid=0 tty=(none) ses=4294967295 comm="ip6tables-resto" exe="/system/bin/iptables" subj=u:r:netd:s0 key=(null)
[  231.155038][  T425] type=1327 audit(1791017738.860:193): proctitle=2F73797374656D2F62696E2F6970367461626C65732D726573746F7265002D2D6E6F666C757368002D77002D76
[  231.160174][  T425] type=1320 audit(1791017738.860:193): 
[  231.161103][  T425] type=1325 audit(1791017738.868:194): table=raw family=10 entries=12 op=xt_replace subj=u:r:netd:s0 comm="ip6tables-resto"
[  231.214666][  T411] servicemanager: Caller(pid=609,uid=0,sid=u:r:netd:s0) Found android.system.net.netd.INetd/default in framework VINTF manifest.
[  231.372397][  T425] type=1300 audit(1791017738.868:194): arch=c00000b7 syscall=208 success=yes exit=0 a0=4 a1=29 a2=40 a3=b400007745011640 items=0 ppid=609 auid=4294967295 uid=0 gid=0 euid=0 suid=0 fsuid=0 egid=0 sgid=0 fsgid=0 tty=(none) ses=4294967295 comm="ip6tables-resto" exe="/system/bin/iptables" subj=u:r:netd:s0 key=(null)
[  231.418940][  T425] type=1327 audit(1791017738.868:194): proctitle=2F73797374656D2F62696E2F6970367461626C65732D726573746F7265002D2D6E6F666C757368002D77002D76
[  231.431354][  T425] type=1320 audit(1791017738.868:194): 
[  231.438346][  T425] type=1325 audit(1791017738.872:195): table=mangle family=10 entries=32 op=xt_replace subj=u:r:netd:s0 comm="ip6tables-resto"
[  231.449396][  T425] type=1300 audit(1791017738.872:195): arch=c00000b7 syscall=208 success=yes exit=0 a0=4 a1=29 a2=40 a3=b4000077f500bb30 items=0 ppid=609 auid=4294967295 uid=0 gid=0 euid=0 suid=0 fsuid=0 egid=0 sgid=0 fsgid=0 tty=(none) ses=4294967295 comm="ip6tables-resto" exe="/system/bin/iptables" subj=u:r:netd:s0 key=(null)
[  231.467235][  T425] type=1327 audit(1791017738.872:195): proctitle=2F73797374656D2F62696E2F6970367461626C65732D726573746F7265002D2D6E6F666C757368002D77002D76
[  231.483769][  T425] type=1320 audit(1791017738.872:195): 
[  231.536867][    T1] init: ... started service 'vendor.drm-clearkey-service' has pid 641
[  231.614287][  T411] servicemanager: Caller(pid=620,uid=1000,sid=u:r:hal_sensors_default:s0) Found android.hardware.sensors.ISensors/default in device VINTF manifest.
[  231.824371][    T1] init: starting service 'vendor.gnss-default'...
[  232.053357][  T411] servicemanager: Caller(pid=632,uid=1013,sid=u:r:hal_cas_default:s0) Found android.hardware.cas.IMediaCasService/default in device VINTF manifest.
[  232.220780][    T1] libprocessgroup: Created cgroup /sys/fs/cgroup/system/uid_9999/pid_643
[  232.336300][    T1] init: ... started service 'vendor.gnss-default' has pid 643
[  232.400433][    T1] init: starting service 'vendor.hwcomposer-3'...
[  232.480786][    T1] libprocessgroup: Created cgroup /sys/fs/cgroup/system/uid_1000/pid_644
[  232.555857][    T1] init: ... started service 'vendor.hwcomposer-3' has pid 644
[  232.626826][    T1] init: starting service 'vendor.inputprocessor-default'...
[  232.910357][    T1] libprocessgroup: Created cgroup /sys/fs/cgroup/system/uid_9999/pid_645
[  234.594022][    T1] init: ... started service 'vendor.inputprocessor-default' has pid 645
[  235.129582][    T1] init: starting service 'vendor.ir-default'...
[  236.223571][    T1] libprocessgroup: Created cgroup /sys/fs/cgroup/system/uid_1000/pid_646
[  236.647260][  T411] servicemanager: Caller(pid=635,uid=1080,sid=u:r:hal_contexthub_default:s0) Found android.hardware.contexthub.IContextHub/default in device VINTF manifest.
[  236.711773][    T1] init: ... started service 'vendor.ir-default' has pid 646
[  236.798504][    T1] init: starting service 'vendor.memtrack-default'...
[  237.705631][    T1] libprocessgroup: Created cgroup /sys/fs/cgroup/system/uid_9999/pid_647
[  239.101584][  T411] servicemanager: Caller(pid=645,uid=9999,sid=u:r:hal_input_processor_default:s0) Found android.hardware.input.processor.IInputProcessor/default in device VINTF manifest.
[  240.486441][    T1] init: ... started service 'vendor.memtrack-default' has pid 647
[  241.117760][    T1] init: starting service 'nlinterceptor'...
[  242.429427][    T1] libprocessgroup: Created cgroup /sys/fs/cgroup/system/uid_0/pid_648
[  244.287487][    T1] init: ... started service 'nlinterceptor' has pid 648
[  244.978637][    T1] init: starting service 'neuralnetworks_hal_service_aidl_sample_all'...
[  246.181632][    T1] libprocessgroup: Created cgroup /sys/fs/cgroup/system/uid_1000/pid_649
[  247.058632][    T1] init: ... started service 'neuralnetworks_hal_service_aidl_sample_all' has pid 649
[  247.104828][    T1] init: starting service 'neuralnetworks_hal_service_aidl_sample_limited'...
[  248.238343][  T411] servicemanager: Caller(pid=641,uid=1013,sid=u:r:hal_drm_clearkey_aidl:s0) Found android.hardware.drm.IDrmFactory/clearkey in device VINTF manifest.
[  248.349698][    T1] libprocessgroup: Created cgroup /sys/fs/cgroup/system/uid_1000/pid_650
[  250.975505][    T1] init: ... started service 'neuralnetworks_hal_service_aidl_sample_limited' has pid 650
[  251.062309][  T411] servicemanager: Caller(pid=647,uid=9999,sid=u:r:hal_memtrack_default:s0) Found android.hardware.memtrack.IMemtrack/default in device VINTF manifest.
[  251.064823][    T1] init: starting service 'neuralnetworks_hal_service_shim_sample'...
[  252.569990][    T1] libprocessgroup: Created cgroup /sys/fs/cgroup/system/uid_1000/pid_651
[  253.542970][    T1] init: ... started service 'neuralnetworks_hal_service_shim_sample' has pid 651
[  254.656022][    T1] init: starting service 'vendor.power-default'...
[  256.754863][    T1] libprocessgroup: Created cgroup /sys/fs/cgroup/system/uid_9999/pid_652
[  257.641291][    T1] init: ... started service 'vendor.power-default' has pid 652
[  258.660796][    T1] init: starting service 'vendor.power.stats-default'...
[  261.092832][    T1] libprocessgroup: Created cgroup /sys/fs/cgroup/system/uid_1000/pid_653
[  261.993867][  T411] servicemanager: Caller(pid=646,uid=1000,sid=u:r:hal_ir_default:s0) Found android.hardware.ir.IConsumerIr/default in device VINTF manifest.
[  262.522326][    T1] init: ... started service 'vendor.power.stats-default' has pid 653
[  263.304403][    T1] init: starting service 'vendor.rebootescrow-default'...
[  265.797590][    T1] libprocessgroup: Created cgroup /sys/fs/cgroup/system/uid_1000/pid_655
[  265.897343][  T411] servicemanager: Caller(pid=643,uid=9999,sid=u:r:hal_gnss_default:s0) Found android.hardware.gnss.IGnss/default in device VINTF manifest.
[  268.443891][    T1] init: ... started service 'vendor.rebootescrow-default' has pid 655
[  269.594252][    T1] init: starting service 'vendor.secure_element'...
[  271.684634][    T1] libprocessgroup: Created cgroup /sys/fs/cgroup/system/uid_9999/pid_656
[  273.096891][    T1] init: ... started service 'vendor.secure_element' has pid 656
[  273.631343][    T1] init: starting service 'vendor.authgraph'...
[  275.172612][  T411] servicemanager: Caller(pid=648,uid=0,sid=u:r:hal_nlinterceptor_default:s0) Found android.hardware.net.nlinterceptor.IInterceptor/default in device VINTF manifest.
[  275.250872][    T1] libprocessgroup: Created cgroup /sys/fs/cgroup/system/uid_9999/pid_657
[  280.222257][    T1] init: ... started service 'vendor.authgraph' has pid 657
[  280.792434][    T1] init: starting service 'vendor.secretkeeper'...
[  282.590839][  T411] servicemanager: Caller(pid=655,uid=1000,sid=u:r:hal_rebootescrow_default:s0) Found android.hardware.rebootescrow.IRebootEscrow/default in device VINTF manifest.
[  283.360862][  T411] libbinder.Binder: Binder transaction to android.os.IServiceManager, function: addService, code: 5, took 1799ms. Data bytes: 216 Reply bytes: 4 Flags: 16
[  283.702864][    T1] libprocessgroup: Created cgroup /sys/fs/cgroup/system/uid_9999/pid_658
[  285.054072][  T411] servicemanager: Caller(pid=652,uid=9999,sid=u:r:hal_power_default:s0) Found android.hardware.power.IPower/default in device VINTF manifest.
[  285.524579][  T411] libbinder.Binder: Binder transaction to android.os.IServiceManager, function: addService, code: 5, took 1129ms. Data bytes: 188 Reply bytes: 4 Flags: 16
[  286.328035][  T411] servicemanager: Caller(pid=653,uid=1000,sid=u:r:hal_power_stats_default:s0) Found android.hardware.power.stats.IPowerStats/default in device VINTF manifest.
[  286.770333][    T1] init: ... started service 'vendor.secretkeeper' has pid 658
[  286.894622][  T411] libbinder.Binder: Binder transaction to android.os.IServiceManager, function: addService, code: 5, took 1152ms. Data bytes: 212 Reply bytes: 4 Flags: 16
[  288.401390][    T1] init: starting service 'vendor.tetheroffload-example'...
[  291.355530][    T1] libprocessgroup: Created cgroup /sys/fs/cgroup/system/uid_9999/pid_659
[  294.661452][    T1] init: ... started service 'vendor.tetheroffload-example' has pid 659
[  295.811995][    T1] init: starting service 'vendor.thermal-example'...
[  296.246034][  T411] servicemanager: Caller(pid=656,uid=9999,sid=u:r:hal_secure_element_default:s0) Found android.hardware.secure_element.ISecureElement/eSE1 in device VINTF manifest.
[  297.758961][    T1] libprocessgroup: Created cgroup /sys/fs/cgroup/system/uid_9999/pid_660
[  301.227370][    T1] init: ... started service 'vendor.thermal-example' has pid 660
[  303.128664][    T1] init: starting service 'vendor.threadnetwork_hal'...
[  305.733507][    T1] libprocessgroup: Created cgroup /sys/fs/cgroup/system/uid_1084
[  306.272929][  T411] servicemanager: Caller(pid=650,uid=1000,sid=u:r:hal_neuralnetworks_sample:s0) Found android.hardware.neuralnetworks.IDevice/nnapi-sample_quant in device VINTF manifest.
[  307.008047][  T411] libbinder.Binder: Binder transaction to android.os.IServiceManager, function: addService, code: 5, took 1250ms. Data bytes: 232 Reply bytes: 4 Flags: 16
[  307.713915][    T1] libprocessgroup: Created cgroup /sys/fs/cgroup/system/uid_1084/pid_661
[  309.753796][    T1] init: ... started service 'vendor.threadnetwork_hal' has pid 661
[  310.969425][    T1] init: starting service 'vendor.usb_default'...
[  312.225081][    T1] libprocessgroup: Created cgroup /sys/fs/cgroup/system/uid_1000/pid_662
[  313.317814][  T411] servicemanager: Caller(pid=649,uid=1000,sid=u:r:hal_neuralnetworks_sample:s0) Found android.hardware.neuralnetworks.IDevice/nnapi-sample_all in device VINTF manifest.
[  313.725051][  T411] libbinder.Binder: Binder transaction to android.os.IServiceManager, function: addService, code: 5, took 1402ms. Data bytes: 228 Reply bytes: 4 Flags: 16
[  314.481912][    T1] init: ... started service 'vendor.usb_default' has pid 662
[  315.420011][    T1] init: starting service 'vendor.uwb_hal'...
[  316.354501][  T411] servicemanager: Caller(pid=651,uid=1000,sid=u:r:hal_neuralnetworks_sample:s0) Found android.hardware.neuralnetworks.IDevice/nnapi-sample_sl_shim in device VINTF manifest.
[  317.492192][    T1] libprocessgroup: Created cgroup /sys/fs/cgroup/system/uid_1083
[  319.001579][    T1] libprocessgroup: Created cgroup /sys/fs/cgroup/system/uid_1083/pid_663
[  323.189578][  T411] servicemanager: Caller(pid=644,uid=1000,sid=u:r:hal_graphics_composer_default:s0) Found android.hardware.graphics.composer3.IComposer/default in device VINTF manifest.
[  323.896770][  T411] libbinder.Binder: Binder transaction to android.os.IServiceManager, function: addService, code: 5, took 1325ms. Data bytes: 220 Reply bytes: 4 Flags: 16
[  324.395059][    T1] init: ... started service 'vendor.uwb_hal' has pid 663
[  325.813057][  T411] servicemanager: Caller(pid=657,uid=9999,sid=u:r:hal_authgraph_default:s0) Found android.hardware.security.authgraph.IAuthGraphKeyExchange/nonsecure in device VINTF manifest.
[  325.941753][    T1] init: starting service 'vendor.vibrator-default'...
[  325.949093][  T411] libbinder.Binder: Binder transaction to android.os.IServiceManager, function: addService, code: 5, took 1317ms. Data bytes: 248 Reply bytes: 4 Flags: 16
[  326.153985][  T411] servicemanager: Caller(pid=659,uid=9999,sid=u:r:hal_tetheroffload_default:s0) Found android.hardware.tetheroffload.IOffload/default in device VINTF manifest.
[  327.222697][    T1] libprocessgroup: Created cgroup /sys/fs/cgroup/system/uid_9999/pid_668
[  328.054279][  T411] servicemanager: Caller(pid=660,uid=9999,sid=u:r:hal_thermal_default:s0) Found android.hardware.thermal.IThermal/default in device VINTF manifest.
[  328.222791][  T411] libbinder.Binder: Binder transaction to android.os.IServiceManager, function: addService, code: 5, took 1439ms. Data bytes: 196 Reply bytes: 4 Flags: 16
[  328.688885][  T411] servicemanager: Caller(pid=658,uid=9999,sid=u:r:hal_secretkeeper_default:<REDACTED> Found android.hardware.security.secretkeeper.ISecretkeeper/nonsecure in device VINTF manifest.
[  329.485797][    T1] init: ... started service 'vendor.vibrator-default' has pid 668
[  330.303606][    T1] init: starting service 'vendor.wifi_hal_legacy'...
[  331.599800][    T1] libprocessgroup: Created cgroup /sys/fs/cgroup/system/uid_1010
[  332.361391][  T411] servicemanager: Caller(pid=661,uid=1084,sid=u:r:hal_threadnetwork_default:s0) Found android.hardware.threadnetwork.IThreadChip/chip0 in device VINTF manifest.
[  332.369004][    T1] libprocessgroup: Created cgroup /sys/fs/cgroup/system/uid_1010/pid_669
[  332.807320][    T1] init: ... started service 'vendor.wifi_hal_legacy' has pid 669
[  333.198173][    T1] init: starting service 'bt_hci'...
[  334.128826][    T1] libprocessgroup: Created cgroup /sys/fs/cgroup/system/uid_1002
[  334.874907][    T1] libprocessgroup: Created cgroup /sys/fs/cgroup/system/uid_1002/pid_670
[  336.593813][    T1] init: ... started service 'bt_hci' has pid 670
[  337.707902][    T1] init: starting service 'bt_finder'...
[  338.762668][    T1] libprocessgroup: Created cgroup /sys/fs/cgroup/system/uid_1002/pid_671
[  340.812637][    T1] init: ... started service 'bt_finder' has pid 671
[  341.303981][    T1] init: starting service 'bt_ranging'...
[  342.994350][    T1] libprocessgroup: Created cgroup /sys/fs/cgroup/system/uid_1002/pid_677
[  343.504769][  T411] servicemanager: Caller(pid=663,uid=1083,sid=u:r:hal_uwb_default:s0) Found android.hardware.uwb.IUwb/default in device VINTF manifest.
[  343.602281][    T1] init: ... started service 'bt_ranging' has pid 677
[  343.972846][    T1] init: starting service 'bt_lmp_event'...
[  344.063462][  T411] servicemanager: Caller(pid=662,uid=1000,sid=u:r:hal_usb_default:s0) Found android.hardware.usb.IUsb/default in device VINTF manifest.
[  344.519339][    T1] libprocessgroup: Created cgroup /sys/fs/cgroup/system/uid_1002/pid_678
[  345.872052][    T1] init: ... started service 'bt_lmp_event' has pid 678
[  346.119051][    T1] init: starting service 'bt_socket'...
[  348.115412][    T1] libprocessgroup: Created cgroup /sys/fs/cgroup/system/uid_1002/pid_679
[  350.114940][    T1] init: ... started service 'bt_socket' has pid 679
[  350.219568][    T1] init: starting service 'bt_socket_lpp'...
[  350.704091][  T411] servicemanager: Caller(pid=670,uid=1002,sid=u:r:hal_bluetooth_default:s0) Found android.hardware.bluetooth.IBluetoothHci/default in device VINTF manifest.
[  351.753777][  T411] servicemanager: Caller(pid=668,uid=9999,sid=u:r:hal_vibrator_default:s0) Found android.hardware.vibrator.IVibrator/default in device VINTF manifest.
[  351.885380][    T1] libprocessgroup: Created cgroup /sys/fs/cgroup/system/uid_1002/pid_682
[  353.508919][    T1] init: ... started service 'bt_socket_lpp' has pid 682
[  353.609528][    T1] init: starting service 'bt_gatt_lpp'...
[  353.757736][  T411] servicemanager: Caller(pid=668,uid=9999,sid=u:r:hal_vibrator_default:s0) Found android.hardware.vibrator.IVibratorManager/default in device VINTF manifest.
[  354.748347][    T1] libprocessgroup: Created cgroup /sys/fs/cgroup/system/uid_1002/pid_684
[  356.291781][    T1] init: ... started service 'bt_gatt_lpp' has pid 684
[  357.134161][    T1] init: starting service 'vendor.graphics.allocator'...
[  357.981703][    T1] libprocessgroup: Created cgroup /sys/fs/cgroup/system/uid_1000/pid_685
[  358.455688][  T411] servicemanager: Caller(pid=669,uid=1010,sid=u:r:hal_wifi_default:s0) Found android.hardware.wifi.IWifi/default in device VINTF manifest.
[  358.688090][    T1] init: ... started service 'vendor.graphics.allocator' has pid 685
[  359.279654][    T1] init: starting service 'vendor.health-cuttlefish'...
[  361.646831][    T1] libprocessgroup: Created cgroup /sys/fs/cgroup/system/uid_1000/pid_687
[  365.825080][    T1] init: ... started service 'vendor.health-cuttlefish' has pid 687
[  366.387805][  T411] servicemanager: Caller(pid=671,uid=1002,sid=u:r:hal_bluetooth_btlinux:s0) Found android.hardware.bluetooth.finder.IBluetoothFinder/default in device VINTF manifest.
[  366.403284][    T1] init: starting service 'vendor.identity-remote'...
[  366.825657][  T411] servicemanager: Caller(pid=677,uid=1002,sid=u:r:hal_bluetooth_btlinux:s0) Found android.hardware.bluetooth.ranging.IBluetoothChannelSounding/default in device VINTF manifest.
[  367.588042][    T1] libprocessgroup: Created cgroup /sys/fs/cgroup/system/uid_9999/pid_688
[  367.589082][  T411] servicemanager: Caller(pid=671,uid=1002,sid=u:r:hal_bluetooth_btlinux:s0) Found android.hardware.bluetooth.finder.IBluetoothFinder/default in device VINTF manifest.
[  369.042096][  T411] servicemanager: Caller(pid=677,uid=1002,sid=u:r:hal_bluetooth_btlinux:s0) Found android.hardware.bluetooth.ranging.IBluetoothChannelSounding/default in device VINTF manifest.
[  369.111474][  T411] libbinder.Binder: Binder transaction to android.os.IServiceManager, function: addService, code: 5, took 1139ms. Data bytes: 252 Reply bytes: 4 Flags: 16
[  369.756427][    T1] init: ... started service 'vendor.identity-remote' has pid 688
[  369.926958][  T411] servicemanager: Caller(pid=679,uid=1002,sid=u:r:hal_bluetooth_btlinux:s0) Found android.hardware.bluetooth.socket.IBluetoothSocket/default in device VINTF manifest.
[  370.141639][    T1] init: starting service 'vendor.light-cuttlefish'...
[  370.517481][  T411] servicemanager: Caller(pid=684,uid=1002,sid=u:r:hal_bluetooth_lpp_default:s0) Found android.hardware.bluetooth.gatt.IBluetoothGatt/default in device VINTF manifest.
[  371.025419][  T411] servicemanager: Caller(pid=682,uid=1002,sid=u:r:hal_bluetooth_lpp_default:s0) Found android.hardware.bluetooth.socket.IBluetoothSocket/lpp in device VINTF manifest.
[  371.138436][    T1] libprocessgroup: Created cgroup /sys/fs/cgroup/system/uid_9999/pid_689
[  372.675823][    T1] init: ... started service 'vendor.light-cuttlefish' has pid 689
[  373.465045][    T1] init: starting service 'nfc_hal_service'...
[  374.274297][  T411] servicemanager: Caller(pid=678,uid=1002,sid=u:r:hal_bluetooth_btlinux:s0) Found android.hardware.bluetooth.lmp_event.IBluetoothLmpEvent/default in device VINTF manifest.
[  374.513561][  T411] servicemanager: Caller(pid=678,uid=1002,sid=u:r:hal_bluetooth_btlinux:s0) Found android.hardware.bluetooth.lmp_event.IBluetoothLmpEvent/default in device VINTF manifest.
[  374.647494][    T1] libprocessgroup: Created cgroup /sys/fs/cgroup/system/uid_1027
[  375.125656][    T1] libprocessgroup: Created cgroup /sys/fs/cgroup/system/uid_1027/pid_690
[  376.282645][  T687] healthd: Failed to lookup glob /sys/devices/platform/*gcdd/system_dev_stat: -3
[  376.480609][  T687] healthd: No battery devices found
[  376.564580][    T1] init: ... started service 'nfc_hal_service' has pid 690
[  377.402447][    T1] init: starting service 'vendor.oemlock_default'...
[  378.588390][    T1] libprocessgroup: Created cgroup /sys/fs/cgroup/system/uid_1064/pid_691
[  380.125226][  T411] servicemanager: Caller(pid=687,uid=1000,sid=u:r:hal_health_default:s0) Found android.hardware.health.IHealth/default in device VINTF manifest.
[  380.459787][    T1] init: ... started service 'vendor.oemlock_default' has pid 691
[  380.605560][  T411] libbinder.Binder: Binder transaction to android.os.IServiceManager, function: addService, code: 5, took 1177ms. Data bytes: 192 Reply bytes: 4 Flags: 16
[  381.276938][    T1] init: starting service 'vendor.camera-provider-2-7-google'...
[  382.398550][  T687] HealthLoop: Successfully attached the BPF filter to the uevent socket
[  382.969306][  T687] healthd: battery none chg=
[  383.148835][    T1] libprocessgroup: Created cgroup /sys/fs/cgroup/system/uid_1047
[  384.350006][    T1] libprocessgroup: Created cgroup /sys/fs/cgroup/system/uid_1047/pid_692
[  385.503565][    T1] init: ... started service 'vendor.camera-provider-2-7-google' has pid 692
[  385.526930][    T1] init: Command 'class_start hal' action=boot (/system/etc/init/hw/init.rc:1219) took 181160ms and succeeded
[  385.576577][    T1] init: Service 'exec 13 (/system/bin/kcmdlinectrl update-props)' (pid 612) exited with status 0 oneshot service took 183.156006 seconds in background
[  385.637704][    T1] init: Sending SIGKILL to service 'exec 13 (/system/bin/kcmdlinectrl update-props)' (pid 612) process group...
[  385.811033][    T1] libprocessgroup: Removed cgroup /sys/fs/cgroup/system/uid_0/pid_612
[  386.301024][    T1] init: Service 'hidl_memory' (pid 618) exited with status 0
[  386.415506][    T1] init: Sending SIGKILL to service 'hidl_memory' (pid 618) process group...
[  386.744561][    T1] libprocessgroup: Removed cgroup /sys/fs/cgroup/system/uid_1000/pid_618
[  387.325769][    T1] init: service 'ueventd' requested start, but it is already running (flags: 2084, pid: 117, started 318825ms ago)
[  387.430887][    T1] init: service 'apexd' requested start, but it is already running (flags: 134, pid: 483, started 225779ms ago)
[  388.123821][    T1] init: starting service 'audioserver'...
[  389.987724][  T411] servicemanager: Caller(pid=624,uid=1041,sid=u:r:hal_audio_default:s0) Found android.hardware.audio.core.IConfig/default in device VINTF manifest.
[  390.384450][  T411] libbinder.Binder: Binder transaction to android.os.IServiceManager, function: addService, code: 5, took 2539ms. Data bytes: 200 Reply bytes: 4 Flags: 16
[  390.588805][    T1] libprocessgroup: Created cgroup /sys/fs/cgroup/system/uid_1041/pid_694
[  391.596811][  T411] servicemanager: Caller(pid=624,uid=1041,sid=u:r:hal_audio_default:s0) Found android.hardware.audio.core.IModule/default in device VINTF manifest.
[  392.345975][  T411] servicemanager: Caller(pid=689,uid=9999,sid=u:r:hal_light_cuttlefish:s0) Found android.hardware.light.ILights/default in device VINTF manifest.
[  393.096714][    T1] init: ... started service 'audioserver' has pid 694
[  393.206964][    T1] init: starting service 'credstore'...
[  393.563454][  T411] servicemanager: Caller(pid=688,uid=9999,sid=u:r:hal_identity_remote:s0) Found android.hardware.identity.IIdentityCredentialStore/default in device VINTF manifest.
[  394.900994][    T1] libprocessgroup: Created cgroup /sys/fs/cgroup/system/uid_1076
[  397.354814][    T1] libprocessgroup: Created cgroup /sys/fs/cgroup/system/uid_1076/pid_696
[  398.880410][  T411] servicemanager: Caller(pid=624,uid=1041,sid=u:r:hal_audio_default:s0) Found android.hardware.audio.core.IModule/r_submix in device VINTF manifest.
[  399.181992][  T411] libbinder.Binder: Binder transaction to android.os.IServiceManager, function: addService, code: 5, took 1592ms. Data bytes: 204 Reply bytes: 4 Flags: 16
[  400.529958][    T1] init: ... started service 'credstore' has pid 696
[  400.644816][  T411] servicemanager: Caller(pid=685,uid=1000,sid=u:r:hal_graphics_allocator_default:s0) Found android.hardware.graphics.allocator.IAllocator/default in device VINTF manifest.
[  400.858444][  T411] libbinder.Binder: Binder transaction to android.os.IServiceManager, function: addService, code: 5, took 1232ms. Data bytes: 224 Reply bytes: 4 Flags: 16
[  401.107947][    T1] init: starting service 'gpu'...
[  401.177910][  T411] servicemanager: Caller(pid=690,uid=1027,sid=u:r:hal_nfc_default:s0) Found android.hardware.nfc.INfc/default in device VINTF manifest.
[  401.409528][  T411] servicemanager: Caller(pid=624,uid=1041,sid=u:r:hal_audio_default:s0) Found android.hardware.bluetooth.audio.IBluetoothAudioProviderFactory/default in device VINTF manifest.
[  401.571740][  T411] servicemanager: Caller(pid=691,uid=1064,sid=u:r:hal_oemlock_remote:s0) Found android.hardware.oemlock.IOemLock/default in device VINTF manifest.
[  401.593543][    T1] libprocessgroup: Created cgroup /sys/fs/cgroup/system/uid_1072
[  401.874044][    T1] libprocessgroup: Created cgroup /sys/fs/cgroup/system/uid_1072/pid_703
[  402.005355][  T691] libbinder.BackendUnifiedServiceManager: Thread Pool max thread count is 0. Cannot cache binder as linkToDeath cannot be implemented. serviceName: android.hardware.oemlock.IOemLock/default
[  402.252659][  T411] servicemanager: Caller(pid=624,uid=1041,sid=u:r:hal_audio_default:s0) Found android.hardware.audio.core.IModule/bluetooth in device VINTF manifest.
[  402.333328][    T1] init: ... started service 'gpu' has pid 703
[  402.340955][    T1] init: service 'lmkd' requested start, but it is already running (flags: 36, pid: 410, started 303519ms ago)
[  402.387433][    T1] init: starting service 'misctrl'...
[  402.454754][  T411] servicemanager: Caller(pid=625,uid=1041,sid=u:r:hal_audio_default:s0) Found android.hardware.audio.effect.IFactory/default in device VINTF manifest.
[  402.735802][    T1] libprocessgroup: Created cgroup /sys/fs/cgroup/system/uid_0/pid_704
[  402.785611][    T1] init: ... started service 'misctrl' has pid 704
[  402.796271][    T1] init: service 'servicemanager' requested start, but it is already running (flags: 2084, pid: 411, started 303269ms ago)
[  402.830881][    T1] init: starting service 'surfaceflinger'...
[  403.077665][    T1] libprocessgroup: Created cgroup /sys/fs/cgroup/system/uid_1000/pid_705
[  403.187608][    T1] init: ... started service 'surfaceflinger' has pid 705
[  403.205672][    T1] init: service 'vold' requested start, but it is already running (flags: 2052, pid: 426, started 287103ms ago)
[  403.305222][    T1] init: Command 'class_start core' action=boot (/system/etc/init/hw/init.rc:1221) took 16040ms and succeeded
[  403.516548][    T1] init: starting service 'hidl_memory'...
[  404.500014][    T1] libprocessgroup: Created cgroup /sys/fs/cgroup/system/uid_1000/pid_706
[  405.563445][    T1] init: ... started service 'hidl_memory' has pid 706
[  405.698061][    T1] init: Service 'misctrl' (pid 704) exited with status 1 oneshot service took 3.000000 seconds in background
[  405.826702][    T1] init: Sending SIGKILL to service 'misctrl' (pid 704) process group...
[  405.914833][    T1] libprocessgroup: Removed cgroup /sys/fs/cgroup/system/uid_0/pid_704
[  406.146574][    T1] init: processing action (ro.debuggable=1 && boot) from (/system/etc/init/hw/init.rc:1223)
[  406.248677][    T1] init: Command 'write /dev/sys/fs/by-name/userdata/iostat_period_ms 1000' action=ro.debuggable=1 && boot (/system/etc/init/hw/init.rc:1224) took 80ms and succeeded
[  406.286854][    T1] init: processing action (persist.sys.usb.config=* && boot) from (/system/etc/init/hw/init.usb.rc:104)
[  406.322676][    T1] init: processing action (boot) from (/system/etc/init/dumpstate.rc:1)
[  406.353458][    T1] init: processing action (boot) from (/system/etc/init/gsid.rc:25)
[  406.408016][    T1] init: starting service 'exec 14 (/system/bin/gsid run-startup-tasks)'...
[  407.171023][    T1] libprocessgroup: Created cgroup /sys/fs/cgroup/system/uid_0/pid_708
[  408.071467][    T1] init: ... started service 'exec 14 (/system/bin/gsid run-startup-tasks)' has pid 708
[  408.111956][    T1] init: Command 'exec_background - root root -- /system/bin/gsid run-startup-tasks' action=boot (/system/etc/init/gsid.rc:26) took 1727ms and succeeded
[  408.414841][    T1] init: Service 'hidl_memory' (pid 706) exited with status 0
[  408.532006][    T1] init: Sending SIGKILL to service 'hidl_memory' (pid 706) process group...
[  409.104273][    T1] libprocessgroup: Removed cgroup /sys/fs/cgroup/system/uid_1000/pid_706
[  409.890604][    T1] init: processing action (boot) from (/vendor/etc/init/init.cutf_cvm.rc:83)
[  410.337437][    T1] init: Command 'chmod 0770 /dev/cpuctl' action=boot (/vendor/etc/init/init.cutf_cvm.rc:84) took 385ms and succeeded
[  410.638369][    T1] init: starting service 'hidl_memory'...
[  411.289661][    T1] libprocessgroup: Created cgroup /sys/fs/cgroup/system/uid_1000/pid_714
[  412.344847][    T1] init: ... started service 'hidl_memory' has pid 714
[  412.442694][    T1] init: Command 'mkdir /data/vendor/wifi 0770 wifi wifi' action=boot (/vendor/etc/init/init.cutf_cvm.rc:85) took 56ms and succeeded
[  412.803442][    T1] init: Command 'mkdir /data/vendor/wifi/wpa 0770 wifi wifi' action=boot (/vendor/etc/init/init.cutf_cvm.rc:86) took 314ms and succeeded
[  413.423832][    T1] init: Command 'mkdir /data/vendor/wifi/wpa/sockets 0770 wifi wifi' action=boot (/vendor/etc/init/init.cutf_cvm.rc:87) took 518ms and succeeded
[  413.855568][    T1] init: starting service 'socket_vsock_proxy'...
[  414.766092][    T1] libprocessgroup: Created cgroup /sys/fs/cgroup/system/uid_0/pid_715
[  416.846780][    T1] init: ... started service 'socket_vsock_proxy' has pid 715
[  416.895510][    T1] init: Command 'start socket_vsock_proxy' action=boot (/vendor/etc/init/init.cutf_cvm.rc:88) took 3262ms and succeeded
[  417.452461][    T1] init: Command 'setprop ro.hardware.audio.primary goldfish' action=boot (/vendor/etc/init/init.cutf_cvm.rc:89) took 498ms and succeeded
[  417.725867][    T1] init: Service 'exec 14 (/system/bin/gsid run-startup-tasks)' (pid 708) exited with status 0 oneshot service took 10.774000 seconds in background
[  417.772063][    T1] init: Sending SIGKILL to service 'exec 14 (/system/bin/gsid run-startup-tasks)' (pid 708) process group...
[  417.920530][    T1] libprocessgroup: Removed cgroup /sys/fs/cgroup/system/uid_0/pid_708
[  418.790433][    T1] init: Command 'symlink /dev/hvc6 /dev/gnss0' action=boot (/vendor/etc/init/init.cutf_cvm.rc:90) took 650ms and succeeded
[  419.502024][    T1] init: Command 'symlink /dev/hvc7 /dev/gnss1' action=boot (/vendor/etc/init/init.cutf_cvm.rc:91) took 311ms and succeeded
[  419.655719][    T1] init: processing action (ro.boot.enable_confirmationui=* && boot) from (/apex/com.google.cf.confirmationui/etc/android.hardware.confirmationui-service.cuttlefish.rc:9)
[  420.695961][    T1] init: starting service 'vendor.confirmationui_default'...
[  421.432868][    T1] libprocessgroup: Created cgroup /sys/fs/cgroup/system/uid_1000/pid_717
[  423.119704][    T1] init: ... started service 'vendor.confirmationui_default' has pid 717
[  423.788964][    T1] init: Command 'enable vendor.confirmationui_default' action=ro.boot.enable_confirmationui=* && boot (/apex/com.google.cf.confirmationui/etc/android.hardware.confirmationui-service.cuttlefish.rc:10) took 3934ms and succeeded
[  424.030030][    T1] init: Service 'hidl_memory' (pid 714) exited with status 0
[  424.146779][    T1] init: Sending SIGKILL to service 'hidl_memory' (pid 714) process group...
[  424.475700][    T1] libprocessgroup: Removed cgroup /sys/fs/cgroup/system/uid_1000/pid_714
[  425.118593][    T1] init: service 'vendor.confirmationui_default' requested start, but it is already running (flags: 4, pid: 717, started 3861ms ago)
[  425.597212][    T1] init: Command 'start vendor.confirmationui_default' action=ro.boot.enable_confirmationui=* && boot (/apex/com.google.cf.confirmationui/etc/android.hardware.confirmationui-service.cuttlefish.rc:11) took 359ms and succeeded
[  426.513648][    T1] init: starting service 'hidl_memory'...
[  428.804484][    T1] libprocessgroup: Created cgroup /sys/fs/cgroup/system/uid_1000/pid_719
[  431.119732][    T1] init: ... started service 'hidl_memory' has pid 719
[  431.193530][    T1] init: processing action (enable_property_trigger) from (<Builtin Action>:0)
[  431.555708][    T1] init: processing action (bootreceiver.enable=1 && ro.product.cpu.abilist64=*) from (/system/etc/init/hw/init.rc:653)
[  438.082598][    T1] init: Command 'mkdir /sys/kernel/tracing/instances/bootreceiver 0700 system system' action=bootreceiver.enable=1 && ro.product.cpu.abilist64=* (/system/etc/init/hw/init.rc:657) took 6368ms and succeeded
[  438.424922][    T1] init: Service 'hidl_memory' (pid 719) exited with status 0
[  438.490327][    T1] init: Sending SIGKILL to service 'hidl_memory' (pid 719) process group...
[  438.516634][  T411] servicemanager: Caller(pid=717,uid=1000,sid=u:r:hal_confirmationui_cuttlefish:s0) Found android.hardware.confirmationui.IConfirmationUI/default in device VINTF manifest.
[  438.728650][    T1] libprocessgroup: Removed cgroup /sys/fs/cgroup/system/uid_1000/pid_719
[  439.410819][    T1] init: Command 'restorecon_recursive /sys/kernel/tracing/instances/bootreceiver' action=bootreceiver.enable=1 && ro.product.cpu.abilist64=* (/system/etc/init/hw/init.rc:658) took 112ms and succeeded
[  439.749014][    T1] init: starting service 'hidl_memory'...
[  441.167015][    T1] libprocessgroup: Created cgroup /sys/fs/cgroup/system/uid_1000/pid_723
[  442.323749][    T1] init: ... started service 'hidl_memory' has pid 723
[  442.906900][    T1] init: Command 'write /sys/kernel/tracing/instances/bootreceiver/buffer_size_kb 1' action=bootreceiver.enable=1 && ro.product.cpu.abilist64=* (/system/etc/init/hw/init.rc:659) took 448ms and succeeded
[  443.270265][    T1] init: Command 'write /sys/kernel/tracing/instances/bootreceiver/trace_options disable_on_free' action=bootreceiver.enable=1 && ro.product.cpu.abilist64=* (/system/etc/init/hw/init.rc:660) took 186ms and succeeded
[  443.772425][  T425] type=1400 audit(1791017966.168:196): avc:  denied  { write } for  comm="init" name="error_report_end" dev="tracefs" ino=13462 scontext=u:r:init:s0 tcontext=u:object_r:debugfs_bootreceiver_tracing:s0 tclass=dir permissive=0 bug=b/340399580
[  443.974797][    T1] init: Command 'write /sys/kernel/tracing/instances/bootreceiver/events/error_report/error_report_end/enable 1' action=bootreceiver.enable=1 && ro.product.cpu.abilist64=* (/system/etc/init/hw/init.rc:661) took 520ms and succeeded
[  443.985419][  T425] type=1300 audit(1791017966.168:196): arch=c00000b7 syscall=56 success=yes exit=20 a0=ffffff9c a1=b400007e0163bc10 a2=88241 a3=180 items=1 ppid=0 auid=4294967295 uid=0 gid=0 euid=0 suid=0 fsuid=0 egid=0 sgid=0 fsgid=0 tty=(none) ses=4294967295 comm="init" exe="/system/bin/init" subj=u:r:init:s0 key=(null)
[  444.018401][    T1] init: processing action (net.tcp_def_init_rwnd=*) from (/system/etc/init/hw/init.rc:1255)
[  444.180611][  T425] type=1307 audit(1791017966.168:196): cwd="/"
[  444.232838][  T425] type=1302 audit(1791017966.168:196): item=0 name="/sys/kernel/tracing/instances/bootreceiver/events/error_report/error_report_end/enable" inode=19680823 dev=00:0c mode=0100640 ouid=0 ogid=3012 rdev=00:00 obj=u:object_r:debugfs_bootreceiver_tracing:s0 nametype=NORMAL cap_fp=0 cap_fi=0 cap_fe=0 cap_fver=0 cap_frootid=0
[  444.277923][    T1] init: Command 'write /proc/sys/net/ipv4/tcp_default_init_rwnd ${net.tcp_def_init_rwnd}' action=net.tcp_def_init_rwnd=* (/system/etc/init/hw/init.rc:1256) took 221ms and succeeded
[  444.384632][  T425] type=1327 audit(1791017966.168:196): proctitle=2F73797374656D2F62696E2F696E69740073656C696E75785F7365747570
[  444.424177][    T1] init: processing action (ro.debuggable=1) from (/system/etc/init/hw/init.rc:1295)
[  444.424663][  T425] type=1320 audit(1791017966.168:196): 
[  444.527586][    T1] init: Command 'chmod 0773 /data/misc/trace' action=ro.debuggable=1 (/system/etc/init/hw/init.rc:1299) took 54ms and succeeded
[  444.925248][    T1] init: Command 'chmod 0777 /data/misc/wmtrace' action=ro.debuggable=1 (/system/etc/init/hw/init.rc:1302) took 215ms and succeeded
[  445.293005][    T1] init: Command 'chmod 0775 /data/misc/a11ytrace' action=ro.debuggable=1 (/system/etc/init/hw/init.rc:1304) took 125ms and succeeded
[  445.666750][    T1] init: processing action (sys.usb.config=adb && sys.usb.configfs=0) from (/system/etc/init/hw/init.usb.rc:36)
[  446.156690][    T1] init: Command 'write /sys/class/android_usb/android0/enable 0' action=sys.usb.config=adb && sys.usb.configfs=0 (/system/etc/init/hw/init.usb.rc:37) took 444ms and succeeded
[  446.319426][    T1] init: Command 'write /sys/class/android_usb/android0/idVendor 18d1' action=sys.usb.config=adb && sys.usb.configfs=0 (/system/etc/init/hw/init.usb.rc:38) took 65ms and succeeded
[  446.575756][    T1] init: Command 'write /sys/class/android_usb/android0/idProduct 4EE7' action=sys.usb.config=adb && sys.usb.configfs=0 (/system/etc/init/hw/init.usb.rc:39) took 71ms and succeeded
[  446.892568][    T1] init: Command 'write /sys/class/android_usb/android0/functions ${sys.usb.config}' action=sys.usb.config=adb && sys.usb.configfs=0 (/system/etc/init/hw/init.usb.rc:40) took 113ms and succeeded
[  447.023548][    T1] init: Command 'write /sys/class/android_usb/android0/enable 1' action=sys.usb.config=adb && sys.usb.configfs=0 (/system/etc/init/hw/init.usb.rc:41) took 82ms and succeeded
[  447.536949][    T1] init: starting service 'adbd'...
[  447.709795][    T1] init: Created socket '/dev/socket/adbd', mode 660, user 1000, group 1000
[  448.692849][    T1] libprocessgroup: Created cgroup /sys/fs/cgroup/system/uid_0/pid_724
[  450.309042][    T1] init: ... started service 'adbd' has pid 724
[  450.331841][    T1] init: Command 'start adbd' action=sys.usb.config=adb && sys.usb.configfs=0 (/system/etc/init/hw/init.usb.rc:42) took 3179ms and succeeded
[  450.426224][    T1] init: Service 'hidl_memory' (pid 723) exited with status 0
[  450.588870][    T1] init: Sending SIGKILL to service 'hidl_memory' (pid 723) process group...
[  450.935693][    T1] libprocessgroup: Removed cgroup /sys/fs/cgroup/system/uid_1000/pid_723
[  451.614894][    T1] init: starting service 'hidl_memory'...
[  452.714274][    T1] libprocessgroup: Created cgroup /sys/fs/cgroup/system/uid_1000/pid_727
[  454.369023][    T1] init: ... started service 'hidl_memory' has pid 727
[  454.522738][    T1] init: processing action (apexd.status=ready && ro.product.cpu.abilist64=*) from (/system/etc/init/hw/init.boringssl.zygote64.rc:3)
[  455.381060][    T1] init: starting service 'boringssl_self_test_apex64'...
[  457.348962][    T1] libprocessgroup: Created cgroup /sys/fs/cgroup/system/uid_9999/pid_728
[  459.348086][    T1] init: ... started service 'boringssl_self_test_apex64' has pid 728
[  459.496762][    T1] init: SVC_EXEC service 'boringssl_self_test_apex64' pid 728 (uid 9999 gid 0+0 context default) started; waiting...
[  459.544836][    T1] init: Command 'exec_start boringssl_self_test_apex64' action=apexd.status=ready && ro.product.cpu.abilist64=* (/system/etc/init/hw/init.boringssl.zygote64.rc:4) took 4997ms and succeeded
[  470.055454][    T1] init: Service 'hidl_memory' (pid 727) exited with status 0
[  470.269068][    T1] init: Sending SIGKILL to service 'hidl_memory' (pid 727) process group...
[  470.838326][    T1] libprocessgroup: Removed cgroup /sys/fs/cgroup/system/uid_1000/pid_727
[  471.958211][    T1] init: starting service 'hidl_memory'...
[  473.167464][    T1] libprocessgroup: Created cgroup /sys/fs/cgroup/system/uid_1000/pid_731
[  475.658895][    T1] init: ... started service 'hidl_memory' has pid 731
[  483.169389][    T1] init: Service 'boringssl_self_test_apex64' (pid 728) exited with status 0 waiting took 26.271000 seconds
[  483.235655][    T1] init: Sending SIGKILL to service 'boringssl_self_test_apex64' (pid 728) process group...
[  484.202044][    T1] libprocessgroup: Removed cgroup /sys/fs/cgroup/system/uid_9999/pid_728
[  485.324601][    T1] init: processing action (security.perf_harden=1) from (/system/etc/init/init-perfetto.rc:19)
[  486.073639][    T1] init: Command 'write /proc/sys/kernel/perf_event_max_sample_rate 100000' action=security.perf_harden=1 (/system/etc/init/init-perfetto.rc:20) took 663ms and succeeded
[  486.589861][    T1] init: Command 'write /proc/sys/kernel/perf_cpu_time_max_percent 25' action=security.perf_harden=1 (/system/etc/init/init-perfetto.rc:21) took 53ms and succeeded
[  487.197412][    T1] init: Command 'write /proc/sys/kernel/perf_event_mlock_kb 516' action=security.perf_harden=1 (/system/etc/init/init-perfetto.rc:22) took 64ms and succeeded
[  487.801610][    T1] init: processing action (init.svc.audioserver=running) from (/system/etc/init/audioserver.rc:43)
[  488.681514][    T1] init: Command 'start vendor.audio-hal' action=init.svc.audioserver=running (/system/etc/init/audioserver.rc:44) took 594ms and failed: service vendor.audio-hal not found
[  489.244881][    T1] init: service 'vendor.audio-hal-aidl' requested start, but it is already running (flags: 4, pid: 624, started 272466ms ago)
[  489.531314][    T1] init: Command 'start vendor.audio-hal-aidl' action=init.svc.audioserver=running (/system/etc/init/audioserver.rc:45) took 677ms and succeeded
[  489.628350][    T1] init: service 'vendor.audio-effect-hal-aidl' requested start, but it is already running (flags: 4, pid: 625, started 272452ms ago)
[  489.658567][    T1] init: Command 'start vendor.audio-hal-4-0-msd' action=init.svc.audioserver=running (/system/etc/init/audioserver.rc:47) took 7ms and failed: service vendor.audio-hal-4-0-msd not found
[  489.752951][    T1] init: Command 'start audio_proxy_service' action=init.svc.audioserver=running (/system/etc/init/audioserver.rc:48) took 13ms and failed: service audio_proxy_service not found
[  489.785328][    T1] init: processing action (ro.persistent_properties.ready=true) from (/system/etc/init/bootstat.rc:57)
[  490.208781][    T1] init: Command 'setprop sys.bootstat.first_boot_completed 0' action=ro.persistent_properties.ready=true (/system/etc/init/bootstat.rc:58) took 331ms and succeeded
[  490.512464][    T1] init: processing action (ro.persistent_properties.ready=true) from (/system/etc/init/bootstat.rc:61)
[  491.145600][    T1] init: starting service 'exec 15 (/system/bin/bootstat --set_system_boot_reason)'...
[  494.350770][    T1] libprocessgroup: Created cgroup /sys/fs/cgroup/system/uid_1000/pid_732
[  496.162357][    T1] init: ... started service 'exec 15 (/system/bin/bootstat --set_system_boot_reason)' has pid 732
[  496.240315][    T1] init: Command 'exec_background - system log -- /system/bin/bootstat --set_system_boot_reason' action=ro.persistent_properties.ready=true (/system/etc/init/bootstat.rc:64) took 5660ms and succeeded
[  496.864821][    T1] init: Service 'hidl_memory' (pid 731) exited with status 0
[  497.331479][    T1] init: Sending SIGKILL to service 'hidl_memory' (pid 731) process group...
[  498.243576][    T1] libprocessgroup: Removed cgroup /sys/fs/cgroup/system/uid_1000/pid_731
[  499.014480][    T1] init: processing action (bootreceiver.enable=1 && ro.product.cpu.abilist64=*) from (/system/etc/init/dmesgd.rc:7)
[  499.842727][    T1] init: Command 'mkdir /data/misc/dmesgd 0700 dmesgd system' action=bootreceiver.enable=1 && ro.product.cpu.abilist64=* (/system/etc/init/dmesgd.rc:8) took 753ms and succeeded
[  500.574962][    T1] init: starting service 'hidl_memory'...
[  504.131833][    T1] libprocessgroup: Created cgroup /sys/fs/cgroup/system/uid_1000/pid_742
[  506.019558][    T1] init: ... started service 'hidl_memory' has pid 742
[  506.660666][    T1] init: Command 'rm /data/misc/dmesgd/sent_reports.txt' action=bootreceiver.enable=1 && ro.product.cpu.abilist64=* (/system/etc/init/dmesgd.rc:9) took 120ms and failed: unlink() failed: No such file or directory
[  507.119459][    T1] init: processing action (drm.service.enabled=true) from (/system/etc/init/drmserver.rc:8)
[  508.155894][    T1] init: starting service 'drm'...
[  510.238248][    T1] libprocessgroup: Created cgroup /sys/fs/cgroup/system/uid_1019
[  511.904843][    T1] libprocessgroup: Created cgroup /sys/fs/cgroup/system/uid_1019/pid_743
[  516.820549][    T1] init: ... started service 'drm' has pid 743
[  517.247350][    T1] init: Command 'start drm' action=drm.service.enabled=true (/system/etc/init/drmserver.rc:9) took 9646ms and succeeded
[  517.369968][    T1] init: Service 'exec 15 (/system/bin/bootstat --set_system_boot_reason)' (pid 732) exited with status 0 oneshot service took 23.646999 seconds in background
[  517.405865][    T1] init: Sending SIGKILL to service 'exec 15 (/system/bin/bootstat --set_system_boot_reason)' (pid 732) process group...
[  520.164714][    T1] libprocessgroup: Removed cgroup /sys/fs/cgroup/system/uid_1000/pid_732
[  521.203041][    T1] init: processing action (persist.heapprofd.enable= && traced.lazy.heapprofd=) from (/system/etc/init/heapprofd.rc:49)
[  522.178001][    T1] init: Command 'stop heapprofd' action=persist.heapprofd.enable= && traced.lazy.heapprofd= (/system/etc/init/heapprofd.rc:50) took 819ms and succeeded
[  522.246031][    T1] init: processing action (security.perf_harden=1) from (/system/etc/init/init-perfetto.rc:19)
[  523.112803][    T1] init: Command 'write /proc/sys/kernel/perf_cpu_time_max_percent 25' action=security.perf_harden=1 (/system/etc/init/init-perfetto.rc:21) took 494ms and succeeded
[  524.352467][    T1] init: Command 'write /proc/sys/kernel/perf_event_mlock_kb 516' action=security.perf_harden=1 (/system/etc/init/init-perfetto.rc:22) took 587ms and succeeded
[  524.899744][    T1] init: processing action (kcmdline.binder=*) from (/system/etc/init/kcmdlinectrl.rc:20)
[  524.921704][    T1] init: start_waiting_for_property("kcmdline.loaded", "1"): already set
[  525.980996][    T1] init: starting service 'exec 16 (/system/bin/kcmdlinectrl store binder unset)'...
[  528.609709][    T1] libprocessgroup: Created cgroup /sys/fs/cgroup/system/uid_0/pid_753
[  534.566710][    T1] init: ... started service 'exec 16 (/system/bin/kcmdlinectrl store binder unset)' has pid 753
[  534.662524][    T1] init: SVC_EXEC service 'exec 16 (/system/bin/kcmdlinectrl store binder unset)' pid 753 (uid 0 gid 0+0 context default) started; waiting...
[  534.723991][    T1] init: Command 'exec -- /system/bin/kcmdlinectrl store binder ${kcmdline.binder:-c}' action=kcmdline.binder=* (/system/etc/init/kcmdlinectrl.rc:22) took 9525ms and succeeded
[  534.932622][  T411] servicemanager: Caller(pid=705,uid=1000,sid=u:r:surfaceflinger:s0) Found android.hardware.graphics.allocator.IAllocator/default in device VINTF manifest.
[  535.200241][    T1] init: Service 'hidl_memory' (pid 742) exited with status 0
[  535.339994][    T1] init: Sending SIGKILL to service 'hidl_memory' (pid 742) process group...
[  535.387810][  T411] servicemanager: Caller(pid=705,uid=1000,sid=u:r:surfaceflinger:s0) Found android.hardware.graphics.allocator.IAllocator/default in device VINTF manifest.
[  535.654771][    T1] libprocessgroup: Removed cgroup /sys/fs/cgroup/system/uid_1000/pid_742
[  535.755882][  T411] servicemanager: Caller(pid=705,uid=1000,sid=u:r:surfaceflinger:s0) Found mapper/minigbm in device VINTF manifest.
[  536.299997][    T1] init: starting service 'hidl_memory'...
[  539.646321][    T1] libprocessgroup: Created cgroup /sys/fs/cgroup/system/uid_1000/pid_762
[  547.970634][    T1] init: ... started service 'hidl_memory' has pid 762
[  552.804579][    T1] init: Service 'exec 16 (/system/bin/kcmdlinectrl store binder unset)' (pid 753) exited with status 0 waiting took 25.176001 seconds
[  552.973519][    T1] init: Sending SIGKILL to service 'exec 16 (/system/bin/kcmdlinectrl store binder unset)' (pid 753) process group...
[  553.578510][    T1] libprocessgroup: Removed cgroup /sys/fs/cgroup/system/uid_0/pid_753
[  553.876451][    T1] init: processing action (ro.debuggable=1) from (/system/etc/init/llkd-debuggable.rc:1)
[  554.083790][  T411] servicemanager: Caller(pid=705,uid=1000,sid=u:r:surfaceflinger:s0) Found android.hardware.graphics.composer3.IComposer/default in device VINTF manifest.
[  554.298787][    T1] init: Command 'setprop llk.enable ${ro.llk.enable:-0}' action=ro.debuggable=1 (/system/etc/init/llkd-debuggable.rc:2) took 391ms and succeeded
[  554.394771][    T1] init: processing action (ro.debuggable=*) from (/system/etc/init/llkd.rc:2)
[  554.697015][    T1] init: Command 'setprop llk.enable ${ro.llk.enable:-0}' action=ro.debuggable=* (/system/etc/init/llkd.rc:3) took 190ms and succeeded
[  555.061558][    T1] init: Command 'setprop khungtask.enable ${ro.khungtask.enable:-0}' action=ro.debuggable=* (/system/etc/init/llkd.rc:4) took 175ms and succeeded
[  555.295555][    T1] init: processing action (debug.atrace.user_initiated= && persist.traced.enable=1) from (/system/etc/init/perfetto.rc:64)
[  555.516954][    T1] init: starting service 'traced_probes'...
[  556.164996][  T411] servicemanager: Caller(pid=644,uid=1000,sid=u:r:hal_graphics_composer_default:s0) Found android.hardware.graphics.allocator.IAllocator/default in device VINTF manifest.
[  556.960510][  T411] servicemanager: Caller(pid=644,uid=1000,sid=u:r:hal_graphics_composer_default:s0) Found android.hardware.graphics.allocator.IAllocator/default in device VINTF manifest.
[  557.108010][    T1] libprocessgroup: Created cgroup /sys/fs/cgroup/system/uid_9999/pid_770
[  557.175252][  T411] servicemanager: Caller(pid=644,uid=1000,sid=u:r:hal_graphics_composer_default:s0) Found mapper/minigbm in device VINTF manifest.
[  561.245354][    T1] init: ... started service 'traced_probes' has pid 770
[  561.524346][    T1] init: Command 'start traced_probes' action=debug.atrace.user_initiated= && persist.traced.enable=1 (/system/etc/init/perfetto.rc:65) took 6048ms and succeeded
[  562.039834][    T1] init: Service 'hidl_memory' (pid 762) exited with status 0
[  562.281840][    T1] init: Sending SIGKILL to service 'hidl_memory' (pid 762) process group...
[  562.449733][    T1] libprocessgroup: Removed cgroup /sys/fs/cgroup/system/uid_1000/pid_762
[  562.626744][    T1] init: processing action (persist.traced.enable=1) from (/system/etc/init/perfetto.rc:76)
[  563.135236][    T1] init: Command 'mkdir /data/misc/perfetto-traces 0773 root shell' action=persist.traced.enable=1 (/system/etc/init/perfetto.rc:80) took 412ms and succeeded
[  563.691236][    T1] init: starting service 'hidl_memory'...
[  566.601932][    T1] libprocessgroup: Created cgroup /sys/fs/cgroup/system/uid_1000/pid_780
[  568.221309][  T667] VIRTUAL_DEVICE_DISPLAY_POWER_MODE_CHANGED display=0 mode=ON
[  570.530744][    T1] init: ... started service 'hidl_memory' has pid 780
[  570.864620][    T1] init: Command 'mkdir /data/misc/perfetto-traces/bugreport 0773 root shell' action=persist.traced.enable=1 (/system/etc/init/perfetto.rc:84) took 233ms and succeeded
[  572.466622][    T1] init: Command 'mkdir /data/misc/perfetto-traces/profiling 0777 root shell' action=persist.traced.enable=1 (/system/etc/init/perfetto.rc:87) took 1262ms and succeeded
[  573.359398][    T1] init: Command 'mkdir /data/misc/perfetto-configs 0775 root shell' action=persist.traced.enable=1 (/system/etc/init/perfetto.rc:92) took 343ms and succeeded
[  573.873526][    T1] init: Command 'stop traced_relay' action=persist.traced.enable=1 (/system/etc/init/perfetto.rc:94) took 146ms and succeeded
[  574.281837][    T1] init: starting service 'traced'...
[  575.169105][    T1] init: Created socket '/dev/socket/traced_consumer', mode 666, user 0, group 0
[  575.755947][    T1] init: Created socket '/dev/socket/traced_producer', mode 666, user 0, group 0
[  577.657968][    T1] libprocessgroup: Created cgroup /sys/fs/cgroup/system/uid_9999/pid_785
[  581.494860][    T1] init: ... started service 'traced' has pid 785
[  581.569831][    T1] init: Command 'start traced' action=persist.traced.enable=1 (/system/etc/init/perfetto.rc:95) took 7630ms and succeeded
[  581.729223][    T1] init: service 'traced_probes' requested start, but it is already running (flags: 132, pid: 770, started 25374ms ago)
[  582.172996][    T1] init: Command 'start traced_probes' action=persist.traced.enable=1 (/system/etc/init/perfetto.rc:96) took 89ms and succeeded
[  582.418184][    T1] init: processing action (ro.persistent_properties.ready=true) from (/system/etc/init/perfetto.rc:129)
[  582.973869][    T1] init: processing action (persist.debug.perfetto.persistent_sysui_tracing_for_bugreport=) from (/system/etc/init/perfetto.rc:188)
[  583.964487][    T1] init: Command 'stop perfetto_persistent_sysui_tracing_for_bugreport' action=persist.debug.perfetto.persistent_sysui_tracing_for_bugreport= (/system/etc/init/perfetto.rc:189) took 777ms and succeeded
[  584.108367][    T1] init: processing action (persist.traced_perf.enable= && sys.init.perf_lsm_hooks=1 && traced.lazy.traced_perf=) from (/system/etc/init/traced_perf.rc:44)
[  584.470594][    T1] init: Command 'stop traced_perf' action=persist.traced_perf.enable= && sys.init.perf_lsm_hooks=1 && traced.lazy.traced_perf= (/system/etc/init/traced_perf.rc:45) took 282ms and succeeded
[  584.669274][    T1] init: processing action (ro.boot.slot_suffix=*) from (/system/etc/init/update_engine.rc:9)
[  584.781668][    T1] init: processing action (hidl_memory.disabled=true) from (/system_ext/etc/init/android.hidl.allocator@1.0-service.rc:6)
[  585.385970][    T1] init: Sending SIGKILL to service 'hidl_memory' (pid 780) process group...
[  586.478900][    T1] libprocessgroup: Removed cgroup /sys/fs/cgroup/system/uid_1000/pid_780
[  586.965369][    T1] init: Command 'stop hidl_memory' action=hidl_memory.disabled=true (/system_ext/etc/init/android.hidl.allocator@1.0-service.rc:7) took 1844ms and succeeded
[  587.313467][    T1] init: Service 'hidl_memory' (pid 780) received SIGKILL
[  587.341422][    T1] init: Sending SIGKILL to service 'hidl_memory' (pid 780) process group...
[  587.726885][    T1] libprocessgroup: Failed to write 1 to /sys/fs/cgroup/system/uid_1000/pid_780/cgroup.kill: No such file or directory
[  588.368944][    T1] init: processing action (hwservicemanager.disabled=true) from (/system_ext/etc/init/hwservicemanager.rc:14)
[  588.720946][    T1] init: Sending SIGKILL to service 'hwservicemanager' (pid 412) process group...
[  591.093758][    T1] libprocessgroup: Still waiting on process(es) to exit for cgroup /sys/fs/cgroup/system/uid_1000/pid_412 after 2011 ms
[  591.465300][    T1] libprocessgroup: Unable to remove cgroup /sys/fs/cgroup/system/uid_1000/pid_412: Device or resource busy
[  592.052209][    T1] init: Command 'stop hwservicemanager' action=hwservicemanager.disabled=true (/system_ext/etc/init/hwservicemanager.rc:15) took 3518ms and succeeded
[  592.799928][    T1] init: processing action (apex.all.ready=true) from (/apex/com.google.cf.input.config/etc/com.google.cf.input.config.rc:1)
[  593.794961][    T1] init: Command 'setprop input_device.config_file.apex com.google.cf.input.config' action=apex.all.ready=true (/apex/com.google.cf.input.config/etc/com.google.cf.input.config.rc:2) took 810ms and succeeded
[  593.960677][    T1] init: processing action (nonencrypted) from (/system/etc/init/hw/init.rc:1227)
[  594.175785][    T1] init: service 'zygote' requested start, but it is already running (flags: 4, pid: 611, started 391922ms ago)
[  594.255571][    T1] init: starting service 'cameraserver'...
[  595.385907][    T1] libprocessgroup: Created cgroup /sys/fs/cgroup/system/uid_1047/pid_796
[  598.297900][    T1] init: ... started service 'cameraserver' has pid 796
[  598.629567][    T1] init: service 'drm' requested start, but it is already running (flags: 132, pid: 743, started 88830ms ago)
[  599.803885][    T1] init: starting service 'idmap2d'...
[  602.336865][    T1] libprocessgroup: Created cgroup /sys/fs/cgroup/system/uid_1000/pid_804
[  604.790482][    T1] init: ... started service 'idmap2d' has pid 804
[  605.002739][    T1] init: starting service 'incidentd'...
[  606.977940][    T1] libprocessgroup: Created cgroup /sys/fs/cgroup/system/uid_1067
[  608.016836][    T1] libprocessgroup: Created cgroup /sys/fs/cgroup/system/uid_1067/pid_812
[  609.096795][    T1] init: ... started service 'incidentd' has pid 812
[  609.144392][    T1] init: starting service 'installd'...
[  610.404741][  T667] VIRTUAL_DEVICE_DISPLAY_POWER_MODE_CHANGED display=0 mode=ON
[  612.745532][    T1] libprocessgroup: Created cgroup /sys/fs/cgroup/system/uid_0/pid_817
[  612.897315][  T411] servicemanager: Caller(pid=694,uid=1041,sid=u:r:audioserver:s0) Found android.hardware.audio.core.IModule/default in device VINTF manifest.
[  612.942140][  T411] libbinder.Binder: Binder transaction to android.os.IServiceManager, function: isDeclared, code: 9, took 1240ms. Data bytes: 164 Reply bytes: 8 Flags: 16
[  613.070105][  T411] servicemanager: Caller(pid=694,uid=1041,sid=u:r:audioserver:s0) Found android.hardware.audio.effect.IFactory/default in device VINTF manifest.
[  613.686229][    T1] init: ... started service 'installd' has pid 817
[  613.868871][    T1] init: starting service 'mediaextractor'...
[  615.490218][    T1] libprocessgroup: Created cgroup /sys/fs/cgroup/system/uid_1040
[  616.855242][    T1] libprocessgroup: Created cgroup /sys/fs/cgroup/system/uid_1040/pid_819
[  621.798249][    T1] init: ... started service 'mediaextractor' has pid 819
[  621.947587][    T1] init: starting service 'mediametrics'...
[  624.706963][  T411] libbinder.Binder: Binder transaction to android.os.IServiceManager, function: addService, code: 5, took 1427ms. Data bytes: 132 Reply bytes: 4 Flags: 16
[  624.731686][    T1] libprocessgroup: Created cgroup /sys/fs/cgroup/system/uid_1013/pid_826
[  626.594918][  T411] servicemanager: Caller(pid=694,uid=1041,sid=u:r:audioserver:s0) Found android.hardware.audio.effect.IFactory/default in device VINTF manifest.
[  626.694460][  T411] servicemanager: Caller(pid=694,uid=1041,sid=u:r:audioserver:s0) Found android.hardware.audio.core.IModule/default in device VINTF manifest.
[  626.701777][    T1] init: ... started service 'mediametrics' has pid 826
[  626.808508][    T1] init: starting service 'media'...
[  628.779949][    T1] libprocessgroup: Created cgroup /sys/fs/cgroup/system/uid_1013/pid_829
[  631.023846][    T1] init: ... started service 'media' has pid 829
[  631.223461][    T1] init: service 'netd' requested start, but it is already running (flags: 132, pid: 609, started 429174ms ago)
[  631.956537][    T1] init: starting service 'storaged'...
[  634.191668][    T1] libprocessgroup: Created cgroup /sys/fs/cgroup/system/uid_0/pid_832
[  636.192693][    T1] init: ... started service 'storaged' has pid 832
[  636.296329][    T1] init: starting service 'seriallogging'...
[  637.959806][    T1] libprocessgroup: Created cgroup /sys/fs/cgroup/system/uid_1036/pid_837
[  638.919609][    T1] init: ... started service 'seriallogging' has pid 837
[  639.436814][    T1] init: starting service 'media.swcodec'...
[  640.461837][    T1] libprocessgroup: Created cgroup /sys/fs/cgroup/system/uid_1046
[  641.141413][    T1] libprocessgroup: Created cgroup /sys/fs/cgroup/system/uid_1046/pid_839
[  644.180443][    T1] init: ... started service 'media.swcodec' has pid 839
[  644.211936][    T1] init: service 'statsd' requested start, but it is already running (flags: 4, pid: 610, started 442111ms ago)
[  647.124572][    T1] init: starting service 'vendor.ril-daemon'...
[  649.619175][    T1] libprocessgroup: Created cgroup /sys/fs/cgroup/system/uid_1001
[  651.778368][    T1] libprocessgroup: Created cgroup /sys/fs/cgroup/system/uid_1001/pid_841
[  653.609398][    T1] init: ... started service 'vendor.ril-daemon' has pid 841
[  653.645662][    T1] init: Command 'class_start main' action=nonencrypted (/system/etc/init/hw/init.rc:1228) took 59488ms and succeeded
[  653.687549][    T1] init: Service 'hwservicemanager' (pid 412) received SIGKILL
[  653.695388][    T1] init: Sending SIGKILL to service 'hwservicemanager' (pid 412) process group...
[  653.861690][    T1] libprocessgroup: Removed cgroup /sys/fs/cgroup/system/uid_1000/pid_412
[  655.942860][    T1] init: starting service 'bootanim'...
[  657.293476][    T1] libprocessgroup: Created cgroup /sys/fs/cgroup/system/uid_1003
[  657.587524][    T1] libprocessgroup: Created cgroup /sys/fs/cgroup/system/uid_1003/pid_847
[  659.848678][    T1] init: ... started service 'bootanim' has pid 847
[  659.896347][    T1] init: Control message: Processed ctl.start for 'bootanim' from pid: 705 (/system/bin/surfaceflinger)
[  661.054274][    T1] init: starting service 'gatekeeperd'...
[  664.393811][    T1] libprocessgroup: Created cgroup /sys/fs/cgroup/system/uid_1000/pid_849
[  664.806827][  T421] logd: logdr: UID=1036 GID=0 PID=837 b tail=0 logMask=bf pid=0 start=0ns deadline=0ns
[  666.813432][    T1] init: ... started service 'gatekeeperd' has pid 849
[  666.937476][    T1] init: service 'traced' requested start, but it is already running (flags: 132, pid: 785, started 89895ms ago)
[  667.500105][    T1] init: service 'traced_probes' requested start, but it is already running (flags: 132, pid: 770, started 111081ms ago)
[  667.834555][    T1] init: starting service 'update_engine'...
[  670.552555][    T1] libprocessgroup: Created cgroup /sys/fs/cgroup/system/uid_0/pid_855
[  673.267552][    T1] init: ... started service 'update_engine' has pid 855
[  673.555308][    T1] init: starting service 'usbd'...
[  676.021662][    T1] libprocessgroup: Created cgroup /sys/fs/cgroup/system/uid_0/pid_856
[  677.171310][    T1] init: ... started service 'usbd' has pid 856
[  677.209273][    T1] init: starting service 'tombstone_transmit'...
[  678.549855][    T1] libprocessgroup: Created cgroup /sys/fs/cgroup/system/uid_0/pid_858
[  679.866674][    T1] init: ... started service 'tombstone_transmit' has pid 858
[  680.094484][    T1] init: Command 'class_start late_start' action=nonencrypted (/system/etc/init/hw/init.rc:1229) took 19850ms and succeeded
[  681.158908][    T1] init: processing action (load_persist_props_action) from (/system/etc/init/flags_health_check.rc:1)
[  683.797182][    T1] init: Encryption policy of /data/server_configurable_flags set to 53a3be4854a125d0f4e6bffe111be80c v2 modes 1/10 flags 0xa
[  683.966738][    T1] init: Command 'mkdir /data/server_configurable_flags 0775 system system encryption=Require' action=load_persist_props_action (/system/etc/init/flags_health_check.rc:4) took 2038ms and succeeded
[  684.388640][    T1] init: starting service 'exec 17 (/system/bin/flags_health_check BOOT_FAILURE)'...
[  684.585756][  T411] servicemanager: Caller(pid=692,uid=1047,sid=u:r:hal_camera_default:s0) Found android.hardware.camera.provider.ICameraProvider/internal/0 in device VINTF manifest.
[  685.410231][  T411] libbinder.Binder: Binder transaction to android.os.IServiceManager, function: addService, code: 5, took 1073ms. Data bytes: 232 Reply bytes: 4 Flags: 16
[  688.488369][    T1] libprocessgroup: Created cgroup /sys/fs/cgroup/system/uid_1000/pid_864
[  697.096832][    T1] init: ... started service 'exec 17 (/system/bin/flags_health_check BOOT_FAILURE)' has pid 864
[  697.429791][    T1] init: SVC_EXEC service 'exec 17 (/system/bin/flags_health_check BOOT_FAILURE)' pid 864 (uid 1000 gid 1000+0 context default) started; waiting...
[  697.978101][    T1] init: Command 'exec - system system -- /system/bin/flags_health_check BOOT_FAILURE' action=load_persist_props_action (/system/etc/init/flags_health_check.rc:5) took 13507ms and succeeded
[  699.287262][  T411] servicemanager: Caller(pid=849,uid=1000,sid=u:r:gatekeeperd:s0) Found android.hardware.gatekeeper.IGatekeeper/default in device VINTF manifest.
[  699.334217][  T411] libbinder.Binder: Binder transaction to android.os.IServiceManager, function: isDeclared, code: 9, took 1285ms. Data bytes: 172 Reply bytes: 8 Flags: 16
[  704.089411][  T411] libbinder.Binder: Binder transaction to android.os.IServiceManager, function: addService, code: 5, took 1458ms. Data bytes: 204 Reply bytes: 4 Flags: 16
[  707.781814][    T1] init: service 'adbd' requested start, but it is already running (flags: 132, pid: 724, started 259481ms ago)
[  707.796254][    T1] init: Control message: Processed ctl.start for 'adbd' from pid: 856 (/system/bin/usbd)
[  708.548646][  T411] servicemanager: Caller(pid=841,uid=1001,sid=u:r:libcuttlefish_rild:s0) Found android.hardware.radio.ims.media.IImsMedia/default in device VINTF manifest.
[  709.642742][  T411] servicemanager: Caller(pid=856,uid=0,sid=u:r:usbd:s0) Could not find android.hardware.usb.gadget.IUsbGadget/default in the VINTF manifest. No alternative instances declared in VINTF.
[  710.511251][  T411] servicemanager: Caller(pid=841,uid=1001,sid=u:r:libcuttlefish_rild:s0) Found android.hardware.radio.config.IRadioConfig/default in device VINTF manifest.
[  710.874850][  T411] libbinder.Binder: Binder transaction to android.os.IServiceManager, function: addService, code: 5, took 1060ms. Data bytes: 216 Reply bytes: 4 Flags: 16
[  711.436263][  T411] servicemanager: Caller(pid=841,uid=1001,sid=u:r:libcuttlefish_rild:s0) Found android.hardware.radio.data.IRadioData/slot1 in device VINTF manifest.
[  712.025273][  T411] servicemanager: Caller(pid=841,uid=1001,sid=u:r:libcuttlefish_rild:s0) Found android.hardware.radio.ims.IRadioIms/slot1 in device VINTF manifest.
[  712.752651][  T411] servicemanager: Caller(pid=841,uid=1001,sid=u:r:libcuttlefish_rild:s0) Found android.hardware.radio.messaging.IRadioMessaging/slot1 in device VINTF manifest.
[  713.632103][    T1] init: Service 'usbd' (pid 856) exited with status 0 oneshot service took 37.742001 seconds in background
[  713.722091][    T1] init: Sending SIGKILL to service 'usbd' (pid 856) process group...
[  714.558884][    T1] libprocessgroup: Removed cgroup /sys/fs/cgroup/system/uid_0/pid_856
[  715.091332][  T411] servicemanager: Caller(pid=841,uid=1001,sid=u:r:libcuttlefish_rild:s0) Found android.hardware.radio.modem.IRadioModem/slot1 in device VINTF manifest.
[  715.689177][    T1] init: Service 'exec 17 (/system/bin/flags_health_check BOOT_FAILURE)' (pid 864) exited with status 0 waiting took 28.087000 seconds
[  716.010531][    T1] init: Sending SIGKILL to service 'exec 17 (/system/bin/flags_health_check BOOT_FAILURE)' (pid 864) process group...
[  716.299706][    T1] libprocessgroup: Removed cgroup /sys/fs/cgroup/system/uid_1000/pid_864
[  716.411543][  T411] servicemanager: Caller(pid=841,uid=1001,sid=u:r:libcuttlefish_rild:s0) Found android.hardware.radio.network.IRadioNetwork/slot1 in device VINTF manifest.
[  716.854366][    T1] init: processing action (load_persist_props_action) from (/system/etc/init/logcatd.rc:29)
[  717.566180][    T1] init: Command 'setprop logd.logpersistd.enable true' action=load_persist_props_action (/system/etc/init/logcatd.rc:30) took 596ms and succeeded
[  717.928702][  T411] servicemanager: Caller(pid=841,uid=1001,sid=u:r:libcuttlefish_rild:s0) Found android.hardware.radio.sim.IRadioSim/slot1 in device VINTF manifest.
[  717.942823][    T1] init: processing action (hidl_memory.disabled=true) from (/system_ext/etc/init/android.hidl.allocator@1.0-service.rc:6)
[  718.401574][    T1] init: Command 'stop hidl_memory' action=hidl_memory.disabled=true (/system_ext/etc/init/android.hidl.allocator@1.0-service.rc:7) took 344ms and succeeded
[  719.191463][    T1] init: processing action (hidl_memory.disabled=true) from (/system_ext/etc/init/android.hidl.allocator@1.0-service.rc:6)
[  719.395522][  T411] servicemanager: Caller(pid=841,uid=1001,sid=u:r:libcuttlefish_rild:s0) Found android.hardware.radio.voice.IRadioVoice/slot1 in device VINTF manifest.
[  719.440425][    T1] init: Command 'stop hidl_memory' action=hidl_memory.disabled=true (/system_ext/etc/init/android.hidl.allocator@1.0-service.rc:7) took 160ms and succeeded
[  719.511316][    T1] init: processing action (hidl_memory.disabled=true) from (/system_ext/etc/init/android.hidl.allocator@1.0-service.rc:6)
[  719.525132][    T1] init: processing action (hidl_memory.disabled=true) from (/system_ext/etc/init/android.hidl.allocator@1.0-service.rc:6)
[  719.793320][    T1] init: Command 'stop hidl_memory' action=hidl_memory.disabled=true (/system_ext/etc/init/android.hidl.allocator@1.0-service.rc:7) took 168ms and succeeded
[  720.449530][    T1] init: processing action (hidl_memory.disabled=true) from (/system_ext/etc/init/android.hidl.allocator@1.0-service.rc:6)
[  721.468321][    T1] init: Command 'stop hidl_memory' action=hidl_memory.disabled=true (/system_ext/etc/init/android.hidl.allocator@1.0-service.rc:7) took 539ms and succeeded
[  722.158453][  T411] servicemanager: Caller(pid=841,uid=1001,sid=u:r:libcuttlefish_rild:s0) Found android.hardware.radio.sap.ISap/slot1 in device VINTF manifest.
[  722.258726][    T1] init: processing action (llk.enable=0) from (/system/etc/init/llkd.rc:12)
[  722.777149][    T1] init: Command 'setprop llk.enable false' action=llk.enable=0 (/system/etc/init/llkd.rc:13) took 417ms and succeeded
[  722.845685][  T411] libbinder.Binder: Binder transaction to android.os.IServiceManager, function: addService, code: 5, took 2226ms. Data bytes: 188 Reply bytes: 4 Flags: 16
[  722.867625][    T1] init: processing action (khungtask.enable=1) from (/system/etc/init/llkd.rc:18)
[  722.884066][    T1] init: processing action (llk.enable=0) from (/system/etc/init/llkd.rc:12)
[  722.888313][    T1] init: processing action (khungtask.enable=0) from (/system/etc/init/llkd.rc:21)
[  722.901529][    T1] init: processing action (hidl_memory.disabled=true) from (/system_ext/etc/init/android.hidl.allocator@1.0-service.rc:6)
[  722.924609][    T1] init: processing action (init.svc.media=*) from (/system/etc/init/mediaserver.rc:1)
[  722.955458][    T1] init: processing action (khungtask.enable=true) from (/system/etc/init/llkd.rc:25)
[  723.065604][    T1] init: Command 'write /proc/sys/kernel/hung_task_timeout_secs ${ro.khungtask.timeout:-720}' action=khungtask.enable=true (/system/etc/init/llkd.rc:26) took 103ms and succeeded
[  723.088373][    T1] init: processing action (khungtask.enable=false) from (/system/etc/init/llkd.rc:31)
[  737.192081][  T411] servicemanager: Caller(pid=832,uid=0,sid=u:r:storaged:s0) Found android.hardware.health.IHealth/default in device VINTF manifest.
[  759.397725][  T411] servicemanager: Caller(pid=855,uid=0,sid=u:r:update_engine:s0) Found android.hardware.boot.IBootControl/default in device VINTF manifest.
[  759.455424][  T411] libbinder.Binder: Binder transaction to android.os.IServiceManager, function: isDeclared, code: 9, took 1027ms. Data bytes: 164 Reply bytes: 8 Flags: 16
[  763.041388][  T411] libbinder.Binder: Binder transaction to android.os.IServiceManager, function: getDeclaredInstances, code: 10, took 1332ms. Data bytes: 148 Reply bytes: 76 Flags: 16
[  838.846969][  T411] servicemanager: Caller(pid=839,uid=1046,sid=u:r:mediaswcodec:s0) Found android.hardware.media.c2.IComponentStore/software in framework VINTF manifest.
[  840.046624][  T411] servicemanager: Caller(pid=839,uid=1046,sid=u:r:mediaswcodec:s0) Found android.hardware.media.c2.IComponentStore/software in framework VINTF manifest.
[  840.927631][  T411] servicemanager: Caller(pid=839,uid=1046,sid=u:r:mediaswcodec:s0) Could not find android.hardware.media.c2.IComponentStore/default in the VINTF manifest. No alternative instances declared in VINTF.
[  882.695039][    T1] init: Untracked process (pid: 964 name: (sh) ppid: 1 pgrp: 957 state: Z) received SIGHUP
[  882.822919][    T1] init: Untracked process (pid: 964 name: (sh) ppid: 1 pgrp: 957 state: Z) did not have an associated service entry and will not be reaped
[  892.080465][  T411] servicemanager: Caller(pid=694,uid=1041,sid=u:r:audioserver:s0) Found android.hardware.audio.effect.IFactory/default in device VINTF manifest.
[  892.583235][  T411] servicemanager: Caller(pid=694,uid=1041,sid=u:r:audioserver:s0) Found android.hardware.audio.core.IModule/default in device VINTF manifest.
[  910.813579][  T411] servicemanager: Caller(pid=694,uid=1041,sid=u:r:audioserver:s0) Found android.system.suspend.ISystemSuspend/default in framework VINTF manifest.
[  912.332396][    T1] init: Untracked process (pid: 983 name: (sh) ppid: 1 pgrp: 978 state: Z) exited with status 129
[  912.387237][    T1] init: Untracked process (pid: 983 name: (sh) ppid: 1 pgrp: 978 state: Z) did not have an associated service entry and will not be reaped
[  927.468210][    T1] init: Untracked process (pid: 993 name: (sh) ppid: 1 pgrp: 987 state: Z) received SIGHUP
[  927.680283][    T1] init: Untracked process (pid: 993 name: (sh) ppid: 1 pgrp: 987 state: Z) did not have an associated service entry and will not be reaped
[  971.829070][  T411] servicemanager: Caller(pid=694,uid=1041,sid=u:r:audioserver:s0) Found android.hardware.audio.effect.IFactory/default in device VINTF manifest.
[  972.205152][  T411] servicemanager: Caller(pid=694,uid=1041,sid=u:r:audioserver:s0) Found android.hardware.audio.core.IModule/default in device VINTF manifest.
[  973.028230][  T411] servicemanager: Caller(pid=694,uid=1041,sid=u:r:audioserver:s0) Since 'activity' could not be found trying to start it as a lazy AIDL service. (if it's not configured to be a lazy service, it may be stuck starting or still starting).
[  973.419612][    T1] init: Control message: Could not find 'aidl/activity' for ctl.interface_start from pid: 411 (/system/bin/servicemanager)
[  973.524097][ T1050] servicemanager: Caller(pid=694,uid=1041,sid=u:r:audioserver:s0) Tried to start aidl service activity as a lazy service, but was unable to. Usually this happens when a service is not installed, but if the service is intended to be used as a lazy service, then it may be configured incorrectly.
[  974.422896][  T411] servicemanager: Caller(pid=694,uid=1041,sid=u:r:audioserver:s0) Since 'activity' could not be found trying to start it as a lazy AIDL service. (if it's not configured to be a lazy service, it may be stuck starting or still starting).
[  974.978329][    T1] init: Control message: Could not find 'aidl/activity' for ctl.interface_start from pid: 411 (/system/bin/servicemanager)
[  975.073044][ T1053] servicemanager: Caller(pid=694,uid=1041,sid=u:r:audioserver:s0) Tried to start aidl service activity as a lazy service, but was unable to. Usually this happens when a service is not installed, but if the service is intended to be used as a lazy service, then it may be configured incorrectly.
[  975.962656][  T411] servicemanager: Caller(pid=694,uid=1041,sid=u:r:audioserver:s0) Since 'activity' could not be found trying to start it as a lazy AIDL service. (if it's not configured to be a lazy service, it may be stuck starting or still starting).
[  976.628022][    T1] init: Control message: Could not find 'aidl/activity' for ctl.interface_start from pid: 411 (/system/bin/servicemanager)
[  976.659999][ T1055] servicemanager: Caller(pid=694,uid=1041,sid=u:r:audioserver:s0) Tried to start aidl service activity as a lazy service, but was unable to. Usually this happens when a service is not installed, but if the service is intended to be used as a lazy service, then it may be configured incorrectly.
[  977.476342][  T411] servicemanager: Caller(pid=694,uid=1041,sid=u:r:audioserver:s0) Since 'activity' could not be found trying to start it as a lazy AIDL service. (if it's not configured to be a lazy service, it may be stuck starting or still starting).
[  977.865962][    T1] init: Control message: Could not find 'aidl/activity' for ctl.interface_start from pid: 411 (/system/bin/servicemanager)
[  977.916215][ T1059] servicemanager: Caller(pid=694,uid=1041,sid=u:r:audioserver:s0) Tried to start aidl service activity as a lazy service, but was unable to. Usually this happens when a service is not installed, but if the service is intended to be used as a lazy service, then it may be configured incorrectly.
[  978.746024][  T411] servicemanager: Caller(pid=694,uid=1041,sid=u:r:audioserver:s0) Since 'activity' could not be found trying to start it as a lazy AIDL service. (if it's not configured to be a lazy service, it may be stuck starting or still starting).
[  979.040934][    T1] init: Control message: Could not find 'aidl/activity' for ctl.interface_start from pid: 411 (/system/bin/servicemanager)
[  979.075890][ T1061] servicemanager: Caller(pid=694,uid=1041,sid=u:r:audioserver:s0) Tried to start aidl service activity as a lazy service, but was unable to. Usually this happens when a service is not installed, but if the service is intended to be used as a lazy service, then it may be configured incorrectly.
[  980.105388][  T411] servicemanager: Caller(pid=694,uid=1041,sid=u:r:audioserver:s0) Since 'activity' could not be found trying to start it as a lazy AIDL service. (if it's not configured to be a lazy service, it may be stuck starting or still starting).
[  980.494841][    T1] init: Control message: Could not find 'aidl/activity' for ctl.interface_start from pid: 411 (/system/bin/servicemanager)
[  980.514290][ T1062] servicemanager: Caller(pid=694,uid=1041,sid=u:r:audioserver:s0) Tried to start aidl service activity as a lazy service, but was unable to. Usually this happens when a service is not installed, but if the service is intended to be used as a lazy service, then it may be configured incorrectly.
[  982.065883][  T411] servicemanager: Caller(pid=694,uid=1041,sid=u:r:audioserver:s0) Since 'activity' could not be found trying to start it as a lazy AIDL service. (if it's not configured to be a lazy service, it may be stuck starting or still starting).
[  982.941079][    T1] init: Control message: Could not find 'aidl/activity' for ctl.interface_start from pid: 411 (/system/bin/servicemanager)
[  983.135942][ T1064] servicemanager: Caller(pid=694,uid=1041,sid=u:r:audioserver:s0) Tried to start aidl service activity as a lazy service, but was unable to. Usually this happens when a service is not installed, but if the service is intended to be used as a lazy service, then it may be configured incorrectly.
[  983.463034][  T411] servicemanager: Caller(pid=694,uid=1041,sid=u:r:audioserver:s0) Since 'activity' could not be found trying to start it as a lazy AIDL service. (if it's not configured to be a lazy service, it may be stuck starting or still starting).
[  983.621703][    T1] init: Control message: Could not find 'aidl/activity' for ctl.interface_start from pid: 411 (/system/bin/servicemanager)
[  983.638790][ T1067] servicemanager: Caller(pid=694,uid=1041,sid=u:r:audioserver:s0) Tried to start aidl service activity as a lazy service, but was unable to. Usually this happens when a service is not installed, but if the service is intended to be used as a lazy service, then it may be configured incorrectly.
[  984.967030][  T411] servicemanager: Caller(pid=694,uid=1041,sid=u:r:audioserver:s0) Since 'activity' could not be found trying to start it as a lazy AIDL service. (if it's not configured to be a lazy service, it may be stuck starting or still starting).
[  985.316965][    T1] init: Control message: Could not find 'aidl/activity' for ctl.interface_start from pid: 411 (/system/bin/servicemanager)
[  985.342239][ T1070] servicemanager: Caller(pid=694,uid=1041,sid=u:r:audioserver:s0) Tried to start aidl service activity as a lazy service, but was unable to. Usually this happens when a service is not installed, but if the service is intended to be used as a lazy service, then it may be configured incorrectly.
[  986.271904][  T411] servicemanager: Caller(pid=694,uid=1041,sid=u:r:audioserver:s0) Since 'activity' could not be found trying to start it as a lazy AIDL service. (if it's not configured to be a lazy service, it may be stuck starting or still starting).
[  986.652691][    T1] init: Control message: Could not find 'aidl/activity' for ctl.interface_start from pid: 411 (/system/bin/servicemanager)
[  986.710694][ T1072] servicemanager: Caller(pid=694,uid=1041,sid=u:r:audioserver:s0) Tried to start aidl service activity as a lazy service, but was unable to. Usually this happens when a service is not installed, but if the service is intended to be used as a lazy service, then it may be configured incorrectly.
[  988.019938][  T411] servicemanager: Caller(pid=694,uid=1041,sid=u:r:audioserver:s0) Since 'activity' could not be found trying to start it as a lazy AIDL service. (if it's not configured to be a lazy service, it may be stuck starting or still starting).
[  988.538946][    T1] init: Control message: Could not find 'aidl/activity' for ctl.interface_start from pid: 411 (/system/bin/servicemanager)
[  988.660032][ T1073] servicemanager: Caller(pid=694,uid=1041,sid=u:r:audioserver:s0) Tried to start aidl service activity as a lazy service, but was unable to. Usually this happens when a service is not installed, but if the service is intended to be used as a lazy service, then it may be configured incorrectly.
[  989.442814][  T411] servicemanager: Caller(pid=694,uid=1041,sid=u:r:audioserver:s0) Since 'activity' could not be found trying to start it as a lazy AIDL service. (if it's not configured to be a lazy service, it may be stuck starting or still starting).
[  989.724230][    T1] init: Control message: Could not find 'aidl/activity' for ctl.interface_start from pid: 411 (/system/bin/servicemanager)
[  989.740364][ T1074] servicemanager: Caller(pid=694,uid=1041,sid=u:r:audioserver:s0) Tried to start aidl service activity as a lazy service, but was unable to. Usually this happens when a service is not installed, but if the service is intended to be used as a lazy service, then it may be configured incorrectly.
[  990.598355][  T411] servicemanager: Caller(pid=694,uid=1041,sid=u:r:audioserver:s0) Since 'activity' could not be found trying to start it as a lazy AIDL service. (if it's not configured to be a lazy service, it may be stuck starting or still starting).
[  990.641961][    T1] init: Control message: Could not find 'aidl/activity' for ctl.interface_start from pid: 411 (/system/bin/servicemanager)
[  990.653783][ T1075] servicemanager: Caller(pid=694,uid=1041,sid=u:r:audioserver:s0) Tried to start aidl service activity as a lazy service, but was unable to. Usually this happens when a service is not installed, but if the service is intended to be used as a lazy service, then it may be configured incorrectly.
[  991.736420][  T411] servicemanager: Caller(pid=694,uid=1041,sid=u:r:audioserver:s0) Since 'activity' could not be found trying to start it as a lazy AIDL service. (if it's not configured to be a lazy service, it may be stuck starting or still starting).
[  991.891142][    T1] init: Control message: Could not find 'aidl/activity' for ctl.interface_start from pid: 411 (/system/bin/servicemanager)
[  991.931166][ T1077] servicemanager: Caller(pid=694,uid=1041,sid=u:r:audioserver:s0) Tried to start aidl service activity as a lazy service, but was unable to. Usually this happens when a service is not installed, but if the service is intended to be used as a lazy service, then it may be configured incorrectly.
[  993.090864][  T411] servicemanager: Caller(pid=694,uid=1041,sid=u:r:audioserver:s0) Since 'activity' could not be found trying to start it as a lazy AIDL service. (if it's not configured to be a lazy service, it may be stuck starting or still starting).
[  993.650109][    T1] init: Control message: Could not find 'aidl/activity' for ctl.interface_start from pid: 411 (/system/bin/servicemanager)
[  993.731452][ T1081] servicemanager: Caller(pid=694,uid=1041,sid=u:r:audioserver:s0) Tried to start aidl service activity as a lazy service, but was unable to. Usually this happens when a service is not installed, but if the service is intended to be used as a lazy service, then it may be configured incorrectly.
[  995.118885][  T411] servicemanager: Caller(pid=694,uid=1041,sid=u:r:audioserver:s0) Since 'activity' could not be found trying to start it as a lazy AIDL service. (if it's not configured to be a lazy service, it may be stuck starting or still starting).
[  995.778329][    T1] init: Control message: Could not find 'aidl/activity' for ctl.interface_start from pid: 411 (/system/bin/servicemanager)
[  995.857461][ T1085] servicemanager: Caller(pid=694,uid=1041,sid=u:r:audioserver:s0) Tried to start aidl service activity as a lazy service, but was unable to. Usually this happens when a service is not installed, but if the service is intended to be used as a lazy service, then it may be configured incorrectly.
[  996.867256][  T411] servicemanager: Caller(pid=694,uid=1041,sid=u:r:audioserver:s0) Since 'activity' could not be found trying to start it as a lazy AIDL service. (if it's not configured to be a lazy service, it may be stuck starting or still starting).
[  997.204837][    T1] init: Control message: Could not find 'aidl/activity' for ctl.interface_start from pid: 411 (/system/bin/servicemanager)
[  997.358239][ T1087] servicemanager: Caller(pid=694,uid=1041,sid=u:r:audioserver:s0) Tried to start aidl service activity as a lazy service, but was unable to. Usually this happens when a service is not installed, but if the service is intended to be used as a lazy service, then it may be configured incorrectly.
[  998.402360][  T411] servicemanager: Caller(pid=694,uid=1041,sid=u:r:audioserver:s0) Since 'activity' could not be found trying to start it as a lazy AIDL service. (if it's not configured to be a lazy service, it may be stuck starting or still starting).
[  998.719234][    T1] init: Control message: Could not find 'aidl/activity' for ctl.interface_start from pid: 411 (/system/bin/servicemanager)
[  998.768751][ T1088] servicemanager: Caller(pid=694,uid=1041,sid=u:r:audioserver:s0) Tried to start aidl service activity as a lazy service, but was unable to. Usually this happens when a service is not installed, but if the service is intended to be used as a lazy service, then it may be configured incorrectly.
[  999.863801][  T411] servicemanager: Caller(pid=694,uid=1041,sid=u:r:audioserver:s0) Since 'activity' could not be found trying to start it as a lazy AIDL service. (if it's not configured to be a lazy service, it may be stuck starting or still starting).
[ 1000.715265][    T1] init: Control message: Could not find 'aidl/activity' for ctl.interface_start from pid: 411 (/system/bin/servicemanager)
[ 1001.626322][ T1090] servicemanager: Caller(pid=694,uid=1041,sid=u:r:audioserver:s0) Tried to start aidl service activity as a lazy service, but was unable to. Usually this happens when a service is not installed, but if the service is intended to be used as a lazy service, then it may be configured incorrectly.
[ 1002.063382][  T411] servicemanager: Caller(pid=694,uid=1041,sid=u:r:audioserver:s0) Since 'activity' could not be found trying to start it as a lazy AIDL service. (if it's not configured to be a lazy service, it may be stuck starting or still starting).
[ 1002.796271][    T1] init: Control message: Could not find 'aidl/activity' for ctl.interface_start from pid: 411 (/system/bin/servicemanager)
[ 1002.968073][ T1092] servicemanager: Caller(pid=694,uid=1041,sid=u:r:audioserver:s0) Tried to start aidl service activity as a lazy service, but was unable to. Usually this happens when a service is not installed, but if the service is intended to be used as a lazy service, then it may be configured incorrectly.
[ 1003.630544][  T411] servicemanager: Caller(pid=694,uid=1041,sid=u:r:audioserver:s0) Since 'activity' could not be found trying to start it as a lazy AIDL service. (if it's not configured to be a lazy service, it may be stuck starting or still starting).
[ 1004.044278][    T1] init: Control message: Could not find 'aidl/activity' for ctl.interface_start from pid: 411 (/system/bin/servicemanager)
[ 1004.156950][ T1093] servicemanager: Caller(pid=694,uid=1041,sid=u:r:audioserver:s0) Tried to start aidl service activity as a lazy service, but was unable to. Usually this happens when a service is not installed, but if the service is intended to be used as a lazy service, then it may be configured incorrectly.
[ 1004.940743][  T411] servicemanager: Caller(pid=694,uid=1041,sid=u:r:audioserver:s0) Since 'activity' could not be found trying to start it as a lazy AIDL service. (if it's not configured to be a lazy service, it may be stuck starting or still starting).
[ 1005.636772][    T1] init: Control message: Could not find 'aidl/activity' for ctl.interface_start from pid: 411 (/system/bin/servicemanager)
[ 1005.843212][ T1095] servicemanager: Caller(pid=694,uid=1041,sid=u:r:audioserver:s0) Tried to start aidl service activity as a lazy service, but was unable to. Usually this happens when a service is not installed, but if the service is intended to be used as a lazy service, then it may be configured incorrectly.
[ 1007.541124][  T411] servicemanager: Caller(pid=694,uid=1041,sid=u:r:audioserver:s0) Since 'activity' could not be found trying to start it as a lazy AIDL service. (if it's not configured to be a lazy service, it may be stuck starting or still starting).
[ 1008.693789][    T1] init: Control message: Could not find 'aidl/activity' for ctl.interface_start from pid: 411 (/system/bin/servicemanager)
[ 1009.482046][ T1099] servicemanager: Caller(pid=694,uid=1041,sid=u:r:audioserver:s0) Tried to start aidl service activity as a lazy service, but was unable to. Usually this happens when a service is not installed, but if the service is intended to be used as a lazy service, then it may be configured incorrectly.
[ 1010.006712][  T411] servicemanager: Caller(pid=694,uid=1041,sid=u:r:audioserver:s0) Since 'activity' could not be found trying to start it as a lazy AIDL service. (if it's not configured to be a lazy service, it may be stuck starting or still starting).
[ 1010.478933][    T1] init: Control message: Could not find 'aidl/activity' for ctl.interface_start from pid: 411 (/system/bin/servicemanager)
[ 1010.706154][ T1101] servicemanager: Caller(pid=694,uid=1041,sid=u:r:audioserver:s0) Tried to start aidl service activity as a lazy service, but was unable to. Usually this happens when a service is not installed, but if the service is intended to be used as a lazy service, then it may be configured incorrectly.
[ 1011.560842][  T411] servicemanager: Caller(pid=694,uid=1041,sid=u:r:audioserver:s0) Since 'activity' could not be found trying to start it as a lazy AIDL service. (if it's not configured to be a lazy service, it may be stuck starting or still starting).
[ 1012.149929][    T1] init: Control message: Could not find 'aidl/activity' for ctl.interface_start from pid: 411 (/system/bin/servicemanager)
[ 1012.551119][ T1105] servicemanager: Caller(pid=694,uid=1041,sid=u:r:audioserver:s0) Tried to start aidl service activity as a lazy service, but was unable to. Usually this happens when a service is not installed, but if the service is intended to be used as a lazy service, then it may be configured incorrectly.
[ 1012.968364][  T411] servicemanager: Caller(pid=694,uid=1041,sid=u:r:audioserver:s0) Since 'activity' could not be found trying to start it as a lazy AIDL service. (if it's not configured to be a lazy service, it may be stuck starting or still starting).
[ 1013.404726][    T1] init: Control message: Could not find 'aidl/activity' for ctl.interface_start from pid: 411 (/system/bin/servicemanager)
[ 1013.581209][ T1106] servicemanager: Caller(pid=694,uid=1041,sid=u:r:audioserver:s0) Tried to start aidl service activity as a lazy service, but was unable to. Usually this happens when a service is not installed, but if the service is intended to be used as a lazy service, then it may be configured incorrectly.
[ 1014.326757][  T411] servicemanager: Caller(pid=694,uid=1041,sid=u:r:audioserver:s0) Since 'activity' could not be found trying to start it as a lazy AIDL service. (if it's not configured to be a lazy service, it may be stuck starting or still starting).
[ 1014.434751][    T1] init: Control message: Could not find 'aidl/activity' for ctl.interface_start from pid: 411 (/system/bin/servicemanager)
[ 1014.631037][ T1108] servicemanager: Caller(pid=694,uid=1041,sid=u:r:audioserver:s0) Tried to start aidl service activity as a lazy service, but was unable to. Usually this happens when a service is not installed, but if the service is intended to be used as a lazy service, then it may be configured incorrectly.
[ 1015.712569][  T411] servicemanager: Caller(pid=694,uid=1041,sid=u:r:audioserver:s0) Since 'activity' could not be found trying to start it as a lazy AIDL service. (if it's not configured to be a lazy service, it may be stuck starting or still starting).
[ 1016.255844][    T1] init: Control message: Could not find 'aidl/activity' for ctl.interface_start from pid: 411 (/system/bin/servicemanager)
[ 1016.668726][ T1110] servicemanager: Caller(pid=694,uid=1041,sid=u:r:audioserver:s0) Tried to start aidl service activity as a lazy service, but was unable to. Usually this happens when a service is not installed, but if the service is intended to be used as a lazy service, then it may be configured incorrectly.
[ 1017.222008][    T1] init: Untracked process (pid: 1107 name: (sh) ppid: 1 pgrp: 1098 state: Z) received SIGHUP
[ 1017.226648][  T411] servicemanager: Caller(pid=694,uid=1041,sid=u:r:audioserver:s0) Since 'activity' could not be found trying to start it as a lazy AIDL service. (if it's not configured to be a lazy service, it may be stuck starting or still starting).
[ 1017.232305][    T1] init: Untracked process (pid: 1107 name: (sh) ppid: 1 pgrp: 1098 state: Z) did not have an associated service entry and will not be reaped
[ 1017.821280][    T1] init: Control message: Could not find 'aidl/activity' for ctl.interface_start from pid: 411 (/system/bin/servicemanager)
[ 1018.216376][ T1111] servicemanager: Caller(pid=694,uid=1041,sid=u:r:audioserver:s0) Tried to start aidl service activity as a lazy service, but was unable to. Usually this happens when a service is not installed, but if the service is intended to be used as a lazy service, then it may be configured incorrectly.
[ 1018.408659][  T411] servicemanager: Caller(pid=694,uid=1041,sid=u:r:audioserver:s0) Since 'activity' could not be found trying to start it as a lazy AIDL service. (if it's not configured to be a lazy service, it may be stuck starting or still starting).
[ 1019.321873][    T1] init: Control message: Could not find 'aidl/activity' for ctl.interface_start from pid: 411 (/system/bin/servicemanager)
[ 1019.531921][ T1112] servicemanager: Caller(pid=694,uid=1041,sid=u:r:audioserver:s0) Tried to start aidl service activity as a lazy service, but was unable to. Usually this happens when a service is not installed, but if the service is intended to be used as a lazy service, then it may be configured incorrectly.
[ 1020.368224][  T411] servicemanager: Caller(pid=694,uid=1041,sid=u:r:audioserver:s0) Since 'activity' could not be found trying to start it as a lazy AIDL service. (if it's not configured to be a lazy service, it may be stuck starting or still starting).
[ 1020.518902][    T1] init: Control message: Could not find 'aidl/activity' for ctl.interface_start from pid: 411 (/system/bin/servicemanager)
[ 1020.532925][ T1114] servicemanager: Caller(pid=694,uid=1041,sid=u:r:audioserver:s0) Tried to start aidl service activity as a lazy service, but was unable to. Usually this happens when a service is not installed, but if the service is intended to be used as a lazy service, then it may be configured incorrectly.
[ 1021.739076][  T411] servicemanager: Caller(pid=694,uid=1041,sid=u:r:audioserver:s0) Since 'activity' could not be found trying to start it as a lazy AIDL service. (if it's not configured to be a lazy service, it may be stuck starting or still starting).
[ 1022.031603][    T1] init: Control message: Could not find 'aidl/activity' for ctl.interface_start from pid: 411 (/system/bin/servicemanager)
[ 1022.061069][ T1116] servicemanager: Caller(pid=694,uid=1041,sid=u:r:audioserver:s0) Tried to start aidl service activity as a lazy service, but was unable to. Usually this happens when a service is not installed, but if the service is intended to be used as a lazy service, then it may be configured incorrectly.
[ 1023.166648][  T411] servicemanager: Caller(pid=694,uid=1041,sid=u:r:audioserver:s0) Since 'activity' could not be found trying to start it as a lazy AIDL service. (if it's not configured to be a lazy service, it may be stuck starting or still starting).
[ 1023.499926][    T1] init: Control message: Could not find 'aidl/activity' for ctl.interface_start from pid: 411 (/system/bin/servicemanager)
[ 1023.540977][ T1121] servicemanager: Caller(pid=694,uid=1041,sid=u:r:audioserver:s0) Tried to start aidl service activity as a lazy service, but was unable to. Usually this happens when a service is not installed, but if the service is intended to be used as a lazy service, then it may be configured incorrectly.
[ 1024.652829][  T411] servicemanager: Caller(pid=694,uid=1041,sid=u:r:audioserver:s0) Since 'activity' could not be found trying to start it as a lazy AIDL service. (if it's not configured to be a lazy service, it may be stuck starting or still starting).
[ 1025.072078][    T1] init: Control message: Could not find 'aidl/activity' for ctl.interface_start from pid: 411 (/system/bin/servicemanager)
[ 1025.109210][ T1124] servicemanager: Caller(pid=694,uid=1041,sid=u:r:audioserver:s0) Tried to start aidl service activity as a lazy service, but was unable to. Usually this happens when a service is not installed, but if the service is intended to be used as a lazy service, then it may be configured incorrectly.
[ 1026.279683][  T411] servicemanager: Caller(pid=694,uid=1041,sid=u:r:audioserver:s0) Since 'activity' could not be found trying to start it as a lazy AIDL service. (if it's not configured to be a lazy service, it may be stuck starting or still starting).
[ 1026.942002][    T1] init: Control message: Could not find 'aidl/activity' for ctl.interface_start from pid: 411 (/system/bin/servicemanager)
[ 1027.243053][ T1125] servicemanager: Caller(pid=694,uid=1041,sid=u:r:audioserver:s0) Tried to start aidl service activity as a lazy service, but was unable to. Usually this happens when a service is not installed, but if the service is intended to be used as a lazy service, then it may be configured incorrectly.
[ 1028.554196][  T411] servicemanager: Caller(pid=694,uid=1041,sid=u:r:audioserver:s0) Since 'activity' could not be found trying to start it as a lazy AIDL service. (if it's not configured to be a lazy service, it may be stuck starting or still starting).
[ 1029.244264][    T1] init: Control message: Could not find 'aidl/activity' for ctl.interface_start from pid: 411 (/system/bin/servicemanager)
[ 1029.494751][ T1128] servicemanager: Caller(pid=694,uid=1041,sid=u:r:audioserver:s0) Tried to start aidl service activity as a lazy service, but was unable to. Usually this happens when a service is not installed, but if the service is intended to be used as a lazy service, then it may be configured incorrectly.
[ 1030.384006][  T411] servicemanager: Caller(pid=694,uid=1041,sid=u:r:audioserver:s0) Since 'activity' could not be found trying to start it as a lazy AIDL service. (if it's not configured to be a lazy service, it may be stuck starting or still starting).
[ 1030.810285][    T1] init: Control message: Could not find 'aidl/activity' for ctl.interface_start from pid: 411 (/system/bin/servicemanager)
[ 1030.939048][ T1129] servicemanager: Caller(pid=694,uid=1041,sid=u:r:audioserver:s0) Tried to start aidl service activity as a lazy service, but was unable to. Usually this happens when a service is not installed, but if the service is intended to be used as a lazy service, then it may be configured incorrectly.
[ 1031.695881][  T411] servicemanager: Caller(pid=694,uid=1041,sid=u:r:audioserver:s0) Since 'activity' could not be found trying to start it as a lazy AIDL service. (if it's not configured to be a lazy service, it may be stuck starting or still starting).
[ 1031.986772][    T1] init: Untracked process (pid: 1126 name: (sh) ppid: 1 pgrp: 1115 state: Z) received SIGHUP
[ 1031.996871][    T1] init: Untracked process (pid: 1126 name: (sh) ppid: 1 pgrp: 1115 state: Z) did not have an associated service entry and will not be reaped
[ 1032.037114][    T1] init: Control message: Could not find 'aidl/activity' for ctl.interface_start from pid: 411 (/system/bin/servicemanager)
[ 1032.177111][ T1130] servicemanager: Caller(pid=694,uid=1041,sid=u:r:audioserver:s0) Tried to start aidl service activity as a lazy service, but was unable to. Usually this happens when a service is not installed, but if the service is intended to be used as a lazy service, then it may be configured incorrectly.
[ 1033.141069][  T411] servicemanager: Caller(pid=694,uid=1041,sid=u:r:audioserver:s0) Since 'activity' could not be found trying to start it as a lazy AIDL service. (if it's not configured to be a lazy service, it may be stuck starting or still starting).
[ 1033.627228][    T1] init: Control message: Could not find 'aidl/activity' for ctl.interface_start from pid: 411 (/system/bin/servicemanager)
[ 1033.724015][ T1131] servicemanager: Caller(pid=694,uid=1041,sid=u:r:audioserver:s0) Tried to start aidl service activity as a lazy service, but was unable to. Usually this happens when a service is not installed, but if the service is intended to be used as a lazy service, then it may be configured incorrectly.
[ 1033.739296][  T411] servicemanager: Caller(pid=829,uid=1013,sid=u:r:mediaserver:s0) Since 'media.codeclist.generator' could not be found trying to start it as a lazy AIDL service. (if it's not configured to be a lazy service, it may be stuck starting or still starting).
[ 1033.873354][    T1] init: starting service 'media.codeclist.generator'...
[ 1034.445078][  T411] servicemanager: Caller(pid=694,uid=1041,sid=u:r:audioserver:s0) Since 'activity' could not be found trying to start it as a lazy AIDL service. (if it's not configured to be a lazy service, it may be stuck starting or still starting).
[ 1034.953855][  T411] servicemanager: Caller(pid=829,uid=1013,sid=u:r:mediaserver:s0) Since 'media.codeclist.generator' could not be found trying to start it as a lazy AIDL service. (if it's not configured to be a lazy service, it may be stuck starting or still starting).
[ 1034.962901][    T1] libprocessgroup: Created cgroup /sys/fs/cgroup/system/uid_1013/pid_1139
[ 1035.108294][  T411] servicemanager: Caller(pid=847,uid=1003,sid=u:r:bootanim:s0) Found android.hardware.graphics.allocator.IAllocator/default in device VINTF manifest.
[ 1035.884115][  T411] servicemanager: Caller(pid=694,uid=1041,sid=u:r:audioserver:s0) Since 'activity' could not be found trying to start it as a lazy AIDL service. (if it's not configured to be a lazy service, it may be stuck starting or still starting).
[ 1036.254927][  T411] servicemanager: Caller(pid=829,uid=1013,sid=u:r:mediaserver:s0) Since 'media.codeclist.generator' could not be found trying to start it as a lazy AIDL service. (if it's not configured to be a lazy service, it may be stuck starting or still starting).
[ 1036.449957][  T411] servicemanager: Caller(pid=847,uid=1003,sid=u:r:bootanim:s0) Found android.hardware.graphics.allocator.IAllocator/default in device VINTF manifest.
[ 1036.621254][    T1] init: ... started service 'media.codeclist.generator' has pid 1139
[ 1036.659194][    T1] init: Control message: Processed ctl.interface_start for 'aidl/media.codeclist.generator' from pid: 411 (/system/bin/servicemanager)
[ 1037.057940][  T411] servicemanager: Caller(pid=847,uid=1003,sid=u:r:bootanim:s0) Found mapper/minigbm in device VINTF manifest.
[ 1037.441346][  T411] servicemanager: Caller(pid=829,uid=1013,sid=u:r:mediaserver:s0) Since 'media.codeclist.generator' could not be found trying to start it as a lazy AIDL service. (if it's not configured to be a lazy service, it may be stuck starting or still starting).
[ 1037.718836][    T1] init: Control message: Could not find 'aidl/activity' for ctl.interface_start from pid: 411 (/system/bin/servicemanager)
[ 1038.052035][  T411] servicemanager: Caller(pid=694,uid=1041,sid=u:r:audioserver:s0) Since 'activity' could not be found trying to start it as a lazy AIDL service. (if it's not configured to be a lazy service, it may be stuck starting or still starting).
[ 1038.951868][ T1138] servicemanager: Caller(pid=694,uid=1041,sid=u:r:audioserver:s0) Tried to start aidl service activity as a lazy service, but was unable to. Usually this happens when a service is not installed, but if the service is intended to be used as a lazy service, then it may be configured incorrectly.
[ 1039.462487][    T1] init: service 'media.codeclist.generator' requested start, but it is already running (flags: 134, pid: 1139, started 4561ms ago)
[ 1039.529711][  T411] servicemanager: Caller(pid=829,uid=1013,sid=u:r:mediaserver:s0) Since 'media.codeclist.generator' could not be found trying to start it as a lazy AIDL service. (if it's not configured to be a lazy service, it may be stuck starting or still starting).
[ 1039.618328][    T1] init: Control message: Processed ctl.interface_start for 'aidl/media.codeclist.generator' from pid: 411 (/system/bin/servicemanager)
[ 1039.708230][    T1] init: Control message: Could not find 'aidl/activity' for ctl.interface_start from pid: 411 (/system/bin/servicemanager)
[ 1039.749911][    T1] init: service 'media.codeclist.generator' requested start, but it is already running (flags: 134, pid: 1139, started 4918ms ago)
[ 1039.793766][ T1144] servicemanager: Caller(pid=694,uid=1041,sid=u:r:audioserver:s0) Tried to start aidl service activity as a lazy service, but was unable to. Usually this happens when a service is not installed, but if the service is intended to be used as a lazy service, then it may be configured incorrectly.
[ 1039.864410][    T1] init: Control message: Processed ctl.interface_start for 'aidl/media.codeclist.generator' from pid: 411 (/system/bin/servicemanager)
[ 1039.893399][    T1] init: service 'media.codeclist.generator' requested start, but it is already running (flags: 134, pid: 1139, started 5062ms ago)
[ 1039.906735][    T1] init: Control message: Processed ctl.interface_start for 'aidl/media.codeclist.generator' from pid: 411 (/system/bin/servicemanager)
[ 1039.987599][    T1] init: Control message: Could not find 'aidl/activity' for ctl.interface_start from pid: 411 (/system/bin/servicemanager)
[ 1040.012256][    T1] init: service 'media.codeclist.generator' requested start, but it is already running (flags: 134, pid: 1139, started 5180ms ago)
[ 1040.024636][ T1148] servicemanager: Caller(pid=694,uid=1041,sid=u:r:audioserver:s0) Tried to start aidl service activity as a lazy service, but was unable to. Usually this happens when a service is not installed, but if the service is intended to be used as a lazy service, then it may be configured incorrectly.
[ 1040.034622][    T1] init: Control message: Processed ctl.interface_start for 'aidl/media.codeclist.generator' from pid: 411 (/system/bin/servicemanager)
[ 1040.104228][  T411] servicemanager: Caller(pid=694,uid=1041,sid=u:r:audioserver:s0) Since 'activity' could not be found trying to start it as a lazy AIDL service. (if it's not configured to be a lazy service, it may be stuck starting or still starting).
[ 1040.160569][    T1] init: Control message: Could not find 'aidl/activity' for ctl.interface_start from pid: 411 (/system/bin/servicemanager)
[ 1040.186199][ T1151] servicemanager: Caller(pid=694,uid=1041,sid=u:r:audioserver:s0) Tried to start aidl service activity as a lazy service, but was unable to. Usually this happens when a service is not installed, but if the service is intended to be used as a lazy service, then it may be configured incorrectly.
[ 1040.776621][  T411] servicemanager: Caller(pid=829,uid=1013,sid=u:r:mediaserver:s0) Since 'media.codeclist.generator' could not be found trying to start it as a lazy AIDL service. (if it's not configured to be a lazy service, it may be stuck starting or still starting).
[ 1041.477259][    T1] init: service 'media.codeclist.generator' requested start, but it is already running (flags: 134, pid: 1139, started 6588ms ago)
[ 1041.611126][    T1] init: Control message: Processed ctl.interface_start for 'aidl/media.codeclist.generator' from pid: 411 (/system/bin/servicemanager)
[ 1041.614832][  T411] servicemanager: Caller(pid=694,uid=1041,sid=u:r:audioserver:s0) Since 'activity' could not be found trying to start it as a lazy AIDL service. (if it's not configured to be a lazy service, it may be stuck starting or still starting).
[ 1041.898090][    T1] init: Control message: Could not find 'aidl/activity' for ctl.interface_start from pid: 411 (/system/bin/servicemanager)
[ 1041.961331][ T1154] servicemanager: Caller(pid=694,uid=1041,sid=u:r:audioserver:s0) Tried to start aidl service activity as a lazy service, but was unable to. Usually this happens when a service is not installed, but if the service is intended to be used as a lazy service, then it may be configured incorrectly.
[ 1042.570355][  T411] servicemanager: Caller(pid=829,uid=1013,sid=u:r:mediaserver:s0) Since 'media.codeclist.generator' could not be found trying to start it as a lazy AIDL service. (if it's not configured to be a lazy service, it may be stuck starting or still starting).
[ 1043.133837][    T1] init: service 'media.codeclist.generator' requested start, but it is already running (flags: 134, pid: 1139, started 8244ms ago)
[ 1043.173234][    T1] init: Control message: Processed ctl.interface_start for 'aidl/media.codeclist.generator' from pid: 411 (/system/bin/servicemanager)
[ 1043.183060][  T411] servicemanager: Caller(pid=694,uid=1041,sid=u:r:audioserver:s0) Since 'activity' could not be found trying to start it as a lazy AIDL service. (if it's not configured to be a lazy service, it may be stuck starting or still starting).
[ 1044.031697][    T1] init: Control message: Could not find 'aidl/activity' for ctl.interface_start from pid: 411 (/system/bin/servicemanager)
[ 1044.324985][ T1159] servicemanager: Caller(pid=694,uid=1041,sid=u:r:audioserver:s0) Tried to start aidl service activity as a lazy service, but was unable to. Usually this happens when a service is not installed, but if the service is intended to be used as a lazy service, then it may be configured incorrectly.
[ 1044.548961][  T411] servicemanager: Caller(pid=829,uid=1013,sid=u:r:mediaserver:s0) Since 'media.codeclist.generator' could not be found trying to start it as a lazy AIDL service. (if it's not configured to be a lazy service, it may be stuck starting or still starting).
[ 1045.249118][  T411] servicemanager: Caller(pid=694,uid=1041,sid=u:r:audioserver:s0) Since 'activity' could not be found trying to start it as a lazy AIDL service. (if it's not configured to be a lazy service, it may be stuck starting or still starting).
[ 1045.417102][    T1] init: service 'media.codeclist.generator' requested start, but it is already running (flags: 134, pid: 1139, started 10581ms ago)
[ 1045.507985][    T1] init: Control message: Processed ctl.interface_start for 'aidl/media.codeclist.generator' from pid: 411 (/system/bin/servicemanager)
[ 1046.866593][    T1] init: Control message: Could not find 'aidl/activity' for ctl.interface_start from pid: 411 (/system/bin/servicemanager)
[ 1047.136927][ T1161] servicemanager: Caller(pid=694,uid=1041,sid=u:r:audioserver:s0) Tried to start aidl service activity as a lazy service, but was unable to. Usually this happens when a service is not installed, but if the service is intended to be used as a lazy service, then it may be configured incorrectly.
[ 1047.813669][  T411] servicemanager: Caller(pid=829,uid=1013,sid=u:r:mediaserver:s0) Since 'media.codeclist.generator' could not be found trying to start it as a lazy AIDL service. (if it's not configured to be a lazy service, it may be stuck starting or still starting).
[ 1047.999673][  T411] servicemanager: Caller(pid=694,uid=1041,sid=u:r:audioserver:s0) Since 'activity' could not be found trying to start it as a lazy AIDL service. (if it's not configured to be a lazy service, it may be stuck starting or still starting).
[ 1048.011755][    T1] init: Untracked process (pid: 1158 name: (sh) ppid: 1 pgrp: 1146 state: Z) received SIGHUP
[ 1048.164019][    T1] init: Untracked process (pid: 1158 name: (sh) ppid: 1 pgrp: 1146 state: Z) did not have an associated service entry and will not be reaped
[ 1048.510795][    T1] init: Control message: Could not find 'aidl/activity' for ctl.interface_start from pid: 411 (/system/bin/servicemanager)
[ 1048.717128][ T1163] servicemanager: Caller(pid=694,uid=1041,sid=u:r:audioserver:s0) Tried to start aidl service activity as a lazy service, but was unable to. Usually this happens when a service is not installed, but if the service is intended to be used as a lazy service, then it may be configured incorrectly.
[ 1049.343312][    T1] init: service 'media.codeclist.generator' requested start, but it is already running (flags: 134, pid: 1139, started 14447ms ago)
[ 1049.494764][    T1] init: Control message: Processed ctl.interface_start for 'aidl/media.codeclist.generator' from pid: 411 (/system/bin/servicemanager)
[ 1049.538566][  T411] servicemanager: Caller(pid=829,uid=1013,sid=u:r:mediaserver:s0) Since 'media.codeclist.generator' could not be found trying to start it as a lazy AIDL service. (if it's not configured to be a lazy service, it may be stuck starting or still starting).
[ 1049.682859][  T411] servicemanager: Caller(pid=694,uid=1041,sid=u:r:audioserver:s0) Since 'activity' could not be found trying to start it as a lazy AIDL service. (if it's not configured to be a lazy service, it may be stuck starting or still starting).
[ 1049.952808][    T1] init: service 'media.codeclist.generator' requested start, but it is already running (flags: 134, pid: 1139, started 15095ms ago)
[ 1049.986278][    T1] init: Control message: Processed ctl.interface_start for 'aidl/media.codeclist.generator' from pid: 411 (/system/bin/servicemanager)
[ 1050.186704][    T1] init: Control message: Could not find 'aidl/activity' for ctl.interface_start from pid: 411 (/system/bin/servicemanager)
[ 1050.287789][ T1165] servicemanager: Caller(pid=694,uid=1041,sid=u:r:audioserver:s0) Tried to start aidl service activity as a lazy service, but was unable to. Usually this happens when a service is not installed, but if the service is intended to be used as a lazy service, then it may be configured incorrectly.
[ 1050.922249][  T411] servicemanager: Caller(pid=829,uid=1013,sid=u:r:mediaserver:s0) Since 'media.codeclist.generator' could not be found trying to start it as a lazy AIDL service. (if it's not configured to be a lazy service, it may be stuck starting or still starting).
[ 1051.020233][  T411] servicemanager: Caller(pid=694,uid=1041,sid=u:r:audioserver:s0) Since 'activity' could not be found trying to start it as a lazy AIDL service. (if it's not configured to be a lazy service, it may be stuck starting or still starting).
[ 1051.147058][    T1] init: service 'media.codeclist.generator' requested start, but it is already running (flags: 134, pid: 1139, started 16288ms ago)
[ 1051.179127][    T1] init: Control message: Processed ctl.interface_start for 'aidl/media.codeclist.generator' from pid: 411 (/system/bin/servicemanager)
[ 1051.366758][    T1] init: Control message: Could not find 'aidl/activity' for ctl.interface_start from pid: 411 (/system/bin/servicemanager)
[ 1051.389106][ T1168] servicemanager: Caller(pid=694,uid=1041,sid=u:r:audioserver:s0) Tried to start aidl service activity as a lazy service, but was unable to. Usually this happens when a service is not installed, but if the service is intended to be used as a lazy service, then it may be configured incorrectly.
[ 1052.191644][  T411] servicemanager: Caller(pid=829,uid=1013,sid=u:r:mediaserver:s0) Since 'media.codeclist.generator' could not be found trying to start it as a lazy AIDL service. (if it's not configured to be a lazy service, it may be stuck starting or still starting).
[ 1052.287767][  T411] servicemanager: Caller(pid=694,uid=1041,sid=u:r:audioserver:s0) Since 'activity' could not be found trying to start it as a lazy AIDL service. (if it's not configured to be a lazy service, it may be stuck starting or still starting).
[ 1052.493564][    T1] init: service 'media.codeclist.generator' requested start, but it is already running (flags: 134, pid: 1139, started 17611ms ago)
[ 1052.508858][    T1] init: Control message: Processed ctl.interface_start for 'aidl/media.codeclist.generator' from pid: 411 (/system/bin/servicemanager)
[ 1052.560152][    T1] init: Control message: Could not find 'aidl/activity' for ctl.interface_start from pid: 411 (/system/bin/servicemanager)
[ 1052.573741][ T1173] servicemanager: Caller(pid=694,uid=1041,sid=u:r:audioserver:s0) Tried to start aidl service activity as a lazy service, but was unable to. Usually this happens when a service is not installed, but if the service is intended to be used as a lazy service, then it may be configured incorrectly.
[ 1054.026041][  T411] servicemanager: Caller(pid=829,uid=1013,sid=u:r:mediaserver:s0) Since 'media.codeclist.generator' could not be found trying to start it as a lazy AIDL service. (if it's not configured to be a lazy service, it may be stuck starting or still starting).
[ 1054.654881][    T1] init: service 'media.codeclist.generator' requested start, but it is already running (flags: 134, pid: 1139, started 19797ms ago)
[ 1054.670187][    T1] init: Control message: Processed ctl.interface_start for 'aidl/media.codeclist.generator' from pid: 411 (/system/bin/servicemanager)
[ 1054.675334][  T411] servicemanager: Caller(pid=694,uid=1041,sid=u:r:audioserver:s0) Since 'activity' could not be found trying to start it as a lazy AIDL service. (if it's not configured to be a lazy service, it may be stuck starting or still starting).
[ 1054.860919][    T1] init: Control message: Could not find 'aidl/activity' for ctl.interface_start from pid: 411 (/system/bin/servicemanager)
[ 1054.911033][ T1177] servicemanager: Caller(pid=694,uid=1041,sid=u:r:audioserver:s0) Tried to start aidl service activity as a lazy service, but was unable to. Usually this happens when a service is not installed, but if the service is intended to be used as a lazy service, then it may be configured incorrectly.
[ 1055.844026][  T411] servicemanager: Caller(pid=829,uid=1013,sid=u:r:mediaserver:s0) Since 'media.codeclist.generator' could not be found trying to start it as a lazy AIDL service. (if it's not configured to be a lazy service, it may be stuck starting or still starting).
[ 1056.148127][    T1] init: service 'media.codeclist.generator' requested start, but it is already running (flags: 134, pid: 1139, started 21272ms ago)
[ 1056.164738][    T1] init: Control message: Processed ctl.interface_start for 'aidl/media.codeclist.generator' from pid: 411 (/system/bin/servicemanager)
[ 1056.206341][  T411] servicemanager: Caller(pid=694,uid=1041,sid=u:r:audioserver:s0) Since 'activity' could not be found trying to start it as a lazy AIDL service. (if it's not configured to be a lazy service, it may be stuck starting or still starting).
[ 1056.460192][    T1] init: Control message: Could not find 'aidl/activity' for ctl.interface_start from pid: 411 (/system/bin/servicemanager)
[ 1056.516875][ T1180] servicemanager: Caller(pid=694,uid=1041,sid=u:r:audioserver:s0) Tried to start aidl service activity as a lazy service, but was unable to. Usually this happens when a service is not installed, but if the service is intended to be used as a lazy service, then it may be configured incorrectly.
[ 1057.509775][  T411] servicemanager: Caller(pid=829,uid=1013,sid=u:r:mediaserver:s0) Since 'media.codeclist.generator' could not be found trying to start it as a lazy AIDL service. (if it's not configured to be a lazy service, it may be stuck starting or still starting).
[ 1058.602603][    T1] init: service 'media.codeclist.generator' requested start, but it is already running (flags: 134, pid: 1139, started 23743ms ago)
[ 1058.639785][    T1] init: Control message: Processed ctl.interface_start for 'aidl/media.codeclist.generator' from pid: 411 (/system/bin/servicemanager)
[ 1059.724717][  T411] servicemanager: Caller(pid=694,uid=1041,sid=u:r:audioserver:s0) Since 'activity' could not be found trying to start it as a lazy AIDL service. (if it's not configured to be a lazy service, it may be stuck starting or still starting).
[ 1060.861024][    T1] init: Control message: Could not find 'aidl/activity' for ctl.interface_start from pid: 411 (/system/bin/servicemanager)
[ 1061.039930][ T1183] servicemanager: Caller(pid=694,uid=1041,sid=u:r:audioserver:s0) Tried to start aidl service activity as a lazy service, but was unable to. Usually this happens when a service is not installed, but if the service is intended to be used as a lazy service, then it may be configured incorrectly.
[ 1061.539817][  T411] servicemanager: Caller(pid=829,uid=1013,sid=u:r:mediaserver:s0) Since 'media.codeclist.generator' could not be found trying to start it as a lazy AIDL service. (if it's not configured to be a lazy service, it may be stuck starting or still starting).
[ 1061.799214][    T1] init: service 'media.codeclist.generator' requested start, but it is already running (flags: 134, pid: 1139, started 26951ms ago)
[ 1061.809172][    T1] init: Control message: Processed ctl.interface_start for 'aidl/media.codeclist.generator' from pid: 411 (/system/bin/servicemanager)
[ 1062.000956][  T411] servicemanager: Caller(pid=694,uid=1041,sid=u:r:audioserver:s0) Since 'activity' could not be found trying to start it as a lazy AIDL service. (if it's not configured to be a lazy service, it may be stuck starting or still starting).
[ 1062.492928][    T1] init: Control message: Could not find 'aidl/activity' for ctl.interface_start from pid: 411 (/system/bin/servicemanager)
[ 1062.839041][ T1185] servicemanager: Caller(pid=694,uid=1041,sid=u:r:audioserver:s0) Tried to start aidl service activity as a lazy service, but was unable to. Usually this happens when a service is not installed, but if the service is intended to be used as a lazy service, then it may be configured incorrectly.
[ 1062.882327][    T1] init: Untracked process (pid: 1182 name: (sh) ppid: 1 pgrp: 1166 state: Z) received SIGHUP
[ 1062.898898][    T1] init: Untracked process (pid: 1182 name: (sh) ppid: 1 pgrp: 1166 state: Z) did not have an associated service entry and will not be reaped
[ 1062.944835][  T411] servicemanager: Caller(pid=829,uid=1013,sid=u:r:mediaserver:s0) Since 'media.codeclist.generator' could not be found trying to start it as a lazy AIDL service. (if it's not configured to be a lazy service, it may be stuck starting or still starting).
[ 1063.009650][    T1] init: service 'media.codeclist.generator' requested start, but it is already running (flags: 134, pid: 1139, started 28178ms ago)
[ 1063.020006][    T1] init: Control message: Processed ctl.interface_start for 'aidl/media.codeclist.generator' from pid: 411 (/system/bin/servicemanager)
[ 1063.804119][  T411] servicemanager: Caller(pid=694,uid=1041,sid=u:r:audioserver:s0) Since 'activity' could not be found trying to start it as a lazy AIDL service. (if it's not configured to be a lazy service, it may be stuck starting or still starting).
[ 1064.433119][  T411] servicemanager: Caller(pid=829,uid=1013,sid=u:r:mediaserver:s0) Since 'media.codeclist.generator' could not be found trying to start it as a lazy AIDL service. (if it's not configured to be a lazy service, it may be stuck starting or still starting).
[ 1064.523094][    T1] init: Control message: Could not find 'aidl/activity' for ctl.interface_start from pid: 411 (/system/bin/servicemanager)
[ 1065.031240][ T1187] servicemanager: Caller(pid=694,uid=1041,sid=u:r:audioserver:s0) Tried to start aidl service activity as a lazy service, but was unable to. Usually this happens when a service is not installed, but if the service is intended to be used as a lazy service, then it may be configured incorrectly.
[ 1065.407019][  T411] servicemanager: Caller(pid=694,uid=1041,sid=u:r:audioserver:s0) Since 'activity' could not be found trying to start it as a lazy AIDL service. (if it's not configured to be a lazy service, it may be stuck starting or still starting).
[ 1065.416608][    T1] init: service 'media.codeclist.generator' requested start, but it is already running (flags: 134, pid: 1139, started 30555ms ago)
[ 1065.455812][    T1] init: Control message: Processed ctl.interface_start for 'aidl/media.codeclist.generator' from pid: 411 (/system/bin/servicemanager)
[ 1066.302818][  T411] servicemanager: Caller(pid=829,uid=1013,sid=u:r:mediaserver:s0) Since 'media.codeclist.generator' could not be found trying to start it as a lazy AIDL service. (if it's not configured to be a lazy service, it may be stuck starting or still starting).
[ 1066.337785][    T1] init: Control message: Could not find 'aidl/activity' for ctl.interface_start from pid: 411 (/system/bin/servicemanager)
[ 1066.514263][ T1191] servicemanager: Caller(pid=694,uid=1041,sid=u:r:audioserver:s0) Tried to start aidl service activity as a lazy service, but was unable to. Usually this happens when a service is not installed, but if the service is intended to be used as a lazy service, then it may be configured incorrectly.
[ 1067.151625][  T411] servicemanager: Caller(pid=694,uid=1041,sid=u:r:audioserver:s0) Since 'activity' could not be found trying to start it as a lazy AIDL service. (if it's not configured to be a lazy service, it may be stuck starting or still starting).
[ 1067.345526][    T1] init: service 'media.codeclist.generator' requested start, but it is already running (flags: 134, pid: 1139, started 32491ms ago)
[ 1067.372888][    T1] init: Control message: Processed ctl.interface_start for 'aidl/media.codeclist.generator' from pid: 411 (/system/bin/servicemanager)
[ 1068.094444][    T1] init: Control message: Could not find 'aidl/activity' for ctl.interface_start from pid: 411 (/system/bin/servicemanager)
[ 1068.108140][  T411] servicemanager: Caller(pid=829,uid=1013,sid=u:r:mediaserver:s0) Since 'media.codeclist.generator' could not be found trying to start it as a lazy AIDL service. (if it's not configured to be a lazy service, it may be stuck starting or still starting).
[ 1068.122858][ T1194] servicemanager: Caller(pid=694,uid=1041,sid=u:r:audioserver:s0) Tried to start aidl service activity as a lazy service, but was unable to. Usually this happens when a service is not installed, but if the service is intended to be used as a lazy service, then it may be configured incorrectly.
[ 1068.450521][    T1] init: service 'media.codeclist.generator' requested start, but it is already running (flags: 134, pid: 1139, started 33608ms ago)
[ 1068.496232][    T1] init: Control message: Processed ctl.interface_start for 'aidl/media.codeclist.generator' from pid: 411 (/system/bin/servicemanager)
[ 1069.193316][  T411] servicemanager: Caller(pid=694,uid=1041,sid=u:r:audioserver:s0) Since 'activity' could not be found trying to start it as a lazy AIDL service. (if it's not configured to be a lazy service, it may be stuck starting or still starting).
[ 1069.324439][  T411] servicemanager: Caller(pid=829,uid=1013,sid=u:r:mediaserver:s0) Since 'media.codeclist.generator' could not be found trying to start it as a lazy AIDL service. (if it's not configured to be a lazy service, it may be stuck starting or still starting).
[ 1069.499586][    T1] init: Control message: Could not find 'aidl/activity' for ctl.interface_start from pid: 411 (/system/bin/servicemanager)
[ 1069.566792][ T1197] servicemanager: Caller(pid=694,uid=1041,sid=u:r:audioserver:s0) Tried to start aidl service activity as a lazy service, but was unable to. Usually this happens when a service is not installed, but if the service is intended to be used as a lazy service, then it may be configured incorrectly.
[ 1069.599669][    T1] init: service 'media.codeclist.generator' requested start, but it is already running (flags: 134, pid: 1139, started 34765ms ago)
[ 1069.611008][    T1] init: Control message: Processed ctl.interface_start for 'aidl/media.codeclist.generator' from pid: 411 (/system/bin/servicemanager)
[ 1070.472480][  T411] servicemanager: Caller(pid=694,uid=1041,sid=u:r:audioserver:s0) Since 'activity' could not be found trying to start it as a lazy AIDL service. (if it's not configured to be a lazy service, it may be stuck starting or still starting).
[ 1070.859924][  T411] servicemanager: Caller(pid=829,uid=1013,sid=u:r:mediaserver:s0) Since 'media.codeclist.generator' could not be found trying to start it as a lazy AIDL service. (if it's not configured to be a lazy service, it may be stuck starting or still starting).
[ 1070.864985][    T1] init: Control message: Could not find 'aidl/activity' for ctl.interface_start from pid: 411 (/system/bin/servicemanager)
[ 1070.926456][ T1201] servicemanager: Caller(pid=694,uid=1041,sid=u:r:audioserver:s0) Tried to start aidl service activity as a lazy service, but was unable to. Usually this happens when a service is not installed, but if the service is intended to be used as a lazy service, then it may be configured incorrectly.
[ 1071.003870][    T1] init: service 'media.codeclist.generator' requested start, but it is already running (flags: 134, pid: 1139, started 36155ms ago)
[ 1071.036954][    T1] init: Control message: Processed ctl.interface_start for 'aidl/media.codeclist.generator' from pid: 411 (/system/bin/servicemanager)
[ 1071.872861][  T411] servicemanager: Caller(pid=694,uid=1041,sid=u:r:audioserver:s0) Since 'activity' could not be found trying to start it as a lazy AIDL service. (if it's not configured to be a lazy service, it may be stuck starting or still starting).
[ 1072.179742][  T411] servicemanager: Caller(pid=829,uid=1013,sid=u:r:mediaserver:s0) Since 'media.codeclist.generator' could not be found trying to start it as a lazy AIDL service. (if it's not configured to be a lazy service, it may be stuck starting or still starting).
[ 1072.224680][    T1] init: Control message: Could not find 'aidl/activity' for ctl.interface_start from pid: 411 (/system/bin/servicemanager)
[ 1072.248940][ T1204] servicemanager: Caller(pid=694,uid=1041,sid=u:r:audioserver:s0) Tried to start aidl service activity as a lazy service, but was unable to. Usually this happens when a service is not installed, but if the service is intended to be used as a lazy service, then it may be configured incorrectly.
[ 1072.412688][    T1] init: service 'media.codeclist.generator' requested start, but it is already running (flags: 134, pid: 1139, started 37566ms ago)
[ 1072.437867][    T1] init: Control message: Processed ctl.interface_start for 'aidl/media.codeclist.generator' from pid: 411 (/system/bin/servicemanager)
[ 1073.443236][  T411] servicemanager: Caller(pid=694,uid=1041,sid=u:r:audioserver:s0) Since 'activity' could not be found trying to start it as a lazy AIDL service. (if it's not configured to be a lazy service, it may be stuck starting or still starting).
[ 1073.722766][  T411] servicemanager: Caller(pid=829,uid=1013,sid=u:r:mediaserver:s0) Since 'media.codeclist.generator' could not be found trying to start it as a lazy AIDL service. (if it's not configured to be a lazy service, it may be stuck starting or still starting).
[ 1074.017075][    T1] init: Control message: Could not find 'aidl/activity' for ctl.interface_start from pid: 411 (/system/bin/servicemanager)
[ 1074.091893][ T1207] servicemanager: Caller(pid=694,uid=1041,sid=u:r:audioserver:s0) Tried to start aidl service activity as a lazy service, but was unable to. Usually this happens when a service is not installed, but if the service is intended to be used as a lazy service, then it may be configured incorrectly.
[ 1074.138237][    T1] init: service 'media.codeclist.generator' requested start, but it is already running (flags: 134, pid: 1139, started 39306ms ago)
[ 1074.184893][    T1] init: Control message: Processed ctl.interface_start for 'aidl/media.codeclist.generator' from pid: 411 (/system/bin/servicemanager)
[ 1075.272304][  T411] servicemanager: Caller(pid=694,uid=1041,sid=u:r:audioserver:s0) Since 'activity' could not be found trying to start it as a lazy AIDL service. (if it's not configured to be a lazy service, it may be stuck starting or still starting).
[ 1075.347089][  T411] servicemanager: Caller(pid=829,uid=1013,sid=u:r:mediaserver:s0) Since 'media.codeclist.generator' could not be found trying to start it as a lazy AIDL service. (if it's not configured to be a lazy service, it may be stuck starting or still starting).
[ 1075.835934][    T1] init: Control message: Could not find 'aidl/activity' for ctl.interface_start from pid: 411 (/system/bin/servicemanager)
[ 1075.978279][ T1209] servicemanager: Caller(pid=694,uid=1041,sid=u:r:audioserver:s0) Tried to start aidl service activity as a lazy service, but was unable to. Usually this happens when a service is not installed, but if the service is intended to be used as a lazy service, then it may be configured incorrectly.
[ 1076.049201][    T1] init: service 'media.codeclist.generator' requested start, but it is already running (flags: 134, pid: 1139, started 41209ms ago)
[ 1076.111097][    T1] init: Control message: Processed ctl.interface_start for 'aidl/media.codeclist.generator' from pid: 411 (/system/bin/servicemanager)
[ 1076.546061][  T411] servicemanager: Caller(pid=829,uid=1013,sid=u:r:mediaserver:s0) Since 'media.codeclist.generator' could not be found trying to start it as a lazy AIDL service. (if it's not configured to be a lazy service, it may be stuck starting or still starting).
[ 1076.722881][  T411] servicemanager: Caller(pid=694,uid=1041,sid=u:r:audioserver:s0) Since 'activity' could not be found trying to start it as a lazy AIDL service. (if it's not configured to be a lazy service, it may be stuck starting or still starting).
[ 1076.929062][    T1] init: service 'media.codeclist.generator' requested start, but it is already running (flags: 134, pid: 1139, started 42073ms ago)
[ 1076.941762][    T1] init: Control message: Processed ctl.interface_start for 'aidl/media.codeclist.generator' from pid: 411 (/system/bin/servicemanager)
[ 1077.237896][    T1] init: Control message: Could not find 'aidl/activity' for ctl.interface_start from pid: 411 (/system/bin/servicemanager)
[ 1077.336315][ T1212] servicemanager: Caller(pid=694,uid=1041,sid=u:r:audioserver:s0) Tried to start aidl service activity as a lazy service, but was unable to. Usually this happens when a service is not installed, but if the service is intended to be used as a lazy service, then it may be configured incorrectly.
[ 1077.814251][  T411] servicemanager: Caller(pid=829,uid=1013,sid=u:r:mediaserver:s0) Since 'media.codeclist.generator' could not be found trying to start it as a lazy AIDL service. (if it's not configured to be a lazy service, it may be stuck starting or still starting).
[ 1077.971202][  T411] servicemanager: Caller(pid=694,uid=1041,sid=u:r:audioserver:s0) Since 'activity' could not be found trying to start it as a lazy AIDL service. (if it's not configured to be a lazy service, it may be stuck starting or still starting).
[ 1078.186933][    T1] init: service 'media.codeclist.generator' requested start, but it is already running (flags: 134, pid: 1139, started 43315ms ago)
[ 1078.327176][    T1] init: Control message: Processed ctl.interface_start for 'aidl/media.codeclist.generator' from pid: 411 (/system/bin/servicemanager)
[ 1078.564290][    T1] init: Control message: Could not find 'aidl/activity' for ctl.interface_start from pid: 411 (/system/bin/servicemanager)
[ 1078.619104][ T1215] servicemanager: Caller(pid=694,uid=1041,sid=u:r:audioserver:s0) Tried to start aidl service activity as a lazy service, but was unable to. Usually this happens when a service is not installed, but if the service is intended to be used as a lazy service, then it may be configured incorrectly.
[ 1078.806754][  T411] servicemanager: Notifying media.codeclist.generator they do (previously: don't) have clients when service is guaranteed to be in use
[ 1079.114696][  T411] libbinder.BpBinder: onLastStrongRef automatically unlinking death recipients for binder (0xb400007e1c216b40) with descriptor: '(not cached)'
[ 1079.486010][  T411] servicemanager: Caller(pid=694,uid=1041,sid=u:r:audioserver:s0) Since 'activity' could not be found trying to start it as a lazy AIDL service. (if it's not configured to be a lazy service, it may be stuck starting or still starting).
[ 1080.163071][    T1] init: Control message: Could not find 'aidl/activity' for ctl.interface_start from pid: 411 (/system/bin/servicemanager)
[ 1080.385270][ T1217] servicemanager: Caller(pid=694,uid=1041,sid=u:r:audioserver:s0) Tried to start aidl service activity as a lazy service, but was unable to. Usually this happens when a service is not installed, but if the service is intended to be used as a lazy service, then it may be configured incorrectly.
[ 1081.099634][  T411] servicemanager: Caller(pid=694,uid=1041,sid=u:r:audioserver:s0) Since 'activity' could not be found trying to start it as a lazy AIDL service. (if it's not configured to be a lazy service, it may be stuck starting or still starting).
[ 1081.741688][    T1] init: Control message: Could not find 'aidl/activity' for ctl.interface_start from pid: 411 (/system/bin/servicemanager)
[ 1082.088898][ T1220] servicemanager: Caller(pid=694,uid=1041,sid=u:r:audioserver:s0) Tried to start aidl service activity as a lazy service, but was unable to. Usually this happens when a service is not installed, but if the service is intended to be used as a lazy service, then it may be configured incorrectly.
[ 1082.669947][  T411] servicemanager: Caller(pid=694,uid=1041,sid=u:r:audioserver:s0) Since 'activity' could not be found trying to start it as a lazy AIDL service. (if it's not configured to be a lazy service, it may be stuck starting or still starting).
[ 1083.651794][    T1] init: Control message: Could not find 'aidl/activity' for ctl.interface_start from pid: 411 (/system/bin/servicemanager)
[ 1083.815613][ T1222] servicemanager: Caller(pid=694,uid=1041,sid=u:r:audioserver:s0) Tried to start aidl service activity as a lazy service, but was unable to. Usually this happens when a service is not installed, but if the service is intended to be used as a lazy service, then it may be configured incorrectly.
[ 1084.019949][  T411] servicemanager: Caller(pid=694,uid=1041,sid=u:r:audioserver:s0) Since 'activity' could not be found trying to start it as a lazy AIDL service. (if it's not configured to be a lazy service, it may be stuck starting or still starting).
[ 1084.384064][    T1] init: Control message: Could not find 'aidl/activity' for ctl.interface_start from pid: 411 (/system/bin/servicemanager)
[ 1084.500669][ T1224] servicemanager: Caller(pid=694,uid=1041,sid=u:r:audioserver:s0) Tried to start aidl service activity as a lazy service, but was unable to. Usually this happens when a service is not installed, but if the service is intended to be used as a lazy service, then it may be configured incorrectly.
[ 1085.950414][  T411] servicemanager: Caller(pid=694,uid=1041,sid=u:r:audioserver:s0) Since 'activity' could not be found trying to start it as a lazy AIDL service. (if it's not configured to be a lazy service, it may be stuck starting or still starting).
[ 1086.801674][    T1] init: Control message: Could not find 'aidl/activity' for ctl.interface_start from pid: 411 (/system/bin/servicemanager)
[ 1087.074942][ T1227] servicemanager: Caller(pid=694,uid=1041,sid=u:r:audioserver:s0) Tried to start aidl service activity as a lazy service, but was unable to. Usually this happens when a service is not installed, but if the service is intended to be used as a lazy service, then it may be configured incorrectly.
[ 1087.862928][  T411] servicemanager: Caller(pid=694,uid=1041,sid=u:r:audioserver:s0) Since 'activity' could not be found trying to start it as a lazy AIDL service. (if it's not configured to be a lazy service, it may be stuck starting or still starting).
[ 1088.592672][    T1] init: Control message: Could not find 'aidl/activity' for ctl.interface_start from pid: 411 (/system/bin/servicemanager)
[ 1089.159290][ T1229] servicemanager: Caller(pid=694,uid=1041,sid=u:r:audioserver:s0) Tried to start aidl service activity as a lazy service, but was unable to. Usually this happens when a service is not installed, but if the service is intended to be used as a lazy service, then it may be configured incorrectly.
[ 1089.239983][  T411] servicemanager: Caller(pid=694,uid=1041,sid=u:r:audioserver:s0) Since 'activity' could not be found trying to start it as a lazy AIDL service. (if it's not configured to be a lazy service, it may be stuck starting or still starting).
[ 1090.419282][    T1] init: Control message: Could not find 'aidl/activity' for ctl.interface_start from pid: 411 (/system/bin/servicemanager)
[ 1090.750280][ T1230] servicemanager: Caller(pid=694,uid=1041,sid=u:r:audioserver:s0) Tried to start aidl service activity as a lazy service, but was unable to. Usually this happens when a service is not installed, but if the service is intended to be used as a lazy service, then it may be configured incorrectly.
[ 1090.888612][  T411] servicemanager: Caller(pid=694,uid=1041,sid=u:r:audioserver:s0) Since 'activity' could not be found trying to start it as a lazy AIDL service. (if it's not configured to be a lazy service, it may be stuck starting or still starting).
[ 1091.488811][    T1] init: Control message: Could not find 'aidl/activity' for ctl.interface_start from pid: 411 (/system/bin/servicemanager)
[ 1091.654981][ T1231] servicemanager: Caller(pid=694,uid=1041,sid=u:r:audioserver:s0) Tried to start aidl service activity as a lazy service, but was unable to. Usually this happens when a service is not installed, but if the service is intended to be used as a lazy service, then it may be configured incorrectly.
[ 1092.996709][  T411] servicemanager: Caller(pid=694,uid=1041,sid=u:r:audioserver:s0) Since 'activity' could not be found trying to start it as a lazy AIDL service. (if it's not configured to be a lazy service, it may be stuck starting or still starting).
[ 1093.689502][  T411] servicemanager: Caller(pid=1139,uid=1013,sid=u:r:mediacodeclist_generator:s0) Found android.hardware.media.c2.IComponentStore/software in framework VINTF manifest.
[ 1093.898918][    T1] init: Control message: Could not find 'aidl/activity' for ctl.interface_start from pid: 411 (/system/bin/servicemanager)
[ 1094.176461][ T1232] servicemanager: Caller(pid=694,uid=1041,sid=u:r:audioserver:s0) Tried to start aidl service activity as a lazy service, but was unable to. Usually this happens when a service is not installed, but if the service is intended to be used as a lazy service, then it may be configured incorrectly.
[ 1095.027850][  T411] servicemanager: Caller(pid=694,uid=1041,sid=u:r:audioserver:s0) Since 'activity' could not be found trying to start it as a lazy AIDL service. (if it's not configured to be a lazy service, it may be stuck starting or still starting).
[ 1095.882517][    T1] init: Control message: Could not find 'aidl/activity' for ctl.interface_start from pid: 411 (/system/bin/servicemanager)
[ 1096.124760][ T1234] servicemanager: Caller(pid=694,uid=1041,sid=u:r:audioserver:s0) Tried to start aidl service activity as a lazy service, but was unable to. Usually this happens when a service is not installed, but if the service is intended to be used as a lazy service, then it may be configured incorrectly.
[ 1096.912431][  T411] servicemanager: Caller(pid=694,uid=1041,sid=u:r:audioserver:s0) Since 'activity' could not be found trying to start it as a lazy AIDL service. (if it's not configured to be a lazy service, it may be stuck starting or still starting).
[ 1097.217627][    T1] init: Control message: Could not find 'aidl/activity' for ctl.interface_start from pid: 411 (/system/bin/servicemanager)
[ 1097.380247][ T1239] servicemanager: Caller(pid=694,uid=1041,sid=u:r:audioserver:s0) Tried to start aidl service activity as a lazy service, but was unable to. Usually this happens when a service is not installed, but if the service is intended to be used as a lazy service, then it may be configured incorrectly.
[ 1098.245146][  T411] servicemanager: Caller(pid=694,uid=1041,sid=u:r:audioserver:s0) Since 'activity' could not be found trying to start it as a lazy AIDL service. (if it's not configured to be a lazy service, it may be stuck starting or still starting).
[ 1098.896611][    T1] init: Control message: Could not find 'aidl/activity' for ctl.interface_start from pid: 411 (/system/bin/servicemanager)
[ 1099.104677][ T1243] servicemanager: Caller(pid=694,uid=1041,sid=u:r:audioserver:s0) Tried to start aidl service activity as a lazy service, but was unable to. Usually this happens when a service is not installed, but if the service is intended to be used as a lazy service, then it may be configured incorrectly.
[ 1100.082094][  T411] servicemanager: Caller(pid=694,uid=1041,sid=u:r:audioserver:s0) Since 'activity' could not be found trying to start it as a lazy AIDL service. (if it's not configured to be a lazy service, it may be stuck starting or still starting).
[ 1101.079634][    T1] init: Control message: Could not find 'aidl/activity' for ctl.interface_start from pid: 411 (/system/bin/servicemanager)
[ 1101.282636][ T1244] servicemanager: Caller(pid=694,uid=1041,sid=u:r:audioserver:s0) Tried to start aidl service activity as a lazy service, but was unable to. Usually this happens when a service is not installed, but if the service is intended to be used as a lazy service, then it may be configured incorrectly.
[ 1101.992552][  T411] servicemanager: Caller(pid=694,uid=1041,sid=u:r:audioserver:s0) Since 'activity' could not be found trying to start it as a lazy AIDL service. (if it's not configured to be a lazy service, it may be stuck starting or still starting).
[ 1103.228850][    T1] init: Control message: Could not find 'aidl/activity' for ctl.interface_start from pid: 411 (/system/bin/servicemanager)
[ 1103.803186][  T411] servicemanager: Caller(pid=694,uid=1041,sid=u:r:audioserver:s0) Since 'activity' could not be found trying to start it as a lazy AIDL service. (if it's not configured to be a lazy service, it may be stuck starting or still starting).
[ 1103.842331][ T1245] servicemanager: Caller(pid=694,uid=1041,sid=u:r:audioserver:s0) Tried to start aidl service activity as a lazy service, but was unable to. Usually this happens when a service is not installed, but if the service is intended to be used as a lazy service, then it may be configured incorrectly.
[ 1104.615536][    T1] init: Control message: Could not find 'aidl/activity' for ctl.interface_start from pid: 411 (/system/bin/servicemanager)
[ 1105.028907][ T1248] servicemanager: Caller(pid=694,uid=1041,sid=u:r:audioserver:s0) Tried to start aidl service activity as a lazy service, but was unable to. Usually this happens when a service is not installed, but if the service is intended to be used as a lazy service, then it may be configured incorrectly.
[ 1105.822158][  T411] servicemanager: Caller(pid=694,uid=1041,sid=u:r:audioserver:s0) Since 'activity' could not be found trying to start it as a lazy AIDL service. (if it's not configured to be a lazy service, it may be stuck starting or still starting).
[ 1106.593569][    T1] init: Control message: Could not find 'aidl/activity' for ctl.interface_start from pid: 411 (/system/bin/servicemanager)
[ 1106.708772][ T1250] servicemanager: Caller(pid=694,uid=1041,sid=u:r:audioserver:s0) Tried to start aidl service activity as a lazy service, but was unable to. Usually this happens when a service is not installed, but if the service is intended to be used as a lazy service, then it may be configured incorrectly.
[ 1107.491623][  T411] servicemanager: Caller(pid=694,uid=1041,sid=u:r:audioserver:s0) Since 'activity' could not be found trying to start it as a lazy AIDL service. (if it's not configured to be a lazy service, it may be stuck starting or still starting).
[ 1108.215156][    T1] init: Control message: Could not find 'aidl/activity' for ctl.interface_start from pid: 411 (/system/bin/servicemanager)
[ 1108.406634][ T1252] servicemanager: Caller(pid=694,uid=1041,sid=u:r:audioserver:s0) Tried to start aidl service activity as a lazy service, but was unable to. Usually this happens when a service is not installed, but if the service is intended to be used as a lazy service, then it may be configured incorrectly.
[ 1109.859099][  T411] servicemanager: Caller(pid=694,uid=1041,sid=u:r:audioserver:s0) Since 'activity' could not be found trying to start it as a lazy AIDL service. (if it's not configured to be a lazy service, it may be stuck starting or still starting).
[ 1110.295053][    T1] init: Control message: Could not find 'aidl/activity' for ctl.interface_start from pid: 411 (/system/bin/servicemanager)
[ 1110.518667][ T1254] servicemanager: Caller(pid=694,uid=1041,sid=u:r:audioserver:s0) Tried to start aidl service activity as a lazy service, but was unable to. Usually this happens when a service is not installed, but if the service is intended to be used as a lazy service, then it may be configured incorrectly.
[ 1111.769617][  T411] servicemanager: Caller(pid=694,uid=1041,sid=u:r:audioserver:s0) Since 'activity' could not be found trying to start it as a lazy AIDL service. (if it's not configured to be a lazy service, it may be stuck starting or still starting).
[ 1112.388048][    T1] init: Control message: Could not find 'aidl/activity' for ctl.interface_start from pid: 411 (/system/bin/servicemanager)
[ 1112.624662][ T1262] servicemanager: Caller(pid=694,uid=1041,sid=u:r:audioserver:s0) Tried to start aidl service activity as a lazy service, but was unable to. Usually this happens when a service is not installed, but if the service is intended to be used as a lazy service, then it may be configured incorrectly.
[ 1113.718098][  T411] servicemanager: Caller(pid=694,uid=1041,sid=u:r:audioserver:s0) Since 'activity' could not be found trying to start it as a lazy AIDL service. (if it's not configured to be a lazy service, it may be stuck starting or still starting).
[ 1114.584111][    T1] init: Control message: Could not find 'aidl/activity' for ctl.interface_start from pid: 411 (/system/bin/servicemanager)
[ 1115.028735][ T1264] servicemanager: Caller(pid=694,uid=1041,sid=u:r:audioserver:s0) Tried to start aidl service activity as a lazy service, but was unable to. Usually this happens when a service is not installed, but if the service is intended to be used as a lazy service, then it may be configured incorrectly.
[ 1116.798615][  T411] servicemanager: Caller(pid=694,uid=1041,sid=u:r:audioserver:s0) Since 'activity' could not be found trying to start it as a lazy AIDL service. (if it's not configured to be a lazy service, it may be stuck starting or still starting).
[ 1117.943075][    T1] init: Control message: Could not find 'aidl/activity' for ctl.interface_start from pid: 411 (/system/bin/servicemanager)
[ 1118.298621][ T1266] servicemanager: Caller(pid=694,uid=1041,sid=u:r:audioserver:s0) Tried to start aidl service activity as a lazy service, but was unable to. Usually this happens when a service is not installed, but if the service is intended to be used as a lazy service, then it may be configured incorrectly.
[ 1118.309546][  T411] servicemanager: Caller(pid=839,uid=1046,sid=u:r:mediaswcodec:s0) Found android.hardware.graphics.allocator.IAllocator/default in device VINTF manifest.
[ 1118.513019][  T411] servicemanager: Caller(pid=694,uid=1041,sid=u:r:audioserver:s0) Since 'activity' could not be found trying to start it as a lazy AIDL service. (if it's not configured to be a lazy service, it may be stuck starting or still starting).
[ 1118.816676][    T1] init: Control message: Could not find 'aidl/activity' for ctl.interface_start from pid: 411 (/system/bin/servicemanager)
[ 1118.854755][ T1267] servicemanager: Caller(pid=694,uid=1041,sid=u:r:audioserver:s0) Tried to start aidl service activity as a lazy service, but was unable to. Usually this happens when a service is not installed, but if the service is intended to be used as a lazy service, then it may be configured incorrectly.
[ 1119.481904][  T411] servicemanager: Caller(pid=839,uid=1046,sid=u:r:mediaswcodec:s0) Found android.hardware.graphics.allocator.IAllocator/default in device VINTF manifest.
[ 1120.121591][  T411] servicemanager: Caller(pid=839,uid=1046,sid=u:r:mediaswcodec:s0) Found mapper/minigbm in device VINTF manifest.
[ 1120.374644][  T411] servicemanager: Caller(pid=694,uid=1041,sid=u:r:audioserver:s0) Since 'activity' could not be found trying to start it as a lazy AIDL service. (if it's not configured to be a lazy service, it may be stuck starting or still starting).
[ 1120.982067][    T1] init: Control message: Could not find 'aidl/activity' for ctl.interface_start from pid: 411 (/system/bin/servicemanager)
[ 1121.338978][ T1268] servicemanager: Caller(pid=694,uid=1041,sid=u:r:audioserver:s0) Tried to start aidl service activity as a lazy service, but was unable to. Usually this happens when a service is not installed, but if the service is intended to be used as a lazy service, then it may be configured incorrectly.
[ 1122.261608][  T411] servicemanager: Caller(pid=694,uid=1041,sid=u:r:audioserver:s0) Since 'activity' could not be found trying to start it as a lazy AIDL service. (if it's not configured to be a lazy service, it may be stuck starting or still starting).
[ 1123.050073][    T1] init: Control message: Could not find 'aidl/activity' for ctl.interface_start from pid: 411 (/system/bin/servicemanager)
[ 1123.565795][ T1269] servicemanager: Caller(pid=694,uid=1041,sid=u:r:audioserver:s0) Tried to start aidl service activity as a lazy service, but was unable to. Usually this happens when a service is not installed, but if the service is intended to be used as a lazy service, then it may be configured incorrectly.
[ 1124.010840][  T411] servicemanager: Caller(pid=694,uid=1041,sid=u:r:audioserver:s0) Since 'activity' could not be found trying to start it as a lazy AIDL service. (if it's not configured to be a lazy service, it may be stuck starting or still starting).
[ 1124.275592][    T1] init: Control message: Could not find 'aidl/activity' for ctl.interface_start from pid: 411 (/system/bin/servicemanager)
[ 1124.747821][ T1270] servicemanager: Caller(pid=694,uid=1041,sid=u:r:audioserver:s0) Tried to start aidl service activity as a lazy service, but was unable to. Usually this happens when a service is not installed, but if the service is intended to be used as a lazy service, then it may be configured incorrectly.
[ 1125.666620][  T411] servicemanager: Caller(pid=694,uid=1041,sid=u:r:audioserver:s0) Since 'activity' could not be found trying to start it as a lazy AIDL service. (if it's not configured to be a lazy service, it may be stuck starting or still starting).
[ 1126.544993][    T1] init: Control message: Could not find 'aidl/activity' for ctl.interface_start from pid: 411 (/system/bin/servicemanager)
[ 1126.832533][ T1273] servicemanager: Caller(pid=694,uid=1041,sid=u:r:audioserver:s0) Tried to start aidl service activity as a lazy service, but was unable to. Usually this happens when a service is not installed, but if the service is intended to be used as a lazy service, then it may be configured incorrectly.
[ 1127.315054][  T411] servicemanager: Caller(pid=694,uid=1041,sid=u:r:audioserver:s0) Since 'activity' could not be found trying to start it as a lazy AIDL service. (if it's not configured to be a lazy service, it may be stuck starting or still starting).
[ 1128.000638][    T1] init: Control message: Could not find 'aidl/activity' for ctl.interface_start from pid: 411 (/system/bin/servicemanager)
[ 1128.343730][ T1276] servicemanager: Caller(pid=694,uid=1041,sid=u:r:audioserver:s0) Tried to start aidl service activity as a lazy service, but was unable to. Usually this happens when a service is not installed, but if the service is intended to be used as a lazy service, then it may be configured incorrectly.
[ 1129.090547][  T411] servicemanager: Caller(pid=694,uid=1041,sid=u:r:audioserver:s0) Since 'activity' could not be found trying to start it as a lazy AIDL service. (if it's not configured to be a lazy service, it may be stuck starting or still starting).
[ 1129.976436][    T1] init: Control message: Could not find 'aidl/activity' for ctl.interface_start from pid: 411 (/system/bin/servicemanager)
[ 1130.231369][ T1280] servicemanager: Caller(pid=694,uid=1041,sid=u:r:audioserver:s0) Tried to start aidl service activity as a lazy service, but was unable to. Usually this happens when a service is not installed, but if the service is intended to be used as a lazy service, then it may be configured incorrectly.
[ 1130.921091][  T411] servicemanager: Caller(pid=694,uid=1041,sid=u:r:audioserver:s0) Since 'activity' could not be found trying to start it as a lazy AIDL service. (if it's not configured to be a lazy service, it may be stuck starting or still starting).
[ 1131.744980][    T1] init: Control message: Could not find 'aidl/activity' for ctl.interface_start from pid: 411 (/system/bin/servicemanager)
[ 1131.907859][ T1281] servicemanager: Caller(pid=694,uid=1041,sid=u:r:audioserver:s0) Tried to start aidl service activity as a lazy service, but was unable to. Usually this happens when a service is not installed, but if the service is intended to be used as a lazy service, then it may be configured incorrectly.
[ 1132.717145][  T411] servicemanager: Caller(pid=694,uid=1041,sid=u:r:audioserver:s0) Since 'activity' could not be found trying to start it as a lazy AIDL service. (if it's not configured to be a lazy service, it may be stuck starting or still starting).
[ 1133.674176][    T1] init: Control message: Could not find 'aidl/activity' for ctl.interface_start from pid: 411 (/system/bin/servicemanager)
[ 1134.136792][ T1282] servicemanager: Caller(pid=694,uid=1041,sid=u:r:audioserver:s0) Tried to start aidl service activity as a lazy service, but was unable to. Usually this happens when a service is not installed, but if the service is intended to be used as a lazy service, then it may be configured incorrectly.
[ 1134.579292][  T411] servicemanager: Caller(pid=694,uid=1041,sid=u:r:audioserver:s0) Since 'activity' could not be found trying to start it as a lazy AIDL service. (if it's not configured to be a lazy service, it may be stuck starting or still starting).
[ 1135.314694][    T1] init: Control message: Could not find 'aidl/activity' for ctl.interface_start from pid: 411 (/system/bin/servicemanager)
[ 1135.642441][ T1284] servicemanager: Caller(pid=694,uid=1041,sid=u:r:audioserver:s0) Tried to start aidl service activity as a lazy service, but was unable to. Usually this happens when a service is not installed, but if the service is intended to be used as a lazy service, then it may be configured incorrectly.
[ 1136.218932][  T411] servicemanager: Caller(pid=694,uid=1041,sid=u:r:audioserver:s0) Since 'activity' could not be found trying to start it as a lazy AIDL service. (if it's not configured to be a lazy service, it may be stuck starting or still starting).
[ 1137.025883][    T1] init: Control message: Could not find 'aidl/activity' for ctl.interface_start from pid: 411 (/system/bin/servicemanager)
[ 1137.263735][ T1285] servicemanager: Caller(pid=694,uid=1041,sid=u:r:audioserver:s0) Tried to start aidl service activity as a lazy service, but was unable to. Usually this happens when a service is not installed, but if the service is intended to be used as a lazy service, then it may be configured incorrectly.
[ 1137.833480][  T411] servicemanager: Caller(pid=694,uid=1041,sid=u:r:audioserver:s0) Since 'activity' could not be found trying to start it as a lazy AIDL service. (if it's not configured to be a lazy service, it may be stuck starting or still starting).
[ 1138.478426][    T1] init: Control message: Could not find 'aidl/activity' for ctl.interface_start from pid: 411 (/system/bin/servicemanager)
[ 1138.875728][ T1286] servicemanager: Caller(pid=694,uid=1041,sid=u:r:audioserver:s0) Tried to start aidl service activity as a lazy service, but was unable to. Usually this happens when a service is not installed, but if the service is intended to be used as a lazy service, then it may be configured incorrectly.
[ 1139.177025][  T411] servicemanager: Caller(pid=694,uid=1041,sid=u:r:audioserver:s0) Since 'activity' could not be found trying to start it as a lazy AIDL service. (if it's not configured to be a lazy service, it may be stuck starting or still starting).
[ 1139.883947][    T1] init: Control message: Could not find 'aidl/activity' for ctl.interface_start from pid: 411 (/system/bin/servicemanager)
[ 1140.174998][ T1287] servicemanager: Caller(pid=694,uid=1041,sid=u:r:audioserver:s0) Tried to start aidl service activity as a lazy service, but was unable to. Usually this happens when a service is not installed, but if the service is intended to be used as a lazy service, then it may be configured incorrectly.
[ 1141.019899][  T411] servicemanager: Caller(pid=694,uid=1041,sid=u:r:audioserver:s0) Since 'activity' could not be found trying to start it as a lazy AIDL service. (if it's not configured to be a lazy service, it may be stuck starting or still starting).
[ 1141.875082][    T1] init: Control message: Could not find 'aidl/activity' for ctl.interface_start from pid: 411 (/system/bin/servicemanager)
[ 1142.112167][ T1288] servicemanager: Caller(pid=694,uid=1041,sid=u:r:audioserver:s0) Tried to start aidl service activity as a lazy service, but was unable to. Usually this happens when a service is not installed, but if the service is intended to be used as a lazy service, then it may be configured incorrectly.
[ 1143.057547][  T411] servicemanager: Caller(pid=694,uid=1041,sid=u:r:audioserver:s0) Since 'activity' could not be found trying to start it as a lazy AIDL service. (if it's not configured to be a lazy service, it may be stuck starting or still starting).
[ 1143.906872][    T1] init: Control message: Could not find 'aidl/activity' for ctl.interface_start from pid: 411 (/system/bin/servicemanager)
[ 1144.181452][ T1290] servicemanager: Caller(pid=694,uid=1041,sid=u:r:audioserver:s0) Tried to start aidl service activity as a lazy service, but was unable to. Usually this happens when a service is not installed, but if the service is intended to be used as a lazy service, then it may be configured incorrectly.
[ 1144.286855][  T411] servicemanager: Caller(pid=694,uid=1041,sid=u:r:audioserver:s0) Since 'activity' could not be found trying to start it as a lazy AIDL service. (if it's not configured to be a lazy service, it may be stuck starting or still starting).
[ 1144.593963][    T1] init: Control message: Could not find 'aidl/activity' for ctl.interface_start from pid: 411 (/system/bin/servicemanager)
[ 1144.774712][ T1291] servicemanager: Caller(pid=694,uid=1041,sid=u:r:audioserver:s0) Tried to start aidl service activity as a lazy service, but was unable to. Usually this happens when a service is not installed, but if the service is intended to be used as a lazy service, then it may be configured incorrectly.
[ 1145.806003][  T411] servicemanager: Caller(pid=694,uid=1041,sid=u:r:audioserver:s0) Since 'activity' could not be found trying to start it as a lazy AIDL service. (if it's not configured to be a lazy service, it may be stuck starting or still starting).
[ 1146.456145][    T1] init: Control message: Could not find 'aidl/activity' for ctl.interface_start from pid: 411 (/system/bin/servicemanager)
[ 1146.760617][ T1296] servicemanager: Caller(pid=694,uid=1041,sid=u:r:audioserver:s0) Tried to start aidl service activity as a lazy service, but was unable to. Usually this happens when a service is not installed, but if the service is intended to be used as a lazy service, then it may be configured incorrectly.
[ 1147.261026][  T411] servicemanager: Caller(pid=694,uid=1041,sid=u:r:audioserver:s0) Since 'activity' could not be found trying to start it as a lazy AIDL service. (if it's not configured to be a lazy service, it may be stuck starting or still starting).
[ 1148.776864][    T1] init: Control message: Could not find 'aidl/activity' for ctl.interface_start from pid: 411 (/system/bin/servicemanager)
[ 1149.039969][ T1298] servicemanager: Caller(pid=694,uid=1041,sid=u:r:audioserver:s0) Tried to start aidl service activity as a lazy service, but was unable to. Usually this happens when a service is not installed, but if the service is intended to be used as a lazy service, then it may be configured incorrectly.
[ 1149.120711][  T411] servicemanager: Caller(pid=694,uid=1041,sid=u:r:audioserver:s0) Since 'activity' could not be found trying to start it as a lazy AIDL service. (if it's not configured to be a lazy service, it may be stuck starting or still starting).
[ 1149.827426][    T1] init: Control message: Could not find 'aidl/activity' for ctl.interface_start from pid: 411 (/system/bin/servicemanager)
[ 1150.365611][ T1300] servicemanager: Caller(pid=694,uid=1041,sid=u:r:audioserver:s0) Tried to start aidl service activity as a lazy service, but was unable to. Usually this happens when a service is not installed, but if the service is intended to be used as a lazy service, then it may be configured incorrectly.
[ 1150.828027][  T411] servicemanager: Caller(pid=694,uid=1041,sid=u:r:audioserver:s0) Since 'activity' could not be found trying to start it as a lazy AIDL service. (if it's not configured to be a lazy service, it may be stuck starting or still starting).
[ 1151.181744][    T1] init: Control message: Could not find 'aidl/activity' for ctl.interface_start from pid: 411 (/system/bin/servicemanager)
[ 1151.586098][ T1301] servicemanager: Caller(pid=694,uid=1041,sid=u:r:audioserver:s0) Tried to start aidl service activity as a lazy service, but was unable to. Usually this happens when a service is not installed, but if the service is intended to be used as a lazy service, then it may be configured incorrectly.
[ 1152.350589][  T411] servicemanager: Caller(pid=694,uid=1041,sid=u:r:audioserver:s0) Since 'activity' could not be found trying to start it as a lazy AIDL service. (if it's not configured to be a lazy service, it may be stuck starting or still starting).
[ 1153.231488][    T1] init: Control message: Could not find 'aidl/activity' for ctl.interface_start from pid: 411 (/system/bin/servicemanager)
[ 1153.764138][ T1302] servicemanager: Caller(pid=694,uid=1041,sid=u:r:audioserver:s0) Tried to start aidl service activity as a lazy service, but was unable to. Usually this happens when a service is not installed, but if the service is intended to be used as a lazy service, then it may be configured incorrectly.
[ 1153.951982][  T411] servicemanager: Caller(pid=694,uid=1041,sid=u:r:audioserver:s0) Since 'activity' could not be found trying to start it as a lazy AIDL service. (if it's not configured to be a lazy service, it may be stuck starting or still starting).
[ 1154.747007][    T1] init: Control message: Could not find 'aidl/activity' for ctl.interface_start from pid: 411 (/system/bin/servicemanager)
[ 1155.124335][ T1303] servicemanager: Caller(pid=694,uid=1041,sid=u:r:audioserver:s0) Tried to start aidl service activity as a lazy service, but was unable to. Usually this happens when a service is not installed, but if the service is intended to be used as a lazy service, then it may be configured incorrectly.
[ 1155.439977][  T411] servicemanager: Caller(pid=694,uid=1041,sid=u:r:audioserver:s0) Since 'activity' could not be found trying to start it as a lazy AIDL service. (if it's not configured to be a lazy service, it may be stuck starting or still starting).
[ 1156.141496][    T1] init: Control message: Could not find 'aidl/activity' for ctl.interface_start from pid: 411 (/system/bin/servicemanager)
[ 1156.424477][ T1304] servicemanager: Caller(pid=694,uid=1041,sid=u:r:audioserver:s0) Tried to start aidl service activity as a lazy service, but was unable to. Usually this happens when a service is not installed, but if the service is intended to be used as a lazy service, then it may be configured incorrectly.
[ 1157.275901][  T411] servicemanager: Caller(pid=694,uid=1041,sid=u:r:audioserver:s0) Since 'activity' could not be found trying to start it as a lazy AIDL service. (if it's not configured to be a lazy service, it may be stuck starting or still starting).
[ 1158.143664][    T1] init: Control message: Could not find 'aidl/activity' for ctl.interface_start from pid: 411 (/system/bin/servicemanager)
[ 1158.514493][ T1306] servicemanager: Caller(pid=694,uid=1041,sid=u:r:audioserver:s0) Tried to start aidl service activity as a lazy service, but was unable to. Usually this happens when a service is not installed, but if the service is intended to be used as a lazy service, then it may be configured incorrectly.
[ 1158.878758][  T411] servicemanager: Caller(pid=694,uid=1041,sid=u:r:audioserver:s0) Since 'activity' could not be found trying to start it as a lazy AIDL service. (if it's not configured to be a lazy service, it may be stuck starting or still starting).
[ 1159.428731][    T1] init: Control message: Could not find 'aidl/activity' for ctl.interface_start from pid: 411 (/system/bin/servicemanager)
[ 1159.512546][ T1311] servicemanager: Caller(pid=694,uid=1041,sid=u:r:audioserver:s0) Tried to start aidl service activity as a lazy service, but was unable to. Usually this happens when a service is not installed, but if the service is intended to be used as a lazy service, then it may be configured incorrectly.
[ 1161.085789][  T411] servicemanager: Caller(pid=694,uid=1041,sid=u:r:audioserver:s0) Since 'activity' could not be found trying to start it as a lazy AIDL service. (if it's not configured to be a lazy service, it may be stuck starting or still starting).
[ 1161.601663][    T1] init: Control message: Could not find 'aidl/activity' for ctl.interface_start from pid: 411 (/system/bin/servicemanager)
[ 1162.385123][ T1312] servicemanager: Caller(pid=694,uid=1041,sid=u:r:audioserver:s0) Tried to start aidl service activity as a lazy service, but was unable to. Usually this happens when a service is not installed, but if the service is intended to be used as a lazy service, then it may be configured incorrectly.
[ 1162.684608][  T411] servicemanager: Caller(pid=694,uid=1041,sid=u:r:audioserver:s0) Since 'activity' could not be found trying to start it as a lazy AIDL service. (if it's not configured to be a lazy service, it may be stuck starting or still starting).
[ 1163.509355][    T1] init: Control message: Could not find 'aidl/activity' for ctl.interface_start from pid: 411 (/system/bin/servicemanager)
[ 1163.900113][ T1313] servicemanager: Caller(pid=694,uid=1041,sid=u:r:audioserver:s0) Tried to start aidl service activity as a lazy service, but was unable to. Usually this happens when a service is not installed, but if the service is intended to be used as a lazy service, then it may be configured incorrectly.
[ 1164.317902][  T411] servicemanager: Caller(pid=694,uid=1041,sid=u:r:audioserver:s0) Since 'activity' could not be found trying to start it as a lazy AIDL service. (if it's not configured to be a lazy service, it may be stuck starting or still starting).
[ 1165.037635][    T1] init: Control message: Could not find 'aidl/activity' for ctl.interface_start from pid: 411 (/system/bin/servicemanager)
[ 1165.148900][ T1315] servicemanager: Caller(pid=694,uid=1041,sid=u:r:audioserver:s0) Tried to start aidl service activity as a lazy service, but was unable to. Usually this happens when a service is not installed, but if the service is intended to be used as a lazy service, then it may be configured incorrectly.
[ 1166.121517][  T411] servicemanager: Caller(pid=694,uid=1041,sid=u:r:audioserver:s0) Since 'activity' could not be found trying to start it as a lazy AIDL service. (if it's not configured to be a lazy service, it may be stuck starting or still starting).
[ 1166.661126][    T1] init: Control message: Could not find 'aidl/activity' for ctl.interface_start from pid: 411 (/system/bin/servicemanager)
[ 1166.882415][ T1318] servicemanager: Caller(pid=694,uid=1041,sid=u:r:audioserver:s0) Tried to start aidl service activity as a lazy service, but was unable to. Usually this happens when a service is not installed, but if the service is intended to be used as a lazy service, then it may be configured incorrectly.
[ 1167.411129][  T411] servicemanager: Caller(pid=694,uid=1041,sid=u:r:audioserver:s0) Since 'activity' could not be found trying to start it as a lazy AIDL service. (if it's not configured to be a lazy service, it may be stuck starting or still starting).
[ 1167.628951][    T1] init: Control message: Could not find 'aidl/activity' for ctl.interface_start from pid: 411 (/system/bin/servicemanager)
[ 1167.876343][ T1319] servicemanager: Caller(pid=694,uid=1041,sid=u:r:audioserver:s0) Tried to start aidl service activity as a lazy service, but was unable to. Usually this happens when a service is not installed, but if the service is intended to be used as a lazy service, then it may be configured incorrectly.
[ 1169.322692][  T411] servicemanager: Caller(pid=694,uid=1041,sid=u:r:audioserver:s0) Since 'activity' could not be found trying to start it as a lazy AIDL service. (if it's not configured to be a lazy service, it may be stuck starting or still starting).
[ 1170.076508][    T1] init: Control message: Could not find 'aidl/activity' for ctl.interface_start from pid: 411 (/system/bin/servicemanager)
[ 1170.467058][ T1321] servicemanager: Caller(pid=694,uid=1041,sid=u:r:audioserver:s0) Tried to start aidl service activity as a lazy service, but was unable to. Usually this happens when a service is not installed, but if the service is intended to be used as a lazy service, then it may be configured incorrectly.
[ 1170.969113][  T411] servicemanager: Caller(pid=694,uid=1041,sid=u:r:audioserver:s0) Since 'activity' could not be found trying to start it as a lazy AIDL service. (if it's not configured to be a lazy service, it may be stuck starting or still starting).
[ 1172.047547][    T1] init: Control message: Could not find 'aidl/activity' for ctl.interface_start from pid: 411 (/system/bin/servicemanager)
[ 1172.251816][ T1323] servicemanager: Caller(pid=694,uid=1041,sid=u:r:audioserver:s0) Tried to start aidl service activity as a lazy service, but was unable to. Usually this happens when a service is not installed, but if the service is intended to be used as a lazy service, then it may be configured incorrectly.
[ 1172.700370][  T411] servicemanager: Caller(pid=694,uid=1041,sid=u:r:audioserver:s0) Since 'activity' could not be found trying to start it as a lazy AIDL service. (if it's not configured to be a lazy service, it may be stuck starting or still starting).
[ 1173.503005][    T1] init: Control message: Could not find 'aidl/activity' for ctl.interface_start from pid: 411 (/system/bin/servicemanager)
[ 1173.708625][ T1325] servicemanager: Caller(pid=694,uid=1041,sid=u:r:audioserver:s0) Tried to start aidl service activity as a lazy service, but was unable to. Usually this happens when a service is not installed, but if the service is intended to be used as a lazy service, then it may be configured incorrectly.
[ 1173.959436][  T411] servicemanager: Caller(pid=694,uid=1041,sid=u:r:audioserver:s0) Since 'activity' could not be found trying to start it as a lazy AIDL service. (if it's not configured to be a lazy service, it may be stuck starting or still starting).
[ 1174.338551][    T1] init: Control message: Could not find 'aidl/activity' for ctl.interface_start from pid: 411 (/system/bin/servicemanager)
[ 1174.386069][ T1329] servicemanager: Caller(pid=694,uid=1041,sid=u:r:audioserver:s0) Tried to start aidl service activity as a lazy service, but was unable to. Usually this happens when a service is not installed, but if the service is intended to be used as a lazy service, then it may be configured incorrectly.
[ 1175.156878][  T411] servicemanager: Caller(pid=694,uid=1041,sid=u:r:audioserver:s0) Since 'activity' could not be found trying to start it as a lazy AIDL service. (if it's not configured to be a lazy service, it may be stuck starting or still starting).
[ 1175.546404][    T1] init: Control message: Could not find 'aidl/activity' for ctl.interface_start from pid: 411 (/system/bin/servicemanager)
[ 1175.594996][ T1331] servicemanager: Caller(pid=694,uid=1041,sid=u:r:audioserver:s0) Tried to start aidl service activity as a lazy service, but was unable to. Usually this happens when a service is not installed, but if the service is intended to be used as a lazy service, then it may be configured incorrectly.
[ 1177.058960][  T411] servicemanager: Caller(pid=694,uid=1041,sid=u:r:audioserver:s0) Since 'activity' could not be found trying to start it as a lazy AIDL service. (if it's not configured to be a lazy service, it may be stuck starting or still starting).
[ 1178.135438][    T1] init: Control message: Could not find 'aidl/activity' for ctl.interface_start from pid: 411 (/system/bin/servicemanager)
[ 1178.534088][ T1332] servicemanager: Caller(pid=694,uid=1041,sid=u:r:audioserver:s0) Tried to start aidl service activity as a lazy service, but was unable to. Usually this happens when a service is not installed, but if the service is intended to be used as a lazy service, then it may be configured incorrectly.
[ 1179.167555][  T411] servicemanager: Caller(pid=694,uid=1041,sid=u:r:audioserver:s0) Since 'activity' could not be found trying to start it as a lazy AIDL service. (if it's not configured to be a lazy service, it may be stuck starting or still starting).
[ 1179.933461][    T1] init: Control message: Could not find 'aidl/activity' for ctl.interface_start from pid: 411 (/system/bin/servicemanager)
[ 1180.344958][ T1333] servicemanager: Caller(pid=694,uid=1041,sid=u:r:audioserver:s0) Tried to start aidl service activity as a lazy service, but was unable to. Usually this happens when a service is not installed, but if the service is intended to be used as a lazy service, then it may be configured incorrectly.
[ 1181.045538][  T411] servicemanager: Caller(pid=694,uid=1041,sid=u:r:audioserver:s0) Since 'activity' could not be found trying to start it as a lazy AIDL service. (if it's not configured to be a lazy service, it may be stuck starting or still starting).
[ 1181.390732][    T1] init: Control message: Could not find 'aidl/activity' for ctl.interface_start from pid: 411 (/system/bin/servicemanager)
[ 1181.473036][ T1334] servicemanager: Caller(pid=694,uid=1041,sid=u:r:audioserver:s0) Tried to start aidl service activity as a lazy service, but was unable to. Usually this happens when a service is not installed, but if the service is intended to be used as a lazy service, then it may be configured incorrectly.
[ 1182.735395][  T411] servicemanager: Caller(pid=694,uid=1041,sid=u:r:audioserver:s0) Since 'activity' could not be found trying to start it as a lazy AIDL service. (if it's not configured to be a lazy service, it may be stuck starting or still starting).
[ 1183.411731][    T1] init: Control message: Could not find 'aidl/activity' for ctl.interface_start from pid: 411 (/system/bin/servicemanager)
[ 1183.542767][ T1335] servicemanager: Caller(pid=694,uid=1041,sid=u:r:audioserver:s0) Tried to start aidl service activity as a lazy service, but was unable to. Usually this happens when a service is not installed, but if the service is intended to be used as a lazy service, then it may be configured incorrectly.
[ 1184.643362][  T411] servicemanager: Caller(pid=694,uid=1041,sid=u:r:audioserver:s0) Since 'activity' could not be found trying to start it as a lazy AIDL service. (if it's not configured to be a lazy service, it may be stuck starting or still starting).
[ 1185.292883][    T1] init: Control message: Could not find 'aidl/activity' for ctl.interface_start from pid: 411 (/system/bin/servicemanager)
[ 1185.755792][ T1339] servicemanager: Caller(pid=694,uid=1041,sid=u:r:audioserver:s0) Tried to start aidl service activity as a lazy service, but was unable to. Usually this happens when a service is not installed, but if the service is intended to be used as a lazy service, then it may be configured incorrectly.
[ 1186.322541][  T411] servicemanager: Caller(pid=694,uid=1041,sid=u:r:audioserver:s0) Since 'activity' could not be found trying to start it as a lazy AIDL service. (if it's not configured to be a lazy service, it may be stuck starting or still starting).
[ 1186.867690][    T1] init: Control message: Could not find 'aidl/activity' for ctl.interface_start from pid: 411 (/system/bin/servicemanager)
[ 1187.348503][ T1341] servicemanager: Caller(pid=694,uid=1041,sid=u:r:audioserver:s0) Tried to start aidl service activity as a lazy service, but was unable to. Usually this happens when a service is not installed, but if the service is intended to be used as a lazy service, then it may be configured incorrectly.
[ 1187.824473][  T411] servicemanager: Caller(pid=694,uid=1041,sid=u:r:audioserver:s0) Since 'activity' could not be found trying to start it as a lazy AIDL service. (if it's not configured to be a lazy service, it may be stuck starting or still starting).
[ 1188.425988][    T1] init: Control message: Could not find 'aidl/activity' for ctl.interface_start from pid: 411 (/system/bin/servicemanager)
[ 1188.532628][ T1342] servicemanager: Caller(pid=694,uid=1041,sid=u:r:audioserver:s0) Tried to start aidl service activity as a lazy service, but was unable to. Usually this happens when a service is not installed, but if the service is intended to be used as a lazy service, then it may be configured incorrectly.
[ 1189.335608][  T411] servicemanager: Caller(pid=694,uid=1041,sid=u:r:audioserver:s0) Since 'activity' could not be found trying to start it as a lazy AIDL service. (if it's not configured to be a lazy service, it may be stuck starting or still starting).
[ 1190.079607][    T1] init: Control message: Could not find 'aidl/activity' for ctl.interface_start from pid: 411 (/system/bin/servicemanager)
[ 1190.337443][ T1347] servicemanager: Caller(pid=694,uid=1041,sid=u:r:audioserver:s0) Tried to start aidl service activity as a lazy service, but was unable to. Usually this happens when a service is not installed, but if the service is intended to be used as a lazy service, then it may be configured incorrectly.
[ 1191.609366][  T411] servicemanager: Caller(pid=694,uid=1041,sid=u:r:audioserver:s0) Since 'activity' could not be found trying to start it as a lazy AIDL service. (if it's not configured to be a lazy service, it may be stuck starting or still starting).
[ 1191.959043][    T1] init: Control message: Could not find 'aidl/activity' for ctl.interface_start from pid: 411 (/system/bin/servicemanager)
[ 1192.176192][ T1349] servicemanager: Caller(pid=694,uid=1041,sid=u:r:audioserver:s0) Tried to start aidl service activity as a lazy service, but was unable to. Usually this happens when a service is not installed, but if the service is intended to be used as a lazy service, then it may be configured incorrectly.
[ 1193.354271][  T411] servicemanager: Caller(pid=694,uid=1041,sid=u:r:audioserver:s0) Since 'activity' could not be found trying to start it as a lazy AIDL service. (if it's not configured to be a lazy service, it may be stuck starting or still starting).
[ 1194.215040][    T1] init: Control message: Could not find 'aidl/activity' for ctl.interface_start from pid: 411 (/system/bin/servicemanager)
[ 1194.444868][ T1351] servicemanager: Caller(pid=694,uid=1041,sid=u:r:audioserver:s0) Tried to start aidl service activity as a lazy service, but was unable to. Usually this happens when a service is not installed, but if the service is intended to be used as a lazy service, then it may be configured incorrectly.
[ 1194.767748][  T411] servicemanager: Caller(pid=694,uid=1041,sid=u:r:audioserver:s0) Since 'activity' could not be found trying to start it as a lazy AIDL service. (if it's not configured to be a lazy service, it may be stuck starting or still starting).
[ 1195.705173][    T1] init: Control message: Could not find 'aidl/activity' for ctl.interface_start from pid: 411 (/system/bin/servicemanager)
[ 1195.886953][ T1352] servicemanager: Caller(pid=694,uid=1041,sid=u:r:audioserver:s0) Tried to start aidl service activity as a lazy service, but was unable to. Usually this happens when a service is not installed, but if the service is intended to be used as a lazy service, then it may be configured incorrectly.
[ 1196.399841][  T411] servicemanager: Caller(pid=694,uid=1041,sid=u:r:audioserver:s0) Since 'activity' could not be found trying to start it as a lazy AIDL service. (if it's not configured to be a lazy service, it may be stuck starting or still starting).
[ 1197.379415][    T1] init: Control message: Could not find 'aidl/activity' for ctl.interface_start from pid: 411 (/system/bin/servicemanager)
[ 1197.667897][ T1353] servicemanager: Caller(pid=694,uid=1041,sid=u:r:audioserver:s0) Tried to start aidl service activity as a lazy service, but was unable to. Usually this happens when a service is not installed, but if the service is intended to be used as a lazy service, then it may be configured incorrectly.
[ 1198.358735][  T411] servicemanager: Caller(pid=694,uid=1041,sid=u:r:audioserver:s0) Since 'activity' could not be found trying to start it as a lazy AIDL service. (if it's not configured to be a lazy service, it may be stuck starting or still starting).
[ 1198.613327][    T1] init: Control message: Could not find 'aidl/activity' for ctl.interface_start from pid: 411 (/system/bin/servicemanager)
[ 1198.977799][ T1354] servicemanager: Caller(pid=694,uid=1041,sid=u:r:audioserver:s0) Tried to start aidl service activity as a lazy service, but was unable to. Usually this happens when a service is not installed, but if the service is intended to be used as a lazy service, then it may be configured incorrectly.
[ 1199.910051][  T411] servicemanager: Caller(pid=694,uid=1041,sid=u:r:audioserver:s0) Since 'activity' could not be found trying to start it as a lazy AIDL service. (if it's not configured to be a lazy service, it may be stuck starting or still starting).
[ 1200.571499][    T1] init: Control message: Could not find 'aidl/activity' for ctl.interface_start from pid: 411 (/system/bin/servicemanager)
[ 1200.648827][ T1356] servicemanager: Caller(pid=694,uid=1041,sid=u:r:audioserver:s0) Tried to start aidl service activity as a lazy service, but was unable to. Usually this happens when a service is not installed, but if the service is intended to be used as a lazy service, then it may be configured incorrectly.
[ 1202.073491][  T411] servicemanager: Caller(pid=694,uid=1041,sid=u:r:audioserver:s0) Since 'activity' could not be found trying to start it as a lazy AIDL service. (if it's not configured to be a lazy service, it may be stuck starting or still starting).
[ 1202.552142][    T1] init: Control message: Could not find 'aidl/activity' for ctl.interface_start from pid: 411 (/system/bin/servicemanager)
[ 1202.694958][ T1360] servicemanager: Caller(pid=694,uid=1041,sid=u:r:audioserver:s0) Tried to start aidl service activity as a lazy service, but was unable to. Usually this happens when a service is not installed, but if the service is intended to be used as a lazy service, then it may be configured incorrectly.
[ 1203.544061][  T411] servicemanager: Caller(pid=694,uid=1041,sid=u:r:audioserver:s0) Since 'activity' could not be found trying to start it as a lazy AIDL service. (if it's not configured to be a lazy service, it may be stuck starting or still starting).
[ 1204.025996][    T1] init: Control message: Could not find 'aidl/activity' for ctl.interface_start from pid: 411 (/system/bin/servicemanager)
[ 1204.226684][ T1364] servicemanager: Caller(pid=694,uid=1041,sid=u:r:audioserver:s0) Tried to start aidl service activity as a lazy service, but was unable to. Usually this happens when a service is not installed, but if the service is intended to be used as a lazy service, then it may be configured incorrectly.
[ 1204.921587][  T411] servicemanager: Caller(pid=694,uid=1041,sid=u:r:audioserver:s0) Since 'activity' could not be found trying to start it as a lazy AIDL service. (if it's not configured to be a lazy service, it may be stuck starting or still starting).
[ 1205.303742][    T1] init: Control message: Could not find 'aidl/activity' for ctl.interface_start from pid: 411 (/system/bin/servicemanager)
[ 1205.338903][ T1366] servicemanager: Caller(pid=694,uid=1041,sid=u:r:audioserver:s0) Tried to start aidl service activity as a lazy service, but was unable to. Usually this happens when a service is not installed, but if the service is intended to be used as a lazy service, then it may be configured incorrectly.
[ 1206.667859][  T411] servicemanager: Caller(pid=694,uid=1041,sid=u:r:audioserver:s0) Since 'activity' could not be found trying to start it as a lazy AIDL service. (if it's not configured to be a lazy service, it may be stuck starting or still starting).
[ 1206.972575][    T1] init: Control message: Could not find 'aidl/activity' for ctl.interface_start from pid: 411 (/system/bin/servicemanager)
[ 1207.103335][ T1368] servicemanager: Caller(pid=694,uid=1041,sid=u:r:audioserver:s0) Tried to start aidl service activity as a lazy service, but was unable to. Usually this happens when a service is not installed, but if the service is intended to be used as a lazy service, then it may be configured incorrectly.
[ 1208.292510][  T411] servicemanager: Caller(pid=694,uid=1041,sid=u:r:audioserver:s0) Since 'activity' could not be found trying to start it as a lazy AIDL service. (if it's not configured to be a lazy service, it may be stuck starting or still starting).
[ 1210.159941][    T1] init: Control message: Could not find 'aidl/activity' for ctl.interface_start from pid: 411 (/system/bin/servicemanager)
[ 1211.114673][ T1370] servicemanager: Caller(pid=694,uid=1041,sid=u:r:audioserver:s0) Tried to start aidl service activity as a lazy service, but was unable to. Usually this happens when a service is not installed, but if the service is intended to be used as a lazy service, then it may be configured incorrectly.
[ 1211.348671][  T411] servicemanager: Caller(pid=694,uid=1041,sid=u:r:audioserver:s0) Since 'activity' could not be found trying to start it as a lazy AIDL service. (if it's not configured to be a lazy service, it may be stuck starting or still starting).
[ 1212.156582][  T411] libbinder.Binder: Binder transaction to android.os.IServiceManager, function: getService2, code: 2, took 1041ms. Data bytes: 96 Reply bytes: 52 Flags: 16
[ 1212.923837][    T1] init: Control message: Could not find 'aidl/activity' for ctl.interface_start from pid: 411 (/system/bin/servicemanager)
[ 1213.244803][ T1371] servicemanager: Caller(pid=694,uid=1041,sid=u:r:audioserver:s0) Tried to start aidl service activity as a lazy service, but was unable to. Usually this happens when a service is not installed, but if the service is intended to be used as a lazy service, then it may be configured incorrectly.
[ 1214.540596][  T411] servicemanager: Caller(pid=694,uid=1041,sid=u:r:audioserver:s0) Since 'activity' could not be found trying to start it as a lazy AIDL service. (if it's not configured to be a lazy service, it may be stuck starting or still starting).
[ 1215.210011][    T1] init: Control message: Could not find 'aidl/activity' for ctl.interface_start from pid: 411 (/system/bin/servicemanager)
[ 1215.243569][ T1373] servicemanager: Caller(pid=694,uid=1041,sid=u:r:audioserver:s0) Tried to start aidl service activity as a lazy service, but was unable to. Usually this happens when a service is not installed, but if the service is intended to be used as a lazy service, then it may be configured incorrectly.
[ 1216.350479][  T411] servicemanager: Caller(pid=694,uid=1041,sid=u:r:audioserver:s0) Since 'activity' could not be found trying to start it as a lazy AIDL service. (if it's not configured to be a lazy service, it may be stuck starting or still starting).
[ 1217.085227][    T1] init: Control message: Could not find 'aidl/activity' for ctl.interface_start from pid: 411 (/system/bin/servicemanager)
[ 1217.401688][ T1377] servicemanager: Caller(pid=694,uid=1041,sid=u:r:audioserver:s0) Tried to start aidl service activity as a lazy service, but was unable to. Usually this happens when a service is not installed, but if the service is intended to be used as a lazy service, then it may be configured incorrectly.
[ 1217.924698][  T411] servicemanager: Caller(pid=694,uid=1041,sid=u:r:audioserver:s0) Since 'activity' could not be found trying to start it as a lazy AIDL service. (if it's not configured to be a lazy service, it may be stuck starting or still starting).
[ 1218.317645][    T1] init: Control message: Could not find 'aidl/activity' for ctl.interface_start from pid: 411 (/system/bin/servicemanager)
[ 1218.577886][ T1379] servicemanager: Caller(pid=694,uid=1041,sid=u:r:audioserver:s0) Tried to start aidl service activity as a lazy service, but was unable to. Usually this happens when a service is not installed, but if the service is intended to be used as a lazy service, then it may be configured incorrectly.
[ 1219.711010][  T411] servicemanager: Caller(pid=694,uid=1041,sid=u:r:audioserver:s0) Since 'activity' could not be found trying to start it as a lazy AIDL service. (if it's not configured to be a lazy service, it may be stuck starting or still starting).
[ 1220.096667][    T1] init: Control message: Could not find 'aidl/activity' for ctl.interface_start from pid: 411 (/system/bin/servicemanager)
[ 1220.144730][ T1381] servicemanager: Caller(pid=694,uid=1041,sid=u:r:audioserver:s0) Tried to start aidl service activity as a lazy service, but was unable to. Usually this happens when a service is not installed, but if the service is intended to be used as a lazy service, then it may be configured incorrectly.
[ 1221.181863][  T411] servicemanager: Caller(pid=694,uid=1041,sid=u:r:audioserver:s0) Since 'activity' could not be found trying to start it as a lazy AIDL service. (if it's not configured to be a lazy service, it may be stuck starting or still starting).
[ 1221.885623][    T1] init: Control message: Could not find 'aidl/activity' for ctl.interface_start from pid: 411 (/system/bin/servicemanager)
[ 1222.132663][ T1384] servicemanager: Caller(pid=694,uid=1041,sid=u:r:audioserver:s0) Tried to start aidl service activity as a lazy service, but was unable to. Usually this happens when a service is not installed, but if the service is intended to be used as a lazy service, then it may be configured incorrectly.
[ 1222.725945][  T411] servicemanager: Caller(pid=694,uid=1041,sid=u:r:audioserver:s0) Since 'activity' could not be found trying to start it as a lazy AIDL service. (if it's not configured to be a lazy service, it may be stuck starting or still starting).
[ 1223.148938][    T1] init: Control message: Could not find 'aidl/activity' for ctl.interface_start from pid: 411 (/system/bin/servicemanager)
[ 1223.169365][ T1385] servicemanager: Caller(pid=694,uid=1041,sid=u:r:audioserver:s0) Tried to start aidl service activity as a lazy service, but was unable to. Usually this happens when a service is not installed, but if the service is intended to be used as a lazy service, then it may be configured incorrectly.
[ 1224.569467][  T411] servicemanager: Caller(pid=694,uid=1041,sid=u:r:audioserver:s0) Since 'activity' could not be found trying to start it as a lazy AIDL service. (if it's not configured to be a lazy service, it may be stuck starting or still starting).
[ 1225.116199][    T1] init: Control message: Could not find 'aidl/activity' for ctl.interface_start from pid: 411 (/system/bin/servicemanager)
[ 1225.458255][ T1387] servicemanager: Caller(pid=694,uid=1041,sid=u:r:audioserver:s0) Tried to start aidl service activity as a lazy service, but was unable to. Usually this happens when a service is not installed, but if the service is intended to be used as a lazy service, then it may be configured incorrectly.
[ 1226.061827][  T411] servicemanager: Caller(pid=694,uid=1041,sid=u:r:audioserver:s0) Since 'activity' could not be found trying to start it as a lazy AIDL service. (if it's not configured to be a lazy service, it may be stuck starting or still starting).
[ 1226.377301][    T1] init: Control message: Could not find 'aidl/activity' for ctl.interface_start from pid: 411 (/system/bin/servicemanager)
[ 1226.463660][ T1388] servicemanager: Caller(pid=694,uid=1041,sid=u:r:audioserver:s0) Tried to start aidl service activity as a lazy service, but was unable to. Usually this happens when a service is not installed, but if the service is intended to be used as a lazy service, then it may be configured incorrectly.
[ 1227.003902][    T1] init: Untracked process (pid: 1386 name: (sh) ppid: 1 pgrp: 1378 state: Z) received SIGHUP
[ 1227.061378][    T1] init: Untracked process (pid: 1386 name: (sh) ppid: 1 pgrp: 1378 state: Z) did not have an associated service entry and will not be reaped
[ 1227.416807][  T411] servicemanager: Caller(pid=694,uid=1041,sid=u:r:audioserver:s0) Since 'activity' could not be found trying to start it as a lazy AIDL service. (if it's not configured to be a lazy service, it may be stuck starting or still starting).
[ 1227.548406][    T1] init: Control message: Could not find 'aidl/activity' for ctl.interface_start from pid: 411 (/system/bin/servicemanager)
[ 1227.555736][ T1389] servicemanager: Caller(pid=694,uid=1041,sid=u:r:audioserver:s0) Tried to start aidl service activity as a lazy service, but was unable to. Usually this happens when a service is not installed, but if the service is intended to be used as a lazy service, then it may be configured incorrectly.
[ 1228.748104][  T411] servicemanager: Caller(pid=694,uid=1041,sid=u:r:audioserver:s0) Since 'activity' could not be found trying to start it as a lazy AIDL service. (if it's not configured to be a lazy service, it may be stuck starting or still starting).
[ 1229.509036][    T1] init: Control message: Could not find 'aidl/activity' for ctl.interface_start from pid: 411 (/system/bin/servicemanager)
[ 1229.824675][ T1392] servicemanager: Caller(pid=694,uid=1041,sid=u:r:audioserver:s0) Tried to start aidl service activity as a lazy service, but was unable to. Usually this happens when a service is not installed, but if the service is intended to be used as a lazy service, then it may be configured incorrectly.
[ 1230.017623][  T411] servicemanager: Caller(pid=694,uid=1041,sid=u:r:audioserver:s0) Since 'activity' could not be found trying to start it as a lazy AIDL service. (if it's not configured to be a lazy service, it may be stuck starting or still starting).
[ 1230.641573][    T1] init: Control message: Could not find 'aidl/activity' for ctl.interface_start from pid: 411 (/system/bin/servicemanager)
[ 1230.780377][ T1393] servicemanager: Caller(pid=694,uid=1041,sid=u:r:audioserver:s0) Tried to start aidl service activity as a lazy service, but was unable to. Usually this happens when a service is not installed, but if the service is intended to be used as a lazy service, then it may be configured incorrectly.
[ 1231.701643][  T411] servicemanager: Caller(pid=694,uid=1041,sid=u:r:audioserver:s0) Since 'activity' could not be found trying to start it as a lazy AIDL service. (if it's not configured to be a lazy service, it may be stuck starting or still starting).
[ 1232.494749][    T1] init: Control message: Could not find 'aidl/activity' for ctl.interface_start from pid: 411 (/system/bin/servicemanager)
[ 1232.736568][ T1396] servicemanager: Caller(pid=694,uid=1041,sid=u:r:audioserver:s0) Tried to start aidl service activity as a lazy service, but was unable to. Usually this happens when a service is not installed, but if the service is intended to be used as a lazy service, then it may be configured incorrectly.
[ 1233.915749][  T411] servicemanager: Caller(pid=694,uid=1041,sid=u:r:audioserver:s0) Since 'activity' could not be found trying to start it as a lazy AIDL service. (if it's not configured to be a lazy service, it may be stuck starting or still starting).
[ 1234.631784][    T1] init: Control message: Could not find 'aidl/activity' for ctl.interface_start from pid: 411 (/system/bin/servicemanager)
[ 1235.047333][ T1400] servicemanager: Caller(pid=694,uid=1041,sid=u:r:audioserver:s0) Tried to start aidl service activity as a lazy service, but was unable to. Usually this happens when a service is not installed, but if the service is intended to be used as a lazy service, then it may be configured incorrectly.
[ 1235.536591][  T411] servicemanager: Caller(pid=694,uid=1041,sid=u:r:audioserver:s0) Since 'activity' could not be found trying to start it as a lazy AIDL service. (if it's not configured to be a lazy service, it may be stuck starting or still starting).
[ 1236.155522][    T1] init: Control message: Could not find 'aidl/activity' for ctl.interface_start from pid: 411 (/system/bin/servicemanager)
[ 1236.511189][ T1401] servicemanager: Caller(pid=694,uid=1041,sid=u:r:audioserver:s0) Tried to start aidl service activity as a lazy service, but was unable to. Usually this happens when a service is not installed, but if the service is intended to be used as a lazy service, then it may be configured incorrectly.
[ 1237.455963][  T411] servicemanager: Caller(pid=694,uid=1041,sid=u:r:audioserver:s0) Since 'activity' could not be found trying to start it as a lazy AIDL service. (if it's not configured to be a lazy service, it may be stuck starting or still starting).
[ 1237.751608][    T1] init: Control message: Could not find 'aidl/activity' for ctl.interface_start from pid: 411 (/system/bin/servicemanager)
[ 1237.849909][ T1403] servicemanager: Caller(pid=694,uid=1041,sid=u:r:audioserver:s0) Tried to start aidl service activity as a lazy service, but was unable to. Usually this happens when a service is not installed, but if the service is intended to be used as a lazy service, then it may be configured incorrectly.
[ 1238.977489][  T411] servicemanager: Caller(pid=694,uid=1041,sid=u:r:audioserver:s0) Since 'activity' could not be found trying to start it as a lazy AIDL service. (if it's not configured to be a lazy service, it may be stuck starting or still starting).
[ 1239.043501][  T411] servicemanager: Notifying media.codeclist.generator they don't (previously: do) have clients when we now have no record of a client
[ 1239.318526][  T411] servicemanager: Caller(pid=1139,uid=1013,sid=u:r:mediacodeclist_generator:s0) Unregistering media.codeclist.generator
[ 1239.491935][  T411] libbinder.BpBinder: onLastStrongRef automatically unlinking death recipients for binder (0xb400007e1c216510) with descriptor: '(not cached)'
[ 1239.594302][    T1] init: Control message: Could not find 'aidl/activity' for ctl.interface_start from pid: 411 (/system/bin/servicemanager)
[ 1239.853745][ T1404] servicemanager: Caller(pid=694,uid=1041,sid=u:r:audioserver:s0) Tried to start aidl service activity as a lazy service, but was unable to. Usually this happens when a service is not installed, but if the service is intended to be used as a lazy service, then it may be configured incorrectly.
[ 1240.357973][  T411] servicemanager: Caller(pid=694,uid=1041,sid=u:r:audioserver:s0) Since 'activity' could not be found trying to start it as a lazy AIDL service. (if it's not configured to be a lazy service, it may be stuck starting or still starting).
[ 1240.827567][    T1] init: Control message: Could not find 'aidl/activity' for ctl.interface_start from pid: 411 (/system/bin/servicemanager)
[ 1241.058706][ T1406] servicemanager: Caller(pid=694,uid=1041,sid=u:r:audioserver:s0) Tried to start aidl service activity as a lazy service, but was unable to. Usually this happens when a service is not installed, but if the service is intended to be used as a lazy service, then it may be configured incorrectly.
[ 1242.223681][  T411] servicemanager: Caller(pid=694,uid=1041,sid=u:r:audioserver:s0) Since 'activity' could not be found trying to start it as a lazy AIDL service. (if it's not configured to be a lazy service, it may be stuck starting or still starting).
[ 1242.605762][    T1] init: Untracked process (pid: 1405 name: (sh) ppid: 1 pgrp: 1394 state: Z) received SIGHUP
[ 1242.779877][    T1] init: Untracked process (pid: 1405 name: (sh) ppid: 1 pgrp: 1394 state: Z) did not have an associated service entry and will not be reaped
[ 1243.158990][    T1] init: Control message: Could not find 'aidl/activity' for ctl.interface_start from pid: 411 (/system/bin/servicemanager)
[ 1243.486296][ T1407] servicemanager: Caller(pid=694,uid=1041,sid=u:r:audioserver:s0) Tried to start aidl service activity as a lazy service, but was unable to. Usually this happens when a service is not installed, but if the service is intended to be used as a lazy service, then it may be configured incorrectly.
[ 1243.945239][  T411] servicemanager: Caller(pid=694,uid=1041,sid=u:r:audioserver:s0) Since 'activity' could not be found trying to start it as a lazy AIDL service. (if it's not configured to be a lazy service, it may be stuck starting or still starting).
[ 1244.232848][    T1] init: Control message: Could not find 'aidl/activity' for ctl.interface_start from pid: 411 (/system/bin/servicemanager)
[ 1244.301258][ T1409] servicemanager: Caller(pid=694,uid=1041,sid=u:r:audioserver:s0) Tried to start aidl service activity as a lazy service, but was unable to. Usually this happens when a service is not installed, but if the service is intended to be used as a lazy service, then it may be configured incorrectly.
[ 1245.013370][    T1] init: Service 'media.codeclist.generator' (pid 1139) exited with status 0 oneshot service took 210.154999 seconds in background
[ 1245.038718][    T1] init: Sending SIGKILL to service 'media.codeclist.generator' (pid 1139) process group...
[ 1245.173233][    T1] libprocessgroup: Removed cgroup /sys/fs/cgroup/system/uid_1013/pid_1139
[ 1245.442800][  T411] servicemanager: Caller(pid=694,uid=1041,sid=u:r:audioserver:s0) Since 'activity' could not be found trying to start it as a lazy AIDL service. (if it's not configured to be a lazy service, it may be stuck starting or still starting).
[ 1246.003462][    T1] init: Control message: Could not find 'aidl/activity' for ctl.interface_start from pid: 411 (/system/bin/servicemanager)
[ 1246.061588][ T1411] servicemanager: Caller(pid=694,uid=1041,sid=u:r:audioserver:s0) Tried to start aidl service activity as a lazy service, but was unable to. Usually this happens when a service is not installed, but if the service is intended to be used as a lazy service, then it may be configured incorrectly.
[ 1247.217363][  T411] servicemanager: Caller(pid=694,uid=1041,sid=u:r:audioserver:s0) Since 'activity' could not be found trying to start it as a lazy AIDL service. (if it's not configured to be a lazy service, it may be stuck starting or still starting).
[ 1247.855747][    T1] init: Control message: Could not find 'aidl/activity' for ctl.interface_start from pid: 411 (/system/bin/servicemanager)
[ 1248.137518][ T1413] servicemanager: Caller(pid=694,uid=1041,sid=u:r:audioserver:s0) Tried to start aidl service activity as a lazy service, but was unable to. Usually this happens when a service is not installed, but if the service is intended to be used as a lazy service, then it may be configured incorrectly.
[ 1248.870146][  T411] servicemanager: Caller(pid=694,uid=1041,sid=u:r:audioserver:s0) Since 'activity' could not be found trying to start it as a lazy AIDL service. (if it's not configured to be a lazy service, it may be stuck starting or still starting).
[ 1249.306269][    T1] init: Control message: Could not find 'aidl/activity' for ctl.interface_start from pid: 411 (/system/bin/servicemanager)
[ 1249.558159][ T1418] servicemanager: Caller(pid=694,uid=1041,sid=u:r:audioserver:s0) Tried to start aidl service activity as a lazy service, but was unable to. Usually this happens when a service is not installed, but if the service is intended to be used as a lazy service, then it may be configured incorrectly.
[ 1250.243344][  T411] servicemanager: Caller(pid=694,uid=1041,sid=u:r:audioserver:s0) Since 'activity' could not be found trying to start it as a lazy AIDL service. (if it's not configured to be a lazy service, it may be stuck starting or still starting).
[ 1250.731313][    T1] init: Control message: Could not find 'aidl/activity' for ctl.interface_start from pid: 411 (/system/bin/servicemanager)
[ 1250.836341][ T1419] servicemanager: Caller(pid=694,uid=1041,sid=u:r:audioserver:s0) Tried to start aidl service activity as a lazy service, but was unable to. Usually this happens when a service is not installed, but if the service is intended to be used as a lazy service, then it may be configured incorrectly.
[ 1251.897426][  T411] servicemanager: Caller(pid=694,uid=1041,sid=u:r:audioserver:s0) Since 'activity' could not be found trying to start it as a lazy AIDL service. (if it's not configured to be a lazy service, it may be stuck starting or still starting).
[ 1252.246300][    T1] init: Control message: Could not find 'aidl/activity' for ctl.interface_start from pid: 411 (/system/bin/servicemanager)
[ 1252.353908][ T1421] servicemanager: Caller(pid=694,uid=1041,sid=u:r:audioserver:s0) Tried to start aidl service activity as a lazy service, but was unable to. Usually this happens when a service is not installed, but if the service is intended to be used as a lazy service, then it may be configured incorrectly.
[ 1253.260884][  T411] servicemanager: Caller(pid=694,uid=1041,sid=u:r:audioserver:s0) Since 'activity' could not be found trying to start it as a lazy AIDL service. (if it's not configured to be a lazy service, it may be stuck starting or still starting).
[ 1253.629757][    T1] init: Control message: Could not find 'aidl/activity' for ctl.interface_start from pid: 411 (/system/bin/servicemanager)
[ 1253.716685][ T1423] servicemanager: Caller(pid=694,uid=1041,sid=u:r:audioserver:s0) Tried to start aidl service activity as a lazy service, but was unable to. Usually this happens when a service is not installed, but if the service is intended to be used as a lazy service, then it may be configured incorrectly.
[ 1254.704472][  T411] servicemanager: Caller(pid=694,uid=1041,sid=u:r:audioserver:s0) Since 'activity' could not be found trying to start it as a lazy AIDL service. (if it's not configured to be a lazy service, it may be stuck starting or still starting).
[ 1255.324822][    T1] init: Control message: Could not find 'aidl/activity' for ctl.interface_start from pid: 411 (/system/bin/servicemanager)
[ 1255.576844][ T1425] servicemanager: Caller(pid=694,uid=1041,sid=u:r:audioserver:s0) Tried to start aidl service activity as a lazy service, but was unable to. Usually this happens when a service is not installed, but if the service is intended to be used as a lazy service, then it may be configured incorrectly.
[ 1256.161690][  T411] servicemanager: Caller(pid=694,uid=1041,sid=u:r:audioserver:s0) Since 'activity' could not be found trying to start it as a lazy AIDL service. (if it's not configured to be a lazy service, it may be stuck starting or still starting).
[ 1257.054317][    T1] init: Control message: Could not find 'aidl/activity' for ctl.interface_start from pid: 411 (/system/bin/servicemanager)
[ 1257.203875][ T1426] servicemanager: Caller(pid=694,uid=1041,sid=u:r:audioserver:s0) Tried to start aidl service activity as a lazy service, but was unable to. Usually this happens when a service is not installed, but if the service is intended to be used as a lazy service, then it may be configured incorrectly.
[ 1257.897769][    T1] init: Untracked process (pid: 1424 name: (sh) ppid: 1 pgrp: 1412 state: Z) received SIGHUP
[ 1257.972213][    T1] init: Untracked process (pid: 1424 name: (sh) ppid: 1 pgrp: 1412 state: Z) did not have an associated service entry and will not be reaped
[ 1258.076154][  T411] servicemanager: Caller(pid=694,uid=1041,sid=u:r:audioserver:s0) Since 'activity' could not be found trying to start it as a lazy AIDL service. (if it's not configured to be a lazy service, it may be stuck starting or still starting).
[ 1258.750759][    T1] init: Control message: Could not find 'aidl/activity' for ctl.interface_start from pid: 411 (/system/bin/servicemanager)
[ 1258.997455][ T1428] servicemanager: Caller(pid=694,uid=1041,sid=u:r:audioserver:s0) Tried to start aidl service activity as a lazy service, but was unable to. Usually this happens when a service is not installed, but if the service is intended to be used as a lazy service, then it may be configured incorrectly.
[ 1259.586539][  T411] servicemanager: Caller(pid=694,uid=1041,sid=u:r:audioserver:s0) Since 'activity' could not be found trying to start it as a lazy AIDL service. (if it's not configured to be a lazy service, it may be stuck starting or still starting).
[ 1260.023376][    T1] init: Control message: Could not find 'aidl/activity' for ctl.interface_start from pid: 411 (/system/bin/servicemanager)
[ 1260.192853][ T1430] servicemanager: Caller(pid=694,uid=1041,sid=u:r:audioserver:s0) Tried to start aidl service activity as a lazy service, but was unable to. Usually this happens when a service is not installed, but if the service is intended to be used as a lazy service, then it may be configured incorrectly.
[ 1260.860832][  T411] servicemanager: Caller(pid=694,uid=1041,sid=u:r:audioserver:s0) Since 'activity' could not be found trying to start it as a lazy AIDL service. (if it's not configured to be a lazy service, it may be stuck starting or still starting).
[ 1261.222263][    T1] init: Control message: Could not find 'aidl/activity' for ctl.interface_start from pid: 411 (/system/bin/servicemanager)
[ 1261.351496][ T1431] servicemanager: Caller(pid=694,uid=1041,sid=u:r:audioserver:s0) Tried to start aidl service activity as a lazy service, but was unable to. Usually this happens when a service is not installed, but if the service is intended to be used as a lazy service, then it may be configured incorrectly.
[ 1262.521405][  T411] servicemanager: Caller(pid=694,uid=1041,sid=u:r:audioserver:s0) Since 'activity' could not be found trying to start it as a lazy AIDL service. (if it's not configured to be a lazy service, it may be stuck starting or still starting).
[ 1262.864234][    T1] init: Control message: Could not find 'aidl/activity' for ctl.interface_start from pid: 411 (/system/bin/servicemanager)
[ 1262.981135][ T1436] servicemanager: Caller(pid=694,uid=1041,sid=u:r:audioserver:s0) Tried to start aidl service activity as a lazy service, but was unable to. Usually this happens when a service is not installed, but if the service is intended to be used as a lazy service, then it may be configured incorrectly.
[ 1264.043311][  T411] servicemanager: Caller(pid=694,uid=1041,sid=u:r:audioserver:s0) Since 'activity' could not be found trying to start it as a lazy AIDL service. (if it's not configured to be a lazy service, it may be stuck starting or still starting).
[ 1264.446528][    T1] init: Control message: Could not find 'aidl/activity' for ctl.interface_start from pid: 411 (/system/bin/servicemanager)
[ 1264.490336][ T1437] servicemanager: Caller(pid=694,uid=1041,sid=u:r:audioserver:s0) Tried to start aidl service activity as a lazy service, but was unable to. Usually this happens when a service is not installed, but if the service is intended to be used as a lazy service, then it may be configured incorrectly.
[ 1264.890656][  T411] servicemanager: Caller(pid=796,uid=1047,sid=u:r:cameraserver:s0) Found android.frameworks.cameraservice.service.ICameraService/default in framework VINTF manifest.
[ 1265.215428][  T411] servicemanager: Caller(pid=796,uid=1047,sid=u:r:cameraserver:s0) Found android.frameworks.cameraservice.service.ICameraService/default in framework VINTF manifest.
[ 1265.489392][  T411] servicemanager: Caller(pid=694,uid=1041,sid=u:r:audioserver:s0) Since 'activity' could not be found trying to start it as a lazy AIDL service. (if it's not configured to be a lazy service, it may be stuck starting or still starting).
[ 1266.221639][    T1] init: Control message: Could not find 'aidl/activity' for ctl.interface_start from pid: 411 (/system/bin/servicemanager)
[ 1266.415167][ T1439] servicemanager: Caller(pid=694,uid=1041,sid=u:r:audioserver:s0) Tried to start aidl service activity as a lazy service, but was unable to. Usually this happens when a service is not installed, but if the service is intended to be used as a lazy service, then it may be configured incorrectly.
[ 1267.051326][  T411] servicemanager: Caller(pid=694,uid=1041,sid=u:r:audioserver:s0) Since 'activity' could not be found trying to start it as a lazy AIDL service. (if it's not configured to be a lazy service, it may be stuck starting or still starting).
[ 1267.710359][    T1] init: Control message: Could not find 'aidl/activity' for ctl.interface_start from pid: 411 (/system/bin/servicemanager)
[ 1267.765296][ T1440] servicemanager: Caller(pid=694,uid=1041,sid=u:r:audioserver:s0) Tried to start aidl service activity as a lazy service, but was unable to. Usually this happens when a service is not installed, but if the service is intended to be used as a lazy service, then it may be configured incorrectly.
[ 1269.054864][  T411] servicemanager: Caller(pid=694,uid=1041,sid=u:r:audioserver:s0) Since 'activity' could not be found trying to start it as a lazy AIDL service. (if it's not configured to be a lazy service, it may be stuck starting or still starting).
[ 1269.350177][    T1] init: Control message: Could not find 'aidl/activity' for ctl.interface_start from pid: 411 (/system/bin/servicemanager)
[ 1269.397505][ T1443] servicemanager: Caller(pid=694,uid=1041,sid=u:r:audioserver:s0) Tried to start aidl service activity as a lazy service, but was unable to. Usually this happens when a service is not installed, but if the service is intended to be used as a lazy service, then it may be configured incorrectly.
[ 1270.432780][  T411] servicemanager: Caller(pid=694,uid=1041,sid=u:r:audioserver:s0) Since 'activity' could not be found trying to start it as a lazy AIDL service. (if it's not configured to be a lazy service, it may be stuck starting or still starting).
[ 1270.887505][    T1] init: Control message: Could not find 'aidl/activity' for ctl.interface_start from pid: 411 (/system/bin/servicemanager)
[ 1271.147328][ T1444] servicemanager: Caller(pid=694,uid=1041,sid=u:r:audioserver:s0) Tried to start aidl service activity as a lazy service, but was unable to. Usually this happens when a service is not installed, but if the service is intended to be used as a lazy service, then it may be configured incorrectly.
[ 1271.877657][  T411] servicemanager: Caller(pid=694,uid=1041,sid=u:r:audioserver:s0) Since 'activity' could not be found trying to start it as a lazy AIDL service. (if it's not configured to be a lazy service, it may be stuck starting or still starting).
[ 1272.900551][    T1] init: Control message: Could not find 'aidl/activity' for ctl.interface_start from pid: 411 (/system/bin/servicemanager)
[ 1272.978873][ T1446] servicemanager: Caller(pid=694,uid=1041,sid=u:r:audioserver:s0) Tried to start aidl service activity as a lazy service, but was unable to. Usually this happens when a service is not installed, but if the service is intended to be used as a lazy service, then it may be configured incorrectly.
[ 1273.272216][  T411] servicemanager: Caller(pid=694,uid=1041,sid=u:r:audioserver:s0) Since 'activity' could not be found trying to start it as a lazy AIDL service. (if it's not configured to be a lazy service, it may be stuck starting or still starting).
[ 1273.682696][    T1] init: Control message: Could not find 'aidl/activity' for ctl.interface_start from pid: 411 (/system/bin/servicemanager)
[ 1273.749264][ T1447] servicemanager: Caller(pid=694,uid=1041,sid=u:r:audioserver:s0) Tried to start aidl service activity as a lazy service, but was unable to. Usually this happens when a service is not installed, but if the service is intended to be used as a lazy service, then it may be configured incorrectly.
[ 1274.864547][  T411] servicemanager: Caller(pid=694,uid=1041,sid=u:r:audioserver:s0) Since 'activity' could not be found trying to start it as a lazy AIDL service. (if it's not configured to be a lazy service, it may be stuck starting or still starting).
[ 1275.329350][    T1] init: Control message: Could not find 'aidl/activity' for ctl.interface_start from pid: 411 (/system/bin/servicemanager)
[ 1275.476743][ T1448] servicemanager: Caller(pid=694,uid=1041,sid=u:r:audioserver:s0) Tried to start aidl service activity as a lazy service, but was unable to. Usually this happens when a service is not installed, but if the service is intended to be used as a lazy service, then it may be configured incorrectly.
[ 1276.277607][  T411] servicemanager: Caller(pid=694,uid=1041,sid=u:r:audioserver:s0) Since 'activity' could not be found trying to start it as a lazy AIDL service. (if it's not configured to be a lazy service, it may be stuck starting or still starting).
[ 1276.907188][    T1] init: Control message: Could not find 'aidl/activity' for ctl.interface_start from pid: 411 (/system/bin/servicemanager)
[ 1277.063599][ T1450] servicemanager: Caller(pid=694,uid=1041,sid=u:r:audioserver:s0) Tried to start aidl service activity as a lazy service, but was unable to. Usually this happens when a service is not installed, but if the service is intended to be used as a lazy service, then it may be configured incorrectly.
[ 1278.044080][  T411] servicemanager: Caller(pid=694,uid=1041,sid=u:r:audioserver:s0) Since 'activity' could not be found trying to start it as a lazy AIDL service. (if it's not configured to be a lazy service, it may be stuck starting or still starting).
[ 1278.450524][    T1] init: Control message: Could not find 'aidl/activity' for ctl.interface_start from pid: 411 (/system/bin/servicemanager)
[ 1278.592334][ T1455] servicemanager: Caller(pid=694,uid=1041,sid=u:r:audioserver:s0) Tried to start aidl service activity as a lazy service, but was unable to. Usually this happens when a service is not installed, but if the service is intended to be used as a lazy service, then it may be configured incorrectly.
[ 1279.353371][  T411] servicemanager: Caller(pid=694,uid=1041,sid=u:r:audioserver:s0) Since 'activity' could not be found trying to start it as a lazy AIDL service. (if it's not configured to be a lazy service, it may be stuck starting or still starting).
[ 1279.838563][    T1] init: Control message: Could not find 'aidl/activity' for ctl.interface_start from pid: 411 (/system/bin/servicemanager)
[ 1280.130539][ T1457] servicemanager: Caller(pid=694,uid=1041,sid=u:r:audioserver:s0) Tried to start aidl service activity as a lazy service, but was unable to. Usually this happens when a service is not installed, but if the service is intended to be used as a lazy service, then it may be configured incorrectly.
[ 1281.036478][  T411] servicemanager: Caller(pid=694,uid=1041,sid=u:r:audioserver:s0) Since 'activity' could not be found trying to start it as a lazy AIDL service. (if it's not configured to be a lazy service, it may be stuck starting or still starting).
[ 1281.473792][    T1] init: Control message: Could not find 'aidl/activity' for ctl.interface_start from pid: 411 (/system/bin/servicemanager)
[ 1281.628909][ T1459] servicemanager: Caller(pid=694,uid=1041,sid=u:r:audioserver:s0) Tried to start aidl service activity as a lazy service, but was unable to. Usually this happens when a service is not installed, but if the service is intended to be used as a lazy service, then it may be configured incorrectly.
[ 1282.555163][  T411] servicemanager: Caller(pid=694,uid=1041,sid=u:r:audioserver:s0) Since 'activity' could not be found trying to start it as a lazy AIDL service. (if it's not configured to be a lazy service, it may be stuck starting or still starting).
[ 1283.710085][    T1] init: Control message: Could not find 'aidl/activity' for ctl.interface_start from pid: 411 (/system/bin/servicemanager)
[ 1284.034316][ T1460] servicemanager: Caller(pid=694,uid=1041,sid=u:r:audioserver:s0) Tried to start aidl service activity as a lazy service, but was unable to. Usually this happens when a service is not installed, but if the service is intended to be used as a lazy service, then it may be configured incorrectly.
[ 1284.272838][  T411] servicemanager: Caller(pid=694,uid=1041,sid=u:r:audioserver:s0) Since 'activity' could not be found trying to start it as a lazy AIDL service. (if it's not configured to be a lazy service, it may be stuck starting or still starting).
[ 1284.594566][    T1] init: Control message: Could not find 'aidl/activity' for ctl.interface_start from pid: 411 (/system/bin/servicemanager)
[ 1284.707202][ T1461] servicemanager: Caller(pid=694,uid=1041,sid=u:r:audioserver:s0) Tried to start aidl service activity as a lazy service, but was unable to. Usually this happens when a service is not installed, but if the service is intended to be used as a lazy service, then it may be configured incorrectly.
[ 1285.520067][  T411] servicemanager: Caller(pid=694,uid=1041,sid=u:r:audioserver:s0) Since 'activity' could not be found trying to start it as a lazy AIDL service. (if it's not configured to be a lazy service, it may be stuck starting or still starting).
[ 1286.175769][    T1] init: Control message: Could not find 'aidl/activity' for ctl.interface_start from pid: 411 (/system/bin/servicemanager)
[ 1286.359568][ T1463] servicemanager: Caller(pid=694,uid=1041,sid=u:r:audioserver:s0) Tried to start aidl service activity as a lazy service, but was unable to. Usually this happens when a service is not installed, but if the service is intended to be used as a lazy service, then it may be configured incorrectly.
[ 1287.253722][  T411] servicemanager: Caller(pid=694,uid=1041,sid=u:r:audioserver:s0) Since 'activity' could not be found trying to start it as a lazy AIDL service. (if it's not configured to be a lazy service, it may be stuck starting or still starting).
[ 1287.675202][    T1] init: Control message: Could not find 'aidl/activity' for ctl.interface_start from pid: 411 (/system/bin/servicemanager)
[ 1287.721790][ T1464] servicemanager: Caller(pid=694,uid=1041,sid=u:r:audioserver:s0) Tried to start aidl service activity as a lazy service, but was unable to. Usually this happens when a service is not installed, but if the service is intended to be used as a lazy service, then it may be configured incorrectly.
[ 1288.607473][  T411] servicemanager: Caller(pid=694,uid=1041,sid=u:r:audioserver:s0) Since 'activity' could not be found trying to start it as a lazy AIDL service. (if it's not configured to be a lazy service, it may be stuck starting or still starting).
[ 1289.152694][    T1] init: Control message: Could not find 'aidl/activity' for ctl.interface_start from pid: 411 (/system/bin/servicemanager)
[ 1289.313436][ T1466] servicemanager: Caller(pid=694,uid=1041,sid=u:r:audioserver:s0) Tried to start aidl service activity as a lazy service, but was unable to. Usually this happens when a service is not installed, but if the service is intended to be used as a lazy service, then it may be configured incorrectly.
[ 1290.603600][  T411] servicemanager: Caller(pid=694,uid=1041,sid=u:r:audioserver:s0) Since 'activity' could not be found trying to start it as a lazy AIDL service. (if it's not configured to be a lazy service, it may be stuck starting or still starting).
[ 1291.476782][    T1] init: Control message: Could not find 'aidl/activity' for ctl.interface_start from pid: 411 (/system/bin/servicemanager)
[ 1291.586668][ T1468] servicemanager: Caller(pid=694,uid=1041,sid=u:r:audioserver:s0) Tried to start aidl service activity as a lazy service, but was unable to. Usually this happens when a service is not installed, but if the service is intended to be used as a lazy service, then it may be configured incorrectly.
[ 1292.716358][  T411] servicemanager: Caller(pid=694,uid=1041,sid=u:r:audioserver:s0) Since 'activity' could not be found trying to start it as a lazy AIDL service. (if it's not configured to be a lazy service, it may be stuck starting or still starting).
[ 1293.777864][    T1] init: Control message: Could not find 'aidl/activity' for ctl.interface_start from pid: 411 (/system/bin/servicemanager)
[ 1294.082292][ T1470] servicemanager: Caller(pid=694,uid=1041,sid=u:r:audioserver:s0) Tried to start aidl service activity as a lazy service, but was unable to. Usually this happens when a service is not installed, but if the service is intended to be used as a lazy service, then it may be configured incorrectly.
[ 1294.560587][  T411] servicemanager: Caller(pid=694,uid=1041,sid=u:r:audioserver:s0) Since 'activity' could not be found trying to start it as a lazy AIDL service. (if it's not configured to be a lazy service, it may be stuck starting or still starting).
[ 1294.948448][    T1] init: Control message: Could not find 'aidl/activity' for ctl.interface_start from pid: 411 (/system/bin/servicemanager)
[ 1295.143743][ T1472] servicemanager: Caller(pid=694,uid=1041,sid=u:r:audioserver:s0) Tried to start aidl service activity as a lazy service, but was unable to. Usually this happens when a service is not installed, but if the service is intended to be used as a lazy service, then it may be configured incorrectly.
[ 1296.092588][  T411] servicemanager: Caller(pid=694,uid=1041,sid=u:r:audioserver:s0) Since 'activity' could not be found trying to start it as a lazy AIDL service. (if it's not configured to be a lazy service, it may be stuck starting or still starting).
[ 1296.704621][    T1] init: Control message: Could not find 'aidl/activity' for ctl.interface_start from pid: 411 (/system/bin/servicemanager)
[ 1296.788235][ T1476] servicemanager: Caller(pid=694,uid=1041,sid=u:r:audioserver:s0) Tried to start aidl service activity as a lazy service, but was unable to. Usually this happens when a service is not installed, but if the service is intended to be used as a lazy service, then it may be configured incorrectly.
[ 1297.976399][  T411] servicemanager: Caller(pid=694,uid=1041,sid=u:r:audioserver:s0) Since 'activity' could not be found trying to start it as a lazy AIDL service. (if it's not configured to be a lazy service, it may be stuck starting or still starting).
[ 1298.545567][    T1] init: Control message: Could not find 'aidl/activity' for ctl.interface_start from pid: 411 (/system/bin/servicemanager)
[ 1298.727355][ T1477] servicemanager: Caller(pid=694,uid=1041,sid=u:r:audioserver:s0) Tried to start aidl service activity as a lazy service, but was unable to. Usually this happens when a service is not installed, but if the service is intended to be used as a lazy service, then it may be configured incorrectly.
[ 1299.230471][  T411] servicemanager: Caller(pid=694,uid=1041,sid=u:r:audioserver:s0) Since 'activity' could not be found trying to start it as a lazy AIDL service. (if it's not configured to be a lazy service, it may be stuck starting or still starting).
[ 1299.483844][    T1] init: Control message: Could not find 'aidl/activity' for ctl.interface_start from pid: 411 (/system/bin/servicemanager)
[ 1299.499089][ T1479] servicemanager: Caller(pid=694,uid=1041,sid=u:r:audioserver:s0) Tried to start aidl service activity as a lazy service, but was unable to. Usually this happens when a service is not installed, but if the service is intended to be used as a lazy service, then it may be configured incorrectly.
[ 1300.700704][  T411] servicemanager: Caller(pid=694,uid=1041,sid=u:r:audioserver:s0) Since 'activity' could not be found trying to start it as a lazy AIDL service. (if it's not configured to be a lazy service, it may be stuck starting or still starting).
[ 1301.108601][    T1] init: Control message: Could not find 'aidl/activity' for ctl.interface_start from pid: 411 (/system/bin/servicemanager)
[ 1301.200745][ T1480] servicemanager: Caller(pid=694,uid=1041,sid=u:r:audioserver:s0) Tried to start aidl service activity as a lazy service, but was unable to. Usually this happens when a service is not installed, but if the service is intended to be used as a lazy service, then it may be configured incorrectly.
[ 1302.093756][  T411] servicemanager: Caller(pid=694,uid=1041,sid=u:r:audioserver:s0) Since 'activity' could not be found trying to start it as a lazy AIDL service. (if it's not configured to be a lazy service, it may be stuck starting or still starting).
[ 1302.471135][    T1] init: Control message: Could not find 'aidl/activity' for ctl.interface_start from pid: 411 (/system/bin/servicemanager)
[ 1302.571452][ T1481] servicemanager: Caller(pid=694,uid=1041,sid=u:r:audioserver:s0) Tried to start aidl service activity as a lazy service, but was unable to. Usually this happens when a service is not installed, but if the service is intended to be used as a lazy service, then it may be configured incorrectly.
[ 1303.655243][  T411] servicemanager: Caller(pid=694,uid=1041,sid=u:r:audioserver:s0) Since 'activity' could not be found trying to start it as a lazy AIDL service. (if it's not configured to be a lazy service, it may be stuck starting or still starting).
[ 1304.068858][    T1] init: Control message: Could not find 'aidl/activity' for ctl.interface_start from pid: 411 (/system/bin/servicemanager)
[ 1304.200243][ T1482] servicemanager: Caller(pid=694,uid=1041,sid=u:r:audioserver:s0) Tried to start aidl service activity as a lazy service, but was unable to. Usually this happens when a service is not installed, but if the service is intended to be used as a lazy service, then it may be configured incorrectly.
[ 1305.311420][  T411] servicemanager: Caller(pid=694,uid=1041,sid=u:r:audioserver:s0) Since 'activity' could not be found trying to start it as a lazy AIDL service. (if it's not configured to be a lazy service, it may be stuck starting or still starting).
[ 1305.749410][    T1] init: Control message: Could not find 'aidl/activity' for ctl.interface_start from pid: 411 (/system/bin/servicemanager)
[ 1305.832175][ T1483] servicemanager: Caller(pid=694,uid=1041,sid=u:r:audioserver:s0) Tried to start aidl service activity as a lazy service, but was unable to. Usually this happens when a service is not installed, but if the service is intended to be used as a lazy service, then it may be configured incorrectly.
[ 1306.793309][  T411] servicemanager: Caller(pid=694,uid=1041,sid=u:r:audioserver:s0) Since 'activity' could not be found trying to start it as a lazy AIDL service. (if it's not configured to be a lazy service, it may be stuck starting or still starting).
[ 1307.000089][    T1] init: Control message: Could not find 'aidl/activity' for ctl.interface_start from pid: 411 (/system/bin/servicemanager)
[ 1307.031664][ T1488] servicemanager: Caller(pid=694,uid=1041,sid=u:r:audioserver:s0) Tried to start aidl service activity as a lazy service, but was unable to. Usually this happens when a service is not installed, but if the service is intended to be used as a lazy service, then it may be configured incorrectly.
[ 1308.079162][  T411] servicemanager: Caller(pid=694,uid=1041,sid=u:r:audioserver:s0) Since 'activity' could not be found trying to start it as a lazy AIDL service. (if it's not configured to be a lazy service, it may be stuck starting or still starting).
[ 1308.413211][    T1] init: Control message: Could not find 'aidl/activity' for ctl.interface_start from pid: 411 (/system/bin/servicemanager)
[ 1308.442210][ T1490] servicemanager: Caller(pid=694,uid=1041,sid=u:r:audioserver:s0) Tried to start aidl service activity as a lazy service, but was unable to. Usually this happens when a service is not installed, but if the service is intended to be used as a lazy service, then it may be configured incorrectly.
[ 1309.255546][  T411] servicemanager: Caller(pid=694,uid=1041,sid=u:r:audioserver:s0) Since 'activity' could not be found trying to start it as a lazy AIDL service. (if it's not configured to be a lazy service, it may be stuck starting or still starting).
[ 1309.460755][    T1] init: Control message: Could not find 'aidl/activity' for ctl.interface_start from pid: 411 (/system/bin/servicemanager)
[ 1309.514134][ T1492] servicemanager: Caller(pid=694,uid=1041,sid=u:r:audioserver:s0) Tried to start aidl service activity as a lazy service, but was unable to. Usually this happens when a service is not installed, but if the service is intended to be used as a lazy service, then it may be configured incorrectly.
[ 1310.463298][  T411] servicemanager: Caller(pid=694,uid=1041,sid=u:r:audioserver:s0) Since 'activity' could not be found trying to start it as a lazy AIDL service. (if it's not configured to be a lazy service, it may be stuck starting or still starting).
[ 1310.816356][    T1] init: Control message: Could not find 'aidl/activity' for ctl.interface_start from pid: 411 (/system/bin/servicemanager)
[ 1310.917161][ T1493] servicemanager: Caller(pid=694,uid=1041,sid=u:r:audioserver:s0) Tried to start aidl service activity as a lazy service, but was unable to. Usually this happens when a service is not installed, but if the service is intended to be used as a lazy service, then it may be configured incorrectly.
[ 1312.378220][  T411] servicemanager: Caller(pid=694,uid=1041,sid=u:r:audioserver:s0) Since 'activity' could not be found trying to start it as a lazy AIDL service. (if it's not configured to be a lazy service, it may be stuck starting or still starting).
[ 1313.019443][    T1] init: Control message: Could not find 'aidl/activity' for ctl.interface_start from pid: 411 (/system/bin/servicemanager)
[ 1313.089611][ T1495] servicemanager: Caller(pid=694,uid=1041,sid=u:r:audioserver:s0) Tried to start aidl service activity as a lazy service, but was unable to. Usually this happens when a service is not installed, but if the service is intended to be used as a lazy service, then it may be configured incorrectly.
[ 1314.014649][  T411] servicemanager: Caller(pid=694,uid=1041,sid=u:r:audioserver:s0) Since 'activity' could not be found trying to start it as a lazy AIDL service. (if it's not configured to be a lazy service, it may be stuck starting or still starting).
[ 1314.587177][    T1] init: Control message: Could not find 'aidl/activity' for ctl.interface_start from pid: 411 (/system/bin/servicemanager)
[ 1314.678645][ T1496] servicemanager: Caller(pid=694,uid=1041,sid=u:r:audioserver:s0) Tried to start aidl service activity as a lazy service, but was unable to. Usually this happens when a service is not installed, but if the service is intended to be used as a lazy service, then it may be configured incorrectly.
[ 1315.483300][  T411] servicemanager: Caller(pid=694,uid=1041,sid=u:r:audioserver:s0) Since 'activity' could not be found trying to start it as a lazy AIDL service. (if it's not configured to be a lazy service, it may be stuck starting or still starting).
[ 1315.837339][    T1] init: Control message: Could not find 'aidl/activity' for ctl.interface_start from pid: 411 (/system/bin/servicemanager)
[ 1315.948729][ T1497] servicemanager: Caller(pid=694,uid=1041,sid=u:r:audioserver:s0) Tried to start aidl service activity as a lazy service, but was unable to. Usually this happens when a service is not installed, but if the service is intended to be used as a lazy service, then it may be configured incorrectly.
[ 1316.931198][  T411] servicemanager: Caller(pid=694,uid=1041,sid=u:r:audioserver:s0) Since 'activity' could not be found trying to start it as a lazy AIDL service. (if it's not configured to be a lazy service, it may be stuck starting or still starting).
[ 1317.341136][    T1] init: Control message: Could not find 'aidl/activity' for ctl.interface_start from pid: 411 (/system/bin/servicemanager)
[ 1317.577832][ T1498] servicemanager: Caller(pid=694,uid=1041,sid=u:r:audioserver:s0) Tried to start aidl service activity as a lazy service, but was unable to. Usually this happens when a service is not installed, but if the service is intended to be used as a lazy service, then it may be configured incorrectly.
[ 1319.089749][  T411] servicemanager: Caller(pid=694,uid=1041,sid=u:r:audioserver:s0) Since 'activity' could not be found trying to start it as a lazy AIDL service. (if it's not configured to be a lazy service, it may be stuck starting or still starting).
[ 1319.428386][    T1] init: Control message: Could not find 'aidl/activity' for ctl.interface_start from pid: 411 (/system/bin/servicemanager)
[ 1319.541207][ T1501] servicemanager: Caller(pid=694,uid=1041,sid=u:r:audioserver:s0) Tried to start aidl service activity as a lazy service, but was unable to. Usually this happens when a service is not installed, but if the service is intended to be used as a lazy service, then it may be configured incorrectly.
[ 1320.941714][  T411] servicemanager: Caller(pid=694,uid=1041,sid=u:r:audioserver:s0) Since 'activity' could not be found trying to start it as a lazy AIDL service. (if it's not configured to be a lazy service, it may be stuck starting or still starting).
[ 1321.485246][    T1] init: Control message: Could not find 'aidl/activity' for ctl.interface_start from pid: 411 (/system/bin/servicemanager)
[ 1321.580290][ T1505] servicemanager: Caller(pid=694,uid=1041,sid=u:r:audioserver:s0) Tried to start aidl service activity as a lazy service, but was unable to. Usually this happens when a service is not installed, but if the service is intended to be used as a lazy service, then it may be configured incorrectly.
[ 1322.446958][  T411] servicemanager: Caller(pid=694,uid=1041,sid=u:r:audioserver:s0) Since 'activity' could not be found trying to start it as a lazy AIDL service. (if it's not configured to be a lazy service, it may be stuck starting or still starting).
[ 1322.856311][    T1] init: Control message: Could not find 'aidl/activity' for ctl.interface_start from pid: 411 (/system/bin/servicemanager)
[ 1323.275220][ T1509] servicemanager: Caller(pid=694,uid=1041,sid=u:r:audioserver:s0) Tried to start aidl service activity as a lazy service, but was unable to. Usually this happens when a service is not installed, but if the service is intended to be used as a lazy service, then it may be configured incorrectly.
[ 1323.938128][  T411] servicemanager: Caller(pid=694,uid=1041,sid=u:r:audioserver:s0) Since 'activity' could not be found trying to start it as a lazy AIDL service. (if it's not configured to be a lazy service, it may be stuck starting or still starting).
[ 1324.324246][    T1] init: Control message: Could not find 'aidl/activity' for ctl.interface_start from pid: 411 (/system/bin/servicemanager)
[ 1324.363206][ T1510] servicemanager: Caller(pid=694,uid=1041,sid=u:r:audioserver:s0) Tried to start aidl service activity as a lazy service, but was unable to. Usually this happens when a service is not installed, but if the service is intended to be used as a lazy service, then it may be configured incorrectly.
[ 1325.346932][  T411] servicemanager: Caller(pid=694,uid=1041,sid=u:r:audioserver:s0) Since 'activity' could not be found trying to start it as a lazy AIDL service. (if it's not configured to be a lazy service, it may be stuck starting or still starting).
[ 1325.631069][    T1] init: Control message: Could not find 'aidl/activity' for ctl.interface_start from pid: 411 (/system/bin/servicemanager)
[ 1325.837074][ T1511] servicemanager: Caller(pid=694,uid=1041,sid=u:r:audioserver:s0) Tried to start aidl service activity as a lazy service, but was unable to. Usually this happens when a service is not installed, but if the service is intended to be used as a lazy service, then it may be configured incorrectly.
[ 1326.737682][  T411] servicemanager: Caller(pid=694,uid=1041,sid=u:r:audioserver:s0) Since 'activity' could not be found trying to start it as a lazy AIDL service. (if it's not configured to be a lazy service, it may be stuck starting or still starting).
[ 1327.019476][    T1] init: Control message: Could not find 'aidl/activity' for ctl.interface_start from pid: 411 (/system/bin/servicemanager)
[ 1327.205986][ T1513] servicemanager: Caller(pid=694,uid=1041,sid=u:r:audioserver:s0) Tried to start aidl service activity as a lazy service, but was unable to. Usually this happens when a service is not installed, but if the service is intended to be used as a lazy service, then it may be configured incorrectly.
[ 1327.977395][  T411] servicemanager: Caller(pid=694,uid=1041,sid=u:r:audioserver:s0) Since 'activity' could not be found trying to start it as a lazy AIDL service. (if it's not configured to be a lazy service, it may be stuck starting or still starting).
[ 1328.384728][    T1] init: Control message: Could not find 'aidl/activity' for ctl.interface_start from pid: 411 (/system/bin/servicemanager)
[ 1328.485360][ T1514] servicemanager: Caller(pid=694,uid=1041,sid=u:r:audioserver:s0) Tried to start aidl service activity as a lazy service, but was unable to. Usually this happens when a service is not installed, but if the service is intended to be used as a lazy service, then it may be configured incorrectly.
[ 1329.211472][  T411] servicemanager: Caller(pid=694,uid=1041,sid=u:r:audioserver:s0) Since 'activity' could not be found trying to start it as a lazy AIDL service. (if it's not configured to be a lazy service, it may be stuck starting or still starting).
[ 1329.692432][    T1] init: Control message: Could not find 'aidl/activity' for ctl.interface_start from pid: 411 (/system/bin/servicemanager)
[ 1329.793388][ T1515] servicemanager: Caller(pid=694,uid=1041,sid=u:r:audioserver:s0) Tried to start aidl service activity as a lazy service, but was unable to. Usually this happens when a service is not installed, but if the service is intended to be used as a lazy service, then it may be configured incorrectly.
[ 1330.967652][  T411] servicemanager: Caller(pid=694,uid=1041,sid=u:r:audioserver:s0) Since 'activity' could not be found trying to start it as a lazy AIDL service. (if it's not configured to be a lazy service, it may be stuck starting or still starting).
[ 1331.974254][    T1] init: Control message: Could not find 'aidl/activity' for ctl.interface_start from pid: 411 (/system/bin/servicemanager)
[ 1332.131384][ T1517] servicemanager: Caller(pid=694,uid=1041,sid=u:r:audioserver:s0) Tried to start aidl service activity as a lazy service, but was unable to. Usually this happens when a service is not installed, but if the service is intended to be used as a lazy service, then it may be configured incorrectly.
[ 1332.906438][  T411] servicemanager: Caller(pid=694,uid=1041,sid=u:r:audioserver:s0) Since 'activity' could not be found trying to start it as a lazy AIDL service. (if it's not configured to be a lazy service, it may be stuck starting or still starting).
[ 1333.388571][    T1] init: Control message: Could not find 'aidl/activity' for ctl.interface_start from pid: 411 (/system/bin/servicemanager)
[ 1333.483465][ T1521] servicemanager: Caller(pid=694,uid=1041,sid=u:r:audioserver:s0) Tried to start aidl service activity as a lazy service, but was unable to. Usually this happens when a service is not installed, but if the service is intended to be used as a lazy service, then it may be configured incorrectly.
[ 1334.294317][  T411] servicemanager: Caller(pid=694,uid=1041,sid=u:r:audioserver:s0) Since 'activity' could not be found trying to start it as a lazy AIDL service. (if it's not configured to be a lazy service, it may be stuck starting or still starting).
[ 1334.715760][    T1] init: Control message: Could not find 'aidl/activity' for ctl.interface_start from pid: 411 (/system/bin/servicemanager)
[ 1334.875204][ T1522] servicemanager: Caller(pid=694,uid=1041,sid=u:r:audioserver:s0) Tried to start aidl service activity as a lazy service, but was unable to. Usually this happens when a service is not installed, but if the service is intended to be used as a lazy service, then it may be configured incorrectly.
[ 1335.737358][  T411] servicemanager: Caller(pid=694,uid=1041,sid=u:r:audioserver:s0) Since 'activity' could not be found trying to start it as a lazy AIDL service. (if it's not configured to be a lazy service, it may be stuck starting or still starting).
[ 1336.426221][    T1] init: Control message: Could not find 'aidl/activity' for ctl.interface_start from pid: 411 (/system/bin/servicemanager)
[ 1336.553254][ T1526] servicemanager: Caller(pid=694,uid=1041,sid=u:r:audioserver:s0) Tried to start aidl service activity as a lazy service, but was unable to. Usually this happens when a service is not installed, but if the service is intended to be used as a lazy service, then it may be configured incorrectly.
[ 1337.363658][  T411] servicemanager: Caller(pid=694,uid=1041,sid=u:r:audioserver:s0) Since 'activity' could not be found trying to start it as a lazy AIDL service. (if it's not configured to be a lazy service, it may be stuck starting or still starting).
[ 1338.640350][    T1] init: Control message: Could not find 'aidl/activity' for ctl.interface_start from pid: 411 (/system/bin/servicemanager)
[ 1338.816516][ T1529] servicemanager: Caller(pid=694,uid=1041,sid=u:r:audioserver:s0) Tried to start aidl service activity as a lazy service, but was unable to. Usually this happens when a service is not installed, but if the service is intended to be used as a lazy service, then it may be configured incorrectly.
[ 1338.836705][  T411] servicemanager: Caller(pid=694,uid=1041,sid=u:r:audioserver:s0) Since 'activity' could not be found trying to start it as a lazy AIDL service. (if it's not configured to be a lazy service, it may be stuck starting or still starting).
[ 1339.006267][    T1] init: Control message: Could not find 'aidl/activity' for ctl.interface_start from pid: 411 (/system/bin/servicemanager)
[ 1339.031709][ T1530] servicemanager: Caller(pid=694,uid=1041,sid=u:r:audioserver:s0) Tried to start aidl service activity as a lazy service, but was unable to. Usually this happens when a service is not installed, but if the service is intended to be used as a lazy service, then it may be configured incorrectly.
[ 1340.430246][  T411] servicemanager: Caller(pid=694,uid=1041,sid=u:r:audioserver:s0) Since 'activity' could not be found trying to start it as a lazy AIDL service. (if it's not configured to be a lazy service, it may be stuck starting or still starting).
[ 1340.859184][    T1] init: Control message: Could not find 'aidl/activity' for ctl.interface_start from pid: 411 (/system/bin/servicemanager)
[ 1340.992735][ T1532] servicemanager: Caller(pid=694,uid=1041,sid=u:r:audioserver:s0) Tried to start aidl service activity as a lazy service, but was unable to. Usually this happens when a service is not installed, but if the service is intended to be used as a lazy service, then it may be configured incorrectly.
[ 1341.832565][  T411] servicemanager: Caller(pid=694,uid=1041,sid=u:r:audioserver:s0) Since 'activity' could not be found trying to start it as a lazy AIDL service. (if it's not configured to be a lazy service, it may be stuck starting or still starting).
[ 1342.229276][    T1] init: Control message: Could not find 'aidl/activity' for ctl.interface_start from pid: 411 (/system/bin/servicemanager)
[ 1342.530878][ T1533] servicemanager: Caller(pid=694,uid=1041,sid=u:r:audioserver:s0) Tried to start aidl service activity as a lazy service, but was unable to. Usually this happens when a service is not installed, but if the service is intended to be used as a lazy service, then it may be configured incorrectly.
[ 1343.214439][  T411] servicemanager: Caller(pid=694,uid=1041,sid=u:r:audioserver:s0) Since 'activity' could not be found trying to start it as a lazy AIDL service. (if it's not configured to be a lazy service, it may be stuck starting or still starting).
[ 1343.710131][    T1] init: Control message: Could not find 'aidl/activity' for ctl.interface_start from pid: 411 (/system/bin/servicemanager)
[ 1343.909130][ T1534] servicemanager: Caller(pid=694,uid=1041,sid=u:r:audioserver:s0) Tried to start aidl service activity as a lazy service, but was unable to. Usually this happens when a service is not installed, but if the service is intended to be used as a lazy service, then it may be configured incorrectly.
[ 1344.862187][  T411] servicemanager: Caller(pid=694,uid=1041,sid=u:r:audioserver:s0) Since 'activity' could not be found trying to start it as a lazy AIDL service. (if it's not configured to be a lazy service, it may be stuck starting or still starting).
[ 1345.272136][    T1] init: Control message: Could not find 'aidl/activity' for ctl.interface_start from pid: 411 (/system/bin/servicemanager)
[ 1345.313280][ T1536] servicemanager: Caller(pid=694,uid=1041,sid=u:r:audioserver:s0) Tried to start aidl service activity as a lazy service, but was unable to. Usually this happens when a service is not installed, but if the service is intended to be used as a lazy service, then it may be configured incorrectly.
[ 1346.332440][  T411] servicemanager: Caller(pid=694,uid=1041,sid=u:r:audioserver:s0) Since 'activity' could not be found trying to start it as a lazy AIDL service. (if it's not configured to be a lazy service, it may be stuck starting or still starting).
[ 1347.140927][    T1] init: Control message: Could not find 'aidl/activity' for ctl.interface_start from pid: 411 (/system/bin/servicemanager)
[ 1347.609258][ T1539] servicemanager: Caller(pid=694,uid=1041,sid=u:r:audioserver:s0) Tried to start aidl service activity as a lazy service, but was unable to. Usually this happens when a service is not installed, but if the service is intended to be used as a lazy service, then it may be configured incorrectly.
[ 1347.646206][    T1] init: Untracked process (pid: 1535 name: (sh) ppid: 1 pgrp: 1527 state: Z) received SIGHUP
[ 1347.661706][    T1] init: Untracked process (pid: 1535 name: (sh) ppid: 1 pgrp: 1527 state: Z) did not have an associated service entry and will not be reaped
[ 1347.962138][  T411] servicemanager: Caller(pid=694,uid=1041,sid=u:r:audioserver:s0) Since 'activity' could not be found trying to start it as a lazy AIDL service. (if it's not configured to be a lazy service, it may be stuck starting or still starting).
[ 1348.392173][    T1] init: Control message: Could not find 'aidl/activity' for ctl.interface_start from pid: 411 (/system/bin/servicemanager)
[ 1348.503066][ T1540] servicemanager: Caller(pid=694,uid=1041,sid=u:r:audioserver:s0) Tried to start aidl service activity as a lazy service, but was unable to. Usually this happens when a service is not installed, but if the service is intended to be used as a lazy service, then it may be configured incorrectly.
[ 1349.470178][  T411] servicemanager: Caller(pid=694,uid=1041,sid=u:r:audioserver:s0) Since 'activity' could not be found trying to start it as a lazy AIDL service. (if it's not configured to be a lazy service, it may be stuck starting or still starting).
[ 1350.048509][    T1] init: Control message: Could not find 'aidl/activity' for ctl.interface_start from pid: 411 (/system/bin/servicemanager)
[ 1350.179408][ T1541] servicemanager: Caller(pid=694,uid=1041,sid=u:r:audioserver:s0) Tried to start aidl service activity as a lazy service, but was unable to. Usually this happens when a service is not installed, but if the service is intended to be used as a lazy service, then it may be configured incorrectly.
[ 1351.041130][  T411] servicemanager: Caller(pid=694,uid=1041,sid=u:r:audioserver:s0) Since 'activity' could not be found trying to start it as a lazy AIDL service. (if it's not configured to be a lazy service, it may be stuck starting or still starting).
[ 1351.540100][    T1] init: Control message: Could not find 'aidl/activity' for ctl.interface_start from pid: 411 (/system/bin/servicemanager)
[ 1351.784315][ T1545] servicemanager: Caller(pid=694,uid=1041,sid=u:r:audioserver:s0) Tried to start aidl service activity as a lazy service, but was unable to. Usually this happens when a service is not installed, but if the service is intended to be used as a lazy service, then it may be configured incorrectly.
[ 1352.560524][  T411] servicemanager: Caller(pid=694,uid=1041,sid=u:r:audioserver:s0) Since 'activity' could not be found trying to start it as a lazy AIDL service. (if it's not configured to be a lazy service, it may be stuck starting or still starting).
[ 1353.187184][    T1] init: Control message: Could not find 'aidl/activity' for ctl.interface_start from pid: 411 (/system/bin/servicemanager)
[ 1353.360711][ T1547] servicemanager: Caller(pid=694,uid=1041,sid=u:r:audioserver:s0) Tried to start aidl service activity as a lazy service, but was unable to. Usually this happens when a service is not installed, but if the service is intended to be used as a lazy service, then it may be configured incorrectly.
[ 1354.001372][  T411] servicemanager: Caller(pid=694,uid=1041,sid=u:r:audioserver:s0) Since 'activity' could not be found trying to start it as a lazy AIDL service. (if it's not configured to be a lazy service, it may be stuck starting or still starting).
[ 1354.358296][    T1] init: Control message: Could not find 'aidl/activity' for ctl.interface_start from pid: 411 (/system/bin/servicemanager)
[ 1354.677586][ T1548] servicemanager: Caller(pid=694,uid=1041,sid=u:r:audioserver:s0) Tried to start aidl service activity as a lazy service, but was unable to. Usually this happens when a service is not installed, but if the service is intended to be used as a lazy service, then it may be configured incorrectly.
[ 1355.244055][  T411] servicemanager: Caller(pid=694,uid=1041,sid=u:r:audioserver:s0) Since 'activity' could not be found trying to start it as a lazy AIDL service. (if it's not configured to be a lazy service, it may be stuck starting or still starting).
[ 1355.611071][    T1] init: Control message: Could not find 'aidl/activity' for ctl.interface_start from pid: 411 (/system/bin/servicemanager)
[ 1355.707594][ T1550] servicemanager: Caller(pid=694,uid=1041,sid=u:r:audioserver:s0) Tried to start aidl service activity as a lazy service, but was unable to. Usually this happens when a service is not installed, but if the service is intended to be used as a lazy service, then it may be configured incorrectly.
[ 1356.798737][  T411] servicemanager: Caller(pid=694,uid=1041,sid=u:r:audioserver:s0) Since 'activity' could not be found trying to start it as a lazy AIDL service. (if it's not configured to be a lazy service, it may be stuck starting or still starting).
[ 1357.455721][    T1] init: Control message: Could not find 'aidl/activity' for ctl.interface_start from pid: 411 (/system/bin/servicemanager)
[ 1357.788372][ T1551] servicemanager: Caller(pid=694,uid=1041,sid=u:r:audioserver:s0) Tried to start aidl service activity as a lazy service, but was unable to. Usually this happens when a service is not installed, but if the service is intended to be used as a lazy service, then it may be configured incorrectly.
[ 1358.941704][  T411] servicemanager: Caller(pid=694,uid=1041,sid=u:r:audioserver:s0) Since 'activity' could not be found trying to start it as a lazy AIDL service. (if it's not configured to be a lazy service, it may be stuck starting or still starting).
[ 1359.666845][    T1] init: Control message: Could not find 'aidl/activity' for ctl.interface_start from pid: 411 (/system/bin/servicemanager)
[ 1360.177270][ T1552] servicemanager: Caller(pid=694,uid=1041,sid=u:r:audioserver:s0) Tried to start aidl service activity as a lazy service, but was unable to. Usually this happens when a service is not installed, but if the service is intended to be used as a lazy service, then it may be configured incorrectly.
[ 1360.699536][  T411] servicemanager: Caller(pid=694,uid=1041,sid=u:r:audioserver:s0) Since 'activity' could not be found trying to start it as a lazy AIDL service. (if it's not configured to be a lazy service, it may be stuck starting or still starting).
[ 1361.126801][    T1] init: Control message: Could not find 'aidl/activity' for ctl.interface_start from pid: 411 (/system/bin/servicemanager)
[ 1361.230254][ T1554] servicemanager: Caller(pid=694,uid=1041,sid=u:r:audioserver:s0) Tried to start aidl service activity as a lazy service, but was unable to. Usually this happens when a service is not installed, but if the service is intended to be used as a lazy service, then it may be configured incorrectly.
[ 1362.242084][  T411] servicemanager: Caller(pid=694,uid=1041,sid=u:r:audioserver:s0) Since 'activity' could not be found trying to start it as a lazy AIDL service. (if it's not configured to be a lazy service, it may be stuck starting or still starting).
[ 1362.504916][    T1] init: Control message: Could not find 'aidl/activity' for ctl.interface_start from pid: 411 (/system/bin/servicemanager)
[ 1362.720523][ T1557] servicemanager: Caller(pid=694,uid=1041,sid=u:r:audioserver:s0) Tried to start aidl service activity as a lazy service, but was unable to. Usually this happens when a service is not installed, but if the service is intended to be used as a lazy service, then it may be configured incorrectly.
[ 1363.306917][    T1] init: Untracked process (pid: 1555 name: (sh) ppid: 1 pgrp: 1544 state: Z) received SIGHUP
[ 1363.380808][    T1] init: Untracked process (pid: 1555 name: (sh) ppid: 1 pgrp: 1544 state: Z) did not have an associated service entry and will not be reaped
[ 1363.958901][  T411] servicemanager: Caller(pid=694,uid=1041,sid=u:r:audioserver:s0) Since 'activity' could not be found trying to start it as a lazy AIDL service. (if it's not configured to be a lazy service, it may be stuck starting or still starting).
[ 1364.178303][    T1] init: Control message: Could not find 'aidl/activity' for ctl.interface_start from pid: 411 (/system/bin/servicemanager)
[ 1364.420668][ T1558] servicemanager: Caller(pid=694,uid=1041,sid=u:r:audioserver:s0) Tried to start aidl service activity as a lazy service, but was unable to. Usually this happens when a service is not installed, but if the service is intended to be used as a lazy service, then it may be configured incorrectly.
[ 1365.281462][  T411] servicemanager: Caller(pid=694,uid=1041,sid=u:r:audioserver:s0) Since 'activity' could not be found trying to start it as a lazy AIDL service. (if it's not configured to be a lazy service, it may be stuck starting or still starting).
[ 1365.646250][    T1] init: Control message: Could not find 'aidl/activity' for ctl.interface_start from pid: 411 (/system/bin/servicemanager)
[ 1365.660436][ T1559] servicemanager: Caller(pid=694,uid=1041,sid=u:r:audioserver:s0) Tried to start aidl service activity as a lazy service, but was unable to. Usually this happens when a service is not installed, but if the service is intended to be used as a lazy service, then it may be configured incorrectly.
[ 1366.836086][  T411] servicemanager: Caller(pid=694,uid=1041,sid=u:r:audioserver:s0) Since 'activity' could not be found trying to start it as a lazy AIDL service. (if it's not configured to be a lazy service, it may be stuck starting or still starting).
[ 1367.096799][    T1] init: Control message: Could not find 'aidl/activity' for ctl.interface_start from pid: 411 (/system/bin/servicemanager)
[ 1367.109460][ T1561] servicemanager: Caller(pid=694,uid=1041,sid=u:r:audioserver:s0) Tried to start aidl service activity as a lazy service, but was unable to. Usually this happens when a service is not installed, but if the service is intended to be used as a lazy service, then it may be configured incorrectly.
[ 1368.230151][  T411] servicemanager: Caller(pid=694,uid=1041,sid=u:r:audioserver:s0) Since 'activity' could not be found trying to start it as a lazy AIDL service. (if it's not configured to be a lazy service, it may be stuck starting or still starting).
[ 1368.721918][    T1] init: Control message: Could not find 'aidl/activity' for ctl.interface_start from pid: 411 (/system/bin/servicemanager)
[ 1368.956909][ T1565] servicemanager: Caller(pid=694,uid=1041,sid=u:r:audioserver:s0) Tried to start aidl service activity as a lazy service, but was unable to. Usually this happens when a service is not installed, but if the service is intended to be used as a lazy service, then it may be configured incorrectly.
[ 1369.652585][  T411] servicemanager: Caller(pid=694,uid=1041,sid=u:r:audioserver:s0) Since 'activity' could not be found trying to start it as a lazy AIDL service. (if it's not configured to be a lazy service, it may be stuck starting or still starting).
[ 1370.164479][    T1] init: Control message: Could not find 'aidl/activity' for ctl.interface_start from pid: 411 (/system/bin/servicemanager)
[ 1370.325556][ T1567] servicemanager: Caller(pid=694,uid=1041,sid=u:r:audioserver:s0) Tried to start aidl service activity as a lazy service, but was unable to. Usually this happens when a service is not installed, but if the service is intended to be used as a lazy service, then it may be configured incorrectly.
[ 1371.087220][  T411] servicemanager: Caller(pid=694,uid=1041,sid=u:r:audioserver:s0) Since 'activity' could not be found trying to start it as a lazy AIDL service. (if it's not configured to be a lazy service, it may be stuck starting or still starting).
[ 1371.409611][    T1] init: Control message: Could not find 'aidl/activity' for ctl.interface_start from pid: 411 (/system/bin/servicemanager)
[ 1371.627567][ T1568] servicemanager: Caller(pid=694,uid=1041,sid=u:r:audioserver:s0) Tried to start aidl service activity as a lazy service, but was unable to. Usually this happens when a service is not installed, but if the service is intended to be used as a lazy service, then it may be configured incorrectly.
[ 1372.587477][  T411] servicemanager: Caller(pid=694,uid=1041,sid=u:r:audioserver:s0) Since 'activity' could not be found trying to start it as a lazy AIDL service. (if it's not configured to be a lazy service, it may be stuck starting or still starting).
[ 1373.119636][    T1] init: Control message: Could not find 'aidl/activity' for ctl.interface_start from pid: 411 (/system/bin/servicemanager)
[ 1373.463584][ T1569] servicemanager: Caller(pid=694,uid=1041,sid=u:r:audioserver:s0) Tried to start aidl service activity as a lazy service, but was unable to. Usually this happens when a service is not installed, but if the service is intended to be used as a lazy service, then it may be configured incorrectly.
[ 1374.046321][  T411] servicemanager: Caller(pid=694,uid=1041,sid=u:r:audioserver:s0) Since 'activity' could not be found trying to start it as a lazy AIDL service. (if it's not configured to be a lazy service, it may be stuck starting or still starting).
[ 1374.558044][    T1] init: Control message: Could not find 'aidl/activity' for ctl.interface_start from pid: 411 (/system/bin/servicemanager)
[ 1374.606281][ T1571] servicemanager: Caller(pid=694,uid=1041,sid=u:r:audioserver:s0) Tried to start aidl service activity as a lazy service, but was unable to. Usually this happens when a service is not installed, but if the service is intended to be used as a lazy service, then it may be configured incorrectly.
[ 1375.581218][  T411] servicemanager: Caller(pid=694,uid=1041,sid=u:r:audioserver:s0) Since 'activity' could not be found trying to start it as a lazy AIDL service. (if it's not configured to be a lazy service, it may be stuck starting or still starting).
[ 1376.156702][    T1] init: Control message: Could not find 'aidl/activity' for ctl.interface_start from pid: 411 (/system/bin/servicemanager)
[ 1376.483447][ T1574] servicemanager: Caller(pid=694,uid=1041,sid=u:r:audioserver:s0) Tried to start aidl service activity as a lazy service, but was unable to. Usually this happens when a service is not installed, but if the service is intended to be used as a lazy service, then it may be configured incorrectly.
[ 1377.121779][  T411] servicemanager: Caller(pid=694,uid=1041,sid=u:r:audioserver:s0) Since 'activity' could not be found trying to start it as a lazy AIDL service. (if it's not configured to be a lazy service, it may be stuck starting or still starting).
[ 1377.138690][    T1] init: Untracked process (pid: 1573 name: (sh) ppid: 1 pgrp: 1560 state: Z) received SIGHUP
[ 1377.163558][    T1] init: Untracked process (pid: 1573 name: (sh) ppid: 1 pgrp: 1560 state: Z) did not have an associated service entry and will not be reaped
[ 1377.397415][    T1] init: Control message: Could not find 'aidl/activity' for ctl.interface_start from pid: 411 (/system/bin/servicemanager)
[ 1377.651129][ T1575] servicemanager: Caller(pid=694,uid=1041,sid=u:r:audioserver:s0) Tried to start aidl service activity as a lazy service, but was unable to. Usually this happens when a service is not installed, but if the service is intended to be used as a lazy service, then it may be configured incorrectly.
[ 1378.954940][  T411] servicemanager: Caller(pid=694,uid=1041,sid=u:r:audioserver:s0) Since 'activity' could not be found trying to start it as a lazy AIDL service. (if it's not configured to be a lazy service, it may be stuck starting or still starting).
[ 1379.520649][    T1] init: Control message: Could not find 'aidl/activity' for ctl.interface_start from pid: 411 (/system/bin/servicemanager)
[ 1379.759140][ T1576] servicemanager: Caller(pid=694,uid=1041,sid=u:r:audioserver:s0) Tried to start aidl service activity as a lazy service, but was unable to. Usually this happens when a service is not installed, but if the service is intended to be used as a lazy service, then it may be configured incorrectly.
[ 1380.446762][  T411] servicemanager: Caller(pid=694,uid=1041,sid=u:r:audioserver:s0) Since 'activity' could not be found trying to start it as a lazy AIDL service. (if it's not configured to be a lazy service, it may be stuck starting or still starting).
[ 1380.834803][    T1] init: Control message: Could not find 'aidl/activity' for ctl.interface_start from pid: 411 (/system/bin/servicemanager)
[ 1380.947606][ T1579] servicemanager: Caller(pid=694,uid=1041,sid=u:r:audioserver:s0) Tried to start aidl service activity as a lazy service, but was unable to. Usually this happens when a service is not installed, but if the service is intended to be used as a lazy service, then it may be configured incorrectly.
[ 1381.788113][  T411] servicemanager: Caller(pid=694,uid=1041,sid=u:r:audioserver:s0) Since 'activity' could not be found trying to start it as a lazy AIDL service. (if it's not configured to be a lazy service, it may be stuck starting or still starting).
[ 1382.147354][    T1] init: Control message: Could not find 'aidl/activity' for ctl.interface_start from pid: 411 (/system/bin/servicemanager)
[ 1382.473085][ T1582] servicemanager: Caller(pid=694,uid=1041,sid=u:r:audioserver:s0) Tried to start aidl service activity as a lazy service, but was unable to. Usually this happens when a service is not installed, but if the service is intended to be used as a lazy service, then it may be configured incorrectly.
[ 1383.342056][  T411] servicemanager: Caller(pid=694,uid=1041,sid=u:r:audioserver:s0) Since 'activity' could not be found trying to start it as a lazy AIDL service. (if it's not configured to be a lazy service, it may be stuck starting or still starting).
[ 1383.777620][    T1] init: Control message: Could not find 'aidl/activity' for ctl.interface_start from pid: 411 (/system/bin/servicemanager)
[ 1383.917438][ T1584] servicemanager: Caller(pid=694,uid=1041,sid=u:r:audioserver:s0) Tried to start aidl service activity as a lazy service, but was unable to. Usually this happens when a service is not installed, but if the service is intended to be used as a lazy service, then it may be configured incorrectly.
[ 1384.695589][  T411] servicemanager: Caller(pid=694,uid=1041,sid=u:r:audioserver:s0) Since 'activity' could not be found trying to start it as a lazy AIDL service. (if it's not configured to be a lazy service, it may be stuck starting or still starting).
[ 1385.377529][    T1] init: Control message: Could not find 'aidl/activity' for ctl.interface_start from pid: 411 (/system/bin/servicemanager)
[ 1385.474950][ T1585] servicemanager: Caller(pid=694,uid=1041,sid=u:r:audioserver:s0) Tried to start aidl service activity as a lazy service, but was unable to. Usually this happens when a service is not installed, but if the service is intended to be used as a lazy service, then it may be configured incorrectly.
[ 1386.312657][  T411] servicemanager: Caller(pid=694,uid=1041,sid=u:r:audioserver:s0) Since 'activity' could not be found trying to start it as a lazy AIDL service. (if it's not configured to be a lazy service, it may be stuck starting or still starting).
[ 1386.783114][    T1] init: Control message: Could not find 'aidl/activity' for ctl.interface_start from pid: 411 (/system/bin/servicemanager)
[ 1386.906777][ T1586] servicemanager: Caller(pid=694,uid=1041,sid=u:r:audioserver:s0) Tried to start aidl service activity as a lazy service, but was unable to. Usually this happens when a service is not installed, but if the service is intended to be used as a lazy service, then it may be configured incorrectly.
[ 1387.812255][  T411] servicemanager: Caller(pid=694,uid=1041,sid=u:r:audioserver:s0) Since 'activity' could not be found trying to start it as a lazy AIDL service. (if it's not configured to be a lazy service, it may be stuck starting or still starting).
[ 1388.433310][    T1] init: Control message: Could not find 'aidl/activity' for ctl.interface_start from pid: 411 (/system/bin/servicemanager)
[ 1388.617112][ T1589] servicemanager: Caller(pid=694,uid=1041,sid=u:r:audioserver:s0) Tried to start aidl service activity as a lazy service, but was unable to. Usually this happens when a service is not installed, but if the service is intended to be used as a lazy service, then it may be configured incorrectly.
[ 1389.224249][  T411] servicemanager: Caller(pid=694,uid=1041,sid=u:r:audioserver:s0) Since 'activity' could not be found trying to start it as a lazy AIDL service. (if it's not configured to be a lazy service, it may be stuck starting or still starting).
[ 1389.584230][    T1] init: Control message: Could not find 'aidl/activity' for ctl.interface_start from pid: 411 (/system/bin/servicemanager)
[ 1389.950366][ T1591] servicemanager: Caller(pid=694,uid=1041,sid=u:r:audioserver:s0) Tried to start aidl service activity as a lazy service, but was unable to. Usually this happens when a service is not installed, but if the service is intended to be used as a lazy service, then it may be configured incorrectly.
[ 1390.469448][  T411] servicemanager: Caller(pid=694,uid=1041,sid=u:r:audioserver:s0) Since 'activity' could not be found trying to start it as a lazy AIDL service. (if it's not configured to be a lazy service, it may be stuck starting or still starting).
[ 1391.337126][    T1] init: Control message: Could not find 'aidl/activity' for ctl.interface_start from pid: 411 (/system/bin/servicemanager)
[ 1391.424203][ T1592] servicemanager: Caller(pid=694,uid=1041,sid=u:r:audioserver:s0) Tried to start aidl service activity as a lazy service, but was unable to. Usually this happens when a service is not installed, but if the service is intended to be used as a lazy service, then it may be configured incorrectly.
[ 1392.148339][  T411] servicemanager: Caller(pid=694,uid=1041,sid=u:r:audioserver:s0) Since 'activity' could not be found trying to start it as a lazy AIDL service. (if it's not configured to be a lazy service, it may be stuck starting or still starting).
[ 1392.971949][    T1] init: Control message: Could not find 'aidl/activity' for ctl.interface_start from pid: 411 (/system/bin/servicemanager)
[ 1393.059152][ T1593] servicemanager: Caller(pid=694,uid=1041,sid=u:r:audioserver:s0) Tried to start aidl service activity as a lazy service, but was unable to. Usually this happens when a service is not installed, but if the service is intended to be used as a lazy service, then it may be configured incorrectly.
[ 1393.443962][  T411] servicemanager: Caller(pid=694,uid=1041,sid=u:r:audioserver:s0) Since 'activity' could not be found trying to start it as a lazy AIDL service. (if it's not configured to be a lazy service, it may be stuck starting or still starting).
[ 1393.620343][    T1] init: Control message: Could not find 'aidl/activity' for ctl.interface_start from pid: 411 (/system/bin/servicemanager)
[ 1393.655087][ T1594] servicemanager: Caller(pid=694,uid=1041,sid=u:r:audioserver:s0) Tried to start aidl service activity as a lazy service, but was unable to. Usually this happens when a service is not installed, but if the service is intended to be used as a lazy service, then it may be configured incorrectly.
[ 1394.693764][  T411] servicemanager: Caller(pid=694,uid=1041,sid=u:r:audioserver:s0) Since 'activity' could not be found trying to start it as a lazy AIDL service. (if it's not configured to be a lazy service, it may be stuck starting or still starting).
[ 1395.268355][    T1] init: Control message: Could not find 'aidl/activity' for ctl.interface_start from pid: 411 (/system/bin/servicemanager)
[ 1395.368244][ T1595] servicemanager: Caller(pid=694,uid=1041,sid=u:r:audioserver:s0) Tried to start aidl service activity as a lazy service, but was unable to. Usually this happens when a service is not installed, but if the service is intended to be used as a lazy service, then it may be configured incorrectly.
[ 1396.254937][  T411] servicemanager: Caller(pid=694,uid=1041,sid=u:r:audioserver:s0) Since 'activity' could not be found trying to start it as a lazy AIDL service. (if it's not configured to be a lazy service, it may be stuck starting or still starting).
[ 1396.536120][    T1] init: Control message: Could not find 'aidl/activity' for ctl.interface_start from pid: 411 (/system/bin/servicemanager)
[ 1396.670212][ T1597] servicemanager: Caller(pid=694,uid=1041,sid=u:r:audioserver:s0) Tried to start aidl service activity as a lazy service, but was unable to. Usually this happens when a service is not installed, but if the service is intended to be used as a lazy service, then it may be configured incorrectly.
[ 1397.573768][  T411] servicemanager: Caller(pid=694,uid=1041,sid=u:r:audioserver:s0) Since 'activity' could not be found trying to start it as a lazy AIDL service. (if it's not configured to be a lazy service, it may be stuck starting or still starting).
[ 1397.831570][    T1] init: Control message: Could not find 'aidl/activity' for ctl.interface_start from pid: 411 (/system/bin/servicemanager)
[ 1397.915898][ T1601] servicemanager: Caller(pid=694,uid=1041,sid=u:r:audioserver:s0) Tried to start aidl service activity as a lazy service, but was unable to. Usually this happens when a service is not installed, but if the service is intended to be used as a lazy service, then it may be configured incorrectly.
[ 1398.929290][  T411] servicemanager: Caller(pid=694,uid=1041,sid=u:r:audioserver:s0) Since 'activity' could not be found trying to start it as a lazy AIDL service. (if it's not configured to be a lazy service, it may be stuck starting or still starting).
[ 1399.395265][    T1] init: Control message: Could not find 'aidl/activity' for ctl.interface_start from pid: 411 (/system/bin/servicemanager)
[ 1399.640394][ T1603] servicemanager: Caller(pid=694,uid=1041,sid=u:r:audioserver:s0) Tried to start aidl service activity as a lazy service, but was unable to. Usually this happens when a service is not installed, but if the service is intended to be used as a lazy service, then it may be configured incorrectly.
[ 1400.293108][  T411] servicemanager: Caller(pid=694,uid=1041,sid=u:r:audioserver:s0) Since 'activity' could not be found trying to start it as a lazy AIDL service. (if it's not configured to be a lazy service, it may be stuck starting or still starting).
[ 1400.827643][    T1] init: Control message: Could not find 'aidl/activity' for ctl.interface_start from pid: 411 (/system/bin/servicemanager)
[ 1401.035834][ T1604] servicemanager: Caller(pid=694,uid=1041,sid=u:r:audioserver:s0) Tried to start aidl service activity as a lazy service, but was unable to. Usually this happens when a service is not installed, but if the service is intended to be used as a lazy service, then it may be configured incorrectly.
[ 1401.699016][  T411] servicemanager: Caller(pid=694,uid=1041,sid=u:r:audioserver:s0) Since 'activity' could not be found trying to start it as a lazy AIDL service. (if it's not configured to be a lazy service, it may be stuck starting or still starting).
[ 1401.927335][    T1] init: Control message: Could not find 'aidl/activity' for ctl.interface_start from pid: 411 (/system/bin/servicemanager)
[ 1401.959053][ T1605] servicemanager: Caller(pid=694,uid=1041,sid=u:r:audioserver:s0) Tried to start aidl service activity as a lazy service, but was unable to. Usually this happens when a service is not installed, but if the service is intended to be used as a lazy service, then it may be configured incorrectly.
[ 1403.093563][  T411] servicemanager: Caller(pid=694,uid=1041,sid=u:r:audioserver:s0) Since 'activity' could not be found trying to start it as a lazy AIDL service. (if it's not configured to be a lazy service, it may be stuck starting or still starting).
[ 1403.562413][    T1] init: Control message: Could not find 'aidl/activity' for ctl.interface_start from pid: 411 (/system/bin/servicemanager)
[ 1403.648905][ T1607] servicemanager: Caller(pid=694,uid=1041,sid=u:r:audioserver:s0) Tried to start aidl service activity as a lazy service, but was unable to. Usually this happens when a service is not installed, but if the service is intended to be used as a lazy service, then it may be configured incorrectly.
[ 1404.469626][  T411] servicemanager: Caller(pid=694,uid=1041,sid=u:r:audioserver:s0) Since 'activity' could not be found trying to start it as a lazy AIDL service. (if it's not configured to be a lazy service, it may be stuck starting or still starting).
[ 1405.767543][    T1] init: Control message: Could not find 'aidl/activity' for ctl.interface_start from pid: 411 (/system/bin/servicemanager)
[ 1405.973015][ T1610] servicemanager: Caller(pid=694,uid=1041,sid=u:r:audioserver:s0) Tried to start aidl service activity as a lazy service, but was unable to. Usually this happens when a service is not installed, but if the service is intended to be used as a lazy service, then it may be configured incorrectly.
[ 1406.127041][  T411] servicemanager: Caller(pid=694,uid=1041,sid=u:r:audioserver:s0) Since 'activity' could not be found trying to start it as a lazy AIDL service. (if it's not configured to be a lazy service, it may be stuck starting or still starting).
[ 1407.226008][    T1] init: Control message: Could not find 'aidl/activity' for ctl.interface_start from pid: 411 (/system/bin/servicemanager)
[ 1407.389837][ T1611] servicemanager: Caller(pid=694,uid=1041,sid=u:r:audioserver:s0) Tried to start aidl service activity as a lazy service, but was unable to. Usually this happens when a service is not installed, but if the service is intended to be used as a lazy service, then it may be configured incorrectly.
[ 1407.604978][    T1] init: Untracked process (pid: 1606 name: (sh) ppid: 1 pgrp: 1596 state: Z) exited with status 129
[ 1407.617405][    T1] init: Untracked process (pid: 1606 name: (sh) ppid: 1 pgrp: 1596 state: Z) did not have an associated service entry and will not be reaped
[ 1407.848077][  T411] servicemanager: Caller(pid=694,uid=1041,sid=u:r:audioserver:s0) Since 'activity' could not be found trying to start it as a lazy AIDL service. (if it's not configured to be a lazy service, it may be stuck starting or still starting).
[ 1408.086940][    T1] init: Control message: Could not find 'aidl/activity' for ctl.interface_start from pid: 411 (/system/bin/servicemanager)
[ 1408.102970][ T1612] servicemanager: Caller(pid=694,uid=1041,sid=u:r:audioserver:s0) Tried to start aidl service activity as a lazy service, but was unable to. Usually this happens when a service is not installed, but if the service is intended to be used as a lazy service, then it may be configured incorrectly.
[ 1409.562300][  T411] servicemanager: Caller(pid=694,uid=1041,sid=u:r:audioserver:s0) Since 'activity' could not be found trying to start it as a lazy AIDL service. (if it's not configured to be a lazy service, it may be stuck starting or still starting).
[ 1409.979381][    T1] init: Control message: Could not find 'aidl/activity' for ctl.interface_start from pid: 411 (/system/bin/servicemanager)
[ 1410.022140][ T1613] servicemanager: Caller(pid=694,uid=1041,sid=u:r:audioserver:s0) Tried to start aidl service activity as a lazy service, but was unable to. Usually this happens when a service is not installed, but if the service is intended to be used as a lazy service, then it may be configured incorrectly.
[ 1411.177267][  T411] servicemanager: Caller(pid=694,uid=1041,sid=u:r:audioserver:s0) Since 'activity' could not be found trying to start it as a lazy AIDL service. (if it's not configured to be a lazy service, it may be stuck starting or still starting).
[ 1411.507127][    T1] init: Control message: Could not find 'aidl/activity' for ctl.interface_start from pid: 411 (/system/bin/servicemanager)
[ 1411.672789][ T1614] servicemanager: Caller(pid=694,uid=1041,sid=u:r:audioserver:s0) Tried to start aidl service activity as a lazy service, but was unable to. Usually this happens when a service is not installed, but if the service is intended to be used as a lazy service, then it may be configured incorrectly.
[ 1412.487364][  T411] servicemanager: Caller(pid=694,uid=1041,sid=u:r:audioserver:s0) Since 'activity' could not be found trying to start it as a lazy AIDL service. (if it's not configured to be a lazy service, it may be stuck starting or still starting).
[ 1412.602317][    T1] init: Control message: Could not find 'aidl/activity' for ctl.interface_start from pid: 411 (/system/bin/servicemanager)
[ 1412.622042][ T1616] servicemanager: Caller(pid=694,uid=1041,sid=u:r:audioserver:s0) Tried to start aidl service activity as a lazy service, but was unable to. Usually this happens when a service is not installed, but if the service is intended to be used as a lazy service, then it may be configured incorrectly.
[ 1413.764143][  T411] servicemanager: Caller(pid=694,uid=1041,sid=u:r:audioserver:s0) Since 'activity' could not be found trying to start it as a lazy AIDL service. (if it's not configured to be a lazy service, it may be stuck starting or still starting).
[ 1414.042233][    T1] init: Control message: Could not find 'aidl/activity' for ctl.interface_start from pid: 411 (/system/bin/servicemanager)
[ 1414.084087][ T1620] servicemanager: Caller(pid=694,uid=1041,sid=u:r:audioserver:s0) Tried to start aidl service activity as a lazy service, but was unable to. Usually this happens when a service is not installed, but if the service is intended to be used as a lazy service, then it may be configured incorrectly.
[ 1415.113301][  T411] servicemanager: Caller(pid=694,uid=1041,sid=u:r:audioserver:s0) Since 'activity' could not be found trying to start it as a lazy AIDL service. (if it's not configured to be a lazy service, it may be stuck starting or still starting).
[ 1415.562062][    T1] init: Control message: Could not find 'aidl/activity' for ctl.interface_start from pid: 411 (/system/bin/servicemanager)
[ 1415.623282][ T1622] servicemanager: Caller(pid=694,uid=1041,sid=u:r:audioserver:s0) Tried to start aidl service activity as a lazy service, but was unable to. Usually this happens when a service is not installed, but if the service is intended to be used as a lazy service, then it may be configured incorrectly.
[ 1416.643384][  T411] servicemanager: Caller(pid=694,uid=1041,sid=u:r:audioserver:s0) Since 'activity' could not be found trying to start it as a lazy AIDL service. (if it's not configured to be a lazy service, it may be stuck starting or still starting).
[ 1421.305574][    T1] init: Control message: Could not find 'aidl/activity' for ctl.interface_start from pid: 411 (/system/bin/servicemanager)
[ 1422.205726][ T1625] servicemanager: Caller(pid=694,uid=1041,sid=u:r:audioserver:s0) Tried to start aidl service activity as a lazy service, but was unable to. Usually this happens when a service is not installed, but if the service is intended to be used as a lazy service, then it may be configured incorrectly.
[ 1422.207999][  T411] servicemanager: Caller(pid=694,uid=1041,sid=u:r:audioserver:s0) Since 'activity' could not be found trying to start it as a lazy AIDL service. (if it's not configured to be a lazy service, it may be stuck starting or still starting).
[ 1422.943610][    T1] init: Control message: Could not find 'aidl/activity' for ctl.interface_start from pid: 411 (/system/bin/servicemanager)
[ 1423.045454][ T1626] servicemanager: Caller(pid=694,uid=1041,sid=u:r:audioserver:s0) Tried to start aidl service activity as a lazy service, but was unable to. Usually this happens when a service is not installed, but if the service is intended to be used as a lazy service, then it may be configured incorrectly.
[ 1423.807088][  T411] servicemanager: Caller(pid=694,uid=1041,sid=u:r:audioserver:s0) Since 'activity' could not be found trying to start it as a lazy AIDL service. (if it's not configured to be a lazy service, it may be stuck starting or still starting).
[ 1424.046287][    T1] init: Control message: Could not find 'aidl/activity' for ctl.interface_start from pid: 411 (/system/bin/servicemanager)
[ 1424.063937][ T1627] servicemanager: Caller(pid=694,uid=1041,sid=u:r:audioserver:s0) Tried to start aidl service activity as a lazy service, but was unable to. Usually this happens when a service is not installed, but if the service is intended to be used as a lazy service, then it may be configured incorrectly.
[ 1425.188068][  T411] servicemanager: Caller(pid=694,uid=1041,sid=u:r:audioserver:s0) Since 'activity' could not be found trying to start it as a lazy AIDL service. (if it's not configured to be a lazy service, it may be stuck starting or still starting).
[ 1425.567579][    T1] init: Control message: Could not find 'aidl/activity' for ctl.interface_start from pid: 411 (/system/bin/servicemanager)
[ 1425.667070][ T1628] servicemanager: Caller(pid=694,uid=1041,sid=u:r:audioserver:s0) Tried to start aidl service activity as a lazy service, but was unable to. Usually this happens when a service is not installed, but if the service is intended to be used as a lazy service, then it may be configured incorrectly.
[ 1426.397528][  T411] servicemanager: Caller(pid=694,uid=1041,sid=u:r:audioserver:s0) Since 'activity' could not be found trying to start it as a lazy AIDL service. (if it's not configured to be a lazy service, it may be stuck starting or still starting).
[ 1426.680236][    T1] init: Control message: Could not find 'aidl/activity' for ctl.interface_start from pid: 411 (/system/bin/servicemanager)
[ 1426.734215][ T1629] servicemanager: Caller(pid=694,uid=1041,sid=u:r:audioserver:s0) Tried to start aidl service activity as a lazy service, but was unable to. Usually this happens when a service is not installed, but if the service is intended to be used as a lazy service, then it may be configured incorrectly.
[ 1427.688531][  T411] servicemanager: Caller(pid=694,uid=1041,sid=u:r:audioserver:s0) Since 'activity' could not be found trying to start it as a lazy AIDL service. (if it's not configured to be a lazy service, it may be stuck starting or still starting).
[ 1427.894322][    T1] init: Control message: Could not find 'aidl/activity' for ctl.interface_start from pid: 411 (/system/bin/servicemanager)
[ 1427.994949][ T1630] servicemanager: Caller(pid=694,uid=1041,sid=u:r:audioserver:s0) Tried to start aidl service activity as a lazy service, but was unable to. Usually this happens when a service is not installed, but if the service is intended to be used as a lazy service, then it may be configured incorrectly.
[ 1430.753444][  T411] servicemanager: Caller(pid=694,uid=1041,sid=u:r:audioserver:s0) Since 'activity' could not be found trying to start it as a lazy AIDL service. (if it's not configured to be a lazy service, it may be stuck starting or still starting).
[ 1431.524426][  T411] libbinder.Binder: Binder transaction to android.os.IServiceManager, function: getService2, code: 2, took 1332ms. Data bytes: 96 Reply bytes: 52 Flags: 16
[ 1431.993165][    T1] init: Control message: Could not find 'aidl/activity' for ctl.interface_start from pid: 411 (/system/bin/servicemanager)
[ 1432.285249][ T1632] servicemanager: Caller(pid=694,uid=1041,sid=u:r:audioserver:s0) Tried to start aidl service activity as a lazy service, but was unable to. Usually this happens when a service is not installed, but if the service is intended to be used as a lazy service, then it may be configured incorrectly.
[ 1433.302228][  T411] servicemanager: Caller(pid=694,uid=1041,sid=u:r:audioserver:s0) Since 'activity' could not be found trying to start it as a lazy AIDL service. (if it's not configured to be a lazy service, it may be stuck starting or still starting).
[ 1433.926741][    T1] init: Control message: Could not find 'aidl/activity' for ctl.interface_start from pid: 411 (/system/bin/servicemanager)
[ 1434.006948][ T1637] servicemanager: Caller(pid=694,uid=1041,sid=u:r:audioserver:s0) Tried to start aidl service activity as a lazy service, but was unable to. Usually this happens when a service is not installed, but if the service is intended to be used as a lazy service, then it may be configured incorrectly.
[ 1435.185030][  T411] servicemanager: Caller(pid=694,uid=1041,sid=u:r:audioserver:s0) Since 'activity' could not be found trying to start it as a lazy AIDL service. (if it's not configured to be a lazy service, it may be stuck starting or still starting).
[ 1436.046638][    T1] init: Control message: Could not find 'aidl/activity' for ctl.interface_start from pid: 411 (/system/bin/servicemanager)
[ 1436.561188][ T1638] servicemanager: Caller(pid=694,uid=1041,sid=u:r:audioserver:s0) Tried to start aidl service activity as a lazy service, but was unable to. Usually this happens when a service is not installed, but if the service is intended to be used as a lazy service, then it may be configured incorrectly.
[ 1437.149055][  T411] servicemanager: Caller(pid=694,uid=1041,sid=u:r:audioserver:s0) Since 'activity' could not be found trying to start it as a lazy AIDL service. (if it's not configured to be a lazy service, it may be stuck starting or still starting).
[ 1437.904543][    T1] init: Control message: Could not find 'aidl/activity' for ctl.interface_start from pid: 411 (/system/bin/servicemanager)
[ 1438.049186][ T1640] servicemanager: Caller(pid=694,uid=1041,sid=u:r:audioserver:s0) Tried to start aidl service activity as a lazy service, but was unable to. Usually this happens when a service is not installed, but if the service is intended to be used as a lazy service, then it may be configured incorrectly.
[ 1438.622857][  T411] servicemanager: Caller(pid=694,uid=1041,sid=u:r:audioserver:s0) Since 'activity' could not be found trying to start it as a lazy AIDL service. (if it's not configured to be a lazy service, it may be stuck starting or still starting).
[ 1438.810338][    T1] init: Control message: Could not find 'aidl/activity' for ctl.interface_start from pid: 411 (/system/bin/servicemanager)
[ 1438.823449][ T1641] servicemanager: Caller(pid=694,uid=1041,sid=u:r:audioserver:s0) Tried to start aidl service activity as a lazy service, but was unable to. Usually this happens when a service is not installed, but if the service is intended to be used as a lazy service, then it may be configured incorrectly.
[ 1439.958445][  T411] servicemanager: Caller(pid=694,uid=1041,sid=u:r:audioserver:s0) Since 'activity' could not be found trying to start it as a lazy AIDL service. (if it's not configured to be a lazy service, it may be stuck starting or still starting).
[ 1440.569533][    T1] init: Control message: Could not find 'aidl/activity' for ctl.interface_start from pid: 411 (/system/bin/servicemanager)
[ 1440.743566][ T1644] servicemanager: Caller(pid=694,uid=1041,sid=u:r:audioserver:s0) Tried to start aidl service activity as a lazy service, but was unable to. Usually this happens when a service is not installed, but if the service is intended to be used as a lazy service, then it may be configured incorrectly.
[ 1441.922829][  T411] servicemanager: Caller(pid=694,uid=1041,sid=u:r:audioserver:s0) Since 'activity' could not be found trying to start it as a lazy AIDL service. (if it's not configured to be a lazy service, it may be stuck starting or still starting).
[ 1442.321212][    T1] init: Control message: Could not find 'aidl/activity' for ctl.interface_start from pid: 411 (/system/bin/servicemanager)
[ 1442.360089][ T1649] servicemanager: Caller(pid=694,uid=1041,sid=u:r:audioserver:s0) Tried to start aidl service activity as a lazy service, but was unable to. Usually this happens when a service is not installed, but if the service is intended to be used as a lazy service, then it may be configured incorrectly.
[ 1443.406631][  T411] servicemanager: Caller(pid=694,uid=1041,sid=u:r:audioserver:s0) Since 'activity' could not be found trying to start it as a lazy AIDL service. (if it's not configured to be a lazy service, it may be stuck starting or still starting).
[ 1443.729026][    T1] init: Control message: Could not find 'aidl/activity' for ctl.interface_start from pid: 411 (/system/bin/servicemanager)
[ 1443.761853][ T1652] servicemanager: Caller(pid=694,uid=1041,sid=u:r:audioserver:s0) Tried to start aidl service activity as a lazy service, but was unable to. Usually this happens when a service is not installed, but if the service is intended to be used as a lazy service, then it may be configured incorrectly.
[ 1444.669199][  T411] servicemanager: Caller(pid=694,uid=1041,sid=u:r:audioserver:s0) Since 'activity' could not be found trying to start it as a lazy AIDL service. (if it's not configured to be a lazy service, it may be stuck starting or still starting).
[ 1444.789272][    T1] init: Control message: Could not find 'aidl/activity' for ctl.interface_start from pid: 411 (/system/bin/servicemanager)
[ 1444.810804][ T1653] servicemanager: Caller(pid=694,uid=1041,sid=u:r:audioserver:s0) Tried to start aidl service activity as a lazy service, but was unable to. Usually this happens when a service is not installed, but if the service is intended to be used as a lazy service, then it may be configured incorrectly.
[ 1445.930987][  T411] servicemanager: Caller(pid=694,uid=1041,sid=u:r:audioserver:s0) Since 'activity' could not be found trying to start it as a lazy AIDL service. (if it's not configured to be a lazy service, it may be stuck starting or still starting).
[ 1446.209064][    T1] init: Control message: Could not find 'aidl/activity' for ctl.interface_start from pid: 411 (/system/bin/servicemanager)
[ 1446.235843][ T1655] servicemanager: Caller(pid=694,uid=1041,sid=u:r:audioserver:s0) Tried to start aidl service activity as a lazy service, but was unable to. Usually this happens when a service is not installed, but if the service is intended to be used as a lazy service, then it may be configured incorrectly.
[ 1447.740449][  T411] servicemanager: Caller(pid=694,uid=1041,sid=u:r:audioserver:s0) Since 'activity' could not be found trying to start it as a lazy AIDL service. (if it's not configured to be a lazy service, it may be stuck starting or still starting).
[ 1448.254091][    T1] init: Control message: Could not find 'aidl/activity' for ctl.interface_start from pid: 411 (/system/bin/servicemanager)
[ 1448.310140][ T1656] servicemanager: Caller(pid=694,uid=1041,sid=u:r:audioserver:s0) Tried to start aidl service activity as a lazy service, but was unable to. Usually this happens when a service is not installed, but if the service is intended to be used as a lazy service, then it may be configured incorrectly.
[ 1449.031139][  T411] servicemanager: Caller(pid=694,uid=1041,sid=u:r:audioserver:s0) Since 'activity' could not be found trying to start it as a lazy AIDL service. (if it's not configured to be a lazy service, it may be stuck starting or still starting).
[ 1449.285298][    T1] init: Control message: Could not find 'aidl/activity' for ctl.interface_start from pid: 411 (/system/bin/servicemanager)
[ 1449.321932][ T1658] servicemanager: Caller(pid=694,uid=1041,sid=u:r:audioserver:s0) Tried to start aidl service activity as a lazy service, but was unable to. Usually this happens when a service is not installed, but if the service is intended to be used as a lazy service, then it may be configured incorrectly.
[ 1450.091319][  T411] servicemanager: Caller(pid=694,uid=1041,sid=u:r:audioserver:s0) Since 'activity' could not be found trying to start it as a lazy AIDL service. (if it's not configured to be a lazy service, it may be stuck starting or still starting).
[ 1450.236969][    T1] init: Control message: Could not find 'aidl/activity' for ctl.interface_start from pid: 411 (/system/bin/servicemanager)
[ 1450.269946][ T1660] servicemanager: Caller(pid=694,uid=1041,sid=u:r:audioserver:s0) Tried to start aidl service activity as a lazy service, but was unable to. Usually this happens when a service is not installed, but if the service is intended to be used as a lazy service, then it may be configured incorrectly.
[ 1451.521235][  T411] servicemanager: Caller(pid=694,uid=1041,sid=u:r:audioserver:s0) Since 'activity' could not be found trying to start it as a lazy AIDL service. (if it's not configured to be a lazy service, it may be stuck starting or still starting).
[ 1453.197953][    T1] init: Control message: Could not find 'aidl/activity' for ctl.interface_start from pid: 411 (/system/bin/servicemanager)
[ 1453.201938][  T411] servicemanager: Caller(pid=694,uid=1041,sid=u:r:audioserver:s0) Since 'activity' could not be found trying to start it as a lazy AIDL service. (if it's not configured to be a lazy service, it may be stuck starting or still starting).
[ 1453.233898][ T1662] servicemanager: Caller(pid=694,uid=1041,sid=u:r:audioserver:s0) Tried to start aidl service activity as a lazy service, but was unable to. Usually this happens when a service is not installed, but if the service is intended to be used as a lazy service, then it may be configured incorrectly.
[ 1453.394778][    T1] init: Control message: Could not find 'aidl/activity' for ctl.interface_start from pid: 411 (/system/bin/servicemanager)
[ 1453.422244][ T1663] servicemanager: Caller(pid=694,uid=1041,sid=u:r:audioserver:s0) Tried to start aidl service activity as a lazy service, but was unable to. Usually this happens when a service is not installed, but if the service is intended to be used as a lazy service, then it may be configured incorrectly.
[ 1454.660411][  T411] servicemanager: Caller(pid=694,uid=1041,sid=u:r:audioserver:s0) Since 'activity' could not be found trying to start it as a lazy AIDL service. (if it's not configured to be a lazy service, it may be stuck starting or still starting).
[ 1454.921081][    T1] init: Control message: Could not find 'aidl/activity' for ctl.interface_start from pid: 411 (/system/bin/servicemanager)
[ 1454.957510][ T1666] servicemanager: Caller(pid=694,uid=1041,sid=u:r:audioserver:s0) Tried to start aidl service activity as a lazy service, but was unable to. Usually this happens when a service is not installed, but if the service is intended to be used as a lazy service, then it may be configured incorrectly.
[ 1456.405696][  T411] servicemanager: Caller(pid=694,uid=1041,sid=u:r:audioserver:s0) Since 'activity' could not be found trying to start it as a lazy AIDL service. (if it's not configured to be a lazy service, it may be stuck starting or still starting).
[ 1456.960390][    T1] init: Control message: Could not find 'aidl/activity' for ctl.interface_start from pid: 411 (/system/bin/servicemanager)
[ 1457.039788][ T1670] servicemanager: Caller(pid=694,uid=1041,sid=u:r:audioserver:s0) Tried to start aidl service activity as a lazy service, but was unable to. Usually this happens when a service is not installed, but if the service is intended to be used as a lazy service, then it may be configured incorrectly.
[ 1457.724607][  T411] servicemanager: Caller(pid=694,uid=1041,sid=u:r:audioserver:s0) Since 'activity' could not be found trying to start it as a lazy AIDL service. (if it's not configured to be a lazy service, it may be stuck starting or still starting).
[ 1458.115565][    T1] init: Control message: Could not find 'aidl/activity' for ctl.interface_start from pid: 411 (/system/bin/servicemanager)
[ 1458.202701][ T1672] servicemanager: Caller(pid=694,uid=1041,sid=u:r:audioserver:s0) Tried to start aidl service activity as a lazy service, but was unable to. Usually this happens when a service is not installed, but if the service is intended to be used as a lazy service, then it may be configured incorrectly.
[ 1459.047354][  T411] servicemanager: Caller(pid=694,uid=1041,sid=u:r:audioserver:s0) Since 'activity' could not be found trying to start it as a lazy AIDL service. (if it's not configured to be a lazy service, it may be stuck starting or still starting).
[ 1459.369296][    T1] init: Control message: Could not find 'aidl/activity' for ctl.interface_start from pid: 411 (/system/bin/servicemanager)
[ 1459.738579][ T1674] servicemanager: Caller(pid=694,uid=1041,sid=u:r:audioserver:s0) Tried to start aidl service activity as a lazy service, but was unable to. Usually this happens when a service is not installed, but if the service is intended to be used as a lazy service, then it may be configured incorrectly.
[ 1460.301789][  T411] servicemanager: Caller(pid=694,uid=1041,sid=u:r:audioserver:s0) Since 'activity' could not be found trying to start it as a lazy AIDL service. (if it's not configured to be a lazy service, it may be stuck starting or still starting).
[ 1461.132782][    T1] init: Control message: Could not find 'aidl/activity' for ctl.interface_start from pid: 411 (/system/bin/servicemanager)
[ 1461.294407][ T1675] servicemanager: Caller(pid=694,uid=1041,sid=u:r:audioserver:s0) Tried to start aidl service activity as a lazy service, but was unable to. Usually this happens when a service is not installed, but if the service is intended to be used as a lazy service, then it may be configured incorrectly.
[ 1462.462570][  T411] servicemanager: Caller(pid=694,uid=1041,sid=u:r:audioserver:s0) Since 'activity' could not be found trying to start it as a lazy AIDL service. (if it's not configured to be a lazy service, it may be stuck starting or still starting).
[ 1463.347140][    T1] init: Control message: Could not find 'aidl/activity' for ctl.interface_start from pid: 411 (/system/bin/servicemanager)
[ 1463.378916][ T1677] servicemanager: Caller(pid=694,uid=1041,sid=u:r:audioserver:s0) Tried to start aidl service activity as a lazy service, but was unable to. Usually this happens when a service is not installed, but if the service is intended to be used as a lazy service, then it may be configured incorrectly.
[ 1464.068828][  T411] servicemanager: Caller(pid=694,uid=1041,sid=u:r:audioserver:s0) Since 'activity' could not be found trying to start it as a lazy AIDL service. (if it's not configured to be a lazy service, it may be stuck starting or still starting).
[ 1464.416204][    T1] init: Control message: Could not find 'aidl/activity' for ctl.interface_start from pid: 411 (/system/bin/servicemanager)
[ 1464.468374][ T1678] servicemanager: Caller(pid=694,uid=1041,sid=u:r:audioserver:s0) Tried to start aidl service activity as a lazy service, but was unable to. Usually this happens when a service is not installed, but if the service is intended to be used as a lazy service, then it may be configured incorrectly.
[ 1465.378713][  T411] servicemanager: Caller(pid=694,uid=1041,sid=u:r:audioserver:s0) Since 'activity' could not be found trying to start it as a lazy AIDL service. (if it's not configured to be a lazy service, it may be stuck starting or still starting).
[ 1465.594078][    T1] init: Control message: Could not find 'aidl/activity' for ctl.interface_start from pid: 411 (/system/bin/servicemanager)
[ 1465.619172][ T1681] servicemanager: Caller(pid=694,uid=1041,sid=u:r:audioserver:s0) Tried to start aidl service activity as a lazy service, but was unable to. Usually this happens when a service is not installed, but if the service is intended to be used as a lazy service, then it may be configured incorrectly.
[ 1466.741368][  T411] servicemanager: Caller(pid=694,uid=1041,sid=u:r:audioserver:s0) Since 'activity' could not be found trying to start it as a lazy AIDL service. (if it's not configured to be a lazy service, it may be stuck starting or still starting).
[ 1466.773499][    T1] init: Untracked process (pid: 1676 name: (sh) ppid: 1 pgrp: 1669 state: Z) exited with status 129
[ 1466.786965][    T1] init: Untracked process (pid: 1676 name: (sh) ppid: 1 pgrp: 1669 state: Z) did not have an associated service entry and will not be reaped
[ 1467.108243][    T1] init: Control message: Could not find 'aidl/activity' for ctl.interface_start from pid: 411 (/system/bin/servicemanager)
[ 1467.264717][ T1682] servicemanager: Caller(pid=694,uid=1041,sid=u:r:audioserver:s0) Tried to start aidl service activity as a lazy service, but was unable to. Usually this happens when a service is not installed, but if the service is intended to be used as a lazy service, then it may be configured incorrectly.
[ 1468.258029][  T411] servicemanager: Caller(pid=694,uid=1041,sid=u:r:audioserver:s0) Since 'activity' could not be found trying to start it as a lazy AIDL service. (if it's not configured to be a lazy service, it may be stuck starting or still starting).
[ 1469.092235][    T1] init: Control message: Could not find 'aidl/activity' for ctl.interface_start from pid: 411 (/system/bin/servicemanager)
[ 1469.418990][ T1683] servicemanager: Caller(pid=694,uid=1041,sid=u:r:audioserver:s0) Tried to start aidl service activity as a lazy service, but was unable to. Usually this happens when a service is not installed, but if the service is intended to be used as a lazy service, then it may be configured incorrectly.
[ 1470.357195][  T411] servicemanager: Caller(pid=694,uid=1041,sid=u:r:audioserver:s0) Since 'activity' could not be found trying to start it as a lazy AIDL service. (if it's not configured to be a lazy service, it may be stuck starting or still starting).
[ 1470.976005][    T1] init: Control message: Could not find 'aidl/activity' for ctl.interface_start from pid: 411 (/system/bin/servicemanager)
[ 1470.996996][ T1684] servicemanager: Caller(pid=694,uid=1041,sid=u:r:audioserver:s0) Tried to start aidl service activity as a lazy service, but was unable to. Usually this happens when a service is not installed, but if the service is intended to be used as a lazy service, then it may be configured incorrectly.
[ 1471.658224][  T411] servicemanager: Caller(pid=694,uid=1041,sid=u:r:audioserver:s0) Since 'activity' could not be found trying to start it as a lazy AIDL service. (if it's not configured to be a lazy service, it may be stuck starting or still starting).
[ 1471.693547][    T1] init: Control message: Could not find 'aidl/activity' for ctl.interface_start from pid: 411 (/system/bin/servicemanager)
[ 1471.724716][ T1689] servicemanager: Caller(pid=694,uid=1041,sid=u:r:audioserver:s0) Tried to start aidl service activity as a lazy service, but was unable to. Usually this happens when a service is not installed, but if the service is intended to be used as a lazy service, then it may be configured incorrectly.
[ 1472.962265][  T411] servicemanager: Caller(pid=694,uid=1041,sid=u:r:audioserver:s0) Since 'activity' could not be found trying to start it as a lazy AIDL service. (if it's not configured to be a lazy service, it may be stuck starting or still starting).
[ 1473.272651][    T1] init: Control message: Could not find 'aidl/activity' for ctl.interface_start from pid: 411 (/system/bin/servicemanager)
[ 1473.370985][ T1691] servicemanager: Caller(pid=694,uid=1041,sid=u:r:audioserver:s0) Tried to start aidl service activity as a lazy service, but was unable to. Usually this happens when a service is not installed, but if the service is intended to be used as a lazy service, then it may be configured incorrectly.
[ 1474.136974][  T411] servicemanager: Caller(pid=694,uid=1041,sid=u:r:audioserver:s0) Since 'activity' could not be found trying to start it as a lazy AIDL service. (if it's not configured to be a lazy service, it may be stuck starting or still starting).
[ 1474.220350][    T1] init: Control message: Could not find 'aidl/activity' for ctl.interface_start from pid: 411 (/system/bin/servicemanager)
[ 1474.235708][ T1692] servicemanager: Caller(pid=694,uid=1041,sid=u:r:audioserver:s0) Tried to start aidl service activity as a lazy service, but was unable to. Usually this happens when a service is not installed, but if the service is intended to be used as a lazy service, then it may be configured incorrectly.
[ 1475.421179][  T411] servicemanager: Caller(pid=694,uid=1041,sid=u:r:audioserver:s0) Since 'activity' could not be found trying to start it as a lazy AIDL service. (if it's not configured to be a lazy service, it may be stuck starting or still starting).
[ 1475.897201][    T1] init: Control message: Could not find 'aidl/activity' for ctl.interface_start from pid: 411 (/system/bin/servicemanager)
[ 1475.967405][ T1693] servicemanager: Caller(pid=694,uid=1041,sid=u:r:audioserver:s0) Tried to start aidl service activity as a lazy service, but was unable to. Usually this happens when a service is not installed, but if the service is intended to be used as a lazy service, then it may be configured incorrectly.
[ 1476.936908][  T411] servicemanager: Caller(pid=694,uid=1041,sid=u:r:audioserver:s0) Since 'activity' could not be found trying to start it as a lazy AIDL service. (if it's not configured to be a lazy service, it may be stuck starting or still starting).
[ 1477.266043][    T1] init: Control message: Could not find 'aidl/activity' for ctl.interface_start from pid: 411 (/system/bin/servicemanager)
[ 1477.305943][ T1695] servicemanager: Caller(pid=694,uid=1041,sid=u:r:audioserver:s0) Tried to start aidl service activity as a lazy service, but was unable to. Usually this happens when a service is not installed, but if the service is intended to be used as a lazy service, then it may be configured incorrectly.
[ 1478.122616][  T411] servicemanager: Caller(pid=694,uid=1041,sid=u:r:audioserver:s0) Since 'activity' could not be found trying to start it as a lazy AIDL service. (if it's not configured to be a lazy service, it may be stuck starting or still starting).
[ 1478.181753][    T1] init: Control message: Could not find 'aidl/activity' for ctl.interface_start from pid: 411 (/system/bin/servicemanager)
[ 1478.210523][ T1698] servicemanager: Caller(pid=694,uid=1041,sid=u:r:audioserver:s0) Tried to start aidl service activity as a lazy service, but was unable to. Usually this happens when a service is not installed, but if the service is intended to be used as a lazy service, then it may be configured incorrectly.
[ 1479.286493][  T411] servicemanager: Caller(pid=694,uid=1041,sid=u:r:audioserver:s0) Since 'activity' could not be found trying to start it as a lazy AIDL service. (if it's not configured to be a lazy service, it may be stuck starting or still starting).
[ 1479.758589][    T1] init: Control message: Could not find 'aidl/activity' for ctl.interface_start from pid: 411 (/system/bin/servicemanager)
[ 1479.843560][ T1701] servicemanager: Caller(pid=694,uid=1041,sid=u:r:audioserver:s0) Tried to start aidl service activity as a lazy service, but was unable to. Usually this happens when a service is not installed, but if the service is intended to be used as a lazy service, then it may be configured incorrectly.
[ 1480.707904][  T411] servicemanager: Caller(pid=694,uid=1041,sid=u:r:audioserver:s0) Since 'activity' could not be found trying to start it as a lazy AIDL service. (if it's not configured to be a lazy service, it may be stuck starting or still starting).
[ 1480.868235][    T1] init: Control message: Could not find 'aidl/activity' for ctl.interface_start from pid: 411 (/system/bin/servicemanager)
[ 1480.886906][ T1703] servicemanager: Caller(pid=694,uid=1041,sid=u:r:audioserver:s0) Tried to start aidl service activity as a lazy service, but was unable to. Usually this happens when a service is not installed, but if the service is intended to be used as a lazy service, then it may be configured incorrectly.
[ 1481.769707][  T411] servicemanager: Caller(pid=694,uid=1041,sid=u:r:audioserver:s0) Since 'activity' could not be found trying to start it as a lazy AIDL service. (if it's not configured to be a lazy service, it may be stuck starting or still starting).
[ 1481.854659][    T1] init: Control message: Could not find 'aidl/activity' for ctl.interface_start from pid: 411 (/system/bin/servicemanager)
[ 1481.885358][ T1704] servicemanager: Caller(pid=694,uid=1041,sid=u:r:audioserver:s0) Tried to start aidl service activity as a lazy service, but was unable to. Usually this happens when a service is not installed, but if the service is intended to be used as a lazy service, then it may be configured incorrectly.
[ 1482.969200][  T411] servicemanager: Caller(pid=694,uid=1041,sid=u:r:audioserver:s0) Since 'activity' could not be found trying to start it as a lazy AIDL service. (if it's not configured to be a lazy service, it may be stuck starting or still starting).
[ 1483.248355][    T1] init: Control message: Could not find 'aidl/activity' for ctl.interface_start from pid: 411 (/system/bin/servicemanager)
[ 1483.306266][ T1705] servicemanager: Caller(pid=694,uid=1041,sid=u:r:audioserver:s0) Tried to start aidl service activity as a lazy service, but was unable to. Usually this happens when a service is not installed, but if the service is intended to be used as a lazy service, then it may be configured incorrectly.
[ 1484.420110][  T411] servicemanager: Caller(pid=694,uid=1041,sid=u:r:audioserver:s0) Since 'activity' could not be found trying to start it as a lazy AIDL service. (if it's not configured to be a lazy service, it may be stuck starting or still starting).
[ 1484.714107][    T1] init: Control message: Could not find 'aidl/activity' for ctl.interface_start from pid: 411 (/system/bin/servicemanager)
[ 1484.733292][ T1706] servicemanager: Caller(pid=694,uid=1041,sid=u:r:audioserver:s0) Tried to start aidl service activity as a lazy service, but was unable to. Usually this happens when a service is not installed, but if the service is intended to be used as a lazy service, then it may be configured incorrectly.
[ 1485.759475][  T411] servicemanager: Caller(pid=694,uid=1041,sid=u:r:audioserver:s0) Since 'activity' could not be found trying to start it as a lazy AIDL service. (if it's not configured to be a lazy service, it may be stuck starting or still starting).
[ 1486.365197][    T1] init: Control message: Could not find 'aidl/activity' for ctl.interface_start from pid: 411 (/system/bin/servicemanager)
[ 1486.469111][ T1711] servicemanager: Caller(pid=694,uid=1041,sid=u:r:audioserver:s0) Tried to start aidl service activity as a lazy service, but was unable to. Usually this happens when a service is not installed, but if the service is intended to be used as a lazy service, then it may be configured incorrectly.
[ 1487.282307][  T411] servicemanager: Caller(pid=694,uid=1041,sid=u:r:audioserver:s0) Since 'activity' could not be found trying to start it as a lazy AIDL service. (if it's not configured to be a lazy service, it may be stuck starting or still starting).
[ 1487.373446][    T1] init: Control message: Could not find 'aidl/activity' for ctl.interface_start from pid: 411 (/system/bin/servicemanager)
[ 1487.413569][ T1714] servicemanager: Caller(pid=694,uid=1041,sid=u:r:audioserver:s0) Tried to start aidl service activity as a lazy service, but was unable to. Usually this happens when a service is not installed, but if the service is intended to be used as a lazy service, then it may be configured incorrectly.
[ 1488.330313][  T411] servicemanager: Caller(pid=694,uid=1041,sid=u:r:audioserver:s0) Since 'activity' could not be found trying to start it as a lazy AIDL service. (if it's not configured to be a lazy service, it may be stuck starting or still starting).
[ 1488.365094][    T1] init: Control message: Could not find 'aidl/activity' for ctl.interface_start from pid: 411 (/system/bin/servicemanager)
[ 1488.425977][ T1717] servicemanager: Caller(pid=694,uid=1041,sid=u:r:audioserver:s0) Tried to start aidl service activity as a lazy service, but was unable to. Usually this happens when a service is not installed, but if the service is intended to be used as a lazy service, then it may be configured incorrectly.
[ 1489.668312][  T411] servicemanager: Caller(pid=694,uid=1041,sid=u:r:audioserver:s0) Since 'activity' could not be found trying to start it as a lazy AIDL service. (if it's not configured to be a lazy service, it may be stuck starting or still starting).
[ 1490.149251][    T1] init: Control message: Could not find 'aidl/activity' for ctl.interface_start from pid: 411 (/system/bin/servicemanager)
[ 1490.375662][ T1718] servicemanager: Caller(pid=694,uid=1041,sid=u:r:audioserver:s0) Tried to start aidl service activity as a lazy service, but was unable to. Usually this happens when a service is not installed, but if the service is intended to be used as a lazy service, then it may be configured incorrectly.
[ 1491.005662][  T411] servicemanager: Caller(pid=694,uid=1041,sid=u:r:audioserver:s0) Since 'activity' could not be found trying to start it as a lazy AIDL service. (if it's not configured to be a lazy service, it may be stuck starting or still starting).
[ 1491.364432][    T1] init: Control message: Could not find 'aidl/activity' for ctl.interface_start from pid: 411 (/system/bin/servicemanager)
[ 1491.423247][ T1721] servicemanager: Caller(pid=694,uid=1041,sid=u:r:audioserver:s0) Tried to start aidl service activity as a lazy service, but was unable to. Usually this happens when a service is not installed, but if the service is intended to be used as a lazy service, then it may be configured incorrectly.
[ 1492.495540][  T411] servicemanager: Caller(pid=694,uid=1041,sid=u:r:audioserver:s0) Since 'activity' could not be found trying to start it as a lazy AIDL service. (if it's not configured to be a lazy service, it may be stuck starting or still starting).
[ 1492.982913][    T1] init: Control message: Could not find 'aidl/activity' for ctl.interface_start from pid: 411 (/system/bin/servicemanager)
[ 1493.100596][ T1722] servicemanager: Caller(pid=694,uid=1041,sid=u:r:audioserver:s0) Tried to start aidl service activity as a lazy service, but was unable to. Usually this happens when a service is not installed, but if the service is intended to be used as a lazy service, then it may be configured incorrectly.
[ 1493.638301][  T411] servicemanager: Caller(pid=694,uid=1041,sid=u:r:audioserver:s0) Since 'activity' could not be found trying to start it as a lazy AIDL service. (if it's not configured to be a lazy service, it may be stuck starting or still starting).
[ 1493.728562][    T1] init: Control message: Could not find 'aidl/activity' for ctl.interface_start from pid: 411 (/system/bin/servicemanager)
[ 1493.802866][ T1723] servicemanager: Caller(pid=694,uid=1041,sid=u:r:audioserver:s0) Tried to start aidl service activity as a lazy service, but was unable to. Usually this happens when a service is not installed, but if the service is intended to be used as a lazy service, then it may be configured incorrectly.
[ 1494.704870][  T411] servicemanager: Caller(pid=694,uid=1041,sid=u:r:audioserver:s0) Since 'activity' could not be found trying to start it as a lazy AIDL service. (if it's not configured to be a lazy service, it may be stuck starting or still starting).
[ 1494.800194][    T1] init: Control message: Could not find 'aidl/activity' for ctl.interface_start from pid: 411 (/system/bin/servicemanager)
[ 1494.822078][ T1727] servicemanager: Caller(pid=694,uid=1041,sid=u:r:audioserver:s0) Tried to start aidl service activity as a lazy service, but was unable to. Usually this happens when a service is not installed, but if the service is intended to be used as a lazy service, then it may be configured incorrectly.
[ 1495.784036][  T411] servicemanager: Caller(pid=694,uid=1041,sid=u:r:audioserver:s0) Since 'activity' could not be found trying to start it as a lazy AIDL service. (if it's not configured to be a lazy service, it may be stuck starting or still starting).
[ 1495.815064][    T1] init: Control message: Could not find 'aidl/activity' for ctl.interface_start from pid: 411 (/system/bin/servicemanager)
[ 1496.034619][ T1728] servicemanager: Caller(pid=694,uid=1041,sid=u:r:audioserver:s0) Tried to start aidl service activity as a lazy service, but was unable to. Usually this happens when a service is not installed, but if the service is intended to be used as a lazy service, then it may be configured incorrectly.
[ 1496.807246][  T411] servicemanager: Caller(pid=694,uid=1041,sid=u:r:audioserver:s0) Since 'activity' could not be found trying to start it as a lazy AIDL service. (if it's not configured to be a lazy service, it may be stuck starting or still starting).
[ 1496.851442][    T1] init: Control message: Could not find 'aidl/activity' for ctl.interface_start from pid: 411 (/system/bin/servicemanager)
[ 1496.899367][ T1729] servicemanager: Caller(pid=694,uid=1041,sid=u:r:audioserver:s0) Tried to start aidl service activity as a lazy service, but was unable to. Usually this happens when a service is not installed, but if the service is intended to be used as a lazy service, then it may be configured incorrectly.
[ 1498.162589][  T411] servicemanager: Caller(pid=694,uid=1041,sid=u:r:audioserver:s0) Since 'activity' could not be found trying to start it as a lazy AIDL service. (if it's not configured to be a lazy service, it may be stuck starting or still starting).
[ 1498.537194][    T1] init: Control message: Could not find 'aidl/activity' for ctl.interface_start from pid: 411 (/system/bin/servicemanager)
[ 1498.979775][ T1730] servicemanager: Caller(pid=694,uid=1041,sid=u:r:audioserver:s0) Tried to start aidl service activity as a lazy service, but was unable to. Usually this happens when a service is not installed, but if the service is intended to be used as a lazy service, then it may be configured incorrectly.
[ 1499.624722][  T411] servicemanager: Caller(pid=694,uid=1041,sid=u:r:audioserver:s0) Since 'activity' could not be found trying to start it as a lazy AIDL service. (if it's not configured to be a lazy service, it may be stuck starting or still starting).
[ 1499.988996][    T1] init: Control message: Could not find 'aidl/activity' for ctl.interface_start from pid: 411 (/system/bin/servicemanager)
[ 1500.057067][ T1731] servicemanager: Caller(pid=694,uid=1041,sid=u:r:audioserver:s0) Tried to start aidl service activity as a lazy service, but was unable to. Usually this happens when a service is not installed, but if the service is intended to be used as a lazy service, then it may be configured incorrectly.
[ 1501.169399][  T411] servicemanager: Caller(pid=694,uid=1041,sid=u:r:audioserver:s0) Since 'activity' could not be found trying to start it as a lazy AIDL service. (if it's not configured to be a lazy service, it may be stuck starting or still starting).
[ 1501.728249][    T1] init: Control message: Could not find 'aidl/activity' for ctl.interface_start from pid: 411 (/system/bin/servicemanager)
[ 1502.024938][ T1733] servicemanager: Caller(pid=694,uid=1041,sid=u:r:audioserver:s0) Tried to start aidl service activity as a lazy service, but was unable to. Usually this happens when a service is not installed, but if the service is intended to be used as a lazy service, then it may be configured incorrectly.
[ 1502.671443][  T411] servicemanager: Caller(pid=694,uid=1041,sid=u:r:audioserver:s0) Since 'activity' could not be found trying to start it as a lazy AIDL service. (if it's not configured to be a lazy service, it may be stuck starting or still starting).
[ 1503.169157][    T1] init: Control message: Could not find 'aidl/activity' for ctl.interface_start from pid: 411 (/system/bin/servicemanager)
[ 1503.224478][ T1738] servicemanager: Caller(pid=694,uid=1041,sid=u:r:audioserver:s0) Tried to start aidl service activity as a lazy service, but was unable to. Usually this happens when a service is not installed, but if the service is intended to be used as a lazy service, then it may be configured incorrectly.
[ 1504.092546][  T411] servicemanager: Caller(pid=694,uid=1041,sid=u:r:audioserver:s0) Since 'activity' could not be found trying to start it as a lazy AIDL service. (if it's not configured to be a lazy service, it may be stuck starting or still starting).
[ 1504.461121][    T1] init: Control message: Could not find 'aidl/activity' for ctl.interface_start from pid: 411 (/system/bin/servicemanager)
[ 1504.520311][ T1741] servicemanager: Caller(pid=694,uid=1041,sid=u:r:audioserver:s0) Tried to start aidl service activity as a lazy service, but was unable to. Usually this happens when a service is not installed, but if the service is intended to be used as a lazy service, then it may be configured incorrectly.
[ 1505.172926][  T411] servicemanager: Caller(pid=694,uid=1041,sid=u:r:audioserver:s0) Since 'activity' could not be found trying to start it as a lazy AIDL service. (if it's not configured to be a lazy service, it may be stuck starting or still starting).
[ 1506.233250][    T1] init: Control message: Could not find 'aidl/activity' for ctl.interface_start from pid: 411 (/system/bin/servicemanager)
[ 1506.603181][ T1743] servicemanager: Caller(pid=694,uid=1041,sid=u:r:audioserver:s0) Tried to start aidl service activity as a lazy service, but was unable to. Usually this happens when a service is not installed, but if the service is intended to be used as a lazy service, then it may be configured incorrectly.
[ 1507.388537][  T411] servicemanager: Caller(pid=694,uid=1041,sid=u:r:audioserver:s0) Since 'activity' could not be found trying to start it as a lazy AIDL service. (if it's not configured to be a lazy service, it may be stuck starting or still starting).
[ 1507.958146][    T1] init: Control message: Could not find 'aidl/activity' for ctl.interface_start from pid: 411 (/system/bin/servicemanager)
[ 1508.029095][ T1744] servicemanager: Caller(pid=694,uid=1041,sid=u:r:audioserver:s0) Tried to start aidl service activity as a lazy service, but was unable to. Usually this happens when a service is not installed, but if the service is intended to be used as a lazy service, then it may be configured incorrectly.
[ 1508.592722][  T411] servicemanager: Caller(pid=694,uid=1041,sid=u:r:audioserver:s0) Since 'activity' could not be found trying to start it as a lazy AIDL service. (if it's not configured to be a lazy service, it may be stuck starting or still starting).
[ 1508.689693][    T1] init: Control message: Could not find 'aidl/activity' for ctl.interface_start from pid: 411 (/system/bin/servicemanager)
[ 1508.701155][ T1747] servicemanager: Caller(pid=694,uid=1041,sid=u:r:audioserver:s0) Tried to start aidl service activity as a lazy service, but was unable to. Usually this happens when a service is not installed, but if the service is intended to be used as a lazy service, then it may be configured incorrectly.
[ 1510.004598][  T411] servicemanager: Caller(pid=694,uid=1041,sid=u:r:audioserver:s0) Since 'activity' could not be found trying to start it as a lazy AIDL service. (if it's not configured to be a lazy service, it may be stuck starting or still starting).
[ 1510.497524][    T1] init: Control message: Could not find 'aidl/activity' for ctl.interface_start from pid: 411 (/system/bin/servicemanager)
[ 1510.536305][ T1748] servicemanager: Caller(pid=694,uid=1041,sid=u:r:audioserver:s0) Tried to start aidl service activity as a lazy service, but was unable to. Usually this happens when a service is not installed, but if the service is intended to be used as a lazy service, then it may be configured incorrectly.
[ 1511.194654][  T411] servicemanager: Caller(pid=694,uid=1041,sid=u:r:audioserver:s0) Since 'activity' could not be found trying to start it as a lazy AIDL service. (if it's not configured to be a lazy service, it may be stuck starting or still starting).
[ 1511.259060][    T1] init: Control message: Could not find 'aidl/activity' for ctl.interface_start from pid: 411 (/system/bin/servicemanager)
[ 1511.274618][ T1751] servicemanager: Caller(pid=694,uid=1041,sid=u:r:audioserver:s0) Tried to start aidl service activity as a lazy service, but was unable to. Usually this happens when a service is not installed, but if the service is intended to be used as a lazy service, then it may be configured incorrectly.
[ 1512.659935][  T411] servicemanager: Caller(pid=694,uid=1041,sid=u:r:audioserver:s0) Since 'activity' could not be found trying to start it as a lazy AIDL service. (if it's not configured to be a lazy service, it may be stuck starting or still starting).
[ 1512.976037][    T1] init: Control message: Could not find 'aidl/activity' for ctl.interface_start from pid: 411 (/system/bin/servicemanager)
[ 1512.997735][ T1753] servicemanager: Caller(pid=694,uid=1041,sid=u:r:audioserver:s0) Tried to start aidl service activity as a lazy service, but was unable to. Usually this happens when a service is not installed, but if the service is intended to be used as a lazy service, then it may be configured incorrectly.
[ 1513.805603][  T411] servicemanager: Caller(pid=694,uid=1041,sid=u:r:audioserver:s0) Since 'activity' could not be found trying to start it as a lazy AIDL service. (if it's not configured to be a lazy service, it may be stuck starting or still starting).
[ 1513.907840][    T1] init: Control message: Could not find 'aidl/activity' for ctl.interface_start from pid: 411 (/system/bin/servicemanager)
[ 1513.942549][ T1754] servicemanager: Caller(pid=694,uid=1041,sid=u:r:audioserver:s0) Tried to start aidl service activity as a lazy service, but was unable to. Usually this happens when a service is not installed, but if the service is intended to be used as a lazy service, then it may be configured incorrectly.
[ 1514.873837][  T411] servicemanager: Caller(pid=694,uid=1041,sid=u:r:audioserver:s0) Since 'activity' could not be found trying to start it as a lazy AIDL service. (if it's not configured to be a lazy service, it may be stuck starting or still starting).
[ 1514.896514][    T1] init: Control message: Could not find 'aidl/activity' for ctl.interface_start from pid: 411 (/system/bin/servicemanager)
[ 1514.920004][ T1756] servicemanager: Caller(pid=694,uid=1041,sid=u:r:audioserver:s0) Tried to start aidl service activity as a lazy service, but was unable to. Usually this happens when a service is not installed, but if the service is intended to be used as a lazy service, then it may be configured incorrectly.
[ 1516.310163][  T411] servicemanager: Caller(pid=694,uid=1041,sid=u:r:audioserver:s0) Since 'activity' could not be found trying to start it as a lazy AIDL service. (if it's not configured to be a lazy service, it may be stuck starting or still starting).
[ 1517.064457][    T1] init: Control message: Could not find 'aidl/activity' for ctl.interface_start from pid: 411 (/system/bin/servicemanager)
[ 1517.453966][ T1758] servicemanager: Caller(pid=694,uid=1041,sid=u:r:audioserver:s0) Tried to start aidl service activity as a lazy service, but was unable to. Usually this happens when a service is not installed, but if the service is intended to be used as a lazy service, then it may be configured incorrectly.
[ 1518.226778][  T411] servicemanager: Caller(pid=694,uid=1041,sid=u:r:audioserver:s0) Since 'activity' could not be found trying to start it as a lazy AIDL service. (if it's not configured to be a lazy service, it may be stuck starting or still starting).
[ 1518.615230][    T1] init: Control message: Could not find 'aidl/activity' for ctl.interface_start from pid: 411 (/system/bin/servicemanager)
[ 1518.628684][ T1762] servicemanager: Caller(pid=694,uid=1041,sid=u:r:audioserver:s0) Tried to start aidl service activity as a lazy service, but was unable to. Usually this happens when a service is not installed, but if the service is intended to be used as a lazy service, then it may be configured incorrectly.
[ 1519.310006][  T411] servicemanager: Caller(pid=694,uid=1041,sid=u:r:audioserver:s0) Since 'activity' could not be found trying to start it as a lazy AIDL service. (if it's not configured to be a lazy service, it may be stuck starting or still starting).
[ 1519.439191][    T1] init: Control message: Could not find 'aidl/activity' for ctl.interface_start from pid: 411 (/system/bin/servicemanager)
[ 1519.456079][ T1765] servicemanager: Caller(pid=694,uid=1041,sid=u:r:audioserver:s0) Tried to start aidl service activity as a lazy service, but was unable to. Usually this happens when a service is not installed, but if the service is intended to be used as a lazy service, then it may be configured incorrectly.
[ 1520.949717][  T411] servicemanager: Caller(pid=694,uid=1041,sid=u:r:audioserver:s0) Since 'activity' could not be found trying to start it as a lazy AIDL service. (if it's not configured to be a lazy service, it may be stuck starting or still starting).
[ 1521.463465][    T1] init: Control message: Could not find 'aidl/activity' for ctl.interface_start from pid: 411 (/system/bin/servicemanager)
[ 1521.945360][ T1768] servicemanager: Caller(pid=694,uid=1041,sid=u:r:audioserver:s0) Tried to start aidl service activity as a lazy service, but was unable to. Usually this happens when a service is not installed, but if the service is intended to be used as a lazy service, then it may be configured incorrectly.
[ 1523.110118][  T411] servicemanager: Caller(pid=694,uid=1041,sid=u:r:audioserver:s0) Since 'activity' could not be found trying to start it as a lazy AIDL service. (if it's not configured to be a lazy service, it may be stuck starting or still starting).
[ 1523.608725][    T1] init: Control message: Could not find 'aidl/activity' for ctl.interface_start from pid: 411 (/system/bin/servicemanager)
[ 1524.001216][ T1769] servicemanager: Caller(pid=694,uid=1041,sid=u:r:audioserver:s0) Tried to start aidl service activity as a lazy service, but was unable to. Usually this happens when a service is not installed, but if the service is intended to be used as a lazy service, then it may be configured incorrectly.
[ 1524.793198][  T411] servicemanager: Caller(pid=694,uid=1041,sid=u:r:audioserver:s0) Since 'activity' could not be found trying to start it as a lazy AIDL service. (if it's not configured to be a lazy service, it may be stuck starting or still starting).
[ 1525.625543][    T1] init: Control message: Could not find 'aidl/activity' for ctl.interface_start from pid: 411 (/system/bin/servicemanager)
[ 1525.869958][ T1770] servicemanager: Caller(pid=694,uid=1041,sid=u:r:audioserver:s0) Tried to start aidl service activity as a lazy service, but was unable to. Usually this happens when a service is not installed, but if the service is intended to be used as a lazy service, then it may be configured incorrectly.
[ 1526.289602][  T411] servicemanager: Caller(pid=694,uid=1041,sid=u:r:audioserver:s0) Since 'activity' could not be found trying to start it as a lazy AIDL service. (if it's not configured to be a lazy service, it may be stuck starting or still starting).
[ 1526.801777][    T1] init: Control message: Could not find 'aidl/activity' for ctl.interface_start from pid: 411 (/system/bin/servicemanager)
[ 1526.867145][ T1773] servicemanager: Caller(pid=694,uid=1041,sid=u:r:audioserver:s0) Tried to start aidl service activity as a lazy service, but was unable to. Usually this happens when a service is not installed, but if the service is intended to be used as a lazy service, then it may be configured incorrectly.
[ 1527.381688][  T411] servicemanager: Caller(pid=694,uid=1041,sid=u:r:audioserver:s0) Since 'activity' could not be found trying to start it as a lazy AIDL service. (if it's not configured to be a lazy service, it may be stuck starting or still starting).
[ 1527.596610][    T1] init: Control message: Could not find 'aidl/activity' for ctl.interface_start from pid: 411 (/system/bin/servicemanager)
[ 1527.637514][ T1774] servicemanager: Caller(pid=694,uid=1041,sid=u:r:audioserver:s0) Tried to start aidl service activity as a lazy service, but was unable to. Usually this happens when a service is not installed, but if the service is intended to be used as a lazy service, then it may be configured incorrectly.
[ 1528.518933][  T411] servicemanager: Caller(pid=694,uid=1041,sid=u:r:audioserver:s0) Since 'activity' could not be found trying to start it as a lazy AIDL service. (if it's not configured to be a lazy service, it may be stuck starting or still starting).
[ 1528.555146][    T1] init: Control message: Could not find 'aidl/activity' for ctl.interface_start from pid: 411 (/system/bin/servicemanager)
[ 1528.568463][ T1776] servicemanager: Caller(pid=694,uid=1041,sid=u:r:audioserver:s0) Tried to start aidl service activity as a lazy service, but was unable to. Usually this happens when a service is not installed, but if the service is intended to be used as a lazy service, then it may be configured incorrectly.
[ 1530.652716][  T411] servicemanager: Caller(pid=694,uid=1041,sid=u:r:audioserver:s0) Since 'activity' could not be found trying to start it as a lazy AIDL service. (if it's not configured to be a lazy service, it may be stuck starting or still starting).
[ 1531.002354][    T1] init: Control message: Could not find 'aidl/activity' for ctl.interface_start from pid: 411 (/system/bin/servicemanager)
[ 1531.029597][ T1777] servicemanager: Caller(pid=694,uid=1041,sid=u:r:audioserver:s0) Tried to start aidl service activity as a lazy service, but was unable to. Usually this happens when a service is not installed, but if the service is intended to be used as a lazy service, then it may be configured incorrectly.
[ 1532.442820][  T411] servicemanager: Caller(pid=694,uid=1041,sid=u:r:audioserver:s0) Since 'activity' could not be found trying to start it as a lazy AIDL service. (if it's not configured to be a lazy service, it may be stuck starting or still starting).
[ 1532.898907][    T1] init: Control message: Could not find 'aidl/activity' for ctl.interface_start from pid: 411 (/system/bin/servicemanager)
[ 1532.928824][ T1779] servicemanager: Caller(pid=694,uid=1041,sid=u:r:audioserver:s0) Tried to start aidl service activity as a lazy service, but was unable to. Usually this happens when a service is not installed, but if the service is intended to be used as a lazy service, then it may be configured incorrectly.
[ 1534.140863][  T411] servicemanager: Caller(pid=694,uid=1041,sid=u:r:audioserver:s0) Since 'activity' could not be found trying to start it as a lazy AIDL service. (if it's not configured to be a lazy service, it may be stuck starting or still starting).
[ 1535.295013][    T1] init: Control message: Could not find 'aidl/activity' for ctl.interface_start from pid: 411 (/system/bin/servicemanager)
[ 1535.727316][ T1783] servicemanager: Caller(pid=694,uid=1041,sid=u:r:audioserver:s0) Tried to start aidl service activity as a lazy service, but was unable to. Usually this happens when a service is not installed, but if the service is intended to be used as a lazy service, then it may be configured incorrectly.
[ 1536.240761][  T411] servicemanager: Caller(pid=694,uid=1041,sid=u:r:audioserver:s0) Since 'activity' could not be found trying to start it as a lazy AIDL service. (if it's not configured to be a lazy service, it may be stuck starting or still starting).
[ 1536.537680][    T1] init: Control message: Could not find 'aidl/activity' for ctl.interface_start from pid: 411 (/system/bin/servicemanager)
[ 1536.571303][ T1787] servicemanager: Caller(pid=694,uid=1041,sid=u:r:audioserver:s0) Tried to start aidl service activity as a lazy service, but was unable to. Usually this happens when a service is not installed, but if the service is intended to be used as a lazy service, then it may be configured incorrectly.
[ 1537.577701][  T411] servicemanager: Caller(pid=694,uid=1041,sid=u:r:audioserver:s0) Since 'activity' could not be found trying to start it as a lazy AIDL service. (if it's not configured to be a lazy service, it may be stuck starting or still starting).
[ 1537.999197][    T1] init: Control message: Could not find 'aidl/activity' for ctl.interface_start from pid: 411 (/system/bin/servicemanager)
[ 1538.013318][ T1789] servicemanager: Caller(pid=694,uid=1041,sid=u:r:audioserver:s0) Tried to start aidl service activity as a lazy service, but was unable to. Usually this happens when a service is not installed, but if the service is intended to be used as a lazy service, then it may be configured incorrectly.
[ 1538.874607][  T411] servicemanager: Caller(pid=694,uid=1041,sid=u:r:audioserver:s0) Since 'activity' could not be found trying to start it as a lazy AIDL service. (if it's not configured to be a lazy service, it may be stuck starting or still starting).
[ 1539.458510][    T1] init: Control message: Could not find 'aidl/activity' for ctl.interface_start from pid: 411 (/system/bin/servicemanager)
[ 1539.499282][ T1792] servicemanager: Caller(pid=694,uid=1041,sid=u:r:audioserver:s0) Tried to start aidl service activity as a lazy service, but was unable to. Usually this happens when a service is not installed, but if the service is intended to be used as a lazy service, then it may be configured incorrectly.
[ 1539.985743][  T411] servicemanager: Caller(pid=694,uid=1041,sid=u:r:audioserver:s0) Since 'activity' could not be found trying to start it as a lazy AIDL service. (if it's not configured to be a lazy service, it may be stuck starting or still starting).
[ 1540.344173][    T1] init: Control message: Could not find 'aidl/activity' for ctl.interface_start from pid: 411 (/system/bin/servicemanager)
[ 1540.394058][ T1793] servicemanager: Caller(pid=694,uid=1041,sid=u:r:audioserver:s0) Tried to start aidl service activity as a lazy service, but was unable to. Usually this happens when a service is not installed, but if the service is intended to be used as a lazy service, then it may be configured incorrectly.
[ 1541.444234][  T411] servicemanager: Caller(pid=694,uid=1041,sid=u:r:audioserver:s0) Since 'activity' could not be found trying to start it as a lazy AIDL service. (if it's not configured to be a lazy service, it may be stuck starting or still starting).
[ 1542.166710][    T1] init: Control message: Could not find 'aidl/activity' for ctl.interface_start from pid: 411 (/system/bin/servicemanager)
[ 1542.448093][ T1794] servicemanager: Caller(pid=694,uid=1041,sid=u:r:audioserver:s0) Tried to start aidl service activity as a lazy service, but was unable to. Usually this happens when a service is not installed, but if the service is intended to be used as a lazy service, then it may be configured incorrectly.
[ 1543.415841][  T411] servicemanager: Caller(pid=694,uid=1041,sid=u:r:audioserver:s0) Since 'activity' could not be found trying to start it as a lazy AIDL service. (if it's not configured to be a lazy service, it may be stuck starting or still starting).
[ 1543.788174][    T1] init: Control message: Could not find 'aidl/activity' for ctl.interface_start from pid: 411 (/system/bin/servicemanager)
[ 1543.844559][ T1796] servicemanager: Caller(pid=694,uid=1041,sid=u:r:audioserver:s0) Tried to start aidl service activity as a lazy service, but was unable to. Usually this happens when a service is not installed, but if the service is intended to be used as a lazy service, then it may be configured incorrectly.
[ 1544.893993][  T411] servicemanager: Caller(pid=694,uid=1041,sid=u:r:audioserver:s0) Since 'activity' could not be found trying to start it as a lazy AIDL service. (if it's not configured to be a lazy service, it may be stuck starting or still starting).
[ 1545.671872][    T1] init: Control message: Could not find 'aidl/activity' for ctl.interface_start from pid: 411 (/system/bin/servicemanager)
[ 1545.879807][ T1799] servicemanager: Caller(pid=694,uid=1041,sid=u:r:audioserver:s0) Tried to start aidl service activity as a lazy service, but was unable to. Usually this happens when a service is not installed, but if the service is intended to be used as a lazy service, then it may be configured incorrectly.
[ 1546.443388][  T411] servicemanager: Caller(pid=694,uid=1041,sid=u:r:audioserver:s0) Since 'activity' could not be found trying to start it as a lazy AIDL service. (if it's not configured to be a lazy service, it may be stuck starting or still starting).
[ 1546.526244][    T1] init: Control message: Could not find 'aidl/activity' for ctl.interface_start from pid: 411 (/system/bin/servicemanager)
[ 1546.537947][ T1800] servicemanager: Caller(pid=694,uid=1041,sid=u:r:audioserver:s0) Tried to start aidl service activity as a lazy service, but was unable to. Usually this happens when a service is not installed, but if the service is intended to be used as a lazy service, then it may be configured incorrectly.
[ 1547.472250][  T411] servicemanager: Caller(pid=694,uid=1041,sid=u:r:audioserver:s0) Since 'activity' could not be found trying to start it as a lazy AIDL service. (if it's not configured to be a lazy service, it may be stuck starting or still starting).
[ 1547.532050][    T1] init: Control message: Could not find 'aidl/activity' for ctl.interface_start from pid: 411 (/system/bin/servicemanager)
[ 1547.546117][ T1805] servicemanager: Caller(pid=694,uid=1041,sid=u:r:audioserver:s0) Tried to start aidl service activity as a lazy service, but was unable to. Usually this happens when a service is not installed, but if the service is intended to be used as a lazy service, then it may be configured incorrectly.
[ 1548.536882][  T411] servicemanager: Caller(pid=694,uid=1041,sid=u:r:audioserver:s0) Since 'activity' could not be found trying to start it as a lazy AIDL service. (if it's not configured to be a lazy service, it may be stuck starting or still starting).
[ 1548.612933][    T1] init: Control message: Could not find 'aidl/activity' for ctl.interface_start from pid: 411 (/system/bin/servicemanager)
[ 1548.632046][ T1809] servicemanager: Caller(pid=694,uid=1041,sid=u:r:audioserver:s0) Tried to start aidl service activity as a lazy service, but was unable to. Usually this happens when a service is not installed, but if the service is intended to be used as a lazy service, then it may be configured incorrectly.
[ 1549.613347][  T411] servicemanager: Caller(pid=694,uid=1041,sid=u:r:audioserver:s0) Since 'activity' could not be found trying to start it as a lazy AIDL service. (if it's not configured to be a lazy service, it may be stuck starting or still starting).
[ 1549.653050][    T1] init: Control message: Could not find 'aidl/activity' for ctl.interface_start from pid: 411 (/system/bin/servicemanager)
[ 1549.679651][ T1812] servicemanager: Caller(pid=694,uid=1041,sid=u:r:audioserver:s0) Tried to start aidl service activity as a lazy service, but was unable to. Usually this happens when a service is not installed, but if the service is intended to be used as a lazy service, then it may be configured incorrectly.
[ 1550.915154][  T411] servicemanager: Caller(pid=694,uid=1041,sid=u:r:audioserver:s0) Since 'activity' could not be found trying to start it as a lazy AIDL service. (if it's not configured to be a lazy service, it may be stuck starting or still starting).
[ 1551.805388][    T1] init: Control message: Could not find 'aidl/activity' for ctl.interface_start from pid: 411 (/system/bin/servicemanager)
[ 1551.956343][ T1813] servicemanager: Caller(pid=694,uid=1041,sid=u:r:audioserver:s0) Tried to start aidl service activity as a lazy service, but was unable to. Usually this happens when a service is not installed, but if the service is intended to be used as a lazy service, then it may be configured incorrectly.
[ 1552.575259][  T411] servicemanager: Caller(pid=694,uid=1041,sid=u:r:audioserver:s0) Since 'activity' could not be found trying to start it as a lazy AIDL service. (if it's not configured to be a lazy service, it may be stuck starting or still starting).
[ 1553.031128][    T1] init: Control message: Could not find 'aidl/activity' for ctl.interface_start from pid: 411 (/system/bin/servicemanager)
[ 1553.055057][ T1814] servicemanager: Caller(pid=694,uid=1041,sid=u:r:audioserver:s0) Tried to start aidl service activity as a lazy service, but was unable to. Usually this happens when a service is not installed, but if the service is intended to be used as a lazy service, then it may be configured incorrectly.
[ 1553.684466][  T411] servicemanager: Caller(pid=694,uid=1041,sid=u:r:audioserver:s0) Since 'activity' could not be found trying to start it as a lazy AIDL service. (if it's not configured to be a lazy service, it may be stuck starting or still starting).
[ 1553.753992][    T1] init: Control message: Could not find 'aidl/activity' for ctl.interface_start from pid: 411 (/system/bin/servicemanager)
[ 1553.777661][ T1816] servicemanager: Caller(pid=694,uid=1041,sid=u:r:audioserver:s0) Tried to start aidl service activity as a lazy service, but was unable to. Usually this happens when a service is not installed, but if the service is intended to be used as a lazy service, then it may be configured incorrectly.
[ 1554.752574][  T411] servicemanager: Caller(pid=694,uid=1041,sid=u:r:audioserver:s0) Since 'activity' could not be found trying to start it as a lazy AIDL service. (if it's not configured to be a lazy service, it may be stuck starting or still starting).
[ 1554.829605][    T1] init: Control message: Could not find 'aidl/activity' for ctl.interface_start from pid: 411 (/system/bin/servicemanager)
[ 1554.872322][ T1820] servicemanager: Caller(pid=694,uid=1041,sid=u:r:audioserver:s0) Tried to start aidl service activity as a lazy service, but was unable to. Usually this happens when a service is not installed, but if the service is intended to be used as a lazy service, then it may be configured incorrectly.
[ 1556.241408][  T411] servicemanager: Caller(pid=694,uid=1041,sid=u:r:audioserver:s0) Since 'activity' could not be found trying to start it as a lazy AIDL service. (if it's not configured to be a lazy service, it may be stuck starting or still starting).
[ 1556.805498][    T1] init: Control message: Could not find 'aidl/activity' for ctl.interface_start from pid: 411 (/system/bin/servicemanager)
[ 1556.860114][ T1823] servicemanager: Caller(pid=694,uid=1041,sid=u:r:audioserver:s0) Tried to start aidl service activity as a lazy service, but was unable to. Usually this happens when a service is not installed, but if the service is intended to be used as a lazy service, then it may be configured incorrectly.
[ 1557.403613][  T411] servicemanager: Caller(pid=694,uid=1041,sid=u:r:audioserver:s0) Since 'activity' could not be found trying to start it as a lazy AIDL service. (if it's not configured to be a lazy service, it may be stuck starting or still starting).
[ 1557.474487][    T1] init: Control message: Could not find 'aidl/activity' for ctl.interface_start from pid: 411 (/system/bin/servicemanager)
[ 1557.544639][ T1825] servicemanager: Caller(pid=694,uid=1041,sid=u:r:audioserver:s0) Tried to start aidl service activity as a lazy service, but was unable to. Usually this happens when a service is not installed, but if the service is intended to be used as a lazy service, then it may be configured incorrectly.
[ 1558.444087][  T411] servicemanager: Caller(pid=694,uid=1041,sid=u:r:audioserver:s0) Since 'activity' could not be found trying to start it as a lazy AIDL service. (if it's not configured to be a lazy service, it may be stuck starting or still starting).
[ 1558.483887][    T1] init: Control message: Could not find 'aidl/activity' for ctl.interface_start from pid: 411 (/system/bin/servicemanager)
[ 1558.502284][ T1826] servicemanager: Caller(pid=694,uid=1041,sid=u:r:audioserver:s0) Tried to start aidl service activity as a lazy service, but was unable to. Usually this happens when a service is not installed, but if the service is intended to be used as a lazy service, then it may be configured incorrectly.
[ 1559.895833][  T411] servicemanager: Caller(pid=694,uid=1041,sid=u:r:audioserver:s0) Since 'activity' could not be found trying to start it as a lazy AIDL service. (if it's not configured to be a lazy service, it may be stuck starting or still starting).
[ 1560.956354][    T1] init: Control message: Could not find 'aidl/activity' for ctl.interface_start from pid: 411 (/system/bin/servicemanager)
[ 1561.370535][ T1827] servicemanager: Caller(pid=694,uid=1041,sid=u:r:audioserver:s0) Tried to start aidl service activity as a lazy service, but was unable to. Usually this happens when a service is not installed, but if the service is intended to be used as a lazy service, then it may be configured incorrectly.
[ 1562.126660][  T411] servicemanager: Caller(pid=694,uid=1041,sid=u:r:audioserver:s0) Since 'activity' could not be found trying to start it as a lazy AIDL service. (if it's not configured to be a lazy service, it may be stuck starting or still starting).
[ 1562.801242][    T1] init: Control message: Could not find 'aidl/activity' for ctl.interface_start from pid: 411 (/system/bin/servicemanager)
[ 1562.865060][ T1828] servicemanager: Caller(pid=694,uid=1041,sid=u:r:audioserver:s0) Tried to start aidl service activity as a lazy service, but was unable to. Usually this happens when a service is not installed, but if the service is intended to be used as a lazy service, then it may be configured incorrectly.
[ 1563.348917][  T411] servicemanager: Caller(pid=694,uid=1041,sid=u:r:audioserver:s0) Since 'activity' could not be found trying to start it as a lazy AIDL service. (if it's not configured to be a lazy service, it may be stuck starting or still starting).
[ 1563.408045][    T1] init: Control message: Could not find 'aidl/activity' for ctl.interface_start from pid: 411 (/system/bin/servicemanager)
[ 1563.418591][ T1835] servicemanager: Caller(pid=694,uid=1041,sid=u:r:audioserver:s0) Tried to start aidl service activity as a lazy service, but was unable to. Usually this happens when a service is not installed, but if the service is intended to be used as a lazy service, then it may be configured incorrectly.
[ 1565.028991][  T411] servicemanager: Caller(pid=694,uid=1041,sid=u:r:audioserver:s0) Since 'activity' could not be found trying to start it as a lazy AIDL service. (if it's not configured to be a lazy service, it may be stuck starting or still starting).
[ 1565.601475][    T1] init: Control message: Could not find 'aidl/activity' for ctl.interface_start from pid: 411 (/system/bin/servicemanager)
[ 1565.751305][ T1837] servicemanager: Caller(pid=694,uid=1041,sid=u:r:audioserver:s0) Tried to start aidl service activity as a lazy service, but was unable to. Usually this happens when a service is not installed, but if the service is intended to be used as a lazy service, then it may be configured incorrectly.
[ 1566.411345][  T411] servicemanager: Caller(pid=694,uid=1041,sid=u:r:audioserver:s0) Since 'activity' could not be found trying to start it as a lazy AIDL service. (if it's not configured to be a lazy service, it may be stuck starting or still starting).
[ 1567.128345][    T1] init: Control message: Could not find 'aidl/activity' for ctl.interface_start from pid: 411 (/system/bin/servicemanager)
[ 1567.330232][ T1838] servicemanager: Caller(pid=694,uid=1041,sid=u:r:audioserver:s0) Tried to start aidl service activity as a lazy service, but was unable to. Usually this happens when a service is not installed, but if the service is intended to be used as a lazy service, then it may be configured incorrectly.
[ 1567.638802][  T411] servicemanager: Caller(pid=694,uid=1041,sid=u:r:audioserver:s0) Since 'activity' could not be found trying to start it as a lazy AIDL service. (if it's not configured to be a lazy service, it may be stuck starting or still starting).
[ 1568.252742][    T1] init: Control message: Could not find 'aidl/activity' for ctl.interface_start from pid: 411 (/system/bin/servicemanager)
[ 1568.303862][ T1839] servicemanager: Caller(pid=694,uid=1041,sid=u:r:audioserver:s0) Tried to start aidl service activity as a lazy service, but was unable to. Usually this happens when a service is not installed, but if the service is intended to be used as a lazy service, then it may be configured incorrectly.
[ 1569.342527][  T411] servicemanager: Caller(pid=694,uid=1041,sid=u:r:audioserver:s0) Since 'activity' could not be found trying to start it as a lazy AIDL service. (if it's not configured to be a lazy service, it may be stuck starting or still starting).
[ 1569.692310][    T1] init: Control message: Could not find 'aidl/activity' for ctl.interface_start from pid: 411 (/system/bin/servicemanager)
[ 1569.716086][ T1841] servicemanager: Caller(pid=694,uid=1041,sid=u:r:audioserver:s0) Tried to start aidl service activity as a lazy service, but was unable to. Usually this happens when a service is not installed, but if the service is intended to be used as a lazy service, then it may be configured incorrectly.
[ 1570.567484][  T411] servicemanager: Caller(pid=694,uid=1041,sid=u:r:audioserver:s0) Since 'activity' could not be found trying to start it as a lazy AIDL service. (if it's not configured to be a lazy service, it may be stuck starting or still starting).
[ 1571.100479][    T1] init: Control message: Could not find 'aidl/activity' for ctl.interface_start from pid: 411 (/system/bin/servicemanager)
[ 1571.144655][ T1842] servicemanager: Caller(pid=694,uid=1041,sid=u:r:audioserver:s0) Tried to start aidl service activity as a lazy service, but was unable to. Usually this happens when a service is not installed, but if the service is intended to be used as a lazy service, then it may be configured incorrectly.
[ 1572.316732][  T411] servicemanager: Caller(pid=694,uid=1041,sid=u:r:audioserver:s0) Since 'activity' could not be found trying to start it as a lazy AIDL service. (if it's not configured to be a lazy service, it may be stuck starting or still starting).
[ 1572.607644][    T1] init: Untracked process (pid: 1840 name: (sh) ppid: 1 pgrp: 1829 state: Z) received SIGHUP
[ 1572.630816][    T1] init: Untracked process (pid: 1840 name: (sh) ppid: 1 pgrp: 1829 state: Z) did not have an associated service entry and will not be reaped
[ 1572.703885][    T1] init: Control message: Could not find 'aidl/activity' for ctl.interface_start from pid: 411 (/system/bin/servicemanager)
[ 1572.726293][ T1843] servicemanager: Caller(pid=694,uid=1041,sid=u:r:audioserver:s0) Tried to start aidl service activity as a lazy service, but was unable to. Usually this happens when a service is not installed, but if the service is intended to be used as a lazy service, then it may be configured incorrectly.
[ 1573.798204][  T411] servicemanager: Caller(pid=694,uid=1041,sid=u:r:audioserver:s0) Since 'activity' could not be found trying to start it as a lazy AIDL service. (if it's not configured to be a lazy service, it may be stuck starting or still starting).
[ 1574.452789][    T1] init: Control message: Could not find 'aidl/activity' for ctl.interface_start from pid: 411 (/system/bin/servicemanager)
[ 1574.572901][ T1844] servicemanager: Caller(pid=694,uid=1041,sid=u:r:audioserver:s0) Tried to start aidl service activity as a lazy service, but was unable to. Usually this happens when a service is not installed, but if the service is intended to be used as a lazy service, then it may be configured incorrectly.
[ 1575.149829][  T411] servicemanager: Caller(pid=694,uid=1041,sid=u:r:audioserver:s0) Since 'activity' could not be found trying to start it as a lazy AIDL service. (if it's not configured to be a lazy service, it may be stuck starting or still starting).
[ 1575.229988][    T1] init: Control message: Could not find 'aidl/activity' for ctl.interface_start from pid: 411 (/system/bin/servicemanager)
[ 1575.254805][ T1847] servicemanager: Caller(pid=694,uid=1041,sid=u:r:audioserver:s0) Tried to start aidl service activity as a lazy service, but was unable to. Usually this happens when a service is not installed, but if the service is intended to be used as a lazy service, then it may be configured incorrectly.
[ 1576.310297][  T411] servicemanager: Caller(pid=694,uid=1041,sid=u:r:audioserver:s0) Since 'activity' could not be found trying to start it as a lazy AIDL service. (if it's not configured to be a lazy service, it may be stuck starting or still starting).
[ 1576.534783][    T1] init: Control message: Could not find 'aidl/activity' for ctl.interface_start from pid: 411 (/system/bin/servicemanager)
[ 1576.549766][ T1852] servicemanager: Caller(pid=694,uid=1041,sid=u:r:audioserver:s0) Tried to start aidl service activity as a lazy service, but was unable to. Usually this happens when a service is not installed, but if the service is intended to be used as a lazy service, then it may be configured incorrectly.
[ 1577.561472][  T411] servicemanager: Caller(pid=694,uid=1041,sid=u:r:audioserver:s0) Since 'activity' could not be found trying to start it as a lazy AIDL service. (if it's not configured to be a lazy service, it may be stuck starting or still starting).
[ 1577.668179][    T1] init: Control message: Could not find 'aidl/activity' for ctl.interface_start from pid: 411 (/system/bin/servicemanager)
[ 1577.682028][ T1854] servicemanager: Caller(pid=694,uid=1041,sid=u:r:audioserver:s0) Tried to start aidl service activity as a lazy service, but was unable to. Usually this happens when a service is not installed, but if the service is intended to be used as a lazy service, then it may be configured incorrectly.
[ 1578.746710][  T411] servicemanager: Caller(pid=694,uid=1041,sid=u:r:audioserver:s0) Since 'activity' could not be found trying to start it as a lazy AIDL service. (if it's not configured to be a lazy service, it may be stuck starting or still starting).
[ 1578.926431][    T1] init: Control message: Could not find 'aidl/activity' for ctl.interface_start from pid: 411 (/system/bin/servicemanager)
[ 1578.943327][ T1855] servicemanager: Caller(pid=694,uid=1041,sid=u:r:audioserver:s0) Tried to start aidl service activity as a lazy service, but was unable to. Usually this happens when a service is not installed, but if the service is intended to be used as a lazy service, then it may be configured incorrectly.
[ 1579.972588][  T411] servicemanager: Caller(pid=694,uid=1041,sid=u:r:audioserver:s0) Since 'activity' could not be found trying to start it as a lazy AIDL service. (if it's not configured to be a lazy service, it may be stuck starting or still starting).
[ 1580.677670][    T1] init: Control message: Could not find 'aidl/activity' for ctl.interface_start from pid: 411 (/system/bin/servicemanager)
[ 1580.746086][ T1857] servicemanager: Caller(pid=694,uid=1041,sid=u:r:audioserver:s0) Tried to start aidl service activity as a lazy service, but was unable to. Usually this happens when a service is not installed, but if the service is intended to be used as a lazy service, then it may be configured incorrectly.
[ 1581.215930][  T411] servicemanager: Caller(pid=694,uid=1041,sid=u:r:audioserver:s0) Since 'activity' could not be found trying to start it as a lazy AIDL service. (if it's not configured to be a lazy service, it may be stuck starting or still starting).
[ 1581.613344][    T1] init: Control message: Could not find 'aidl/activity' for ctl.interface_start from pid: 411 (/system/bin/servicemanager)
[ 1581.706654][ T1858] servicemanager: Caller(pid=694,uid=1041,sid=u:r:audioserver:s0) Tried to start aidl service activity as a lazy service, but was unable to. Usually this happens when a service is not installed, but if the service is intended to be used as a lazy service, then it may be configured incorrectly.
[ 1582.283548][  T411] servicemanager: Caller(pid=694,uid=1041,sid=u:r:audioserver:s0) Since 'activity' could not be found trying to start it as a lazy AIDL service. (if it's not configured to be a lazy service, it may be stuck starting or still starting).
[ 1582.457801][    T1] init: Control message: Could not find 'aidl/activity' for ctl.interface_start from pid: 411 (/system/bin/servicemanager)
[ 1582.550469][ T1861] servicemanager: Caller(pid=694,uid=1041,sid=u:r:audioserver:s0) Tried to start aidl service activity as a lazy service, but was unable to. Usually this happens when a service is not installed, but if the service is intended to be used as a lazy service, then it may be configured incorrectly.
[ 1583.747268][  T411] servicemanager: Caller(pid=694,uid=1041,sid=u:r:audioserver:s0) Since 'activity' could not be found trying to start it as a lazy AIDL service. (if it's not configured to be a lazy service, it may be stuck starting or still starting).
[ 1584.661496][    T1] init: Control message: Could not find 'aidl/activity' for ctl.interface_start from pid: 411 (/system/bin/servicemanager)
[ 1584.870162][ T1862] servicemanager: Caller(pid=694,uid=1041,sid=u:r:audioserver:s0) Tried to start aidl service activity as a lazy service, but was unable to. Usually this happens when a service is not installed, but if the service is intended to be used as a lazy service, then it may be configured incorrectly.
[ 1585.065709][  T411] servicemanager: Caller(pid=694,uid=1041,sid=u:r:audioserver:s0) Since 'activity' could not be found trying to start it as a lazy AIDL service. (if it's not configured to be a lazy service, it may be stuck starting or still starting).
[ 1585.324422][    T1] init: Control message: Could not find 'aidl/activity' for ctl.interface_start from pid: 411 (/system/bin/servicemanager)
[ 1585.338513][ T1864] servicemanager: Caller(pid=694,uid=1041,sid=u:r:audioserver:s0) Tried to start aidl service activity as a lazy service, but was unable to. Usually this happens when a service is not installed, but if the service is intended to be used as a lazy service, then it may be configured incorrectly.
[ 1586.101437][  T411] servicemanager: Caller(pid=694,uid=1041,sid=u:r:audioserver:s0) Since 'activity' could not be found trying to start it as a lazy AIDL service. (if it's not configured to be a lazy service, it may be stuck starting or still starting).
[ 1586.762324][    T1] init: Control message: Could not find 'aidl/activity' for ctl.interface_start from pid: 411 (/system/bin/servicemanager)
[ 1586.861928][ T1867] servicemanager: Caller(pid=694,uid=1041,sid=u:r:audioserver:s0) Tried to start aidl service activity as a lazy service, but was unable to. Usually this happens when a service is not installed, but if the service is intended to be used as a lazy service, then it may be configured incorrectly.
[ 1587.687344][  T411] servicemanager: Caller(pid=694,uid=1041,sid=u:r:audioserver:s0) Since 'activity' could not be found trying to start it as a lazy AIDL service. (if it's not configured to be a lazy service, it may be stuck starting or still starting).
[ 1587.800212][    T1] init: Control message: Could not find 'aidl/activity' for ctl.interface_start from pid: 411 (/system/bin/servicemanager)
[ 1587.830010][ T1868] servicemanager: Caller(pid=694,uid=1041,sid=u:r:audioserver:s0) Tried to start aidl service activity as a lazy service, but was unable to. Usually this happens when a service is not installed, but if the service is intended to be used as a lazy service, then it may be configured incorrectly.
[ 1588.753140][  T411] servicemanager: Caller(pid=694,uid=1041,sid=u:r:audioserver:s0) Since 'activity' could not be found trying to start it as a lazy AIDL service. (if it's not configured to be a lazy service, it may be stuck starting or still starting).
[ 1588.865141][    T1] init: Control message: Could not find 'aidl/activity' for ctl.interface_start from pid: 411 (/system/bin/servicemanager)
[ 1588.883835][ T1869] servicemanager: Caller(pid=694,uid=1041,sid=u:r:audioserver:s0) Tried to start aidl service activity as a lazy service, but was unable to. Usually this happens when a service is not installed, but if the service is intended to be used as a lazy service, then it may be configured incorrectly.
[ 1590.284295][  T411] servicemanager: Caller(pid=694,uid=1041,sid=u:r:audioserver:s0) Since 'activity' could not be found trying to start it as a lazy AIDL service. (if it's not configured to be a lazy service, it may be stuck starting or still starting).
[ 1590.829272][    T1] init: Control message: Could not find 'aidl/activity' for ctl.interface_start from pid: 411 (/system/bin/servicemanager)
[ 1590.948112][ T1870] servicemanager: Caller(pid=694,uid=1041,sid=u:r:audioserver:s0) Tried to start aidl service activity as a lazy service, but was unable to. Usually this happens when a service is not installed, but if the service is intended to be used as a lazy service, then it may be configured incorrectly.
[ 1591.887333][  T411] servicemanager: Caller(pid=694,uid=1041,sid=u:r:audioserver:s0) Since 'activity' could not be found trying to start it as a lazy AIDL service. (if it's not configured to be a lazy service, it may be stuck starting or still starting).
[ 1592.434596][    T1] init: Control message: Could not find 'aidl/activity' for ctl.interface_start from pid: 411 (/system/bin/servicemanager)
[ 1592.518453][ T1872] servicemanager: Caller(pid=694,uid=1041,sid=u:r:audioserver:s0) Tried to start aidl service activity as a lazy service, but was unable to. Usually this happens when a service is not installed, but if the service is intended to be used as a lazy service, then it may be configured incorrectly.
[ 1593.524149][  T411] servicemanager: Caller(pid=694,uid=1041,sid=u:r:audioserver:s0) Since 'activity' could not be found trying to start it as a lazy AIDL service. (if it's not configured to be a lazy service, it may be stuck starting or still starting).
[ 1593.815338][    T1] init: Control message: Could not find 'aidl/activity' for ctl.interface_start from pid: 411 (/system/bin/servicemanager)
[ 1594.016086][ T1876] servicemanager: Caller(pid=694,uid=1041,sid=u:r:audioserver:s0) Tried to start aidl service activity as a lazy service, but was unable to. Usually this happens when a service is not installed, but if the service is intended to be used as a lazy service, then it may be configured incorrectly.
[ 1594.765923][  T411] servicemanager: Caller(pid=694,uid=1041,sid=u:r:audioserver:s0) Since 'activity' could not be found trying to start it as a lazy AIDL service. (if it's not configured to be a lazy service, it may be stuck starting or still starting).
[ 1594.911580][    T1] init: Control message: Could not find 'aidl/activity' for ctl.interface_start from pid: 411 (/system/bin/servicemanager)
[ 1595.092589][ T1879] servicemanager: Caller(pid=694,uid=1041,sid=u:r:audioserver:s0) Tried to start aidl service activity as a lazy service, but was unable to. Usually this happens when a service is not installed, but if the service is intended to be used as a lazy service, then it may be configured incorrectly.
[ 1596.183775][  T411] servicemanager: Caller(pid=694,uid=1041,sid=u:r:audioserver:s0) Since 'activity' could not be found trying to start it as a lazy AIDL service. (if it's not configured to be a lazy service, it may be stuck starting or still starting).
[ 1596.580818][    T1] init: Control message: Could not find 'aidl/activity' for ctl.interface_start from pid: 411 (/system/bin/servicemanager)
[ 1596.719006][ T1881] servicemanager: Caller(pid=694,uid=1041,sid=u:r:audioserver:s0) Tried to start aidl service activity as a lazy service, but was unable to. Usually this happens when a service is not installed, but if the service is intended to be used as a lazy service, then it may be configured incorrectly.
[ 1597.639943][  T411] servicemanager: Caller(pid=694,uid=1041,sid=u:r:audioserver:s0) Since 'activity' could not be found trying to start it as a lazy AIDL service. (if it's not configured to be a lazy service, it may be stuck starting or still starting).
[ 1598.110160][    T1] init: Control message: Could not find 'aidl/activity' for ctl.interface_start from pid: 411 (/system/bin/servicemanager)
[ 1598.166467][ T1883] servicemanager: Caller(pid=694,uid=1041,sid=u:r:audioserver:s0) Tried to start aidl service activity as a lazy service, but was unable to. Usually this happens when a service is not installed, but if the service is intended to be used as a lazy service, then it may be configured incorrectly.
[ 1598.964103][  T411] servicemanager: Caller(pid=694,uid=1041,sid=u:r:audioserver:s0) Since 'activity' could not be found trying to start it as a lazy AIDL service. (if it's not configured to be a lazy service, it may be stuck starting or still starting).
[ 1599.722967][    T1] init: Control message: Could not find 'aidl/activity' for ctl.interface_start from pid: 411 (/system/bin/servicemanager)
[ 1599.797017][ T1884] servicemanager: Caller(pid=694,uid=1041,sid=u:r:audioserver:s0) Tried to start aidl service activity as a lazy service, but was unable to. Usually this happens when a service is not installed, but if the service is intended to be used as a lazy service, then it may be configured incorrectly.
[ 1600.371822][  T411] servicemanager: Caller(pid=694,uid=1041,sid=u:r:audioserver:s0) Since 'activity' could not be found trying to start it as a lazy AIDL service. (if it's not configured to be a lazy service, it may be stuck starting or still starting).
[ 1600.447566][    T1] init: Control message: Could not find 'aidl/activity' for ctl.interface_start from pid: 411 (/system/bin/servicemanager)
[ 1600.462216][ T1887] servicemanager: Caller(pid=694,uid=1041,sid=u:r:audioserver:s0) Tried to start aidl service activity as a lazy service, but was unable to. Usually this happens when a service is not installed, but if the service is intended to be used as a lazy service, then it may be configured incorrectly.
[ 1601.419150][  T411] servicemanager: Caller(pid=694,uid=1041,sid=u:r:audioserver:s0) Since 'activity' could not be found trying to start it as a lazy AIDL service. (if it's not configured to be a lazy service, it may be stuck starting or still starting).
[ 1601.467334][    T1] init: Control message: Could not find 'aidl/activity' for ctl.interface_start from pid: 411 (/system/bin/servicemanager)
[ 1601.481971][ T1888] servicemanager: Caller(pid=694,uid=1041,sid=u:r:audioserver:s0) Tried to start aidl service activity as a lazy service, but was unable to. Usually this happens when a service is not installed, but if the service is intended to be used as a lazy service, then it may be configured incorrectly.
[ 1602.725618][  T411] servicemanager: Caller(pid=694,uid=1041,sid=u:r:audioserver:s0) Since 'activity' could not be found trying to start it as a lazy AIDL service. (if it's not configured to be a lazy service, it may be stuck starting or still starting).
[ 1603.012335][    T1] init: Control message: Could not find 'aidl/activity' for ctl.interface_start from pid: 411 (/system/bin/servicemanager)
[ 1603.045331][ T1890] servicemanager: Caller(pid=694,uid=1041,sid=u:r:audioserver:s0) Tried to start aidl service activity as a lazy service, but was unable to. Usually this happens when a service is not installed, but if the service is intended to be used as a lazy service, then it may be configured incorrectly.
[ 1604.513881][  T411] servicemanager: Caller(pid=694,uid=1041,sid=u:r:audioserver:s0) Since 'activity' could not be found trying to start it as a lazy AIDL service. (if it's not configured to be a lazy service, it may be stuck starting or still starting).
[ 1605.035044][    T1] init: Control message: Could not find 'aidl/activity' for ctl.interface_start from pid: 411 (/system/bin/servicemanager)
[ 1605.109192][ T1891] servicemanager: Caller(pid=694,uid=1041,sid=u:r:audioserver:s0) Tried to start aidl service activity as a lazy service, but was unable to. Usually this happens when a service is not installed, but if the service is intended to be used as a lazy service, then it may be configured incorrectly.
[ 1605.809566][  T411] servicemanager: Caller(pid=694,uid=1041,sid=u:r:audioserver:s0) Since 'activity' could not be found trying to start it as a lazy AIDL service. (if it's not configured to be a lazy service, it may be stuck starting or still starting).
[ 1606.151967][    T1] init: Control message: Could not find 'aidl/activity' for ctl.interface_start from pid: 411 (/system/bin/servicemanager)
[ 1606.375622][ T1896] servicemanager: Caller(pid=694,uid=1041,sid=u:r:audioserver:s0) Tried to start aidl service activity as a lazy service, but was unable to. Usually this happens when a service is not installed, but if the service is intended to be used as a lazy service, then it may be configured incorrectly.
[ 1607.720124][  T411] servicemanager: Caller(pid=694,uid=1041,sid=u:r:audioserver:s0) Since 'activity' could not be found trying to start it as a lazy AIDL service. (if it's not configured to be a lazy service, it may be stuck starting or still starting).
[ 1608.355551][    T1] init: Control message: Could not find 'aidl/activity' for ctl.interface_start from pid: 411 (/system/bin/servicemanager)
[ 1608.555896][ T1899] servicemanager: Caller(pid=694,uid=1041,sid=u:r:audioserver:s0) Tried to start aidl service activity as a lazy service, but was unable to. Usually this happens when a service is not installed, but if the service is intended to be used as a lazy service, then it may be configured incorrectly.
[ 1609.678516][  T411] servicemanager: Caller(pid=694,uid=1041,sid=u:r:audioserver:s0) Since 'activity' could not be found trying to start it as a lazy AIDL service. (if it's not configured to be a lazy service, it may be stuck starting or still starting).
[ 1610.959571][    T1] init: Control message: Could not find 'aidl/activity' for ctl.interface_start from pid: 411 (/system/bin/servicemanager)
[ 1611.016354][ T1900] servicemanager: Caller(pid=694,uid=1041,sid=u:r:audioserver:s0) Tried to start aidl service activity as a lazy service, but was unable to. Usually this happens when a service is not installed, but if the service is intended to be used as a lazy service, then it may be configured incorrectly.
[ 1611.458989][  T411] servicemanager: Caller(pid=694,uid=1041,sid=u:r:audioserver:s0) Since 'activity' could not be found trying to start it as a lazy AIDL service. (if it's not configured to be a lazy service, it may be stuck starting or still starting).
[ 1611.806256][    T1] init: Control message: Could not find 'aidl/activity' for ctl.interface_start from pid: 411 (/system/bin/servicemanager)
[ 1611.871036][ T1902] servicemanager: Caller(pid=694,uid=1041,sid=u:r:audioserver:s0) Tried to start aidl service activity as a lazy service, but was unable to. Usually this happens when a service is not installed, but if the service is intended to be used as a lazy service, then it may be configured incorrectly.
[ 1612.768891][  T411] servicemanager: Caller(pid=694,uid=1041,sid=u:r:audioserver:s0) Since 'activity' could not be found trying to start it as a lazy AIDL service. (if it's not configured to be a lazy service, it may be stuck starting or still starting).
[ 1612.914814][    T1] init: Control message: Could not find 'aidl/activity' for ctl.interface_start from pid: 411 (/system/bin/servicemanager)
[ 1612.952939][ T1903] servicemanager: Caller(pid=694,uid=1041,sid=u:r:audioserver:s0) Tried to start aidl service activity as a lazy service, but was unable to. Usually this happens when a service is not installed, but if the service is intended to be used as a lazy service, then it may be configured incorrectly.
[ 1613.851389][  T411] servicemanager: Caller(pid=694,uid=1041,sid=u:r:audioserver:s0) Since 'activity' could not be found trying to start it as a lazy AIDL service. (if it's not configured to be a lazy service, it may be stuck starting or still starting).
[ 1613.895141][    T1] init: Control message: Could not find 'aidl/activity' for ctl.interface_start from pid: 411 (/system/bin/servicemanager)
[ 1613.907433][ T1905] servicemanager: Caller(pid=694,uid=1041,sid=u:r:audioserver:s0) Tried to start aidl service activity as a lazy service, but was unable to. Usually this happens when a service is not installed, but if the service is intended to be used as a lazy service, then it may be configured incorrectly.
[ 1614.892086][  T411] servicemanager: Caller(pid=694,uid=1041,sid=u:r:audioserver:s0) Since 'activity' could not be found trying to start it as a lazy AIDL service. (if it's not configured to be a lazy service, it may be stuck starting or still starting).
[ 1614.993703][    T1] init: Control message: Could not find 'aidl/activity' for ctl.interface_start from pid: 411 (/system/bin/servicemanager)
[ 1615.008707][ T1909] servicemanager: Caller(pid=694,uid=1041,sid=u:r:audioserver:s0) Tried to start aidl service activity as a lazy service, but was unable to. Usually this happens when a service is not installed, but if the service is intended to be used as a lazy service, then it may be configured incorrectly.
[ 1616.639253][  T411] servicemanager: Caller(pid=694,uid=1041,sid=u:r:audioserver:s0) Since 'activity' could not be found trying to start it as a lazy AIDL service. (if it's not configured to be a lazy service, it may be stuck starting or still starting).
[ 1617.237102][    T1] init: Control message: Could not find 'aidl/activity' for ctl.interface_start from pid: 411 (/system/bin/servicemanager)
[ 1617.269274][ T1910] servicemanager: Caller(pid=694,uid=1041,sid=u:r:audioserver:s0) Tried to start aidl service activity as a lazy service, but was unable to. Usually this happens when a service is not installed, but if the service is intended to be used as a lazy service, then it may be configured incorrectly.
[ 1618.256458][  T411] servicemanager: Caller(pid=694,uid=1041,sid=u:r:audioserver:s0) Since 'activity' could not be found trying to start it as a lazy AIDL service. (if it's not configured to be a lazy service, it may be stuck starting or still starting).
[ 1618.309023][    T1] init: Control message: Could not find 'aidl/activity' for ctl.interface_start from pid: 411 (/system/bin/servicemanager)
[ 1618.348143][ T1911] servicemanager: Caller(pid=694,uid=1041,sid=u:r:audioserver:s0) Tried to start aidl service activity as a lazy service, but was unable to. Usually this happens when a service is not installed, but if the service is intended to be used as a lazy service, then it may be configured incorrectly.
[ 1619.645602][  T411] servicemanager: Caller(pid=694,uid=1041,sid=u:r:audioserver:s0) Since 'activity' could not be found trying to start it as a lazy AIDL service. (if it's not configured to be a lazy service, it may be stuck starting or still starting).
[ 1620.139535][    T1] init: Control message: Could not find 'aidl/activity' for ctl.interface_start from pid: 411 (/system/bin/servicemanager)
[ 1620.216669][ T1914] servicemanager: Caller(pid=694,uid=1041,sid=u:r:audioserver:s0) Tried to start aidl service activity as a lazy service, but was unable to. Usually this happens when a service is not installed, but if the service is intended to be used as a lazy service, then it may be configured incorrectly.
[ 1620.780644][  T411] servicemanager: Caller(pid=694,uid=1041,sid=u:r:audioserver:s0) Since 'activity' could not be found trying to start it as a lazy AIDL service. (if it's not configured to be a lazy service, it may be stuck starting or still starting).
[ 1620.923253][    T1] init: Control message: Could not find 'aidl/activity' for ctl.interface_start from pid: 411 (/system/bin/servicemanager)
[ 1620.970868][ T1915] servicemanager: Caller(pid=694,uid=1041,sid=u:r:audioserver:s0) Tried to start aidl service activity as a lazy service, but was unable to. Usually this happens when a service is not installed, but if the service is intended to be used as a lazy service, then it may be configured incorrectly.
[ 1621.904889][  T411] servicemanager: Caller(pid=694,uid=1041,sid=u:r:audioserver:s0) Since 'activity' could not be found trying to start it as a lazy AIDL service. (if it's not configured to be a lazy service, it may be stuck starting or still starting).
[ 1622.083308][    T1] init: Control message: Could not find 'aidl/activity' for ctl.interface_start from pid: 411 (/system/bin/servicemanager)
[ 1622.148832][ T1920] servicemanager: Caller(pid=694,uid=1041,sid=u:r:audioserver:s0) Tried to start aidl service activity as a lazy service, but was unable to. Usually this happens when a service is not installed, but if the service is intended to be used as a lazy service, then it may be configured incorrectly.
[ 1623.411821][  T411] servicemanager: Caller(pid=694,uid=1041,sid=u:r:audioserver:s0) Since 'activity' could not be found trying to start it as a lazy AIDL service. (if it's not configured to be a lazy service, it may be stuck starting or still starting).
[ 1624.093417][    T1] init: Control message: Could not find 'aidl/activity' for ctl.interface_start from pid: 411 (/system/bin/servicemanager)
[ 1624.181341][ T1922] servicemanager: Caller(pid=694,uid=1041,sid=u:r:audioserver:s0) Tried to start aidl service activity as a lazy service, but was unable to. Usually this happens when a service is not installed, but if the service is intended to be used as a lazy service, then it may be configured incorrectly.
[ 1624.558515][  T411] servicemanager: Caller(pid=694,uid=1041,sid=u:r:audioserver:s0) Since 'activity' could not be found trying to start it as a lazy AIDL service. (if it's not configured to be a lazy service, it may be stuck starting or still starting).
[ 1624.667570][    T1] init: Control message: Could not find 'aidl/activity' for ctl.interface_start from pid: 411 (/system/bin/servicemanager)
[ 1624.710938][ T1923] servicemanager: Caller(pid=694,uid=1041,sid=u:r:audioserver:s0) Tried to start aidl service activity as a lazy service, but was unable to. Usually this happens when a service is not installed, but if the service is intended to be used as a lazy service, then it may be configured incorrectly.
[ 1625.649195][  T411] servicemanager: Caller(pid=694,uid=1041,sid=u:r:audioserver:s0) Since 'activity' could not be found trying to start it as a lazy AIDL service. (if it's not configured to be a lazy service, it may be stuck starting or still starting).
[ 1625.842158][    T1] init: Control message: Could not find 'aidl/activity' for ctl.interface_start from pid: 411 (/system/bin/servicemanager)
[ 1625.901405][ T1927] servicemanager: Caller(pid=694,uid=1041,sid=u:r:audioserver:s0) Tried to start aidl service activity as a lazy service, but was unable to. Usually this happens when a service is not installed, but if the service is intended to be used as a lazy service, then it may be configured incorrectly.
[ 1626.736901][  T411] servicemanager: Caller(pid=694,uid=1041,sid=u:r:audioserver:s0) Since 'activity' could not be found trying to start it as a lazy AIDL service. (if it's not configured to be a lazy service, it may be stuck starting or still starting).
[ 1626.756165][    T1] init: Control message: Could not find 'aidl/activity' for ctl.interface_start from pid: 411 (/system/bin/servicemanager)
[ 1626.774652][ T1930] servicemanager: Caller(pid=694,uid=1041,sid=u:r:audioserver:s0) Tried to start aidl service activity as a lazy service, but was unable to. Usually this happens when a service is not installed, but if the service is intended to be used as a lazy service, then it may be configured incorrectly.
[ 1628.143582][  T411] servicemanager: Caller(pid=694,uid=1041,sid=u:r:audioserver:s0) Since 'activity' could not be found trying to start it as a lazy AIDL service. (if it's not configured to be a lazy service, it may be stuck starting or still starting).
[ 1628.799364][    T1] init: Control message: Could not find 'aidl/activity' for ctl.interface_start from pid: 411 (/system/bin/servicemanager)
[ 1628.836293][ T1931] servicemanager: Caller(pid=694,uid=1041,sid=u:r:audioserver:s0) Tried to start aidl service activity as a lazy service, but was unable to. Usually this happens when a service is not installed, but if the service is intended to be used as a lazy service, then it may be configured incorrectly.
[ 1629.223773][  T411] servicemanager: Caller(pid=694,uid=1041,sid=u:r:audioserver:s0) Since 'activity' could not be found trying to start it as a lazy AIDL service. (if it's not configured to be a lazy service, it may be stuck starting or still starting).
[ 1629.300027][    T1] init: Control message: Could not find 'aidl/activity' for ctl.interface_start from pid: 411 (/system/bin/servicemanager)
[ 1629.320549][ T1932] servicemanager: Caller(pid=694,uid=1041,sid=u:r:audioserver:s0) Tried to start aidl service activity as a lazy service, but was unable to. Usually this happens when a service is not installed, but if the service is intended to be used as a lazy service, then it may be configured incorrectly.
[ 1631.512789][  T411] servicemanager: Caller(pid=694,uid=1041,sid=u:r:audioserver:s0) Since 'activity' could not be found trying to start it as a lazy AIDL service. (if it's not configured to be a lazy service, it may be stuck starting or still starting).
[ 1631.998775][    T1] init: Control message: Could not find 'aidl/activity' for ctl.interface_start from pid: 411 (/system/bin/servicemanager)
[ 1632.025056][ T1936] servicemanager: Caller(pid=694,uid=1041,sid=u:r:audioserver:s0) Tried to start aidl service activity as a lazy service, but was unable to. Usually this happens when a service is not installed, but if the service is intended to be used as a lazy service, then it may be configured incorrectly.
[ 1632.918486][  T411] servicemanager: Caller(pid=694,uid=1041,sid=u:r:audioserver:s0) Since 'activity' could not be found trying to start it as a lazy AIDL service. (if it's not configured to be a lazy service, it may be stuck starting or still starting).
[ 1633.159829][    T1] init: Control message: Could not find 'aidl/activity' for ctl.interface_start from pid: 411 (/system/bin/servicemanager)
[ 1633.235517][ T1938] servicemanager: Caller(pid=694,uid=1041,sid=u:r:audioserver:s0) Tried to start aidl service activity as a lazy service, but was unable to. Usually this happens when a service is not installed, but if the service is intended to be used as a lazy service, then it may be configured incorrectly.
[ 1635.315897][  T411] servicemanager: Caller(pid=694,uid=1041,sid=u:r:audioserver:s0) Since 'activity' could not be found trying to start it as a lazy AIDL service. (if it's not configured to be a lazy service, it may be stuck starting or still starting).
[ 1636.172415][    T1] init: Control message: Could not find 'aidl/activity' for ctl.interface_start from pid: 411 (/system/bin/servicemanager)
[ 1636.598312][ T1939] servicemanager: Caller(pid=694,uid=1041,sid=u:r:audioserver:s0) Tried to start aidl service activity as a lazy service, but was unable to. Usually this happens when a service is not installed, but if the service is intended to be used as a lazy service, then it may be configured incorrectly.
[ 1637.305279][  T411] servicemanager: Caller(pid=694,uid=1041,sid=u:r:audioserver:s0) Since 'activity' could not be found trying to start it as a lazy AIDL service. (if it's not configured to be a lazy service, it may be stuck starting or still starting).
[ 1638.727639][    T1] init: Control message: Could not find 'aidl/activity' for ctl.interface_start from pid: 411 (/system/bin/servicemanager)
[ 1639.022905][  T411] servicemanager: Caller(pid=694,uid=1041,sid=u:r:audioserver:s0) Since 'activity' could not be found trying to start it as a lazy AIDL service. (if it's not configured to be a lazy service, it may be stuck starting or still starting).
[ 1639.101409][ T1941] servicemanager: Caller(pid=694,uid=1041,sid=u:r:audioserver:s0) Tried to start aidl service activity as a lazy service, but was unable to. Usually this happens when a service is not installed, but if the service is intended to be used as a lazy service, then it may be configured incorrectly.
[ 1640.070181][    T1] init: Control message: Could not find 'aidl/activity' for ctl.interface_start from pid: 411 (/system/bin/servicemanager)
[ 1640.351518][ T1943] servicemanager: Caller(pid=694,uid=1041,sid=u:r:audioserver:s0) Tried to start aidl service activity as a lazy service, but was unable to. Usually this happens when a service is not installed, but if the service is intended to be used as a lazy service, then it may be configured incorrectly.
[ 1640.981872][  T411] servicemanager: Caller(pid=694,uid=1041,sid=u:r:audioserver:s0) Since 'activity' could not be found trying to start it as a lazy AIDL service. (if it's not configured to be a lazy service, it may be stuck starting or still starting).
[ 1641.250603][    T1] init: Control message: Could not find 'aidl/activity' for ctl.interface_start from pid: 411 (/system/bin/servicemanager)
[ 1641.356348][ T1944] servicemanager: Caller(pid=694,uid=1041,sid=u:r:audioserver:s0) Tried to start aidl service activity as a lazy service, but was unable to. Usually this happens when a service is not installed, but if the service is intended to be used as a lazy service, then it may be configured incorrectly.
[ 1642.060407][  T411] servicemanager: Caller(pid=694,uid=1041,sid=u:r:audioserver:s0) Since 'activity' could not be found trying to start it as a lazy AIDL service. (if it's not configured to be a lazy service, it may be stuck starting or still starting).
[ 1642.123350][    T1] init: Control message: Could not find 'aidl/activity' for ctl.interface_start from pid: 411 (/system/bin/servicemanager)
[ 1642.187135][ T1950] servicemanager: Caller(pid=694,uid=1041,sid=u:r:audioserver:s0) Tried to start aidl service activity as a lazy service, but was unable to. Usually this happens when a service is not installed, but if the service is intended to be used as a lazy service, then it may be configured incorrectly.
[ 1643.088193][  T411] servicemanager: Caller(pid=694,uid=1041,sid=u:r:audioserver:s0) Since 'activity' could not be found trying to start it as a lazy AIDL service. (if it's not configured to be a lazy service, it may be stuck starting or still starting).
[ 1643.130859][    T1] init: Control message: Could not find 'aidl/activity' for ctl.interface_start from pid: 411 (/system/bin/servicemanager)
[ 1643.140930][ T1954] servicemanager: Caller(pid=694,uid=1041,sid=u:r:audioserver:s0) Tried to start aidl service activity as a lazy service, but was unable to. Usually this happens when a service is not installed, but if the service is intended to be used as a lazy service, then it may be configured incorrectly.
[ 1644.118754][  T411] servicemanager: Caller(pid=694,uid=1041,sid=u:r:audioserver:s0) Since 'activity' could not be found trying to start it as a lazy AIDL service. (if it's not configured to be a lazy service, it may be stuck starting or still starting).
[ 1644.206756][    T1] init: Control message: Could not find 'aidl/activity' for ctl.interface_start from pid: 411 (/system/bin/servicemanager)
[ 1644.250189][ T1957] servicemanager: Caller(pid=694,uid=1041,sid=u:r:audioserver:s0) Tried to start aidl service activity as a lazy service, but was unable to. Usually this happens when a service is not installed, but if the service is intended to be used as a lazy service, then it may be configured incorrectly.
[ 1645.190931][  T411] servicemanager: Caller(pid=694,uid=1041,sid=u:r:audioserver:s0) Since 'activity' could not be found trying to start it as a lazy AIDL service. (if it's not configured to be a lazy service, it may be stuck starting or still starting).
[ 1645.250243][    T1] init: Control message: Could not find 'aidl/activity' for ctl.interface_start from pid: 411 (/system/bin/servicemanager)
[ 1645.264277][ T1960] servicemanager: Caller(pid=694,uid=1041,sid=u:r:audioserver:s0) Tried to start aidl service activity as a lazy service, but was unable to. Usually this happens when a service is not installed, but if the service is intended to be used as a lazy service, then it may be configured incorrectly.
[ 1646.506836][  T411] servicemanager: Caller(pid=694,uid=1041,sid=u:r:audioserver:s0) Since 'activity' could not be found trying to start it as a lazy AIDL service. (if it's not configured to be a lazy service, it may be stuck starting or still starting).
[ 1646.951165][    T1] init: Control message: Could not find 'aidl/activity' for ctl.interface_start from pid: 411 (/system/bin/servicemanager)
[ 1647.067299][ T1961] servicemanager: Caller(pid=694,uid=1041,sid=u:r:audioserver:s0) Tried to start aidl service activity as a lazy service, but was unable to. Usually this happens when a service is not installed, but if the service is intended to be used as a lazy service, then it may be configured incorrectly.
[ 1647.590690][  T411] servicemanager: Caller(pid=694,uid=1041,sid=u:r:audioserver:s0) Since 'activity' could not be found trying to start it as a lazy AIDL service. (if it's not configured to be a lazy service, it may be stuck starting or still starting).
[ 1647.681070][    T1] init: Control message: Could not find 'aidl/activity' for ctl.interface_start from pid: 411 (/system/bin/servicemanager)
[ 1647.721814][ T1964] servicemanager: Caller(pid=694,uid=1041,sid=u:r:audioserver:s0) Tried to start aidl service activity as a lazy service, but was unable to. Usually this happens when a service is not installed, but if the service is intended to be used as a lazy service, then it may be configured incorrectly.
[ 1649.496479][  T411] servicemanager: Caller(pid=694,uid=1041,sid=u:r:audioserver:s0) Since 'activity' could not be found trying to start it as a lazy AIDL service. (if it's not configured to be a lazy service, it may be stuck starting or still starting).
[ 1650.750079][    T1] init: Control message: Could not find 'aidl/activity' for ctl.interface_start from pid: 411 (/system/bin/servicemanager)
[ 1651.076037][ T1965] servicemanager: Caller(pid=694,uid=1041,sid=u:r:audioserver:s0) Tried to start aidl service activity as a lazy service, but was unable to. Usually this happens when a service is not installed, but if the service is intended to be used as a lazy service, then it may be configured incorrectly.
[ 1651.266788][  T411] servicemanager: Caller(pid=694,uid=1041,sid=u:r:audioserver:s0) Since 'activity' could not be found trying to start it as a lazy AIDL service. (if it's not configured to be a lazy service, it may be stuck starting or still starting).
[ 1651.566829][    T1] init: Control message: Could not find 'aidl/activity' for ctl.interface_start from pid: 411 (/system/bin/servicemanager)
[ 1651.607833][ T1966] servicemanager: Caller(pid=694,uid=1041,sid=u:r:audioserver:s0) Tried to start aidl service activity as a lazy service, but was unable to. Usually this happens when a service is not installed, but if the service is intended to be used as a lazy service, then it may be configured incorrectly.
[ 1652.332574][  T411] servicemanager: Caller(pid=694,uid=1041,sid=u:r:audioserver:s0) Since 'activity' could not be found trying to start it as a lazy AIDL service. (if it's not configured to be a lazy service, it may be stuck starting or still starting).
[ 1652.429607][    T1] init: Control message: Could not find 'aidl/activity' for ctl.interface_start from pid: 411 (/system/bin/servicemanager)
[ 1652.467823][ T1971] servicemanager: Caller(pid=694,uid=1041,sid=u:r:audioserver:s0) Tried to start aidl service activity as a lazy service, but was unable to. Usually this happens when a service is not installed, but if the service is intended to be used as a lazy service, then it may be configured incorrectly.
[ 1653.671728][  T411] servicemanager: Caller(pid=694,uid=1041,sid=u:r:audioserver:s0) Since 'activity' could not be found trying to start it as a lazy AIDL service. (if it's not configured to be a lazy service, it may be stuck starting or still starting).
[ 1653.705106][    T1] init: Control message: Could not find 'aidl/activity' for ctl.interface_start from pid: 411 (/system/bin/servicemanager)
[ 1653.739720][ T1973] servicemanager: Caller(pid=694,uid=1041,sid=u:r:audioserver:s0) Tried to start aidl service activity as a lazy service, but was unable to. Usually this happens when a service is not installed, but if the service is intended to be used as a lazy service, then it may be configured incorrectly.
[ 1655.657677][  T411] servicemanager: Caller(pid=694,uid=1041,sid=u:r:audioserver:s0) Since 'activity' could not be found trying to start it as a lazy AIDL service. (if it's not configured to be a lazy service, it may be stuck starting or still starting).
[ 1656.238327][    T1] init: Control message: Could not find 'aidl/activity' for ctl.interface_start from pid: 411 (/system/bin/servicemanager)
[ 1656.312787][ T1977] servicemanager: Caller(pid=694,uid=1041,sid=u:r:audioserver:s0) Tried to start aidl service activity as a lazy service, but was unable to. Usually this happens when a service is not installed, but if the service is intended to be used as a lazy service, then it may be configured incorrectly.
[ 1657.520022][  T411] servicemanager: Caller(pid=694,uid=1041,sid=u:r:audioserver:s0) Since 'activity' could not be found trying to start it as a lazy AIDL service. (if it's not configured to be a lazy service, it may be stuck starting or still starting).
[ 1658.033539][    T1] init: Control message: Could not find 'aidl/activity' for ctl.interface_start from pid: 411 (/system/bin/servicemanager)
[ 1658.119483][ T1978] servicemanager: Caller(pid=694,uid=1041,sid=u:r:audioserver:s0) Tried to start aidl service activity as a lazy service, but was unable to. Usually this happens when a service is not installed, but if the service is intended to be used as a lazy service, then it may be configured incorrectly.
[ 1659.182180][  T411] servicemanager: Caller(pid=694,uid=1041,sid=u:r:audioserver:s0) Since 'activity' could not be found trying to start it as a lazy AIDL service. (if it's not configured to be a lazy service, it may be stuck starting or still starting).
[ 1659.887509][    T1] init: Control message: Could not find 'aidl/activity' for ctl.interface_start from pid: 411 (/system/bin/servicemanager)
[ 1659.929007][ T1980] servicemanager: Caller(pid=694,uid=1041,sid=u:r:audioserver:s0) Tried to start aidl service activity as a lazy service, but was unable to. Usually this happens when a service is not installed, but if the service is intended to be used as a lazy service, then it may be configured incorrectly.
[ 1660.345828][  T411] servicemanager: Caller(pid=694,uid=1041,sid=u:r:audioserver:s0) Since 'activity' could not be found trying to start it as a lazy AIDL service. (if it's not configured to be a lazy service, it may be stuck starting or still starting).
[ 1660.474965][    T1] init: Control message: Could not find 'aidl/activity' for ctl.interface_start from pid: 411 (/system/bin/servicemanager)
[ 1660.568089][ T1983] servicemanager: Caller(pid=694,uid=1041,sid=u:r:audioserver:s0) Tried to start aidl service activity as a lazy service, but was unable to. Usually this happens when a service is not installed, but if the service is intended to be used as a lazy service, then it may be configured incorrectly.
[ 1661.831769][  T411] servicemanager: Caller(pid=694,uid=1041,sid=u:r:audioserver:s0) Since 'activity' could not be found trying to start it as a lazy AIDL service. (if it's not configured to be a lazy service, it may be stuck starting or still starting).
[ 1662.418737][    T1] init: Control message: Could not find 'aidl/activity' for ctl.interface_start from pid: 411 (/system/bin/servicemanager)
[ 1662.480405][ T1984] servicemanager: Caller(pid=694,uid=1041,sid=u:r:audioserver:s0) Tried to start aidl service activity as a lazy service, but was unable to. Usually this happens when a service is not installed, but if the service is intended to be used as a lazy service, then it may be configured incorrectly.
[ 1663.292219][  T411] servicemanager: Caller(pid=694,uid=1041,sid=u:r:audioserver:s0) Since 'activity' could not be found trying to start it as a lazy AIDL service. (if it's not configured to be a lazy service, it may be stuck starting or still starting).
[ 1663.674050][    T1] init: Control message: Could not find 'aidl/activity' for ctl.interface_start from pid: 411 (/system/bin/servicemanager)
[ 1663.707928][ T1985] servicemanager: Caller(pid=694,uid=1041,sid=u:r:audioserver:s0) Tried to start aidl service activity as a lazy service, but was unable to. Usually this happens when a service is not installed, but if the service is intended to be used as a lazy service, then it may be configured incorrectly.
[ 1664.398589][  T411] servicemanager: Caller(pid=694,uid=1041,sid=u:r:audioserver:s0) Since 'activity' could not be found trying to start it as a lazy AIDL service. (if it's not configured to be a lazy service, it may be stuck starting or still starting).
[ 1664.463797][    T1] init: Control message: Could not find 'aidl/activity' for ctl.interface_start from pid: 411 (/system/bin/servicemanager)
[ 1664.488633][ T1986] servicemanager: Caller(pid=694,uid=1041,sid=u:r:audioserver:s0) Tried to start aidl service activity as a lazy service, but was unable to. Usually this happens when a service is not installed, but if the service is intended to be used as a lazy service, then it may be configured incorrectly.
[ 1665.773565][  T411] servicemanager: Caller(pid=694,uid=1041,sid=u:r:audioserver:s0) Since 'activity' could not be found trying to start it as a lazy AIDL service. (if it's not configured to be a lazy service, it may be stuck starting or still starting).
[ 1666.326101][    T1] init: Control message: Could not find 'aidl/activity' for ctl.interface_start from pid: 411 (/system/bin/servicemanager)
[ 1666.365024][ T1989] servicemanager: Caller(pid=694,uid=1041,sid=u:r:audioserver:s0) Tried to start aidl service activity as a lazy service, but was unable to. Usually this happens when a service is not installed, but if the service is intended to be used as a lazy service, then it may be configured incorrectly.
[ 1666.878793][  T411] servicemanager: Caller(pid=694,uid=1041,sid=u:r:audioserver:s0) Since 'activity' could not be found trying to start it as a lazy AIDL service. (if it's not configured to be a lazy service, it may be stuck starting or still starting).
[ 1666.909378][    T1] init: Control message: Could not find 'aidl/activity' for ctl.interface_start from pid: 411 (/system/bin/servicemanager)
[ 1666.930960][ T1992] servicemanager: Caller(pid=694,uid=1041,sid=u:r:audioserver:s0) Tried to start aidl service activity as a lazy service, but was unable to. Usually this happens when a service is not installed, but if the service is intended to be used as a lazy service, then it may be configured incorrectly.
[ 1667.901582][  T411] servicemanager: Caller(pid=694,uid=1041,sid=u:r:audioserver:s0) Since 'activity' could not be found trying to start it as a lazy AIDL service. (if it's not configured to be a lazy service, it may be stuck starting or still starting).
[ 1667.932307][    T1] init: Control message: Could not find 'aidl/activity' for ctl.interface_start from pid: 411 (/system/bin/servicemanager)
[ 1667.944441][ T1995] servicemanager: Caller(pid=694,uid=1041,sid=u:r:audioserver:s0) Tried to start aidl service activity as a lazy service, but was unable to. Usually this happens when a service is not installed, but if the service is intended to be used as a lazy service, then it may be configured incorrectly.
[ 1669.705402][  T411] servicemanager: Caller(pid=694,uid=1041,sid=u:r:audioserver:s0) Since 'activity' could not be found trying to start it as a lazy AIDL service. (if it's not configured to be a lazy service, it may be stuck starting or still starting).
[ 1670.144632][    T1] init: Control message: Could not find 'aidl/activity' for ctl.interface_start from pid: 411 (/system/bin/servicemanager)
[ 1670.195093][ T2000] servicemanager: Caller(pid=694,uid=1041,sid=u:r:audioserver:s0) Tried to start aidl service activity as a lazy service, but was unable to. Usually this happens when a service is not installed, but if the service is intended to be used as a lazy service, then it may be configured incorrectly.
[ 1670.945440][  T411] servicemanager: Caller(pid=694,uid=1041,sid=u:r:audioserver:s0) Since 'activity' could not be found trying to start it as a lazy AIDL service. (if it's not configured to be a lazy service, it may be stuck starting or still starting).
[ 1671.046203][    T1] init: Control message: Could not find 'aidl/activity' for ctl.interface_start from pid: 411 (/system/bin/servicemanager)
[ 1671.078174][ T2002] servicemanager: Caller(pid=694,uid=1041,sid=u:r:audioserver:s0) Tried to start aidl service activity as a lazy service, but was unable to. Usually this happens when a service is not installed, but if the service is intended to be used as a lazy service, then it may be configured incorrectly.
[ 1672.511600][  T411] servicemanager: Caller(pid=694,uid=1041,sid=u:r:audioserver:s0) Since 'activity' could not be found trying to start it as a lazy AIDL service. (if it's not configured to be a lazy service, it may be stuck starting or still starting).
[ 1673.197886][    T1] init: Control message: Could not find 'aidl/activity' for ctl.interface_start from pid: 411 (/system/bin/servicemanager)
[ 1673.215880][ T2004] servicemanager: Caller(pid=694,uid=1041,sid=u:r:audioserver:s0) Tried to start aidl service activity as a lazy service, but was unable to. Usually this happens when a service is not installed, but if the service is intended to be used as a lazy service, then it may be configured incorrectly.
[ 1674.660535][  T411] servicemanager: Caller(pid=694,uid=1041,sid=u:r:audioserver:s0) Since 'activity' could not be found trying to start it as a lazy AIDL service. (if it's not configured to be a lazy service, it may be stuck starting or still starting).
[ 1675.030773][    T1] init: Control message: Could not find 'aidl/activity' for ctl.interface_start from pid: 411 (/system/bin/servicemanager)
[ 1675.104403][ T2006] servicemanager: Caller(pid=694,uid=1041,sid=u:r:audioserver:s0) Tried to start aidl service activity as a lazy service, but was unable to. Usually this happens when a service is not installed, but if the service is intended to be used as a lazy service, then it may be configured incorrectly.
[ 1675.839183][  T411] servicemanager: Caller(pid=694,uid=1041,sid=u:r:audioserver:s0) Since 'activity' could not be found trying to start it as a lazy AIDL service. (if it's not configured to be a lazy service, it may be stuck starting or still starting).
[ 1675.918920][    T1] init: Control message: Could not find 'aidl/activity' for ctl.interface_start from pid: 411 (/system/bin/servicemanager)
[ 1675.937615][ T2008] servicemanager: Caller(pid=694,uid=1041,sid=u:r:audioserver:s0) Tried to start aidl service activity as a lazy service, but was unable to. Usually this happens when a service is not installed, but if the service is intended to be used as a lazy service, then it may be configured incorrectly.
[ 1676.890686][  T411] servicemanager: Caller(pid=694,uid=1041,sid=u:r:audioserver:s0) Since 'activity' could not be found trying to start it as a lazy AIDL service. (if it's not configured to be a lazy service, it may be stuck starting or still starting).
[ 1676.939833][    T1] init: Control message: Could not find 'aidl/activity' for ctl.interface_start from pid: 411 (/system/bin/servicemanager)
[ 1676.971368][ T2010] servicemanager: Caller(pid=694,uid=1041,sid=u:r:audioserver:s0) Tried to start aidl service activity as a lazy service, but was unable to. Usually this happens when a service is not installed, but if the service is intended to be used as a lazy service, then it may be configured incorrectly.
[ 1677.930801][  T411] servicemanager: Caller(pid=694,uid=1041,sid=u:r:audioserver:s0) Since 'activity' could not be found trying to start it as a lazy AIDL service. (if it's not configured to be a lazy service, it may be stuck starting or still starting).
[ 1677.988255][    T1] init: Control message: Could not find 'aidl/activity' for ctl.interface_start from pid: 411 (/system/bin/servicemanager)
[ 1678.018229][ T2013] servicemanager: Caller(pid=694,uid=1041,sid=u:r:audioserver:s0) Tried to start aidl service activity as a lazy service, but was unable to. Usually this happens when a service is not installed, but if the service is intended to be used as a lazy service, then it may be configured incorrectly.
[ 1679.213074][  T411] servicemanager: Caller(pid=694,uid=1041,sid=u:r:audioserver:s0) Since 'activity' could not be found trying to start it as a lazy AIDL service. (if it's not configured to be a lazy service, it may be stuck starting or still starting).
[ 1679.927058][    T1] init: Control message: Could not find 'aidl/activity' for ctl.interface_start from pid: 411 (/system/bin/servicemanager)
[ 1680.169747][ T2014] servicemanager: Caller(pid=694,uid=1041,sid=u:r:audioserver:s0) Tried to start aidl service activity as a lazy service, but was unable to. Usually this happens when a service is not installed, but if the service is intended to be used as a lazy service, then it may be configured incorrectly.
[ 1681.159472][  T411] servicemanager: Caller(pid=694,uid=1041,sid=u:r:audioserver:s0) Since 'activity' could not be found trying to start it as a lazy AIDL service. (if it's not configured to be a lazy service, it may be stuck starting or still starting).
[ 1681.756395][    T1] init: Control message: Could not find 'aidl/activity' for ctl.interface_start from pid: 411 (/system/bin/servicemanager)
[ 1682.418288][ T2015] servicemanager: Caller(pid=694,uid=1041,sid=u:r:audioserver:s0) Tried to start aidl service activity as a lazy service, but was unable to. Usually this happens when a service is not installed, but if the service is intended to be used as a lazy service, then it may be configured incorrectly.
[ 1682.685419][  T411] servicemanager: Caller(pid=694,uid=1041,sid=u:r:audioserver:s0) Since 'activity' could not be found trying to start it as a lazy AIDL service. (if it's not configured to be a lazy service, it may be stuck starting or still starting).
[ 1683.037379][    T1] init: Control message: Could not find 'aidl/activity' for ctl.interface_start from pid: 411 (/system/bin/servicemanager)
[ 1683.063138][ T2017] servicemanager: Caller(pid=694,uid=1041,sid=u:r:audioserver:s0) Tried to start aidl service activity as a lazy service, but was unable to. Usually this happens when a service is not installed, but if the service is intended to be used as a lazy service, then it may be configured incorrectly.
[ 1683.851139][  T411] servicemanager: Caller(pid=694,uid=1041,sid=u:r:audioserver:s0) Since 'activity' could not be found trying to start it as a lazy AIDL service. (if it's not configured to be a lazy service, it may be stuck starting or still starting).
[ 1683.917100][    T1] init: Control message: Could not find 'aidl/activity' for ctl.interface_start from pid: 411 (/system/bin/servicemanager)
[ 1683.955475][ T2022] servicemanager: Caller(pid=694,uid=1041,sid=u:r:audioserver:s0) Tried to start aidl service activity as a lazy service, but was unable to. Usually this happens when a service is not installed, but if the service is intended to be used as a lazy service, then it may be configured incorrectly.
[ 1688.304684][  T411] servicemanager: Caller(pid=694,uid=1041,sid=u:r:audioserver:s0) Since 'activity' could not be found trying to start it as a lazy AIDL service. (if it's not configured to be a lazy service, it may be stuck starting or still starting).
[ 1688.677964][  T411] libbinder.Binder: Binder transaction to android.os.IServiceManager, function: getService2, code: 2, took 1681ms. Data bytes: 96 Reply bytes: 52 Flags: 16
[ 1690.075253][    T1] init: Control message: Could not find 'aidl/activity' for ctl.interface_start from pid: 411 (/system/bin/servicemanager)
[ 1691.007343][ T2024] servicemanager: Caller(pid=694,uid=1041,sid=u:r:audioserver:s0) Tried to start aidl service activity as a lazy service, but was unable to. Usually this happens when a service is not installed, but if the service is intended to be used as a lazy service, then it may be configured incorrectly.
[ 1691.113883][  T411] servicemanager: Caller(pid=694,uid=1041,sid=u:r:audioserver:s0) Since 'activity' could not be found trying to start it as a lazy AIDL service. (if it's not configured to be a lazy service, it may be stuck starting or still starting).
[ 1691.628137][    T1] init: Control message: Could not find 'aidl/activity' for ctl.interface_start from pid: 411 (/system/bin/servicemanager)
[ 1692.112980][ T2026] servicemanager: Caller(pid=694,uid=1041,sid=u:r:audioserver:s0) Tried to start aidl service activity as a lazy service, but was unable to. Usually this happens when a service is not installed, but if the service is intended to be used as a lazy service, then it may be configured incorrectly.
[ 1692.943457][  T411] servicemanager: Caller(pid=694,uid=1041,sid=u:r:audioserver:s0) Since 'activity' could not be found trying to start it as a lazy AIDL service. (if it's not configured to be a lazy service, it may be stuck starting or still starting).
[ 1693.337621][    T1] init: Control message: Could not find 'aidl/activity' for ctl.interface_start from pid: 411 (/system/bin/servicemanager)
[ 1693.401560][ T2027] servicemanager: Caller(pid=694,uid=1041,sid=u:r:audioserver:s0) Tried to start aidl service activity as a lazy service, but was unable to. Usually this happens when a service is not installed, but if the service is intended to be used as a lazy service, then it may be configured incorrectly.
[ 1694.062025][  T411] servicemanager: Caller(pid=694,uid=1041,sid=u:r:audioserver:s0) Since 'activity' could not be found trying to start it as a lazy AIDL service. (if it's not configured to be a lazy service, it may be stuck starting or still starting).
[ 1694.151618][    T1] init: Control message: Could not find 'aidl/activity' for ctl.interface_start from pid: 411 (/system/bin/servicemanager)
[ 1694.170979][ T2028] servicemanager: Caller(pid=694,uid=1041,sid=u:r:audioserver:s0) Tried to start aidl service activity as a lazy service, but was unable to. Usually this happens when a service is not installed, but if the service is intended to be used as a lazy service, then it may be configured incorrectly.
[ 1695.447736][  T411] servicemanager: Caller(pid=694,uid=1041,sid=u:r:audioserver:s0) Since 'activity' could not be found trying to start it as a lazy AIDL service. (if it's not configured to be a lazy service, it may be stuck starting or still starting).
[ 1695.878864][    T1] init: Control message: Could not find 'aidl/activity' for ctl.interface_start from pid: 411 (/system/bin/servicemanager)
[ 1695.886632][ T2029] servicemanager: Caller(pid=694,uid=1041,sid=u:r:audioserver:s0) Tried to start aidl service activity as a lazy service, but was unable to. Usually this happens when a service is not installed, but if the service is intended to be used as a lazy service, then it may be configured incorrectly.
[ 1696.524581][  T411] servicemanager: Caller(pid=694,uid=1041,sid=u:r:audioserver:s0) Since 'activity' could not be found trying to start it as a lazy AIDL service. (if it's not configured to be a lazy service, it may be stuck starting or still starting).
[ 1696.572745][    T1] init: Control message: Could not find 'aidl/activity' for ctl.interface_start from pid: 411 (/system/bin/servicemanager)
[ 1696.587285][ T2032] servicemanager: Caller(pid=694,uid=1041,sid=u:r:audioserver:s0) Tried to start aidl service activity as a lazy service, but was unable to. Usually this happens when a service is not installed, but if the service is intended to be used as a lazy service, then it may be configured incorrectly.
[ 1697.562630][  T411] servicemanager: Caller(pid=694,uid=1041,sid=u:r:audioserver:s0) Since 'activity' could not be found trying to start it as a lazy AIDL service. (if it's not configured to be a lazy service, it may be stuck starting or still starting).
[ 1697.598699][    T1] init: Control message: Could not find 'aidl/activity' for ctl.interface_start from pid: 411 (/system/bin/servicemanager)
[ 1697.622011][ T2035] servicemanager: Caller(pid=694,uid=1041,sid=u:r:audioserver:s0) Tried to start aidl service activity as a lazy service, but was unable to. Usually this happens when a service is not installed, but if the service is intended to be used as a lazy service, then it may be configured incorrectly.
[ 1699.417590][  T411] servicemanager: Caller(pid=694,uid=1041,sid=u:r:audioserver:s0) Since 'activity' could not be found trying to start it as a lazy AIDL service. (if it's not configured to be a lazy service, it may be stuck starting or still starting).
[ 1700.319414][    T1] init: Control message: Could not find 'aidl/activity' for ctl.interface_start from pid: 411 (/system/bin/servicemanager)
[ 1700.455434][ T2038] servicemanager: Caller(pid=694,uid=1041,sid=u:r:audioserver:s0) Tried to start aidl service activity as a lazy service, but was unable to. Usually this happens when a service is not installed, but if the service is intended to be used as a lazy service, then it may be configured incorrectly.
[ 1700.557415][  T411] servicemanager: Caller(pid=694,uid=1041,sid=u:r:audioserver:s0) Since 'activity' could not be found trying to start it as a lazy AIDL service. (if it's not configured to be a lazy service, it may be stuck starting or still starting).
[ 1701.497402][    T1] init: Control message: Could not find 'aidl/activity' for ctl.interface_start from pid: 411 (/system/bin/servicemanager)
[ 1701.574208][ T2039] servicemanager: Caller(pid=694,uid=1041,sid=u:r:audioserver:s0) Tried to start aidl service activity as a lazy service, but was unable to. Usually this happens when a service is not installed, but if the service is intended to be used as a lazy service, then it may be configured incorrectly.
[ 1702.483217][  T411] servicemanager: Caller(pid=694,uid=1041,sid=u:r:audioserver:s0) Since 'activity' could not be found trying to start it as a lazy AIDL service. (if it's not configured to be a lazy service, it may be stuck starting or still starting).
[ 1702.523330][    T1] init: Control message: Could not find 'aidl/activity' for ctl.interface_start from pid: 411 (/system/bin/servicemanager)
[ 1702.576684][ T2044] servicemanager: Caller(pid=694,uid=1041,sid=u:r:audioserver:s0) Tried to start aidl service activity as a lazy service, but was unable to. Usually this happens when a service is not installed, but if the service is intended to be used as a lazy service, then it may be configured incorrectly.
[ 1705.870896][  T411] servicemanager: Caller(pid=694,uid=1041,sid=u:r:audioserver:s0) Since 'activity' could not be found trying to start it as a lazy AIDL service. (if it's not configured to be a lazy service, it may be stuck starting or still starting).
[ 1706.992740][  T411] servicemanager: Caller(pid=694,uid=1041,sid=u:r:audioserver:s0) Since 'activity' could not be found trying to start it as a lazy AIDL service. (if it's not configured to be a lazy service, it may be stuck starting or still starting).
[ 1707.061503][    T1] init: Control message: Could not find 'aidl/activity' for ctl.interface_start from pid: 411 (/system/bin/servicemanager)
[ 1707.180173][ T2047] servicemanager: Caller(pid=694,uid=1041,sid=u:r:audioserver:s0) Tried to start aidl service activity as a lazy service, but was unable to. Usually this happens when a service is not installed, but if the service is intended to be used as a lazy service, then it may be configured incorrectly.
[ 1707.370110][    T1] init: Untracked process (pid: 2046 name: (printf) ppid: 1 pgrp: 2033 state: Z) received SIGHUP
[ 1707.380770][    T1] init: Untracked process (pid: 2046 name: (printf) ppid: 1 pgrp: 2033 state: Z) did not have an associated service entry and will not be reaped
[ 1707.393928][    T1] init: Control message: Could not find 'aidl/activity' for ctl.interface_start from pid: 411 (/system/bin/servicemanager)
[ 1707.413253][ T2048] servicemanager: Caller(pid=694,uid=1041,sid=u:r:audioserver:s0) Tried to start aidl service activity as a lazy service, but was unable to. Usually this happens when a service is not installed, but if the service is intended to be used as a lazy service, then it may be configured incorrectly.
[ 1708.135943][  T411] servicemanager: Caller(pid=694,uid=1041,sid=u:r:audioserver:s0) Since 'activity' could not be found trying to start it as a lazy AIDL service. (if it's not configured to be a lazy service, it may be stuck starting or still starting).
[ 1708.202628][    T1] init: Control message: Could not find 'aidl/activity' for ctl.interface_start from pid: 411 (/system/bin/servicemanager)
[ 1708.223203][ T2049] servicemanager: Caller(pid=694,uid=1041,sid=u:r:audioserver:s0) Tried to start aidl service activity as a lazy service, but was unable to. Usually this happens when a service is not installed, but if the service is intended to be used as a lazy service, then it may be configured incorrectly.
[ 1710.457606][  T411] servicemanager: Caller(pid=694,uid=1041,sid=u:r:audioserver:s0) Since 'activity' could not be found trying to start it as a lazy AIDL service. (if it's not configured to be a lazy service, it may be stuck starting or still starting).
[ 1711.049283][    T1] init: Control message: Could not find 'aidl/activity' for ctl.interface_start from pid: 411 (/system/bin/servicemanager)
[ 1711.124319][ T2052] servicemanager: Caller(pid=694,uid=1041,sid=u:r:audioserver:s0) Tried to start aidl service activity as a lazy service, but was unable to. Usually this happens when a service is not installed, but if the service is intended to be used as a lazy service, then it may be configured incorrectly.
[ 1711.738594][  T411] servicemanager: Caller(pid=694,uid=1041,sid=u:r:audioserver:s0) Since 'activity' could not be found trying to start it as a lazy AIDL service. (if it's not configured to be a lazy service, it may be stuck starting or still starting).
[ 1711.853654][    T1] init: Control message: Could not find 'aidl/activity' for ctl.interface_start from pid: 411 (/system/bin/servicemanager)
[ 1711.908723][ T2055] servicemanager: Caller(pid=694,uid=1041,sid=u:r:audioserver:s0) Tried to start aidl service activity as a lazy service, but was unable to. Usually this happens when a service is not installed, but if the service is intended to be used as a lazy service, then it may be configured incorrectly.
[ 1712.810689][  T411] servicemanager: Caller(pid=694,uid=1041,sid=u:r:audioserver:s0) Since 'activity' could not be found trying to start it as a lazy AIDL service. (if it's not configured to be a lazy service, it may be stuck starting or still starting).
[ 1712.871920][    T1] init: Control message: Could not find 'aidl/activity' for ctl.interface_start from pid: 411 (/system/bin/servicemanager)
[ 1712.890510][ T2058] servicemanager: Caller(pid=694,uid=1041,sid=u:r:audioserver:s0) Tried to start aidl service activity as a lazy service, but was unable to. Usually this happens when a service is not installed, but if the service is intended to be used as a lazy service, then it may be configured incorrectly.
[ 1714.191671][  T411] servicemanager: Caller(pid=694,uid=1041,sid=u:r:audioserver:s0) Since 'activity' could not be found trying to start it as a lazy AIDL service. (if it's not configured to be a lazy service, it may be stuck starting or still starting).
[ 1714.760881][    T1] init: Control message: Could not find 'aidl/activity' for ctl.interface_start from pid: 411 (/system/bin/servicemanager)
[ 1714.812564][ T2060] servicemanager: Caller(pid=694,uid=1041,sid=u:r:audioserver:s0) Tried to start aidl service activity as a lazy service, but was unable to. Usually this happens when a service is not installed, but if the service is intended to be used as a lazy service, then it may be configured incorrectly.
[ 1715.360865][  T411] servicemanager: Caller(pid=694,uid=1041,sid=u:r:audioserver:s0) Since 'activity' could not be found trying to start it as a lazy AIDL service. (if it's not configured to be a lazy service, it may be stuck starting or still starting).
[ 1715.441815][    T1] init: Control message: Could not find 'aidl/activity' for ctl.interface_start from pid: 411 (/system/bin/servicemanager)
[ 1715.471720][ T2062] servicemanager: Caller(pid=694,uid=1041,sid=u:r:audioserver:s0) Tried to start aidl service activity as a lazy service, but was unable to. Usually this happens when a service is not installed, but if the service is intended to be used as a lazy service, then it may be configured incorrectly.
[ 1716.435095][  T411] servicemanager: Caller(pid=694,uid=1041,sid=u:r:audioserver:s0) Since 'activity' could not be found trying to start it as a lazy AIDL service. (if it's not configured to be a lazy service, it may be stuck starting or still starting).
[ 1716.453395][    T1] init: Control message: Could not find 'aidl/activity' for ctl.interface_start from pid: 411 (/system/bin/servicemanager)
[ 1716.463391][ T2066] servicemanager: Caller(pid=694,uid=1041,sid=u:r:audioserver:s0) Tried to start aidl service activity as a lazy service, but was unable to. Usually this happens when a service is not installed, but if the service is intended to be used as a lazy service, then it may be configured incorrectly.
[ 1718.441278][  T411] servicemanager: Caller(pid=694,uid=1041,sid=u:r:audioserver:s0) Since 'activity' could not be found trying to start it as a lazy AIDL service. (if it's not configured to be a lazy service, it may be stuck starting or still starting).
[ 1718.924175][    T1] init: Control message: Could not find 'aidl/activity' for ctl.interface_start from pid: 411 (/system/bin/servicemanager)
[ 1718.978681][ T2072] servicemanager: Caller(pid=694,uid=1041,sid=u:r:audioserver:s0) Tried to start aidl service activity as a lazy service, but was unable to. Usually this happens when a service is not installed, but if the service is intended to be used as a lazy service, then it may be configured incorrectly.
[ 1719.853927][  T411] servicemanager: Caller(pid=694,uid=1041,sid=u:r:audioserver:s0) Since 'activity' could not be found trying to start it as a lazy AIDL service. (if it's not configured to be a lazy service, it may be stuck starting or still starting).
[ 1720.413203][    T1] init: Control message: Could not find 'aidl/activity' for ctl.interface_start from pid: 411 (/system/bin/servicemanager)
[ 1720.562995][ T2073] servicemanager: Caller(pid=694,uid=1041,sid=u:r:audioserver:s0) Tried to start aidl service activity as a lazy service, but was unable to. Usually this happens when a service is not installed, but if the service is intended to be used as a lazy service, then it may be configured incorrectly.
[ 1721.161452][  T411] servicemanager: Caller(pid=694,uid=1041,sid=u:r:audioserver:s0) Since 'activity' could not be found trying to start it as a lazy AIDL service. (if it's not configured to be a lazy service, it may be stuck starting or still starting).
[ 1721.195078][    T1] init: Control message: Could not find 'aidl/activity' for ctl.interface_start from pid: 411 (/system/bin/servicemanager)
[ 1721.224998][ T2076] servicemanager: Caller(pid=694,uid=1041,sid=u:r:audioserver:s0) Tried to start aidl service activity as a lazy service, but was unable to. Usually this happens when a service is not installed, but if the service is intended to be used as a lazy service, then it may be configured incorrectly.
[ 1722.189254][  T411] servicemanager: Caller(pid=694,uid=1041,sid=u:r:audioserver:s0) Since 'activity' could not be found trying to start it as a lazy AIDL service. (if it's not configured to be a lazy service, it may be stuck starting or still starting).
[ 1722.241995][    T1] init: Control message: Could not find 'aidl/activity' for ctl.interface_start from pid: 411 (/system/bin/servicemanager)
[ 1722.259607][ T2077] servicemanager: Caller(pid=694,uid=1041,sid=u:r:audioserver:s0) Tried to start aidl service activity as a lazy service, but was unable to. Usually this happens when a service is not installed, but if the service is intended to be used as a lazy service, then it may be configured incorrectly.
[ 1723.235144][  T411] servicemanager: Caller(pid=694,uid=1041,sid=u:r:audioserver:s0) Since 'activity' could not be found trying to start it as a lazy AIDL service. (if it's not configured to be a lazy service, it may be stuck starting or still starting).
[ 1723.284377][    T1] init: Control message: Could not find 'aidl/activity' for ctl.interface_start from pid: 411 (/system/bin/servicemanager)
[ 1723.314493][ T2078] servicemanager: Caller(pid=694,uid=1041,sid=u:r:audioserver:s0) Tried to start aidl service activity as a lazy service, but was unable to. Usually this happens when a service is not installed, but if the service is intended to be used as a lazy service, then it may be configured incorrectly.
[ 1724.376898][  T411] servicemanager: Caller(pid=694,uid=1041,sid=u:r:audioserver:s0) Since 'activity' could not be found trying to start it as a lazy AIDL service. (if it's not configured to be a lazy service, it may be stuck starting or still starting).
[ 1724.775045][    T1] init: Control message: Could not find 'aidl/activity' for ctl.interface_start from pid: 411 (/system/bin/servicemanager)
[ 1724.814795][ T2079] servicemanager: Caller(pid=694,uid=1041,sid=u:r:audioserver:s0) Tried to start aidl service activity as a lazy service, but was unable to. Usually this happens when a service is not installed, but if the service is intended to be used as a lazy service, then it may be configured incorrectly.
[ 1725.669136][  T411] servicemanager: Caller(pid=694,uid=1041,sid=u:r:audioserver:s0) Since 'activity' could not be found trying to start it as a lazy AIDL service. (if it's not configured to be a lazy service, it may be stuck starting or still starting).
[ 1726.116903][    T1] init: Control message: Could not find 'aidl/activity' for ctl.interface_start from pid: 411 (/system/bin/servicemanager)
[ 1726.190212][ T2082] servicemanager: Caller(pid=694,uid=1041,sid=u:r:audioserver:s0) Tried to start aidl service activity as a lazy service, but was unable to. Usually this happens when a service is not installed, but if the service is intended to be used as a lazy service, then it may be configured incorrectly.
[ 1727.135304][  T411] servicemanager: Caller(pid=694,uid=1041,sid=u:r:audioserver:s0) Since 'activity' could not be found trying to start it as a lazy AIDL service. (if it's not configured to be a lazy service, it may be stuck starting or still starting).
[ 1727.594139][    T1] init: Control message: Could not find 'aidl/activity' for ctl.interface_start from pid: 411 (/system/bin/servicemanager)
[ 1727.655921][ T2085] servicemanager: Caller(pid=694,uid=1041,sid=u:r:audioserver:s0) Tried to start aidl service activity as a lazy service, but was unable to. Usually this happens when a service is not installed, but if the service is intended to be used as a lazy service, then it may be configured incorrectly.
[ 1728.252525][  T411] servicemanager: Caller(pid=694,uid=1041,sid=u:r:audioserver:s0) Since 'activity' could not be found trying to start it as a lazy AIDL service. (if it's not configured to be a lazy service, it may be stuck starting or still starting).
[ 1728.314906][    T1] init: Control message: Could not find 'aidl/activity' for ctl.interface_start from pid: 411 (/system/bin/servicemanager)
[ 1728.350585][ T2086] servicemanager: Caller(pid=694,uid=1041,sid=u:r:audioserver:s0) Tried to start aidl service activity as a lazy service, but was unable to. Usually this happens when a service is not installed, but if the service is intended to be used as a lazy service, then it may be configured incorrectly.
[ 1729.863179][  T411] servicemanager: Caller(pid=694,uid=1041,sid=u:r:audioserver:s0) Since 'activity' could not be found trying to start it as a lazy AIDL service. (if it's not configured to be a lazy service, it may be stuck starting or still starting).
[ 1730.332414][    T1] init: Control message: Could not find 'aidl/activity' for ctl.interface_start from pid: 411 (/system/bin/servicemanager)
[ 1730.341061][ T2089] servicemanager: Caller(pid=694,uid=1041,sid=u:r:audioserver:s0) Tried to start aidl service activity as a lazy service, but was unable to. Usually this happens when a service is not installed, but if the service is intended to be used as a lazy service, then it may be configured incorrectly.
[ 1731.557368][  T411] servicemanager: Caller(pid=694,uid=1041,sid=u:r:audioserver:s0) Since 'activity' could not be found trying to start it as a lazy AIDL service. (if it's not configured to be a lazy service, it may be stuck starting or still starting).
[ 1731.845507][    T1] init: Control message: Could not find 'aidl/activity' for ctl.interface_start from pid: 411 (/system/bin/servicemanager)
[ 1732.033676][ T2091] servicemanager: Caller(pid=694,uid=1041,sid=u:r:audioserver:s0) Tried to start aidl service activity as a lazy service, but was unable to. Usually this happens when a service is not installed, but if the service is intended to be used as a lazy service, then it may be configured incorrectly.
[ 1732.993707][  T411] servicemanager: Caller(pid=694,uid=1041,sid=u:r:audioserver:s0) Since 'activity' could not be found trying to start it as a lazy AIDL service. (if it's not configured to be a lazy service, it may be stuck starting or still starting).
[ 1733.468661][    T1] init: Control message: Could not find 'aidl/activity' for ctl.interface_start from pid: 411 (/system/bin/servicemanager)
[ 1733.511513][ T2092] servicemanager: Caller(pid=694,uid=1041,sid=u:r:audioserver:s0) Tried to start aidl service activity as a lazy service, but was unable to. Usually this happens when a service is not installed, but if the service is intended to be used as a lazy service, then it may be configured incorrectly.
[ 1734.058768][  T411] servicemanager: Caller(pid=694,uid=1041,sid=u:r:audioserver:s0) Since 'activity' could not be found trying to start it as a lazy AIDL service. (if it's not configured to be a lazy service, it may be stuck starting or still starting).
[ 1734.118823][    T1] init: Control message: Could not find 'aidl/activity' for ctl.interface_start from pid: 411 (/system/bin/servicemanager)
[ 1734.145298][ T2094] servicemanager: Caller(pid=694,uid=1041,sid=u:r:audioserver:s0) Tried to start aidl service activity as a lazy service, but was unable to. Usually this happens when a service is not installed, but if the service is intended to be used as a lazy service, then it may be configured incorrectly.
[ 1735.095981][  T411] servicemanager: Caller(pid=694,uid=1041,sid=u:r:audioserver:s0) Since 'activity' could not be found trying to start it as a lazy AIDL service. (if it's not configured to be a lazy service, it may be stuck starting or still starting).
[ 1735.174222][    T1] init: Control message: Could not find 'aidl/activity' for ctl.interface_start from pid: 411 (/system/bin/servicemanager)
[ 1735.184178][ T2096] servicemanager: Caller(pid=694,uid=1041,sid=u:r:audioserver:s0) Tried to start aidl service activity as a lazy service, but was unable to. Usually this happens when a service is not installed, but if the service is intended to be used as a lazy service, then it may be configured incorrectly.
[ 1736.188967][  T411] servicemanager: Caller(pid=694,uid=1041,sid=u:r:audioserver:s0) Since 'activity' could not be found trying to start it as a lazy AIDL service. (if it's not configured to be a lazy service, it may be stuck starting or still starting).
[ 1736.840482][    T1] init: Control message: Could not find 'aidl/activity' for ctl.interface_start from pid: 411 (/system/bin/servicemanager)
[ 1736.951698][ T2099] servicemanager: Caller(pid=694,uid=1041,sid=u:r:audioserver:s0) Tried to start aidl service activity as a lazy service, but was unable to. Usually this happens when a service is not installed, but if the service is intended to be used as a lazy service, then it may be configured incorrectly.
[ 1737.578760][  T411] servicemanager: Caller(pid=694,uid=1041,sid=u:r:audioserver:s0) Since 'activity' could not be found trying to start it as a lazy AIDL service. (if it's not configured to be a lazy service, it may be stuck starting or still starting).
[ 1737.836625][    T1] init: Control message: Could not find 'aidl/activity' for ctl.interface_start from pid: 411 (/system/bin/servicemanager)
[ 1737.901019][ T2100] servicemanager: Caller(pid=694,uid=1041,sid=u:r:audioserver:s0) Tried to start aidl service activity as a lazy service, but was unable to. Usually this happens when a service is not installed, but if the service is intended to be used as a lazy service, then it may be configured incorrectly.
[ 1738.766329][  T411] servicemanager: Caller(pid=694,uid=1041,sid=u:r:audioserver:s0) Since 'activity' could not be found trying to start it as a lazy AIDL service. (if it's not configured to be a lazy service, it may be stuck starting or still starting).
[ 1740.033332][    T1] init: Control message: Could not find 'aidl/activity' for ctl.interface_start from pid: 411 (/system/bin/servicemanager)
[ 1740.165835][ T2101] servicemanager: Caller(pid=694,uid=1041,sid=u:r:audioserver:s0) Tried to start aidl service activity as a lazy service, but was unable to. Usually this happens when a service is not installed, but if the service is intended to be used as a lazy service, then it may be configured incorrectly.
[ 1740.898099][  T411] servicemanager: Caller(pid=694,uid=1041,sid=u:r:audioserver:s0) Since 'activity' could not be found trying to start it as a lazy AIDL service. (if it's not configured to be a lazy service, it may be stuck starting or still starting).
[ 1741.031252][    T1] init: Control message: Could not find 'aidl/activity' for ctl.interface_start from pid: 411 (/system/bin/servicemanager)
[ 1741.043141][ T2107] servicemanager: Caller(pid=694,uid=1041,sid=u:r:audioserver:s0) Tried to start aidl service activity as a lazy service, but was unable to. Usually this happens when a service is not installed, but if the service is intended to be used as a lazy service, then it may be configured incorrectly.
[ 1741.988931][  T411] servicemanager: Caller(pid=694,uid=1041,sid=u:r:audioserver:s0) Since 'activity' could not be found trying to start it as a lazy AIDL service. (if it's not configured to be a lazy service, it may be stuck starting or still starting).
[ 1742.096874][    T1] init: Control message: Could not find 'aidl/activity' for ctl.interface_start from pid: 411 (/system/bin/servicemanager)
[ 1742.202081][ T2109] servicemanager: Caller(pid=694,uid=1041,sid=u:r:audioserver:s0) Tried to start aidl service activity as a lazy service, but was unable to. Usually this happens when a service is not installed, but if the service is intended to be used as a lazy service, then it may be configured incorrectly.
[ 1743.083099][  T411] servicemanager: Caller(pid=694,uid=1041,sid=u:r:audioserver:s0) Since 'activity' could not be found trying to start it as a lazy AIDL service. (if it's not configured to be a lazy service, it may be stuck starting or still starting).
[ 1743.144402][    T1] init: Control message: Could not find 'aidl/activity' for ctl.interface_start from pid: 411 (/system/bin/servicemanager)
[ 1743.193004][ T2112] servicemanager: Caller(pid=694,uid=1041,sid=u:r:audioserver:s0) Tried to start aidl service activity as a lazy service, but was unable to. Usually this happens when a service is not installed, but if the service is intended to be used as a lazy service, then it may be configured incorrectly.
[ 1744.129539][  T411] servicemanager: Caller(pid=694,uid=1041,sid=u:r:audioserver:s0) Since 'activity' could not be found trying to start it as a lazy AIDL service. (if it's not configured to be a lazy service, it may be stuck starting or still starting).
[ 1744.223465][    T1] init: Control message: Could not find 'aidl/activity' for ctl.interface_start from pid: 411 (/system/bin/servicemanager)
[ 1744.273167][ T2114] servicemanager: Caller(pid=694,uid=1041,sid=u:r:audioserver:s0) Tried to start aidl service activity as a lazy service, but was unable to. Usually this happens when a service is not installed, but if the service is intended to be used as a lazy service, then it may be configured incorrectly.
[ 1745.219149][  T411] servicemanager: Caller(pid=694,uid=1041,sid=u:r:audioserver:s0) Since 'activity' could not be found trying to start it as a lazy AIDL service. (if it's not configured to be a lazy service, it may be stuck starting or still starting).
[ 1745.423927][    T1] init: Control message: Could not find 'aidl/activity' for ctl.interface_start from pid: 411 (/system/bin/servicemanager)
[ 1746.584125][ T2117] servicemanager: Caller(pid=694,uid=1041,sid=u:r:audioserver:s0) Tried to start aidl service activity as a lazy service, but was unable to. Usually this happens when a service is not installed, but if the service is intended to be used as a lazy service, then it may be configured incorrectly.
[ 1746.633045][  T411] servicemanager: Caller(pid=694,uid=1041,sid=u:r:audioserver:s0) Since 'activity' could not be found trying to start it as a lazy AIDL service. (if it's not configured to be a lazy service, it may be stuck starting or still starting).
[ 1747.076313][    T1] init: Control message: Could not find 'aidl/activity' for ctl.interface_start from pid: 411 (/system/bin/servicemanager)
[ 1747.738434][ T2119] servicemanager: Caller(pid=694,uid=1041,sid=u:r:audioserver:s0) Tried to start aidl service activity as a lazy service, but was unable to. Usually this happens when a service is not installed, but if the service is intended to be used as a lazy service, then it may be configured incorrectly.
[ 1748.490620][  T411] servicemanager: Caller(pid=694,uid=1041,sid=u:r:audioserver:s0) Since 'activity' could not be found trying to start it as a lazy AIDL service. (if it's not configured to be a lazy service, it may be stuck starting or still starting).
[ 1748.947933][    T1] init: Control message: Could not find 'aidl/activity' for ctl.interface_start from pid: 411 (/system/bin/servicemanager)
[ 1749.500030][ T2120] servicemanager: Caller(pid=694,uid=1041,sid=u:r:audioserver:s0) Tried to start aidl service activity as a lazy service, but was unable to. Usually this happens when a service is not installed, but if the service is intended to be used as a lazy service, then it may be configured incorrectly.
[ 1749.761202][  T411] servicemanager: Caller(pid=694,uid=1041,sid=u:r:audioserver:s0) Since 'activity' could not be found trying to start it as a lazy AIDL service. (if it's not configured to be a lazy service, it may be stuck starting or still starting).
[ 1750.492558][    T1] init: Control message: Could not find 'aidl/activity' for ctl.interface_start from pid: 411 (/system/bin/servicemanager)
[ 1750.708337][ T2121] servicemanager: Caller(pid=694,uid=1041,sid=u:r:audioserver:s0) Tried to start aidl service activity as a lazy service, but was unable to. Usually this happens when a service is not installed, but if the service is intended to be used as a lazy service, then it may be configured incorrectly.
[ 1751.965557][  T411] servicemanager: Caller(pid=694,uid=1041,sid=u:r:audioserver:s0) Since 'activity' could not be found trying to start it as a lazy AIDL service. (if it's not configured to be a lazy service, it may be stuck starting or still starting).
[ 1752.610659][    T1] init: Control message: Could not find 'aidl/activity' for ctl.interface_start from pid: 411 (/system/bin/servicemanager)
[ 1752.636877][ T2124] servicemanager: Caller(pid=694,uid=1041,sid=u:r:audioserver:s0) Tried to start aidl service activity as a lazy service, but was unable to. Usually this happens when a service is not installed, but if the service is intended to be used as a lazy service, then it may be configured incorrectly.
[ 1753.279338][  T411] servicemanager: Caller(pid=694,uid=1041,sid=u:r:audioserver:s0) Since 'activity' could not be found trying to start it as a lazy AIDL service. (if it's not configured to be a lazy service, it may be stuck starting or still starting).
[ 1753.374942][    T1] init: Control message: Could not find 'aidl/activity' for ctl.interface_start from pid: 411 (/system/bin/servicemanager)
[ 1753.394102][ T2125] servicemanager: Caller(pid=694,uid=1041,sid=u:r:audioserver:s0) Tried to start aidl service activity as a lazy service, but was unable to. Usually this happens when a service is not installed, but if the service is intended to be used as a lazy service, then it may be configured incorrectly.
[ 1754.669295][  T411] servicemanager: Caller(pid=694,uid=1041,sid=u:r:audioserver:s0) Since 'activity' could not be found trying to start it as a lazy AIDL service. (if it's not configured to be a lazy service, it may be stuck starting or still starting).
[ 1755.721221][    T1] init: Control message: Could not find 'aidl/activity' for ctl.interface_start from pid: 411 (/system/bin/servicemanager)
[ 1756.073482][ T2126] servicemanager: Caller(pid=694,uid=1041,sid=u:r:audioserver:s0) Tried to start aidl service activity as a lazy service, but was unable to. Usually this happens when a service is not installed, but if the service is intended to be used as a lazy service, then it may be configured incorrectly.
[ 1756.633596][  T411] servicemanager: Caller(pid=694,uid=1041,sid=u:r:audioserver:s0) Since 'activity' could not be found trying to start it as a lazy AIDL service. (if it's not configured to be a lazy service, it may be stuck starting or still starting).
[ 1757.372568][    T1] init: Control message: Could not find 'aidl/activity' for ctl.interface_start from pid: 411 (/system/bin/servicemanager)
[ 1757.493416][ T2128] servicemanager: Caller(pid=694,uid=1041,sid=u:r:audioserver:s0) Tried to start aidl service activity as a lazy service, but was unable to. Usually this happens when a service is not installed, but if the service is intended to be used as a lazy service, then it may be configured incorrectly.
[ 1758.493538][  T411] servicemanager: Caller(pid=694,uid=1041,sid=u:r:audioserver:s0) Since 'activity' could not be found trying to start it as a lazy AIDL service. (if it's not configured to be a lazy service, it may be stuck starting or still starting).
[ 1758.818489][    T1] init: Control message: Could not find 'aidl/activity' for ctl.interface_start from pid: 411 (/system/bin/servicemanager)
[ 1758.866518][ T2132] servicemanager: Caller(pid=694,uid=1041,sid=u:r:audioserver:s0) Tried to start aidl service activity as a lazy service, but was unable to. Usually this happens when a service is not installed, but if the service is intended to be used as a lazy service, then it may be configured incorrectly.
[ 1759.655064][  T411] servicemanager: Caller(pid=694,uid=1041,sid=u:r:audioserver:s0) Since 'activity' could not be found trying to start it as a lazy AIDL service. (if it's not configured to be a lazy service, it may be stuck starting or still starting).
[ 1759.733765][    T1] init: Control message: Could not find 'aidl/activity' for ctl.interface_start from pid: 411 (/system/bin/servicemanager)
[ 1759.756479][ T2134] servicemanager: Caller(pid=694,uid=1041,sid=u:r:audioserver:s0) Tried to start aidl service activity as a lazy service, but was unable to. Usually this happens when a service is not installed, but if the service is intended to be used as a lazy service, then it may be configured incorrectly.
[ 1760.728392][  T411] servicemanager: Caller(pid=694,uid=1041,sid=u:r:audioserver:s0) Since 'activity' could not be found trying to start it as a lazy AIDL service. (if it's not configured to be a lazy service, it may be stuck starting or still starting).
[ 1760.821336][    T1] init: Control message: Could not find 'aidl/activity' for ctl.interface_start from pid: 411 (/system/bin/servicemanager)
[ 1760.846471][ T2136] servicemanager: Caller(pid=694,uid=1041,sid=u:r:audioserver:s0) Tried to start aidl service activity as a lazy service, but was unable to. Usually this happens when a service is not installed, but if the service is intended to be used as a lazy service, then it may be configured incorrectly.
[ 1761.839423][  T411] servicemanager: Caller(pid=694,uid=1041,sid=u:r:audioserver:s0) Since 'activity' could not be found trying to start it as a lazy AIDL service. (if it's not configured to be a lazy service, it may be stuck starting or still starting).
[ 1761.918499][    T1] init: Control message: Could not find 'aidl/activity' for ctl.interface_start from pid: 411 (/system/bin/servicemanager)
[ 1761.960696][ T2139] servicemanager: Caller(pid=694,uid=1041,sid=u:r:audioserver:s0) Tried to start aidl service activity as a lazy service, but was unable to. Usually this happens when a service is not installed, but if the service is intended to be used as a lazy service, then it may be configured incorrectly.
[ 1762.909358][  T411] servicemanager: Caller(pid=694,uid=1041,sid=u:r:audioserver:s0) Since 'activity' could not be found trying to start it as a lazy AIDL service. (if it's not configured to be a lazy service, it may be stuck starting or still starting).
[ 1763.039760][    T1] init: Control message: Could not find 'aidl/activity' for ctl.interface_start from pid: 411 (/system/bin/servicemanager)
[ 1763.076458][ T2142] servicemanager: Caller(pid=694,uid=1041,sid=u:r:audioserver:s0) Tried to start aidl service activity as a lazy service, but was unable to. Usually this happens when a service is not installed, but if the service is intended to be used as a lazy service, then it may be configured incorrectly.
[ 1764.039625][  T411] servicemanager: Caller(pid=694,uid=1041,sid=u:r:audioserver:s0) Since 'activity' could not be found trying to start it as a lazy AIDL service. (if it's not configured to be a lazy service, it may be stuck starting or still starting).
[ 1764.170003][    T1] init: Control message: Could not find 'aidl/activity' for ctl.interface_start from pid: 411 (/system/bin/servicemanager)
[ 1764.234915][ T2145] servicemanager: Caller(pid=694,uid=1041,sid=u:r:audioserver:s0) Tried to start aidl service activity as a lazy service, but was unable to. Usually this happens when a service is not installed, but if the service is intended to be used as a lazy service, then it may be configured incorrectly.
[ 1765.154970][  T411] servicemanager: Caller(pid=694,uid=1041,sid=u:r:audioserver:s0) Since 'activity' could not be found trying to start it as a lazy AIDL service. (if it's not configured to be a lazy service, it may be stuck starting or still starting).
[ 1765.301583][    T1] init: Control message: Could not find 'aidl/activity' for ctl.interface_start from pid: 411 (/system/bin/servicemanager)
[ 1765.354096][ T2150] servicemanager: Caller(pid=694,uid=1041,sid=u:r:audioserver:s0) Tried to start aidl service activity as a lazy service, but was unable to. Usually this happens when a service is not installed, but if the service is intended to be used as a lazy service, then it may be configured incorrectly.
[ 1767.149441][  T411] servicemanager: Caller(pid=694,uid=1041,sid=u:r:audioserver:s0) Since 'activity' could not be found trying to start it as a lazy AIDL service. (if it's not configured to be a lazy service, it may be stuck starting or still starting).
[ 1767.572587][    T1] init: Untracked process (pid: 2149 name: (printf) ppid: 1 pgrp: 2127 state: Z) received SIGHUP
[ 1767.607761][    T1] init: Untracked process (pid: 2149 name: (printf) ppid: 1 pgrp: 2127 state: Z) did not have an associated service entry and will not be reaped
[ 1767.669363][    T1] init: Control message: Could not find 'aidl/activity' for ctl.interface_start from pid: 411 (/system/bin/servicemanager)
[ 1767.763317][ T2151] servicemanager: Caller(pid=694,uid=1041,sid=u:r:audioserver:s0) Tried to start aidl service activity as a lazy service, but was unable to. Usually this happens when a service is not installed, but if the service is intended to be used as a lazy service, then it may be configured incorrectly.
[ 1768.607263][  T411] servicemanager: Caller(pid=694,uid=1041,sid=u:r:audioserver:s0) Since 'activity' could not be found trying to start it as a lazy AIDL service. (if it's not configured to be a lazy service, it may be stuck starting or still starting).
[ 1769.022688][    T1] init: Control message: Could not find 'aidl/activity' for ctl.interface_start from pid: 411 (/system/bin/servicemanager)
[ 1769.054978][ T2152] servicemanager: Caller(pid=694,uid=1041,sid=u:r:audioserver:s0) Tried to start aidl service activity as a lazy service, but was unable to. Usually this happens when a service is not installed, but if the service is intended to be used as a lazy service, then it may be configured incorrectly.
[ 1769.736987][  T411] servicemanager: Caller(pid=694,uid=1041,sid=u:r:audioserver:s0) Since 'activity' could not be found trying to start it as a lazy AIDL service. (if it's not configured to be a lazy service, it may be stuck starting or still starting).
[ 1770.049892][    T1] init: Control message: Could not find 'aidl/activity' for ctl.interface_start from pid: 411 (/system/bin/servicemanager)
[ 1770.234047][ T2153] servicemanager: Caller(pid=694,uid=1041,sid=u:r:audioserver:s0) Tried to start aidl service activity as a lazy service, but was unable to. Usually this happens when a service is not installed, but if the service is intended to be used as a lazy service, then it may be configured incorrectly.
[ 1770.984100][  T411] servicemanager: Caller(pid=694,uid=1041,sid=u:r:audioserver:s0) Since 'activity' could not be found trying to start it as a lazy AIDL service. (if it's not configured to be a lazy service, it may be stuck starting or still starting).
[ 1771.186747][    T1] init: Control message: Could not find 'aidl/activity' for ctl.interface_start from pid: 411 (/system/bin/servicemanager)
[ 1771.201799][ T2156] servicemanager: Caller(pid=694,uid=1041,sid=u:r:audioserver:s0) Tried to start aidl service activity as a lazy service, but was unable to. Usually this happens when a service is not installed, but if the service is intended to be used as a lazy service, then it may be configured incorrectly.
[ 1772.396989][  T411] servicemanager: Caller(pid=694,uid=1041,sid=u:r:audioserver:s0) Since 'activity' could not be found trying to start it as a lazy AIDL service. (if it's not configured to be a lazy service, it may be stuck starting or still starting).
[ 1772.852949][    T1] init: Control message: Could not find 'aidl/activity' for ctl.interface_start from pid: 411 (/system/bin/servicemanager)
[ 1772.982499][ T2159] servicemanager: Caller(pid=694,uid=1041,sid=u:r:audioserver:s0) Tried to start aidl service activity as a lazy service, but was unable to. Usually this happens when a service is not installed, but if the service is intended to be used as a lazy service, then it may be configured incorrectly.
[ 1773.580616][  T411] servicemanager: Caller(pid=694,uid=1041,sid=u:r:audioserver:s0) Since 'activity' could not be found trying to start it as a lazy AIDL service. (if it's not configured to be a lazy service, it may be stuck starting or still starting).
[ 1774.290439][    T1] init: Control message: Could not find 'aidl/activity' for ctl.interface_start from pid: 411 (/system/bin/servicemanager)
[ 1774.603934][ T2162] servicemanager: Caller(pid=694,uid=1041,sid=u:r:audioserver:s0) Tried to start aidl service activity as a lazy service, but was unable to. Usually this happens when a service is not installed, but if the service is intended to be used as a lazy service, then it may be configured incorrectly.
[ 1775.072197][  T411] servicemanager: Caller(pid=694,uid=1041,sid=u:r:audioserver:s0) Since 'activity' could not be found trying to start it as a lazy AIDL service. (if it's not configured to be a lazy service, it may be stuck starting or still starting).
[ 1775.659746][    T1] init: Control message: Could not find 'aidl/activity' for ctl.interface_start from pid: 411 (/system/bin/servicemanager)
[ 1775.771247][ T2164] servicemanager: Caller(pid=694,uid=1041,sid=u:r:audioserver:s0) Tried to start aidl service activity as a lazy service, but was unable to. Usually this happens when a service is not installed, but if the service is intended to be used as a lazy service, then it may be configured incorrectly.
[ 1776.551430][  T411] servicemanager: Caller(pid=694,uid=1041,sid=u:r:audioserver:s0) Since 'activity' could not be found trying to start it as a lazy AIDL service. (if it's not configured to be a lazy service, it may be stuck starting or still starting).
[ 1776.982987][    T1] init: Control message: Could not find 'aidl/activity' for ctl.interface_start from pid: 411 (/system/bin/servicemanager)
[ 1777.009895][ T2165] servicemanager: Caller(pid=694,uid=1041,sid=u:r:audioserver:s0) Tried to start aidl service activity as a lazy service, but was unable to. Usually this happens when a service is not installed, but if the service is intended to be used as a lazy service, then it may be configured incorrectly.
[ 1777.763334][  T411] servicemanager: Caller(pid=694,uid=1041,sid=u:r:audioserver:s0) Since 'activity' could not be found trying to start it as a lazy AIDL service. (if it's not configured to be a lazy service, it may be stuck starting or still starting).
[ 1777.867061][    T1] init: Control message: Could not find 'aidl/activity' for ctl.interface_start from pid: 411 (/system/bin/servicemanager)
[ 1777.918894][ T2167] servicemanager: Caller(pid=694,uid=1041,sid=u:r:audioserver:s0) Tried to start aidl service activity as a lazy service, but was unable to. Usually this happens when a service is not installed, but if the service is intended to be used as a lazy service, then it may be configured incorrectly.
[ 1778.846579][  T411] servicemanager: Caller(pid=694,uid=1041,sid=u:r:audioserver:s0) Since 'activity' could not be found trying to start it as a lazy AIDL service. (if it's not configured to be a lazy service, it may be stuck starting or still starting).
[ 1778.983479][    T1] init: Control message: Could not find 'aidl/activity' for ctl.interface_start from pid: 411 (/system/bin/servicemanager)
[ 1779.007732][ T2169] servicemanager: Caller(pid=694,uid=1041,sid=u:r:audioserver:s0) Tried to start aidl service activity as a lazy service, but was unable to. Usually this happens when a service is not installed, but if the service is intended to be used as a lazy service, then it may be configured incorrectly.
[ 1780.546655][  T411] servicemanager: Caller(pid=694,uid=1041,sid=u:r:audioserver:s0) Since 'activity' could not be found trying to start it as a lazy AIDL service. (if it's not configured to be a lazy service, it may be stuck starting or still starting).
[ 1781.119738][    T1] init: Control message: Could not find 'aidl/activity' for ctl.interface_start from pid: 411 (/system/bin/servicemanager)
[ 1781.152589][ T2171] servicemanager: Caller(pid=694,uid=1041,sid=u:r:audioserver:s0) Tried to start aidl service activity as a lazy service, but was unable to. Usually this happens when a service is not installed, but if the service is intended to be used as a lazy service, then it may be configured incorrectly.
[ 1781.722596][  T411] servicemanager: Caller(pid=694,uid=1041,sid=u:r:audioserver:s0) Since 'activity' could not be found trying to start it as a lazy AIDL service. (if it's not configured to be a lazy service, it may be stuck starting or still starting).
[ 1782.050361][    T1] init: Control message: Could not find 'aidl/activity' for ctl.interface_start from pid: 411 (/system/bin/servicemanager)
[ 1782.101473][ T2173] servicemanager: Caller(pid=694,uid=1041,sid=u:r:audioserver:s0) Tried to start aidl service activity as a lazy service, but was unable to. Usually this happens when a service is not installed, but if the service is intended to be used as a lazy service, then it may be configured incorrectly.
[ 1782.908147][  T411] servicemanager: Caller(pid=694,uid=1041,sid=u:r:audioserver:s0) Since 'activity' could not be found trying to start it as a lazy AIDL service. (if it's not configured to be a lazy service, it may be stuck starting or still starting).
[ 1783.074861][    T1] init: Control message: Could not find 'aidl/activity' for ctl.interface_start from pid: 411 (/system/bin/servicemanager)
[ 1783.121099][ T2176] servicemanager: Caller(pid=694,uid=1041,sid=u:r:audioserver:s0) Tried to start aidl service activity as a lazy service, but was unable to. Usually this happens when a service is not installed, but if the service is intended to be used as a lazy service, then it may be configured incorrectly.
[ 1784.284769][  T411] servicemanager: Caller(pid=694,uid=1041,sid=u:r:audioserver:s0) Since 'activity' could not be found trying to start it as a lazy AIDL service. (if it's not configured to be a lazy service, it may be stuck starting or still starting).
[ 1785.107934][    T1] init: Control message: Could not find 'aidl/activity' for ctl.interface_start from pid: 411 (/system/bin/servicemanager)
[ 1785.180896][ T2177] servicemanager: Caller(pid=694,uid=1041,sid=u:r:audioserver:s0) Tried to start aidl service activity as a lazy service, but was unable to. Usually this happens when a service is not installed, but if the service is intended to be used as a lazy service, then it may be configured incorrectly.
[ 1785.517554][  T411] servicemanager: Caller(pid=694,uid=1041,sid=u:r:audioserver:s0) Since 'activity' could not be found trying to start it as a lazy AIDL service. (if it's not configured to be a lazy service, it may be stuck starting or still starting).
[ 1785.553578][    T1] init: Control message: Could not find 'aidl/activity' for ctl.interface_start from pid: 411 (/system/bin/servicemanager)
[ 1785.574892][ T2180] servicemanager: Caller(pid=694,uid=1041,sid=u:r:audioserver:s0) Tried to start aidl service activity as a lazy service, but was unable to. Usually this happens when a service is not installed, but if the service is intended to be used as a lazy service, then it may be configured incorrectly.
[ 1786.574825][  T411] servicemanager: Caller(pid=694,uid=1041,sid=u:r:audioserver:s0) Since 'activity' could not be found trying to start it as a lazy AIDL service. (if it's not configured to be a lazy service, it may be stuck starting or still starting).
[ 1787.928841][    T1] init: Control message: Could not find 'aidl/activity' for ctl.interface_start from pid: 411 (/system/bin/servicemanager)
[ 1788.269394][ T2182] servicemanager: Caller(pid=694,uid=1041,sid=u:r:audioserver:s0) Tried to start aidl service activity as a lazy service, but was unable to. Usually this happens when a service is not installed, but if the service is intended to be used as a lazy service, then it may be configured incorrectly.
[ 1788.329394][  T411] servicemanager: Caller(pid=694,uid=1041,sid=u:r:audioserver:s0) Since 'activity' could not be found trying to start it as a lazy AIDL service. (if it's not configured to be a lazy service, it may be stuck starting or still starting).
[ 1788.802261][    T1] init: Control message: Could not find 'aidl/activity' for ctl.interface_start from pid: 411 (/system/bin/servicemanager)
[ 1789.007425][ T2184] servicemanager: Caller(pid=694,uid=1041,sid=u:r:audioserver:s0) Tried to start aidl service activity as a lazy service, but was unable to. Usually this happens when a service is not installed, but if the service is intended to be used as a lazy service, then it may be configured incorrectly.
[ 1789.634460][  T411] servicemanager: Caller(pid=694,uid=1041,sid=u:r:audioserver:s0) Since 'activity' could not be found trying to start it as a lazy AIDL service. (if it's not configured to be a lazy service, it may be stuck starting or still starting).
[ 1789.681449][    T1] init: Control message: Could not find 'aidl/activity' for ctl.interface_start from pid: 411 (/system/bin/servicemanager)
[ 1789.714455][ T2187] servicemanager: Caller(pid=694,uid=1041,sid=u:r:audioserver:s0) Tried to start aidl service activity as a lazy service, but was unable to. Usually this happens when a service is not installed, but if the service is intended to be used as a lazy service, then it may be configured incorrectly.
[ 1790.834808][  T411] servicemanager: Caller(pid=694,uid=1041,sid=u:r:audioserver:s0) Since 'activity' could not be found trying to start it as a lazy AIDL service. (if it's not configured to be a lazy service, it may be stuck starting or still starting).
[ 1791.918150][    T1] init: Control message: Could not find 'aidl/activity' for ctl.interface_start from pid: 411 (/system/bin/servicemanager)
[ 1792.046537][ T2190] servicemanager: Caller(pid=694,uid=1041,sid=u:r:audioserver:s0) Tried to start aidl service activity as a lazy service, but was unable to. Usually this happens when a service is not installed, but if the service is intended to be used as a lazy service, then it may be configured incorrectly.
[ 1792.968189][  T411] servicemanager: Caller(pid=694,uid=1041,sid=u:r:audioserver:s0) Since 'activity' could not be found trying to start it as a lazy AIDL service. (if it's not configured to be a lazy service, it may be stuck starting or still starting).
[ 1793.036923][    T1] init: Control message: Could not find 'aidl/activity' for ctl.interface_start from pid: 411 (/system/bin/servicemanager)
[ 1793.107931][ T2191] servicemanager: Caller(pid=694,uid=1041,sid=u:r:audioserver:s0) Tried to start aidl service activity as a lazy service, but was unable to. Usually this happens when a service is not installed, but if the service is intended to be used as a lazy service, then it may be configured incorrectly.
[ 1794.028177][  T411] servicemanager: Caller(pid=694,uid=1041,sid=u:r:audioserver:s0) Since 'activity' could not be found trying to start it as a lazy AIDL service. (if it's not configured to be a lazy service, it may be stuck starting or still starting).
[ 1794.076061][    T1] init: Control message: Could not find 'aidl/activity' for ctl.interface_start from pid: 411 (/system/bin/servicemanager)
[ 1794.096286][ T2194] servicemanager: Caller(pid=694,uid=1041,sid=u:r:audioserver:s0) Tried to start aidl service activity as a lazy service, but was unable to. Usually this happens when a service is not installed, but if the service is intended to be used as a lazy service, then it may be configured incorrectly.
[ 1795.412313][  T411] servicemanager: Caller(pid=694,uid=1041,sid=u:r:audioserver:s0) Since 'activity' could not be found trying to start it as a lazy AIDL service. (if it's not configured to be a lazy service, it may be stuck starting or still starting).
[ 1796.013711][    T1] init: Control message: Could not find 'aidl/activity' for ctl.interface_start from pid: 411 (/system/bin/servicemanager)
[ 1796.109523][ T2196] servicemanager: Caller(pid=694,uid=1041,sid=u:r:audioserver:s0) Tried to start aidl service activity as a lazy service, but was unable to. Usually this happens when a service is not installed, but if the service is intended to be used as a lazy service, then it may be configured incorrectly.
[ 1796.514954][  T411] servicemanager: Caller(pid=694,uid=1041,sid=u:r:audioserver:s0) Since 'activity' could not be found trying to start it as a lazy AIDL service. (if it's not configured to be a lazy service, it may be stuck starting or still starting).
[ 1796.644255][    T1] init: Control message: Could not find 'aidl/activity' for ctl.interface_start from pid: 411 (/system/bin/servicemanager)
[ 1796.726649][ T2197] servicemanager: Caller(pid=694,uid=1041,sid=u:r:audioserver:s0) Tried to start aidl service activity as a lazy service, but was unable to. Usually this happens when a service is not installed, but if the service is intended to be used as a lazy service, then it may be configured incorrectly.
[ 1797.869148][  T411] servicemanager: Caller(pid=694,uid=1041,sid=u:r:audioserver:s0) Since 'activity' could not be found trying to start it as a lazy AIDL service. (if it's not configured to be a lazy service, it may be stuck starting or still starting).
[ 1798.270783][    T1] init: Control message: Could not find 'aidl/activity' for ctl.interface_start from pid: 411 (/system/bin/servicemanager)
[ 1798.346461][ T2198] servicemanager: Caller(pid=694,uid=1041,sid=u:r:audioserver:s0) Tried to start aidl service activity as a lazy service, but was unable to. Usually this happens when a service is not installed, but if the service is intended to be used as a lazy service, then it may be configured incorrectly.
[ 1799.381340][  T411] servicemanager: Caller(pid=694,uid=1041,sid=u:r:audioserver:s0) Since 'activity' could not be found trying to start it as a lazy AIDL service. (if it's not configured to be a lazy service, it may be stuck starting or still starting).
[ 1799.675537][    T1] init: Control message: Could not find 'aidl/activity' for ctl.interface_start from pid: 411 (/system/bin/servicemanager)
[ 1799.711088][ T2200] servicemanager: Caller(pid=694,uid=1041,sid=u:r:audioserver:s0) Tried to start aidl service activity as a lazy service, but was unable to. Usually this happens when a service is not installed, but if the service is intended to be used as a lazy service, then it may be configured incorrectly.
[ 1800.803398][  T411] servicemanager: Caller(pid=694,uid=1041,sid=u:r:audioserver:s0) Since 'activity' could not be found trying to start it as a lazy AIDL service. (if it's not configured to be a lazy service, it may be stuck starting or still starting).
[ 1801.035602][    T1] init: Control message: Could not find 'aidl/activity' for ctl.interface_start from pid: 411 (/system/bin/servicemanager)
[ 1801.644675][ T2205] servicemanager: Caller(pid=694,uid=1041,sid=u:r:audioserver:s0) Tried to start aidl service activity as a lazy service, but was unable to. Usually this happens when a service is not installed, but if the service is intended to be used as a lazy service, then it may be configured incorrectly.
[ 1802.109937][  T411] servicemanager: Caller(pid=694,uid=1041,sid=u:r:audioserver:s0) Since 'activity' could not be found trying to start it as a lazy AIDL service. (if it's not configured to be a lazy service, it may be stuck starting or still starting).
[ 1802.332939][    T1] init: Control message: Could not find 'aidl/activity' for ctl.interface_start from pid: 411 (/system/bin/servicemanager)
[ 1802.341788][ T2207] servicemanager: Caller(pid=694,uid=1041,sid=u:r:audioserver:s0) Tried to start aidl service activity as a lazy service, but was unable to. Usually this happens when a service is not installed, but if the service is intended to be used as a lazy service, then it may be configured incorrectly.
[ 1803.155476][  T411] servicemanager: Caller(pid=694,uid=1041,sid=u:r:audioserver:s0) Since 'activity' could not be found trying to start it as a lazy AIDL service. (if it's not configured to be a lazy service, it may be stuck starting or still starting).
[ 1803.244741][    T1] init: Control message: Could not find 'aidl/activity' for ctl.interface_start from pid: 411 (/system/bin/servicemanager)
[ 1803.263910][ T2209] servicemanager: Caller(pid=694,uid=1041,sid=u:r:audioserver:s0) Tried to start aidl service activity as a lazy service, but was unable to. Usually this happens when a service is not installed, but if the service is intended to be used as a lazy service, then it may be configured incorrectly.
[ 1804.378666][  T411] servicemanager: Caller(pid=694,uid=1041,sid=u:r:audioserver:s0) Since 'activity' could not be found trying to start it as a lazy AIDL service. (if it's not configured to be a lazy service, it may be stuck starting or still starting).
[ 1804.879197][    T1] init: Control message: Could not find 'aidl/activity' for ctl.interface_start from pid: 411 (/system/bin/servicemanager)
[ 1804.909094][ T2211] servicemanager: Caller(pid=694,uid=1041,sid=u:r:audioserver:s0) Tried to start aidl service activity as a lazy service, but was unable to. Usually this happens when a service is not installed, but if the service is intended to be used as a lazy service, then it may be configured incorrectly.
[ 1805.908693][  T411] servicemanager: Caller(pid=694,uid=1041,sid=u:r:audioserver:s0) Since 'activity' could not be found trying to start it as a lazy AIDL service. (if it's not configured to be a lazy service, it may be stuck starting or still starting).
[ 1806.482235][    T1] init: Control message: Could not find 'aidl/activity' for ctl.interface_start from pid: 411 (/system/bin/servicemanager)
[ 1806.514178][ T2213] servicemanager: Caller(pid=694,uid=1041,sid=u:r:audioserver:s0) Tried to start aidl service activity as a lazy service, but was unable to. Usually this happens when a service is not installed, but if the service is intended to be used as a lazy service, then it may be configured incorrectly.
[ 1807.027052][  T411] servicemanager: Caller(pid=694,uid=1041,sid=u:r:audioserver:s0) Since 'activity' could not be found trying to start it as a lazy AIDL service. (if it's not configured to be a lazy service, it may be stuck starting or still starting).
[ 1807.135520][    T1] init: Control message: Could not find 'aidl/activity' for ctl.interface_start from pid: 411 (/system/bin/servicemanager)
[ 1807.170286][ T2215] servicemanager: Caller(pid=694,uid=1041,sid=u:r:audioserver:s0) Tried to start aidl service activity as a lazy service, but was unable to. Usually this happens when a service is not installed, but if the service is intended to be used as a lazy service, then it may be configured incorrectly.
[ 1808.103881][  T411] servicemanager: Caller(pid=694,uid=1041,sid=u:r:audioserver:s0) Since 'activity' could not be found trying to start it as a lazy AIDL service. (if it's not configured to be a lazy service, it may be stuck starting or still starting).
[ 1808.164417][    T1] init: Control message: Could not find 'aidl/activity' for ctl.interface_start from pid: 411 (/system/bin/servicemanager)
[ 1808.210292][ T2217] servicemanager: Caller(pid=694,uid=1041,sid=u:r:audioserver:s0) Tried to start aidl service activity as a lazy service, but was unable to. Usually this happens when a service is not installed, but if the service is intended to be used as a lazy service, then it may be configured incorrectly.
[ 1809.876266][  T411] servicemanager: Caller(pid=694,uid=1041,sid=u:r:audioserver:s0) Since 'activity' could not be found trying to start it as a lazy AIDL service. (if it's not configured to be a lazy service, it may be stuck starting or still starting).
[ 1810.581855][    T1] init: Control message: Could not find 'aidl/activity' for ctl.interface_start from pid: 411 (/system/bin/servicemanager)
[ 1811.017199][ T2219] servicemanager: Caller(pid=694,uid=1041,sid=u:r:audioserver:s0) Tried to start aidl service activity as a lazy service, but was unable to. Usually this happens when a service is not installed, but if the service is intended to be used as a lazy service, then it may be configured incorrectly.
[ 1811.428523][  T411] servicemanager: Caller(pid=694,uid=1041,sid=u:r:audioserver:s0) Since 'activity' could not be found trying to start it as a lazy AIDL service. (if it's not configured to be a lazy service, it may be stuck starting or still starting).
[ 1811.864253][    T1] init: Control message: Could not find 'aidl/activity' for ctl.interface_start from pid: 411 (/system/bin/servicemanager)
[ 1812.420622][ T2222] servicemanager: Caller(pid=694,uid=1041,sid=u:r:audioserver:s0) Tried to start aidl service activity as a lazy service, but was unable to. Usually this happens when a service is not installed, but if the service is intended to be used as a lazy service, then it may be configured incorrectly.
[ 1813.657890][  T411] servicemanager: Caller(pid=694,uid=1041,sid=u:r:audioserver:s0) Since 'activity' could not be found trying to start it as a lazy AIDL service. (if it's not configured to be a lazy service, it may be stuck starting or still starting).
[ 1814.136479][    T1] init: Untracked process (pid: 2218 name: (printf) ppid: 1 pgrp: 2204 state: Z) received SIGHUP
[ 1814.214635][    T1] init: Untracked process (pid: 2218 name: (printf) ppid: 1 pgrp: 2204 state: Z) did not have an associated service entry and will not be reaped
[ 1814.854131][    T1] init: Control message: Could not find 'aidl/activity' for ctl.interface_start from pid: 411 (/system/bin/servicemanager)
[ 1815.033986][ T2223] servicemanager: Caller(pid=694,uid=1041,sid=u:r:audioserver:s0) Tried to start aidl service activity as a lazy service, but was unable to. Usually this happens when a service is not installed, but if the service is intended to be used as a lazy service, then it may be configured incorrectly.
[ 1815.804122][  T411] servicemanager: Caller(pid=694,uid=1041,sid=u:r:audioserver:s0) Since 'activity' could not be found trying to start it as a lazy AIDL service. (if it's not configured to be a lazy service, it may be stuck starting or still starting).
[ 1816.332331][    T1] init: Control message: Could not find 'aidl/activity' for ctl.interface_start from pid: 411 (/system/bin/servicemanager)
[ 1816.709759][ T2224] servicemanager: Caller(pid=694,uid=1041,sid=u:r:audioserver:s0) Tried to start aidl service activity as a lazy service, but was unable to. Usually this happens when a service is not installed, but if the service is intended to be used as a lazy service, then it may be configured incorrectly.
[ 1817.074206][  T411] servicemanager: Caller(pid=694,uid=1041,sid=u:r:audioserver:s0) Since 'activity' could not be found trying to start it as a lazy AIDL service. (if it's not configured to be a lazy service, it may be stuck starting or still starting).
[ 1817.498416][    T1] init: Control message: Could not find 'aidl/activity' for ctl.interface_start from pid: 411 (/system/bin/servicemanager)
[ 1817.543779][ T2226] servicemanager: Caller(pid=694,uid=1041,sid=u:r:audioserver:s0) Tried to start aidl service activity as a lazy service, but was unable to. Usually this happens when a service is not installed, but if the service is intended to be used as a lazy service, then it may be configured incorrectly.
[ 1818.546467][  T411] servicemanager: Caller(pid=694,uid=1041,sid=u:r:audioserver:s0) Since 'activity' could not be found trying to start it as a lazy AIDL service. (if it's not configured to be a lazy service, it may be stuck starting or still starting).
[ 1819.114960][    T1] init: Control message: Could not find 'aidl/activity' for ctl.interface_start from pid: 411 (/system/bin/servicemanager)
[ 1819.222133][ T2230] servicemanager: Caller(pid=694,uid=1041,sid=u:r:audioserver:s0) Tried to start aidl service activity as a lazy service, but was unable to. Usually this happens when a service is not installed, but if the service is intended to be used as a lazy service, then it may be configured incorrectly.
[ 1819.727971][  T411] servicemanager: Caller(pid=694,uid=1041,sid=u:r:audioserver:s0) Since 'activity' could not be found trying to start it as a lazy AIDL service. (if it's not configured to be a lazy service, it may be stuck starting or still starting).
[ 1819.822771][    T1] init: Control message: Could not find 'aidl/activity' for ctl.interface_start from pid: 411 (/system/bin/servicemanager)
[ 1819.849723][ T2232] servicemanager: Caller(pid=694,uid=1041,sid=u:r:audioserver:s0) Tried to start aidl service activity as a lazy service, but was unable to. Usually this happens when a service is not installed, but if the service is intended to be used as a lazy service, then it may be configured incorrectly.
[ 1821.382846][  T411] servicemanager: Caller(pid=694,uid=1041,sid=u:r:audioserver:s0) Since 'activity' could not be found trying to start it as a lazy AIDL service. (if it's not configured to be a lazy service, it may be stuck starting or still starting).
[ 1821.803026][    T1] init: Control message: Could not find 'aidl/activity' for ctl.interface_start from pid: 411 (/system/bin/servicemanager)
[ 1821.840803][ T2236] servicemanager: Caller(pid=694,uid=1041,sid=u:r:audioserver:s0) Tried to start aidl service activity as a lazy service, but was unable to. Usually this happens when a service is not installed, but if the service is intended to be used as a lazy service, then it may be configured incorrectly.
[ 1822.499059][  T411] servicemanager: Caller(pid=694,uid=1041,sid=u:r:audioserver:s0) Since 'activity' could not be found trying to start it as a lazy AIDL service. (if it's not configured to be a lazy service, it may be stuck starting or still starting).
[ 1822.623907][    T1] init: Control message: Could not find 'aidl/activity' for ctl.interface_start from pid: 411 (/system/bin/servicemanager)
[ 1822.650896][ T2238] servicemanager: Caller(pid=694,uid=1041,sid=u:r:audioserver:s0) Tried to start aidl service activity as a lazy service, but was unable to. Usually this happens when a service is not installed, but if the service is intended to be used as a lazy service, then it may be configured incorrectly.
[ 1825.033049][  T411] servicemanager: Caller(pid=694,uid=1041,sid=u:r:audioserver:s0) Since 'activity' could not be found trying to start it as a lazy AIDL service. (if it's not configured to be a lazy service, it may be stuck starting or still starting).
[ 1825.555103][    T1] init: Control message: Could not find 'aidl/activity' for ctl.interface_start from pid: 411 (/system/bin/servicemanager)
[ 1825.616257][ T2239] servicemanager: Caller(pid=694,uid=1041,sid=u:r:audioserver:s0) Tried to start aidl service activity as a lazy service, but was unable to. Usually this happens when a service is not installed, but if the service is intended to be used as a lazy service, then it may be configured incorrectly.
[ 1827.012845][  T411] servicemanager: Caller(pid=694,uid=1041,sid=u:r:audioserver:s0) Since 'activity' could not be found trying to start it as a lazy AIDL service. (if it's not configured to be a lazy service, it may be stuck starting or still starting).
[ 1827.742936][    T1] init: Control message: Could not find 'aidl/activity' for ctl.interface_start from pid: 411 (/system/bin/servicemanager)
[ 1828.143536][ T2242] servicemanager: Caller(pid=694,uid=1041,sid=u:r:audioserver:s0) Tried to start aidl service activity as a lazy service, but was unable to. Usually this happens when a service is not installed, but if the service is intended to be used as a lazy service, then it may be configured incorrectly.
[ 1829.718777][  T411] servicemanager: Caller(pid=694,uid=1041,sid=u:r:audioserver:s0) Since 'activity' could not be found trying to start it as a lazy AIDL service. (if it's not configured to be a lazy service, it may be stuck starting or still starting).
[ 1830.105892][    T1] init: Untracked process (pid: 2240 name: (printf) ppid: 1 pgrp: 2225 state: Z) received SIGHUP
[ 1830.323242][    T1] init: Untracked process (pid: 2240 name: (printf) ppid: 1 pgrp: 2225 state: Z) did not have an associated service entry and will not be reaped
[ 1830.615087][    T1] init: Control message: Could not find 'aidl/activity' for ctl.interface_start from pid: 411 (/system/bin/servicemanager)
[ 1830.897520][ T2244] servicemanager: Caller(pid=694,uid=1041,sid=u:r:audioserver:s0) Tried to start aidl service activity as a lazy service, but was unable to. Usually this happens when a service is not installed, but if the service is intended to be used as a lazy service, then it may be configured incorrectly.
[ 1831.930826][  T411] servicemanager: Caller(pid=694,uid=1041,sid=u:r:audioserver:s0) Since 'activity' could not be found trying to start it as a lazy AIDL service. (if it's not configured to be a lazy service, it may be stuck starting or still starting).
[ 1832.960583][    T1] init: Control message: Could not find 'aidl/activity' for ctl.interface_start from pid: 411 (/system/bin/servicemanager)
[ 1833.438348][ T2248] servicemanager: Caller(pid=694,uid=1041,sid=u:r:audioserver:s0) Tried to start aidl service activity as a lazy service, but was unable to. Usually this happens when a service is not installed, but if the service is intended to be used as a lazy service, then it may be configured incorrectly.
[ 1834.281900][  T411] servicemanager: Caller(pid=694,uid=1041,sid=u:r:audioserver:s0) Since 'activity' could not be found trying to start it as a lazy AIDL service. (if it's not configured to be a lazy service, it may be stuck starting or still starting).
[ 1835.122634][    T1] init: Control message: Could not find 'aidl/activity' for ctl.interface_start from pid: 411 (/system/bin/servicemanager)
[ 1835.583142][ T2250] servicemanager: Caller(pid=694,uid=1041,sid=u:r:audioserver:s0) Tried to start aidl service activity as a lazy service, but was unable to. Usually this happens when a service is not installed, but if the service is intended to be used as a lazy service, then it may be configured incorrectly.
[ 1836.020637][  T411] servicemanager: Caller(pid=694,uid=1041,sid=u:r:audioserver:s0) Since 'activity' could not be found trying to start it as a lazy AIDL service. (if it's not configured to be a lazy service, it may be stuck starting or still starting).
[ 1836.623530][    T1] init: Control message: Could not find 'aidl/activity' for ctl.interface_start from pid: 411 (/system/bin/servicemanager)
[ 1836.858420][ T2251] servicemanager: Caller(pid=694,uid=1041,sid=u:r:audioserver:s0) Tried to start aidl service activity as a lazy service, but was unable to. Usually this happens when a service is not installed, but if the service is intended to be used as a lazy service, then it may be configured incorrectly.
[ 1837.796891][  T411] servicemanager: Caller(pid=694,uid=1041,sid=u:r:audioserver:s0) Since 'activity' could not be found trying to start it as a lazy AIDL service. (if it's not configured to be a lazy service, it may be stuck starting or still starting).
[ 1838.306424][    T1] init: Control message: Could not find 'aidl/activity' for ctl.interface_start from pid: 411 (/system/bin/servicemanager)
[ 1838.492852][ T2253] servicemanager: Caller(pid=694,uid=1041,sid=u:r:audioserver:s0) Tried to start aidl service activity as a lazy service, but was unable to. Usually this happens when a service is not installed, but if the service is intended to be used as a lazy service, then it may be configured incorrectly.
[ 1839.278847][  T411] servicemanager: Caller(pid=694,uid=1041,sid=u:r:audioserver:s0) Since 'activity' could not be found trying to start it as a lazy AIDL service. (if it's not configured to be a lazy service, it may be stuck starting or still starting).
[ 1839.724955][    T1] init: Control message: Could not find 'aidl/activity' for ctl.interface_start from pid: 411 (/system/bin/servicemanager)
[ 1839.782646][ T2254] servicemanager: Caller(pid=694,uid=1041,sid=u:r:audioserver:s0) Tried to start aidl service activity as a lazy service, but was unable to. Usually this happens when a service is not installed, but if the service is intended to be used as a lazy service, then it may be configured incorrectly.
[ 1840.799841][  T411] servicemanager: Caller(pid=694,uid=1041,sid=u:r:audioserver:s0) Since 'activity' could not be found trying to start it as a lazy AIDL service. (if it's not configured to be a lazy service, it may be stuck starting or still starting).
[ 1841.559042][    T1] init: Control message: Could not find 'aidl/activity' for ctl.interface_start from pid: 411 (/system/bin/servicemanager)
[ 1841.587499][ T2256] servicemanager: Caller(pid=694,uid=1041,sid=u:r:audioserver:s0) Tried to start aidl service activity as a lazy service, but was unable to. Usually this happens when a service is not installed, but if the service is intended to be used as a lazy service, then it may be configured incorrectly.
[ 1842.036489][  T411] servicemanager: Caller(pid=694,uid=1041,sid=u:r:audioserver:s0) Since 'activity' could not be found trying to start it as a lazy AIDL service. (if it's not configured to be a lazy service, it may be stuck starting or still starting).
[ 1842.110648][    T1] init: Control message: Could not find 'aidl/activity' for ctl.interface_start from pid: 411 (/system/bin/servicemanager)
[ 1842.146136][ T2259] servicemanager: Caller(pid=694,uid=1041,sid=u:r:audioserver:s0) Tried to start aidl service activity as a lazy service, but was unable to. Usually this happens when a service is not installed, but if the service is intended to be used as a lazy service, then it may be configured incorrectly.
[ 1843.816206][  T411] servicemanager: Caller(pid=694,uid=1041,sid=u:r:audioserver:s0) Since 'activity' could not be found trying to start it as a lazy AIDL service. (if it's not configured to be a lazy service, it may be stuck starting or still starting).
[ 1844.322972][    T1] init: Control message: Could not find 'aidl/activity' for ctl.interface_start from pid: 411 (/system/bin/servicemanager)
[ 1844.343762][ T2260] servicemanager: Caller(pid=694,uid=1041,sid=u:r:audioserver:s0) Tried to start aidl service activity as a lazy service, but was unable to. Usually this happens when a service is not installed, but if the service is intended to be used as a lazy service, then it may be configured incorrectly.
[ 1845.000882][  T411] servicemanager: Caller(pid=694,uid=1041,sid=u:r:audioserver:s0) Since 'activity' could not be found trying to start it as a lazy AIDL service. (if it's not configured to be a lazy service, it may be stuck starting or still starting).
[ 1845.800771][    T1] init: Control message: Could not find 'aidl/activity' for ctl.interface_start from pid: 411 (/system/bin/servicemanager)
[ 1846.542532][ T2261] servicemanager: Caller(pid=694,uid=1041,sid=u:r:audioserver:s0) Tried to start aidl service activity as a lazy service, but was unable to. Usually this happens when a service is not installed, but if the service is intended to be used as a lazy service, then it may be configured incorrectly.
[ 1846.758777][  T411] servicemanager: Caller(pid=694,uid=1041,sid=u:r:audioserver:s0) Since 'activity' could not be found trying to start it as a lazy AIDL service. (if it's not configured to be a lazy service, it may be stuck starting or still starting).
[ 1847.110811][    T1] init: Control message: Could not find 'aidl/activity' for ctl.interface_start from pid: 411 (/system/bin/servicemanager)
[ 1847.143397][ T2264] servicemanager: Caller(pid=694,uid=1041,sid=u:r:audioserver:s0) Tried to start aidl service activity as a lazy service, but was unable to. Usually this happens when a service is not installed, but if the service is intended to be used as a lazy service, then it may be configured incorrectly.
[ 1847.846011][  T411] servicemanager: Caller(pid=694,uid=1041,sid=u:r:audioserver:s0) Since 'activity' could not be found trying to start it as a lazy AIDL service. (if it's not configured to be a lazy service, it may be stuck starting or still starting).
[ 1848.042936][    T1] init: Control message: Could not find 'aidl/activity' for ctl.interface_start from pid: 411 (/system/bin/servicemanager)
[ 1848.071238][ T2267] servicemanager: Caller(pid=694,uid=1041,sid=u:r:audioserver:s0) Tried to start aidl service activity as a lazy service, but was unable to. Usually this happens when a service is not installed, but if the service is intended to be used as a lazy service, then it may be configured incorrectly.
[ 1849.551307][  T411] servicemanager: Caller(pid=694,uid=1041,sid=u:r:audioserver:s0) Since 'activity' could not be found trying to start it as a lazy AIDL service. (if it's not configured to be a lazy service, it may be stuck starting or still starting).
[ 1850.467949][    T1] init: Control message: Could not find 'aidl/activity' for ctl.interface_start from pid: 411 (/system/bin/servicemanager)
[ 1850.711747][ T2269] servicemanager: Caller(pid=694,uid=1041,sid=u:r:audioserver:s0) Tried to start aidl service activity as a lazy service, but was unable to. Usually this happens when a service is not installed, but if the service is intended to be used as a lazy service, then it may be configured incorrectly.
[ 1850.931067][  T411] servicemanager: Caller(pid=694,uid=1041,sid=u:r:audioserver:s0) Since 'activity' could not be found trying to start it as a lazy AIDL service. (if it's not configured to be a lazy service, it may be stuck starting or still starting).
[ 1851.578845][    T1] init: Control message: Could not find 'aidl/activity' for ctl.interface_start from pid: 411 (/system/bin/servicemanager)
[ 1851.789715][ T2270] servicemanager: Caller(pid=694,uid=1041,sid=u:r:audioserver:s0) Tried to start aidl service activity as a lazy service, but was unable to. Usually this happens when a service is not installed, but if the service is intended to be used as a lazy service, then it may be configured incorrectly.
[ 1852.419305][  T411] servicemanager: Caller(pid=694,uid=1041,sid=u:r:audioserver:s0) Since 'activity' could not be found trying to start it as a lazy AIDL service. (if it's not configured to be a lazy service, it may be stuck starting or still starting).
[ 1852.864562][    T1] init: Control message: Could not find 'aidl/activity' for ctl.interface_start from pid: 411 (/system/bin/servicemanager)
[ 1852.902088][ T2271] servicemanager: Caller(pid=694,uid=1041,sid=u:r:audioserver:s0) Tried to start aidl service activity as a lazy service, but was unable to. Usually this happens when a service is not installed, but if the service is intended to be used as a lazy service, then it may be configured incorrectly.
[ 1854.072317][  T411] servicemanager: Caller(pid=694,uid=1041,sid=u:r:audioserver:s0) Since 'activity' could not be found trying to start it as a lazy AIDL service. (if it's not configured to be a lazy service, it may be stuck starting or still starting).
[ 1854.672554][    T1] init: Control message: Could not find 'aidl/activity' for ctl.interface_start from pid: 411 (/system/bin/servicemanager)
[ 1854.791295][ T2274] servicemanager: Caller(pid=694,uid=1041,sid=u:r:audioserver:s0) Tried to start aidl service activity as a lazy service, but was unable to. Usually this happens when a service is not installed, but if the service is intended to be used as a lazy service, then it may be configured incorrectly.
[ 1855.615269][  T411] servicemanager: Caller(pid=694,uid=1041,sid=u:r:audioserver:s0) Since 'activity' could not be found trying to start it as a lazy AIDL service. (if it's not configured to be a lazy service, it may be stuck starting or still starting).
[ 1855.931259][    T1] init: Control message: Could not find 'aidl/activity' for ctl.interface_start from pid: 411 (/system/bin/servicemanager)
[ 1856.042912][ T2278] servicemanager: Caller(pid=694,uid=1041,sid=u:r:audioserver:s0) Tried to start aidl service activity as a lazy service, but was unable to. Usually this happens when a service is not installed, but if the service is intended to be used as a lazy service, then it may be configured incorrectly.
[ 1856.730340][  T411] servicemanager: Caller(pid=694,uid=1041,sid=u:r:audioserver:s0) Since 'activity' could not be found trying to start it as a lazy AIDL service. (if it's not configured to be a lazy service, it may be stuck starting or still starting).
[ 1856.862981][    T1] init: Control message: Could not find 'aidl/activity' for ctl.interface_start from pid: 411 (/system/bin/servicemanager)
[ 1856.936628][ T2279] servicemanager: Caller(pid=694,uid=1041,sid=u:r:audioserver:s0) Tried to start aidl service activity as a lazy service, but was unable to. Usually this happens when a service is not installed, but if the service is intended to be used as a lazy service, then it may be configured incorrectly.
[ 1857.858657][  T411] servicemanager: Caller(pid=694,uid=1041,sid=u:r:audioserver:s0) Since 'activity' could not be found trying to start it as a lazy AIDL service. (if it's not configured to be a lazy service, it may be stuck starting or still starting).
[ 1858.005671][    T1] init: Control message: Could not find 'aidl/activity' for ctl.interface_start from pid: 411 (/system/bin/servicemanager)
[ 1858.236062][ T2280] servicemanager: Caller(pid=694,uid=1041,sid=u:r:audioserver:s0) Tried to start aidl service activity as a lazy service, but was unable to. Usually this happens when a service is not installed, but if the service is intended to be used as a lazy service, then it may be configured incorrectly.
[ 1859.162305][  T411] servicemanager: Caller(pid=694,uid=1041,sid=u:r:audioserver:s0) Since 'activity' could not be found trying to start it as a lazy AIDL service. (if it's not configured to be a lazy service, it may be stuck starting or still starting).
[ 1859.335979][    T1] init: Control message: Could not find 'aidl/activity' for ctl.interface_start from pid: 411 (/system/bin/servicemanager)
[ 1859.363977][ T2282] servicemanager: Caller(pid=694,uid=1041,sid=u:r:audioserver:s0) Tried to start aidl service activity as a lazy service, but was unable to. Usually this happens when a service is not installed, but if the service is intended to be used as a lazy service, then it may be configured incorrectly.
[ 1860.267432][  T411] servicemanager: Caller(pid=694,uid=1041,sid=u:r:audioserver:s0) Since 'activity' could not be found trying to start it as a lazy AIDL service. (if it's not configured to be a lazy service, it may be stuck starting or still starting).
[ 1860.907515][    T1] init: Control message: Could not find 'aidl/activity' for ctl.interface_start from pid: 411 (/system/bin/servicemanager)
[ 1861.417660][ T2283] servicemanager: Caller(pid=694,uid=1041,sid=u:r:audioserver:s0) Tried to start aidl service activity as a lazy service, but was unable to. Usually this happens when a service is not installed, but if the service is intended to be used as a lazy service, then it may be configured incorrectly.
[ 1861.597567][  T411] servicemanager: Caller(pid=694,uid=1041,sid=u:r:audioserver:s0) Since 'activity' could not be found trying to start it as a lazy AIDL service. (if it's not configured to be a lazy service, it may be stuck starting or still starting).
[ 1862.070485][    T1] init: Control message: Could not find 'aidl/activity' for ctl.interface_start from pid: 411 (/system/bin/servicemanager)
[ 1862.309497][ T2285] servicemanager: Caller(pid=694,uid=1041,sid=u:r:audioserver:s0) Tried to start aidl service activity as a lazy service, but was unable to. Usually this happens when a service is not installed, but if the service is intended to be used as a lazy service, then it may be configured incorrectly.
[ 1863.030030][  T411] servicemanager: Caller(pid=694,uid=1041,sid=u:r:audioserver:s0) Since 'activity' could not be found trying to start it as a lazy AIDL service. (if it's not configured to be a lazy service, it may be stuck starting or still starting).
[ 1863.999722][    T1] init: Control message: Could not find 'aidl/activity' for ctl.interface_start from pid: 411 (/system/bin/servicemanager)
[ 1864.099094][ T2286] servicemanager: Caller(pid=694,uid=1041,sid=u:r:audioserver:s0) Tried to start aidl service activity as a lazy service, but was unable to. Usually this happens when a service is not installed, but if the service is intended to be used as a lazy service, then it may be configured incorrectly.
[ 1864.769677][  T411] servicemanager: Caller(pid=694,uid=1041,sid=u:r:audioserver:s0) Since 'activity' could not be found trying to start it as a lazy AIDL service. (if it's not configured to be a lazy service, it may be stuck starting or still starting).
[ 1865.090110][    T1] init: Control message: Could not find 'aidl/activity' for ctl.interface_start from pid: 411 (/system/bin/servicemanager)
[ 1865.212207][ T2291] servicemanager: Caller(pid=694,uid=1041,sid=u:r:audioserver:s0) Tried to start aidl service activity as a lazy service, but was unable to. Usually this happens when a service is not installed, but if the service is intended to be used as a lazy service, then it may be configured incorrectly.
[ 1866.159404][  T411] servicemanager: Caller(pid=694,uid=1041,sid=u:r:audioserver:s0) Since 'activity' could not be found trying to start it as a lazy AIDL service. (if it's not configured to be a lazy service, it may be stuck starting or still starting).
[ 1866.644408][    T1] init: Control message: Could not find 'aidl/activity' for ctl.interface_start from pid: 411 (/system/bin/servicemanager)
[ 1866.809495][ T2294] servicemanager: Caller(pid=694,uid=1041,sid=u:r:audioserver:s0) Tried to start aidl service activity as a lazy service, but was unable to. Usually this happens when a service is not installed, but if the service is intended to be used as a lazy service, then it may be configured incorrectly.
[ 1867.531334][  T411] servicemanager: Caller(pid=694,uid=1041,sid=u:r:audioserver:s0) Since 'activity' could not be found trying to start it as a lazy AIDL service. (if it's not configured to be a lazy service, it may be stuck starting or still starting).
[ 1868.030510][    T1] init: Control message: Could not find 'aidl/activity' for ctl.interface_start from pid: 411 (/system/bin/servicemanager)
[ 1868.054175][ T2296] servicemanager: Caller(pid=694,uid=1041,sid=u:r:audioserver:s0) Tried to start aidl service activity as a lazy service, but was unable to. Usually this happens when a service is not installed, but if the service is intended to be used as a lazy service, then it may be configured incorrectly.
[ 1869.097766][  T411] servicemanager: Caller(pid=694,uid=1041,sid=u:r:audioserver:s0) Since 'activity' could not be found trying to start it as a lazy AIDL service. (if it's not configured to be a lazy service, it may be stuck starting or still starting).
[ 1869.569622][    T1] init: Control message: Could not find 'aidl/activity' for ctl.interface_start from pid: 411 (/system/bin/servicemanager)
[ 1869.610492][ T2298] servicemanager: Caller(pid=694,uid=1041,sid=u:r:audioserver:s0) Tried to start aidl service activity as a lazy service, but was unable to. Usually this happens when a service is not installed, but if the service is intended to be used as a lazy service, then it may be configured incorrectly.
[ 1870.504519][  T411] servicemanager: Caller(pid=694,uid=1041,sid=u:r:audioserver:s0) Since 'activity' could not be found trying to start it as a lazy AIDL service. (if it's not configured to be a lazy service, it may be stuck starting or still starting).
[ 1870.997087][    T1] init: Control message: Could not find 'aidl/activity' for ctl.interface_start from pid: 411 (/system/bin/servicemanager)
[ 1871.107946][ T2299] servicemanager: Caller(pid=694,uid=1041,sid=u:r:audioserver:s0) Tried to start aidl service activity as a lazy service, but was unable to. Usually this happens when a service is not installed, but if the service is intended to be used as a lazy service, then it may be configured incorrectly.
[ 1871.654606][  T411] servicemanager: Caller(pid=694,uid=1041,sid=u:r:audioserver:s0) Since 'activity' could not be found trying to start it as a lazy AIDL service. (if it's not configured to be a lazy service, it may be stuck starting or still starting).
[ 1871.758953][    T1] init: Control message: Could not find 'aidl/activity' for ctl.interface_start from pid: 411 (/system/bin/servicemanager)
[ 1871.773983][ T2300] servicemanager: Caller(pid=694,uid=1041,sid=u:r:audioserver:s0) Tried to start aidl service activity as a lazy service, but was unable to. Usually this happens when a service is not installed, but if the service is intended to be used as a lazy service, then it may be configured incorrectly.
[ 1871.790709][    T1] init: Untracked process (pid: 2297 name: (sh) ppid: 1 pgrp: 2284 state: Z) exited with status 129
[ 1871.793794][    T1] init: Untracked process (pid: 2297 name: (sh) ppid: 1 pgrp: 2284 state: Z) did not have an associated service entry and will not be reaped
[ 1872.813314][  T411] servicemanager: Caller(pid=694,uid=1041,sid=u:r:audioserver:s0) Since 'activity' could not be found trying to start it as a lazy AIDL service. (if it's not configured to be a lazy service, it may be stuck starting or still starting).
[ 1873.043199][    T1] init: Control message: Could not find 'aidl/activity' for ctl.interface_start from pid: 411 (/system/bin/servicemanager)
[ 1873.064581][ T2301] servicemanager: Caller(pid=694,uid=1041,sid=u:r:audioserver:s0) Tried to start aidl service activity as a lazy service, but was unable to. Usually this happens when a service is not installed, but if the service is intended to be used as a lazy service, then it may be configured incorrectly.
[ 1873.900406][  T411] servicemanager: Caller(pid=694,uid=1041,sid=u:r:audioserver:s0) Since 'activity' could not be found trying to start it as a lazy AIDL service. (if it's not configured to be a lazy service, it may be stuck starting or still starting).
[ 1874.003301][    T1] init: Control message: Could not find 'aidl/activity' for ctl.interface_start from pid: 411 (/system/bin/servicemanager)
[ 1874.027592][ T2302] servicemanager: Caller(pid=694,uid=1041,sid=u:r:audioserver:s0) Tried to start aidl service activity as a lazy service, but was unable to. Usually this happens when a service is not installed, but if the service is intended to be used as a lazy service, then it may be configured incorrectly.
[ 1874.959139][  T411] servicemanager: Caller(pid=694,uid=1041,sid=u:r:audioserver:s0) Since 'activity' could not be found trying to start it as a lazy AIDL service. (if it's not configured to be a lazy service, it may be stuck starting or still starting).
[ 1875.040395][    T1] init: Control message: Could not find 'aidl/activity' for ctl.interface_start from pid: 411 (/system/bin/servicemanager)
[ 1875.055424][ T2304] servicemanager: Caller(pid=694,uid=1041,sid=u:r:audioserver:s0) Tried to start aidl service activity as a lazy service, but was unable to. Usually this happens when a service is not installed, but if the service is intended to be used as a lazy service, then it may be configured incorrectly.
[ 1876.448281][  T411] servicemanager: Caller(pid=694,uid=1041,sid=u:r:audioserver:s0) Since 'activity' could not be found trying to start it as a lazy AIDL service. (if it's not configured to be a lazy service, it may be stuck starting or still starting).
[ 1876.870867][    T1] init: Control message: Could not find 'aidl/activity' for ctl.interface_start from pid: 411 (/system/bin/servicemanager)
[ 1876.911273][ T2310] servicemanager: Caller(pid=694,uid=1041,sid=u:r:audioserver:s0) Tried to start aidl service activity as a lazy service, but was unable to. Usually this happens when a service is not installed, but if the service is intended to be used as a lazy service, then it may be configured incorrectly.
[ 1877.529873][  T411] servicemanager: Caller(pid=694,uid=1041,sid=u:r:audioserver:s0) Since 'activity' could not be found trying to start it as a lazy AIDL service. (if it's not configured to be a lazy service, it may be stuck starting or still starting).
[ 1877.590804][    T1] init: Control message: Could not find 'aidl/activity' for ctl.interface_start from pid: 411 (/system/bin/servicemanager)
[ 1877.614045][ T2312] servicemanager: Caller(pid=694,uid=1041,sid=u:r:audioserver:s0) Tried to start aidl service activity as a lazy service, but was unable to. Usually this happens when a service is not installed, but if the service is intended to be used as a lazy service, then it may be configured incorrectly.
[ 1878.567588][  T411] servicemanager: Caller(pid=694,uid=1041,sid=u:r:audioserver:s0) Since 'activity' could not be found trying to start it as a lazy AIDL service. (if it's not configured to be a lazy service, it may be stuck starting or still starting).
[ 1878.651677][    T1] init: Control message: Could not find 'aidl/activity' for ctl.interface_start from pid: 411 (/system/bin/servicemanager)
[ 1878.709449][ T2314] servicemanager: Caller(pid=694,uid=1041,sid=u:r:audioserver:s0) Tried to start aidl service activity as a lazy service, but was unable to. Usually this happens when a service is not installed, but if the service is intended to be used as a lazy service, then it may be configured incorrectly.
[ 1879.945620][  T411] servicemanager: Caller(pid=694,uid=1041,sid=u:r:audioserver:s0) Since 'activity' could not be found trying to start it as a lazy AIDL service. (if it's not configured to be a lazy service, it may be stuck starting or still starting).
[ 1880.422273][    T1] init: Control message: Could not find 'aidl/activity' for ctl.interface_start from pid: 411 (/system/bin/servicemanager)
[ 1880.522625][ T2317] servicemanager: Caller(pid=694,uid=1041,sid=u:r:audioserver:s0) Tried to start aidl service activity as a lazy service, but was unable to. Usually this happens when a service is not installed, but if the service is intended to be used as a lazy service, then it may be configured incorrectly.
[ 1881.075988][  T411] servicemanager: Caller(pid=694,uid=1041,sid=u:r:audioserver:s0) Since 'activity' could not be found trying to start it as a lazy AIDL service. (if it's not configured to be a lazy service, it may be stuck starting or still starting).
[ 1881.207851][    T1] init: Control message: Could not find 'aidl/activity' for ctl.interface_start from pid: 411 (/system/bin/servicemanager)
[ 1881.280415][ T2318] servicemanager: Caller(pid=694,uid=1041,sid=u:r:audioserver:s0) Tried to start aidl service activity as a lazy service, but was unable to. Usually this happens when a service is not installed, but if the service is intended to be used as a lazy service, then it may be configured incorrectly.
[ 1882.165764][  T411] servicemanager: Caller(pid=694,uid=1041,sid=u:r:audioserver:s0) Since 'activity' could not be found trying to start it as a lazy AIDL service. (if it's not configured to be a lazy service, it may be stuck starting or still starting).
[ 1882.206718][    T1] init: Control message: Could not find 'aidl/activity' for ctl.interface_start from pid: 411 (/system/bin/servicemanager)
[ 1882.224496][ T2320] servicemanager: Caller(pid=694,uid=1041,sid=u:r:audioserver:s0) Tried to start aidl service activity as a lazy service, but was unable to. Usually this happens when a service is not installed, but if the service is intended to be used as a lazy service, then it may be configured incorrectly.
[ 1883.706907][  T411] servicemanager: Caller(pid=694,uid=1041,sid=u:r:audioserver:s0) Since 'activity' could not be found trying to start it as a lazy AIDL service. (if it's not configured to be a lazy service, it may be stuck starting or still starting).
[ 1884.350194][    T1] init: Control message: Could not find 'aidl/activity' for ctl.interface_start from pid: 411 (/system/bin/servicemanager)
[ 1884.398876][ T2322] servicemanager: Caller(pid=694,uid=1041,sid=u:r:audioserver:s0) Tried to start aidl service activity as a lazy service, but was unable to. Usually this happens when a service is not installed, but if the service is intended to be used as a lazy service, then it may be configured incorrectly.
[ 1884.910974][  T411] servicemanager: Caller(pid=694,uid=1041,sid=u:r:audioserver:s0) Since 'activity' could not be found trying to start it as a lazy AIDL service. (if it's not configured to be a lazy service, it may be stuck starting or still starting).
[ 1884.950038][    T1] init: Control message: Could not find 'aidl/activity' for ctl.interface_start from pid: 411 (/system/bin/servicemanager)
[ 1884.964744][ T2325] servicemanager: Caller(pid=694,uid=1041,sid=u:r:audioserver:s0) Tried to start aidl service activity as a lazy service, but was unable to. Usually this happens when a service is not installed, but if the service is intended to be used as a lazy service, then it may be configured incorrectly.
[ 1885.950767][  T411] servicemanager: Caller(pid=694,uid=1041,sid=u:r:audioserver:s0) Since 'activity' could not be found trying to start it as a lazy AIDL service. (if it's not configured to be a lazy service, it may be stuck starting or still starting).
[ 1885.984010][    T1] init: Control message: Could not find 'aidl/activity' for ctl.interface_start from pid: 411 (/system/bin/servicemanager)
[ 1886.006580][ T2326] servicemanager: Caller(pid=694,uid=1041,sid=u:r:audioserver:s0) Tried to start aidl service activity as a lazy service, but was unable to. Usually this happens when a service is not installed, but if the service is intended to be used as a lazy service, then it may be configured incorrectly.
[ 1886.344691][    T1] init: Untracked process (pid: 2321 name: (printf) ppid: 1 pgrp: 2308 state: Z) received SIGHUP
[ 1886.350908][    T1] init: Untracked process (pid: 2321 name: (printf) ppid: 1 pgrp: 2308 state: Z) did not have an associated service entry and will not be reaped
[ 1887.503931][  T411] servicemanager: Caller(pid=694,uid=1041,sid=u:r:audioserver:s0) Since 'activity' could not be found trying to start it as a lazy AIDL service. (if it's not configured to be a lazy service, it may be stuck starting or still starting).
[ 1887.958335][    T1] init: Control message: Could not find 'aidl/activity' for ctl.interface_start from pid: 411 (/system/bin/servicemanager)
[ 1888.171690][ T2327] servicemanager: Caller(pid=694,uid=1041,sid=u:r:audioserver:s0) Tried to start aidl service activity as a lazy service, but was unable to. Usually this happens when a service is not installed, but if the service is intended to be used as a lazy service, then it may be configured incorrectly.
[ 1888.876390][  T411] servicemanager: Caller(pid=694,uid=1041,sid=u:r:audioserver:s0) Since 'activity' could not be found trying to start it as a lazy AIDL service. (if it's not configured to be a lazy service, it may be stuck starting or still starting).
[ 1889.588984][    T1] init: Control message: Could not find 'aidl/activity' for ctl.interface_start from pid: 411 (/system/bin/servicemanager)
[ 1889.638464][ T2328] servicemanager: Caller(pid=694,uid=1041,sid=u:r:audioserver:s0) Tried to start aidl service activity as a lazy service, but was unable to. Usually this happens when a service is not installed, but if the service is intended to be used as a lazy service, then it may be configured incorrectly.
[ 1890.064178][  T411] servicemanager: Caller(pid=694,uid=1041,sid=u:r:audioserver:s0) Since 'activity' could not be found trying to start it as a lazy AIDL service. (if it's not configured to be a lazy service, it may be stuck starting or still starting).
[ 1890.279937][    T1] init: Control message: Could not find 'aidl/activity' for ctl.interface_start from pid: 411 (/system/bin/servicemanager)
[ 1890.312879][ T2329] servicemanager: Caller(pid=694,uid=1041,sid=u:r:audioserver:s0) Tried to start aidl service activity as a lazy service, but was unable to. Usually this happens when a service is not installed, but if the service is intended to be used as a lazy service, then it may be configured incorrectly.
[ 1891.221309][  T411] servicemanager: Caller(pid=694,uid=1041,sid=u:r:audioserver:s0) Since 'activity' could not be found trying to start it as a lazy AIDL service. (if it's not configured to be a lazy service, it may be stuck starting or still starting).
[ 1891.293983][    T1] init: Control message: Could not find 'aidl/activity' for ctl.interface_start from pid: 411 (/system/bin/servicemanager)
[ 1891.362826][ T2331] servicemanager: Caller(pid=694,uid=1041,sid=u:r:audioserver:s0) Tried to start aidl service activity as a lazy service, but was unable to. Usually this happens when a service is not installed, but if the service is intended to be used as a lazy service, then it may be configured incorrectly.
[ 1892.275183][  T411] servicemanager: Caller(pid=694,uid=1041,sid=u:r:audioserver:s0) Since 'activity' could not be found trying to start it as a lazy AIDL service. (if it's not configured to be a lazy service, it may be stuck starting or still starting).
[ 1892.400732][    T1] init: Control message: Could not find 'aidl/activity' for ctl.interface_start from pid: 411 (/system/bin/servicemanager)
[ 1892.436736][ T2335] servicemanager: Caller(pid=694,uid=1041,sid=u:r:audioserver:s0) Tried to start aidl service activity as a lazy service, but was unable to. Usually this happens when a service is not installed, but if the service is intended to be used as a lazy service, then it may be configured incorrectly.
[ 1893.842262][  T411] servicemanager: Caller(pid=694,uid=1041,sid=u:r:audioserver:s0) Since 'activity' could not be found trying to start it as a lazy AIDL service. (if it's not configured to be a lazy service, it may be stuck starting or still starting).
[ 1894.265922][    T1] init: Control message: Could not find 'aidl/activity' for ctl.interface_start from pid: 411 (/system/bin/servicemanager)
[ 1894.293630][ T2338] servicemanager: Caller(pid=694,uid=1041,sid=u:r:audioserver:s0) Tried to start aidl service activity as a lazy service, but was unable to. Usually this happens when a service is not installed, but if the service is intended to be used as a lazy service, then it may be configured incorrectly.
[ 1894.934162][  T411] servicemanager: Caller(pid=694,uid=1041,sid=u:r:audioserver:s0) Since 'activity' could not be found trying to start it as a lazy AIDL service. (if it's not configured to be a lazy service, it may be stuck starting or still starting).
[ 1895.009627][    T1] init: Control message: Could not find 'aidl/activity' for ctl.interface_start from pid: 411 (/system/bin/servicemanager)
[ 1895.060143][ T2340] servicemanager: Caller(pid=694,uid=1041,sid=u:r:audioserver:s0) Tried to start aidl service activity as a lazy service, but was unable to. Usually this happens when a service is not installed, but if the service is intended to be used as a lazy service, then it may be configured incorrectly.
[ 1895.976494][  T411] servicemanager: Caller(pid=694,uid=1041,sid=u:r:audioserver:s0) Since 'activity' could not be found trying to start it as a lazy AIDL service. (if it's not configured to be a lazy service, it may be stuck starting or still starting).
[ 1896.104465][    T1] init: Control message: Could not find 'aidl/activity' for ctl.interface_start from pid: 411 (/system/bin/servicemanager)
[ 1896.142869][ T2342] servicemanager: Caller(pid=694,uid=1041,sid=u:r:audioserver:s0) Tried to start aidl service activity as a lazy service, but was unable to. Usually this happens when a service is not installed, but if the service is intended to be used as a lazy service, then it may be configured incorrectly.
[ 1897.091834][  T411] servicemanager: Caller(pid=694,uid=1041,sid=u:r:audioserver:s0) Since 'activity' could not be found trying to start it as a lazy AIDL service. (if it's not configured to be a lazy service, it may be stuck starting or still starting).
[ 1897.127004][    T1] init: Control message: Could not find 'aidl/activity' for ctl.interface_start from pid: 411 (/system/bin/servicemanager)
[ 1897.154434][ T2347] servicemanager: Caller(pid=694,uid=1041,sid=u:r:audioserver:s0) Tried to start aidl service activity as a lazy service, but was unable to. Usually this happens when a service is not installed, but if the service is intended to be used as a lazy service, then it may be configured incorrectly.
[ 1899.177363][  T411] servicemanager: Caller(pid=694,uid=1041,sid=u:r:audioserver:s0) Since 'activity' could not be found trying to start it as a lazy AIDL service. (if it's not configured to be a lazy service, it may be stuck starting or still starting).
[ 1899.911731][    T1] init: Control message: Could not find 'aidl/activity' for ctl.interface_start from pid: 411 (/system/bin/servicemanager)
[ 1899.972548][ T2351] servicemanager: Caller(pid=694,uid=1041,sid=u:r:audioserver:s0) Tried to start aidl service activity as a lazy service, but was unable to. Usually this happens when a service is not installed, but if the service is intended to be used as a lazy service, then it may be configured incorrectly.
[ 1900.806726][  T411] servicemanager: Caller(pid=694,uid=1041,sid=u:r:audioserver:s0) Since 'activity' could not be found trying to start it as a lazy AIDL service. (if it's not configured to be a lazy service, it may be stuck starting or still starting).
[ 1900.864850][    T1] init: Control message: Could not find 'aidl/activity' for ctl.interface_start from pid: 411 (/system/bin/servicemanager)
[ 1900.895879][ T2352] servicemanager: Caller(pid=694,uid=1041,sid=u:r:audioserver:s0) Tried to start aidl service activity as a lazy service, but was unable to. Usually this happens when a service is not installed, but if the service is intended to be used as a lazy service, then it may be configured incorrectly.
[ 1902.225729][  T411] servicemanager: Caller(pid=694,uid=1041,sid=u:r:audioserver:s0) Since 'activity' could not be found trying to start it as a lazy AIDL service. (if it's not configured to be a lazy service, it may be stuck starting or still starting).
[ 1902.951168][    T1] init: Control message: Could not find 'aidl/activity' for ctl.interface_start from pid: 411 (/system/bin/servicemanager)
[ 1903.004755][ T2354] servicemanager: Caller(pid=694,uid=1041,sid=u:r:audioserver:s0) Tried to start aidl service activity as a lazy service, but was unable to. Usually this happens when a service is not installed, but if the service is intended to be used as a lazy service, then it may be configured incorrectly.
[ 1903.417937][  T411] servicemanager: Caller(pid=694,uid=1041,sid=u:r:audioserver:s0) Since 'activity' could not be found trying to start it as a lazy AIDL service. (if it's not configured to be a lazy service, it may be stuck starting or still starting).
[ 1903.450281][    T1] init: Control message: Could not find 'aidl/activity' for ctl.interface_start from pid: 411 (/system/bin/servicemanager)
[ 1903.465113][ T2356] servicemanager: Caller(pid=694,uid=1041,sid=u:r:audioserver:s0) Tried to start aidl service activity as a lazy service, but was unable to. Usually this happens when a service is not installed, but if the service is intended to be used as a lazy service, then it may be configured incorrectly.
[ 1905.768496][  T411] servicemanager: Caller(pid=694,uid=1041,sid=u:r:audioserver:s0) Since 'activity' could not be found trying to start it as a lazy AIDL service. (if it's not configured to be a lazy service, it may be stuck starting or still starting).
[ 1906.410827][    T1] init: Control message: Could not find 'aidl/activity' for ctl.interface_start from pid: 411 (/system/bin/servicemanager)
[ 1906.444462][ T2357] servicemanager: Caller(pid=694,uid=1041,sid=u:r:audioserver:s0) Tried to start aidl service activity as a lazy service, but was unable to. Usually this happens when a service is not installed, but if the service is intended to be used as a lazy service, then it may be configured incorrectly.
[ 1907.838487][  T411] servicemanager: Caller(pid=694,uid=1041,sid=u:r:audioserver:s0) Since 'activity' could not be found trying to start it as a lazy AIDL service. (if it's not configured to be a lazy service, it may be stuck starting or still starting).
[ 1908.852204][    T1] init: Control message: Could not find 'aidl/activity' for ctl.interface_start from pid: 411 (/system/bin/servicemanager)
[ 1909.380033][ T2360] servicemanager: Caller(pid=694,uid=1041,sid=u:r:audioserver:s0) Tried to start aidl service activity as a lazy service, but was unable to. Usually this happens when a service is not installed, but if the service is intended to be used as a lazy service, then it may be configured incorrectly.
[ 1910.453186][  T411] servicemanager: Caller(pid=694,uid=1041,sid=u:r:audioserver:s0) Since 'activity' could not be found trying to start it as a lazy AIDL service. (if it's not configured to be a lazy service, it may be stuck starting or still starting).
[ 1911.383462][    T1] init: Control message: Could not find 'aidl/activity' for ctl.interface_start from pid: 411 (/system/bin/servicemanager)
[ 1911.533432][ T2362] servicemanager: Caller(pid=694,uid=1041,sid=u:r:audioserver:s0) Tried to start aidl service activity as a lazy service, but was unable to. Usually this happens when a service is not installed, but if the service is intended to be used as a lazy service, then it may be configured incorrectly.
[ 1912.203801][  T411] servicemanager: Caller(pid=694,uid=1041,sid=u:r:audioserver:s0) Since 'activity' could not be found trying to start it as a lazy AIDL service. (if it's not configured to be a lazy service, it may be stuck starting or still starting).
[ 1912.305869][    T1] init: Control message: Could not find 'aidl/activity' for ctl.interface_start from pid: 411 (/system/bin/servicemanager)
[ 1912.327376][ T2365] servicemanager: Caller(pid=694,uid=1041,sid=u:r:audioserver:s0) Tried to start aidl service activity as a lazy service, but was unable to. Usually this happens when a service is not installed, but if the service is intended to be used as a lazy service, then it may be configured incorrectly.
[ 1913.274715][  T411] servicemanager: Caller(pid=694,uid=1041,sid=u:r:audioserver:s0) Since 'activity' could not be found trying to start it as a lazy AIDL service. (if it's not configured to be a lazy service, it may be stuck starting or still starting).
[ 1913.372735][    T1] init: Control message: Could not find 'aidl/activity' for ctl.interface_start from pid: 411 (/system/bin/servicemanager)
[ 1913.393581][ T2373] servicemanager: Caller(pid=694,uid=1041,sid=u:r:audioserver:s0) Tried to start aidl service activity as a lazy service, but was unable to. Usually this happens when a service is not installed, but if the service is intended to be used as a lazy service, then it may be configured incorrectly.
[ 1914.356224][  T411] servicemanager: Caller(pid=694,uid=1041,sid=u:r:audioserver:s0) Since 'activity' could not be found trying to start it as a lazy AIDL service. (if it's not configured to be a lazy service, it may be stuck starting or still starting).
[ 1914.382782][    T1] init: Control message: Could not find 'aidl/activity' for ctl.interface_start from pid: 411 (/system/bin/servicemanager)
[ 1914.396928][ T2376] servicemanager: Caller(pid=694,uid=1041,sid=u:r:audioserver:s0) Tried to start aidl service activity as a lazy service, but was unable to. Usually this happens when a service is not installed, but if the service is intended to be used as a lazy service, then it may be configured incorrectly.
[ 1915.614790][  T411] servicemanager: Caller(pid=694,uid=1041,sid=u:r:audioserver:s0) Since 'activity' could not be found trying to start it as a lazy AIDL service. (if it's not configured to be a lazy service, it may be stuck starting or still starting).
[ 1916.156808][    T1] init: Control message: Could not find 'aidl/activity' for ctl.interface_start from pid: 411 (/system/bin/servicemanager)
[ 1916.335401][ T2381] servicemanager: Caller(pid=694,uid=1041,sid=u:r:audioserver:s0) Tried to start aidl service activity as a lazy service, but was unable to. Usually this happens when a service is not installed, but if the service is intended to be used as a lazy service, then it may be configured incorrectly.
[ 1916.967315][  T411] servicemanager: Caller(pid=694,uid=1041,sid=u:r:audioserver:s0) Since 'activity' could not be found trying to start it as a lazy AIDL service. (if it's not configured to be a lazy service, it may be stuck starting or still starting).
[ 1917.152014][    T1] init: Control message: Could not find 'aidl/activity' for ctl.interface_start from pid: 411 (/system/bin/servicemanager)
[ 1917.163197][ T2383] servicemanager: Caller(pid=694,uid=1041,sid=u:r:audioserver:s0) Tried to start aidl service activity as a lazy service, but was unable to. Usually this happens when a service is not installed, but if the service is intended to be used as a lazy service, then it may be configured incorrectly.
[ 1918.603627][  T411] servicemanager: Caller(pid=694,uid=1041,sid=u:r:audioserver:s0) Since 'activity' could not be found trying to start it as a lazy AIDL service. (if it's not configured to be a lazy service, it may be stuck starting or still starting).
[ 1919.161321][    T1] init: Control message: Could not find 'aidl/activity' for ctl.interface_start from pid: 411 (/system/bin/servicemanager)
[ 1919.193056][ T2385] servicemanager: Caller(pid=694,uid=1041,sid=u:r:audioserver:s0) Tried to start aidl service activity as a lazy service, but was unable to. Usually this happens when a service is not installed, but if the service is intended to be used as a lazy service, then it may be configured incorrectly.
[ 1920.184908][  T411] servicemanager: Caller(pid=694,uid=1041,sid=u:r:audioserver:s0) Since 'activity' could not be found trying to start it as a lazy AIDL service. (if it's not configured to be a lazy service, it may be stuck starting or still starting).
[ 1921.514588][  T411] servicemanager: Caller(pid=694,uid=1041,sid=u:r:audioserver:s0) Since 'activity' could not be found trying to start it as a lazy AIDL service. (if it's not configured to be a lazy service, it may be stuck starting or still starting).
[ 1921.656580][    T1] init: Control message: Could not find 'aidl/activity' for ctl.interface_start from pid: 411 (/system/bin/servicemanager)
[ 1921.747614][ T2387] servicemanager: Caller(pid=694,uid=1041,sid=u:r:audioserver:s0) Tried to start aidl service activity as a lazy service, but was unable to. Usually this happens when a service is not installed, but if the service is intended to be used as a lazy service, then it may be configured incorrectly.
[ 1921.872843][    T1] init: Control message: Could not find 'aidl/activity' for ctl.interface_start from pid: 411 (/system/bin/servicemanager)
[ 1921.937801][ T2389] servicemanager: Caller(pid=694,uid=1041,sid=u:r:audioserver:s0) Tried to start aidl service activity as a lazy service, but was unable to. Usually this happens when a service is not installed, but if the service is intended to be used as a lazy service, then it may be configured incorrectly.
[ 1922.651882][  T411] servicemanager: Caller(pid=694,uid=1041,sid=u:r:audioserver:s0) Since 'activity' could not be found trying to start it as a lazy AIDL service. (if it's not configured to be a lazy service, it may be stuck starting or still starting).
[ 1922.822645][    T1] init: Control message: Could not find 'aidl/activity' for ctl.interface_start from pid: 411 (/system/bin/servicemanager)
[ 1922.910801][ T2395] servicemanager: Caller(pid=694,uid=1041,sid=u:r:audioserver:s0) Tried to start aidl service activity as a lazy service, but was unable to. Usually this happens when a service is not installed, but if the service is intended to be used as a lazy service, then it may be configured incorrectly.
[ 1923.712283][  T411] servicemanager: Caller(pid=694,uid=1041,sid=u:r:audioserver:s0) Since 'activity' could not be found trying to start it as a lazy AIDL service. (if it's not configured to be a lazy service, it may be stuck starting or still starting).
[ 1923.755844][    T1] init: Control message: Could not find 'aidl/activity' for ctl.interface_start from pid: 411 (/system/bin/servicemanager)
[ 1923.777311][ T2397] servicemanager: Caller(pid=694,uid=1041,sid=u:r:audioserver:s0) Tried to start aidl service activity as a lazy service, but was unable to. Usually this happens when a service is not installed, but if the service is intended to be used as a lazy service, then it may be configured incorrectly.
[ 1924.749143][  T411] servicemanager: Caller(pid=694,uid=1041,sid=u:r:audioserver:s0) Since 'activity' could not be found trying to start it as a lazy AIDL service. (if it's not configured to be a lazy service, it may be stuck starting or still starting).
[ 1924.839601][    T1] init: Control message: Could not find 'aidl/activity' for ctl.interface_start from pid: 411 (/system/bin/servicemanager)
[ 1924.857419][ T2401] servicemanager: Caller(pid=694,uid=1041,sid=u:r:audioserver:s0) Tried to start aidl service activity as a lazy service, but was unable to. Usually this happens when a service is not installed, but if the service is intended to be used as a lazy service, then it may be configured incorrectly.
[ 1925.807679][  T411] servicemanager: Caller(pid=694,uid=1041,sid=u:r:audioserver:s0) Since 'activity' could not be found trying to start it as a lazy AIDL service. (if it's not configured to be a lazy service, it may be stuck starting or still starting).
[ 1925.845022][    T1] init: Control message: Could not find 'aidl/activity' for ctl.interface_start from pid: 411 (/system/bin/servicemanager)
[ 1925.859765][ T2406] servicemanager: Caller(pid=694,uid=1041,sid=u:r:audioserver:s0) Tried to start aidl service activity as a lazy service, but was unable to. Usually this happens when a service is not installed, but if the service is intended to be used as a lazy service, then it may be configured incorrectly.
[ 1926.842677][  T411] servicemanager: Caller(pid=694,uid=1041,sid=u:r:audioserver:s0) Since 'activity' could not be found trying to start it as a lazy AIDL service. (if it's not configured to be a lazy service, it may be stuck starting or still starting).
[ 1926.854838][    T1] init: Control message: Could not find 'aidl/activity' for ctl.interface_start from pid: 411 (/system/bin/servicemanager)
[ 1926.923413][ T2408] servicemanager: Caller(pid=694,uid=1041,sid=u:r:audioserver:s0) Tried to start aidl service activity as a lazy service, but was unable to. Usually this happens when a service is not installed, but if the service is intended to be used as a lazy service, then it may be configured incorrectly.
[ 1928.121727][  T411] servicemanager: Caller(pid=694,uid=1041,sid=u:r:audioserver:s0) Since 'activity' could not be found trying to start it as a lazy AIDL service. (if it's not configured to be a lazy service, it may be stuck starting or still starting).
[ 1928.793920][    T1] init: Control message: Could not find 'aidl/activity' for ctl.interface_start from pid: 411 (/system/bin/servicemanager)
[ 1928.875792][ T2409] servicemanager: Caller(pid=694,uid=1041,sid=u:r:audioserver:s0) Tried to start aidl service activity as a lazy service, but was unable to. Usually this happens when a service is not installed, but if the service is intended to be used as a lazy service, then it may be configured incorrectly.
[ 1929.277654][  T411] servicemanager: Caller(pid=694,uid=1041,sid=u:r:audioserver:s0) Since 'activity' could not be found trying to start it as a lazy AIDL service. (if it's not configured to be a lazy service, it may be stuck starting or still starting).
[ 1929.402397][    T1] init: Control message: Could not find 'aidl/activity' for ctl.interface_start from pid: 411 (/system/bin/servicemanager)
[ 1929.431499][ T2410] servicemanager: Caller(pid=694,uid=1041,sid=u:r:audioserver:s0) Tried to start aidl service activity as a lazy service, but was unable to. Usually this happens when a service is not installed, but if the service is intended to be used as a lazy service, then it may be configured incorrectly.
[ 1930.354718][  T411] servicemanager: Caller(pid=694,uid=1041,sid=u:r:audioserver:s0) Since 'activity' could not be found trying to start it as a lazy AIDL service. (if it's not configured to be a lazy service, it may be stuck starting or still starting).
[ 1930.385091][    T1] init: Control message: Could not find 'aidl/activity' for ctl.interface_start from pid: 411 (/system/bin/servicemanager)
[ 1930.396410][ T2413] servicemanager: Caller(pid=694,uid=1041,sid=u:r:audioserver:s0) Tried to start aidl service activity as a lazy service, but was unable to. Usually this happens when a service is not installed, but if the service is intended to be used as a lazy service, then it may be configured incorrectly.
[ 1931.376208][  T411] servicemanager: Caller(pid=694,uid=1041,sid=u:r:audioserver:s0) Since 'activity' could not be found trying to start it as a lazy AIDL service. (if it's not configured to be a lazy service, it may be stuck starting or still starting).
[ 1931.435578][    T1] init: Control message: Could not find 'aidl/activity' for ctl.interface_start from pid: 411 (/system/bin/servicemanager)
[ 1931.459038][ T2414] servicemanager: Caller(pid=694,uid=1041,sid=u:r:audioserver:s0) Tried to start aidl service activity as a lazy service, but was unable to. Usually this happens when a service is not installed, but if the service is intended to be used as a lazy service, then it may be configured incorrectly.
[ 1932.426485][  T411] servicemanager: Caller(pid=694,uid=1041,sid=u:r:audioserver:s0) Since 'activity' could not be found trying to start it as a lazy AIDL service. (if it's not configured to be a lazy service, it may be stuck starting or still starting).
[ 1932.462923][    T1] init: Control message: Could not find 'aidl/activity' for ctl.interface_start from pid: 411 (/system/bin/servicemanager)
[ 1932.488858][ T2415] servicemanager: Caller(pid=694,uid=1041,sid=u:r:audioserver:s0) Tried to start aidl service activity as a lazy service, but was unable to. Usually this happens when a service is not installed, but if the service is intended to be used as a lazy service, then it may be configured incorrectly.
[ 1933.466611][  T411] servicemanager: Caller(pid=694,uid=1041,sid=u:r:audioserver:s0) Since 'activity' could not be found trying to start it as a lazy AIDL service. (if it's not configured to be a lazy service, it may be stuck starting or still starting).
[ 1933.548078][    T1] init: Control message: Could not find 'aidl/activity' for ctl.interface_start from pid: 411 (/system/bin/servicemanager)
[ 1933.570886][ T2416] servicemanager: Caller(pid=694,uid=1041,sid=u:r:audioserver:s0) Tried to start aidl service activity as a lazy service, but was unable to. Usually this happens when a service is not installed, but if the service is intended to be used as a lazy service, then it may be configured incorrectly.
[ 1935.224349][  T411] servicemanager: Caller(pid=694,uid=1041,sid=u:r:audioserver:s0) Since 'activity' could not be found trying to start it as a lazy AIDL service. (if it's not configured to be a lazy service, it may be stuck starting or still starting).
[ 1936.138457][    T1] init: Control message: Could not find 'aidl/activity' for ctl.interface_start from pid: 411 (/system/bin/servicemanager)
[ 1936.169438][ T2417] servicemanager: Caller(pid=694,uid=1041,sid=u:r:audioserver:s0) Tried to start aidl service activity as a lazy service, but was unable to. Usually this happens when a service is not installed, but if the service is intended to be used as a lazy service, then it may be configured incorrectly.
[ 1936.823683][  T411] servicemanager: Caller(pid=694,uid=1041,sid=u:r:audioserver:s0) Since 'activity' could not be found trying to start it as a lazy AIDL service. (if it's not configured to be a lazy service, it may be stuck starting or still starting).
[ 1936.959507][    T1] init: Control message: Could not find 'aidl/activity' for ctl.interface_start from pid: 411 (/system/bin/servicemanager)
[ 1937.024191][ T2424] servicemanager: Caller(pid=694,uid=1041,sid=u:r:audioserver:s0) Tried to start aidl service activity as a lazy service, but was unable to. Usually this happens when a service is not installed, but if the service is intended to be used as a lazy service, then it may be configured incorrectly.
[ 1943.960323][  T411] servicemanager: Caller(pid=694,uid=1041,sid=u:r:audioserver:s0) Since 'activity' could not be found trying to start it as a lazy AIDL service. (if it's not configured to be a lazy service, it may be stuck starting or still starting).
[ 1944.707679][    T1] init: Control message: Could not find 'aidl/activity' for ctl.interface_start from pid: 411 (/system/bin/servicemanager)
[ 1944.794727][ T2429] servicemanager: Caller(pid=694,uid=1041,sid=u:r:audioserver:s0) Tried to start aidl service activity as a lazy service, but was unable to. Usually this happens when a service is not installed, but if the service is intended to be used as a lazy service, then it may be configured incorrectly.
[ 1945.722014][  T411] servicemanager: Caller(pid=694,uid=1041,sid=u:r:audioserver:s0) Since 'activity' could not be found trying to start it as a lazy AIDL service. (if it's not configured to be a lazy service, it may be stuck starting or still starting).
[ 1945.878756][    T1] init: Control message: Could not find 'aidl/activity' for ctl.interface_start from pid: 411 (/system/bin/servicemanager)
[ 1945.929962][ T2431] servicemanager: Caller(pid=694,uid=1041,sid=u:r:audioserver:s0) Tried to start aidl service activity as a lazy service, but was unable to. Usually this happens when a service is not installed, but if the service is intended to be used as a lazy service, then it may be configured incorrectly.
[ 1947.532517][  T411] servicemanager: Caller(pid=694,uid=1041,sid=u:r:audioserver:s0) Since 'activity' could not be found trying to start it as a lazy AIDL service. (if it's not configured to be a lazy service, it may be stuck starting or still starting).
[ 1948.681301][    T1] init: Control message: Could not find 'aidl/activity' for ctl.interface_start from pid: 411 (/system/bin/servicemanager)
[ 1948.749205][ T2435] servicemanager: Caller(pid=694,uid=1041,sid=u:r:audioserver:s0) Tried to start aidl service activity as a lazy service, but was unable to. Usually this happens when a service is not installed, but if the service is intended to be used as a lazy service, then it may be configured incorrectly.
[ 1951.052851][  T411] servicemanager: Caller(pid=694,uid=1041,sid=u:r:audioserver:s0) Since 'activity' could not be found trying to start it as a lazy AIDL service. (if it's not configured to be a lazy service, it may be stuck starting or still starting).
[ 1951.543890][  T411] libbinder.Binder: Binder transaction to android.os.IServiceManager, function: getService2, code: 2, took 1112ms. Data bytes: 96 Reply bytes: 52 Flags: 16
[ 1952.953585][    T1] init: Control message: Could not find 'aidl/activity' for ctl.interface_start from pid: 411 (/system/bin/servicemanager)
[ 1953.512506][ T2438] servicemanager: Caller(pid=694,uid=1041,sid=u:r:audioserver:s0) Tried to start aidl service activity as a lazy service, but was unable to. Usually this happens when a service is not installed, but if the service is intended to be used as a lazy service, then it may be configured incorrectly.
[ 1955.842899][  T411] servicemanager: Caller(pid=694,uid=1041,sid=u:r:audioserver:s0) Since 'activity' could not be found trying to start it as a lazy AIDL service. (if it's not configured to be a lazy service, it may be stuck starting or still starting).
[ 1956.401942][    T1] init: Control message: Could not find 'aidl/activity' for ctl.interface_start from pid: 411 (/system/bin/servicemanager)
[ 1956.455700][ T2440] servicemanager: Caller(pid=694,uid=1041,sid=u:r:audioserver:s0) Tried to start aidl service activity as a lazy service, but was unable to. Usually this happens when a service is not installed, but if the service is intended to be used as a lazy service, then it may be configured incorrectly.
[ 1958.661954][  T411] servicemanager: Caller(pid=694,uid=1041,sid=u:r:audioserver:s0) Since 'activity' could not be found trying to start it as a lazy AIDL service. (if it's not configured to be a lazy service, it may be stuck starting or still starting).
[ 1959.460619][    T1] init: Control message: Could not find 'aidl/activity' for ctl.interface_start from pid: 411 (/system/bin/servicemanager)
[ 1959.811723][ T2445] servicemanager: Caller(pid=694,uid=1041,sid=u:r:audioserver:s0) Tried to start aidl service activity as a lazy service, but was unable to. Usually this happens when a service is not installed, but if the service is intended to be used as a lazy service, then it may be configured incorrectly.
[ 1960.747354][  T411] servicemanager: Caller(pid=694,uid=1041,sid=u:r:audioserver:s0) Since 'activity' could not be found trying to start it as a lazy AIDL service. (if it's not configured to be a lazy service, it may be stuck starting or still starting).
[ 1961.230469][    T1] init: Control message: Could not find 'aidl/activity' for ctl.interface_start from pid: 411 (/system/bin/servicemanager)
[ 1961.310139][ T2448] servicemanager: Caller(pid=694,uid=1041,sid=u:r:audioserver:s0) Tried to start aidl service activity as a lazy service, but was unable to. Usually this happens when a service is not installed, but if the service is intended to be used as a lazy service, then it may be configured incorrectly.
[ 1963.361995][  T411] servicemanager: Caller(pid=694,uid=1041,sid=u:r:audioserver:s0) Since 'activity' could not be found trying to start it as a lazy AIDL service. (if it's not configured to be a lazy service, it may be stuck starting or still starting).
[ 1964.092474][    T1] init: Control message: Could not find 'aidl/activity' for ctl.interface_start from pid: 411 (/system/bin/servicemanager)
[ 1964.614556][ T2449] servicemanager: Caller(pid=694,uid=1041,sid=u:r:audioserver:s0) Tried to start aidl service activity as a lazy service, but was unable to. Usually this happens when a service is not installed, but if the service is intended to be used as a lazy service, then it may be configured incorrectly.
[ 1964.834009][  T411] servicemanager: Caller(pid=694,uid=1041,sid=u:r:audioserver:s0) Since 'activity' could not be found trying to start it as a lazy AIDL service. (if it's not configured to be a lazy service, it may be stuck starting or still starting).
[ 1965.328580][    T1] init: Control message: Could not find 'aidl/activity' for ctl.interface_start from pid: 411 (/system/bin/servicemanager)
[ 1965.375833][ T2450] servicemanager: Caller(pid=694,uid=1041,sid=u:r:audioserver:s0) Tried to start aidl service activity as a lazy service, but was unable to. Usually this happens when a service is not installed, but if the service is intended to be used as a lazy service, then it may be configured incorrectly.
[ 1965.987009][  T411] servicemanager: Caller(pid=694,uid=1041,sid=u:r:audioserver:s0) Since 'activity' could not be found trying to start it as a lazy AIDL service. (if it's not configured to be a lazy service, it may be stuck starting or still starting).
[ 1966.556919][    T1] init: Control message: Could not find 'aidl/activity' for ctl.interface_start from pid: 411 (/system/bin/servicemanager)
[ 1966.635845][ T2452] servicemanager: Caller(pid=694,uid=1041,sid=u:r:audioserver:s0) Tried to start aidl service activity as a lazy service, but was unable to. Usually this happens when a service is not installed, but if the service is intended to be used as a lazy service, then it may be configured incorrectly.
[ 1967.621060][  T411] servicemanager: Caller(pid=694,uid=1041,sid=u:r:audioserver:s0) Since 'activity' could not be found trying to start it as a lazy AIDL service. (if it's not configured to be a lazy service, it may be stuck starting or still starting).
[ 1967.698080][    T1] init: Control message: Could not find 'aidl/activity' for ctl.interface_start from pid: 411 (/system/bin/servicemanager)
[ 1967.714489][ T2457] servicemanager: Caller(pid=694,uid=1041,sid=u:r:audioserver:s0) Tried to start aidl service activity as a lazy service, but was unable to. Usually this happens when a service is not installed, but if the service is intended to be used as a lazy service, then it may be configured incorrectly.
[ 1968.923290][  T411] servicemanager: Caller(pid=694,uid=1041,sid=u:r:audioserver:s0) Since 'activity' could not be found trying to start it as a lazy AIDL service. (if it's not configured to be a lazy service, it may be stuck starting or still starting).
[ 1969.221048][    T1] init: Control message: Could not find 'aidl/activity' for ctl.interface_start from pid: 411 (/system/bin/servicemanager)
[ 1969.417601][ T2460] servicemanager: Caller(pid=694,uid=1041,sid=u:r:audioserver:s0) Tried to start aidl service activity as a lazy service, but was unable to. Usually this happens when a service is not installed, but if the service is intended to be used as a lazy service, then it may be configured incorrectly.
[ 1971.564191][  T411] servicemanager: Caller(pid=694,uid=1041,sid=u:r:audioserver:s0) Since 'activity' could not be found trying to start it as a lazy AIDL service. (if it's not configured to be a lazy service, it may be stuck starting or still starting).
[ 1972.778438][  T411] libbinder.Binder: Binder transaction to android.os.IServiceManager, function: getService2, code: 2, took 1739ms. Data bytes: 96 Reply bytes: 52 Flags: 16
[ 1974.847642][    T1] init: Control message: Could not find 'aidl/activity' for ctl.interface_start from pid: 411 (/system/bin/servicemanager)
[ 1975.286322][ T2461] servicemanager: Caller(pid=694,uid=1041,sid=u:r:audioserver:s0) Tried to start aidl service activity as a lazy service, but was unable to. Usually this happens when a service is not installed, but if the service is intended to be used as a lazy service, then it may be configured incorrectly.
[ 1975.643202][  T411] servicemanager: Caller(pid=694,uid=1041,sid=u:r:audioserver:s0) Since 'activity' could not be found trying to start it as a lazy AIDL service. (if it's not configured to be a lazy service, it may be stuck starting or still starting).
[ 1976.180279][    T1] init: Control message: Could not find 'aidl/activity' for ctl.interface_start from pid: 411 (/system/bin/servicemanager)
[ 1976.592642][ T2463] servicemanager: Caller(pid=694,uid=1041,sid=u:r:audioserver:s0) Tried to start aidl service activity as a lazy service, but was unable to. Usually this happens when a service is not installed, but if the service is intended to be used as a lazy service, then it may be configured incorrectly.
[ 1977.501982][  T411] servicemanager: Caller(pid=694,uid=1041,sid=u:r:audioserver:s0) Since 'activity' could not be found trying to start it as a lazy AIDL service. (if it's not configured to be a lazy service, it may be stuck starting or still starting).
[ 1979.233527][    T1] init: Control message: Could not find 'aidl/activity' for ctl.interface_start from pid: 411 (/system/bin/servicemanager)
[ 1979.649379][ T2465] servicemanager: Caller(pid=694,uid=1041,sid=u:r:audioserver:s0) Tried to start aidl service activity as a lazy service, but was unable to. Usually this happens when a service is not installed, but if the service is intended to be used as a lazy service, then it may be configured incorrectly.
[ 1980.376651][    T1] init: Untracked process (pid: 2462 name: (sh) ppid: 1 pgrp: 2453 state: Z) received SIGHUP
[ 1980.451321][    T1] init: Untracked process (pid: 2462 name: (sh) ppid: 1 pgrp: 2453 state: Z) did not have an associated service entry and will not be reaped
[ 1981.377682][  T411] servicemanager: Caller(pid=694,uid=1041,sid=u:r:audioserver:s0) Since 'activity' could not be found trying to start it as a lazy AIDL service. (if it's not configured to be a lazy service, it may be stuck starting or still starting).
[ 1981.806778][    T1] init: Control message: Could not find 'aidl/activity' for ctl.interface_start from pid: 411 (/system/bin/servicemanager)
[ 1981.865352][ T2467] servicemanager: Caller(pid=694,uid=1041,sid=u:r:audioserver:s0) Tried to start aidl service activity as a lazy service, but was unable to. Usually this happens when a service is not installed, but if the service is intended to be used as a lazy service, then it may be configured incorrectly.
[ 1982.816915][  T411] servicemanager: Caller(pid=694,uid=1041,sid=u:r:audioserver:s0) Since 'activity' could not be found trying to start it as a lazy AIDL service. (if it's not configured to be a lazy service, it may be stuck starting or still starting).
[ 1982.959092][    T1] init: Control message: Could not find 'aidl/activity' for ctl.interface_start from pid: 411 (/system/bin/servicemanager)
[ 1983.033474][ T2472] servicemanager: Caller(pid=694,uid=1041,sid=u:r:audioserver:s0) Tried to start aidl service activity as a lazy service, but was unable to. Usually this happens when a service is not installed, but if the service is intended to be used as a lazy service, then it may be configured incorrectly.
[ 1983.926706][  T411] servicemanager: Caller(pid=694,uid=1041,sid=u:r:audioserver:s0) Since 'activity' could not be found trying to start it as a lazy AIDL service. (if it's not configured to be a lazy service, it may be stuck starting or still starting).
[ 1983.984205][    T1] init: Control message: Could not find 'aidl/activity' for ctl.interface_start from pid: 411 (/system/bin/servicemanager)
[ 1984.594743][ T2475] servicemanager: Caller(pid=694,uid=1041,sid=u:r:audioserver:s0) Tried to start aidl service activity as a lazy service, but was unable to. Usually this happens when a service is not installed, but if the service is intended to be used as a lazy service, then it may be configured incorrectly.
[ 1985.421320][  T411] servicemanager: Caller(pid=694,uid=1041,sid=u:r:audioserver:s0) Since 'activity' could not be found trying to start it as a lazy AIDL service. (if it's not configured to be a lazy service, it may be stuck starting or still starting).
[ 1985.746924][    T1] init: Control message: Could not find 'aidl/activity' for ctl.interface_start from pid: 411 (/system/bin/servicemanager)
[ 1985.776201][ T2476] servicemanager: Caller(pid=694,uid=1041,sid=u:r:audioserver:s0) Tried to start aidl service activity as a lazy service, but was unable to. Usually this happens when a service is not installed, but if the service is intended to be used as a lazy service, then it may be configured incorrectly.
[ 1987.090818][  T411] servicemanager: Caller(pid=694,uid=1041,sid=u:r:audioserver:s0) Since 'activity' could not be found trying to start it as a lazy AIDL service. (if it's not configured to be a lazy service, it may be stuck starting or still starting).
[ 1987.664886][    T1] init: Control message: Could not find 'aidl/activity' for ctl.interface_start from pid: 411 (/system/bin/servicemanager)
[ 1987.718615][ T2477] servicemanager: Caller(pid=694,uid=1041,sid=u:r:audioserver:s0) Tried to start aidl service activity as a lazy service, but was unable to. Usually this happens when a service is not installed, but if the service is intended to be used as a lazy service, then it may be configured incorrectly.
[ 1988.867233][  T411] servicemanager: Caller(pid=694,uid=1041,sid=u:r:audioserver:s0) Since 'activity' could not be found trying to start it as a lazy AIDL service. (if it's not configured to be a lazy service, it may be stuck starting or still starting).
[ 1989.330130][    T1] init: Control message: Could not find 'aidl/activity' for ctl.interface_start from pid: 411 (/system/bin/servicemanager)
[ 1989.366918][ T2479] servicemanager: Caller(pid=694,uid=1041,sid=u:r:audioserver:s0) Tried to start aidl service activity as a lazy service, but was unable to. Usually this happens when a service is not installed, but if the service is intended to be used as a lazy service, then it may be configured incorrectly.
[ 1990.393466][  T411] servicemanager: Caller(pid=694,uid=1041,sid=u:r:audioserver:s0) Since 'activity' could not be found trying to start it as a lazy AIDL service. (if it's not configured to be a lazy service, it may be stuck starting or still starting).
[ 1991.066459][    T1] init: Control message: Could not find 'aidl/activity' for ctl.interface_start from pid: 411 (/system/bin/servicemanager)
[ 1991.112671][ T2481] servicemanager: Caller(pid=694,uid=1041,sid=u:r:audioserver:s0) Tried to start aidl service activity as a lazy service, but was unable to. Usually this happens when a service is not installed, but if the service is intended to be used as a lazy service, then it may be configured incorrectly.
[ 1992.433098][  T411] servicemanager: Caller(pid=694,uid=1041,sid=u:r:audioserver:s0) Since 'activity' could not be found trying to start it as a lazy AIDL service. (if it's not configured to be a lazy service, it may be stuck starting or still starting).
[ 1993.028791][    T1] init: Control message: Could not find 'aidl/activity' for ctl.interface_start from pid: 411 (/system/bin/servicemanager)
[ 1993.049293][ T2485] servicemanager: Caller(pid=694,uid=1041,sid=u:r:audioserver:s0) Tried to start aidl service activity as a lazy service, but was unable to. Usually this happens when a service is not installed, but if the service is intended to be used as a lazy service, then it may be configured incorrectly.
[ 1993.530573][  T411] servicemanager: Caller(pid=694,uid=1041,sid=u:r:audioserver:s0) Since 'activity' could not be found trying to start it as a lazy AIDL service. (if it's not configured to be a lazy service, it may be stuck starting or still starting).
[ 1993.661267][    T1] init: Control message: Could not find 'aidl/activity' for ctl.interface_start from pid: 411 (/system/bin/servicemanager)
[ 1993.699940][ T2487] servicemanager: Caller(pid=694,uid=1041,sid=u:r:audioserver:s0) Tried to start aidl service activity as a lazy service, but was unable to. Usually this happens when a service is not installed, but if the service is intended to be used as a lazy service, then it may be configured incorrectly.
[ 1994.623032][  T411] servicemanager: Caller(pid=694,uid=1041,sid=u:r:audioserver:s0) Since 'activity' could not be found trying to start it as a lazy AIDL service. (if it's not configured to be a lazy service, it may be stuck starting or still starting).
[ 1994.727253][    T1] init: Control message: Could not find 'aidl/activity' for ctl.interface_start from pid: 411 (/system/bin/servicemanager)
[ 1994.742815][ T2488] servicemanager: Caller(pid=694,uid=1041,sid=u:r:audioserver:s0) Tried to start aidl service activity as a lazy service, but was unable to. Usually this happens when a service is not installed, but if the service is intended to be used as a lazy service, then it may be configured incorrectly.
[ 1995.995148][  T411] servicemanager: Caller(pid=694,uid=1041,sid=u:r:audioserver:s0) Since 'activity' could not be found trying to start it as a lazy AIDL service. (if it's not configured to be a lazy service, it may be stuck starting or still starting).
[ 1996.517471][    T1] init: Control message: Could not find 'aidl/activity' for ctl.interface_start from pid: 411 (/system/bin/servicemanager)
[ 1996.532427][ T2489] servicemanager: Caller(pid=694,uid=1041,sid=u:r:audioserver:s0) Tried to start aidl service activity as a lazy service, but was unable to. Usually this happens when a service is not installed, but if the service is intended to be used as a lazy service, then it may be configured incorrectly.
[ 1997.719880][  T411] servicemanager: Caller(pid=694,uid=1041,sid=u:r:audioserver:s0) Since 'activity' could not be found trying to start it as a lazy AIDL service. (if it's not configured to be a lazy service, it may be stuck starting or still starting).
[ 1998.904129][  T411] servicemanager: Caller(pid=694,uid=1041,sid=u:r:audioserver:s0) Since 'activity' could not be found trying to start it as a lazy AIDL service. (if it's not configured to be a lazy service, it may be stuck starting or still starting).
[ 1998.915800][    T1] init: Control message: Could not find 'aidl/activity' for ctl.interface_start from pid: 411 (/system/bin/servicemanager)
[ 1998.986870][ T2490] servicemanager: Caller(pid=694,uid=1041,sid=u:r:audioserver:s0) Tried to start aidl service activity as a lazy service, but was unable to. Usually this happens when a service is not installed, but if the service is intended to be used as a lazy service, then it may be configured incorrectly.
[ 1999.068262][    T1] init: Control message: Could not find 'aidl/activity' for ctl.interface_start from pid: 411 (/system/bin/servicemanager)
[ 1999.137327][ T2491] servicemanager: Caller(pid=694,uid=1041,sid=u:r:audioserver:s0) Tried to start aidl service activity as a lazy service, but was unable to. Usually this happens when a service is not installed, but if the service is intended to be used as a lazy service, then it may be configured incorrectly.
[ 2000.020875][  T411] servicemanager: Caller(pid=694,uid=1041,sid=u:r:audioserver:s0) Since 'activity' could not be found trying to start it as a lazy AIDL service. (if it's not configured to be a lazy service, it may be stuck starting or still starting).
[ 2000.137900][    T1] init: Control message: Could not find 'aidl/activity' for ctl.interface_start from pid: 411 (/system/bin/servicemanager)
[ 2000.165579][ T2495] servicemanager: Caller(pid=694,uid=1041,sid=u:r:audioserver:s0) Tried to start aidl service activity as a lazy service, but was unable to. Usually this happens when a service is not installed, but if the service is intended to be used as a lazy service, then it may be configured incorrectly.
[ 2001.128207][  T411] servicemanager: Caller(pid=694,uid=1041,sid=u:r:audioserver:s0) Since 'activity' could not be found trying to start it as a lazy AIDL service. (if it's not configured to be a lazy service, it may be stuck starting or still starting).
[ 2001.218307][    T1] init: Control message: Could not find 'aidl/activity' for ctl.interface_start from pid: 411 (/system/bin/servicemanager)
[ 2001.237382][ T2499] servicemanager: Caller(pid=694,uid=1041,sid=u:r:audioserver:s0) Tried to start aidl service activity as a lazy service, but was unable to. Usually this happens when a service is not installed, but if the service is intended to be used as a lazy service, then it may be configured incorrectly.
[ 2001.689694][  T421] logd: logdr: UID=2000 GID=2000 PID=2494 n tail=128 logMask=4 pid=0 start=0ns deadline=0ns
[ 2002.434013][  T411] servicemanager: Caller(pid=694,uid=1041,sid=u:r:audioserver:s0) Since 'activity' could not be found trying to start it as a lazy AIDL service. (if it's not configured to be a lazy service, it may be stuck starting or still starting).
[ 2003.131676][    T1] init: Control message: Could not find 'aidl/activity' for ctl.interface_start from pid: 411 (/system/bin/servicemanager)
[ 2003.169191][ T2502] servicemanager: Caller(pid=694,uid=1041,sid=u:r:audioserver:s0) Tried to start aidl service activity as a lazy service, but was unable to. Usually this happens when a service is not installed, but if the service is intended to be used as a lazy service, then it may be configured incorrectly.
[ 2003.608253][  T411] servicemanager: Caller(pid=694,uid=1041,sid=u:r:audioserver:s0) Since 'activity' could not be found trying to start it as a lazy AIDL service. (if it's not configured to be a lazy service, it may be stuck starting or still starting).
[ 2003.805141][    T1] init: Control message: Could not find 'aidl/activity' for ctl.interface_start from pid: 411 (/system/bin/servicemanager)
[ 2003.825069][ T2505] servicemanager: Caller(pid=694,uid=1041,sid=u:r:audioserver:s0) Tried to start aidl service activity as a lazy service, but was unable to. Usually this happens when a service is not installed, but if the service is intended to be used as a lazy service, then it may be configured incorrectly.
[ 2004.684426][  T411] servicemanager: Caller(pid=694,uid=1041,sid=u:r:audioserver:s0) Since 'activity' could not be found trying to start it as a lazy AIDL service. (if it's not configured to be a lazy service, it may be stuck starting or still starting).
[ 2004.761847][    T1] init: Control message: Could not find 'aidl/activity' for ctl.interface_start from pid: 411 (/system/bin/servicemanager)
[ 2004.792174][ T2506] servicemanager: Caller(pid=694,uid=1041,sid=u:r:audioserver:s0) Tried to start aidl service activity as a lazy service, but was unable to. Usually this happens when a service is not installed, but if the service is intended to be used as a lazy service, then it may be configured incorrectly.
[ 2004.932844][  T421] logd: logdr: UID=2000 GID=2000 PID=2503 n tail=128 logMask=19 pid=0 start=0ns deadline=0ns
[ 2005.746625][  T411] servicemanager: Caller(pid=694,uid=1041,sid=u:r:audioserver:s0) Since 'activity' could not be found trying to start it as a lazy AIDL service. (if it's not configured to be a lazy service, it may be stuck starting or still starting).
[ 2005.785046][    T1] init: Control message: Could not find 'aidl/activity' for ctl.interface_start from pid: 411 (/system/bin/servicemanager)
[ 2005.801385][ T2508] servicemanager: Caller(pid=694,uid=1041,sid=u:r:audioserver:s0) Tried to start aidl service activity as a lazy service, but was unable to. Usually this happens when a service is not installed, but if the service is intended to be used as a lazy service, then it may be configured incorrectly.
[ 2006.799086][  T411] servicemanager: Caller(pid=694,uid=1041,sid=u:r:audioserver:s0) Since 'activity' could not be found trying to start it as a lazy AIDL service. (if it's not configured to be a lazy service, it may be stuck starting or still starting).
[ 2006.854545][    T1] init: Control message: Could not find 'aidl/activity' for ctl.interface_start from pid: 411 (/system/bin/servicemanager)
[ 2006.906220][ T2509] servicemanager: Caller(pid=694,uid=1041,sid=u:r:audioserver:s0) Tried to start aidl service activity as a lazy service, but was unable to. Usually this happens when a service is not installed, but if the service is intended to be used as a lazy service, then it may be configured incorrectly.
[ 2007.899437][  T411] servicemanager: Caller(pid=694,uid=1041,sid=u:r:audioserver:s0) Since 'activity' could not be found trying to start it as a lazy AIDL service. (if it's not configured to be a lazy service, it may be stuck starting or still starting).
[ 2008.168327][    T1] init: Control message: Could not find 'aidl/activity' for ctl.interface_start from pid: 411 (/system/bin/servicemanager)
[ 2008.228228][ T2512] servicemanager: Caller(pid=694,uid=1041,sid=u:r:audioserver:s0) Tried to start aidl service activity as a lazy service, but was unable to. Usually this happens when a service is not installed, but if the service is intended to be used as a lazy service, then it may be configured incorrectly.
[ 2010.257122][  T411] servicemanager: Caller(pid=694,uid=1041,sid=u:r:audioserver:s0) Since 'activity' could not be found trying to start it as a lazy AIDL service. (if it's not configured to be a lazy service, it may be stuck starting or still starting).
[ 2011.161836][    T1] init: Control message: Could not find 'aidl/activity' for ctl.interface_start from pid: 411 (/system/bin/servicemanager)
[ 2011.236578][ T2513] servicemanager: Caller(pid=694,uid=1041,sid=u:r:audioserver:s0) Tried to start aidl service activity as a lazy service, but was unable to. Usually this happens when a service is not installed, but if the service is intended to be used as a lazy service, then it may be configured incorrectly.
[ 2011.951442][  T411] servicemanager: Caller(pid=694,uid=1041,sid=u:r:audioserver:s0) Since 'activity' could not be found trying to start it as a lazy AIDL service. (if it's not configured to be a lazy service, it may be stuck starting or still starting).
[ 2012.793113][    T1] init: Control message: Could not find 'aidl/activity' for ctl.interface_start from pid: 411 (/system/bin/servicemanager)
[ 2012.918322][ T2514] servicemanager: Caller(pid=694,uid=1041,sid=u:r:audioserver:s0) Tried to start aidl service activity as a lazy service, but was unable to. Usually this happens when a service is not installed, but if the service is intended to be used as a lazy service, then it may be configured incorrectly.
[ 2013.663453][  T411] servicemanager: Caller(pid=694,uid=1041,sid=u:r:audioserver:s0) Since 'activity' could not be found trying to start it as a lazy AIDL service. (if it's not configured to be a lazy service, it may be stuck starting or still starting).
[ 2014.084755][    T1] init: Control message: Could not find 'aidl/activity' for ctl.interface_start from pid: 411 (/system/bin/servicemanager)
[ 2014.524091][ T2515] servicemanager: Caller(pid=694,uid=1041,sid=u:r:audioserver:s0) Tried to start aidl service activity as a lazy service, but was unable to. Usually this happens when a service is not installed, but if the service is intended to be used as a lazy service, then it may be configured incorrectly.
[ 2015.869597][  T411] servicemanager: Caller(pid=694,uid=1041,sid=u:r:audioserver:s0) Since 'activity' could not be found trying to start it as a lazy AIDL service. (if it's not configured to be a lazy service, it may be stuck starting or still starting).
[ 2018.636020][    T1] init: Control message: Could not find 'aidl/activity' for ctl.interface_start from pid: 411 (/system/bin/servicemanager)
[ 2018.853868][  T411] servicemanager: Caller(pid=694,uid=1041,sid=u:r:audioserver:s0) Since 'activity' could not be found trying to start it as a lazy AIDL service. (if it's not configured to be a lazy service, it may be stuck starting or still starting).
[ 2018.882938][ T2516] servicemanager: Caller(pid=694,uid=1041,sid=u:r:audioserver:s0) Tried to start aidl service activity as a lazy service, but was unable to. Usually this happens when a service is not installed, but if the service is intended to be used as a lazy service, then it may be configured incorrectly.
[ 2019.380581][    T1] init: Control message: Could not find 'aidl/activity' for ctl.interface_start from pid: 411 (/system/bin/servicemanager)
[ 2019.445802][ T2517] servicemanager: Caller(pid=694,uid=1041,sid=u:r:audioserver:s0) Tried to start aidl service activity as a lazy service, but was unable to. Usually this happens when a service is not installed, but if the service is intended to be used as a lazy service, then it may be configured incorrectly.
[ 2020.374765][  T411] servicemanager: Caller(pid=694,uid=1041,sid=u:r:audioserver:s0) Since 'activity' could not be found trying to start it as a lazy AIDL service. (if it's not configured to be a lazy service, it may be stuck starting or still starting).
[ 2020.754708][    T1] init: Control message: Could not find 'aidl/activity' for ctl.interface_start from pid: 411 (/system/bin/servicemanager)
[ 2020.839406][ T2518] servicemanager: Caller(pid=694,uid=1041,sid=u:r:audioserver:s0) Tried to start aidl service activity as a lazy service, but was unable to. Usually this happens when a service is not installed, but if the service is intended to be used as a lazy service, then it may be configured incorrectly.
[ 2021.818978][  T411] servicemanager: Caller(pid=694,uid=1041,sid=u:r:audioserver:s0) Since 'activity' could not be found trying to start it as a lazy AIDL service. (if it's not configured to be a lazy service, it may be stuck starting or still starting).
[ 2022.319655][    T1] init: Control message: Could not find 'aidl/activity' for ctl.interface_start from pid: 411 (/system/bin/servicemanager)
[ 2022.571381][ T2519] servicemanager: Caller(pid=694,uid=1041,sid=u:r:audioserver:s0) Tried to start aidl service activity as a lazy service, but was unable to. Usually this happens when a service is not installed, but if the service is intended to be used as a lazy service, then it may be configured incorrectly.
[ 2023.508474][  T411] servicemanager: Caller(pid=694,uid=1041,sid=u:r:audioserver:s0) Since 'activity' could not be found trying to start it as a lazy AIDL service. (if it's not configured to be a lazy service, it may be stuck starting or still starting).
[ 2024.042096][    T1] init: Control message: Could not find 'aidl/activity' for ctl.interface_start from pid: 411 (/system/bin/servicemanager)
[ 2024.195654][ T2520] servicemanager: Caller(pid=694,uid=1041,sid=u:r:audioserver:s0) Tried to start aidl service activity as a lazy service, but was unable to. Usually this happens when a service is not installed, but if the service is intended to be used as a lazy service, then it may be configured incorrectly.
[ 2025.337584][  T411] servicemanager: Caller(pid=694,uid=1041,sid=u:r:audioserver:s0) Since 'activity' could not be found trying to start it as a lazy AIDL service. (if it's not configured to be a lazy service, it may be stuck starting or still starting).
[ 2025.965567][    T1] init: Control message: Could not find 'aidl/activity' for ctl.interface_start from pid: 411 (/system/bin/servicemanager)
[ 2026.200165][ T2521] servicemanager: Caller(pid=694,uid=1041,sid=u:r:audioserver:s0) Tried to start aidl service activity as a lazy service, but was unable to. Usually this happens when a service is not installed, but if the service is intended to be used as a lazy service, then it may be configured incorrectly.
[ 2026.621964][  T411] servicemanager: Caller(pid=694,uid=1041,sid=u:r:audioserver:s0) Since 'activity' could not be found trying to start it as a lazy AIDL service. (if it's not configured to be a lazy service, it may be stuck starting or still starting).
[ 2026.800716][    T1] init: Control message: Could not find 'aidl/activity' for ctl.interface_start from pid: 411 (/system/bin/servicemanager)
[ 2026.839378][ T2522] servicemanager: Caller(pid=694,uid=1041,sid=u:r:audioserver:s0) Tried to start aidl service activity as a lazy service, but was unable to. Usually this happens when a service is not installed, but if the service is intended to be used as a lazy service, then it may be configured incorrectly.
[ 2027.873859][  T411] servicemanager: Caller(pid=694,uid=1041,sid=u:r:audioserver:s0) Since 'activity' could not be found trying to start it as a lazy AIDL service. (if it's not configured to be a lazy service, it may be stuck starting or still starting).
[ 2028.607800][    T1] init: Control message: Could not find 'aidl/activity' for ctl.interface_start from pid: 411 (/system/bin/servicemanager)
[ 2028.873162][ T2523] servicemanager: Caller(pid=694,uid=1041,sid=u:r:audioserver:s0) Tried to start aidl service activity as a lazy service, but was unable to. Usually this happens when a service is not installed, but if the service is intended to be used as a lazy service, then it may be configured incorrectly.
[ 2029.529009][  T411] servicemanager: Caller(pid=694,uid=1041,sid=u:r:audioserver:s0) Since 'activity' could not be found trying to start it as a lazy AIDL service. (if it's not configured to be a lazy service, it may be stuck starting or still starting).
[ 2030.258900][    T1] init: Control message: Could not find 'aidl/activity' for ctl.interface_start from pid: 411 (/system/bin/servicemanager)
[ 2030.430251][ T2525] servicemanager: Caller(pid=694,uid=1041,sid=u:r:audioserver:s0) Tried to start aidl service activity as a lazy service, but was unable to. Usually this happens when a service is not installed, but if the service is intended to be used as a lazy service, then it may be configured incorrectly.
[ 2031.385437][  T411] servicemanager: Caller(pid=694,uid=1041,sid=u:r:audioserver:s0) Since 'activity' could not be found trying to start it as a lazy AIDL service. (if it's not configured to be a lazy service, it may be stuck starting or still starting).
[ 2031.776587][    T1] init: Control message: Could not find 'aidl/activity' for ctl.interface_start from pid: 411 (/system/bin/servicemanager)
[ 2032.051004][ T2527] servicemanager: Caller(pid=694,uid=1041,sid=u:r:audioserver:s0) Tried to start aidl service activity as a lazy service, but was unable to. Usually this happens when a service is not installed, but if the service is intended to be used as a lazy service, then it may be configured incorrectly.
[ 2032.755505][  T411] servicemanager: Caller(pid=694,uid=1041,sid=u:r:audioserver:s0) Since 'activity' could not be found trying to start it as a lazy AIDL service. (if it's not configured to be a lazy service, it may be stuck starting or still starting).
[ 2033.310593][    T1] init: Control message: Could not find 'aidl/activity' for ctl.interface_start from pid: 411 (/system/bin/servicemanager)
[ 2033.781915][ T2528] servicemanager: Caller(pid=694,uid=1041,sid=u:r:audioserver:s0) Tried to start aidl service activity as a lazy service, but was unable to. Usually this happens when a service is not installed, but if the service is intended to be used as a lazy service, then it may be configured incorrectly.
[ 2034.164128][  T411] servicemanager: Caller(pid=694,uid=1041,sid=u:r:audioserver:s0) Since 'activity' could not be found trying to start it as a lazy AIDL service. (if it's not configured to be a lazy service, it may be stuck starting or still starting).
[ 2034.345744][    T1] init: Control message: Could not find 'aidl/activity' for ctl.interface_start from pid: 411 (/system/bin/servicemanager)
[ 2034.707790][ T2529] servicemanager: Caller(pid=694,uid=1041,sid=u:r:audioserver:s0) Tried to start aidl service activity as a lazy service, but was unable to. Usually this happens when a service is not installed, but if the service is intended to be used as a lazy service, then it may be configured incorrectly.
[ 2035.356515][  T411] servicemanager: Caller(pid=694,uid=1041,sid=u:r:audioserver:s0) Since 'activity' could not be found trying to start it as a lazy AIDL service. (if it's not configured to be a lazy service, it may be stuck starting or still starting).
[ 2035.693782][    T1] init: Control message: Could not find 'aidl/activity' for ctl.interface_start from pid: 411 (/system/bin/servicemanager)
[ 2035.916758][ T2530] servicemanager: Caller(pid=694,uid=1041,sid=u:r:audioserver:s0) Tried to start aidl service activity as a lazy service, but was unable to. Usually this happens when a service is not installed, but if the service is intended to be used as a lazy service, then it may be configured incorrectly.
[ 2036.632611][  T411] servicemanager: Caller(pid=694,uid=1041,sid=u:r:audioserver:s0) Since 'activity' could not be found trying to start it as a lazy AIDL service. (if it's not configured to be a lazy service, it may be stuck starting or still starting).
[ 2037.108084][    T1] init: Control message: Could not find 'aidl/activity' for ctl.interface_start from pid: 411 (/system/bin/servicemanager)
[ 2037.340834][ T2531] servicemanager: Caller(pid=694,uid=1041,sid=u:r:audioserver:s0) Tried to start aidl service activity as a lazy service, but was unable to. Usually this happens when a service is not installed, but if the service is intended to be used as a lazy service, then it may be configured incorrectly.
[ 2038.094721][  T411] servicemanager: Caller(pid=694,uid=1041,sid=u:r:audioserver:s0) Since 'activity' could not be found trying to start it as a lazy AIDL service. (if it's not configured to be a lazy service, it may be stuck starting or still starting).
[ 2038.485842][    T1] init: Control message: Could not find 'aidl/activity' for ctl.interface_start from pid: 411 (/system/bin/servicemanager)
[ 2038.707688][ T2532] servicemanager: Caller(pid=694,uid=1041,sid=u:r:audioserver:s0) Tried to start aidl service activity as a lazy service, but was unable to. Usually this happens when a service is not installed, but if the service is intended to be used as a lazy service, then it may be configured incorrectly.
[ 2039.660725][  T411] servicemanager: Caller(pid=694,uid=1041,sid=u:r:audioserver:s0) Since 'activity' could not be found trying to start it as a lazy AIDL service. (if it's not configured to be a lazy service, it may be stuck starting or still starting).
[ 2040.216715][    T1] init: Control message: Could not find 'aidl/activity' for ctl.interface_start from pid: 411 (/system/bin/servicemanager)
[ 2040.440544][ T2533] servicemanager: Caller(pid=694,uid=1041,sid=u:r:audioserver:s0) Tried to start aidl service activity as a lazy service, but was unable to. Usually this happens when a service is not installed, but if the service is intended to be used as a lazy service, then it may be configured incorrectly.
[ 2041.141011][  T411] servicemanager: Caller(pid=694,uid=1041,sid=u:r:audioserver:s0) Since 'activity' could not be found trying to start it as a lazy AIDL service. (if it's not configured to be a lazy service, it may be stuck starting or still starting).
[ 2041.443802][    T1] init: Control message: Could not find 'aidl/activity' for ctl.interface_start from pid: 411 (/system/bin/servicemanager)
[ 2041.749344][ T2534] servicemanager: Caller(pid=694,uid=1041,sid=u:r:audioserver:s0) Tried to start aidl service activity as a lazy service, but was unable to. Usually this happens when a service is not installed, but if the service is intended to be used as a lazy service, then it may be configured incorrectly.
[ 2042.966433][  T411] servicemanager: Caller(pid=694,uid=1041,sid=u:r:audioserver:s0) Since 'activity' could not be found trying to start it as a lazy AIDL service. (if it's not configured to be a lazy service, it may be stuck starting or still starting).
[ 2043.316882][    T1] init: Control message: Could not find 'aidl/activity' for ctl.interface_start from pid: 411 (/system/bin/servicemanager)
[ 2043.335984][ T2535] servicemanager: Caller(pid=694,uid=1041,sid=u:r:audioserver:s0) Tried to start aidl service activity as a lazy service, but was unable to. Usually this happens when a service is not installed, but if the service is intended to be used as a lazy service, then it may be configured incorrectly.
[ 2044.344573][  T411] servicemanager: Caller(pid=694,uid=1041,sid=u:r:audioserver:s0) Since 'activity' could not be found trying to start it as a lazy AIDL service. (if it's not configured to be a lazy service, it may be stuck starting or still starting).
[ 2045.124679][    T1] init: Control message: Could not find 'aidl/activity' for ctl.interface_start from pid: 411 (/system/bin/servicemanager)
[ 2045.370270][ T2536] servicemanager: Caller(pid=694,uid=1041,sid=u:r:audioserver:s0) Tried to start aidl service activity as a lazy service, but was unable to. Usually this happens when a service is not installed, but if the service is intended to be used as a lazy service, then it may be configured incorrectly.
[ 2045.882346][  T411] servicemanager: Caller(pid=694,uid=1041,sid=u:r:audioserver:s0) Since 'activity' could not be found trying to start it as a lazy AIDL service. (if it's not configured to be a lazy service, it may be stuck starting or still starting).
[ 2046.577995][    T1] init: Control message: Could not find 'aidl/activity' for ctl.interface_start from pid: 411 (/system/bin/servicemanager)
[ 2047.090931][ T2537] servicemanager: Caller(pid=694,uid=1041,sid=u:r:audioserver:s0) Tried to start aidl service activity as a lazy service, but was unable to. Usually this happens when a service is not installed, but if the service is intended to be used as a lazy service, then it may be configured incorrectly.
[ 2047.091655][  T411] servicemanager: Caller(pid=694,uid=1041,sid=u:r:audioserver:s0) Since 'activity' could not be found trying to start it as a lazy AIDL service. (if it's not configured to be a lazy service, it may be stuck starting or still starting).
[ 2047.466936][    T1] init: Control message: Could not find 'aidl/activity' for ctl.interface_start from pid: 411 (/system/bin/servicemanager)
[ 2047.611452][ T2538] servicemanager: Caller(pid=694,uid=1041,sid=u:r:audioserver:s0) Tried to start aidl service activity as a lazy service, but was unable to. Usually this happens when a service is not installed, but if the service is intended to be used as a lazy service, then it may be configured incorrectly.
[ 2048.346654][  T411] servicemanager: Caller(pid=694,uid=1041,sid=u:r:audioserver:s0) Since 'activity' could not be found trying to start it as a lazy AIDL service. (if it's not configured to be a lazy service, it may be stuck starting or still starting).
[ 2048.851368][    T1] init: Control message: Could not find 'aidl/activity' for ctl.interface_start from pid: 411 (/system/bin/servicemanager)
[ 2049.151651][ T2539] servicemanager: Caller(pid=694,uid=1041,sid=u:r:audioserver:s0) Tried to start aidl service activity as a lazy service, but was unable to. Usually this happens when a service is not installed, but if the service is intended to be used as a lazy service, then it may be configured incorrectly.
[ 2049.589468][  T411] servicemanager: Caller(pid=694,uid=1041,sid=u:r:audioserver:s0) Since 'activity' could not be found trying to start it as a lazy AIDL service. (if it's not configured to be a lazy service, it may be stuck starting or still starting).
[ 2049.744725][    T1] init: Control message: Could not find 'aidl/activity' for ctl.interface_start from pid: 411 (/system/bin/servicemanager)
[ 2049.785412][ T2540] servicemanager: Caller(pid=694,uid=1041,sid=u:r:audioserver:s0) Tried to start aidl service activity as a lazy service, but was unable to. Usually this happens when a service is not installed, but if the service is intended to be used as a lazy service, then it may be configured incorrectly.
[ 2050.679857][  T411] servicemanager: Caller(pid=694,uid=1041,sid=u:r:audioserver:s0) Since 'activity' could not be found trying to start it as a lazy AIDL service. (if it's not configured to be a lazy service, it may be stuck starting or still starting).
[ 2050.772350][    T1] init: Control message: Could not find 'aidl/activity' for ctl.interface_start from pid: 411 (/system/bin/servicemanager)
[ 2050.806030][ T2541] servicemanager: Caller(pid=694,uid=1041,sid=u:r:audioserver:s0) Tried to start aidl service activity as a lazy service, but was unable to. Usually this happens when a service is not installed, but if the service is intended to be used as a lazy service, then it may be configured incorrectly.
[ 2051.827598][  T411] servicemanager: Caller(pid=694,uid=1041,sid=u:r:audioserver:s0) Since 'activity' could not be found trying to start it as a lazy AIDL service. (if it's not configured to be a lazy service, it may be stuck starting or still starting).
[ 2052.444328][    T1] init: Control message: Could not find 'aidl/activity' for ctl.interface_start from pid: 411 (/system/bin/servicemanager)
[ 2052.650333][ T2543] servicemanager: Caller(pid=694,uid=1041,sid=u:r:audioserver:s0) Tried to start aidl service activity as a lazy service, but was unable to. Usually this happens when a service is not installed, but if the service is intended to be used as a lazy service, then it may be configured incorrectly.
[ 2053.201687][  T411] servicemanager: Caller(pid=694,uid=1041,sid=u:r:audioserver:s0) Since 'activity' could not be found trying to start it as a lazy AIDL service. (if it's not configured to be a lazy service, it may be stuck starting or still starting).
[ 2053.615239][    T1] init: Control message: Could not find 'aidl/activity' for ctl.interface_start from pid: 411 (/system/bin/servicemanager)
[ 2053.636669][ T2545] servicemanager: Caller(pid=694,uid=1041,sid=u:r:audioserver:s0) Tried to start aidl service activity as a lazy service, but was unable to. Usually this happens when a service is not installed, but if the service is intended to be used as a lazy service, then it may be configured incorrectly.
[ 2054.611349][  T411] servicemanager: Caller(pid=694,uid=1041,sid=u:r:audioserver:s0) Since 'activity' could not be found trying to start it as a lazy AIDL service. (if it's not configured to be a lazy service, it may be stuck starting or still starting).
[ 2054.925289][    T1] init: Control message: Could not find 'aidl/activity' for ctl.interface_start from pid: 411 (/system/bin/servicemanager)
