

U-Boot 2024.04-g3fe964757589-ab15108624 (Mar 27 2026 - 21:26:21 +0000)

DRAM:  4 GiB
Core:  8 devices, 5 uclasses, devicetree: board
Net:   eth0: virtio-net#1, eth1: virtio-net#2
No QEMU firmware device
Falling back to U-Boot generated SMBIOS tables
Driver                    uid uclass               Devices
----------------------------------------------------------
blk_partition             083 partition            virtio-blk#24:1          
                                                   virtio-blk#24:2          
                                                   virtio-blk#24:3          
                                                   virtio-blk#24:4          
                                                   virtio-blk#24:5          
                                                   virtio-blk#24:6          
                                                   virtio-blk#24:7          
                                                   virtio-blk#24:8          
                                                   virtio-blk#24:9          
                                                   virtio-blk#24:10         
                                                   virtio-blk#24:11         
                                                   virtio-blk#24:12         
                                                   virtio-blk#24:13         
                                                   virtio-blk#24:14         
                                                   virtio-blk#24:15         
                                                   virtio-blk#24:16         
                                                   virtio-blk#24:17         
                                                   virtio-blk#24:18         
                                                   virtio-blk#24:19         
                                                   virtio-blk#25:1          
                                                   virtio-blk#25:2          
                                                   virtio-blk#25:3          
                                                   virtio-blk#25:4          
                                                   virtio-blk#26:1          
bochs_video               129 video                <none>
bootmeth_qfw              026 <no uclass>          
efi_blk                   022 blk                  <none>
EFI block driver          038 efi                  <none>
ns16550_serial            108 serial               U6_16550A@3f8            
                                                   U6_16550A@2f8            
                                                   U6_16550A@3e8            
                                                   U6_16550A@2e8            
pci_bridge_drv            085 pci                  <none>
pci_generic_drv           087 pci_generic          pci_0:0.0                
                                                   pci_0:1.7                
pci_generic_ecam          085 pci                  pci                      
psci                      045 firmware             psci                     
psci-sysreset             119 sysreset             psci-sysreset            
qfw_bootdev               025 <no uclass>          
qfw_mmio                  096 qfw                  <none>
root_driver               000 root                 root_driver              
rtc-pl031                 104 rtc                  <none>
serial_pl01x              108 serial               <none>
smccc-trng                103 rng                  <none>
vidconsole0               131 vidconsole0          <none>
virtio-blk                022 blk                  virtio-blk#24            
                                                   virtio-blk#25            
                                                   virtio-blk#26            
virtio_bootdev            025 <no uclass>          
virtio-console            108 serial               virtio-console#0         
                                                   virtio-console#8         
                                                   virtio-console#9         
                                                   virtio-console#10        
                                                   virtio-console#11        
                                                   virtio-console#12        
                                                   virtio-console#13        
                                                   virtio-console#14        
                                                   virtio-console#15        
                                                   virtio-console#16        
                                                   virtio-console#17        
                                                   virtio-console#18        
                                                   virtio-console#19        
                                                   virtio-console#20        
                                                   virtio-console#21        
                                                   virtio-console#22        
                                                   virtio-console#23        
                                                   virtio-console#27        
                                                   virtio-console#28        
                                                   virtio-console#29        
virtio-console-port       108 serial               <none>
virtio-mmio               133 virtio               <none>
virtio-net                040 ethernet             virtio-net#1             
                                                   virtio-net#2             
virtio-pci.m              133 virtio               virtio-pci.m#0           
                                                   virtio-pci.m#1           
                                                   virtio-pci.m#2           
                                                   virtio-pci.m#3           
                                                   virtio-pci.m#4           
                                                   virtio-pci.m#5           
                                                   virtio-pci.m#6           
                                                   virtio-pci.m#7           
                                                   virtio-pci.m#8           
                                                   virtio-pci.m#9           
                                                   virtio-pci.m#10          
                                                   virtio-pci.m#11          
                                                   virtio-pci.m#12          
                                                   virtio-pci.m#13          
                                                   virtio-pci.m#14          
                                                   virtio-pci.m#15          
                                                   virtio-pci.m#16          
                                                   virtio-pci.m#17          
                                                   virtio-pci.m#18          
                                                   virtio-pci.m#19          
                                                   virtio-pci.m#20          
                                                   virtio-pci.m#21          
                                                   virtio-pci.m#22          
                                                   virtio-pci.m#23          
                                                   virtio-pci.m#24          
                                                   virtio-pci.m#25          
                                                   virtio-pci.m#26          
                                                   virtio-pci.m#27          
                                                   virtio-pci.m#28          
                                                   virtio-pci.m#29          
                                                   virtio-pci.m#30          
                                                   virtio-pci.m#31          
                                                   virtio-pci.m#32          
                                                   virtio-pci.m#33          
                                                   virtio-pci.m#34          
                                                   virtio-pci.m#35          
                                                   virtio-pci.m#36          
virtio-rng                103 rng                  virtio-rng#32            
## Android Verified Boot 2.0 version 1.2.0
Writing 8 bytes to virtio-console#17 console
Reading 8 bytes from virtio-console#17 console
Writing 8 bytes to virtio-console#17 console
Reading 8 bytes from virtio-console#17 console
Verification passed successfully
Imported supplementary environment
Unknown command 'mtrr' - try 'help'
ANDROID: reboot reason: "(none)"
ANDROID: Invalid CRC-32 (expected 807077e9, found 00000000),re-initializing A/B metadata.
ANDROID: Attempting slot a, tries remaining 3
## Android Verified Boot 2.0 version 1.2.0
Writing 8 bytes to virtio-console#17 console
Reading 8 bytes from virtio-console#17 console
Writing 8 bytes to virtio-console#17 console
Reading 8 bytes from virtio-console#17 console
Verification passed successfully
## Android Verified Boot 2.0 version 1.2.0
Writing 8 bytes to virtio-console#17 console
Reading 8 bytes from virtio-console#17 console
Writing 8 bytes to virtio-console#17 console
Reading 8 bytes from virtio-console#17 console
Verification passed successfully
ANDROID: Loading ramdisk from "init_boot_a", partition 4.
ANDROID: Loading kernel from "boot_a", partition 1.
ANDROID: Loading vendor ramdisk from "vendor_boot_a", partition 18.
Booting kernel at 0x80200000 with fdt at 80000000 ramdisk 0x84200000:0x014cceea...


## Flattened Device Tree blob at 80000000
   Booting using the fdt blob at 0x80000000
   Loading Ramdisk to 17c132000, end 17d5feeea ... OK
   Loading Device Tree to 000000017c12d000, end 000000017c13125e ... OK

Starting kernel ...

[    0.000000][    T0] Booting Linux on physical CPU 0x0000000000 [0x610f0000]
[    0.000000][    T0] Linux version 6.12.74-android16-6-g3ec022196c4e-ab15076761-4k (kleaf@build-host) (Android (14043575, +pgo, +bolt, +lto, +mlgo, based on r536225) clang version 19.0.1 (https://android.googlesource.com/toolchain/llvm-project b3a530ec6537146650e42be89f1089e9a3588460), LLD 19.0.1) #1 SMP PREEMPT Tue Mar 24 05:36:21 UTC 2026
[    0.000000][    T0] KASLR enabled
[    0.000000][    T0] random: crng init done
[    0.000000][    T0] Machine model: linux,dummy-virt
[    0.000000][    T0] KVM is not available. Ignoring kvm-arm.mode
[    0.000000][    T0] earlycon: uart8250 at MMIO 0x00000000000003f8 (options '')
[    0.000000][    T0] printk: legacy bootconsole [uart8250] enabled
[    0.000000][    T0] efi: UEFI not found.
[    0.000000][    T0] OF: reserved mem: Reserved memory: No reserved-memory node in the DT
[    0.000000][    T0] Zone ranges:
[    0.000000][    T0]   DMA32    [mem 0x0000000080000000-0x00000000ffffffff]
[    0.000000][    T0]   Normal   [mem 0x0000000100000000-0x000000017fffffff]
[    0.000000][    T0] Movable zone start for each node
[    0.000000][    T0] Early memory node ranges
[    0.000000][    T0]   node   0: [mem 0x0000000080000000-0x000000017fffffff]
[    0.000000][    T0] Initmem setup node 0 [mem 0x0000000080000000-0x000000017fffffff]
[    0.000000][    T0] psci: probing for conduit method from DT.
[    0.000000][    T0] psci: PSCIv1.1 detected in firmware.
[    0.000000][    T0] psci: Using standard PSCI v0.2 function IDs
[    0.000000][    T0] psci: Trusted OS migration not required
[    0.000000][    T0] psci: SMC Calling Convention v1.1
[    0.000000][    T0] smccc: KVM: hypervisor services detected (0x00000000 0x00000000 0x00000000 0x00000003)
[    0.000000][    T0] Load bootconfig: 2423 bytes 118 nodes
[    0.000000][    T0] percpu: Embedded 81 pages/cpu s169432 r131072 d31272 u331776
[    0.000000][    T0] Detected PIPT I-cache on CPU0
[    0.000000][    T0] CPU features: detected: Address authentication (IMP DEF algorithm)
[    0.000000][    T0] CPU features: detected: GIC system register CPU interface
[    0.000000][    T0] CPU features: detected: Spectre-v4
[    0.000000][    T0] CPU features: detected: Spectre-BHB
[    0.000000][    T0] alternatives: applying boot alternatives
[    0.000000][    T0] Kernel command line: vmw_vsock_virtio_transport_common.virtio_transport_max_vsock_pkt_buf_size=16384 console=ttynull stack_depot_disable=on cgroup_disable=pressure kasan.stacktrace=off kvm-arm.mode=protected bootconfig  printk.devkmsg=on audit=1 panic=-1 8250.nr_uarts=1 binder.impl=rust cma=0 firmware_class.path=/vendor/etc/ loop.max_part=7 init=/init bootconfig panic=-1 console=hvc0 earlycon=uart8250,mmio,0x3f8 ramoops.mem_address=0x1c0000000 ramoops.mem_size=0x200000
[    0.000000][    T0] cgroup: Disabling pressure control group feature
[    0.000000][    T0] audit: enabled (after initialization)
[    0.000000][    T0] printk: log buffer data + meta data: 131072 + 458752 = 589824 bytes
[    0.000000][    T0] Dentry cache hash table entries: 524288 (order: 10, 4194304 bytes, linear)
[    0.000000][    T0] Inode-cache hash table entries: 262144 (order: 9, 2097152 bytes, linear)
[    0.000000][    T0] Built 1 zonelists, mobility grouping on.  Total pages: 1048576
[    0.000000][    T0] mem auto-init: stack:all(zero), heap alloc:on, heap free:off
[    0.000000][    T0] stackdepot: disabled
[    0.000000][    T0] software IO TLB: area num 4.
[    0.000000][    T0] software IO TLB: mapped [mem 0x00000000fbfff000-0x00000000fffff000] (64MB)
[    0.000000][    T0] SLUB: HWalign=64, Order=0-3, MinObjects=0, CPUs=4, Nodes=1
[    0.000000][    T0] rcu: Preemptible hierarchical RCU implementation.
[    0.000000][    T0] rcu: 	RCU event tracing is enabled.
[    0.000000][    T0] rcu: 	RCU restricting CPUs from NR_CPUS=32 to nr_cpu_ids=4.
[    0.000000][    T0] rcu: 	RCU priority boosting: priority 1 delay 500 ms.
[    0.000000][    T0] 	Trampoline variant of Tasks RCU enabled.
[    0.000000][    T0] 	Tracing variant of Tasks RCU enabled.
[    0.000000][    T0] rcu: RCU calculated value of scheduler-enlistment delay is 25 jiffies.
[    0.000000][    T0] rcu: Adjusting geometry for rcu_fanout_leaf=16, nr_cpu_ids=4
[    0.000000][    T0] RCU Tasks: Setting shift to 2 and lim to 1 rcu_task_cb_adjust=1 rcu_task_cpu_ids=4.
[    0.000000][    T0] RCU Tasks Trace: Setting shift to 2 and lim to 1 rcu_task_cb_adjust=1 rcu_task_cpu_ids=4.
[    0.000000][    T0] NR_IRQS: 64, nr_irqs: 64, preallocated irqs: 0
[    0.000000][    T0] GICv3: 32 SPIs implemented
[    0.000000][    T0] GICv3: 0 Extended SPIs implemented
[    0.000000][    T0] Root IRQ handler: gic_handle_irq
[    0.000000][    T0] GICv3: GICv3 features: 16 PPIs, DirectLPI
[    0.000000][    T0] GICv3: GICD_CTRL.DS=1, SCR_EL3.FIQ=0
[    0.000000][    T0] GICv3: CPU0: found redistributor 0 region 0:0x000000003ff70000
[    0.000000][    T0] rcu: 	Offload RCU callbacks from CPUs: 0-3.
[    0.000000][    T0] rcu: srcu_init: Setting srcu_struct sizes based on contention.
[    0.000000][    T0] arch_timer: cp15 timer(s) running at 24.00MHz (virt).
[    0.000000][    T0] clocksource: arch_sys_counter: mask: 0xffffffffffffff max_cycles: 0x588fe9dc0, max_idle_ns: 440795202592 ns
[    0.000302][    T0] sched_clock: 56 bits at 24MHz, resolution 41ns, wraps every 4398046511097ns
[    0.016882][    T0] arm-pv: using stolen time PV
[    0.031355][    T0] kfence: initialized - using 524288 bytes for 63 objects at 0x(____ptrval____)-0x(____ptrval____)
[    0.073848][    T0] Calibrating delay loop (skipped), value calculated using timer frequency.. 48.00 BogoMIPS (lpj=96000)
[    0.090798][    T0] pid_max: default: 32768 minimum: 301
[    0.104207][    T0] LSM: initializing lsm=capability,landlock,safesetid,selinux,bpf
[    0.125620][    T0] landlock: Up and running.
[    0.132025][    T0] SELinux:  Initializing.
[    0.167280][    T0] LSM support for eBPF active
[    0.182245][    T0] Mount-cache hash table entries: 8192 (order: 4, 65536 bytes, linear)
[    0.195055][    T0] Mountpoint-cache hash table entries: 8192 (order: 4, 65536 bytes, linear)
[    0.371548][    T1] cacheinfo: Unable to detect cache hierarchy for CPU 0
[    0.466204][    T1] rcu: Hierarchical SRCU implementation.
[    0.474105][    T1] rcu: 	Max phase no-delay instances is 1000.
[    0.523073][    T1] Timer migration: 1 hierarchy levels; 8 children per group; 1 crossnode level
[    0.554290][    T1] dyndbg: Ignore empty _ddebug table in a CONFIG_DYNAMIC_DEBUG_CORE build
[    0.572236][    T1] EFI services will not be available.
[    0.605200][    T1] smp: Bringing up secondary CPUs ...
[    1.236065][    T0] Detected PIPT I-cache on CPU1
[    1.237956][    T0] GICv3: CPU1: found redistributor 1 region 0:0x000000003ff90000
[    1.239638][    T0] CPU1: Booted secondary processor 0x0000000001 [0x610f0000]
[    1.381624][    T0] Detected PIPT I-cache on CPU2
[    1.383210][    T0] GICv3: CPU2: found redistributor 2 region 0:0x000000003ffb0000
[    1.384763][    T0] CPU2: Booted secondary processor 0x0000000002 [0x610f0000]
[    1.489460][    T0] Detected PIPT I-cache on CPU3
[    1.489897][    T0] GICv3: CPU3: found redistributor 3 region 0:0x000000003ffd0000
[    1.490620][    T0] CPU3: Booted secondary processor 0x0000000003 [0x610f0000]
[    1.491233][    T1] smp: Brought up 1 node, 4 CPUs
[    1.583186][    T1] SMP: Total of 4 processors activated.
[    1.591012][    T1] CPU: All CPU(s) started at EL1
[    1.599580][    T1] CPU features: detected: Branch Target Identification
[    1.613635][    T1] CPU features: detected: ARMv8.4 Translation Table Level
[    1.624161][    T1] CPU features: detected: Data cache clean to the PoU not required for I/D coherence
[    1.638040][    T1] CPU features: detected: Common not Private translations
[    1.648187][    T1] CPU features: detected: CRC32 instructions
[    1.655868][    T1] CPU features: detected: Data cache clean to Point of Deep Persistence
[    1.666881][    T1] CPU features: detected: Data cache clean to Point of Persistence
[    1.677221][    T1] CPU features: detected: Data independent timing control (DIT)
[    1.687160][    T1] CPU features: detected: E0PD
[    1.693140][    T1] CPU features: detected: Enhanced Privileged Access Never
[    1.702566][    T1] CPU features: detected: Generic authentication (IMP DEF algorithm)
[    1.713979][    T1] CPU features: detected: RCpc load-acquire (LDAPR)
[    1.727044][    T1] CPU features: detected: LSE atomic instructions
[    1.735145][    T1] CPU features: detected: Privileged Access Never
[    1.743595][    T1] CPU features: detected: RAS Extension Support
[    1.751596][    T1] CPU features: detected: Speculation barrier (SB)
[    1.759989][    T1] CPU features: detected: TLB range maintenance instructions
[    1.782423][    T1] alternatives: applying system-wide alternatives
[    1.946279][    T1] Memory: 3977732K/4194304K available (19328K kernel code, 2390K rwdata, 14484K rodata, 4672K init, 657K bss, 211348K reserved, 0K cma-reserved)
[    2.090365][    T1] setend instruction emulation is not supported on this system
[    2.115786][    T1] clocksource: jiffies: mask: 0xffffffff max_cycles: 0xffffffff, max_idle_ns: 7645041785100000 ns
[    2.130766][    T1] futex hash table entries: 1024 (order: 4, 65536 bytes, linear)
[    2.147950][    T1] 22320 pages in range for non-PLT usage
[    2.148574][    T1] 513840 pages in range for PLT usage
[    2.191035][    T1] pinctrl core: initialized pinctrl subsystem
[    2.394598][    T1] NET: Registered PF_NETLINK/PF_ROUTE protocol family
[    2.444556][    T1] DMA: preallocated 512 KiB GFP_KERNEL pool for atomic allocations
[    2.464927][    T1] DMA: preallocated 512 KiB GFP_KERNEL|GFP_DMA32 pool for atomic allocations
[    2.483434][    T1] audit: initializing netlink subsys (enabled)
[    2.521836][   T50] audit: type=2000 audit(1.380:1): state=initialized audit_enabled=1 res=1
[    2.523161][    T1] ramoops: using module parameters
[    2.645477][    T1] pstore: Using crash dump compression: deflate
[    2.658996][    T1] printk: legacy console [ramoops-1] enabled
[    2.681278][    T1] pstore: Registered ramoops as persistent store backend
[    2.694102][    T1] ramoops: using 0x200000@0x1c0000000, ecc: 0
[    2.736322][    T1] thermal_sys: Registered thermal governor 'bang_bang'
[    2.736862][    T1] thermal_sys: Registered thermal governor 'step_wise'
[    2.749113][    T1] thermal_sys: Registered thermal governor 'user_space'
[    2.758059][    T1] thermal_sys: Registered thermal governor 'power_allocator'
[    2.776919][    T1] cpuidle: using governor menu
[    2.817617][    T1] hw-breakpoint: found 6 breakpoint and 4 watchpoint registers.
[    2.837839][    T1] ASID allocator initialised with 65536 entries
[    2.877084][    T1] Serial: <SERIAL> PL011 UART driver
[    3.176987][    T1] iommu: Default domain type: Translated
[    3.188430][    T1] iommu: DMA domain TLB invalidation policy: strict mode
[    3.261825][    T1] SCSI subsystem initialized
[    3.299550][    T1] usbcore: registered new interface driver usbfs
[    3.317215][    T1] usbcore: registered new interface driver hub
[    3.326702][    T1] usbcore: registered new device driver usb
[    3.336718][    T1] mc: Linux media interface: v0.10
[    3.344781][    T1] videodev: Linux video capture interface: v2.00
[    3.366440][    T1] EDAC MC: Ver: 3.0.0
[    3.402773][    T1] scmi_core: SCMI protocol bus registered
[    3.446923][    T1] Advanced Linux Sound Architecture Driver Initialized.
[    3.591371][    T1] clocksource: Switched to clocksource arch_sys_counter
[    3.759960][    T1] VFS: Disk quotas dquot_6.6.0
[    3.767281][    T1] VFS: Dquot-cache hash table entries: 512 (order 0, 4096 bytes)
[    3.812214][    T1] NET: Registered PF_INET protocol family
[    3.835663][    T1] IP idents hash table entries: 65536 (order: 7, 524288 bytes, linear)
[    4.059800][    T1] tcp_listen_portaddr_hash hash table entries: 2048 (order: 3, 32768 bytes, linear)
[    4.074660][    T1] Table-perturb hash table entries: 65536 (order: 6, 262144 bytes, linear)
[    4.086227][    T1] TCP established hash table entries: 32768 (order: 6, 262144 bytes, linear)
[    4.103026][    T1] TCP bind hash table entries: 32768 (order: 8, 1048576 bytes, linear)
[    4.114652][    T1] TCP: Hash tables configured (established 32768 bind 32768)
[    4.128629][    T1] UDP hash table entries: 2048 (order: 4, 65536 bytes, linear)
[    4.143756][    T1] UDP-Lite hash table entries: 2048 (order: 4, 65536 bytes, linear)
[    4.176820][    T1] NET: Registered PF_UNIX/PF_LOCAL protocol family
[    4.192769][    T1] NET: Registered PF_XDP protocol family
[    4.204653][    T1] PCI: CLS 0 bytes, default 64
[    4.283973][    T1] kvm [1]: HYP mode not available
[    4.356291][   T14] Trying to unpack rootfs image as initramfs...
[    4.868733][   T14] Freeing initrd memory: 21296K
[    4.962777][    T1] Initialise system trusted keyrings
[    4.996153][    T1] workingset: timestamp_bits=46 max_order=20 bucket_order=0
[    5.051360][    T1] fuse: init (API version 7.41)
[    5.114168][    T1] Key type asymmetric registered
[    5.122345][    T1] Asymmetric key parser 'x509' registered
[    5.135529][    T1] Block layer SCSI generic (bsg) driver version 0.4 loaded (major 240)
[    5.155011][    T1] io scheduler mq-deadline registered
[    5.165224][    T1] io scheduler kyber registered
[    5.175102][    T1] io scheduler bfq registered
[    5.220314][    T1] pci-host-generic 10000.pci: host bridge /pci ranges:
[    5.236059][    T1] pci-host-generic 10000.pci:      MEM 0x0002000000..0x0003ffffff -> 0x0002000000
[    5.256771][    T1] pci-host-generic 10000.pci:      MEM 0x01c0200000..0xffffffffff -> 0x01c0200000
[    5.272585][    T1] pci-host-generic 10000.pci: ECAM at [mem 0x00010000-0x0100ffff] for [bus 00]
[    5.306820][    T1] pci-host-generic 10000.pci: PCI host bridge to bus 0000:00
[    5.317204][    T1] pci_bus 0000:00: root bus resource [bus 00]
[    5.325355][    T1] pci_bus 0000:00: root bus resource [mem 0x02000000-0x03ffffff]
[    5.335134][    T1] pci_bus 0000:00: root bus resource [mem 0x1c0200000-0xffffffffff pref]
[    5.359436][    T1] pci 0000:00:00.0: [8086:1237] type 00 class 0x060000 conventional PCI endpoint
[    5.413269][    T1] pci 0000:00:01.0: [1af4:1043] type 00 class 0x078000 conventional PCI endpoint
[    5.428608][    T1] pci 0000:00:01.0: BAR 0 [mem 0x02008000-0x0200ffff]
[    5.441514][    T1] pci 0000:00:01.1: [1af4:1041] type 00 class 0x028000 conventional PCI endpoint
[    5.453602][    T1] pci 0000:00:01.1: BAR 0 [mem 0x020e0000-0x020e7fff]
[    5.463535][    T1] pci 0000:00:01.2: [1af4:1041] type 00 class 0x028000 conventional PCI endpoint
[    5.475620][    T1] pci 0000:00:01.2: BAR 0 [mem 0x020e8000-0x020effff]
[    5.485511][    T1] pci 0000:00:01.3: [1af4:1052] type 00 class 0x098000 conventional PCI endpoint
[    5.497431][    T1] pci 0000:00:01.3: BAR 0 [mem 0x02108000-0x0210ffff]
[    5.507222][    T1] pci 0000:00:01.4: [1af4:1052] type 00 class 0x098000 conventional PCI endpoint
[    5.519208][    T1] pci 0000:00:01.4: BAR 0 [mem 0x02110000-0x02117fff]
[    5.529345][    T1] pci 0000:00:01.5: [1af4:1052] type 00 class 0x098000 conventional PCI endpoint
[    5.542638][    T1] pci 0000:00:01.5: BAR 0 [mem 0x02118000-0x0211ffff]
[    5.552615][    T1] pci 0000:00:01.6: [1af4:1053] type 00 class 0x028000 conventional PCI endpoint
[    5.564999][    T1] pci 0000:00:01.6: BAR 0 [mem 0x02120000-0x02127fff]
[    5.574927][    T1] pci 0000:00:01.7: [1b36:0011] type 00 class 0xffff00 conventional PCI endpoint
[    5.587091][    T1] pci 0000:00:01.7: BAR 0 [mem 0x02128000-0x0212800f]
[    5.597280][    T1] pci 0000:00:02.0: [1af4:1050] type 00 class 0x038000 conventional PCI endpoint
[    5.609271][    T1] pci 0000:00:02.0: BAR 0 [mem 0x02000000-0x02007fff]
[    5.618423][    T1] pci 0000:00:02.0: BAR 2 [mem 0x200000000-0x3ffffffff 64bit pref]
[    5.629617][    T1] pci 0000:00:03.0: [1af4:1043] type 00 class 0x078000 conventional PCI endpoint
[    5.647799][    T1] pci 0000:00:03.0: BAR 0 [mem 0x02010000-0x02017fff]
[    5.663701][    T1] pci 0000:00:04.0: [1af4:1043] type 00 class 0x078000 conventional PCI endpoint
[    5.676085][    T1] pci 0000:00:04.0: BAR 0 [mem 0x02018000-0x0201ffff]
[    5.686123][    T1] pci 0000:00:05.0: [1af4:1043] type 00 class 0x078000 conventional PCI endpoint
[    5.698184][    T1] pci 0000:00:05.0: BAR 0 [mem 0x02020000-0x02027fff]
[    5.708005][    T1] pci 0000:00:06.0: [1af4:1043] type 00 class 0x078000 conventional PCI endpoint
[    5.720201][    T1] pci 0000:00:06.0: BAR 0 [mem 0x02028000-0x0202ffff]
[    5.730077][    T1] pci 0000:00:07.0: [1af4:1043] type 00 class 0x078000 conventional PCI endpoint
[    5.742491][    T1] pci 0000:00:07.0: BAR 0 [mem 0x02030000-0x02037fff]
[    5.752314][    T1] pci 0000:00:08.0: [1af4:1043] type 00 class 0x078000 conventional PCI endpoint
[    5.764364][    T1] pci 0000:00:08.0: BAR 0 [mem 0x02038000-0x0203ffff]
[    5.774188][    T1] pci 0000:00:09.0: [1af4:1043] type 00 class 0x078000 conventional PCI endpoint
[    5.787408][    T1] pci 0000:00:09.0: BAR 0 [mem 0x02040000-0x02047fff]
[    5.798702][    T1] pci 0000:00:0a.0: [1af4:1043] type 00 class 0x078000 conventional PCI endpoint
[    5.810778][    T1] pci 0000:00:0a.0: BAR 0 [mem 0x02048000-0x0204ffff]
[    5.820959][    T1] pci 0000:00:0b.0: [1af4:1043] type 00 class 0x078000 conventional PCI endpoint
[    5.833271][    T1] pci 0000:00:0b.0: BAR 0 [mem 0x02050000-0x02057fff]
[    5.843458][    T1] pci 0000:00:0c.0: [1af4:1043] type 00 class 0x078000 conventional PCI endpoint
[    5.855866][    T1] pci 0000:00:0c.0: BAR 0 [mem 0x02058000-0x0205ffff]
[    5.866156][    T1] pci 0000:00:0d.0: [1af4:1043] type 00 class 0x078000 conventional PCI endpoint
[    5.878545][    T1] pci 0000:00:0d.0: BAR 0 [mem 0x02060000-0x02067fff]
[    5.888720][    T1] pci 0000:00:0e.0: [1af4:1043] type 00 class 0x078000 conventional PCI endpoint
[    5.900928][    T1] pci 0000:00:0e.0: BAR 0 [mem 0x02068000-0x0206ffff]
[    5.910915][    T1] pci 0000:00:0f.0: [1af4:1043] type 00 class 0x078000 conventional PCI endpoint
[    5.923067][    T1] pci 0000:00:0f.0: BAR 0 [mem 0x02070000-0x02077fff]
[    5.932958][    T1] pci 0000:00:10.0: [1af4:1043] type 00 class 0x078000 conventional PCI endpoint
[    5.945550][    T1] pci 0000:00:10.0: BAR 0 [mem 0x02078000-0x0207ffff]
[    5.955253][    T1] pci 0000:00:11.0: [1af4:1043] type 00 class 0x078000 conventional PCI endpoint
[    5.967294][    T1] pci 0000:00:11.0: BAR 0 [mem 0x02080000-0x02087fff]
[    5.977280][    T1] pci 0000:00:12.0: [1af4:1043] type 00 class 0x078000 conventional PCI endpoint
[    5.989138][    T1] pci 0000:00:12.0: BAR 0 [mem 0x02088000-0x0208ffff]
[    5.998962][    T1] pci 0000:00:13.0: [1af4:1042] type 00 class 0x018000 conventional PCI endpoint
[    6.011248][    T1] pci 0000:00:13.0: BAR 0 [mem 0x020a8000-0x020affff]
[    6.021280][    T1] pci 0000:00:14.0: [1af4:1042] type 00 class 0x018000 conventional PCI endpoint
[    6.033348][    T1] pci 0000:00:14.0: BAR 0 [mem 0x020b0000-0x020b7fff]
[    6.043356][    T1] pci 0000:00:15.0: [1af4:1042] type 00 class 0x018000 conventional PCI endpoint
[    6.055391][    T1] pci 0000:00:15.0: BAR 0 [mem 0x020b8000-0x020bffff]
[    6.065609][    T1] pci 0000:00:16.0: [1af4:1043] type 00 class 0x078000 conventional PCI endpoint
[    6.077925][    T1] pci 0000:00:16.0: BAR 0 [mem 0x02090000-0x02097fff]
[    6.088012][    T1] pci 0000:00:17.0: [1af4:1043] type 00 class 0x078000 conventional PCI endpoint
[    6.100025][    T1] pci 0000:00:17.0: BAR 0 [mem 0x02098000-0x0209ffff]
[    6.109901][    T1] pci 0000:00:18.0: [1af4:1043] type 00 class 0x078000 conventional PCI endpoint
[    6.121925][    T1] pci 0000:00:18.0: BAR 0 [mem 0x020a0000-0x020a7fff]
[    6.131642][    T1] pci 0000:00:19.0: [1af4:105b] type 00 class 0x010800 conventional PCI endpoint
[    6.143946][    T1] pci 0000:00:19.0: BAR 0 [mem 0x020c0000-0x020c7fff]
[    6.164410][    T1] pci 0000:00:1a.0: [1af4:105b] type 00 class 0x010800 conventional PCI endpoint
[    6.176479][    T1] pci 0000:00:1a.0: BAR 0 [mem 0x020c8000-0x020cffff]
[    6.186562][    T1] pci 0000:00:1b.0: [1af4:1044] type 00 class 0x088000 conventional PCI endpoint
[    6.200044][    T1] pci 0000:00:1b.0: BAR 0 [mem 0x020d0000-0x020d7fff]
[    6.210342][    T1] pci 0000:00:1c.0: [1af4:1045] type 00 class 0x088000 conventional PCI endpoint
[    6.222852][    T1] pci 0000:00:1c.0: BAR 0 [mem 0x020d8000-0x020dffff]
[    6.232765][    T1] pci 0000:00:1d.0: [1af4:1059] type 00 class 0x040100 conventional PCI endpoint
[    6.245219][    T1] pci 0000:00:1d.0: BAR 0 [mem 0x020f0000-0x020f7fff]
[    6.254999][    T1] pci 0000:00:1e.0: [1af4:105d] type 00 class 0x0d8000 conventional PCI endpoint
[    6.267019][    T1] pci 0000:00:1e.0: BAR 0 [mem 0x020f8000-0x020fffff]
[    6.276912][    T1] pci 0000:00:1f.0: [1af4:1052] type 00 class 0x098000 conventional PCI endpoint
[    6.290375][    T1] pci 0000:00:1f.0: BAR 0 [mem 0x02100000-0x02107fff]
[    6.315899][    T1] pci_bus 0000:00: resource 4 [mem 0x02000000-0x03ffffff]
[    6.326645][    T1] pci_bus 0000:00: resource 5 [mem 0x1c0200000-0xffffffffff pref]
[    6.340166][    T1] pci 0000:00:00.0: Limiting direct PCI/PCI transfers
[    6.350411][    T1] pci 0000:00:00.0: quirk_natoma+0x0/0x50 took 10447 usecs
[    6.403685][    T1] Serial: <SERIAL> driver, 1 ports, IRQ sharing disabled
[    6.542592][    T1] 3f8.U6_16550A: ttyS0 at MMIO 0x3f8 (irq = 13, base_baud = 115200) is a 16550A
[    6.573409][    T1] 2f8.U6_16550A: ttyS1 at MMIO 0x2f8 (irq = 14, base_baud = 115200) is a 16550A
[    6.586307][    T1] 3e8.U6_16550A: ttyS2 at MMIO 0x3e8 (irq = 13, base_baud = 115200) is a 16550A
[    6.598936][    T1] 2e8.U6_16550A: ttyS3 at MMIO 0x2e8 (irq = 14, base_baud = 115200) is a 16550A
[    6.618737][    T1] printk: legacy console [ttynull0] enabled
[    6.730670][    T1] brd: module loaded
[    6.785264][    T1] loop: module loaded
[    6.826885][    T1] wireguard: WireGuard 1.0.0 loaded. See www.wireguard.com for information.
[    6.838922][    T1] wireguard: Copyright (C) 2015-2019 Jason A. Donenfeld <Jason@zx2c4.com>. All Rights Reserved.
[    6.881548][    T1] tun: Universal TUN/TAP device driver, 1.6
[    6.903100][    T1] VFIO - User Level meta-driver version: 0.3
[    6.939331][    T1] usbcore: registered new interface driver uas
[    6.955367][    T1] usbcore: registered new interface driver usb-storage
[    7.006092][    T1] usbcore: registered new interface driver xpad
[    7.075693][    T1] rtc-pl030 2000.rtc: registered as rtc0
[    7.087289][    T1] rtc-pl030 2000.rtc: setting system clock to 2026-10-07T17:54:18 UTC (1791395658)
[    7.106782][    T1] gspca_main: v2.14.0 registered
[    7.124027][    T1] usbcore: registered new interface driver uvcvideo
[    7.148371][    T1] device-mapper: uevent: version 1.0.3
[    7.166867][    T1] device-mapper: ioctl: 4.48.0-ioctl (2023-03-01) initialised: dm-devel@lists.linux.dev
[    7.208003][    T1] sdhci: Secure Digital Host Controller Interface driver
[    7.217876][    T1] sdhci: Copyright(c) Pierre Ossman
[    7.224556][    T1] sdhci-pltfm: SDHCI platform and OF driver helper
[    7.287363][    T1] hid: raw HID events driver (C) Jiri Kosina
[    7.318167][    T1] usbcore: registered new interface driver usbhid
[    7.327398][    T1] usbhid: USB HID core driver
[    7.346896][    T1] ashmem: Using Rust implementation.
[    7.365805][   T13] watchdog: NMI not fully supported
[    7.414387][    T1] usbcore: registered new interface driver snd-usb-audio
[    7.421663][   T13] watchdog: Hard watchdog permanently disabled
[    7.455925][    T1] GACT probability on
[    7.483676][    T1] Mirror/redirect action on
[    7.495334][    T1] netem: version 1.3
[    7.502845][    T1] u32 classifier
[    7.507191][    T1]     input device check on
[    7.512966][    T1]     Actions configured
[    7.620795][    T1] xt_time: kernel timezone is -0000
[    7.633096][    T1] ipip: IPv4 and MPLS over IPv4 tunneling driver
[    7.659225][    T1] gre: GRE over IPv4 demultiplexor driver
[    7.670691][    T1] ip_gre: GRE over IPv4 tunneling driver
[    7.706127][    T1] IPv4 over IPsec tunneling driver
[    7.740826][    T1] Initializing XFRM netlink socket
[    7.752527][    T1] IPsec XFRM device driver
[    7.768361][    T1] NET: Registered PF_INET6 protocol family
[    7.948539][    T1] Segment Routing with IPv6
[    7.959269][    T1] In-situ OAM (IOAM) with IPv6
[    7.976169][    T1] mip6: Mobile IPv6
[    8.011960][    T1] sit: IPv6, IPv4 and MPLS over IPv4 tunneling driver
[    8.050970][    T1] ip6_gre: GRE over IPv6 tunneling driver
[    8.080654][    T1] NET: Registered PF_PACKET protocol family
[    8.091892][    T1] NET: Registered PF_KEY protocol family
[    8.110118][    T1] NET: Registered PF_VSOCK protocol family
[    8.154790][    T1] registered taskstats version 1
[    8.186916][    T1] Loading compiled-in X.509 certificates
[    8.295773][    T1] Loaded X.509 cert 'Build time autogenerated kernel key: eb8f544ae1808a88ed2844ba9772e9caf881a105'
[    8.335355][    T1] page_owner is disabled
[    8.342684][    T1] Key type .fscrypt registered
[    8.348839][    T1] Key type fscrypt-provisioning registered
[    8.491051][    T1] clk: Disabling unused clocks
[    8.500750][    T1] PM: genpd: Disabling unused power domains
[    8.511887][    T1] ALSA device list:
[    8.522752][    T1]   No soundcards found.
[    8.576463][    T1] Freeing unused kernel memory: 4672K
[    8.594501][    T1] Run /init as init process
[    9.076534][    T1] init: init first stage started!
[    9.145604][    T1] init: Loading module /lib/modules/failover.ko with args ''
[    9.237272][    T1] init: Loaded kernel module /lib/modules/failover.ko
[    9.248357][    T1] init: Loading module /lib/modules/nd_virtio.ko with args ''
[    9.266621][    T1] init: Loaded kernel module /lib/modules/nd_virtio.ko
[    9.275478][    T1] init: Loading module /lib/modules/net_failover.ko with args ''
[    9.290929][    T1] init: Loaded kernel module /lib/modules/net_failover.ko
[    9.301712][    T1] init: Loading module /lib/modules/virtio_dma_buf.ko with args ''
[    9.314906][    T1] init: Loaded kernel module /lib/modules/virtio_dma_buf.ko
[    9.325650][    T1] init: Loading module /lib/modules/virtio-gpu.ko with args ''
[    9.349594][    T1] init: Loaded kernel module /lib/modules/virtio-gpu.ko
[    9.359880][    T1] init: Loading module /lib/modules/virtio_input.ko with args ''
[    9.376773][    T1] init: Loaded kernel module /lib/modules/virtio_input.ko
[    9.389202][    T1] init: Loading module /lib/modules/virtio_net.ko with args ''
[    9.411078][    T1] init: Loaded kernel module /lib/modules/virtio_net.ko
[    9.421248][    T1] init: Loading module /lib/modules/virtio-rng.ko with args ''
[    9.438146][    T1] init: Loaded kernel module /lib/modules/virtio-rng.ko
[    9.448679][    T1] init: Loading module /lib/modules/libarc4.ko with args ''
[    9.480868][    T1] init: Loaded kernel module /lib/modules/libarc4.ko
[    9.490870][    T1] init: Loading module /lib/modules/rfkill.ko with args ''
[    9.512219][    T1] init: Loaded kernel module /lib/modules/rfkill.ko
[    9.522920][    T1] init: Loading module /lib/modules/cfg80211.ko with args ''
[    9.596097][    T1] cfg80211: Loading compiled-in X.509 certificates for regulatory database
[    9.608214][    T1] Loaded X.509 cert 'sforshee: 00b28ddf47aef9cea7'
[    9.617500][    T1] Loaded X.509 cert 'wens: 61c038651aabdcf94bd0ac7ff06c7248db18c600'
[    9.642549][   T58] platform regulatory.0: Direct firmware load for regulatory.db failed with error -2
[    9.644801][    T1] init: Loaded kernel module /lib/modules/cfg80211.ko
[    9.657287][   T58] cfg80211: failed to load regulatory.db
[    9.680143][    T1] init: Loading module /lib/modules/mac80211.ko with args ''
[    9.752939][    T1] init: Loaded kernel module /lib/modules/mac80211.ko
[    9.762867][    T1] init: Loading module /lib/modules/mac80211_hwsim.ko with args 'radios=0'
[    9.788512][    T1] mac80211_hwsim: initializing netlink
[    9.812031][    T1] init: Loaded kernel module /lib/modules/mac80211_hwsim.ko
[    9.823855][    T1] init: Loading module /lib/modules/virtio_blk.ko with args ''
[    9.850500][    T1] init: Loaded kernel module /lib/modules/virtio_blk.ko
[    9.860861][    T1] init: Loading module /lib/modules/virtio_console.ko with args ''
[    9.881593][    T1] init: Loaded kernel module /lib/modules/virtio_console.ko
[    9.891947][    T1] init: Loading module /lib/modules/virtio_pci_modern_dev.ko with args ''
[    9.909259][    T1] init: Loaded kernel module /lib/modules/virtio_pci_modern_dev.ko
[    9.919521][    T1] init: Loading module /lib/modules/virtio_pci_legacy_dev.ko with args ''
[    9.933072][    T1] init: Loaded kernel module /lib/modules/virtio_pci_legacy_dev.ko
[    9.944225][    T1] init: Loading module /lib/modules/virtio_pci.ko with args ''
[   10.009756][    T1] printk: legacy console [hvc0] enabled
[   10.017140][    T1] printk: legacy bootconsole [uart8250] disabled
[   10.112621][    T1] input: Cuttlefish Vhost User Rotary 0 as /devices/platform/10000.pci/pci0000:00/0000:00:01.3/virtio3/input/input0
[   10.154404][    T1] input: Cuttlefish Vhost User Keyboard 0 as /devices/platform/10000.pci/pci0000:00/0000:00:01.4/virtio4/input/input1
[   10.185102][    T1] input: Cuttlefish Vhost User Switches 0 as /devices/platform/10000.pci/pci0000:00/0000:00:01.5/virtio5/input/input2
[   10.198448][    T1] [drm] pci: virtio-gpu-pci detected at 0000:00:02.0
[   10.204483][    T1] [drm] Host memory window: 0x200000000 +0x200000000
[   10.205737][    T1] [drm] features: +virgl +edid +resource_blob +host_visible
[   10.205757][    T1] [drm] features: +context_init
[   10.211530][    T1] [drm] number of scanouts: 16
[   10.212359][    T1] [drm] number of cap sets: 1
[   10.235838][    T1] [drm] cap set 0: id 2, max-version 2, max-size 1384
[   10.275237][    T1] [drm] Initialized virtio_gpu 0.1.0 for 0000:00:02.0 on minor 0
[   10.496487][    T1] virtio_blk virtio24: 4/0/0 default/read/poll queues
[   10.515720][    T1] virtio_blk virtio24: [vda] 34247808 512-byte logical blocks (17.5 GB/16.3 GiB)
[   10.550741][    T1]  vda: vda1 vda2 vda3 vda4 vda5 vda6 vda7 vda8 vda9 vda10 vda11 vda12 vda13 vda14 vda15 vda16 vda17 vda18 vda19
[   10.573854][    T1] virtio_blk virtio25: 4/0/0 default/read/poll queues
[   10.584143][    T1] virtio_blk virtio25: [vdb] 2560 512-byte logical blocks (1.31 MB/1.25 MiB)
[   10.595083][    T1]  vdb: vdb1 vdb2 vdb3 vdb4
[   10.597407][    T1] virtio_blk virtio26: 4/0/0 default/read/poll queues
[   10.605096][    T1] virtio_blk virtio26: [vdc] 4194304 512-byte logical blocks (2.15 GB/2.00 GiB)
[   10.609639][    T1]  vdc: vdc1
[   11.684818][    T1] input: Cuttlefish Vhost User Multitouch Touchscreen 0 as /devices/platform/10000.pci/pci0000:00/0000:00:1f.0/virtio36/input/input3
[   11.692134][    T1] init: Loaded kernel module /lib/modules/virtio_pci.ko
[   11.693717][    T1] init: Loading module /lib/modules/vmw_vsock_virtio_transport.ko with args ''
[   11.736639][    T1] init: Loaded kernel module /lib/modules/vmw_vsock_virtio_transport.ko
[   11.744650][    T1] init: Loaded 19 modules from /lib/modules
[   11.754205][    T1] init: Loaded 19 kernel modules took 2660 ms
[   11.784080][    T1] init: Copied ramdisk prop to /second_stage_resources/system/etc/ramdisk/build.prop
[   11.789216][    T1] init: Using generic ramdisk copy of snapuserd /system/bin/snapuserd_ramdisk
[   11.790123][    T1] init: hard linking /system/bin/snapuserd_ramdisk to /first_stage_ramdisk/system/bin/snapuserd succeeded
[   11.820190][    T1] init: Switching root to '/first_stage_ramdisk'
[   11.834050][    T1] init: [libfstab] Using Android DT directory /proc/device-tree/firmware/android/
[   12.020412][    T1] init: [libfs_mgr] Invalid ext4 superblock on '/dev/block/by-name/metadata'
[   12.036602][    T1] init: [libfs_mgr] Invalid ext4 superblock on '/dev/block/by-name/metadata'
[   12.173912][    T1] init: [libfs_mgr] Created logical partition product_a on device /dev/block/dm-0
[   12.178696][    T1] init: [libfs_mgr] Skipping zero-length logical partition: product_b
[   12.196746][    T1] init: [libfs_mgr] Created logical partition system_a on device /dev/block/dm-1
[   12.200474][    T1] init: [libfs_mgr] Created logical partition system_b on device /dev/block/dm-2
[   12.202761][    T1] init: [libfs_mgr] Created logical partition system_ext_a on device /dev/block/dm-3
[   12.203059][    T1] init: [libfs_mgr] Skipping zero-length logical partition: system_ext_b
[   12.205201][    T1] init: [libfs_mgr] Created logical partition system_dlkm_a on device /dev/block/dm-4
[   12.205537][    T1] init: [libfs_mgr] Skipping zero-length logical partition: system_dlkm_b
[   12.207466][    T1] init: [libfs_mgr] Created logical partition odm_a on device /dev/block/dm-5
[   12.207753][    T1] init: [libfs_mgr] Skipping zero-length logical partition: odm_b
[   12.210056][    T1] init: [libfs_mgr] Created logical partition vendor_a on device /dev/block/dm-6
[   12.210414][    T1] init: [libfs_mgr] Skipping zero-length logical partition: vendor_b
[   12.212475][    T1] init: [libfs_mgr] Created logical partition vendor_dlkm_a on device /dev/block/dm-7
[   12.212808][    T1] init: [libfs_mgr] Skipping zero-length logical partition: vendor_dlkm_b
[   12.215013][    T1] init: [libfs_mgr] Created logical partition odm_dlkm_a on device /dev/block/dm-8
[   12.215326][    T1] init: [libfs_mgr] Skipping zero-length logical partition: odm_dlkm_b
[   12.220398][    T1] init: DSU not detected, proceeding with normal boot
[   12.300492][    T1] init: [libfs_avb] Returning avb_handle with status: Success
[   12.329389][    T1] init: [libfs_avb] : Error verifying vbmeta image: OK_NOT_SIGNED
[   12.334905][    T1] init: [libfs_avb] public key data shouldn't be empty for /system
[   12.335315][    T1] init: [libfs_avb] Found unknown public key used to sign /system
[   12.335696][    T1] init: [libfs_avb] Returning avb_handle for '/system' with status: VerificationError
[   12.341392][    T1] init: [libfs_avb] Built verity table: '1 /dev/block/dm-1 /dev/block/dm-1 4096 4096 229741 229741 sha256 aac42fd78ca6a47ae9678c953124264681128ca1f8ad2a4876de34ea6051a506 16b6a5f2fb07bc9ff4d92dc782d830af4eb572c1213156e732d0bcf67fbc162e 10 use_fec_from_device /dev/block/dm-1 fec_roots 2 fec_blocks 231552 fec_start 231552 restart_on_corruption ignore_zero_blocks'
[   12.367574][    T1] device-mapper: verity: sha256 using shash "sha256-ce" (multibuffer)
[   12.468043][    T1] erofs: (device dm-9): initialized per-cpu workers successfully.
[   12.476482][    T1] erofs: (device dm-9): mounted with root inode @ nid 55.
[   12.482085][    T1] init: [libfs_mgr] __mount(source=/dev/block/dm-9,target=/system,type=erofs)=0: Success
[   12.528199][    T1] init: Switching root to '/system'
[   12.556619][    T1] init: [libfs_avb] Built verity table: '1 /dev/block/dm-5 /dev/block/dm-5 4096 4096 105 105 sha256 8c68f2a2610fb5a4e3fccacdf62c2c1925f34ca50f9d7963c8f13ba69223f64a 16b6a5f2fb07bc9ff4d92dc782d830af4eb572c1213156e732d0bcf67fbc162e 10 use_fec_from_device /dev/block/dm-5 fec_roots 2 fec_blocks 106 fec_start 106 restart_on_corruption ignore_zero_blocks'
[   12.565309][    T1] device-mapper: verity: sha256 using shash "sha256-ce" (multibuffer)
[   12.578630][    T1] erofs: (device dm-10): mounted with root inode @ nid 38.
[   12.579538][    T1] init: [libfs_mgr] __mount(source=/dev/block/dm-10,target=/odm,type=erofs)=0: Success
[   12.581684][    T1] init: [libfs_avb] Built verity table: '1 /dev/block/dm-0 /dev/block/dm-0 4096 4096 55596 55596 sha256 70dd7120546301852d0535811d2896b573ff4a77a25af6273c75c3ddf34e5f62 16b6a5f2fb07bc9ff4d92dc782d830af4eb572c1213156e732d0bcf67fbc162e 10 use_fec_from_device /dev/block/dm-0 fec_roots 2 fec_blocks 56036 fec_start 56036 restart_on_corruption ignore_zero_blocks'
[   12.584147][    T1] device-mapper: verity: sha256 using shash "sha256-ce" (multibuffer)
[   12.595992][    T1] erofs: (device dm-11): mounted with root inode @ nid 40.
[   12.596355][    T1] init: [libfs_mgr] __mount(source=/dev/block/dm-11,target=/product,type=erofs)=0: Success
[   12.597396][    T1] init: [libfs_avb] Built verity table: '1 /dev/block/dm-3 /dev/block/dm-3 4096 4096 61830 61830 blake2b-256 b9d156218e1319f8adb3d5ccaddabd574152504877352d58c821b5313573efbb 16b6a5f2fb07bc9ff4d92dc782d830af4eb572c1213156e732d0bcf67fbc162e 10 use_fec_from_device /dev/block/dm-3 fec_roots 2 fec_blocks 62319 fec_start 62319 restart_on_corruption ignore_zero_blocks'
[   12.599486][    T1] device-mapper: verity: blake2b-256 using shash "blake2b-256-generic"
[   12.636644][    T1] erofs: (device dm-12): mounted with root inode @ nid 39.
[   12.637635][    T1] init: [libfs_mgr] __mount(source=/dev/block/dm-12,target=/system_ext,type=erofs)=0: Success
[   12.638861][    T1] init: [libfs_avb] Built verity table: '1 /dev/block/dm-6 /dev/block/dm-6 4096 4096 69747 69747 sha256 d8895f6a3dc07758a60bddc6de96b416d02a3e93da4e2a8cf63d0ea6bd783a5a 16b6a5f2fb07bc9ff4d92dc782d830af4eb572c1213156e732d0bcf67fbc162e 10 use_fec_from_device /dev/block/dm-6 fec_roots 2 fec_blocks 70298 fec_start 70298 restart_on_corruption ignore_zero_blocks'
[   12.642337][    T1] device-mapper: verity: sha256 using shash "sha256-ce" (multibuffer)
[   12.689586][    T1] erofs: (device dm-13): mounted with root inode @ nid 48.
[   12.690791][    T1] init: [libfs_mgr] __mount(source=/dev/block/dm-13,target=/vendor,type=erofs)=0: Success
[   12.693386][    T1] init: [libfs_avb] Built verity table: '1 /dev/block/dm-7 /dev/block/dm-7 4096 4096 385 385 sha256 5897fa181af216a9d41a801f8b145e579c08f10e0093f2eebd6ddf3e9193c5e4 16b6a5f2fb07bc9ff4d92dc782d830af4eb572c1213156e732d0bcf67fbc162e 10 use_fec_from_device /dev/block/dm-7 fec_roots 2 fec_blocks 390 fec_start 390 restart_on_corruption ignore_zero_blocks'
[   12.700167][    T1] device-mapper: verity: sha256 using shash "sha256-ce" (multibuffer)
[   12.710506][    T1] erofs: (device dm-14): mounted with root inode @ nid 39.
[   12.710769][    T1] init: [libfs_mgr] __mount(source=/dev/block/dm-14,target=/vendor_dlkm,type=erofs)=0: Success
[   12.711932][    T1] init: [libfs_avb] Built verity table: '1 /dev/block/dm-8 /dev/block/dm-8 4096 4096 2 2 sha256 08323ce005ea92a9cfc8240b4afc7e8721ad15e8bf7221cb7f16dec45c0fdf3b 16b6a5f2fb07bc9ff4d92dc782d830af4eb572c1213156e732d0bcf67fbc162e 10 use_fec_from_device /dev/block/dm-8 fec_roots 2 fec_blocks 3 fec_start 3 restart_on_corruption ignore_zero_blocks'
[   12.714060][    T1] device-mapper: verity: sha256 using shash "sha256-ce" (multibuffer)
[   12.721530][    T1] erofs: (device dm-15): mounted with root inode @ nid 38.
[   12.721881][    T1] init: [libfs_mgr] __mount(source=/dev/block/dm-15,target=/odm_dlkm,type=erofs)=0: Success
[   12.724625][    T1] init: [libfs_avb] : Error verifying vbmeta image: OK_NOT_SIGNED
[   12.725413][    T1] init: [libfs_avb] public key data shouldn't be empty for /system_dlkm
[   12.725678][    T1] init: [libfs_avb] Found unknown public key used to sign /system_dlkm
[   12.725949][    T1] init: [libfs_avb] Returning avb_handle for '/system_dlkm' with status: VerificationError
[   12.726334][    T1] init: Image rollback detected for /system_dlkm, SPL switches from '' to ''
[   12.726646][    T1] init: Allowing rollbacked standalone image when the device is unlocked
[   12.726901][    T1] init: [libfs_avb] Built verity table: '1 /dev/block/dm-4 /dev/block/dm-4 4096 4096 2031 2031 sha256 5c56217d20147954b242731d05656416572b6c947f31f76063d5bca8521c0dac 16b6a5f2fb07bc9ff4d92dc782d830af4eb572c1213156e732d0bcf67fbc162e 10 use_fec_from_device /dev/block/dm-4 fec_roots 2 fec_blocks 2048 fec_start 2048 restart_on_corruption ignore_zero_blocks'
[   12.728525][    T1] device-mapper: verity: sha256 using shash "sha256-ce" (multibuffer)
[   12.738309][    T1] erofs: (device dm-16): mounted with root inode @ nid 38.
[   12.738743][    T1] init: [libfs_mgr] __mount(source=/dev/block/dm-16,target=/system_dlkm,type=erofs)=0: Success
[   12.834329][    T1] init: Skipped setting INIT_AVB_VERSION (not in recovery mode)
[   13.886698][    T1] init: [libfstab] Using Android DT directory /proc/device-tree/firmware/android/
[   13.962506][    T1] init: Opening SELinux policy
[   14.025598][    T1] init: Loading SELinux policy
[   14.119593][    T1] SELinux:  policy capability network_peer_controls=1
[   14.120944][    T1] SELinux:  policy capability open_perms=1
[   14.121296][    T1] SELinux:  policy capability extended_socket_class=1
[   14.121567][    T1] SELinux:  policy capability always_check_network=0
[   14.121832][    T1] SELinux:  policy capability cgroup_seclabel=0
[   14.122222][    T1] SELinux:  policy capability nnp_nosuid_transition=1
[   14.122412][    T1] SELinux:  policy capability genfs_seclabel_symlinks=0
[   14.122659][    T1] SELinux:  policy capability ioctl_skip_cloexec=0
[   14.122874][    T1] SELinux:  policy capability userspace_initial_context=0
[   14.123118][    T1] SELinux: policy capability memfd_class=1
[   14.123428][    T1] SELinux: policy capability genfs_seclabel_wildcard=0
[   14.123675][    T1] SELinux:  unknown policy capability 9
[   14.123855][    T1] SELinux:  unknown policy capability 12
[   14.157582][   T50] audit: type=1403 audit(1791395665.444:2): auid=4294967295 ses=4294967295 lsm=selinux res=1
[   14.171997][   T50] audit: type=1300 audit(1791395665.444:2): arch=c00000b7 syscall=64 success=yes exit=911737 a0=4 a1=b400007d9a6e3680 a2=de979 a3=ffffffffffffffff items=0 ppid=0 pid=1 auid=4294967295 uid=0 gid=0 euid=0 suid=0 fsuid=0 egid=0 sgid=0 fsgid=0 tty=(none) ses=4294967295 comm="init" exe="/system/bin/init" subj=u:r:kernel:s0 key=(null)
[   14.188893][   T50] audit: type=1309 audit(1791395665.444:2): argc=1 a0="/system/bin/init"
[   14.190097][   T50] audit: type=1327 audit(1791395665.444:2): proctitle=2F73797374656D2F62696E2F696E69740073656C696E75785F7365747570
[   14.209374][   T50] audit: type=1404 audit(1791395665.620:3): enforcing=1 old_enforcing=0 auid=4294967295 ses=4294967295 enabled=1 old-enabled=1 lsm=selinux res=1
[   14.217614][   T50] audit: type=1300 audit(1791395665.620:3): arch=c00000b7 syscall=64 success=yes exit=1 a0=4 a1=7ff40d47a0 a2=1 a3=14 items=0 ppid=0 pid=1 auid=4294967295 uid=0 gid=0 euid=0 suid=0 fsuid=0 egid=0 sgid=0 fsgid=0 tty=(none) ses=4294967295 comm="init" exe="/system/bin/init" subj=u:r:kernel:s0 key=(null)
[   14.224283][   T50] audit: type=1327 audit(1791395665.620:3): proctitle=2F73797374656D2F62696E2F696E69740073656C696E75785F7365747570
[   14.277805][    T1] selinux: SELinux: Loaded file context from:
[   14.278983][    T1] selinux: 		/system/etc/selinux/plat_file_contexts
[   14.279352][    T1] selinux: 		/system_ext/etc/selinux/system_ext_file_contexts
[   14.279635][    T1] selinux: 		/product/etc/selinux/product_file_contexts
[   14.279888][    T1] selinux: 		/vendor/etc/selinux/vendor_file_contexts
[   14.280097][    T1] selinux: 		/odm/etc/selinux/odm_file_contexts
[   14.458613][    T1] init: init second stage started!
[   14.613058][    T1] selinux: SELinux: Loaded file context from:
[   14.614415][    T1] selinux: 		/system/etc/selinux/plat_file_contexts
[   14.614820][    T1] selinux: 		/system_ext/etc/selinux/system_ext_file_contexts
[   14.615226][    T1] selinux: 		/product/etc/selinux/product_file_contexts
[   14.615436][    T1] selinux: 		/vendor/etc/selinux/vendor_file_contexts
[   14.615636][    T1] selinux: 		/odm/etc/selinux/odm_file_contexts
[   14.718641][    T1] init: [libfstab] Using Android DT directory /proc/device-tree/firmware/android/
[   14.838695][    T1] init: Overriding previous property 'ro.build.display.id':'generic_system-userdebug 17 CP2A.260605.016 16373615 test-keys' with new value 'aosp_cf_arm64_only_phone-userdebug 17 CP2A.260605.016 16373615 test-keys'
[   14.840588][    T1] init: Overriding previous property 'ro.build.flavor':'generic_system-userdebug' with new value 'aosp_cf_arm64_only_phone-userdebug'
[   14.841091][    T1] init: Overriding previous property 'ro.build.description':'generic_system-userdebug 17 CP2A.260605.016 16373615 test-keys' with new value 'aosp_cf_arm64_only_phone-userdebug 17 CP2A.260605.016 16373615 test-keys'
[   14.842209][    T1] init: Overriding previous property 'ro.config.notification_sound':'OnTheHunt.ogg' with new value 'pixiedust.ogg'
[   14.842677][    T1] init: Overriding previous property 'ro.com.android.dataroaming':'false' with new value 'true'
[   14.853859][    T1] init: Setting product property ro.product.brand to 'generic' (from ro.product.product.brand)
[   14.854284][    T1] init: Setting product property ro.product.device to 'vsoc_arm64_only' (from ro.product.product.device)
[   14.854704][    T1] init: Setting product property ro.product.manufacturer to 'Google' (from ro.product.product.manufacturer)
[   14.855059][    T1] init: Setting product property ro.product.model to 'Cuttlefish arm64 phone 64-bit only' (from ro.product.product.model)
[   14.855495][    T1] init: Setting product property ro.product.name to 'aosp_cf_arm64_only_phone' (from ro.product.product.name)
[   14.864561][    T1] init: Setting property 'ro.build.fingerprint' to 'generic/aosp_cf_arm64_only_phone/vsoc_arm64_only:17/CP2A.260605.016/16373615:userdebug/test-keys'
[   14.866735][    T1] init: Setting property 'ro.product.cpu.abilist' to 'arm64-v8a'
[   14.867362][    T1] init: Setting property 'ro.product.cpu.abilist32' to ''
[   14.867596][    T1] init: Setting property 'ro.product.cpu.abilist64' to 'arm64-v8a'
[   14.907813][    T1] init: Running restorecon...
[   15.079825][    T1] init: Created socket '/dev/socket/property_service_for_system', mode 660, user 0, group 1000
[   15.120592][    T1] init: Created socket '/dev/socket/property_service', mode 666, user 0, group 0
[   15.179981][    T1] init: [libfs_mgr] vendor overlay: vndk version not defined
[   15.279740][    T1] init: SetupMountNamespaces done
[   15.321819][    T1] init: Forked subcontext for 'u:r:vendor_init:s0' with pid 115
[   15.416924][    T1] init: Parsing file /system/etc/init/hw/init.rc...
[   15.445215][    T1] init: Added '/init.environ.rc' to import list
[   15.449868][    T1] init: Added '/system/etc/init/hw/init.usb.rc' to import list
[   15.453456][    T1] init: Added '/init.cutf_cvm.rc' to import list
[   15.455075][    T1] init: Added '/vendor/etc/init/hw/init.cutf_cvm.rc' to import list
[   15.456084][    T1] init: Added '/system/etc/init/hw/init.usb.configfs.rc' to import list
[   15.457411][    T1] init: Added '/system/etc/init/hw/init.zygote64.rc' to import list
[   15.486335][    T1] init: Added '/system/etc/init/hw/init.boringssl.zygote64.rc' to import list
[   15.538860][    T1] init: Added '/system/etc/init/init-perfetto.rc' to import list
[   15.571022][    T1] init: Parsing file /init.environ.rc...
[   15.583736][    T1] init: Parsing file /system/etc/init/hw/init.usb.rc...
[   15.598949][    T1] init: Parsing file /init.cutf_cvm.rc...
[   15.600491][    T1] init: Unable to read config file '/init.cutf_cvm.rc': open() failed: No such file or directory
[   15.607637][    T1] init: Parsing file /vendor/etc/init/hw/init.cutf_cvm.rc...
[   15.609221][    T1] init: Unable to read config file '/vendor/etc/init/hw/init.cutf_cvm.rc': open() failed: No such file or directory
[   15.617674][    T1] init: Parsing file /system/etc/init/hw/init.usb.configfs.rc...
[   15.631263][    T1] init: Parsing file /system/etc/init/hw/init.zygote64.rc...
[   15.637202][    T1] init: Parsing file /system/etc/init/hw/init.boringssl.zygote64.rc...
[   15.646544][    T1] init: Parsing file /system/etc/init/init-perfetto.rc...
[   15.649853][    T1] init: Parsing directory /system/etc/init...
[   15.660797][    T1] init: Parsing file /system/etc/init/aconfigd.rc...
[   15.691265][    T1] init: Parsing file /system/etc/init/aisealhostservice.rc...
[   15.693182][    T1] init: Parsing file /system/etc/init/android.system.suspend-service.rc...
[   15.693896][    T1] init: Parsing file /system/etc/init/aoad.rc...
[   15.694318][    T1] init: Parsing file /system/etc/init/apexd.rc...
[   15.699011][    T1] init: Parsing file /system/etc/init/atrace.rc...
[   15.703830][    T1] init: Parsing file /system/etc/init/atrace_userdebug.rc...
[   15.704295][    T1] init: Parsing file /system/etc/init/audioserver.rc...
[   15.711995][    T1] init: Parsing file /system/etc/init/blank_screen.rc...
[   15.716146][    T1] init: Parsing file /system/etc/init/bootanim.rc...
[   15.716719][    T1] init: Parsing file /system/etc/init/bootstat-debug.rc...
[   15.717226][    T1] init: Parsing file /system/etc/init/bootstat.rc...
[   15.721996][    T1] init: Parsing file /system/etc/init/cameraserver.rc...
[   15.722588][    T1] init: Parsing file /system/etc/init/casefolding_remover.rc...
[   15.723224][    T1] init: Parsing file /system/etc/init/clean_scratch_files.rc...
[   15.723633][    T1] init: Parsing file /system/etc/init/cppreopts.rc...
[   15.725210][    T1] init: Parsing file /system/etc/init/credstore.rc...
[   15.726457][    T1] init: Parsing file /system/etc/init/dmesgd.rc...
[   15.726836][    T1] init: Parsing file /system/etc/init/drmserver.rc...
[   15.727248][    T1] init: Parsing file /system/etc/init/dumpstate.rc...
[   15.727757][    T1] init: Parsing file /system/etc/init/flags_health_check.rc...
[   15.728275][    T1] init: Parsing file /system/etc/init/gatekeeperd.rc...
[   15.728687][    T1] init: Parsing file /system/etc/init/gpuservice.rc...
[   15.729139][    T1] init: Parsing file /system/etc/init/gsid.rc...
[   15.729589][    T1] init: Parsing file /system/etc/init/heapprofd.rc...
[   15.730061][    T1] init: Parsing file /system/etc/init/hidservice.rc...
[   15.730450][    T1] init: Parsing file /system/etc/init/idmap2d.rc...
[   15.730770][    T1] init: Parsing file /system/etc/init/incidentd.rc...
[   15.731398][    T1] init: Parsing file /system/etc/init/init-debug.rc...
[   15.731765][    T1] init: Parsing file /system/etc/init/init-perfetto.rc...
[   15.732261][    T1] init: Parsing file /system/etc/init/installd.rc...
[   15.734892][    T1] init: Parsing file /system/etc/init/kcmdlinectrl.rc...
[   15.735256][    T1] init: Parsing file /system/etc/init/kcmdlinemodprobe.rc...
[   15.735658][    T1] init: Parsing file /system/etc/init/keystore2.rc...
[   15.736596][    T1] init: Parsing file /system/etc/init/llkd-debuggable.rc...
[   15.736976][    T1] init: Parsing file /system/etc/init/llkd.rc...
[   15.737420][    T1] init: Parsing file /system/etc/init/lmkd.rc...
[   15.738540][    T1] init: Parsing file /system/etc/init/logcatd.rc...
[   15.745971][    T1] init: Parsing file /system/etc/init/logd.rc...
[   15.751306][    T1] init: Parsing file /system/etc/init/logtagd.rc...
[   15.751925][    T1] init: Parsing file /system/etc/init/lpdumpd.rc...
[   15.752795][    T1] init: Parsing file /system/etc/init/mdnsd.rc...
[   15.753466][    T1] init: Parsing file /system/etc/init/media.codeclist.generator.rc...
[   15.753946][    T1] init: Parsing file /system/etc/init/mediaextractor.rc...
[   15.754523][    T1] init: Parsing file /system/etc/init/mediametrics.rc...
[   15.754830][    T1] init: Parsing file /system/etc/init/mediaserver.rc...
[   15.755212][    T1] init: Parsing file /system/etc/init/misctrl.rc...
[   15.755595][    T1] init: Parsing file /system/etc/init/mmd.rc...
[   15.761292][    T1] init: Parsing file /system/etc/init/mtectrl.rc...
[   15.762056][    T1] init: Parsing file /system/etc/init/netbpfload.rc...
[   15.763114][    T1] init: Parsing file /system/etc/init/netd.rc...
[   15.763837][    T1] init: Parsing file /system/etc/init/odsign.rc...
[   15.764262][    T1] init: Parsing file /system/etc/init/perfetto.rc...
[   15.766026][    T1] init: Parsing file /system/etc/init/pmgd.rc...
[   15.766651][    T1] init: Parsing file /system/etc/init/prefetch.rc...
[   15.767972][    T1] init: Parsing file /system/etc/init/prng_seeder.rc...
[   15.768365][    T1] init: Parsing file /system/etc/init/profcollectd.rc...
[   15.768835][    T1] init: Parsing file /system/etc/init/recovery-persist.rc...
[   15.769338][    T1] init: Parsing file /system/etc/init/recovery-refresh.rc...
[   15.769701][    T1] init: Parsing file /system/etc/init/rss_hwm_reset.rc...
[   15.770990][    T1] init: Parsing file /system/etc/init/servicemanager.rc...
[   15.771409][    T1] init: Parsing file /system/etc/init/simpleperf.rc...
[   15.771731][    T1] init: Parsing file /system/etc/init/snapuserd.rc...
[   15.772046][    T1] init: Parsing file /system/etc/init/storaged.rc...
[   15.772406][    T1] init: Parsing file /system/etc/init/surfaceflinger.rc...
[   15.772768][    T1] init: Parsing file /system/etc/init/tombstoned.rc...
[   15.773282][    T1] init: Parsing file /system/etc/init/traced_perf.rc...
[   15.774254][    T1] init: Parsing file /system/etc/init/tradeinmode.rc...
[   15.774677][    T1] init: Parsing file /system/etc/init/uncrypt.rc...
[   15.775270][    T1] init: Parsing file /system/etc/init/update_engine.rc...
[   15.775595][    T1] init: Parsing file /system/etc/init/update_verifier.rc...
[   15.775947][    T1] init: Parsing file /system/etc/init/usbd.rc...
[   15.776430][    T1] init: Parsing file /system/etc/init/virtual_camera.hal.rc...
[   15.776849][    T1] init: Parsing file /system/etc/init/vold.rc...
[   15.777285][    T1] init: Parsing file /system/etc/init/wifi.rc...
[   15.777780][    T1] init: Parsing file /system/etc/init/zygote_next.rc...
[   15.778878][    T1] init: Parsing directory /system_ext/etc/init...
[   15.779401][    T1] init: Parsing file /system_ext/etc/init/aidl_lazy_cb_test_server.rc...
[   15.780007][    T1] init: Parsing file /system_ext/etc/init/aidl_lazy_test_server.rc...
[   15.782236][    T1] init: Parsing file /system_ext/etc/init/android.hardware.audio.parameter_parser.example_service.rc...
[   15.782716][    T1] init: Parsing file /system_ext/etc/init/android.hidl.allocator@1.0-service.rc...
[   15.783131][    T1] init: Parsing file /system_ext/etc/init/hwservicemanager.rc...
[   15.783557][    T1] init: Parsing file /system_ext/etc/init/rpmb_dev.system.rc...
[   15.784745][    T1] init: Parsing file /system_ext/etc/init/rpmb_dev.test.system.rc...
[   15.785899][    T1] init: Parsing file /system_ext/etc/init/set_adb.rc...
[   15.786276][    T1] init: Parsing file /system_ext/etc/init/trusty_security_vm_launcher.rc...
[   15.787181][    T1] init: Parsing directory /vendor/etc/init...
[   15.787512][    T1] init: Parsing file /vendor/etc/init/android.hardware.security.keymint-service.cf_trusty_system_vm.rc...
[   15.795272][    T1] init: Parsing file /vendor/etc/init/android.hardware.security.keymint-service.trusty_tee.cpp.rc...
[   15.795734][    T1] init: Parsing file /vendor/etc/init/android.hardware.security.keymint-service.trusty_tee.nonsecure.rc...
[   15.796334][    T1] init: Parsing file /vendor/etc/init/android.hardware.sensors-service-multihal.rc...
[   15.797832][    T1] init: Parsing file /vendor/etc/init/boringssl_self_test.rc...
[   15.798358][    T1] init: Added '/vendor/etc/boringssl_self_test.zygote64.rc' to import list
[   15.799677][    T1] init: Parsing file /vendor/etc/boringssl_self_test.zygote64.rc...
[   15.800970][    T1] init: Parsing file /vendor/etc/init/face-default.rc...
[   15.801472][    T1] init: Parsing file /vendor/etc/init/fingerprint-default.rc...
[   15.801834][    T1] init: Parsing file /vendor/etc/init/init.cutf_cvm.rc...
[   15.804524][    T1] init: Parsing file /vendor/etc/init/init_graphics.vendor.rc...
[   15.804970][    T1] init: Parsing file /vendor/etc/init/motioncontext-service-default.rc...
[   15.805492][    T1] init: Parsing file /vendor/etc/init/seriallogging.rc...
[   15.806262][    T1] init: Parsing file /odm/etc/init...
[   15.806574][    T1] init: Unable to read config file '/odm/etc/init': open() failed: No such file or directory
[   15.807365][    T1] init: Parsing directory /product/etc/init...
[   15.807602][    T1] init: Parsing file /product/etc/init/init.rc...
[   15.834848][    T1] init: processing action (SetupCgroups) from (<Builtin Action>:0)
[   15.931438][    T1] libprocessgroup: Using system/app isolation under: /sys/fs/cgroup
[   15.965782][    T1] init: Command 'SetupCgroups' action=SetupCgroups (<Builtin Action>:0) took 125ms and succeeded
[   16.067534][    T1] init: processing action (early-init) from (/system/etc/init/hw/init.rc:15)
[   16.210134][    T1] init: starting service 'ueventd'...
[   16.288584][    T1] libprocessgroup: Created cgroup /sys/fs/cgroup/system/uid_0
[   16.308718][    T1] libprocessgroup: Created cgroup /sys/fs/cgroup/system/uid_0/pid_116
[   16.363873][    T1] libprocessgroup: A JoinCgroup action in the SystemMemoryProcess profile is used for controller memory in the cgroup v2 hierarchy and will be ignored
[   16.469428][    T1] init: ... started service 'ueventd' has pid 116
[   16.488779][    T1] init: Command 'start ueventd' action=early-init (/system/etc/init/hw/init.rc:77) took 290ms and succeeded
[   16.580644][    T1] init: starting service 'init_dev_config'...
[   16.627812][    T1] libprocessgroup: Created cgroup /sys/fs/cgroup/system/uid_1000
[   16.641129][    T1] libprocessgroup: Created cgroup /sys/fs/cgroup/system/uid_1000/pid_117
[   16.721357][    T1] init: ... started service 'init_dev_config' has pid 117
[   16.725887][    T1] init: SVC_EXEC service 'init_dev_config' pid 117 (uid 1000 gid 0+0 context u:r:init_dev_config:s0) started; waiting...
[   16.738699][    T1] init: Command 'exec_start init_dev_config' action=early-init (/system/etc/init/hw/init.rc:83) took 186ms and succeeded
[   16.808695][  T116] ueventd: ueventd started!
[   16.835195][  T116] selinux: SELinux: Loaded file context from:
[   16.835771][  T116] selinux: 		/system/etc/selinux/plat_file_contexts
[   16.835984][  T116] selinux: 		/system_ext/etc/selinux/system_ext_file_contexts
[   16.836302][  T116] selinux: 		/product/etc/selinux/product_file_contexts
[   16.836523][  T116] selinux: 		/vendor/etc/selinux/vendor_file_contexts
[   16.836751][  T116] selinux: 		/odm/etc/selinux/odm_file_contexts
[   16.858439][  T116] ueventd: Parsing file /system/etc/ueventd.rc...
[   16.863293][  T116] ueventd: Added '/vendor/etc/ueventd.rc' to import list
[   16.865299][  T116] ueventd: Added '/odm/etc/ueventd.rc' to import list
[   16.925435][  T116] ueventd: Parsing file /vendor/etc/ueventd.rc...
[   16.956670][  T116] ueventd: Parsing file /odm/etc/ueventd.rc...
[   16.962460][  T116] ueventd: Unable to read config file '/odm/etc/ueventd.rc': open() failed: No such file or directory
[   17.051454][    T1] init: Service 'init_dev_config' (pid 117) exited with status 0 waiting took 0.370000 seconds
[   17.056006][    T1] init: Sending SIGKILL to service 'init_dev_config' (pid 117) process group...
[   17.113983][    T1] libprocessgroup: Removed cgroup /sys/fs/cgroup/system/uid_1000/pid_117
[   17.224625][    T1] init: starting service 'apexd-bootstrap'...
[   17.303286][    T1] libprocessgroup: Created cgroup /sys/fs/cgroup/system/uid_0/pid_118
[   17.331937][    T1] init: ... started service 'apexd-bootstrap' has pid 118
[   17.338521][    T1] init: SVC_EXEC service 'apexd-bootstrap' pid 118 (uid 0 gid 1000+0 context default) started; waiting...
[   17.341375][    T1] init: Command 'exec_start apexd-bootstrap' action=early-init (/system/etc/init/hw/init.rc:91) took 140ms and succeeded
[   19.412340][  T118] apexd: Started. subcommand = --bootstrap
[   19.549208][  T118] erofs: (device erofs): mounted with root inode @ nid 36.
[   19.666633][  T118] apexd: File-backed mount is enabled (detected via test mount)
[   19.819523][  T118] apexd-bootstrap: Scanning /system/apex for pre-installed ApexFiles
[   19.851520][  T118] apexd-bootstrap: Found pre-installed APEX /system/apex/com.android.adbd.apex
[   19.854644][  T118] apexd-bootstrap: Found pre-installed APEX /system/apex/com.android.adservices.apex
[   19.856538][  T118] apexd-bootstrap: Found pre-installed APEX /system/apex/com.android.apex.cts.shim.apex
[   19.857108][  T118] apexd-bootstrap: Found pre-installed APEX /system/apex/com.android.appsearch.apex
[   19.858711][  T118] apexd-bootstrap: Found pre-installed APEX /system/apex/com.android.art.apex
[   19.859843][  T118] apexd-bootstrap: Found pre-installed APEX /system/apex/com.android.bt.apex
[   19.860785][  T118] apexd-bootstrap: Found pre-installed APEX /system/apex/com.android.cellbroadcast.apex
[   19.861251][  T118] apexd-bootstrap: Found pre-installed APEX /system/apex/com.android.configinfrastructure.apex
[   19.863000][  T118] apexd-bootstrap: Found pre-installed APEX /system/apex/com.android.conscrypt.apex
[   19.865189][  T118] apexd-bootstrap: Found pre-installed APEX /system/apex/com.android.crashrecovery.apex
[   19.870065][  T118] apexd-bootstrap: Found pre-installed APEX /system/apex/com.android.devicelock.apex
[   19.874264][  T118] apexd-bootstrap: Found pre-installed APEX /system/apex/com.android.extservices.apex
[   19.877120][  T118] apexd-bootstrap: Found pre-installed APEX /system/apex/com.android.healthfitness.apex
[   19.879101][  T118] apexd-bootstrap: Found pre-installed APEX /system/apex/com.android.i18n.apex
[   19.880220][  T118] apexd-bootstrap: Found pre-installed APEX /system/apex/com.android.ipsec.apex
[   19.882814][  T118] apexd-bootstrap: Found pre-installed APEX /system/apex/com.android.media.apex
[   19.886087][  T118] apexd-bootstrap: Found pre-installed APEX /system/apex/com.android.media.swcodec.apex
[   19.888249][  T118] apexd-bootstrap: Found pre-installed APEX /system/apex/com.android.mediaprovider.apex
[   19.891488][  T118] apexd-bootstrap: Found pre-installed APEX /system/apex/com.android.neuralnetworks.apex
[   19.891881][  T118] apexd-bootstrap: Found pre-installed APEX /system/apex/com.android.nfcservices.apex
[   19.892251][  T118] apexd-bootstrap: Found pre-installed APEX /system/apex/com.android.npumanager.apex
[   19.894134][  T118] apexd-bootstrap: Found pre-installed APEX /system/apex/com.android.ondevicepersonalization.apex
[   19.894999][  T118] apexd-bootstrap: Found pre-installed APEX /system/apex/com.android.os.statsd.apex
[   19.895870][  T118] apexd-bootstrap: Found pre-installed APEX /system/apex/com.android.permission.apex
[   19.897076][  T118] apexd-bootstrap: Found pre-installed APEX /system/apex/com.android.profiling.apex
[   19.898029][  T118] apexd-bootstrap: Found pre-installed APEX /system/apex/com.android.resolv.apex
[   19.898308][  T118] apexd-bootstrap: Found pre-installed APEX /system/apex/com.android.rkpd.apex
[   19.899042][  T118] apexd-bootstrap: Found pre-installed APEX /system/apex/com.android.runtime.apex
[   19.899790][  T118] apexd-bootstrap: Found pre-installed APEX /system/apex/com.android.scheduling.apex
[   19.901052][  T118] apexd-bootstrap: Found pre-installed APEX /system/apex/com.android.sdkext.apex
[   19.901778][  T118] apexd-bootstrap: Found pre-installed APEX /system/apex/com.android.telephonycore.apex
[   19.902106][  T118] apexd-bootstrap: Found pre-installed APEX /system/apex/com.android.tethering.apex
[   19.902441][  T118] apexd-bootstrap: Found pre-installed APEX /system/apex/com.android.tzdata.apex
[   19.905169][  T118] apexd-bootstrap: Found pre-installed APEX /system/apex/com.android.uprobestats.apex
[   19.905988][  T118] apexd-bootstrap: Found pre-installed APEX /system/apex/com.android.uwb.apex
[   19.906327][  T118] apexd-bootstrap: Found pre-installed APEX /system/apex/com.android.virt.apex
[   19.907516][  T118] apexd-bootstrap: Found pre-installed APEX /system/apex/com.android.webapp.apex
[   19.908262][  T118] apexd-bootstrap: Found pre-installed APEX /system/apex/com.android.wifi.apex
[   19.908706][  T118] apexd-bootstrap: Scanning /system_ext/apex for pre-installed ApexFiles
[   19.911160][  T118] apexd-bootstrap: Found pre-installed APEX /system_ext/apex/com.android.compos.apex
[   19.912544][  T118] apexd-bootstrap: Found pre-installed APEX /system_ext/apex/com.android.hardware.biometrics.face.virtual.apex
[   19.913286][  T118] apexd-bootstrap: Found pre-installed APEX /system_ext/apex/com.android.hardware.biometrics.fingerprint.virtual.apex
[   19.913706][  T118] apexd-bootstrap: Found pre-installed APEX /system_ext/apex/com.android.vndk.v31.apex
[   19.914753][  T118] apexd-bootstrap: Found pre-installed APEX /system_ext/apex/com.android.vndk.v32.apex
[   19.915606][  T118] apexd-bootstrap: Found pre-installed APEX /system_ext/apex/com.android.vndk.v33.apex
[   19.916294][  T118] apexd-bootstrap: Found pre-installed APEX /system_ext/apex/com.android.vndk.v34.apex
[   19.916603][  T118] apexd-bootstrap: Scanning /product/apex for pre-installed ApexFiles
[   19.918081][  T118] apexd-bootstrap: /product/apex does not exist. Skipping
[   19.918783][  T118] apexd-bootstrap: Scanning /vendor/apex for pre-installed ApexFiles
[   19.922012][  T118] apexd-bootstrap: Found pre-installed APEX /vendor/apex/com.android.hardware.audio.apex
[   19.923861][  T118] apexd-bootstrap: Found pre-installed APEX /vendor/apex/com.android.hardware.authsecret.apex
[   19.924369][  T118] apexd-bootstrap: Found pre-installed APEX /vendor/apex/com.android.hardware.boot.apex
[   19.924859][  T118] apexd-bootstrap: Found pre-installed APEX /vendor/apex/com.android.hardware.cas.apex
[   19.925987][  T118] apexd-bootstrap: Found pre-installed APEX /vendor/apex/com.android.hardware.contexthub.apex
[   19.927010][  T118] apexd-bootstrap: Found pre-installed APEX /vendor/apex/com.android.hardware.drm.clearkey.apex
[   19.927588][  T118] apexd-bootstrap: Found pre-installed APEX /vendor/apex/com.android.hardware.dumpstate.apex
[   19.928537][  T118] apexd-bootstrap: Found pre-installed APEX /vendor/apex/com.android.hardware.gatekeeper.cf_remote.apex
[   19.929606][  T118] apexd-bootstrap: Found pre-installed APEX /vendor/apex/com.android.hardware.gatekeeper.nonsecure.apex
[   19.930407][  T118] apexd-bootstrap: Found pre-installed APEX /vendor/apex/com.android.hardware.gnss.apex
[   19.932347][  T118] apexd-bootstrap: Found pre-installed APEX /vendor/apex/com.android.hardware.graphics.composer.drm_hwcomposer.apex
[   19.933498][  T118] apexd-bootstrap: Found pre-installed APEX /vendor/apex/com.android.hardware.graphics.composer.ranchu.apex
[   19.934362][  T118] apexd-bootstrap: Found pre-installed APEX /vendor/apex/com.android.hardware.input.processor.apex
[   19.935381][  T118] apexd-bootstrap: Found pre-installed APEX /vendor/apex/com.android.hardware.keymint.rust_cf_guest_trusty_nonsecure.apex
[   19.936865][  T118] apexd-bootstrap: Found pre-installed APEX /vendor/apex/com.android.hardware.keymint.rust_cf_remote.apex
[   19.937621][  T118] apexd-bootstrap: Found pre-installed APEX /vendor/apex/com.android.hardware.keymint.rust_nonsecure.apex
[   19.938544][  T118] apexd-bootstrap: Found pre-installed APEX /vendor/apex/com.android.hardware.memtrack.apex
[   19.939460][  T118] apexd-bootstrap: Found pre-installed APEX /vendor/apex/com.android.hardware.net.nlinterceptor.apex
[   19.940390][  T118] apexd-bootstrap: Found pre-installed APEX /vendor/apex/com.android.hardware.neuralnetworks.apex
[   19.940996][  T118] apexd-bootstrap: Found pre-installed APEX /vendor/apex/com.android.hardware.power.apex
[   19.941751][  T118] apexd-bootstrap: Found pre-installed APEX /vendor/apex/com.android.hardware.rebootescrow.apex
[   19.943165][  T118] apexd-bootstrap: Found pre-installed APEX /vendor/apex/com.android.hardware.secure_element.apex
[   19.944116][  T118] apexd-bootstrap: Found pre-installed APEX /vendor/apex/com.android.hardware.security.authgraph.apex
[   19.944721][  T118] apexd-bootstrap: Found pre-installed APEX /vendor/apex/com.android.hardware.security.secretkeeper.apex
[   19.945740][  T118] apexd-bootstrap: Found pre-installed APEX /vendor/apex/com.android.hardware.tetheroffload.apex
[   19.946295][  T118] apexd-bootstrap: Found pre-installed APEX /vendor/apex/com.android.hardware.thermal.apex
[   19.946636][  T118] apexd-bootstrap: Found pre-installed APEX /vendor/apex/com.android.hardware.threadnetwork.apex
[   19.947023][  T118] apexd-bootstrap: Found pre-installed APEX /vendor/apex/com.android.hardware.usb.apex
[   19.947305][  T118] apexd-bootstrap: Found pre-installed APEX /vendor/apex/com.android.hardware.uwb.apex
[   19.947587][  T118] apexd-bootstrap: Found pre-installed APEX /vendor/apex/com.android.hardware.vibrator.apex
[   19.948029][  T118] apexd-bootstrap: Found pre-installed APEX /vendor/apex/com.android.hardware.wifi.apex
[   19.948415][  T118] apexd-bootstrap: Found pre-installed APEX /vendor/apex/com.google.cf.bt.apex
[   19.950270][  T118] apexd-bootstrap: Found pre-installed APEX /vendor/apex/com.google.cf.confirmationui.apex
[   19.954563][  T118] apexd-bootstrap: Found pre-installed APEX /vendor/apex/com.google.cf.disabled.apex
[   19.955710][  T118] apexd-bootstrap: Found pre-installed APEX /vendor/apex/com.google.cf.gralloc.apex
[   19.956434][  T118] apexd-bootstrap: Found pre-installed APEX /vendor/apex/com.google.cf.health.apex
[   19.956702][  T118] apexd-bootstrap: Found pre-installed APEX /vendor/apex/com.google.cf.identity.apex
[   19.957845][  T118] apexd-bootstrap: Found pre-installed APEX /vendor/apex/com.google.cf.input.config.apex
[   19.961400][  T118] apexd-bootstrap: Found pre-installed APEX /vendor/apex/com.google.cf.ir.apex
[   19.970510][  T118] apexd-bootstrap: Found pre-installed APEX /vendor/apex/com.google.cf.light.apex
[   19.980058][  T118] apexd-bootstrap: Found pre-installed APEX /vendor/apex/com.google.cf.nfc.apex
[   19.981981][  T118] apexd-bootstrap: Found pre-installed APEX /vendor/apex/com.google.cf.oemlock.apex
[   19.988533][  T116] ueventd: Coldboot took 2.964 seconds
[   19.993405][  T118] apexd-bootstrap: Found pre-installed APEX /vendor/apex/com.google.cf.rild.apex
[   20.001448][  T118] apexd-bootstrap: Found pre-installed APEX /vendor/apex/com.google.cf.vulkan.apex
[   20.008375][  T118] apexd-bootstrap: Found pre-installed APEX /vendor/apex/com.google.cf.wifi.apex
[   20.024486][  T118] apexd-bootstrap: Found pre-installed APEX /vendor/apex/com.google.cf.wpa_supplicant.apex
[   20.029273][  T118] apexd-bootstrap: Found pre-installed APEX /vendor/apex/com.google.emulated.camera.provider.hal.apex
[   20.031500][  T118] apexd-bootstrap: Found pre-installed APEX /vendor/apex/com.google.emulated.camera.provider.hal.v4l2.apex
[   20.032171][  T118] apexd-bootstrap: Scanning /odm/apex for pre-installed ApexFiles
[   20.034082][  T118] apexd-bootstrap: /odm/apex does not exist. Skipping
[   20.770063][  T118] apexd-bootstrap: Skipping APEX at path /vendor/apex/com.android.hardware.gatekeeper.cf_remote.apex because it does not match expected multi-install APEX property for com.android.hardware.gatekeeper
[   20.780943][  T118] apexd-bootstrap: Skipping APEX at path /vendor/apex/com.android.hardware.graphics.composer.ranchu.apex because it does not match expected multi-install APEX property for com.android.hardware.graphics.composer
[   20.783843][  T118] apexd-bootstrap: Skipping APEX at path /vendor/apex/com.android.hardware.keymint.rust_cf_guest_trusty_nonsecure.apex because it does not match expected multi-install APEX property for com.android.hardware.keymint
[   20.785212][  T118] apexd-bootstrap: Skipping APEX at path /vendor/apex/com.android.hardware.keymint.rust_cf_remote.apex because it does not match expected multi-install APEX property for com.android.hardware.keymint
[   20.787493][  T118] apexd-bootstrap: Skipping APEX at path /vendor/apex/com.google.cf.disabled.apex because it's disabled via sysprop.
[   20.788692][  T118] apexd-bootstrap: Skipping APEX at path /vendor/apex/com.google.emulated.camera.provider.hal.v4l2.apex because it does not match expected multi-install APEX property for com.google.emulated.camera.provider.hal
[   20.790082][  T118] apexd-bootstrap: Successfully scanned 87 preinstalled APEXes duration=980ms
[   20.806991][  T118] apexd-bootstrap: No sessions to revert/activate.
[   20.828962][  T118] apexd-bootstrap: Successfully scanned 0 data APEXes duration=11ms
[   21.036897][  T228] loop8: detected capacity change from 0 to 984
[   21.044830][  T223] loop6: detected capacity change from 0 to 992
[   21.049735][  T224] loop11: detected capacity change from 0 to 4368
[   21.053464][  T225] loop7: detected capacity change from 0 to 6432
[   21.058665][  T226] loop9: detected capacity change from 0 to 3752
[   21.059754][  T227] loop10: detected capacity change from 0 to 7384
[   21.060307][  T229] loop12: detected capacity change from 0 to 1136
[   21.062629][  T219] loop2: detected capacity change from 0 to 29520
[   21.066041][  T217] loop0: detected capacity change from 0 to 72760
[   21.066558][  T231] loop13: detected capacity change from 0 to 808
[   21.764053][  T254] erofs: (device erofs): mounted with root inode @ nid 39.
[   24.234516][  T251] EXT4-fs (loop31): mounted filesystem 7d1522e1-9dfa-5edb-a43e-98e3a4d20250 ro without journal. Quota mode: none.
[   24.242563][  T255] EXT4-fs (loop35): mounted filesystem 7d1522e1-9dfa-5edb-a43e-98e3a4d20250 ro without journal. Quota mode: none.
[   24.698249][  T228] EXT4-fs (loop8): mounted filesystem 7d1522e1-9dfa-5edb-a43e-98e3a4d20250 ro without journal. Quota mode: none.
[   24.729759][  T253] EXT4-fs (loop34): mounted filesystem 7d1522e1-9dfa-5edb-a43e-98e3a4d20250 ro without journal. Quota mode: none.
[   24.733140][  T226] EXT4-fs (loop9): mounted filesystem 7d1522e1-9dfa-5edb-a43e-98e3a4d20250 ro without journal. Quota mode: none.
[   24.734164][  T247] EXT4-fs (loop29): mounted filesystem 7d1522e1-9dfa-5edb-a43e-98e3a4d20250 ro without journal. Quota mode: none.
[   24.745147][  T272] EXT4-fs (loop52): mounted filesystem 7d1522e1-9dfa-5edb-a43e-98e3a4d20250 ro without journal. Quota mode: none.
[   24.757139][  T248] EXT4-fs (loop26): mounted filesystem 7d1522e1-9dfa-5edb-a43e-98e3a4d20250 ro without journal. Quota mode: none.
[   24.757144][  T242] EXT4-fs (loop22): mounted filesystem 7d1522e1-9dfa-5edb-a43e-98e3a4d20250 ro without journal. Quota mode: none.
[   24.757378][  T267] EXT4-fs (loop47): mounted filesystem 7d1522e1-9dfa-5edb-a43e-98e3a4d20250 ro without journal. Quota mode: none.
[   24.760814][  T288] EXT4-fs (loop66): mounted filesystem 7d1522e1-9dfa-5edb-a43e-98e3a4d20250 ro without journal. Quota mode: none.
[   24.761399][  T224] EXT4-fs (loop11): mounted filesystem 7d1522e1-9dfa-5edb-a43e-98e3a4d20250 ro without journal. Quota mode: none.
[   24.763727][  T241] EXT4-fs (loop20): mounted filesystem 7d1522e1-9dfa-5edb-a43e-98e3a4d20250 ro without journal. Quota mode: none.
[   24.765896][  T298] EXT4-fs (loop77): mounted filesystem 7d1522e1-9dfa-5edb-a43e-98e3a4d20250 ro without journal. Quota mode: none.
[   24.771070][  T225] EXT4-fs (loop7): mounted filesystem 7d1522e1-9dfa-5edb-a43e-98e3a4d20250 ro without journal. Quota mode: none.
[   24.775309][  T274] EXT4-fs (loop55): mounted filesystem 7d1522e1-9dfa-5edb-a43e-98e3a4d20250 ro without journal. Quota mode: none.
[   24.776057][  T257] EXT4-fs (loop37): mounted filesystem 7d1522e1-9dfa-5edb-a43e-98e3a4d20250 ro without journal. Quota mode: none.
[   24.776241][  T249] EXT4-fs (loop28): mounted filesystem 7d1522e1-9dfa-5edb-a43e-98e3a4d20250 ro without journal. Quota mode: none.
[   24.781313][  T280] EXT4-fs (loop58): mounted filesystem 7d1522e1-9dfa-5edb-a43e-98e3a4d20250 ro without journal. Quota mode: none.
[   24.866663][  T232] EXT4-fs (loop21): mounted filesystem 7d1522e1-9dfa-5edb-a43e-98e3a4d20250 ro without journal. Quota mode: none.
[   24.936156][  T279] EXT4-fs (loop57): mounted filesystem 7d1522e1-9dfa-5edb-a43e-98e3a4d20250 ro without journal. Quota mode: none.
[   24.948068][  T277] EXT4-fs (loop56): mounted filesystem 7d1522e1-9dfa-5edb-a43e-98e3a4d20250 ro without journal. Quota mode: none.
[   24.952914][  T297] EXT4-fs (loop75): mounted filesystem 7d1522e1-9dfa-5edb-a43e-98e3a4d20250 ro without journal. Quota mode: none.
[   24.986022][  T218] EXT4-fs (loop1): mounted filesystem 7d1522e1-9dfa-5edb-a43e-98e3a4d20250 ro without journal. Quota mode: none.
[   24.986413][  T227] EXT4-fs (loop10): mounted filesystem 7d1522e1-9dfa-5edb-a43e-98e3a4d20250 ro without journal. Quota mode: none.
[   24.986809][  T262] EXT4-fs (loop41): mounted filesystem 7d1522e1-9dfa-5edb-a43e-98e3a4d20250 ro without journal. Quota mode: none.
[   24.989742][  T289] EXT4-fs (loop68): mounted filesystem 7d1522e1-9dfa-5edb-a43e-98e3a4d20250 ro without journal. Quota mode: none.
[   24.994833][  T239] EXT4-fs (loop19): mounted filesystem 7d1522e1-9dfa-5edb-a43e-98e3a4d20250 ro without journal. Quota mode: none.
[   24.999932][  T296] EXT4-fs (loop76): mounted filesystem 7d1522e1-9dfa-5edb-a43e-98e3a4d20250 ro without journal. Quota mode: none.
[   25.008059][  T284] EXT4-fs (loop62): mounted filesystem 7d1522e1-9dfa-5edb-a43e-98e3a4d20250 ro without journal. Quota mode: none.
[   25.013940][  T223] EXT4-fs (loop6): mounted filesystem 7d1522e1-9dfa-5edb-a43e-98e3a4d20250 ro without journal. Quota mode: none.
[   25.024263][  T302] EXT4-fs (loop81): mounted filesystem 7d1522e1-9dfa-5edb-a43e-98e3a4d20250 ro without journal. Quota mode: none.
[   25.024465][  T303] EXT4-fs (loop83): mounted filesystem 7d1522e1-9dfa-5edb-a43e-98e3a4d20250 ro without journal. Quota mode: none.
[   25.024576][  T236] EXT4-fs (loop15): mounted filesystem 7d1522e1-9dfa-5edb-a43e-98e3a4d20250 ro without journal. Quota mode: none.
[   25.025296][  T243] EXT4-fs (loop23): mounted filesystem 7d1522e1-9dfa-5edb-a43e-98e3a4d20250 ro without journal. Quota mode: none.
[   25.026008][  T263] EXT4-fs (loop45): mounted filesystem 7d1522e1-9dfa-5edb-a43e-98e3a4d20250 ro without journal. Quota mode: none.
[   25.037094][  T265] EXT4-fs (loop43): mounted filesystem 7d1522e1-9dfa-5edb-a43e-98e3a4d20250 ro without journal. Quota mode: none.
[   25.062355][  T258] EXT4-fs (loop39): mounted filesystem 7d1522e1-9dfa-5edb-a43e-98e3a4d20250 ro without journal. Quota mode: none.
[   25.069851][  T304] EXT4-fs (loop82): mounted filesystem 7d1522e1-9dfa-5edb-a43e-98e3a4d20250 ro without journal. Quota mode: none.
[   25.074454][  T237] EXT4-fs (loop17): mounted filesystem 7d1522e1-9dfa-5edb-a43e-98e3a4d20250 ro without journal. Quota mode: none.
[   25.085254][  T230] EXT4-fs (loop18): mounted filesystem 7d1522e1-9dfa-5edb-a43e-98e3a4d20250 ro without journal. Quota mode: none.
[   25.088154][  T293] EXT4-fs (loop71): mounted filesystem 7d1522e1-9dfa-5edb-a43e-98e3a4d20250 ro without journal. Quota mode: none.
[   25.089537][  T245] EXT4-fs (loop25): mounted filesystem 7d1522e1-9dfa-5edb-a43e-98e3a4d20250 ro without journal. Quota mode: none.
[   25.100605][  T301] EXT4-fs (loop80): mounted filesystem 7d1522e1-9dfa-5edb-a43e-98e3a4d20250 ro without journal. Quota mode: none.
[   25.100940][  T246] EXT4-fs (loop27): mounted filesystem 7d1522e1-9dfa-5edb-a43e-98e3a4d20250 ro without journal. Quota mode: none.
[   25.115177][  T278] EXT4-fs (loop60): mounted filesystem 7d1522e1-9dfa-5edb-a43e-98e3a4d20250 ro without journal. Quota mode: none.
[   25.130909][  T231] EXT4-fs (loop13): mounted filesystem 7d1522e1-9dfa-5edb-a43e-98e3a4d20250 ro without journal. Quota mode: none.
[   25.132095][  T275] EXT4-fs (loop54): mounted filesystem 7d1522e1-9dfa-5edb-a43e-98e3a4d20250 ro without journal. Quota mode: none.
[   25.132387][  T266] EXT4-fs (loop46): mounted filesystem 7d1522e1-9dfa-5edb-a43e-98e3a4d20250 ro without journal. Quota mode: none.
[   25.136205][  T233] EXT4-fs (loop14): mounted filesystem 7d1522e1-9dfa-5edb-a43e-98e3a4d20250 ro without journal. Quota mode: none.
[   25.137164][  T291] EXT4-fs (loop70): mounted filesystem 7d1522e1-9dfa-5edb-a43e-98e3a4d20250 ro without journal. Quota mode: none.
[   25.137815][  T222] EXT4-fs (loop5): mounted filesystem 7d1522e1-9dfa-5edb-a43e-98e3a4d20250 ro without journal. Quota mode: none.
[   25.138193][  T270] EXT4-fs (loop50): mounted filesystem 7d1522e1-9dfa-5edb-a43e-98e3a4d20250 ro without journal. Quota mode: none.
[   25.139778][  T252] EXT4-fs (loop33): mounted filesystem 7d1522e1-9dfa-5edb-a43e-98e3a4d20250 ro without journal. Quota mode: none.
[   25.140076][  T264] EXT4-fs (loop44): mounted filesystem 7d1522e1-9dfa-5edb-a43e-98e3a4d20250 ro without journal. Quota mode: none.
[   25.143896][  T307] EXT4-fs (loop86): mounted filesystem 7d1522e1-9dfa-5edb-a43e-98e3a4d20250 ro without journal. Quota mode: none.
[   25.168079][  T221] EXT4-fs (loop3): mounted filesystem 7d1522e1-9dfa-5edb-a43e-98e3a4d20250 ro without journal. Quota mode: none.
[   25.189217][  T286] EXT4-fs (loop67): mounted filesystem 7d1522e1-9dfa-5edb-a43e-98e3a4d20250 ro without journal. Quota mode: none.
[   25.190299][  T273] EXT4-fs (loop53): mounted filesystem 7d1522e1-9dfa-5edb-a43e-98e3a4d20250 ro without journal. Quota mode: none.
[   25.197945][  T295] EXT4-fs (loop74): mounted filesystem 7d1522e1-9dfa-5edb-a43e-98e3a4d20250 ro without journal. Quota mode: none.
[   25.203120][  T229] EXT4-fs (loop12): mounted filesystem 7d1522e1-9dfa-5edb-a43e-98e3a4d20250 ro without journal. Quota mode: none.
[   25.205993][  T220] EXT4-fs (loop4): mounted filesystem 7d1522e1-9dfa-5edb-a43e-98e3a4d20250 ro without journal. Quota mode: none.
[   25.210949][  T244] EXT4-fs (loop24): mounted filesystem 7d1522e1-9dfa-5edb-a43e-98e3a4d20250 ro without journal. Quota mode: none.
[   25.213387][  T281] EXT4-fs (loop59): mounted filesystem 7d1522e1-9dfa-5edb-a43e-98e3a4d20250 ro without journal. Quota mode: none.
[   25.577115][  T118] apexd-bootstrap: Activated 87 packages. duration=4739ms
[   25.660851][  T118] apexd-bootstrap: OnBootstrap done, duration=5866
[   25.858033][    T1] init: Service 'apexd-bootstrap' (pid 118) exited with status 0 waiting took 8.559000 seconds
[   25.860919][    T1] init: Sending SIGKILL to service 'apexd-bootstrap' (pid 118) process group...
[   25.870330][    T1] libprocessgroup: Removed cgroup /sys/fs/cgroup/system/uid_0/pid_118
[   26.207462][    T1] init: Parsing file /apex/com.android.adbd/etc/init.rc...
[   26.220726][    T1] init: Parsing file /apex/com.android.art/etc/init.rc...
[   26.225861][    T1] init: Parsing file /apex/com.android.compos/etc/init.rc...
[   26.229557][    T1] init: Parsing file /apex/com.android.configinfrastructure/etc/com.android.configinfrastrcture.init.rc...
[   26.232307][    T1] init: Parsing file /apex/com.android.hardware.audio/etc/android.hardware.audio.service-aidl.example.rc...
[   26.236106][    T1] init: Parsing file /apex/com.android.hardware.authsecret/etc/android.hardware.authsecret-service.example.rc...
[   26.238484][    T1] init: Parsing file /apex/com.android.hardware.biometrics.face.virtual/etc/face-virtual-apex.rc...
[   26.240910][    T1] init: Parsing file /apex/com.android.hardware.biometrics.fingerprint.virtual/etc/fingerprint-virtual.rc...
[   26.243120][    T1] init: Parsing file /apex/com.android.hardware.boot/etc/android.hardware.boot-service.default.rc...
[   26.248541][    T1] init: Parsing file /apex/com.android.hardware.cas/etc/cas-default.rc...
[   26.268160][    T1] init: Parsing file /apex/com.android.hardware.contexthub/etc/android.hardware.contexthub-service.example.rc...
[   26.271892][    T1] init: Parsing file /apex/com.android.hardware.drm.clearkey/etc/android.hardware.drm-service.clearkey.apex.rc...
[   26.274402][    T1] init: Parsing file /apex/com.android.hardware.dumpstate/etc/dumpstate-default.rc...
[   26.276464][    T1] init: Parsing file /apex/com.android.hardware.gatekeeper/etc/android.hardware.gatekeeper-service.nonsecure.rc...
[   26.278551][    T1] init: Parsing file /apex/com.android.hardware.gnss/etc/gnss-default.rc...
[   26.280536][    T1] init: Parsing file /apex/com.android.hardware.graphics.composer/etc/hwc3-drm.apex.rc...
[   26.283003][    T1] init: Parsing file /apex/com.android.hardware.input.processor/etc/inputprocessor-default.rc...
[   26.285121][    T1] init: Parsing file /apex/com.android.hardware.ir/etc/android.hardware.ir-service.example.rc...
[   26.287937][    T1] init: Parsing file /apex/com.android.hardware.keymint/etc/android.hardware.security.keymint-service.nonsecure.apex.rc...
[   26.290190][    T1] init: Parsing file /apex/com.android.hardware.memtrack/etc/memtrack-default-apex.rc...
[   26.292104][    T1] init: Parsing file /apex/com.android.hardware.net.nlinterceptor/etc/nlinterceptor.rc...
[   26.293909][    T1] init: Parsing file /apex/com.android.hardware.neuralnetworks/etc/android.hardware.neuralnetworks-service-sample-all.rc...
[   26.296485][    T1] init: Parsing file /apex/com.android.hardware.neuralnetworks/etc/android.hardware.neuralnetworks-service-sample-limited.rc...
[   26.297595][    T1] init: Parsing file /apex/com.android.hardware.neuralnetworks/etc/android.hardware.neuralnetworks-shim-service-sample.rc...
[   26.298734][    T1] init: Parsing file /apex/com.android.hardware.power/etc/com.android.hardware.power.rc...
[   26.300710][    T1] init: Parsing file /apex/com.android.hardware.rebootescrow/etc/rebootescrow-default.rc...
[   26.302806][    T1] init: Parsing file /apex/com.android.hardware.secure_element/etc/secure_element.rc...
[   26.304463][    T1] init: Parsing file /apex/com.android.hardware.security.authgraph/etc/authgraph.rc...
[   26.306065][    T1] init: Parsing file /apex/com.android.hardware.security.secretkeeper/etc/secretkeeper.rc...
[   26.307818][    T1] init: Parsing file /apex/com.android.hardware.tetheroffload/etc/tetheroffload-example.rc...
[   26.309838][    T1] init: Parsing file /apex/com.android.hardware.thermal/etc/android.hardware.thermal.example.rc...
[   26.311445][    T1] init: Parsing file /apex/com.android.hardware.threadnetwork/etc/threadnetwork-service.rc...
[   26.313257][    T1] init: Parsing file /apex/com.android.hardware.usb/etc/com.android.hardware.usb.rc...
[   26.315225][    T1] init: Parsing file /apex/com.android.hardware.uwb/etc/uwb-service.rc...
[   26.317174][    T1] init: Parsing file /apex/com.android.hardware.vibrator/etc/com.android.hardware.vibrator.rc...
[   26.318730][    T1] init: Parsing file /apex/com.android.hardware.wifi/etc/com.android.hardware.wifi.rc...
[   26.320601][    T1] init: Parsing file /apex/com.android.media.swcodec/etc/mediaswcodec.32rc...
[   26.322769][    T1] init: Parsing file /apex/com.android.media/etc/mediatranscoding.32rc...
[   26.324788][    T1] init: Parsing file /apex/com.android.os.statsd/etc/init.rc...
[   26.326674][    T1] init: Parsing file /apex/com.android.sdkext/etc/derive_classpath.rc...
[   26.328416][    T1] init: Parsing file /apex/com.android.sdkext/etc/derive_sdk.rc...
[   26.329430][    T1] init: Parsing file /apex/com.android.tethering/etc/netbpfload.35rc...
[   26.331706][    T1] init: Parsing file /apex/com.android.tethering/etc/ot-daemon.34rc...
[   26.332814][    T1] init: Parsing file /apex/com.android.uprobestats/etc/init.rc...
[   26.334658][    T1] init: Parsing file /apex/com.android.virt/etc/vfio_handler.rc...
[   26.335571][    T1] init: Parsing file /apex/com.android.virt/etc/virtualizationservice.rc...
[   26.336102][    T1] init: Parsing file /apex/com.android.virt/etc/vmnic.rc...
[   26.336562][    T1] init: Parsing file /apex/com.android.wifi/etc/mainline_supplicant.rc...
[   26.338333][    T1] init: Parsing file /apex/com.google.cf.bt/etc/com.google.cf.bt.default.rc...
[   26.340340][    T1] init: Parsing file /apex/com.google.cf.bt/etc/com.google.cf.bt.lpp.rc...
[   26.341407][    T1] init: Parsing file /apex/com.google.cf.confirmationui/etc/android.hardware.confirmationui-service.cuttlefish.rc...
[   26.343516][    T1] init: Parsing file /apex/com.google.cf.gralloc/etc/com.google.cf.gralloc.rc...
[   26.345195][    T1] init: Parsing file /apex/com.google.cf.health/etc/android.hardware.health-service.cuttlefish.rc...
[   26.346824][    T1] init: Parsing file /apex/com.google.cf.identity/etc/android.hardware.identity-service.remote.rc...
[   26.348389][    T1] init: Parsing file /apex/com.google.cf.input.config/etc/com.google.cf.input.config.rc...
[   26.354820][    T1] init: Parsing file /apex/com.google.cf.light/etc/lights-cuttlefish.rc...
[   26.356656][    T1] init: Parsing file /apex/com.google.cf.nfc/etc/nfc-service-cuttlefish.rc...
[   26.358173][    T1] init: Parsing file /apex/com.google.cf.oemlock/etc/android.hardware.oemlock-service.remote.rc...
[   26.359981][    T1] init: Parsing file /apex/com.google.cf.rild/etc/com.google.cf.rild.rc...
[   26.361678][    T1] init: Parsing file /apex/com.google.cf.vulkan/etc/com.google.cf.vulkan.rc...
[   26.363796][    T1] init: Parsing file /apex/com.google.cf.wifi/etc/com.google.cf.wifi.rc...
[   26.365891][    T1] init: Parsing file /apex/com.google.cf.wpa_supplicant/etc/com.google.cf.wpa_supplicant.rc...
[   26.367921][    T1] init: Parsing file /apex/com.google.emulated.camera.provider.hal/etc/com.google.emulated.camera.provider.hal.rc...
[   27.361634][    T1] init: linkerconfig generated /linkerconfig with mounted APEX modules info
[   27.365629][    T1] init: Command 'perform_apex_config' action=early-init (/system/etc/init/hw/init.rc:92) took 1417ms and succeeded
[   27.416162][    T1] init: processing action (ro.boot.bootchart.enabled= && early-init) from (/system/etc/init/hw/init.rc:113)
[   27.416896][    T1] init: processing action (early-init) from (/init.environ.rc:2)
[   27.417761][    T1] init: processing action (early-init) from (/system/etc/init/aconfigd.rc:26)
[   27.420204][    T1] init: Command 'mkdir /metadata/aconfig 0775 root system' action=early-init (/system/etc/init/aconfigd.rc:27) took 1ms and failed: mkdir() failed on /metadata/aconfig: Read-only file system
[   27.430104][    T1] init: starting service 'early_system_aconfigd_platform_init'...
[   27.466339][    T1] libprocessgroup: Created cgroup /sys/fs/cgroup/system/uid_1000/pid_398
[   27.497995][    T1] init: ... started service 'early_system_aconfigd_platform_init' has pid 398
[   27.502401][    T1] init: SVC_EXEC service 'early_system_aconfigd_platform_init' pid 398 (uid 1000 gid 1000+0 context default) started; waiting...
[   27.511011][    T1] init: Command 'exec_start early_system_aconfigd_platform_init' action=early-init (/system/etc/init/aconfigd.rc:31) took 89ms and succeeded
[   27.903641][  T398] main[398]: Starting aconfigd_system command: EarlyPlatformInit
[   27.906323][  T398] main[398]: Starting early-init platform init
[   27.932907][  T398] aconfigd_rust::utils[398]: build fingerprint is: generic/aosp_cf_arm64_only_phone/vsoc_arm64_only:17/CP2A.260605.016/16373615:userdebug/test-keys
[   27.935366][  T398] aconfigd_rust::aconfigd[398]: device build fingerprint generic/aosp_cf_arm64_only_phone/vsoc_arm64_only:17/CP2A.260605.016/16373615:userdebug/test-keys
[   27.936765][  T398] aconfigd_rust::utils[398]: security patch date is: 2026-06-05
[   27.937155][  T398] aconfigd_rust::aconfigd[398]: device security patch 2026-06-05
[   27.950623][  T398] aconfigd_rust::aconfigd[398]: start initialize system flags
[   27.971696][  T398] aconfigd_rust::storage_files[398]: create storage files object from container system
[   28.021837][  T398] aconfigd_rust::storage_files[398]: copy system storage files to persist and boot directories
[   28.046110][  T398] main[398]: Failed to initialize platform storage in early init: failed to copy file from /system/etc/aconfig/package.map to /metadata/aconfig/maps/system.package.new: Os { code: 2, kind: NotFound, message: "No such file or directory" }
[   28.075565][    T1] init: Service 'early_system_aconfigd_platform_init' (pid 398) exited with status 5 waiting took 0.615000 seconds
[   28.076846][    T1] init: Sending SIGKILL to service 'early_system_aconfigd_platform_init' (pid 398) process group...
[   28.083981][    T1] libprocessgroup: Removed cgroup /sys/fs/cgroup/system/uid_1000/pid_398
[   28.096996][    T1] init: processing action (ro.product.debugfs_restrictions.enabled=true && early-init) from (/system/etc/init/init-debug.rc:10)
[   28.172250][    T1] init: processing action (early-init) from (/system/etc/init/kcmdlinemodprobe.rc:16)
[   28.192505][    T1] init: starting service 'exec 1 (/system/bin/kcmdlinemodprobe)'...
[   28.226138][    T1] libprocessgroup: Created cgroup /sys/fs/cgroup/system/uid_0/pid_399
[   28.241492][    T1] init: ... started service 'exec 1 (/system/bin/kcmdlinemodprobe)' has pid 399
[   28.245590][    T1] init: SVC_EXEC service 'exec 1 (/system/bin/kcmdlinemodprobe)' pid 399 (uid 0 gid 0+0 context default) started; waiting...
[   28.248599][    T1] init: Command 'exec -- /system/bin/kcmdlinemodprobe' action=early-init (/system/etc/init/kcmdlinemodprobe.rc:17) took 75ms and succeeded
[   28.495671][  T399] rust_binder: Loaded Rust Binder.
[   28.559265][    T1] init: Service 'exec 1 (/system/bin/kcmdlinemodprobe)' (pid 399) exited with status 0 waiting took 0.339000 seconds
[   28.561882][    T1] init: Sending SIGKILL to service 'exec 1 (/system/bin/kcmdlinemodprobe)' (pid 399) process group...
[   28.573268][    T1] libprocessgroup: Removed cgroup /sys/fs/cgroup/system/uid_0/pid_399
[   28.577844][    T1] init: processing action (early-init) from (/system/etc/init/prng_seeder.rc:5)
[   28.593443][    T1] init: starting service 'prng_seeder'...
[   28.612412][    T1] init: Created socket '/dev/socket/prng_seeder', mode 666, user 1092, group 1092
[   28.642714][    T1] libprocessgroup: Created cgroup /sys/fs/cgroup/system/uid_1092
[   28.649609][    T1] libprocessgroup: Created cgroup /sys/fs/cgroup/system/uid_1092/pid_400
[   28.681860][    T1] init: ... started service 'prng_seeder' has pid 400
[   28.683369][    T1] init: Command 'start prng_seeder' action=early-init (/system/etc/init/prng_seeder.rc:6) took 104ms and succeeded
[   28.684006][    T1] init: processing action (ro.product.cpu.abilist64=* && early-init) from (/vendor/etc/boringssl_self_test.zygote64.rc:1)
[   28.769479][    T1] init: starting service 'boringssl_self_test64_vendor'...
[   28.843344][    T1] libprocessgroup: Created cgroup /sys/fs/cgroup/system/uid_0/pid_401
[   28.904419][    T1] init: ... started service 'boringssl_self_test64_vendor' has pid 401
[   28.906150][    T1] init: SVC_EXEC service 'boringssl_self_test64_vendor' pid 401 (uid 0 gid 0+0 context default) started; waiting...
[   28.909430][    T1] init: Command 'exec_start boringssl_self_test64_vendor' action=ro.product.cpu.abilist64=* && early-init (/vendor/etc/boringssl_self_test.zygote64.rc:2) took 224ms and succeeded
[   29.772826][    T1] init: Service 'boringssl_self_test64_vendor' (pid 401) exited with status 0 waiting took 0.937000 seconds
[   29.786653][    T1] init: Sending SIGKILL to service 'boringssl_self_test64_vendor' (pid 401) process group...
[   29.797096][    T1] libprocessgroup: Removed cgroup /sys/fs/cgroup/system/uid_0/pid_401
[   29.808141][    T1] init: processing action (early-init) from (/vendor/etc/init/init.cutf_cvm.rc:1)
[   29.855033][    T1] init: Command 'setprop hypervisor.memory_reclaim.supported ${ro.boot.hypervisor.vm.supported}' action=early-init (/vendor/etc/init/init.cutf_cvm.rc:5) took 6ms and failed: property 'ro.boot.hypervisor.vm.supported' doesn't exist while expanding '${ro.boot.hypervisor.vm.supported}'
[   29.876530][    T1] init: starting service 'vendor.dlkm_loader'...
[   29.911313][    T1] libprocessgroup: Created cgroup /sys/fs/cgroup/system/uid_0/pid_402
[   29.942927][    T1] init: ... started service 'vendor.dlkm_loader' has pid 402
[   29.946667][    T1] init: Command 'start vendor.dlkm_loader' action=early-init (/vendor/etc/init/init.cutf_cvm.rc:9) took 82ms and succeeded
[   29.964021][    T1] init: starting service 'exec 2 (/system/bin/modprobe -a -d /system/lib/modules zram.ko)'...
[   30.001261][    T1] libprocessgroup: Created cgroup /sys/fs/cgroup/system/uid_0/pid_403
[   30.036950][    T1] init: ... started service 'exec 2 (/system/bin/modprobe -a -d /system/lib/modules zram.ko)' has pid 403
[   30.040209][    T1] init: SVC_EXEC service 'exec 2 (/system/bin/modprobe -a -d /system/lib/modules zram.ko)' pid 403 (uid 0 gid 0+0 context u:r:modprobe:s0) started; waiting...
[   30.044818][    T1] init: Command 'exec u:r:modprobe:s0 -- /system/bin/modprobe -a -d /system/lib/modules zram.ko' action=early-init (/vendor/etc/init/init.cutf_cvm.rc:11) took 97ms and succeeded
[   30.118540][  T402] dlkm_loader: dlkm loader successfully initialized
[   30.325417][  T402] dlkm_loader: Loading module /vendor/lib/modules/ambakmi.ko with args ''
[   30.409655][  T402] dlkm_loader: Loaded kernel module /vendor/lib/modules/ambakmi.ko
[   30.426144][  T402] dlkm_loader: Loading module /vendor/lib/modules/armmmci.ko with args ''
[   30.473318][  T402] dlkm_loader: Loaded kernel module /vendor/lib/modules/armmmci.ko
[   30.497866][  T402] dlkm_loader: Loading module /system/lib/modules/rfkill.ko with args ''
[   30.548407][  T402] dlkm_loader: Loading module /system/lib/modules/bluetooth.ko with args ''
[   30.786518][  T402] Bluetooth: Core ver 2.22
[   30.816110][  T402] NET: Registered PF_BLUETOOTH protocol family
[   30.826572][  T402] Bluetooth: HCI device and connection manager initialized
[   30.845721][  T402] Bluetooth: HCI socket layer initialized
[   30.854622][  T402] Bluetooth: L2CAP socket layer initialized
[   30.872346][  T402] Bluetooth: SCO socket layer initialized
[   30.909342][  T402] dlkm_loader: Loaded kernel module /system/lib/modules/bluetooth.ko
[   30.918060][  T402] dlkm_loader: Loading module /vendor/lib/modules/btintel.ko with args ''
[   30.977678][  T403] zram: Added device: zram0
[   30.984368][  T402] dlkm_loader: Loaded kernel module /vendor/lib/modules/btintel.ko
[   31.001542][  T402] dlkm_loader: Loading module /vendor/lib/modules/btrtl.ko with args ''
[   31.063035][    T1] init: Service 'exec 2 (/system/bin/modprobe -a -d /system/lib/modules zram.ko)' (pid 403) exited with status 0 waiting took 1.063000 seconds
[   31.066493][    T1] init: Sending SIGKILL to service 'exec 2 (/system/bin/modprobe -a -d /system/lib/modules zram.ko)' (pid 403) process group...
[   31.067051][  T402] dlkm_loader: Loaded kernel module /vendor/lib/modules/btrtl.ko
[   31.079873][  T402] dlkm_loader: Loading module /system/lib/modules/btbcm.ko with args ''
[   31.081642][    T1] libprocessgroup: Removed cgroup /sys/fs/cgroup/system/uid_0/pid_403
[   31.122044][  T115] init: wait for '/dev/dri/card0' took 20ms
[   31.167337][    T1] init: starting service 'exec 3 (/vendor/bin/modprobe -d /vendor/lib/modules vkms.ko create_default_dev=0)'...
[   31.167950][  T402] dlkm_loader: Loaded kernel module /system/lib/modules/btbcm.ko
[   31.182244][  T402] dlkm_loader: Loading module /vendor/lib/modules/btusb.ko with args ''
[   31.245902][  T402] usbcore: registered new interface driver btusb
[   31.256029][    T1] libprocessgroup: Created cgroup /sys/fs/cgroup/system/uid_0/pid_405
[   31.260459][  T402] dlkm_loader: Loaded kernel module /vendor/lib/modules/btusb.ko
[   31.281690][  T402] dlkm_loader: Loading module /vendor/lib/modules/vexpress-config.ko with args ''
[   31.319702][  T402] dlkm_loader: Loaded kernel module /vendor/lib/modules/vexpress-config.ko
[   31.328962][  T402] dlkm_loader: Loading module /vendor/lib/modules/clk-vexpress-osc.ko with args ''
[   31.351877][    T1] init: ... started service 'exec 3 (/vendor/bin/modprobe -d /vendor/lib/modules vkms.ko create_default_dev=0)' has pid 405
[   31.359123][    T1] init: SVC_EXEC service 'exec 3 (/vendor/bin/modprobe -d /vendor/lib/modules vkms.ko create_default_dev=0)' pid 405 (uid 0 gid 0+0 context u:r:vendor_modprobe:s0) started; waiting...
[   31.368149][    T1] init: Command 'exec u:r:vendor_modprobe:s0 -- /vendor/bin/modprobe -d /vendor/lib/modules vkms.ko create_default_dev=0' action=early-init (/vendor/etc/init/init.cutf_cvm.rc:14) took 224ms and succeeded
[   31.439593][  T402] dlkm_loader: Loaded kernel module /vendor/lib/modules/clk-vexpress-osc.ko
[   31.455023][  T402] dlkm_loader: Loading module /vendor/lib/modules/drm_dma_helper.ko with args ''
[   31.489878][  T402] dlkm_loader: Loaded kernel module /vendor/lib/modules/drm_dma_helper.ko
[   31.491487][  T402] dlkm_loader: module dummy_cpufreq is blocklisted
[   31.493818][  T402] dlkm_loader: LoadWithAliases was unable to load dummy_cpufreq, tried: dummy_cpufreq
[   31.497284][  T402] dlkm_loader: Loading module /vendor/lib/modules/dummy_hcd.ko with args ''
[   31.558786][  T402] dummy_hcd dummy_hcd.0: USB Host+Gadget Emulator, driver 02 May 2005
[   31.576327][  T402] dummy_hcd dummy_hcd.0: Dummy host controller
[   31.592521][  T402] dummy_hcd dummy_hcd.0: new USB bus registered, assigned bus number 1
[   31.701201][  T402] usb usb1: New USB device found, idVendor=1d6b, idProduct=0002, bcdDevice= 6.12
[   31.706709][  T402] usb usb1: New USB device strings: Mfr=3, Product=2, SerialNumber=<SERIAL>
[   31.707585][  T402] usb usb1: Product: Dummy host controller
[   31.707880][  T402] usb usb1: Manufacturer: Linux 6.12.74-android16-6-g3ec022196c4e-ab15076761-4k dummy_hcd
[   31.708412][  T402] usb usb1: SerialNumber: <SERIAL>
[   31.789172][  T402] hub 1-0:1.0: USB hub found
[   31.807526][  T402] hub 1-0:1.0: 1 port detected
[   31.964768][  T402] dlkm_loader: Loaded kernel module /vendor/lib/modules/dummy_hcd.ko
[   31.974329][  T402] dlkm_loader: Loading module /vendor/lib/modules/goldfish_address_space.ko with args ''
[   31.995708][  T402] goldfish_address_space: loading out-of-tree module taints kernel.
[   32.033951][  T402] dlkm_loader: Loaded kernel module /vendor/lib/modules/goldfish_address_space.ko
[   32.046294][  T402] dlkm_loader: Loading module /vendor/lib/modules/goldfish_battery.ko with args ''
[   32.110485][  T402] dlkm_loader: Loaded kernel module /vendor/lib/modules/goldfish_battery.ko
[   32.122966][  T402] dlkm_loader: Loading module /vendor/lib/modules/goldfish_pipe.ko with args ''
[   32.219725][  T402] dlkm_loader: Loaded kernel module /vendor/lib/modules/goldfish_pipe.ko
[   32.274019][  T402] dlkm_loader: Loading module /vendor/lib/modules/goldfish_sync.ko with args ''
[   32.372511][  T402] dlkm_loader: Loaded kernel module /vendor/lib/modules/goldfish_sync.ko
[   32.417632][  T402] dlkm_loader: Loading module /system/lib/modules/can-dev.ko with args ''
[   32.449633][  T402] CAN device driver interface
[   32.462463][  T402] dlkm_loader: Loaded kernel module /system/lib/modules/can-dev.ko
[   32.468685][  T402] dlkm_loader: Loading module /vendor/lib/modules/gs_usb.ko with args ''
[   32.553384][  T402] usbcore: registered new interface driver gs_usb
[   32.577215][  T402] dlkm_loader: Loaded kernel module /vendor/lib/modules/gs_usb.ko
[   32.580004][    T1] init: Service 'exec 3 (/vendor/bin/modprobe -d /vendor/lib/modules vkms.ko create_default_dev=0)' (pid 405) exited with status 0 waiting took 1.345000 seconds
[   32.592012][  T402] dlkm_loader: Loading module /vendor/lib/modules/hci_vhci.ko with args ''
[   32.597193][    T1] init: Sending SIGKILL to service 'exec 3 (/vendor/bin/modprobe -d /vendor/lib/modules vkms.ko create_default_dev=0)' (pid 405) process group...
[   32.617546][    T1] libprocessgroup: Removed cgroup /sys/fs/cgroup/system/uid_0/pid_405
[   32.636662][    T1] init: processing action (early-init) from (/vendor/etc/init/init.cutf_cvm.rc:132)
[   32.683929][  T402] dlkm_loader: Loaded kernel module /vendor/lib/modules/hci_vhci.ko
[   32.695785][  T402] dlkm_loader: Loading module /vendor/lib/modules/kfifo_buf.ko with args ''
[   32.718460][    T1] init: processing action (early-init) from (/vendor/etc/init/init.cutf_cvm.rc:135)
[   32.726105][    T1] init: Command 'setprop ro.vendor.cuttlefish_service_bluetooth_checker ${ro.boot.cuttlefish_service_bluetooth_checker}' action=early-init (/vendor/etc/init/init.cutf_cvm.rc:136) took 3ms and failed: property 'ro.boot.cuttlefish_service_bluetooth_checker' doesn't exist while expanding '${ro.boot.cuttlefish_service_bluetooth_checker}'
[   32.729279][    T1] init: processing action (early-init) from (/vendor/etc/init/init_graphics.vendor.rc:1)
[   32.743164][  T402] dlkm_loader: Loaded kernel module /vendor/lib/modules/kfifo_buf.ko
[   32.744552][  T402] dlkm_loader: Loading module /vendor/lib/modules/mt76.ko with args ''
[   32.758485][    T1] init: Command 'setprop ro.hardware.vulkan ${ro.boot.hardware.vulkan}' action=early-init (/vendor/etc/init/init_graphics.vendor.rc:12) took 0ms and failed: property 'ro.boot.hardware.vulkan' doesn't exist while expanding '${ro.boot.hardware.vulkan}'
[   32.770229][    T1] init: Command 'setprop debug.angle.feature_overrides_disabled ${ro.boot.hardware.angle_feature_overrides_disabled}' action=early-init (/vendor/etc/init/init_graphics.vendor.rc:16) took 4ms and failed: property 'ro.boot.hardware.angle_feature_overrides_disabled' doesn't exist while expanding '${ro.boot.hardware.angle_feature_overrides_disabled}'
[   32.773716][  T402] dlkm_loader: Loaded kernel module /vendor/lib/modules/mt76.ko
[   32.774767][    T1] init: Command 'setprop debug.hwui.renderer ${ro.boot.hardware.guest_hwui_renderer}' action=early-init (/vendor/etc/init/init_graphics.vendor.rc:17) took 0ms and failed: property 'ro.boot.hardware.guest_hwui_renderer' doesn't exist while expanding '${ro.boot.hardware.guest_hwui_renderer}'
[   32.774914][  T402] dlkm_loader: Loading module /vendor/lib/modules/mt76-usb.ko with args ''
[   32.776112][    T1] init: Command 'setprop ro.zygote.disable_gl_preload ${ro.boot.hardware.guest_disable_renderer_preload}' action=early-init (/vendor/etc/init/init_graphics.vendor.rc:18) took 0ms and failed: property 'ro.boot.hardware.guest_disable_renderer_preload' doesn't exist while expanding '${ro.boot.hardware.guest_disable_renderer_preload}'
[   32.779612][    T1] init: processing action (ConnectEarlyStageSnapuserd) from (<Builtin Action>:0)
[   32.780430][    T1] init: processing action (wait_for_coldboot_done) from (<Builtin Action>:0)
[   32.781069][    T1] init: start_waiting_for_property("ro.cold_boot_done", "true"): already set
[   32.781453][    T1] init: processing action (CheckTradeInModeStatus) from (<Builtin Action>:0)
[   32.782810][    T1] init: processing action (SetMmapRndBits) from (<Builtin Action>:0)
[   32.786758][    T1] init: processing action (KeychordInit) from (<Builtin Action>:0)
[   32.857518][    T1] init: EVIOCSMASK not supported: Invalid argument
[   32.891040][  T402] dlkm_loader: Loaded kernel module /vendor/lib/modules/mt76-usb.ko
[   32.899199][  T402] dlkm_loader: Loading module /vendor/lib/modules/mt76x02-lib.ko with args ''
[   32.935726][  T402] dlkm_loader: Loaded kernel module /vendor/lib/modules/mt76x02-lib.ko
[   32.936105][  T402] dlkm_loader: Loading module /vendor/lib/modules/mt76x0-common.ko with args ''
[   32.941843][  T402] dlkm_loader: Loaded kernel module /vendor/lib/modules/mt76x0-common.ko
[   32.942916][  T402] dlkm_loader: Loading module /vendor/lib/modules/mt76x02-usb.ko with args ''
[   32.946199][  T402] dlkm_loader: Loaded kernel module /vendor/lib/modules/mt76x02-usb.ko
[   32.947182][  T402] dlkm_loader: Loading module /vendor/lib/modules/mt76x0u.ko with args ''
[   32.959393][  T402] usbcore: registered new interface driver mt76x0u
[   32.971967][  T402] dlkm_loader: Loaded kernel module /vendor/lib/modules/mt76x0u.ko
[   32.981398][  T402] dlkm_loader: Loading module /vendor/lib/modules/mt76x2-common.ko with args ''
[   33.006916][  T402] dlkm_loader: Loaded kernel module /vendor/lib/modules/mt76x2-common.ko
[   33.007631][  T402] dlkm_loader: Loading module /vendor/lib/modules/mt76x2u.ko with args ''
[   33.017488][  T402] usbcore: registered new interface driver mt76x2u
[   33.029932][  T402] dlkm_loader: Loaded kernel module /vendor/lib/modules/mt76x2u.ko
[   33.039842][  T402] dlkm_loader: Loading module /vendor/lib/modules/pl111_drm.ko with args ''
[   33.072185][    T1] init: Command 'KeychordInit' action=KeychordInit (<Builtin Action>:0) took 283ms and succeeded
[   33.089120][    T1] init: processing action (init) from (/system/etc/init/hw/init.rc:116)
[   33.131921][  T402] dlkm_loader: Loaded kernel module /vendor/lib/modules/pl111_drm.ko
[   33.144755][  T402] dlkm_loader: Loading module /vendor/lib/modules/psmouse.ko with args ''
[   33.264493][  T402] dlkm_loader: Loaded kernel module /vendor/lib/modules/psmouse.ko
[   33.278482][    T1] init: Command 'copy /proc/cmdline /dev/urandom' action=init (/system/etc/init/hw/init.rc:120) took 61ms and succeeded
[   33.321679][  T402] dlkm_loader: Loading module /vendor/lib/modules/pulse8-cec.ko with args ''
[   33.377414][  T402] dlkm_loader: Loaded kernel module /vendor/lib/modules/pulse8-cec.ko
[   33.395403][  T402] dlkm_loader: Loading module /vendor/lib/modules/rtc-test.ko with args ''
[   33.404973][    T1] init: Command 'write /dev/blkio/blkio.weight 1000' action=init (/system/etc/init/hw/init.rc:218) took 7ms and failed: Unable to write to file '/dev/blkio/blkio.weight': open() failed: Permission denied
[   33.406115][    T1] init: Command 'write /dev/blkio/background/blkio.weight 200' action=init (/system/etc/init/hw/init.rc:219) took 0ms and failed: Unable to write to file '/dev/blkio/background/blkio.weight': open() failed: Permission denied
[   33.407674][    T1] init: Command 'write /dev/blkio/blkio.group_idle 0' action=init (/system/etc/init/hw/init.rc:221) took 0ms and failed: Unable to write to file '/dev/blkio/blkio.group_idle': open() failed: Permission denied
[   33.410046][    T1] init: Command 'write /dev/blkio/background/blkio.group_idle 0' action=init (/system/etc/init/hw/init.rc:222) took 0ms and failed: Unable to write to file '/dev/blkio/background/blkio.group_idle': open() failed: Permission denied
[   33.478836][  T402] rtc-test rtc-test.0: registered as rtc1
[   33.522172][  T402] rtc-test rtc-test.1: registered as rtc2
[   33.539763][  T402] rtc-test rtc-test.2: registered as rtc3
[   33.643927][  T402] dlkm_loader: Loaded kernel module /vendor/lib/modules/rtc-test.ko
[   33.727646][  T402] dlkm_loader: Loading module /vendor/lib/modules/scmi_iio.ko with args ''
[   33.727795][    T1] init: Command 'mount binder binder /dev/binderfs stats=global' action=init (/system/etc/init/hw/init.rc:233) took 131ms and succeeded
[   33.840441][  T402] dlkm_loader: Loaded kernel module /vendor/lib/modules/scmi_iio.ko
[   33.848610][  T402] dlkm_loader: module snd_aloop is blocklisted
[   33.850761][  T402] dlkm_loader: LoadWithAliases was unable to load snd_aloop, tried: snd_aloop
[   33.864530][  T402] dlkm_loader: Loading module /vendor/lib/modules/system_heap.ko with args ''
[   34.036729][  T402] dlkm_loader: Loaded kernel module /vendor/lib/modules/system_heap.ko
[   34.051552][  T402] dlkm_loader: Loading module /vendor/lib/modules/usbip-core.ko with args ''
[   34.153820][  T402] dlkm_loader: Loaded kernel module /vendor/lib/modules/usbip-core.ko
[   34.173000][  T402] dlkm_loader: Loading module /vendor/lib/modules/v4l2-tpg.ko with args ''
[   34.260805][  T402] dlkm_loader: Loaded kernel module /vendor/lib/modules/v4l2-tpg.ko
[   34.268378][  T402] dlkm_loader: Loading module /vendor/lib/modules/v4l2loopback.ko with args ''
[   34.489716][  T402] v4l2loopback driver version 0.12.7 loaded
[   34.535232][  T402] dlkm_loader: Loaded kernel module /vendor/lib/modules/v4l2loopback.ko
[   34.573994][  T402] dlkm_loader: Loading module /vendor/lib/modules/vexpress-sysreg.ko with args ''
[   34.767495][  T402] dlkm_loader: Loaded kernel module /vendor/lib/modules/vexpress-sysreg.ko
[   34.803858][  T402] dlkm_loader: Loading module /vendor/lib/modules/vhci-hcd.ko with args ''
[   34.869974][  T402] vhci_hcd vhci_hcd.0: USB/IP Virtual Host Controller
[   34.873539][  T402] vhci_hcd vhci_hcd.0: new USB bus registered, assigned bus number 2
[   34.890982][  T402] vhci_hcd: created sysfs vhci_hcd.0
[   34.900055][  T402] usb usb2: New USB device found, idVendor=1d6b, idProduct=0002, bcdDevice= 6.12
[   34.905043][  T402] usb usb2: New USB device strings: Mfr=3, Product=2, SerialNumber=<SERIAL>
[   34.909371][  T402] usb usb2: Product: USB/IP Virtual Host Controller
[   34.910292][  T402] usb usb2: Manufacturer: Linux 6.12.74-android16-6-g3ec022196c4e-ab15076761-4k vhci_hcd
[   34.910878][  T402] usb usb2: SerialNumber: <SERIAL>
[   34.917602][  T402] hub 2-0:1.0: USB hub found
[   34.924633][  T402] hub 2-0:1.0: 8 ports detected
[   34.946811][  T402] vhci_hcd vhci_hcd.0: USB/IP Virtual Host Controller
[   34.949550][  T402] vhci_hcd vhci_hcd.0: new USB bus registered, assigned bus number 3
[   34.952153][  T402] usb usb3: We don't know the algorithms for LPM for this host, disabling LPM.
[   34.955115][  T402] usb usb3: New USB device found, idVendor=1d6b, idProduct=0003, bcdDevice= 6.12
[   34.955756][  T402] usb usb3: New USB device strings: Mfr=3, Product=2, SerialNumber=<SERIAL>
[   34.956199][  T402] usb usb3: Product: USB/IP Virtual Host Controller
[   34.956726][  T402] usb usb3: Manufacturer: Linux 6.12.74-android16-6-g3ec022196c4e-ab15076761-4k vhci_hcd
[   34.957295][  T402] usb usb3: SerialNumber: <SERIAL>
[   34.959484][  T402] hub 3-0:1.0: USB hub found
[   34.960742][  T402] hub 3-0:1.0: 8 ports detected
[   34.969608][  T402] dlkm_loader: Loaded kernel module /vendor/lib/modules/vhci-hcd.ko
[   34.974323][  T402] dlkm_loader: Loading module /vendor/lib/modules/virt_wifi.ko with args ''
[   35.011049][    T1] init: Command 'mount pstore pstore /sys/fs/pstore nodev noexec nosuid' action=init (/system/etc/init/hw/init.rc:414) took 412ms and succeeded
[   35.171994][  T402] dlkm_loader: Loaded kernel module /vendor/lib/modules/virt_wifi.ko
[   35.199454][  T402] dlkm_loader: Loading module /vendor/lib/modules/virtio-media.ko with args ''
[   35.275752][    T1] init: Command 'write /dev/cpu_variant:${ro.bionic.2nd_arch} ${ro.bionic.2nd_cpu_variant}' action=init (/system/etc/init/hw/init.rc:440) took 0ms and failed: property 'ro.bionic.2nd_arch' doesn't exist while expanding '/dev/cpu_variant:${ro.bionic.2nd_arch}'
[   35.291524][  T402] dlkm_loader: Loaded kernel module /vendor/lib/modules/virtio-media.ko
[   35.307144][  T402] dlkm_loader: Loading module /vendor/lib/modules/virtio_mmio.ko with args ''
[   35.308672][    T1] init: Command 'chmod 0444 /dev/cpu_variant:${ro.bionic.2nd_arch}' action=init (/system/etc/init/hw/init.rc:441) took 4ms and failed: property 'ro.bionic.2nd_arch' doesn't exist while expanding '/dev/cpu_variant:${ro.bionic.2nd_arch}'
[   35.342365][    T1] init: starting service 'logd'...
[   35.351005][    T1] init: Created socket '/dev/socket/logd', mode 666, user 1036, group 1036
[   35.352509][    T1] init: Created socket '/dev/socket/logdr', mode 666, user 1036, group 1036
[   35.355569][    T1] init: Created socket '/dev/socket/logdw', mode 222, user 1036, group 1036
[   35.419475][  T402] dlkm_loader: Loaded kernel module /vendor/lib/modules/virtio_mmio.ko
[   35.440208][  T402] dlkm_loader: Loading module /vendor/lib/modules/virtio_pmem.ko with args ''
[   35.505456][    T1] libprocessgroup: Created cgroup /sys/fs/cgroup/system/uid_1036
[   35.522565][    T1] libprocessgroup: Created cgroup /sys/fs/cgroup/system/uid_1036/pid_409
[   35.785298][  T312] nd_pmem namespace0.0: unable to guarantee persistence of writes
[   35.796995][    T1] init: ... started service 'logd' has pid 409
[   35.824398][    T1] init: Command 'start logd' action=init (/system/etc/init/hw/init.rc:454) took 495ms and succeeded
[   35.870888][    T1] init: starting service 'lmkd'...
[   35.883158][    T1] init: Created socket '/dev/socket/lmkd', mode 660, user 1000, group 1000
[   35.910915][  T312] nd_pmem namespace1.0: unable to guarantee persistence of writes
[   35.943053][  T402] dlkm_loader: Loaded kernel module /vendor/lib/modules/virtio_pmem.ko
[   35.957793][  T402] dlkm_loader: Loading module /vendor/lib/modules/virtio_snd.ko with args ''
[   35.958669][    T1] libprocessgroup: Created cgroup /sys/fs/cgroup/system/uid_1069
[   35.980650][    T1] libprocessgroup: Created cgroup /sys/fs/cgroup/system/uid_1069/pid_410
[   36.112759][    T1] init: ... started service 'lmkd' has pid 410
[   36.143404][    T1] init: Command 'start lmkd' action=init (/system/etc/init/hw/init.rc:461) took 285ms and succeeded
[   36.183980][    T1] init: starting service 'servicemanager'...
[   36.239524][    T1] libprocessgroup: Created cgroup /sys/fs/cgroup/system/uid_1000/pid_411
[   36.496042][    T1] init: ... started service 'servicemanager' has pid 411
[   36.505262][    T1] init: Command 'start servicemanager' action=init (/system/etc/init/hw/init.rc:464) took 346ms and succeeded
[   36.541613][    T1] init: starting service 'hwservicemanager'...
[   36.610780][    T1] libprocessgroup: Created cgroup /sys/fs/cgroup/system/uid_1000/pid_412
[   36.621676][  T402] dlkm_loader: Loaded kernel module /vendor/lib/modules/virtio_snd.ko
[   36.645090][  T402] dlkm_loader: Loading module /vendor/lib/modules/virtual-cpufreq.ko with args ''
[   36.831549][    T1] init: ... started service 'hwservicemanager' has pid 412
[   36.855578][    T1] init: Command 'start hwservicemanager' action=init (/system/etc/init/hw/init.rc:465) took 330ms and succeeded
[   36.899516][    T1] init: Command 'start vndservicemanager' action=init (/system/etc/init/hw/init.rc:466) took 11ms and failed: service vndservicemanager not found
[   36.938725][  T402] dlkm_loader: Loaded kernel module /vendor/lib/modules/virtual-cpufreq.ko
[   36.975536][  T402] dlkm_loader: module vivid is blocklisted
[   36.978789][    T1] init: Command 'mkdir <HOST_PATH> 0755 root root' action=init (/system/etc/init/hw/init.rc:469) took 56ms and succeeded
[   36.981525][  T402] dlkm_loader: LoadWithAliases was unable to load vivid, tried: vivid
[   36.985216][  T402] dlkm_loader: module vkms is blocklisted
[   36.987212][  T402] dlkm_loader: LoadWithAliases was unable to load vkms, tried: vkms
[   37.067898][  T402] dlkm_loader: module load count is 44
[   37.275671][    T1] init: Service 'vendor.dlkm_loader' (pid 402) exited with status 0 oneshot service took 7.362000 seconds in background
[   37.283467][    T1] init: Sending SIGKILL to service 'vendor.dlkm_loader' (pid 402) process group...
[   37.304061][    T1] libprocessgroup: Removed cgroup /sys/fs/cgroup/system/uid_0/pid_402
[   37.474442][    T1] init: Command 'mkdir <HOST_PATH> 0770 system system' action=init (/system/etc/init/hw/init.rc:474) took 74ms and succeeded
[   37.502782][    T1] init: processing action (ro.debuggable=1 && init) from (/system/etc/init/hw/init.rc:1306)
[   37.548001][    T1] init: starting service 'console'...
[   37.731458][    T1] libprocessgroup: Created cgroup /sys/fs/cgroup/system/uid_2000
[   38.122794][    T1] libprocessgroup: Created cgroup /sys/fs/cgroup/system/uid_2000/pid_413
[   38.549790][    T1] init: ... started service 'console' has pid 413
[   38.565757][    T1] init: Command 'start console' action=ro.debuggable=1 && init (/system/etc/init/hw/init.rc:1307) took 1038ms and succeeded
[   38.583483][    T1] init: processing action (ro.product.cpu.abilist64=* && init) from (/system/etc/init/hw/init.boringssl.zygote64.rc:1)
[   38.604573][    T1] init: starting service 'boringssl_self_test64'...
[   38.881274][    T1] libprocessgroup: Created cgroup /sys/fs/cgroup/system/uid_9999
[   39.212380][  T411] servicemanager: Starting sm instance on /dev/binder
[   39.214810][    T1] libprocessgroup: Created cgroup /sys/fs/cgroup/system/uid_9999/pid_420
[   39.374223][    C2] hrtimer: interrupt took 10271459 ns
[   39.675565][    T1] init: ... started service 'boringssl_self_test64' has pid 420
[   39.693334][    T1] init: SVC_EXEC service 'boringssl_self_test64' pid 420 (uid 9999 gid 0+0 context default) started; waiting...
[   39.706832][    T1] init: Command 'exec_start boringssl_self_test64' action=ro.product.cpu.abilist64=* && init (/system/etc/init/hw/init.boringssl.zygote64.rc:2) took 1116ms and succeeded
[   40.035660][  T411] SELinux: Multiple same specifications for android.hardware.secure_element.ISecureElement/eSE1.
[   40.085296][  T411] SELinux: SELinux: Loaded service context from:
[   40.107327][  T411] SELinux: 		/system/etc/selinux/plat_service_contexts
[   40.125254][  T411] SELinux: 		/system_ext/etc/selinux/system_ext_service_contexts
[   40.128497][  T411] SELinux: 		/product/etc/selinux/product_service_contexts
[   40.151124][  T411] SELinux: 		/vendor/etc/selinux/vendor_service_contexts
[   40.153339][  T411] SELinux: 		/odm/etc/selinux/odm_service_contexts
[   41.279760][  T409] logd: libprocessgroup: A JoinCgroup action in the SystemMemoryProcess profile is used for controller memory in the cgroup v2 hierarchy and will be ignored
[   41.585196][    T1] init: Service 'console' (pid 413) exited with status 0
[   41.590052][    T1] init: Sending SIGKILL to service 'console' (pid 413) process group...
[   41.615347][    T1] libprocessgroup: Removed cgroup /sys/fs/cgroup/system/uid_2000/pid_413
[   41.674401][    T1] init: Service 'boringssl_self_test64' (pid 420) exited with status 0 waiting took 2.879000 seconds
[   41.689446][    T1] init: Sending SIGKILL to service 'boringssl_self_test64' (pid 420) process group...
[   41.695289][    T1] libprocessgroup: Removed cgroup /sys/fs/cgroup/system/uid_9999/pid_420
[   41.699547][    T1] init: processing action (ro.board.api_level=202604 && init) from (/system/etc/init/android.system.suspend-service.rc:7)
[   41.706807][    T1] init: processing action (init) from (/system/etc/init/audioserver.rc:66)
[   41.719052][    T1] init: processing action (init) from (/system/etc/init/perfetto.rc:163)
[   41.727174][    T1] init: processing action (init) from (/vendor/etc/init/init.cutf_cvm.rc:23)
[   41.984206][    T1] init: Command 'write /sys/block/zram0/comp_algorithm lz4' action=init (/vendor/etc/init/init.cutf_cvm.rc:25) took 229ms and succeeded
[   42.125869][    T1] init: Command 'mkdir /dev/cpuctl/foreground' action=init (/vendor/etc/init/init.cutf_cvm.rc:28) took 73ms and succeeded
[   42.339180][    T1] init: Command 'mkdir /dev/cpuctl/background' action=init (/vendor/etc/init/init.cutf_cvm.rc:29) took 113ms and succeeded
[   42.415099][  T409] logd.auditd: start
[   42.430268][  T409] logd.klogd: 40984350976
[   42.651321][    T1] init: Command 'chmod 0664 /dev/cpuctl/tasks' action=init (/vendor/etc/init/init.cutf_cvm.rc:42) took 58ms and succeeded
[   42.701208][    T1] init: processing action (init) from (/apex/com.google.cf.vulkan/etc/com.google.cf.vulkan.rc:4)
[   42.777525][  T409] logd: Loaded bug_map file: /system_ext/etc/selinux/bug_map
[   42.780176][    T1] init: Command 'setprop ro.vulkan.apex com.google.cf.vulkan' action=init (/apex/com.google.cf.vulkan/etc/com.google.cf.vulkan.rc:5) took 52ms and succeeded
[   42.788630][    T1] init: processing action (CopyRollbackLogs) from (<Builtin Action>:0)
[   42.790575][    T1] init: processing action (late-init) from (/system/etc/init/hw/init.rc:518)
[   42.792156][    T1] init: processing action (late-init) from (/system/etc/init/atrace.rc:3)
[   42.830773][  T409] logd: Loaded bug_map file: /vendor/etc/selinux/selinux_denial_metadata
[   42.870640][  T409] logd: Loaded bug_map file: /system/etc/selinux/bug_map
[   43.263108][  T425] type=1403 audit(1791395665.444:2): auid=4294967295 ses=4294967295 lsm=selinux res=1
[   43.281712][    T1] init: Command 'write /proc/sys/kernel/sched_schedstats 1' action=late-init (/system/etc/init/atrace.rc:10) took 86ms and succeeded
[   43.320648][  T425] type=1300 audit(1791395665.444:2): arch=c00000b7 syscall=64 success=yes exit=911737 a0=4 a1=b400007d9a6e3680 a2=de979 a3=ffffffffffffffff items=0 ppid=0 auid=4294967295 uid=0 gid=0 euid=0 suid=0 fsuid=0 egid=0 sgid=0 fsgid=0 tty=(none) ses=4294967295 comm="init" exe="/system/bin/init" subj=u:r:kernel:s0 key=(null)
[   43.346129][  T425] type=1309 audit(1791395665.444:2): argc=1 a0="/system/bin/init"
[   43.348411][  T425] type=1327 audit(1791395665.444:2): proctitle=2F73797374656D2F62696E2F696E69740073656C696E75785F7365747570
[   43.355172][  T425] type=1320 audit(1791395665.444:2): 
[   43.357212][  T425] type=1404 audit(1791395665.620:3): enforcing=1 old_enforcing=0 auid=4294967295 ses=4294967295 enabled=1 old-enabled=1 lsm=selinux res=1
[   43.363570][  T425] type=1300 audit(1791395665.620:3): arch=c00000b7 syscall=64 success=yes exit=1 a0=4 a1=7ff40d47a0 a2=1 a3=14 items=0 ppid=0 auid=4294967295 uid=0 gid=0 euid=0 suid=0 fsuid=0 egid=0 sgid=0 fsgid=0 tty=(none) ses=4294967295 comm="init" exe="/system/bin/init" subj=u:r:kernel:s0 key=(null)
[   43.369393][  T425] type=1327 audit(1791395665.620:3): proctitle=2F73797374656D2F62696E2F696E69740073656C696E75785F7365747570
[   43.373121][  T425] type=1320 audit(1791395665.620:3): 
[   43.391329][  T425] type=1305 audit(1791395693.724:4): op=set audit_pid=409 old=0 auid=4294967295 ses=4294967295 subj=u:r:logd:s0 res=1
[   43.427662][  T425] type=1300 audit(1791395693.724:4): arch=c00000b7 syscall=206 success=yes exit=60 a0=b a1=7fda738f40 a2=3c a3=0 items=0 ppid=1 auid=4294967295 uid=1036 gid=1036 euid=1036 suid=1036 fsuid=1036 egid=1036 sgid=1036 fsgid=1036 tty=(none) ses=4294967295 comm="logd" exe="/system/bin/logd" subj=u:r:logd:s0 key=(null)
[   43.428540][    T1] init: Command 'copy /system/etc/ftrace_synthetic_events.conf /sys/kernel/tracing/synthetic_events' action=late-init (/system/etc/init/atrace.rc:290) took 58ms and succeeded
[   43.429688][  T425] type=1327 audit(1791395693.724:4): proctitle="/system/bin/logd"
[   43.429812][  T425] type=1320 audit(1791395693.724:4): 
[   43.459024][    T1] init: processing action (ro.boot.fastboot.boottrace= && late-init) from (/system/etc/init/atrace.rc:309)
[   43.493410][    T1] init: processing action (queue_property_triggers) from (<Builtin Action>:0)
[   43.499813][    T1] init: processing action (early-fs) from (/system/etc/init/hw/init.rc:551)
[   43.520730][    T1] init: starting service 'vold'...
[   43.577213][    T1] libprocessgroup: Created cgroup /sys/fs/cgroup/system/uid_0/pid_426
[   43.658598][    T1] init: ... started service 'vold' has pid 426
[   43.668534][    T1] init: Command 'start vold' action=early-fs (/system/etc/init/hw/init.rc:553) took 159ms and succeeded
[   43.671021][    T1] init: processing action (fs) from (/system/etc/init/logd.rc:29)
[   43.710218][    T1] init: processing action (fs) from (/system/etc/init/wifi.rc:25)
[   43.733270][    T1] init: processing action (fs) from (/vendor/etc/init/init.cutf_cvm.rc:48)
[   43.929448][    T1] init: [libfs_mgr] Invalid ext4 superblock on '/dev/block/by-name/metadata'
[   43.947113][    T1] init: [libfs_mgr] mount_with_alternatives(): skipping mount due to invalid magic, mountpoint=/metadata blk_dev=/dev/block/vda6 rec[7].fs_type=ext4
[   43.953292][    T1] init: [libfs_mgr] Invalid ext4 superblock on '/dev/block/by-name/metadata'
[   43.954450][    T1] init: [libfs_mgr] mount_with_alternatives(): skipping mount due to invalid magic, mountpoint=/metadata blk_dev=/dev/block/vda6 rec[8].fs_type=ext4
[   43.959499][    T1] init: [libfs_mgr] fs_mgr_mount_all(): /dev/block/vda6 is wiped and /metadata ext4 is formattable. Format it.
[   43.972107][    T1] init: [libfs_mgr] fs_mgr_do_format: Format /dev/block/by-name/metadata as 'ext4'
[   44.463281][    T1] mke2fs: mke2fs 1.47.2 (1-Jan-2025)
[   45.023295][    T1] mke2fs: Discarding device blocks:     0/16384           done                            
[   45.393681][    T1] mke2fs: Creating filesystem with 16384 4k blocks and 16384 inodes
[   45.447161][    T1] mke2fs: 
[   45.583383][    T1] mke2fs: Allocating group tables: 0/1   done                            
[   45.652113][    T1] mke2fs: Writing inode tables: 0/1   done                            
[   45.969221][    T1] mke2fs: Creating journal (1024 blocks): done
[   46.248201][    T1] mke2fs: Writing superblocks and filesystem accounting information: 0/1   done
[   46.298621][    T1] mke2fs: 
[   47.439277][    T1] e2fsdroid: Created filesystem with 11/16384 inodes and 3081/16384 blocks
[   47.605601][  T426] hw-ProcessState: HwBinder is not supported on this device but this process is calling setThreadPoolConfiguration
[   47.865925][    T1] init: [libfs_mgr] superblock s_max_mnt_count:65535,/dev/block/by-name/metadata
[   48.111102][    T1] init: [libfs_mgr] check_fs(): mount(/dev/block/by-name/metadata,/metadata,ext4)=0: Success
[   48.171198][  T426] libbinder.BackendUnifiedServiceManager: Thread Pool max thread count is 0. Cannot cache binder as linkToDeath cannot be implemented. serviceName: vold
[   48.300094][  T411] servicemanager: getDeviceHalManifest: Reading VINTF information.
[   48.303821][    T1] init: [libfs_mgr] umount_retry(): unmount(/metadata) succeeded
[   48.339896][    T1] init: [libfs_mgr] Running /system/bin/e2fsck on /dev/block/vda6
[   48.341463][  T411] servicemanager: Loaded APEX Infos from /apex/apex-info-list.xml
[   48.452026][  T411] servicemanager: Loaded APEX Infos from /apex/apex-info-list.xml
[   48.454531][  T411] servicemanager: getDeviceHalManifest: Successfully processed VINTF information
[   48.459804][  T411] servicemanager: getFrameworkHalManifest: Reading VINTF information.
[   48.480393][  T411] servicemanager: Loaded APEX Infos from /apex/apex-info-list.xml
[   48.503312][  T411] servicemanager: getFrameworkHalManifest: Successfully processed VINTF information
[   48.527374][  T411] servicemanager: Caller(pid=426,uid=0,sid=u:r:vold:s0) Found android.system.vold.IVold/default in framework VINTF manifest.
[   48.613670][  T411] servicemanager: Caller(pid=426,uid=0,sid=u:r:vold:s0) Found android.system.vold.IVold/default in framework VINTF manifest.
[   49.172040][    T1] e2fsck: /dev/block/by-name/metadata: clean, 11/16384 files, 3081/16384 blocks
[   49.295559][    T1] init: [libfs_mgr] fsck on /metadata took 1404ms
[   49.308062][    T1] init: [libfs_mgr] superblock s_max_mnt_count:65535,/dev/block/by-name/metadata
[   49.371442][    T1] init: [libfs_mgr] Enabling ext4 verity on /dev/block/by-name/metadata
[   49.701855][    T1] tune2fs: tune2fs 1.47.2 (1-Jan-2025)
[   49.870059][    T1] init: [libfs_mgr] __mount(source=/dev/block/by-name/metadata,target=/metadata,type=ext4)=0: Success
[   49.896245][    T1] init: [libfs_mgr] mount_with_alternatives(): skipping fstab dup mountpoint=/metadata rec[8].fs_type=ext4 already mounted as ext4
[   50.127879][    T1] virtio-fs: tag <shared> not found
[   50.160024][    T1] init: [libfs_mgr] __mount(source=shared,target=<HOST_PATH>,type=virtiofs)=-1: Invalid argument
[   50.190836][    T1] init: [libfs_mgr] fsck on <HOST_PATH> took 22ms
[   50.195173][    T1] virtio-fs: tag <shared> not found
[   50.197362][    T1] init: [libfs_mgr] __mount(source=shared,target=<HOST_PATH>,type=virtiofs)=-1: Invalid argument
[   50.203802][    T1] init: [libfs_mgr] Ignoring failure to mount an un-encryptable, interrupted, or wiped partition on shared at <HOST_PATH> options: : No such file or directory
[   50.212051][    T1] init: Command 'mount_all --early' action=fs (/vendor/etc/init/init.cutf_cvm.rc:52) took 6438ms and succeeded
[   50.419927][    T1] init: processing action (post-fs) from (/system/etc/init/hw/init.rc:555)
[   50.445842][    T1] init: starting service 'exec 4 (/system/bin/vdc checkpoint markBootAttempt)'...
[   50.509856][    T1] libprocessgroup: Created cgroup /sys/fs/cgroup/system/uid_1000/pid_439
[   50.535662][    T1] init: ... started service 'exec 4 (/system/bin/vdc checkpoint markBootAttempt)' has pid 439
[   50.542111][    T1] init: SVC_EXEC service 'exec 4 (/system/bin/vdc checkpoint markBootAttempt)' pid 439 (uid 1000 gid 1000+0 context default) started; waiting...
[   50.547240][    T1] init: Command 'exec - system system -- /system/bin/vdc checkpoint markBootAttempt' action=post-fs (/system/etc/init/hw/init.rc:556) took 119ms and succeeded
[   50.711285][  T439] libbinder.BackendUnifiedServiceManager: Thread Pool max thread count is 0. Cannot cache binder as linkToDeath cannot be implemented. serviceName: vold
[   50.823345][    T1] init: Service 'exec 4 (/system/bin/vdc checkpoint markBootAttempt)' (pid 439) exited with status 0 waiting took 0.323000 seconds
[   50.830329][    T1] init: Sending SIGKILL to service 'exec 4 (/system/bin/vdc checkpoint markBootAttempt)' (pid 439) process group...
[   50.842272][    T1] libprocessgroup: Removed cgroup /sys/fs/cgroup/system/uid_1000/pid_439
[   50.906950][    T1] init: Command 'chown system cache /cache' action=post-fs (/system/etc/init/hw/init.rc:571) took 0ms and failed: lchown() failed: Read-only file system
[   50.907584][    T1] init: Command 'chmod 0770 /cache' action=post-fs (/system/etc/init/hw/init.rc:572) took 0ms and failed: fchmodat() failed: Read-only file system
[   50.970420][    T1] init: Command 'restorecon_recursive /metadata' action=post-fs (/system/etc/init/hw/init.rc:611) took 53ms and succeeded
[   51.067089][    T1] init: Command 'mkdir /metadata/vold' action=post-fs (/system/etc/init/hw/init.rc:612) took 94ms and succeeded
[   51.102582][    T1] init: processing action (post-fs) from (/system/etc/init/aconfigd.rc:33)
[   51.109551][    T1] init: starting service 'system_aconfigd_platform_init'...
[   51.153165][    T1] libprocessgroup: Created cgroup /sys/fs/cgroup/system/uid_1000/pid_440
[   51.201241][    T1] init: ... started service 'system_aconfigd_platform_init' has pid 440
[   51.205299][    T1] init: SVC_EXEC service 'system_aconfigd_platform_init' pid 440 (uid 1000 gid 1000+0 context default) started; waiting...
[   51.213153][    T1] init: Command 'exec_start system_aconfigd_platform_init' action=post-fs (/system/etc/init/aconfigd.rc:38) took 106ms and succeeded
[   51.797371][    T1] init: Service 'system_aconfigd_platform_init' (pid 440) exited with status 0 waiting took 0.648000 seconds
[   51.802848][    T1] init: Sending SIGKILL to service 'system_aconfigd_platform_init' (pid 440) process group...
[   51.820860][    T1] libprocessgroup: Removed cgroup /sys/fs/cgroup/system/uid_1000/pid_440
[   51.853566][    T1] init: processing action (post-fs) from (/system/etc/init/atrace_userdebug.rc:7)
[   51.869660][    T1] init: processing action (post-fs) from (/system/etc/init/gsid.rc:8)
[   51.883006][    T1] init: processing action (post-fs) from (/system/etc/init/recovery-refresh.rc:1)
[   51.893888][    T1] init: starting service 'exec 5 (/system/bin/recovery-refresh)'...
[   51.935022][    T1] libprocessgroup: Created cgroup /sys/fs/cgroup/system/uid_1000/pid_441
[   51.957877][    T1] init: ... started service 'exec 5 (/system/bin/recovery-refresh)' has pid 441
[   51.963617][    T1] init: Command 'exec_background - system log -- /system/bin/recovery-refresh' action=post-fs (/system/etc/init/recovery-refresh.rc:2) took 79ms and succeeded
[   51.971693][    T1] init: processing action (late-fs) from (/system/etc/init/hw/init.rc:635)
[   52.004205][    T1] init: starting service 'system_suspend'...
[   52.027072][    T1] libprocessgroup: Created cgroup /sys/fs/cgroup/system/uid_1000/pid_442
[   52.135713][    T1] init: ... started service 'system_suspend' has pid 442
[   52.173643][    T1] init: starting service 'keystore2'...
[   52.212339][    T1] libprocessgroup: Created cgroup /sys/fs/cgroup/system/uid_1017
[   52.232701][    T1] libprocessgroup: Created cgroup /sys/fs/cgroup/system/uid_1017/pid_443
[   52.280547][    T1] init: ... started service 'keystore2' has pid 443
[   52.286683][    T1] init: starting service 'suspend_blocker'...
[   52.327881][    T1] libprocessgroup: Created cgroup /sys/fs/cgroup/system/uid_0/pid_444
[   52.555249][    T1] init: ... started service 'suspend_blocker' has pid 444
[   52.605248][    T1] init: starting service 'vendor.boot-default'...
[   52.678940][    T1] libprocessgroup: Created cgroup /sys/fs/cgroup/system/uid_0/pid_446
[   52.959707][  T411] servicemanager: Caller(pid=442,uid=1000,sid=u:r:system_suspend:s0) Found android.system.suspend.ISystemSuspend/default in framework VINTF manifest.
[   53.039881][    T1] init: ... started service 'vendor.boot-default' has pid 446
[   53.094105][    T1] init: starting service 'vendor.gatekeeper_nonsecure'...
[   53.147748][    T1] libprocessgroup: Created cgroup /sys/fs/cgroup/system/uid_1000/pid_448
[   53.202745][    T1] init: ... started service 'vendor.gatekeeper_nonsecure' has pid 448
[   53.228164][    T1] init: starting service 'vendor.keymint-default'...
[   53.284861][    T1] libprocessgroup: Created cgroup /sys/fs/cgroup/system/uid_9999/pid_449
[   53.875100][    T1] init: ... started service 'vendor.keymint-default' has pid 449
[   53.917620][    T1] init: Command 'class_start early_hal' action=late-fs (/system/etc/init/hw/init.rc:642) took 1912ms and succeeded
[   53.950693][    T1] init: Service 'exec 5 (/system/bin/recovery-refresh)' (pid 441) exited with status 254 oneshot service took 2.018000 seconds in background
[   53.962183][    T1] init: Sending SIGKILL to service 'exec 5 (/system/bin/recovery-refresh)' (pid 441) process group...
[   54.051243][    T1] libprocessgroup: Removed cgroup /sys/fs/cgroup/system/uid_1000/pid_441
[   54.176287][  T446] android.hardware.boot-service.default: [libfstab] Using Android DT directory /proc/device-tree/firmware/android/
[   54.186859][    T1] init: processing action (late-fs) from (/system/etc/init/hw/init.rc:649)
[   54.194629][  T411] servicemanager: Caller(pid=444,uid=0,sid=u:r:suspend_blocker:s0) Found android.system.suspend.ISystemSuspend/default in framework VINTF manifest.
[   54.442162][    T1] init: Command 'setprop bootreceiver.enable ${bootreceiver.enable:-1}' action=late-fs (/system/etc/init/hw/init.rc:651) took 122ms and succeeded
[   54.496788][    T1] init: processing action (late-fs) from (/vendor/etc/init/init.cutf_cvm.rc:71)
[   54.711934][    T1] init: Calling: /system/bin/vdc checkpoint needsCheckpoint
[   55.203812][  T411] servicemanager: Caller(pid=446,uid=0,sid=u:r:hal_bootctl_default:s0) Found android.hardware.boot.IBootControl/default in device VINTF manifest.
[   55.222566][  T446] libbinder.BackendUnifiedServiceManager: Thread Pool max thread count is 0. Cannot cache binder as linkToDeath cannot be implemented. serviceName: android.hardware.boot.IBootControl/default
[   55.233573][  T446] android.hardware.boot-service.default: IBootControl AIDL service running...
[   55.342192][  T450] libbinder.BackendUnifiedServiceManager: Thread Pool max thread count is 0. Cannot cache binder as linkToDeath cannot be implemented. serviceName: vold
[   55.469924][  T411] servicemanager: Caller(pid=426,uid=0,sid=u:r:vold:s0) Found android.hardware.boot.IBootControl/default in device VINTF manifest.
[   55.743076][    T1] vdc: vdc terminated by exit(1)
[   55.751920][    T1] vdc: 
[   55.841873][    T1] init: [libfs_mgr] Running /system/bin/fsck.f2fs -a -c 10000 --debug-cache /dev/block/by-name/userdata
[   57.170727][    T1] fsck.f2fs: Info: Automatic fix mode enabled.
[   57.584146][    T1] fsck.f2fs: Info: not exist /proc/version!
[   57.672772][    T1] fsck.f2fs: Info: MKFS version
[   57.709948][    T1] fsck.f2fs:   "6.17.0-1008-gcp"
[   57.715053][    T1] fsck.f2fs: Info: FSCK version
[   57.727575][    T1] fsck.f2fs:   from "6.17.0-1008-gcp"
[   57.741954][    T1] fsck.f2fs:     to "6.12.74-android16-6-g3ec022196c4e-ab15076761-4k"
[   57.763022][    T1] fsck.f2fs: Info: superblock features = 3499 :  encrypt extra_attr project_quota quota verity casefold compression
[   57.772872][    T1] fsck.f2fs: Info: superblock encrypt level = 0, salt = 00000000000000000000000000000000
[   57.777029][    T1] fsck.f2fs: Info: Segments per section = 1
[   57.789624][    T1] fsck.f2fs: Info: Sections per zone = 1
[   57.800559][    T1] fsck.f2fs: Info: total FS sectors = 16777216 (8192 MB)
[   57.964899][    T1] fsck.f2fs: Info: CKPT version = 7847aff1
[   58.020966][    T1] fsck.f2fs: Info: Casefold: linear_lookup [disable]
[   58.030242][    T1] fsck.f2fs: Info: version timestamp cur: 0, prev: 0
[   58.064916][    T1] fsck.f2fs: [update_superblock: 935] Info: Done to update superblock
[   58.141348][    T1] fsck.f2fs: Info: checkpoint state = 81 :  nat_bits unmount
[   58.156969][    T1] fsck.f2fs: Info: No error was reported
[   58.188588][    T1] fsck.f2fs: 
[   58.227389][    T1] fsck.f2fs: c, u, RA, CH, CM, Repl=
[   58.230688][    T1] fsck.f2fs: 10000 10 10 0 10 0
[   58.492351][    T1] init: [libfs_mgr] fsck on /data took 2672ms
[   58.514366][    T1] init: Mount point /dev/block/by-name/userdata @ /data uses metadata encryption, which means we need to unmount it later and call encryptFstab/encrypt_inplace. To avoid file operations before encryption, we will mount it as read-only first
[   58.741849][    T1] F2FS-fs (vda9): Using encoding defined by superblock: utf8-12.1.0 with flags 0x2
[   59.307432][    T1] F2FS-fs (vda9): checkpoint=disable on readonly fs
[   59.611630][    T1] init: [libfs_mgr] Kernel does not support ,nodiscard,checkpoint=disable:0%, trying without.: Invalid argument
[   59.722293][    T1] F2FS-fs (vda9): Using encoding defined by superblock: utf8-12.1.0 with flags 0x2
[   59.987687][    T1] F2FS-fs (vda9): checkpoint=disable on readonly fs
[   60.140980][    T1] init: [libfs_mgr] Kernel does not support ,nodiscard,checkpoint=disable, trying without.: Invalid argument
[   60.287373][    T1] F2FS-fs (vda9): Using encoding defined by superblock: utf8-12.1.0 with flags 0x2
[   60.684796][    T1] F2FS-fs (vda9): Mounted with checkpoint version = 7847aff1
[   60.756490][    T1] init: [libfs_mgr] __mount(source=/dev/block/by-name/userdata,target=/data,type=f2fs)=0: Success
[   60.913734][    T1] init: [libfs_mgr] mount_with_alternatives(): skipping fstab dup mountpoint=/data rec[6].fs_type=ext4 already mounted as f2fs
[   61.051001][  T411] servicemanager: Caller(pid=448,uid=1000,sid=u:r:hal_gatekeeper_default:s0) Found android.hardware.security.sharedsecret.ISharedSecret/gatekeeper in device VINTF manifest.
[   61.118296][    T1] init: [libfs_mgr] umount_retry(): unmount(/data) succeeded
[   61.161916][    T1] init: Calling: /system/bin/vdc cryptfs encryptFstab /dev/block/by-name/userdata /data false f2fs false 0  
[   61.214924][  T448] libbinder.BackendUnifiedServiceManager: Thread Pool max thread count is 0. Cannot cache binder as linkToDeath cannot be implemented. serviceName: android.hardware.security.sharedsecret.ISharedSecret/gatekeeper
[   61.553683][  T411] servicemanager: Caller(pid=448,uid=1000,sid=u:r:hal_gatekeeper_default:s0) Found android.hardware.gatekeeper.IGatekeeper/default in device VINTF manifest.
[   61.708913][  T448] libbinder.BackendUnifiedServiceManager: Thread Pool max thread count is 0. Cannot cache binder as linkToDeath cannot be implemented. serviceName: android.hardware.gatekeeper.IGatekeeper/default
[   62.260825][  T411] servicemanager: Caller(pid=449,uid=9999,sid=u:r:hal_keymint_default:s0) Found android.hardware.security.keymint.IKeyMintDevice/default in device VINTF manifest.
[   62.330392][  T411] servicemanager: Caller(pid=449,uid=9999,sid=u:r:hal_keymint_default:s0) Found android.hardware.security.keymint.IRemotelyProvisionedComponent/default in device VINTF manifest.
[   62.441676][  T411] servicemanager: Caller(pid=449,uid=9999,sid=u:r:hal_keymint_default:s0) Found android.hardware.security.secureclock.ISecureClock/default in device VINTF manifest.
[   62.679327][  T411] servicemanager: Caller(pid=449,uid=9999,sid=u:r:hal_keymint_default:s0) Found android.hardware.security.sharedsecret.ISharedSecret/default in device VINTF manifest.
[   63.332156][  T411] servicemanager: Caller(pid=443,uid=1017,sid=u:r:keystore:s0) Found android.system.keystore2.IKeystoreService/default in framework VINTF manifest.
[   63.415273][  T448] android.hardware.gatekeeper-service.nonsecure: Presented shared secret parameters with seed size 32 and nonce size 32
[   63.574349][  T457] libbinder.BackendUnifiedServiceManager: Thread Pool max thread count is 0. Cannot cache binder as linkToDeath cannot be implemented. serviceName: vold
[   63.832721][  T448] android.hardware.gatekeeper-service.nonsecure: Computing shared secret
[   64.613347][  T426] vold: keystore2 Keystore generateKey returned service specific error: -67
[   64.615729][  T426] vold: Failed to generate rollback-resistant key.  This is expected if keystore doesn't support rollback resistance.  Falling back to non-rollback-resistant key.
[   66.761886][  T426] fsck.f2fs: Info: Automatic fix mode enabled.
[   66.792063][  T426] fsck.f2fs: Info: not exist /proc/version!
[   66.797091][  T426] fsck.f2fs: Info: MKFS version
[   66.799142][  T426] fsck.f2fs:   "6.17.0-1008-gcp"
[   66.799306][  T426] fsck.f2fs: Info: FSCK version
[   66.799587][  T426] fsck.f2fs:   from "6.12.74-android16-6-g3ec022196c4e-ab15076761-4k"
[   66.800111][  T426] fsck.f2fs:     to "6.12.74-android16-6-g3ec022196c4e-ab15076761-4k"
[   66.800411][  T426] fsck.f2fs: Info: superblock features = 3499 :  encrypt extra_attr project_quota quota verity casefold compression
[   66.800851][  T426] fsck.f2fs: Info: superblock encrypt level = 0, salt = 00000000000000000000000000000000
[   66.801820][  T426] fsck.f2fs: [update_superblock: 935] Info: Done to update superblock
[   66.802140][  T426] fsck.f2fs: Info: Segments per section = 1
[   66.802365][  T426] fsck.f2fs: Info: Sections per zone = 1
[   66.802518][  T426] fsck.f2fs: Info: total FS sectors = 2097152 (8192 MB)
[   66.807663][  T426] fsck.f2fs: Info: CKPT version = 7847aff1
[   66.809102][  T426] fsck.f2fs: Info: Casefold: linear_lookup [disable]
[   66.809328][  T426] fsck.f2fs: Info: version timestamp cur: 0, prev: 0
[   66.809544][  T426] fsck.f2fs: [update_superblock: 935] Info: Done to update superblock
[   66.817699][  T426] fsck.f2fs: Info: checkpoint state = 81 :  nat_bits unmount
[   66.818838][  T426] fsck.f2fs: Info: No error was reported
[   66.819710][  T426] fsck.f2fs: 
[   66.819898][  T426] fsck.f2fs: c, u, RA, CH, CM, Repl=
[   66.820248][  T426] fsck.f2fs: 10000 10 10 0 10 0
[   66.838419][  T114] init: Unable to set property 'ro.boottime.init.fsck.data' from uid:0 gid:0 pid:426: Read-only property was already set
[   66.875406][  T426] F2FS-fs (dm-17): Using encoding defined by superblock: utf8-12.1.0 with flags 0x2
[   66.941282][  T426] F2FS-fs (dm-17): Start checkpoint disabled!
[   66.988259][  T426] F2FS-fs (dm-17): f2fs_disable_checkpoint() finish, err:0
[   66.994915][  T426] F2FS-fs (dm-17): Mounted with checkpoint version = 7847aff2
[   67.013049][  T114] init: Unable to set property 'ro.boottime.init.mount.data' from uid:0 gid:0 pid:426: Read-only property was already set
[   67.059191][  T426] libbinder.Binder: Binder transaction to android.os.IVold, function: encryptFstab, code: 41, took 3365ms. Data bytes: 168 Reply bytes: 4 Flags: 48
[   67.219130][    T1] init: Command 'mount_all --late' action=late-fs (/vendor/etc/init/init.cutf_cvm.rc:73) took 12686ms and succeeded
[   67.318266][  T115] GUEST_BUILD_FINGERPRINT: generic/aosp_cf_arm64_only_phone/vsoc_arm64_only:17/CP2A.260605.016/16373615:userdebug/test-keys
[   67.320111][    T1] init: processing action (post-fs-data) from (/system/etc/init/hw/init.rc:663)
[   67.325425][    T1] init: starting service 'exec 6 (/system/bin/vdc checkpoint prepareCheckpoint)'...
[   67.374694][    T1] libprocessgroup: Created cgroup /sys/fs/cgroup/system/uid_1000/pid_473
[   67.398468][    T1] init: ... started service 'exec 6 (/system/bin/vdc checkpoint prepareCheckpoint)' has pid 473
[   67.401260][    T1] init: SVC_EXEC service 'exec 6 (/system/bin/vdc checkpoint prepareCheckpoint)' pid 473 (uid 1000 gid 1000+0 context default) started; waiting...
[   67.404885][    T1] init: Command 'exec - system system -- /system/bin/vdc checkpoint prepareCheckpoint' action=post-fs-data (/system/etc/init/hw/init.rc:666) took 82ms and succeeded
[   67.492085][  T473] libbinder.BackendUnifiedServiceManager: Thread Pool max thread count is 0. Cannot cache binder as linkToDeath cannot be implemented. serviceName: vold
[   67.581167][    T1] init: Service 'exec 6 (/system/bin/vdc checkpoint prepareCheckpoint)' (pid 473) exited with status 0 waiting took 0.217000 seconds
[   67.583204][    T1] init: Sending SIGKILL to service 'exec 6 (/system/bin/vdc checkpoint prepareCheckpoint)' (pid 473) process group...
[   67.597374][    T1] libprocessgroup: Removed cgroup /sys/fs/cgroup/system/uid_1000/pid_473
[   67.722389][    T1] init: starting service 'exec 7 (/system/bin/vdc --wait cryptfs enablefilecrypto)'...
[   67.773246][    T1] libprocessgroup: Created cgroup /sys/fs/cgroup/system/uid_0/pid_475
[   67.791919][    T1] init: ... started service 'exec 7 (/system/bin/vdc --wait cryptfs enablefilecrypto)' has pid 475
[   67.796336][    T1] init: SVC_EXEC service 'exec 7 (/system/bin/vdc --wait cryptfs enablefilecrypto)' pid 475 (uid 0 gid 0+0 context default) started; waiting...
[   67.801459][    T1] init: Command 'installkey /data' action=post-fs-data (/system/etc/init/hw/init.rc:675) took 120ms and succeeded
[   67.994653][  T475] libbinder.BackendUnifiedServiceManager: Thread Pool max thread count is 0. Cannot cache binder as linkToDeath cannot be implemented. serviceName: vold
[   68.143906][  T426] vold: keystore2 Keystore generateKey returned service specific error: -67
[   68.145979][  T426] vold: Failed to generate rollback-resistant key.  This is expected if keystore doesn't support rollback resistance.  Falling back to non-rollback-resistant key.
[   68.312883][    T1] init: Service 'exec 7 (/system/bin/vdc --wait cryptfs enablefilecrypto)' (pid 475) exited with status 0 waiting took 0.550000 seconds
[   68.315471][    T1] init: Sending SIGKILL to service 'exec 7 (/system/bin/vdc --wait cryptfs enablefilecrypto)' (pid 475) process group...
[   68.327231][    T1] libprocessgroup: Removed cgroup /sys/fs/cgroup/system/uid_0/pid_475
[   68.402955][    T1] init: Encryption policy of /data/bootchart set to 5ba64f40c66b6b585a273246f03bbf5d v2 modes 1/10 flags 0xa
[   68.407106][    T1] init: Command 'mkdir /data/bootchart 0755 shell shell encryption=Require' action=post-fs-data (/system/etc/init/hw/init.rc:679) took 71ms and succeeded
[   68.433756][    T1] fscrypt: AES-256-HCTR2 using implementation "hctr2_base(xctr-aes-ce,polyval-ce)"
[   68.443610][    T1] init: Command 'copy /data/system/entropy.dat /dev/urandom' action=post-fs-data (/system/etc/init/hw/init.rc:683) took 2ms and failed: Could not read input file '/data/system/entropy.dat': open() failed: No such file or directory
[   68.456998][    T1] init: Encryption policy of /data/vendor set to 5ba64f40c66b6b585a273246f03bbf5d v2 modes 1/10 flags 0xa
[   68.460869][    T1] init: Encryption policy of /data/anr set to 5ba64f40c66b6b585a273246f03bbf5d v2 modes 1/10 flags 0xa
[   68.462112][    T1] init: Encryption policy of /data/tombstones set to 5ba64f40c66b6b585a273246f03bbf5d v2 modes 1/10 flags 0xa
[   68.469988][    T1] init: starting service 'tombstoned'...
[   68.476651][    T1] init: Created socket '/dev/socket/tombstoned_crash', mode 666, user 1000, group 1000
[   68.477840][    T1] init: Created socket '/dev/socket/tombstoned_intercept', mode 666, user 1000, group 1000
[   68.478833][    T1] init: Created socket '/dev/socket/tombstoned_java_trace', mode 666, user 1000, group 1000
[   68.530196][    T1] libprocessgroup: Created cgroup /sys/fs/cgroup/system/uid_1058
[   68.540395][    T1] libprocessgroup: Created cgroup /sys/fs/cgroup/system/uid_1058/pid_478
[   68.581147][    T1] init: ... started service 'tombstoned' has pid 478
[   68.584093][    T1] init: Command 'start tombstoned' action=post-fs-data (/system/etc/init/hw/init.rc:693) took 119ms and succeeded
[   68.587009][    T1] init: Command 'enter_default_mount_ns' action=post-fs-data (/system/etc/init/hw/init.rc:696) took 0ms and failed: Failed to switch to default mount namespace.: Invalid argument
[   68.591139][    T1] init: Encryption policy of /data/misc set to 5ba64f40c66b6b585a273246f03bbf5d v2 modes 1/10 flags 0xa
[   68.599921][    T1] init: starting service 'exec 8 (/system/bin/vdc keymaster earlyBootEnded)'...
[   68.620153][    T1] libprocessgroup: Created cgroup /sys/fs/cgroup/system/uid_1000/pid_479
[   68.633927][    T1] init: ... started service 'exec 8 (/system/bin/vdc keymaster earlyBootEnded)' has pid 479
[   68.638903][    T1] init: SVC_EXEC service 'exec 8 (/system/bin/vdc keymaster earlyBootEnded)' pid 479 (uid 1000 gid 1000+0 context default) started; waiting...
[   68.898901][  T479] libbinder.BackendUnifiedServiceManager: Thread Pool max thread count is 0. Cannot cache binder as linkToDeath cannot be implemented. serviceName: vold
[   69.378203][  T480] fscrypt: AES-256-XTS using blk-crypto-fallback
[   70.269373][  T426] libbinder.Binder: Binder transaction to android.os.IVold, function: earlyBootEnded, code: 68, took 1325ms. Data bytes: 52 Reply bytes: 4 Flags: 48
[   70.311430][    T1] init: Service 'exec 8 (/system/bin/vdc keymaster earlyBootEnded)' (pid 479) exited with status 0 waiting took 1.691000 seconds
[   70.312377][    T1] init: Sending SIGKILL to service 'exec 8 (/system/bin/vdc keymaster earlyBootEnded)' (pid 479) process group...
[   70.332250][    T1] libprocessgroup: Removed cgroup /sys/fs/cgroup/system/uid_1000/pid_479
[   70.372442][    T1] init: Encryption policy of /data/property set to 5ba64f40c66b6b585a273246f03bbf5d v2 modes 1/10 flags 0xa
[   70.404352][  T113] init: Could not load single persistent property file, trying legacy directory: Unable to read persistent property file: open() failed: No such file or directory
[   70.443449][  T113] init: Wait for property 'ro.persistent_properties.ready=true' took 62ms
[   70.454588][    T1] init: starting service 'logd-reinit'...
[   70.496507][    T1] libprocessgroup: Created cgroup /sys/fs/cgroup/system/uid_1036/pid_482
[   70.545183][    T1] init: ... started service 'logd-reinit' has pid 482
[   70.547228][    T1] init: Command 'start logd-reinit' action=post-fs-data (/system/etc/init/hw/init.rc:724) took 98ms and succeeded
[   70.553708][    T1] init: Not setting encryption policy on: /data/apex
[   70.582835][    T1] init: Encryption policy of /data/apex/decompressed set to 5ba64f40c66b6b585a273246f03bbf5d v2 modes 1/10 flags 0xa
[   70.591869][    T1] init: Encryption policy of /data/app-staging set to 5ba64f40c66b6b585a273246f03bbf5d v2 modes 1/10 flags 0xa
[   70.595573][    T1] init: Encryption policy of /data/apex/ota_reserved set to 5ba64f40c66b6b585a273246f03bbf5d v2 modes 1/10 flags 0xa
[   70.636307][    T1] init: starting service 'apexd'...
[   70.713208][    T1] libprocessgroup: Created cgroup /sys/fs/cgroup/system/uid_0/pid_483
[   70.770279][    T1] init: ... started service 'apexd' has pid 483
[   70.784426][    T1] init: Command 'restart apexd' action=post-fs-data (/system/etc/init/hw/init.rc:751) took 179ms and succeeded
[   70.835085][    T1] init: Command 'copy /data/misc/recovery/ro.build.fingerprint /data/misc/recovery/ro.build.fingerprint.1' action=post-fs-data (/system/etc/init/hw/init.rc:755) took 0ms and failed: Could not read input file '/data/misc/recovery/ro.build.fingerprint': open() failed: No such file or directory
[   70.850508][    T1] init: Command 'copy /data/misc/recovery/proc/version /data/misc/recovery/proc/version.1' action=post-fs-data (/system/etc/init/hw/init.rc:762) took 0ms and failed: Could not read input file '/data/misc/recovery/proc/version': open() failed: No such file or directory
[   70.919762][  T423] logd: logd reinit
[   70.937407][  T423] logd: Cannot read /data/misc/logd/event-log-tags
[   70.984499][  T423] logd: FrameworkListener: read() failed (Connection reset by peer)
[   70.998504][    T1] init: Service 'logd-reinit' (pid 482) exited with status 0 oneshot service took 0.508000 seconds in background
[   71.002069][    T1] init: Sending SIGKILL to service 'logd-reinit' (pid 482) process group...
[   71.010415][    T1] libprocessgroup: Removed cgroup /sys/fs/cgroup/system/uid_1036/pid_482
[   71.066265][    T1] init: Encryption policy of /data/local set to 5ba64f40c66b6b585a273246f03bbf5d v2 modes 1/10 flags 0xa
[   71.118549][    T1] init: starting service 'exec 9 (/bin/rm -rf /data/misc/virtualizationservice)'...
[   71.188018][    T1] libprocessgroup: Created cgroup /sys/fs/cgroup/system/uid_1081
[   71.198441][  T483] apexd: Started. subcommand = (null)
[   71.204088][    T1] libprocessgroup: Created cgroup /sys/fs/cgroup/system/uid_1081/pid_484
[   71.236766][  T483] libbinder.BackendUnifiedServiceManager: Thread Pool max thread count is 0. Cannot cache binder as linkToDeath cannot be implemented. serviceName: vold
[   71.238323][    T1] init: ... started service 'exec 9 (/bin/rm -rf /data/misc/virtualizationservice)' has pid 484
[   71.292854][    T1] init: SVC_EXEC service 'exec 9 (/bin/rm -rf /data/misc/virtualizationservice)' pid 484 (uid 1081 gid 1000+0 context default) started; waiting...
[   71.300436][  T483] apexd: Scanning /system/apex for pre-installed ApexFiles
[   71.310300][    T1] init: Command 'exec - virtualizationservice system -- /bin/rm -rf /data/misc/virtualizationservice' action=post-fs-data (/system/etc/init/hw/init.rc:844) took 201ms and succeeded
[   71.323382][  T483] apexd: Found pre-installed APEX /system/apex/com.android.adbd.apex
[   71.327820][  T483] apexd: Found pre-installed APEX /system/apex/com.android.adservices.apex
[   71.330276][  T483] apexd: Found pre-installed APEX /system/apex/com.android.apex.cts.shim.apex
[   71.330611][  T483] apexd: Found pre-installed APEX /system/apex/com.android.appsearch.apex
[   71.330906][  T483] apexd: Found pre-installed APEX /system/apex/com.android.art.apex
[   71.331263][  T483] apexd: Found pre-installed APEX /system/apex/com.android.bt.apex
[   71.331502][  T483] apexd: Found pre-installed APEX /system/apex/com.android.cellbroadcast.apex
[   71.331937][  T483] apexd: Found pre-installed APEX /system/apex/com.android.configinfrastructure.apex
[   71.332263][  T483] apexd: Found pre-installed APEX /system/apex/com.android.conscrypt.apex
[   71.332648][  T483] apexd: Found pre-installed APEX /system/apex/com.android.crashrecovery.apex
[   71.333087][  T483] apexd: Found pre-installed APEX /system/apex/com.android.devicelock.apex
[   71.333383][  T483] apexd: Found pre-installed APEX /system/apex/com.android.extservices.apex
[   71.334419][  T483] apexd: Found pre-installed APEX /system/apex/com.android.healthfitness.apex
[   71.337841][  T483] apexd: Found pre-installed APEX /system/apex/com.android.i18n.apex
[   71.338106][  T483] apexd: Found pre-installed APEX /system/apex/com.android.ipsec.apex
[   71.338344][  T483] apexd: Found pre-installed APEX /system/apex/com.android.media.apex
[   71.338691][  T483] apexd: Found pre-installed APEX /system/apex/com.android.media.swcodec.apex
[   71.339190][  T483] apexd: Found pre-installed APEX /system/apex/com.android.mediaprovider.apex
[   71.339523][  T483] apexd: Found pre-installed APEX /system/apex/com.android.neuralnetworks.apex
[   71.339826][  T483] apexd: Found pre-installed APEX /system/apex/com.android.nfcservices.apex
[   71.340164][  T483] apexd: Found pre-installed APEX /system/apex/com.android.npumanager.apex
[   71.340440][  T483] apexd: Found pre-installed APEX /system/apex/com.android.ondevicepersonalization.apex
[   71.340812][  T483] apexd: Found pre-installed APEX /system/apex/com.android.os.statsd.apex
[   71.341183][  T483] apexd: Found pre-installed APEX /system/apex/com.android.permission.apex
[   71.341565][  T483] apexd: Found pre-installed APEX /system/apex/com.android.profiling.apex
[   71.341837][  T483] apexd: Found pre-installed APEX /system/apex/com.android.resolv.apex
[   71.342144][  T483] apexd: Found pre-installed APEX /system/apex/com.android.rkpd.apex
[   71.342444][  T483] apexd: Found pre-installed APEX /system/apex/com.android.runtime.apex
[   71.342872][  T483] apexd: Found pre-installed APEX /system/apex/com.android.scheduling.apex
[   71.343155][  T483] apexd: Found pre-installed APEX /system/apex/com.android.sdkext.apex
[   71.343437][  T483] apexd: Found pre-installed APEX /system/apex/com.android.telephonycore.apex
[   71.343795][  T483] apexd: Found pre-installed APEX /system/apex/com.android.tethering.apex
[   71.344049][  T483] apexd: Found pre-installed APEX /system/apex/com.android.tzdata.apex
[   71.344603][  T483] apexd: Found pre-installed APEX /system/apex/com.android.uprobestats.apex
[   71.344896][  T483] apexd: Found pre-installed APEX /system/apex/com.android.uwb.apex
[   71.345250][  T483] apexd: Found pre-installed APEX /system/apex/com.android.virt.apex
[   71.345881][  T483] apexd: Found pre-installed APEX /system/apex/com.android.webapp.apex
[   71.348078][  T483] apexd: Found pre-installed APEX /system/apex/com.android.wifi.apex
[   71.348702][  T483] apexd: Scanning /system_ext/apex for pre-installed ApexFiles
[   71.349778][  T483] apexd: Found pre-installed APEX /system_ext/apex/com.android.compos.apex
[   71.350191][  T483] apexd: Found pre-installed APEX /system_ext/apex/com.android.hardware.biometrics.face.virtual.apex
[   71.350568][  T483] apexd: Found pre-installed APEX /system_ext/apex/com.android.hardware.biometrics.fingerprint.virtual.apex
[   71.357039][  T483] apexd: Found pre-installed APEX /system_ext/apex/com.android.vndk.v31.apex
[   71.363650][  T483] apexd: Found pre-installed APEX /system_ext/apex/com.android.vndk.v32.apex
[   71.373054][  T483] apexd: Found pre-installed APEX /system_ext/apex/com.android.vndk.v33.apex
[   71.381168][  T483] apexd: Found pre-installed APEX /system_ext/apex/com.android.vndk.v34.apex
[   71.385919][  T483] apexd: Scanning /product/apex for pre-installed ApexFiles
[   71.391101][  T483] apexd: /product/apex does not exist. Skipping
[   71.392980][  T483] apexd: Scanning /vendor/apex for pre-installed ApexFiles
[   71.394397][  T483] apexd: Found pre-installed APEX /vendor/apex/com.android.hardware.audio.apex
[   71.394845][  T483] apexd: Found pre-installed APEX /vendor/apex/com.android.hardware.authsecret.apex
[   71.395189][  T483] apexd: Found pre-installed APEX /vendor/apex/com.android.hardware.boot.apex
[   71.395595][  T483] apexd: Found pre-installed APEX /vendor/apex/com.android.hardware.cas.apex
[   71.395915][  T483] apexd: Found pre-installed APEX /vendor/apex/com.android.hardware.contexthub.apex
[   71.396193][  T483] apexd: Found pre-installed APEX /vendor/apex/com.android.hardware.drm.clearkey.apex
[   71.396510][  T483] apexd: Found pre-installed APEX /vendor/apex/com.android.hardware.dumpstate.apex
[   71.396871][  T483] apexd: Found pre-installed APEX /vendor/apex/com.android.hardware.gatekeeper.cf_remote.apex
[   71.397385][  T483] apexd: Found pre-installed APEX /vendor/apex/com.android.hardware.gatekeeper.nonsecure.apex
[   71.397852][  T483] apexd: Found pre-installed APEX /vendor/apex/com.android.hardware.gnss.apex
[   71.398120][  T483] apexd: Found pre-installed APEX /vendor/apex/com.android.hardware.graphics.composer.drm_hwcomposer.apex
[   71.398436][  T483] apexd: Found pre-installed APEX /vendor/apex/com.android.hardware.graphics.composer.ranchu.apex
[   71.399846][  T483] apexd: Found pre-installed APEX /vendor/apex/com.android.hardware.input.processor.apex
[   71.402062][  T483] apexd: Found pre-installed APEX /vendor/apex/com.android.hardware.keymint.rust_cf_guest_trusty_nonsecure.apex
[   71.407343][  T483] apexd: Found pre-installed APEX /vendor/apex/com.android.hardware.keymint.rust_cf_remote.apex
[   71.412892][  T483] apexd: Found pre-installed APEX /vendor/apex/com.android.hardware.keymint.rust_nonsecure.apex
[   71.417036][  T483] apexd: Found pre-installed APEX /vendor/apex/com.android.hardware.memtrack.apex
[   71.419341][  T483] apexd: Found pre-installed APEX /vendor/apex/com.android.hardware.net.nlinterceptor.apex
[   71.427884][  T483] apexd: Found pre-installed APEX /vendor/apex/com.android.hardware.neuralnetworks.apex
[   71.429349][  T483] apexd: Found pre-installed APEX /vendor/apex/com.android.hardware.power.apex
[   71.431376][  T483] apexd: Found pre-installed APEX /vendor/apex/com.android.hardware.rebootescrow.apex
[   71.434668][  T483] apexd: Found pre-installed APEX /vendor/apex/com.android.hardware.secure_element.apex
[   71.438395][  T483] apexd: Found pre-installed APEX /vendor/apex/com.android.hardware.security.authgraph.apex
[   71.445078][  T483] apexd: Found pre-installed APEX /vendor/apex/com.android.hardware.security.secretkeeper.apex
[   71.447091][  T483] apexd: Found pre-installed APEX /vendor/apex/com.android.hardware.tetheroffload.apex
[   71.452259][  T483] apexd: Found pre-installed APEX /vendor/apex/com.android.hardware.thermal.apex
[   71.455337][  T483] apexd: Found pre-installed APEX /vendor/apex/com.android.hardware.threadnetwork.apex
[   71.459720][  T483] apexd: Found pre-installed APEX /vendor/apex/com.android.hardware.usb.apex
[   71.461610][  T483] apexd: Found pre-installed APEX /vendor/apex/com.android.hardware.uwb.apex
[   71.463540][  T483] apexd: Found pre-installed APEX /vendor/apex/com.android.hardware.vibrator.apex
[   71.468674][  T483] apexd: Found pre-installed APEX /vendor/apex/com.android.hardware.wifi.apex
[   71.471286][  T483] apexd: Found pre-installed APEX /vendor/apex/com.google.cf.bt.apex
[   71.471602][  T483] apexd: Found pre-installed APEX /vendor/apex/com.google.cf.confirmationui.apex
[   71.471964][  T483] apexd: Found pre-installed APEX /vendor/apex/com.google.cf.disabled.apex
[   71.475701][  T483] apexd: Found pre-installed APEX /vendor/apex/com.google.cf.gralloc.apex
[   71.478473][  T483] apexd: Found pre-installed APEX /vendor/apex/com.google.cf.health.apex
[   71.480233][  T483] apexd: Found pre-installed APEX /vendor/apex/com.google.cf.identity.apex
[   71.484806][  T483] apexd: Found pre-installed APEX /vendor/apex/com.google.cf.input.config.apex
[   71.486745][  T483] apexd: Found pre-installed APEX /vendor/apex/com.google.cf.ir.apex
[   71.489616][  T483] apexd: Found pre-installed APEX /vendor/apex/com.google.cf.light.apex
[   71.492914][  T483] apexd: Found pre-installed APEX /vendor/apex/com.google.cf.nfc.apex
[   71.496085][  T483] apexd: Found pre-installed APEX /vendor/apex/com.google.cf.oemlock.apex
[   71.500330][  T483] apexd: Found pre-installed APEX /vendor/apex/com.google.cf.rild.apex
[   71.503659][  T483] apexd: Found pre-installed APEX /vendor/apex/com.google.cf.vulkan.apex
[   71.503905][  T483] apexd: Found pre-installed APEX /vendor/apex/com.google.cf.wifi.apex
[   71.504156][  T483] apexd: Found pre-installed APEX /vendor/apex/com.google.cf.wpa_supplicant.apex
[   71.504453][  T483] apexd: Found pre-installed APEX /vendor/apex/com.google.emulated.camera.provider.hal.apex
[   71.504827][  T483] apexd: Found pre-installed APEX /vendor/apex/com.google.emulated.camera.provider.hal.v4l2.apex
[   71.505222][  T483] apexd: Scanning /odm/apex for pre-installed ApexFiles
[   71.505848][  T483] apexd: /odm/apex does not exist. Skipping
[   71.741750][    T1] init: Service 'exec 9 (/bin/rm -rf /data/misc/virtualizationservice)' (pid 484) exited with status 0 waiting took 0.527000 seconds
[   71.772106][    T1] init: Sending SIGKILL to service 'exec 9 (/bin/rm -rf /data/misc/virtualizationservice)' (pid 484) process group...
[   71.906309][    T1] libprocessgroup: Removed cgroup /sys/fs/cgroup/system/uid_1081/pid_484
[   71.962401][    T1] init: Not setting encryption policy on: /data/preloads
[   71.978386][    T1] init: Encryption policy of /data/app-private set to 5ba64f40c66b6b585a273246f03bbf5d v2 modes 1/10 flags 0xa
[   71.982824][    T1] init: Encryption policy of /data/app-ephemeral set to 5ba64f40c66b6b585a273246f03bbf5d v2 modes 1/10 flags 0xa
[   71.987977][    T1] init: Encryption policy of /data/app-asec set to 5ba64f40c66b6b585a273246f03bbf5d v2 modes 1/10 flags 0xa
[   71.991713][    T1] init: Encryption policy of /data/app-lib set to 5ba64f40c66b6b585a273246f03bbf5d v2 modes 1/10 flags 0xa
[   71.994856][    T1] init: Encryption policy of /data/app set to 5ba64f40c66b6b585a273246f03bbf5d v2 modes 1/10 flags 0xa
[   71.996745][    T1] init: Encryption policy of /data/app-metadata set to 5ba64f40c66b6b585a273246f03bbf5d v2 modes 1/10 flags 0xa
[   71.998890][    T1] init: Encryption policy of /data/fonts set to 5ba64f40c66b6b585a273246f03bbf5d v2 modes 1/10 flags 0xa
[   72.004150][    T1] init: Encryption policy of /data/dalvik-cache set to 5ba64f40c66b6b585a273246f03bbf5d v2 modes 1/10 flags 0xa
[   72.007255][    T1] init: Encryption policy of /data/ota set to 5ba64f40c66b6b585a273246f03bbf5d v2 modes 1/10 flags 0xa
[   72.012401][    T1] init: Encryption policy of /data/ota_package set to 5ba64f40c66b6b585a273246f03bbf5d v2 modes 1/10 flags 0xa
[   72.017434][    T1] init: Encryption policy of /data/resource-cache set to 5ba64f40c66b6b585a273246f03bbf5d v2 modes 1/10 flags 0xa
[   72.020629][    T1] init: Not setting encryption policy on: /data/lost+found
[   72.026977][    T1] init: Encryption policy of /data/drm set to 5ba64f40c66b6b585a273246f03bbf5d v2 modes 1/10 flags 0xa
[   72.033701][    T1] init: Encryption policy of /data/mediadrm set to 5ba64f40c66b6b585a273246f03bbf5d v2 modes 1/10 flags 0xa
[   72.036969][    T1] init: Encryption policy of /data/nfc set to 5ba64f40c66b6b585a273246f03bbf5d v2 modes 1/10 flags 0xa
[   72.042006][    T1] init: Encryption policy of /data/backup set to 5ba64f40c66b6b585a273246f03bbf5d v2 modes 1/10 flags 0xa
[   72.042688][    T1] init: Encryption policy of /data/ss set to 5ba64f40c66b6b585a273246f03bbf5d v2 modes 1/10 flags 0xa
[   72.045302][  T483] apexd: Skipping APEX at path /vendor/apex/com.android.hardware.gatekeeper.cf_remote.apex because it does not match expected multi-install APEX property for com.android.hardware.gatekeeper
[   72.045931][    T1] init: Encryption policy of /data/system set to 5ba64f40c66b6b585a273246f03bbf5d v2 modes 1/10 flags 0xa
[   72.046652][  T483] apexd: Skipping APEX at path /vendor/apex/com.android.hardware.graphics.composer.ranchu.apex because it does not match expected multi-install APEX property for com.android.hardware.graphics.composer
[   72.051177][  T483] apexd: Skipping APEX at path /vendor/apex/com.android.hardware.keymint.rust_cf_guest_trusty_nonsecure.apex because it does not match expected multi-install APEX property for com.android.hardware.keymint
[   72.055800][    T1] init: Not setting encryption policy on: /data/media
[   72.055957][  T483] apexd: Skipping APEX at path /vendor/apex/com.android.hardware.keymint.rust_cf_remote.apex because it does not match expected multi-install APEX property for com.android.hardware.keymint
[   72.056464][    T1] init: Not setting encryption policy on: /data/misc_ce
[   72.057274][  T483] apexd: Skipping APEX at path /vendor/apex/com.google.cf.disabled.apex because it's disabled via sysprop.
[   72.057357][  T483] apexd: Skipping APEX at path /vendor/apex/com.google.emulated.camera.provider.hal.v4l2.apex because it does not match expected multi-install APEX property for com.google.emulated.camera.provider.hal
[   72.058288][    T1] init: Not setting encryption policy on: /data/misc_de
[   72.058891][  T483] apexd: Successfully scanned 87 preinstalled APEXes duration=760ms
[   72.071059][  T483] apexd: Populating APEX database from mounts...
[   72.114374][  T483] apexd: Found "/apex/com.android.virt@370399999" backed by file /system/apex/com.android.virt.apex
[   72.143689][    T1] init: Command 'mkdir /data/misc_de 0551 system misc encryption=None' action=post-fs-data (/system/etc/init/hw/init.rc:945) took 80ms and succeeded
[   72.153435][  T483] apexd: Found "/apex/com.android.runtime@1" backed by file /system/apex/com.android.runtime.apex
[   72.156270][  T483] apexd: Found "/apex/com.android.os.statsd@370399999" backed by file /system/apex/com.android.os.statsd.apex
[   72.160203][    T1] init: Not setting encryption policy on: /data/system_ce
[   72.161773][  T483] apexd: Found "/apex/com.google.cf.confirmationui@1" backed by file /vendor/apex/com.google.cf.confirmationui.apex
[   72.168336][    T1] init: Not setting encryption policy on: /data/system_de
[   72.170355][  T483] apexd: Found "/apex/com.android.hardware.wifi@1" backed by file /vendor/apex/com.android.hardware.wifi.apex
[   72.170800][    T1] init: Not setting encryption policy on: /data/user
[   72.172152][  T483] apexd: Found "/apex/com.android.hardware.uwb@1" backed by file /vendor/apex/com.android.hardware.uwb.apex
[   72.172506][    T1] init: Not setting encryption policy on: /data/user_de
[   72.174459][  T483] apexd: Found "/apex/com.android.hardware.gatekeeper@1" backed by file /vendor/apex/com.android.hardware.gatekeeper.nonsecure.apex
[   72.174974][    T1] init: Not setting encryption policy on: /data/vendor_ce
[   72.176577][  T483] apexd: Found "/apex/com.android.media@370399999" backed by file /system/apex/com.android.media.apex
[   72.179883][    T1] init: Not setting encryption policy on: /data/vendor_de
[   72.181419][  T483] apexd: Found "/apex/com.android.ondevicepersonalization@370399999" backed by file /system/apex/com.android.ondevicepersonalization.apex
[   72.181731][    T1] init: Not setting encryption policy on: /data/storage_area
[   72.183062][  T483] apexd: Found "/apex/com.android.hardware.audio@1" backed by file /vendor/apex/com.android.hardware.audio.apex
[   72.189584][  T483] apexd: Found "/apex/com.android.devicelock@1" backed by file /system/apex/com.android.devicelock.apex
[   72.192462][    T1] init: starting service 'casefolding_remover'...
[   72.194029][  T483] apexd: Found "/apex/com.android.hardware.vibrator@1" backed by file /vendor/apex/com.android.hardware.vibrator.apex
[   72.211170][  T483] apexd: Found "/apex/com.android.hardware.keymint@1" backed by file /vendor/apex/com.android.hardware.keymint.rust_nonsecure.apex
[   72.218952][  T483] apexd: Found "/apex/com.android.healthfitness@370399999" backed by file /system/apex/com.android.healthfitness.apex
[   72.226447][  T483] apexd: Found "/apex/com.android.hardware.dumpstate@1" backed by file /vendor/apex/com.android.hardware.dumpstate.apex
[   72.234683][  T483] apexd: Found "/apex/com.google.cf.gralloc@1" backed by file /vendor/apex/com.google.cf.gralloc.apex
[   72.238852][  T483] apexd: Found "/apex/com.android.webapp@370399999" backed by file /system/apex/com.android.webapp.apex
[   72.250019][    T1] libprocessgroup: Created cgroup /sys/fs/cgroup/system/uid_1023
[   72.256367][  T483] apexd: Found "/apex/com.android.uprobestats@370399999" backed by file /system/apex/com.android.uprobestats.apex
[   72.260960][  T483] apexd: Found "/apex/com.android.sdkext@370399999" backed by file /system/apex/com.android.sdkext.apex
[   72.262558][    T1] libprocessgroup: Created cgroup /sys/fs/cgroup/system/uid_1023/pid_578
[   72.263763][  T483] apexd: Found "/apex/com.android.mediaprovider@370399999" backed by file /system/apex/com.android.mediaprovider.apex
[   72.269508][  T483] apexd: Found "/apex/com.android.adbd@370399999" backed by file /system/apex/com.android.adbd.apex
[   72.270620][  T483] apexd: Found "/apex/com.google.cf.wifi@1" backed by file /vendor/apex/com.google.cf.wifi.apex
[   72.272018][  T483] apexd: Found "/apex/com.android.hardware.input.processor@1" backed by file /vendor/apex/com.android.hardware.input.processor.apex
[   72.273260][  T483] apexd: Found "/apex/com.android.hardware.biometrics.fingerprint.virtual@1" backed by file /system_ext/apex/com.android.hardware.biometrics.fingerprint.virtual.apex
[   72.274858][  T483] apexd: Found "/apex/com.android.compos@370399999" backed by file /system_ext/apex/com.android.compos.apex
[   72.276015][  T483] apexd: Found "/apex/com.google.cf.oemlock@1" backed by file /vendor/apex/com.google.cf.oemlock.apex
[   72.277282][  T483] apexd: Found "/apex/com.android.hardware.usb@1" backed by file /vendor/apex/com.android.hardware.usb.apex
[   72.278385][  T483] apexd: Found "/apex/com.android.tzdata@370399999" backed by file /system/apex/com.android.tzdata.apex
[   72.279674][  T483] apexd: Found "/apex/com.android.hardware.net.nlinterceptor@1" backed by file /vendor/apex/com.android.hardware.net.nlinterceptor.apex
[   72.280852][  T483] apexd: Found "/apex/com.google.cf.health@1" backed by file /vendor/apex/com.google.cf.health.apex
[   72.282119][  T483] apexd: Found "/apex/com.android.hardware.tetheroffload@1" backed by file /vendor/apex/com.android.hardware.tetheroffload.apex
[   72.283202][  T483] apexd: Found "/apex/com.android.hardware.drm.clearkey@1" backed by file /vendor/apex/com.android.hardware.drm.clearkey.apex
[   72.284951][  T483] apexd: Found "/apex/com.android.uwb@370399999" backed by file /system/apex/com.android.uwb.apex
[   72.286741][  T483] apexd: Found "/apex/com.google.cf.bt@1" backed by file /vendor/apex/com.google.cf.bt.apex
[   72.287983][  T483] apexd: Found "/apex/com.android.media.swcodec@370399999" backed by file /system/apex/com.android.media.swcodec.apex
[   72.289327][  T483] apexd: Found "/apex/com.android.hardware.security.secretkeeper@1" backed by file /vendor/apex/com.android.hardware.security.secretkeeper.apex
[   72.290351][  T483] apexd: Found "/apex/com.android.hardware.graphics.composer@1" backed by file /vendor/apex/com.android.hardware.graphics.composer.drm_hwcomposer.apex
[   72.291658][  T483] apexd: Found "/apex/com.android.i18n@1" backed by file /system/apex/com.android.i18n.apex
[   72.292983][  T483] apexd: Found "/apex/com.android.scheduling@370399999" backed by file /system/apex/com.android.scheduling.apex
[   72.299336][  T483] apexd: Found "/apex/com.android.bt@370399999" backed by file /system/apex/com.android.bt.apex
[   72.300667][  T483] apexd: Found "/apex/com.android.hardware.power@1" backed by file /vendor/apex/com.android.hardware.power.apex
[   72.302300][  T483] apexd: Found "/apex/com.android.hardware.neuralnetworks@1" backed by file /vendor/apex/com.android.hardware.neuralnetworks.apex
[   72.303639][  T483] apexd: Found "/apex/com.android.extservices@370399999" backed by file /system/apex/com.android.extservices.apex
[   72.305134][  T483] apexd: Found "/apex/com.android.conscrypt@370399999" backed by file /system/apex/com.android.conscrypt.apex
[   72.311347][  T483] apexd: Found "/apex/com.android.wifi@370399999" backed by file /system/apex/com.android.wifi.apex
[   72.317209][  T483] apexd: Found "/apex/com.android.vndk.v32@1" backed by file /system_ext/apex/com.android.vndk.v32.apex
[   72.324142][  T483] apexd: Found "/apex/com.android.ipsec@370399999" backed by file /system/apex/com.android.ipsec.apex
[   72.335029][  T483] apexd: Found "/apex/com.android.neuralnetworks@370399999" backed by file /system/apex/com.android.neuralnetworks.apex
[   72.346362][  T483] apexd: Found "/apex/com.android.telephonycore@370399999" backed by file /system/apex/com.android.telephonycore.apex
[   72.355049][  T483] apexd: Found "/apex/com.google.cf.identity@1" backed by file /vendor/apex/com.google.cf.identity.apex
[   72.359256][  T483] apexd: Found "/apex/com.android.permission@370399999" backed by file /system/apex/com.android.permission.apex
[   72.360432][  T483] apexd: Found "/apex/com.android.hardware.ir@1" backed by file /vendor/apex/com.google.cf.ir.apex
[   72.363748][  T483] apexd: Found "/apex/com.android.rkpd@370399999" backed by file /system/apex/com.android.rkpd.apex
[   72.364569][    T1] init: ... started service 'casefolding_remover' has pid 578
[   72.365638][  T483] apexd: Found "/apex/com.android.hardware.thermal@1" backed by file /vendor/apex/com.android.hardware.thermal.apex
[   72.366080][    T1] init: Command 'start casefolding_remover' action=post-fs-data (/system/etc/init/hw/init.rc:960) took 181ms and succeeded
[   72.367737][  T483] apexd: Found "/apex/com.android.cellbroadcast@370399999" backed by file /system/apex/com.android.cellbroadcast.apex
[   72.373972][  T483] apexd: Found "/apex/com.google.cf.nfc@1" backed by file /vendor/apex/com.google.cf.nfc.apex
[   72.377316][  T483] apexd: Found "/apex/com.android.appsearch@370399999" backed by file /system/apex/com.android.appsearch.apex
[   72.378672][  T483] apexd: Found "/apex/com.google.cf.light@1" backed by file /vendor/apex/com.google.cf.light.apex
[   72.379902][  T483] apexd: Found "/apex/com.android.npumanager@370399999" backed by file /system/apex/com.android.npumanager.apex
[   72.386704][  T483] apexd: Found "/apex/com.android.hardware.gnss@1" backed by file /vendor/apex/com.android.hardware.gnss.apex
[   72.387788][  T483] apexd: Found "/apex/com.google.cf.input.config@1" backed by file /vendor/apex/com.google.cf.input.config.apex
[   72.389310][  T483] apexd: Found "/apex/com.android.hardware.threadnetwork@1" backed by file /vendor/apex/com.android.hardware.threadnetwork.apex
[   72.390674][  T483] apexd: Found "/apex/com.android.nfcservices@370399999" backed by file /system/apex/com.android.nfcservices.apex
[   72.391715][  T483] apexd: Found "/apex/com.android.hardware.contexthub@1" backed by file /vendor/apex/com.android.hardware.contexthub.apex
[   72.393757][  T483] apexd: Found "/apex/com.android.crashrecovery@370399999" backed by file /system/apex/com.android.crashrecovery.apex
[   72.397968][  T483] apexd: Found "/apex/com.android.hardware.memtrack@1" backed by file /vendor/apex/com.android.hardware.memtrack.apex
[   72.401838][  T483] apexd: Found "/apex/com.android.apex.cts.shim@1" backed by file /system/apex/com.android.apex.cts.shim.apex
[   72.403289][  T483] apexd: Found "/apex/com.google.cf.rild@1" backed by file /vendor/apex/com.google.cf.rild.apex
[   72.404462][  T483] apexd: Found "/apex/com.android.vndk.v33@1" backed by file /system_ext/apex/com.android.vndk.v33.apex
[   72.405863][  T483] apexd: Found "/apex/com.android.adservices@370399999" backed by file /system/apex/com.android.adservices.apex
[   72.408666][  T483] apexd: Found "/apex/com.android.resolv@370399999" backed by file /system/apex/com.android.resolv.apex
[   72.416703][  T483] apexd: Found "/apex/com.android.hardware.security.authgraph@1" backed by file /vendor/apex/com.android.hardware.security.authgraph.apex
[   72.422803][  T483] apexd: Found "/apex/com.google.cf.vulkan@1" backed by file /vendor/apex/com.google.cf.vulkan.apex
[   72.426365][  T483] apexd: Found "/apex/com.android.hardware.boot@1" backed by file /vendor/apex/com.android.hardware.boot.apex
[   72.435298][  T483] apexd: Found "/apex/com.google.cf.wpa_supplicant@1" backed by file /vendor/apex/com.google.cf.wpa_supplicant.apex
[   72.438732][  T483] apexd: Found "/apex/com.android.tethering@370399999" backed by file /system/apex/com.android.tethering.apex
[   72.443189][  T483] apexd: Found "/apex/com.android.hardware.biometrics.face.virtual@2" backed by file /system_ext/apex/com.android.hardware.biometrics.face.virtual.apex
[   72.450069][  T483] apexd: Found "/apex/com.android.hardware.rebootescrow@1" backed by file /vendor/apex/com.android.hardware.rebootescrow.apex
[   72.458975][  T483] apexd: Found "/apex/com.android.profiling@370399999" backed by file /system/apex/com.android.profiling.apex
[   72.460265][  T483] apexd: Found "/apex/com.android.hardware.secure_element@1" backed by file /vendor/apex/com.android.hardware.secure_element.apex
[   72.461771][  T483] apexd: Found "/apex/com.android.vndk.v34@1" backed by file /system_ext/apex/com.android.vndk.v34.apex
[   72.463062][  T483] apexd: Found "/apex/com.google.emulated.camera.provider.hal@1" backed by file /vendor/apex/com.google.emulated.camera.provider.hal.apex
[   72.464409][  T483] apexd: Found "/apex/com.android.art@370399999" backed by file /system/apex/com.android.art.apex
[   72.465410][  T483] apexd: Found "/apex/com.android.hardware.cas@1" backed by file /vendor/apex/com.android.hardware.cas.apex
[   72.466472][  T483] apexd: Found "/apex/com.android.configinfrastructure@370399999" backed by file /system/apex/com.android.configinfrastructure.apex
[   72.473494][  T483] apexd: Found "/apex/com.android.vndk.v31@1" backed by file /system_ext/apex/com.android.vndk.v31.apex
[   72.475107][  T483] apexd: Found "/apex/com.android.hardware.authsecret@1" backed by file /vendor/apex/com.android.hardware.authsecret.apex
[   72.476043][  T483] apexd: 87 packages restored.
[   72.502196][  T483] apexd: Marking APEXd as starting
[   72.593844][  T483] apexd: OnStart done, duration=84
[   72.619863][  T483] libbinder.AidlLazyServiceRegistrar: Registering service apexservice
[   72.698977][  T483] apexd: Marking APEXd as activated
[   72.766928][  T411] servicemanager: Notifying apexservice they do (previously: don't) have clients when service is guaranteed to be in use
[   72.800421][  T579] libbinder.AidlLazyServiceRegistrar: Process has 1 (of 1 available) client(s) in use after notification apexservice has clients: 1
[   72.808436][  T579] libbinder.AidlLazyServiceRegistrar: Shutdown prevented by forcePersist override flag.
[   72.908388][  T579] apexd: getActivePackages received by ApexService
[   73.520074][  T114] init: Wait for property 'ro.casefolding.adjusted=1' took 1149ms
[   73.627182][    T1] init: Service 'casefolding_remover' (pid 578) exited with status 0 oneshot service took 1.390000 seconds in background
[   73.627983][    T1] init: Sending SIGKILL to service 'casefolding_remover' (pid 578) process group...
[   73.637156][    T1] libprocessgroup: Removed cgroup /sys/fs/cgroup/system/uid_1023/pid_578
[   73.757881][    T1] init: Encryption policy of /data/cache set to 5ba64f40c66b6b585a273246f03bbf5d v2 modes 1/10 flags 0xa
[   73.763578][    T1] init: Encryption policy of /data/rollback set to 5ba64f40c66b6b585a273246f03bbf5d v2 modes 1/10 flags 0xa
[   73.764291][    T1] init: Encryption policy of /data/rollback-observer set to 5ba64f40c66b6b585a273246f03bbf5d v2 modes 1/10 flags 0xa
[   73.764990][    T1] init: Encryption policy of /data/rollback-history set to 5ba64f40c66b6b585a273246f03bbf5d v2 modes 1/10 flags 0xa
[   73.766062][    T1] init: Encryption policy of /data/incremental set to 5ba64f40c66b6b585a273246f03bbf5d v2 modes 1/10 flags 0xa
[   73.778754][    T1] init: start_waiting_for_property("apexd.status", "activated"): already set
[   73.779200][    T1] init: start_waiting_for_property("keystore.module_hash.sent", "true"): already set
[   73.812762][    T1] init: starting service 'system_aconfigd_socket_service'...
[   73.815098][    T1] init: Created socket '/dev/socket/aconfigd_system', mode 666, user 1000, group 1000
[   73.871371][    T1] libprocessgroup: Created cgroup /sys/fs/cgroup/system/uid_1000/pid_581
[   73.896867][    T1] init: ... started service 'system_aconfigd_socket_service' has pid 581
[   73.898373][    T1] init: Command 'start system_aconfigd_socket_service' action=post-fs-data (/system/etc/init/hw/init.rc:1033) took 87ms and succeeded
[   73.940715][    T1] init: starting service 'mainline_aconfigd_init'...
[   73.979707][    T1] libprocessgroup: Created cgroup /sys/fs/cgroup/system/uid_1000/pid_582
[   74.023612][    T1] init: ... started service 'mainline_aconfigd_init' has pid 582
[   74.026264][    T1] init: SVC_EXEC service 'mainline_aconfigd_init' pid 582 (uid 1000 gid 1000+0 context default) started; waiting...
[   74.033253][    T1] init: Command 'exec_start mainline_aconfigd_init' action=post-fs-data (/system/etc/init/hw/init.rc:1034) took 129ms and succeeded
[   74.160818][    T1] init: Service 'system_aconfigd_socket_service' (pid 581) exited with status 0 oneshot service took 0.299000 seconds in background
[   74.165420][    T1] init: Sending SIGKILL to service 'system_aconfigd_socket_service' (pid 581) process group...
[   74.169540][    T1] libprocessgroup: Removed cgroup /sys/fs/cgroup/system/uid_1000/pid_581
[   75.445772][  T411] servicemanager: Notifying apexservice they don't (previously: do) have clients when we now have no record of a client
[   75.462977][  T579] libbinder.AidlLazyServiceRegistrar: Process has 0 (of 1 available) client(s) in use after notification apexservice has clients: 0
[   75.463732][  T579] libbinder.AidlLazyServiceRegistrar: Shutdown prevented by forcePersist override flag.
[   75.814009][    T1] init: Service 'mainline_aconfigd_init' (pid 582) exited with status 0 waiting took 1.837000 seconds
[   75.815738][    T1] init: Sending SIGKILL to service 'mainline_aconfigd_init' (pid 582) process group...
[   75.822777][    T1] libprocessgroup: Removed cgroup /sys/fs/cgroup/system/uid_1000/pid_582
[   75.885603][    T1] init: starting service 'mainline_aconfigd_socket_service'...
[   75.894655][    T1] init: Created socket '/dev/socket/aconfigd_mainline', mode 666, user 1000, group 1000
[   75.936324][    T1] libprocessgroup: Created cgroup /sys/fs/cgroup/system/uid_1000/pid_583
[   75.966273][    T1] init: ... started service 'mainline_aconfigd_socket_service' has pid 583
[   75.971604][    T1] init: Command 'start mainline_aconfigd_socket_service' action=post-fs-data (/system/etc/init/hw/init.rc:1035) took 103ms and succeeded
[   76.019687][    T1] init: starting service 'derive_sdk'...
[   76.052508][    T1] libprocessgroup: Created cgroup /sys/fs/cgroup/system/uid_9999/pid_584
[   76.082732][    T1] init: ... started service 'derive_sdk' has pid 584
[   76.087032][    T1] init: SVC_EXEC service 'derive_sdk' pid 584 (uid 9999 gid 9999+0 context default) started; waiting...
[   76.090731][    T1] init: Command 'exec_start derive_sdk' action=post-fs-data (/system/etc/init/hw/init.rc:1040) took 92ms and succeeded
[   76.099434][    T1] init: Service 'mainline_aconfigd_socket_service' (pid 583) exited with status 0 oneshot service took 0.171000 seconds in background
[   76.099865][    T1] init: Sending SIGKILL to service 'mainline_aconfigd_socket_service' (pid 583) process group...
[   76.100443][    T1] libprocessgroup: Removed cgroup /sys/fs/cgroup/system/uid_1000/pid_583
[   76.376745][    T1] init: Service 'derive_sdk' (pid 584) exited with status 0 waiting took 0.331000 seconds
[   76.378249][    T1] init: Sending SIGKILL to service 'derive_sdk' (pid 584) process group...
[   76.383189][    T1] libprocessgroup: Removed cgroup /sys/fs/cgroup/system/uid_9999/pid_584
[   76.406491][    T1] init: starting service 'exec 10 (/system/bin/vdc --wait cryptfs init_user0)'...
[   76.458495][    T1] libprocessgroup: Created cgroup /sys/fs/cgroup/system/uid_0/pid_585
[   76.473649][    T1] init: ... started service 'exec 10 (/system/bin/vdc --wait cryptfs init_user0)' has pid 585
[   76.477788][    T1] init: SVC_EXEC service 'exec 10 (/system/bin/vdc --wait cryptfs init_user0)' pid 585 (uid 0 gid 0+0 context default) started; waiting...
[   76.481756][    T1] init: Command 'init_user0' action=post-fs-data (/system/etc/init/hw/init.rc:1042) took 86ms and succeeded
[   76.571023][  T585] libbinder.BackendUnifiedServiceManager: Thread Pool max thread count is 0. Cannot cache binder as linkToDeath cannot be implemented. serviceName: vold
[   76.723602][  T467] vold: keystore2 Keystore generateKey returned service specific error: -67
[   76.725602][  T467] vold: Failed to generate rollback-resistant key.  This is expected if keystore doesn't support rollback resistance.  Falling back to non-rollback-resistant key.
[   77.504738][    T1] init: Service 'exec 10 (/system/bin/vdc --wait cryptfs init_user0)' (pid 585) exited with status 0 waiting took 1.043000 seconds
[   77.508993][    T1] init: Sending SIGKILL to service 'exec 10 (/system/bin/vdc --wait cryptfs init_user0)' (pid 585) process group...
[   77.526914][    T1] libprocessgroup: Removed cgroup /sys/fs/cgroup/system/uid_0/pid_585
[   77.606970][    T1] selinux: SELinux: Skipping restorecon on directory(/data/system/shutdown-checkpoints)
[   77.618737][    T1] init: Command 'restorecon --recursive --skip-ce /data' action=post-fs-data (/system/etc/init/hw/init.rc:1045) took 87ms and succeeded
[   77.625578][    T1] init: starting service 'derive_classpath'...
[   77.671791][    T1] libprocessgroup: Created cgroup /sys/fs/cgroup/system/uid_1000/pid_588
[   77.718091][    T1] init: ... started service 'derive_classpath' has pid 588
[   77.722409][    T1] init: SVC_EXEC service 'derive_classpath' pid 588 (uid 1000 gid 1000+1 context default) started; waiting...
[   77.732144][    T1] init: Command 'exec_start derive_classpath' action=post-fs-data (/system/etc/init/hw/init.rc:1049) took 112ms and succeeded
[   78.285796][    T1] init: Service 'derive_classpath' (pid 588) exited with status 0 waiting took 0.619000 seconds
[   78.287147][    T1] init: Sending SIGKILL to service 'derive_classpath' (pid 588) process group...
[   78.294697][    T1] libprocessgroup: Removed cgroup /sys/fs/cgroup/system/uid_1000/pid_588
[   78.360661][    T1] init: starting service 'art_boot'...
[   78.412718][    T1] libprocessgroup: Created cgroup /sys/fs/cgroup/system/uid_0/pid_589
[   78.458209][    T1] init: ... started service 'art_boot' has pid 589
[   78.459755][    T1] init: SVC_EXEC service 'art_boot' pid 589 (uid 0 gid 0+0 context default) started; waiting...
[   78.468407][    T1] init: Command 'exec_start art_boot' action=post-fs-data (/system/etc/init/hw/init.rc:1055) took 118ms and succeeded
[   78.715396][    T1] init: Service 'art_boot' (pid 589) exited with status 0 waiting took 0.306000 seconds
[   78.717713][    T1] init: Sending SIGKILL to service 'art_boot' (pid 589) process group...
[   78.724609][    T1] libprocessgroup: Removed cgroup /sys/fs/cgroup/system/uid_0/pid_589
[   78.759447][    T1] init: starting service 'odsign'...
[   78.796301][    T1] libprocessgroup: Created cgroup /sys/fs/cgroup/system/uid_0/pid_590
[   78.829075][    T1] init: ... started service 'odsign' has pid 590
[   78.830985][    T1] init: Command 'start odsign' action=post-fs-data (/system/etc/init/hw/init.rc:1060) took 91ms and succeeded
[   82.840754][  T590] fs-verity: sha256 using implementation "sha256-ce" (multibuffer)
[   83.148115][  T114] init: Wait for property 'odsign.key.done=1' took 4309ms
[   83.187663][    T1] init: starting service 'apexd-snapshotde'...
[   83.240515][    T1] libprocessgroup: Created cgroup /sys/fs/cgroup/system/uid_0/pid_593
[   83.289088][    T1] init: ... started service 'apexd-snapshotde' has pid 593
[   83.292588][    T1] init: SVC_EXEC service 'apexd-snapshotde' pid 593 (uid 0 gid 1000+0 context default) started; waiting...
[   83.300543][    T1] init: Command 'exec_start apexd-snapshotde' action=post-fs-data (/system/etc/init/hw/init.rc:1074) took 125ms and succeeded
[   83.324589][    T1] init: Sending SIGKILL to service 'odsign' (pid 590) process group...
[   83.437689][    T1] libprocessgroup: Removed cgroup /sys/fs/cgroup/system/uid_0/pid_590
[   83.471609][    T1] init: Control message: Processed ctl.stop for 'odsign' from pid: 590 (/system/bin/odsign)
[   83.536470][    T1] init: Service 'odsign' (pid 590) received SIGKILL
[   83.543565][    T1] init: Sending SIGKILL to service 'odsign' (pid 590) process group...
[   83.548380][    T1] libprocessgroup: Failed to write 1 to /sys/fs/cgroup/system/uid_0/pid_590/cgroup.kill: No such file or directory
[   83.656141][  T593] apexd: Started. subcommand = --snapshotde
[   83.687475][  T593] libbinder.BackendUnifiedServiceManager: Thread Pool max thread count is 0. Cannot cache binder as linkToDeath cannot be implemented. serviceName: vold
[   83.715461][  T593] apexd-snapshotde: Marking APEXd as ready
[   83.788114][    T1] init: Service 'apexd-snapshotde' (pid 593) exited with status 0 waiting took 0.556000 seconds
[   83.789205][    T1] init: Sending SIGKILL to service 'apexd-snapshotde' (pid 593) process group...
[   83.794631][    T1] libprocessgroup: Removed cgroup /sys/fs/cgroup/system/uid_0/pid_593
[   83.936269][    T1] init: Command 'verity_update_state' action=post-fs-data (/system/etc/init/hw/init.rc:1084) took 93ms and succeeded
[   83.938333][    T1] init: processing action (post-fs-data) from (/system/etc/init/hw/init.usb.rc:6)
[   83.958171][    T1] init: Encryption policy of /data/adb set to 5ba64f40c66b6b585a273246f03bbf5d v2 modes 1/10 flags 0xa
[   83.958646][    T1] init: processing action (post-fs-data) from (/system/etc/init/bootstat.rc:9)
[   83.962678][    T1] init: processing action (ro.boot.dynamic_partitions=true && ro.debuggable=1 && post-fs-data) from (/system/etc/init/clean_scratch_files.rc:1)
[   83.968269][    T1] init: starting service 'exec 11 (/system/bin/clean_scratch_files)'...
[   84.017314][    T1] libprocessgroup: Created cgroup /sys/fs/cgroup/system/uid_0/pid_594
[   84.058353][    T1] init: ... started service 'exec 11 (/system/bin/clean_scratch_files)' has pid 594
[   84.059482][    T1] init: Command 'exec_background - root root -- /system/bin/clean_scratch_files' action=ro.boot.dynamic_partitions=true && ro.debuggable=1 && post-fs-data (/system/etc/init/clean_scratch_files.rc:2) took 95ms and succeeded
[   84.060655][    T1] init: processing action (post-fs-data) from (/system/etc/init/gsid.rc:17)
[   84.063078][    T1] init: Not setting encryption policy on: /data/gsi
[   84.065195][    T1] init: processing action (post-fs-data) from (/system/etc/init/incidentd.rc:21)
[   84.067511][    T1] init: processing action (post-fs-data) from (/system/etc/init/logtagd.rc:4)
[   84.071358][    T1] init: processing action (post-fs-data) from (/system/etc/init/perfetto.rc:104)
[   84.076858][    T1] init: Command 'rm /data/misc/perfetto-traces/.guardraildata' action=post-fs-data (/system/etc/init/perfetto.rc:105) took 0ms and failed: unlink() failed: No such file or directory
[   84.078019][    T1] init: processing action (post-fs-data) from (/system/etc/init/pmgd.rc:28)
[   84.079788][    T1] init: processing action (post-fs-data) from (/system/etc/init/profcollectd.rc:23)
[   84.082732][    T1] init: processing action (post-fs-data) from (/system/etc/init/recovery-persist.rc:1)
[   84.084523][    T1] init: starting service 'exec 12 (/system/bin/recovery-persist)'...
[   84.108679][    T1] libprocessgroup: Created cgroup /sys/fs/cgroup/system/uid_1000/pid_595
[   84.163892][    T1] init: ... started service 'exec 12 (/system/bin/recovery-persist)' has pid 595
[   84.168339][    T1] init: Command 'exec_background - system log -- /system/bin/recovery-persist' action=post-fs-data (/system/etc/init/recovery-persist.rc:3) took 84ms and succeeded
[   84.174590][    T1] init: processing action (post-fs-data) from (/system/etc/init/wifi.rc:18)
[   84.180320][    T1] selinux: SELinux: Skipping restorecon on directory(/data/misc/apexdata/com.android.wifi)
[   84.182823][    T1] init: processing action (post-fs-data) from (/system_ext/etc/init/rpmb_dev.test.system.rc:37)
[   84.220551][    T1] init: Top-level directory needs encryption action, eg mkdir /data/secure_storage_test_system <mode> <uid> <gid> encryption=Require
[   84.228348][    T1] init: Encryption policy of /data/secure_storage_test_system set to 5ba64f40c66b6b585a273246f03bbf5d v2 modes 1/10 flags 0xa
[   84.239572][    T1] init: starting service 'rpmb_mock_init_test_system'...
[   84.282864][    T1] libprocessgroup: Created cgroup /sys/fs/cgroup/system/uid_1000/pid_596
[   84.467349][    T1] init: ... started service 'rpmb_mock_init_test_system' has pid 596
[   84.490813][    T1] init: SVC_EXEC service 'rpmb_mock_init_test_system' pid 596 (uid 1000 gid 1000+0 context default) started; waiting...
[   84.505092][    T1] init: Command 'exec_start rpmb_mock_init_test_system' action=post-fs-data (/system_ext/etc/init/rpmb_dev.test.system.rc:59) took 260ms and succeeded
[   84.570552][    T1] init: Service 'exec 12 (/system/bin/recovery-persist)' (pid 595) exited with status 0 oneshot service took 0.462000 seconds in background
[   84.581395][    T1] init: Sending SIGKILL to service 'exec 12 (/system/bin/recovery-persist)' (pid 595) process group...
[   84.658669][    T1] libprocessgroup: Removed cgroup /sys/fs/cgroup/system/uid_1000/pid_595
[   85.007299][    T1] init: Service 'exec 11 (/system/bin/clean_scratch_files)' (pid 594) exited with status 0 oneshot service took 0.995000 seconds in background
[   85.011789][    T1] init: Sending SIGKILL to service 'exec 11 (/system/bin/clean_scratch_files)' (pid 594) process group...
[   85.025879][    T1] libprocessgroup: Removed cgroup /sys/fs/cgroup/system/uid_0/pid_594
[   85.138680][    T1] init: Service 'rpmb_mock_init_test_system' (pid 596) exited with status 0 waiting took 0.864000 seconds
[   85.140253][    T1] init: Sending SIGKILL to service 'rpmb_mock_init_test_system' (pid 596) process group...
[   85.145991][    T1] libprocessgroup: Removed cgroup /sys/fs/cgroup/system/uid_1000/pid_596
[   85.189190][    T1] init: starting service 'rpmb_mock_test_system'...
[   85.194742][    T1] init: Created socket '/dev/socket/rpmb_mock_test_system', mode 660, user 1000, group 1000
[   85.239251][    T1] libprocessgroup: Created cgroup /sys/fs/cgroup/system/uid_1000/pid_597
[   85.269989][    T1] init: ... started service 'rpmb_mock_test_system' has pid 597
[   85.274515][    T1] init: Command 'start rpmb_mock_test_system' action=post-fs-data (/system_ext/etc/init/rpmb_dev.test.system.rc:60) took 88ms and succeeded
[   85.283735][    T1] init: processing action (ro.vendor.disable_rename_eth0= && post-fs-data) from (/vendor/etc/init/init.cutf_cvm.rc:57)
[   85.304466][  T115] init: wait for '/sys/class/net/eth0' took 9ms
[   85.327089][    T1] init: starting service 'rename_eth0'...
[   85.362757][    T1] libprocessgroup: Created cgroup /sys/fs/cgroup/system/uid_0/pid_598
[   85.431862][    T1] init: ... started service 'rename_eth0' has pid 598
[   85.434857][    T1] init: Command 'start rename_eth0' action=ro.vendor.disable_rename_eth0= && post-fs-data (/vendor/etc/init/init.cutf_cvm.rc:61) took 125ms and succeeded
[   85.505094][    T1] init: processing action (post-fs-data) from (/vendor/etc/init/init.cutf_cvm.rc:67)
[   85.544070][    T1] init: processing action (ro.boot.wifi_impl=mac80211_hwsim_virtio && post-fs-data) from (/vendor/etc/init/init.cutf_cvm.rc:77)
[   85.551412][    T1] init: starting service 'init_wifi_sh'...
[   85.571252][    T1] libprocessgroup: Created cgroup /sys/fs/cgroup/system/uid_0/pid_599
[   85.604302][    T1] init: ... started service 'init_wifi_sh' has pid 599
[   85.643825][    T1] init: Command 'start init_wifi_sh' action=ro.boot.wifi_impl=mac80211_hwsim_virtio && post-fs-data (/vendor/etc/init/init.cutf_cvm.rc:81) took 72ms and succeeded
[   85.663154][    T1] init: processing action (load-bpf-programs) from (/system/etc/init/init-perfetto.rc:6)
[   85.870826][    T1] init: Command 'setprop sys.init.perf_lsm_hooks 1' action=load-bpf-programs (/system/etc/init/init-perfetto.rc:8) took 80ms and succeeded
[   85.890786][    T1] init: processing action (load-bpf-programs) from (/system/etc/init/init-perfetto.rc:6)
[   85.951235][    T1] init: processing action (load-bpf-programs) from (/system/etc/init/netbpfload.rc:38)
[   86.082509][    T1] init: starting service 'bpfloader'...
[   86.335566][    T1] libprocessgroup: Created cgroup /sys/fs/cgroup/system/uid_0/pid_600
[   86.635233][    T1] init: ... started service 'bpfloader' has pid 600
[   86.642567][    T1] init: SVC_EXEC service 'bpfloader' pid 600 (uid 0 gid 0+7 context default) started; waiting...
[   86.649442][    T1] init: Command 'exec_start bpfloader' action=load-bpf-programs (/system/etc/init/netbpfload.rc:47) took 631ms and succeeded
[   86.804574][  T598] virtio_net virtio1 buried_eth0: renamed from eth0
[   87.058661][    T1] init: Service 'rename_eth0' (pid 598) exited with status 0 oneshot service took 1.684000 seconds in background
[   87.070996][    T1] init: Sending SIGKILL to service 'rename_eth0' (pid 598) process group...
[   87.131910][    T1] libprocessgroup: Removed cgroup /sys/fs/cgroup/system/uid_0/pid_598
[   88.098308][  T600] NetBpfLoad: /apex/com.android.tethering/bin/netbpfload api:37/3700 kver:60c004a (64-on-aarch64:4k) libbpf: v1.4 uid:0 rc:01 user:010
[   88.199251][  T600] NetBpfLoad: Tethering APEX version 370399999 (system: 370399999)
[   88.224443][  T600] NetBpfLoad: detected 5 of 5: 2026Q2 api:37.0.0=3700
[   88.687269][  T425] type=1334 audit(1791395739.872:5): prog-id=1 op=LOAD
[   88.720386][  T425] type=1300 audit(1791395739.872:5): arch=c00000b7 syscall=280 success=yes exit=3 a0=5 a1=7fd3677968 a2=74 a3=0 items=0 ppid=1 auid=4294967295 uid=0 gid=0 euid=0 suid=0 fsuid=0 egid=0 sgid=0 fsgid=0 tty=(none) ses=4294967295 comm="netbpfload" exe="/apex/com.android.tethering/bin/netbpfload" subj=u:r:bpfloader:s0 key=(null)
[   88.734208][  T425] type=1327 audit(1791395739.872:5): proctitle="/apex/com.android.tethering/bin/netbpfload"
[   88.759614][  T425] type=1320 audit(1791395739.872:5): 
[   88.772717][  T425] type=1334 audit(1791395740.040:6): prog-id=1 op=UNLOAD
[   88.775911][  T425] type=1300 audit(1791395740.040:6): arch=c00000b7 syscall=57 success=yes exit=0 a0=3 a1=0 a2=783396d4d0 a3=0 items=0 ppid=1 auid=4294967295 uid=0 gid=0 euid=0 suid=0 fsuid=0 egid=0 sgid=0 fsgid=0 tty=(none) ses=4294967295 comm="netbpfload" exe="/apex/com.android.tethering/bin/netbpfload" subj=u:r:bpfloader:s0 key=(null)
[   88.787042][  T425] type=1327 audit(1791395740.040:6): proctitle="/apex/com.android.tethering/bin/netbpfload"
[   88.787049][  T425] type=1320 audit(1791395740.040:6): 
[   89.314658][  T425] type=1334 audit(1791395740.472:7): prog-id=2 op=LOAD
[   89.367669][  T425] type=1300 audit(1791395740.472:7): arch=c00000b7 syscall=280 success=yes exit=3 a0=5 a1=7fd3677df0 a2=98 a3=b4000077fca090ec items=0 ppid=1 auid=4294967295 uid=0 gid=0 euid=0 suid=0 fsuid=0 egid=0 sgid=0 fsgid=0 tty=(none) ses=4294967295 comm="netbpfload" exe="/apex/com.android.tethering/bin/netbpfload" subj=u:r:bpfloader:s0 key=(null)
[   89.417974][  T425] type=1327 audit(1791395740.472:7): proctitle="/apex/com.android.tethering/bin/netbpfload"
[   89.423014][  T425] type=1320 audit(1791395740.472:7): 
[   89.425583][  T425] type=1334 audit(1791395740.760:8): prog-id=3 op=LOAD
[   89.429414][  T425] type=1300 audit(1791395740.760:8): arch=c00000b7 syscall=280 success=yes exit=13 a0=5 a1=7fd3677df0 a2=98 a3=b4000077fca091dc items=0 ppid=1 auid=4294967295 uid=0 gid=0 euid=0 suid=0 fsuid=0 egid=0 sgid=0 fsgid=0 tty=(none) ses=4294967295 comm="netbpfload" exe="/apex/com.android.tethering/bin/netbpfload" subj=u:r:bpfloader:s0 key=(null)
[   89.460955][  T425] type=1327 audit(1791395740.760:8): proctitle="/apex/com.android.tethering/bin/netbpfload"
[   89.469884][  T425] type=1320 audit(1791395740.760:8): 
[   89.475886][  T425] type=1334 audit(1791395740.856:9): prog-id=4 op=LOAD
[   89.515900][  T425] type=1300 audit(1791395740.856:9): arch=c00000b7 syscall=280 success=yes exit=14 a0=5 a1=7fd3677df0 a2=98 a3=b4000077fca094ac items=0 ppid=1 auid=4294967295 uid=0 gid=0 euid=0 suid=0 fsuid=0 egid=0 sgid=0 fsgid=0 tty=(none) ses=4294967295 comm="netbpfload" exe="/apex/com.android.tethering/bin/netbpfload" subj=u:r:bpfloader:s0 key=(null)
[   89.525913][  T425] type=1327 audit(1791395740.856:9): proctitle="/apex/com.android.tethering/bin/netbpfload"
[   89.532085][  T425] type=1320 audit(1791395740.856:9): 
[   89.533687][  T425] type=1334 audit(1791395740.888:10): prog-id=5 op=LOAD
[   89.536883][  T425] type=1300 audit(1791395740.888:10): arch=c00000b7 syscall=280 success=yes exit=15 a0=5 a1=7fd3677df0 a2=98 a3=b4000077fca0959c items=0 ppid=1 auid=4294967295 uid=0 gid=0 euid=0 suid=0 fsuid=0 egid=0 sgid=0 fsgid=0 tty=(none) ses=4294967295 comm="netbpfload" exe="/apex/com.android.tethering/bin/netbpfload" subj=u:r:bpfloader:s0 key=(null)
[   89.567171][  T425] type=1327 audit(1791395740.888:10): proctitle="/apex/com.android.tethering/bin/netbpfload"
[   89.571352][  T425] type=1320 audit(1791395740.888:10): 
[   89.573914][  T425] type=1334 audit(1791395740.928:11): prog-id=6 op=LOAD
[   89.577864][  T425] type=1300 audit(1791395740.928:11): arch=c00000b7 syscall=280 success=yes exit=16 a0=5 a1=7fd3677df0 a2=98 a3=b4000077fca09a4c items=0 ppid=1 auid=4294967295 uid=0 gid=0 euid=0 suid=0 fsuid=0 egid=0 sgid=0 fsgid=0 tty=(none) ses=4294967295 comm="netbpfload" exe="/apex/com.android.tethering/bin/netbpfload" subj=u:r:bpfloader:s0 key=(null)
[   89.593135][  T425] type=1327 audit(1791395740.928:11): proctitle="/apex/com.android.tethering/bin/netbpfload"
[   89.598870][  T425] type=1320 audit(1791395740.928:11): 
[   89.604085][    T1] init: Service 'init_wifi_sh' (pid 599) exited with status 0 oneshot service took 4.026000 seconds in background
[   89.605981][    T1] init: Sending SIGKILL to service 'init_wifi_sh' (pid 599) process group...
[   89.609188][  T425] type=1334 audit(1791395740.992:12): prog-id=7 op=LOAD
[   89.613238][  T425] type=1300 audit(1791395740.992:12): arch=c00000b7 syscall=280 success=yes exit=17 a0=5 a1=7fd3677df0 a2=98 a3=b4000077fca09b3c items=0 ppid=1 auid=4294967295 uid=0 gid=0 euid=0 suid=0 fsuid=0 egid=0 sgid=0 fsgid=0 tty=(none) ses=4294967295 comm="netbpfload" exe="/apex/com.android.tethering/bin/netbpfload" subj=u:r:bpfloader:s0 key=(null)
[   89.619870][    T1] libprocessgroup: Removed cgroup /sys/fs/cgroup/system/uid_0/pid_599
[   89.620650][  T425] type=1327 audit(1791395740.992:12): proctitle="/apex/com.android.tethering/bin/netbpfload"
[   89.625903][  T425] type=1320 audit(1791395740.992:12): 
[   89.629095][  T425] type=1334 audit(1791395741.020:13): prog-id=8 op=LOAD
[   89.629351][  T425] type=1300 audit(1791395741.020:13): arch=c00000b7 syscall=280 success=yes exit=18 a0=5 a1=7fd3677df0 a2=98 a3=b4000077fca09c2c items=0 ppid=1 auid=4294967295 uid=0 gid=0 euid=0 suid=0 fsuid=0 egid=0 sgid=0 fsgid=0 tty=(none) ses=4294967295 comm="netbpfload" exe="/apex/com.android.tethering/bin/netbpfload" subj=u:r:bpfloader:s0 key=(null)
[   89.643038][  T425] type=1327 audit(1791395741.020:13): proctitle="/apex/com.android.tethering/bin/netbpfload"
[   89.644661][  T425] type=1320 audit(1791395741.020:13): 
[   89.644842][  T425] type=1334 audit(1791395741.036:14): prog-id=9 op=LOAD
[   89.645753][  T425] type=1300 audit(1791395741.036:14): arch=c00000b7 syscall=280 success=yes exit=19 a0=5 a1=7fd3677df0 a2=98 a3=b4000077fca09d1c items=0 ppid=1 auid=4294967295 uid=0 gid=0 euid=0 suid=0 fsuid=0 egid=0 sgid=0 fsgid=0 tty=(none) ses=4294967295 comm="netbpfload" exe="/apex/com.android.tethering/bin/netbpfload" subj=u:r:bpfloader:s0 key=(null)
[   89.645830][  T425] type=1327 audit(1791395741.036:14): proctitle="/apex/com.android.tethering/bin/netbpfload"
[   89.645835][  T425] type=1320 audit(1791395741.036:14): 
[   89.788637][  T425] type=1334 audit(1791395741.172:15): prog-id=10 op=LOAD
[   89.810417][  T425] type=1300 audit(1791395741.172:15): arch=c00000b7 syscall=280 success=yes exit=3 a0=5 a1=7fd3676490 a2=94 a3=2 items=0 ppid=1 auid=4294967295 uid=0 gid=0 euid=0 suid=0 fsuid=0 egid=0 sgid=0 fsgid=0 tty=(none) ses=4294967295 comm="netbpfload" exe="/apex/com.android.tethering/bin/netbpfload" subj=u:r:bpfloader:s0 key=(null)
[   89.839857][  T425] type=1327 audit(1791395741.172:15): proctitle="/apex/com.android.tethering/bin/netbpfload"
[   89.856116][  T425] type=1320 audit(1791395741.172:15): 
[   89.859834][  T425] type=1334 audit(1791395741.188:16): prog-id=10 op=UNLOAD
[   89.861796][  T425] type=1300 audit(1791395741.188:16): arch=c00000b7 syscall=57 success=yes exit=0 a0=3 a1=0 a2=783396d4d0 a3=2 items=0 ppid=1 auid=4294967295 uid=0 gid=0 euid=0 suid=0 fsuid=0 egid=0 sgid=0 fsgid=0 tty=(none) ses=4294967295 comm="netbpfload" exe="/apex/com.android.tethering/bin/netbpfload" subj=u:r:bpfloader:s0 key=(null)
[   89.882459][  T425] type=1327 audit(1791395741.188:16): proctitle="/apex/com.android.tethering/bin/netbpfload"
[   89.896961][  T425] type=1320 audit(1791395741.188:16): 
[   89.899198][  T425] type=1334 audit(1791395741.268:17): prog-id=11 op=LOAD
[   89.901585][  T425] type=1300 audit(1791395741.268:17): arch=c00000b7 syscall=280 success=yes exit=9 a0=5 a1=7fd3676388 a2=40 a3=0 items=0 ppid=1 auid=4294967295 uid=0 gid=0 euid=0 suid=0 fsuid=0 egid=0 sgid=0 fsgid=0 tty=(none) ses=4294967295 comm="netbpfload" exe="/apex/com.android.tethering/bin/netbpfload" subj=u:r:bpfloader:s0 key=(null)
[   89.905288][  T425] type=1327 audit(1791395741.268:17): proctitle="/apex/com.android.tethering/bin/netbpfload"
[   89.905804][  T425] type=1320 audit(1791395741.268:17): 
[   89.906958][  T425] type=1334 audit(1791395741.276:18): prog-id=11 op=UNLOAD
[   89.934824][  T425] type=1300 audit(1791395741.276:18): arch=c00000b7 syscall=57 success=yes exit=0 a0=9 a1=0 a2=783396d500 a3=0 items=0 ppid=1 auid=4294967295 uid=0 gid=0 euid=0 suid=0 fsuid=0 egid=0 sgid=0 fsgid=0 tty=(none) ses=4294967295 comm="netbpfload" exe="/apex/com.android.tethering/bin/netbpfload" subj=u:r:bpfloader:s0 key=(null)
[   89.943104][  T425] type=1327 audit(1791395741.276:18): proctitle="/apex/com.android.tethering/bin/netbpfload"
[   89.943578][  T425] type=1320 audit(1791395741.276:18): 
[   89.980670][  T425] type=1334 audit(1791395741.380:19): prog-id=12 op=LOAD
[   90.004877][  T425] type=1300 audit(1791395741.380:19): arch=c00000b7 syscall=280 success=yes exit=3 a0=5 a1=7fd3676490 a2=94 a3=2 items=0 ppid=1 auid=4294967295 uid=0 gid=0 euid=0 suid=0 fsuid=0 egid=0 sgid=0 fsgid=0 tty=(none) ses=4294967295 comm="netbpfload" exe="/apex/com.android.tethering/bin/netbpfload" subj=u:r:bpfloader:s0 key=(null)
[   90.007208][  T425] type=1327 audit(1791395741.380:19): proctitle="/apex/com.android.tethering/bin/netbpfload"
[   90.007624][  T425] type=1320 audit(1791395741.380:19): 
[   90.007883][  T425] type=1334 audit(1791395741.388:20): prog-id=12 op=UNLOAD
[   90.008213][  T425] type=1300 audit(1791395741.388:20): arch=c00000b7 syscall=57 success=yes exit=0 a0=3 a1=0 a2=783396d4d0 a3=2 items=0 ppid=1 auid=4294967295 uid=0 gid=0 euid=0 suid=0 fsuid=0 egid=0 sgid=0 fsgid=0 tty=(none) ses=4294967295 comm="netbpfload" exe="/apex/com.android.tethering/bin/netbpfload" subj=u:r:bpfloader:s0 key=(null)
[   90.018993][  T425] type=1327 audit(1791395741.388:20): proctitle="/apex/com.android.tethering/bin/netbpfload"
[   90.019585][  T425] type=1320 audit(1791395741.388:20): 
[   90.019831][  T425] type=1334 audit(1791395741.392:21): prog-id=13 op=LOAD
[   90.020498][  T425] type=1300 audit(1791395741.392:21): arch=c00000b7 syscall=280 success=yes exit=6 a0=5 a1=7fd3676310 a2=94 a3=4 items=0 ppid=1 auid=4294967295 uid=0 gid=0 euid=0 suid=0 fsuid=0 egid=0 sgid=0 fsgid=0 tty=(none) ses=4294967295 comm="netbpfload" exe="/apex/com.android.tethering/bin/netbpfload" subj=u:r:bpfloader:s0 key=(null)
[   90.021737][  T425] type=1327 audit(1791395741.392:21): proctitle="/apex/com.android.tethering/bin/netbpfload"
[   90.022360][  T425] type=1320 audit(1791395741.392:21): 
[   90.023163][  T425] type=1334 audit(1791395741.424:22): prog-id=13 op=UNLOAD
[   90.023477][  T425] type=1300 audit(1791395741.424:22): arch=c00000b7 syscall=57 success=yes exit=0 a0=6 a1=0 a2=783396d4e8 a3=4 items=0 ppid=1 auid=4294967295 uid=0 gid=0 euid=0 suid=0 fsuid=0 egid=0 sgid=0 fsgid=0 tty=(none) ses=4294967295 comm="netbpfload" exe="/apex/com.android.tethering/bin/netbpfload" subj=u:r:bpfloader:s0 key=(null)
[   90.031750][  T425] type=1327 audit(1791395741.424:22): proctitle="/apex/com.android.tethering/bin/netbpfload"
[   90.032170][  T425] type=1320 audit(1791395741.424:22): 
[   90.032461][  T425] type=1334 audit(1791395741.428:23): prog-id=14 op=LOAD
[   90.032776][  T425] type=1300 audit(1791395741.428:23): arch=c00000b7 syscall=280 success=yes exit=6 a0=5 a1=7fd3676490 a2=94 a3=17f items=0 ppid=1 auid=4294967295 uid=0 gid=0 euid=0 suid=0 fsuid=0 egid=0 sgid=0 fsgid=0 tty=(none) ses=4294967295 comm="netbpfload" exe="/apex/com.android.tethering/bin/netbpfload" subj=u:r:bpfloader:s0 key=(null)
[   90.033969][  T425] type=1327 audit(1791395741.428:23): proctitle="/apex/com.android.tethering/bin/netbpfload"
[   90.035754][  T425] type=1320 audit(1791395741.428:23): 
[   90.037120][  T425] type=1334 audit(1791395741.432:24): prog-id=15 op=LOAD
[   90.042886][  T425] type=1300 audit(1791395741.432:24): arch=c00000b7 syscall=280 success=yes exit=7 a0=5 a1=7fd3676490 a2=94 a3=12e items=0 ppid=1 auid=4294967295 uid=0 gid=0 euid=0 suid=0 fsuid=0 egid=0 sgid=0 fsgid=0 tty=(none) ses=4294967295 comm="netbpfload" exe="/apex/com.android.tethering/bin/netbpfload" subj=u:r:bpfloader:s0 key=(null)
[   90.044346][  T425] type=1327 audit(1791395741.432:24): proctitle="/apex/com.android.tethering/bin/netbpfload"
[   90.044832][  T425] type=1320 audit(1791395741.432:24): 
[   90.045161][  T425] type=1334 audit(1791395741.436:25): prog-id=16 op=LOAD
[   90.045376][  T425] type=1300 audit(1791395741.436:25): arch=c00000b7 syscall=280 success=yes exit=8 a0=5 a1=7fd3676490 a2=94 a3=f7 items=0 ppid=1 auid=4294967295 uid=0 gid=0 euid=0 suid=0 fsuid=0 egid=0 sgid=0 fsgid=0 tty=(none) ses=4294967295 comm="netbpfload" exe="/apex/com.android.tethering/bin/netbpfload" subj=u:r:bpfloader:s0 key=(null)
[   90.046871][  T425] type=1327 audit(1791395741.436:25): proctitle="/apex/com.android.tethering/bin/netbpfload"
[   90.050664][  T425] type=1320 audit(1791395741.436:25): 
[   90.057660][  T425] type=1334 audit(1791395741.468:26): prog-id=17 op=LOAD
[   90.075286][  T425] type=1300 audit(1791395741.468:26): arch=c00000b7 syscall=280 success=yes exit=3 a0=5 a1=7fd3676490 a2=94 a3=2 items=0 ppid=1 auid=4294967295 uid=0 gid=0 euid=0 suid=0 fsuid=0 egid=0 sgid=0 fsgid=0 tty=(none) ses=4294967295 comm="netbpfload" exe="/apex/com.android.tethering/bin/netbpfload" subj=u:r:bpfloader:s0 key=(null)
[   90.080585][  T425] type=1327 audit(1791395741.468:26): proctitle="/apex/com.android.tethering/bin/netbpfload"
[   90.080972][  T425] type=1320 audit(1791395741.468:26): 
[   90.081243][  T425] type=1334 audit(1791395741.468:27): prog-id=17 op=UNLOAD
[   90.081537][  T425] type=1300 audit(1791395741.468:27): arch=c00000b7 syscall=57 success=yes exit=0 a0=3 a1=0 a2=783396d4d0 a3=2 items=0 ppid=1 auid=4294967295 uid=0 gid=0 euid=0 suid=0 fsuid=0 egid=0 sgid=0 fsgid=0 tty=(none) ses=4294967295 comm="netbpfload" exe="/apex/com.android.tethering/bin/netbpfload" subj=u:r:bpfloader:s0 key=(null)
[   90.089526][  T425] type=1327 audit(1791395741.468:27): proctitle="/apex/com.android.tethering/bin/netbpfload"
[   90.090031][  T425] type=1320 audit(1791395741.468:27): 
[   90.090276][  T425] type=1334 audit(1791395741.472:28): prog-id=18 op=LOAD
[   90.090870][  T425] type=1300 audit(1791395741.472:28): arch=c00000b7 syscall=280 success=yes exit=7 a0=5 a1=7fd3676490 a2=94 a3=1eb items=0 ppid=1 auid=4294967295 uid=0 gid=0 euid=0 suid=0 fsuid=0 egid=0 sgid=0 fsgid=0 tty=(none) ses=4294967295 comm="netbpfload" exe="/apex/com.android.tethering/bin/netbpfload" subj=u:r:bpfloader:s0 key=(null)
[   90.092223][  T425] type=1327 audit(1791395741.472:28): proctitle="/apex/com.android.tethering/bin/netbpfload"
[   90.094902][  T425] type=1320 audit(1791395741.472:28): 
[   90.125067][  T425] type=1334 audit(1791395741.536:29): prog-id=19 op=LOAD
[   90.126539][  T425] type=1300 audit(1791395741.536:29): arch=c00000b7 syscall=280 success=yes exit=3 a0=5 a1=7fd3676490 a2=94 a3=2 items=0 ppid=1 auid=4294967295 uid=0 gid=0 euid=0 suid=0 fsuid=0 egid=0 sgid=0 fsgid=0 tty=(none) ses=4294967295 comm="netbpfload" exe="/apex/com.android.tethering/bin/netbpfload" subj=u:r:bpfloader:s0 key=(null)
[   90.145071][  T425] type=1327 audit(1791395741.536:29): proctitle="/apex/com.android.tethering/bin/netbpfload"
[   90.164552][  T425] type=1320 audit(1791395741.536:29): 
[   90.166781][  T425] type=1334 audit(1791395741.536:30): prog-id=19 op=UNLOAD
[   90.173047][  T425] type=1300 audit(1791395741.536:30): arch=c00000b7 syscall=57 success=yes exit=0 a0=3 a1=0 a2=783396d4d0 a3=2 items=0 ppid=1 auid=4294967295 uid=0 gid=0 euid=0 suid=0 fsuid=0 egid=0 sgid=0 fsgid=0 tty=(none) ses=4294967295 comm="netbpfload" exe="/apex/com.android.tethering/bin/netbpfload" subj=u:r:bpfloader:s0 key=(null)
[   90.193108][  T425] type=1327 audit(1791395741.536:30): proctitle="/apex/com.android.tethering/bin/netbpfload"
[   90.200860][  T425] type=1320 audit(1791395741.536:30): 
[   90.304816][  T425] type=1334 audit(1791395741.680:31): prog-id=20 op=LOAD
[   90.311878][  T425] type=1300 audit(1791395741.680:31): arch=c00000b7 syscall=280 success=yes exit=41 a0=5 a1=7fd3676490 a2=94 a3=50 items=0 ppid=1 auid=4294967295 uid=0 gid=0 euid=0 suid=0 fsuid=0 egid=0 sgid=0 fsgid=0 tty=(none) ses=4294967295 comm="netbpfload" exe="/apex/com.android.tethering/bin/netbpfload" subj=u:r:bpfloader:s0 key=(null)
[   90.313243][  T425] type=1327 audit(1791395741.680:31): proctitle="/apex/com.android.tethering/bin/netbpfload"
[   90.338630][  T425] type=1320 audit(1791395741.680:31): 
[   90.346046][  T425] type=1334 audit(1791395741.708:32): prog-id=21 op=LOAD
[   90.355578][  T425] type=1300 audit(1791395741.708:32): arch=c00000b7 syscall=280 success=yes exit=42 a0=5 a1=7fd3676490 a2=94 a3=7c items=0 ppid=1 auid=4294967295 uid=0 gid=0 euid=0 suid=0 fsuid=0 egid=0 sgid=0 fsgid=0 tty=(none) ses=4294967295 comm="netbpfload" exe="/apex/com.android.tethering/bin/netbpfload" subj=u:r:bpfloader:s0 key=(null)
[   90.367258][  T425] type=1327 audit(1791395741.708:32): proctitle="/apex/com.android.tethering/bin/netbpfload"
[   90.371949][  T425] type=1320 audit(1791395741.708:32): 
[   90.372452][  T425] type=1334 audit(1791395741.724:33): prog-id=22 op=LOAD
[   90.372842][  T425] type=1300 audit(1791395741.724:33): arch=c00000b7 syscall=280 success=yes exit=43 a0=5 a1=7fd3676490 a2=94 a3=7c items=0 ppid=1 auid=4294967295 uid=0 gid=0 euid=0 suid=0 fsuid=0 egid=0 sgid=0 fsgid=0 tty=(none) ses=4294967295 comm="netbpfload" exe="/apex/com.android.tethering/bin/netbpfload" subj=u:r:bpfloader:s0 key=(null)
[   90.379462][  T425] type=1327 audit(1791395741.724:33): proctitle="/apex/com.android.tethering/bin/netbpfload"
[   90.400450][  T425] type=1320 audit(1791395741.724:33): 
[   90.411112][  T425] type=1334 audit(1791395741.728:34): prog-id=23 op=LOAD
[   90.416467][  T425] type=1300 audit(1791395741.728:34): arch=c00000b7 syscall=280 success=yes exit=44 a0=5 a1=7fd3676490 a2=94 a3=587 items=0 ppid=1 auid=4294967295 uid=0 gid=0 euid=0 suid=0 fsuid=0 egid=0 sgid=0 fsgid=0 tty=(none) ses=4294967295 comm="netbpfload" exe="/apex/com.android.tethering/bin/netbpfload" subj=u:r:bpfloader:s0 key=(null)
[   90.429072][  T425] type=1327 audit(1791395741.728:34): proctitle="/apex/com.android.tethering/bin/netbpfload"
[   90.435008][  T425] type=1320 audit(1791395741.728:34): 
[   90.460469][  T425] type=1334 audit(1791395741.824:35): prog-id=24 op=LOAD
[   90.461339][  T425] type=1300 audit(1791395741.824:35): arch=c00000b7 syscall=280 success=yes exit=45 a0=5 a1=7fd3676490 a2=94 a3=6c2 items=0 ppid=1 auid=4294967295 uid=0 gid=0 euid=0 suid=0 fsuid=0 egid=0 sgid=0 fsgid=0 tty=(none) ses=4294967295 comm="netbpfload" exe="/apex/com.android.tethering/bin/netbpfload" subj=u:r:bpfloader:s0 key=(null)
[   90.462568][  T425] type=1327 audit(1791395741.824:35): proctitle="/apex/com.android.tethering/bin/netbpfload"
[   90.463282][  T425] type=1320 audit(1791395741.824:35): 
[   90.463817][  T425] type=1334 audit(1791395741.872:36): prog-id=25 op=LOAD
[   90.464362][  T425] type=1300 audit(1791395741.872:36): arch=c00000b7 syscall=280 success=yes exit=46 a0=5 a1=7fd3676490 a2=94 a3=46 items=0 ppid=1 auid=4294967295 uid=0 gid=0 euid=0 suid=0 fsuid=0 egid=0 sgid=0 fsgid=0 tty=(none) ses=4294967295 comm="netbpfload" exe="/apex/com.android.tethering/bin/netbpfload" subj=u:r:bpfloader:s0 key=(null)
[   90.465810][  T425] type=1327 audit(1791395741.872:36): proctitle="/apex/com.android.tethering/bin/netbpfload"
[   90.466644][  T425] type=1320 audit(1791395741.872:36): 
[   90.467629][  T425] type=1334 audit(1791395741.872:37): prog-id=26 op=LOAD
[   90.468445][  T425] type=1300 audit(1791395741.872:37): arch=c00000b7 syscall=280 success=yes exit=47 a0=5 a1=7fd3676490 a2=94 a3=35 items=0 ppid=1 auid=4294967295 uid=0 gid=0 euid=0 suid=0 fsuid=0 egid=0 sgid=0 fsgid=0 tty=(none) ses=4294967295 comm="netbpfload" exe="/apex/com.android.tethering/bin/netbpfload" subj=u:r:bpfloader:s0 key=(null)
[   90.471550][  T425] type=1327 audit(1791395741.872:37): proctitle="/apex/com.android.tethering/bin/netbpfload"
[   90.472229][  T425] type=1320 audit(1791395741.872:37): 
[   90.472438][  T425] type=1334 audit(1791395741.876:38): prog-id=27 op=LOAD
[   90.472901][  T425] type=1300 audit(1791395741.876:38): arch=c00000b7 syscall=280 success=yes exit=48 a0=5 a1=7fd3676490 a2=94 a3=37 items=0 ppid=1 auid=4294967295 uid=0 gid=0 euid=0 suid=0 fsuid=0 egid=0 sgid=0 fsgid=0 tty=(none) ses=4294967295 comm="netbpfload" exe="/apex/com.android.tethering/bin/netbpfload" subj=u:r:bpfloader:s0 key=(null)
[   90.474163][  T425] type=1327 audit(1791395741.876:38): proctitle="/apex/com.android.tethering/bin/netbpfload"
[   90.474625][  T425] type=1320 audit(1791395741.876:38): 
[   90.474911][  T425] type=1334 audit(1791395741.876:39): prog-id=28 op=LOAD
[   90.475195][  T425] type=1300 audit(1791395741.876:39): arch=c00000b7 syscall=280 success=yes exit=49 a0=5 a1=7fd3676490 a2=94 a3=1c items=0 ppid=1 auid=4294967295 uid=0 gid=0 euid=0 suid=0 fsuid=0 egid=0 sgid=0 fsgid=0 tty=(none) ses=4294967295 comm="netbpfload" exe="/apex/com.android.tethering/bin/netbpfload" subj=u:r:bpfloader:s0 key=(null)
[   90.476664][  T425] type=1327 audit(1791395741.876:39): proctitle="/apex/com.android.tethering/bin/netbpfload"
[   90.477292][  T425] type=1320 audit(1791395741.876:39): 
[   90.477715][  T425] type=1334 audit(1791395741.876:40): prog-id=29 op=LOAD
[   90.478108][  T425] type=1300 audit(1791395741.876:40): arch=c00000b7 syscall=280 success=yes exit=50 a0=5 a1=7fd3676490 a2=94 a3=10 items=0 ppid=1 auid=4294967295 uid=0 gid=0 euid=0 suid=0 fsuid=0 egid=0 sgid=0 fsgid=0 tty=(none) ses=4294967295 comm="netbpfload" exe="/apex/com.android.tethering/bin/netbpfload" subj=u:r:bpfloader:s0 key=(null)
[   90.479928][  T425] type=1327 audit(1791395741.876:40): proctitle="/apex/com.android.tethering/bin/netbpfload"
[   90.480316][  T425] type=1320 audit(1791395741.876:40): 
[   90.480716][  T425] type=1334 audit(1791395741.876:41): prog-id=30 op=LOAD
[   90.481101][  T425] type=1300 audit(1791395741.876:41): arch=c00000b7 syscall=280 success=yes exit=51 a0=5 a1=7fd3676490 a2=94 a3=5b items=0 ppid=1 auid=4294967295 uid=0 gid=0 euid=0 suid=0 fsuid=0 egid=0 sgid=0 fsgid=0 tty=(none) ses=4294967295 comm="netbpfload" exe="/apex/com.android.tethering/bin/netbpfload" subj=u:r:bpfloader:s0 key=(null)
[   90.485884][  T425] type=1327 audit(1791395741.876:41): proctitle="/apex/com.android.tethering/bin/netbpfload"
[   90.485889][  T425] type=1320 audit(1791395741.876:41): 
[   90.485893][  T425] type=1334 audit(1791395741.880:42): prog-id=31 op=LOAD
[   90.485901][  T425] type=1300 audit(1791395741.880:42): arch=c00000b7 syscall=280 success=yes exit=52 a0=5 a1=7fd3676490 a2=94 a3=a items=0 ppid=1 auid=4294967295 uid=0 gid=0 euid=0 suid=0 fsuid=0 egid=0 sgid=0 fsgid=0 tty=(none) ses=4294967295 comm="netbpfload" exe="/apex/com.android.tethering/bin/netbpfload" subj=u:r:bpfloader:s0 key=(null)
[   90.486844][  T425] type=1327 audit(1791395741.880:42): proctitle="/apex/com.android.tethering/bin/netbpfload"
[   90.488721][  T425] type=1320 audit(1791395741.880:42): 
[   90.489379][  T425] type=1334 audit(1791395741.880:43): prog-id=32 op=LOAD
[   90.489635][  T425] type=1300 audit(1791395741.880:43): arch=c00000b7 syscall=280 success=yes exit=53 a0=5 a1=7fd3676490 a2=94 a3=63 items=0 ppid=1 auid=4294967295 uid=0 gid=0 euid=0 suid=0 fsuid=0 egid=0 sgid=0 fsgid=0 tty=(none) ses=4294967295 comm="netbpfload" exe="/apex/com.android.tethering/bin/netbpfload" subj=u:r:bpfloader:s0 key=(null)
[   90.490631][  T425] type=1327 audit(1791395741.880:43): proctitle="/apex/com.android.tethering/bin/netbpfload"
[   90.491139][  T425] type=1320 audit(1791395741.880:43): 
[   90.491461][  T425] type=1334 audit(1791395741.880:44): prog-id=33 op=LOAD
[   90.492021][  T425] type=1300 audit(1791395741.880:44): arch=c00000b7 syscall=280 success=yes exit=54 a0=5 a1=7fd3676490 a2=94 a3=63 items=0 ppid=1 auid=4294967295 uid=0 gid=0 euid=0 suid=0 fsuid=0 egid=0 sgid=0 fsgid=0 tty=(none) ses=4294967295 comm="netbpfload" exe="/apex/com.android.tethering/bin/netbpfload" subj=u:r:bpfloader:s0 key=(null)
[   90.493816][  T425] type=1327 audit(1791395741.880:44): proctitle="/apex/com.android.tethering/bin/netbpfload"
[   90.493821][  T425] type=1320 audit(1791395741.880:44): 
[   90.493825][  T425] type=1334 audit(1791395741.884:45): prog-id=34 op=LOAD
[   90.493833][  T425] type=1300 audit(1791395741.884:45): arch=c00000b7 syscall=280 success=yes exit=55 a0=5 a1=7fd3676490 a2=94 a3=2 items=0 ppid=1 auid=4294967295 uid=0 gid=0 euid=0 suid=0 fsuid=0 egid=0 sgid=0 fsgid=0 tty=(none) ses=4294967295 comm="netbpfload" exe="/apex/com.android.tethering/bin/netbpfload" subj=u:r:bpfloader:s0 key=(null)
[   90.494868][  T425] type=1327 audit(1791395741.884:45): proctitle="/apex/com.android.tethering/bin/netbpfload"
[   90.496288][  T425] type=1320 audit(1791395741.884:45): 
[   90.497133][  T425] type=1334 audit(1791395741.884:46): prog-id=35 op=LOAD
[   90.497515][  T425] type=1300 audit(1791395741.884:46): arch=c00000b7 syscall=280 success=yes exit=56 a0=5 a1=7fd3676490 a2=94 a3=2 items=0 ppid=1 auid=4294967295 uid=0 gid=0 euid=0 suid=0 fsuid=0 egid=0 sgid=0 fsgid=0 tty=(none) ses=4294967295 comm="netbpfload" exe="/apex/com.android.tethering/bin/netbpfload" subj=u:r:bpfloader:s0 key=(null)
[   90.498562][  T425] type=1327 audit(1791395741.884:46): proctitle="/apex/com.android.tethering/bin/netbpfload"
[   90.499063][  T425] type=1320 audit(1791395741.884:46): 
[   90.499296][  T425] type=1334 audit(1791395741.884:47): prog-id=36 op=LOAD
[   90.499547][  T425] type=1300 audit(1791395741.884:47): arch=c00000b7 syscall=280 success=yes exit=57 a0=5 a1=7fd3676490 a2=94 a3=2 items=0 ppid=1 auid=4294967295 uid=0 gid=0 euid=0 suid=0 fsuid=0 egid=0 sgid=0 fsgid=0 tty=(none) ses=4294967295 comm="netbpfload" exe="/apex/com.android.tethering/bin/netbpfload" subj=u:r:bpfloader:s0 key=(null)
[   90.500865][  T425] type=1327 audit(1791395741.884:47): proctitle="/apex/com.android.tethering/bin/netbpfload"
[   90.501775][  T425] type=1320 audit(1791395741.884:47): 
[   90.502098][  T425] type=1334 audit(1791395741.888:48): prog-id=37 op=LOAD
[   90.502518][  T425] type=1300 audit(1791395741.888:48): arch=c00000b7 syscall=280 success=yes exit=58 a0=5 a1=7fd3676490 a2=94 a3=2 items=0 ppid=1 auid=4294967295 uid=0 gid=0 euid=0 suid=0 fsuid=0 egid=0 sgid=0 fsgid=0 tty=(none) ses=4294967295 comm="netbpfload" exe="/apex/com.android.tethering/bin/netbpfload" subj=u:r:bpfloader:s0 key=(null)
[   90.504159][  T425] type=1327 audit(1791395741.888:48): proctitle="/apex/com.android.tethering/bin/netbpfload"
[   90.504711][  T425] type=1320 audit(1791395741.888:48): 
[   90.505125][  T425] type=1334 audit(1791395741.888:49): prog-id=38 op=LOAD
[   90.505471][  T425] type=1300 audit(1791395741.888:49): arch=c00000b7 syscall=280 success=yes exit=59 a0=5 a1=7fd3676490 a2=94 a3=2 items=0 ppid=1 auid=4294967295 uid=0 gid=0 euid=0 suid=0 fsuid=0 egid=0 sgid=0 fsgid=0 tty=(none) ses=4294967295 comm="netbpfload" exe="/apex/com.android.tethering/bin/netbpfload" subj=u:r:bpfloader:s0 key=(null)
[   90.506622][  T425] type=1327 audit(1791395741.888:49): proctitle="/apex/com.android.tethering/bin/netbpfload"
[   90.506815][  T425] type=1320 audit(1791395741.888:49): 
[   90.508269][  T425] type=1334 audit(1791395741.892:50): prog-id=39 op=LOAD
[   90.508781][  T425] type=1300 audit(1791395741.892:50): arch=c00000b7 syscall=280 success=yes exit=60 a0=5 a1=7fd3676490 a2=94 a3=2 items=0 ppid=1 auid=4294967295 uid=0 gid=0 euid=0 suid=0 fsuid=0 egid=0 sgid=0 fsgid=0 tty=(none) ses=4294967295 comm="netbpfload" exe="/apex/com.android.tethering/bin/netbpfload" subj=u:r:bpfloader:s0 key=(null)
[   90.510354][  T425] type=1327 audit(1791395741.892:50): proctitle="/apex/com.android.tethering/bin/netbpfload"
[   90.510360][  T425] type=1320 audit(1791395741.892:50): 
[   90.510364][  T425] type=1334 audit(1791395741.892:51): prog-id=40 op=LOAD
[   90.510372][  T425] type=1300 audit(1791395741.892:51): arch=c00000b7 syscall=280 success=yes exit=61 a0=5 a1=7fd3676490 a2=94 a3=50 items=0 ppid=1 auid=4294967295 uid=0 gid=0 euid=0 suid=0 fsuid=0 egid=0 sgid=0 fsgid=0 tty=(none) ses=4294967295 comm="netbpfload" exe="/apex/com.android.tethering/bin/netbpfload" subj=u:r:bpfloader:s0 key=(null)
[   90.511011][  T425] type=1327 audit(1791395741.892:51): proctitle="/apex/com.android.tethering/bin/netbpfload"
[   90.512213][  T425] type=1320 audit(1791395741.892:51): 
[   90.512897][  T425] type=1334 audit(1791395741.892:52): prog-id=41 op=LOAD
[   90.513414][  T425] type=1300 audit(1791395741.892:52): arch=c00000b7 syscall=280 success=yes exit=62 a0=5 a1=7fd3676490 a2=94 a3=43 items=0 ppid=1 auid=4294967295 uid=0 gid=0 euid=0 suid=0 fsuid=0 egid=0 sgid=0 fsgid=0 tty=(none) ses=4294967295 comm="netbpfload" exe="/apex/com.android.tethering/bin/netbpfload" subj=u:r:bpfloader:s0 key=(null)
[   90.514714][  T425] type=1327 audit(1791395741.892:52): proctitle="/apex/com.android.tethering/bin/netbpfload"
[   90.515356][  T425] type=1320 audit(1791395741.892:52): 
[   90.529602][  T600] NetBpfLoad: done, transferring control to uprobestatsbpfload.
[   90.794767][  T600] UprobeStatsBpfLoad: UprobeStatsBpfLoad loading optional ELF object /apex/com.android.uprobestats/etc/bpf/uprobestats/BitmapAllocation.o with license GPL
[   90.863689][  T425] type=1334 audit(1791395742.272:53): prog-id=42 op=LOAD
[   90.867534][  T425] type=1300 audit(1791395742.272:53): arch=c00000b7 syscall=280 success=yes exit=8 a0=5 a1=7fd5e442f0 a2=a8 a3=b4000072c040a81f items=0 ppid=1 auid=4294967295 uid=0 gid=0 euid=0 suid=0 fsuid=0 egid=0 sgid=0 fsgid=0 tty=(none) ses=4294967295 comm="uprobestatsbpfl" exe="/apex/com.android.uprobestats/bin/uprobestatsbpfload" subj=u:r:bpfloader:s0 key=(null)
[   90.868923][  T425] type=1327 audit(1791395742.272:53): proctitle="/apex/com.android.tethering/bin/netbpfload"
[   90.869624][  T425] type=1320 audit(1791395742.272:53): 
[   90.870028][  T425] type=1334 audit(1791395742.276:54): prog-id=43 op=LOAD
[   90.870276][  T425] type=1300 audit(1791395742.276:54): arch=c00000b7 syscall=280 success=yes exit=9 a0=5 a1=7fd5e442f0 a2=a8 a3=b40000741040d170 items=0 ppid=1 auid=4294967295 uid=0 gid=0 euid=0 suid=0 fsuid=0 egid=0 sgid=0 fsgid=0 tty=(none) ses=4294967295 comm="uprobestatsbpfl" exe="/apex/com.android.uprobestats/bin/uprobestatsbpfload" subj=u:r:bpfloader:s0 key=(null)
[   90.871346][  T425] type=1327 audit(1791395742.276:54): proctitle="/apex/com.android.tethering/bin/netbpfload"
[   90.872018][  T425] type=1320 audit(1791395742.276:54): 
[   90.872196][  T425] type=1334 audit(1791395742.280:55): prog-id=44 op=LOAD
[   90.872409][  T425] type=1300 audit(1791395742.280:55): arch=c00000b7 syscall=280 success=yes exit=10 a0=5 a1=7fd5e442f0 a2=a8 a3=b4000072c040a35f items=0 ppid=1 auid=4294967295 uid=0 gid=0 euid=0 suid=0 fsuid=0 egid=0 sgid=0 fsgid=0 tty=(none) ses=4294967295 comm="uprobestatsbpfl" exe="/apex/com.android.uprobestats/bin/uprobestatsbpfload" subj=u:r:bpfloader:s0 key=(null)
[   90.873795][  T425] type=1327 audit(1791395742.280:55): proctitle="/apex/com.android.tethering/bin/netbpfload"
[   90.874181][  T425] type=1320 audit(1791395742.280:55): 
[   90.874590][  T425] type=1334 audit(1791395742.284:56): prog-id=45 op=LOAD
[   90.875385][  T425] type=1300 audit(1791395742.284:56): arch=c00000b7 syscall=280 success=yes exit=11 a0=5 a1=7fd5e442f0 a2=a8 a3=b4000072c040a71f items=0 ppid=1 auid=4294967295 uid=0 gid=0 euid=0 suid=0 fsuid=0 egid=0 sgid=0 fsgid=0 tty=(none) ses=4294967295 comm="uprobestatsbpfl" exe="/apex/com.android.uprobestats/bin/uprobestatsbpfload" subj=u:r:bpfloader:s0 key=(null)
[   90.880077][  T425] type=1327 audit(1791395742.284:56): proctitle="/apex/com.android.tethering/bin/netbpfload"
[   90.880499][  T425] type=1320 audit(1791395742.284:56): 
[   90.880706][  T425] type=1334 audit(1791395742.284:57): prog-id=46 op=LOAD
[   90.880996][  T425] type=1300 audit(1791395742.284:57): arch=c00000b7 syscall=280 success=yes exit=12 a0=5 a1=7fd5e442f0 a2=a8 a3=b4000072c040a8df items=0 ppid=1 auid=4294967295 uid=0 gid=0 euid=0 suid=0 fsuid=0 egid=0 sgid=0 fsgid=0 tty=(none) ses=4294967295 comm="uprobestatsbpfl" exe="/apex/com.android.uprobestats/bin/uprobestatsbpfload" subj=u:r:bpfloader:s0 key=(null)
[   90.882552][  T425] type=1327 audit(1791395742.284:57): proctitle="/apex/com.android.tethering/bin/netbpfload"
[   90.882946][  T425] type=1320 audit(1791395742.284:57): 
[   90.883106][  T425] type=1334 audit(1791395742.284:58): prog-id=47 op=LOAD
[   90.883357][  T425] type=1300 audit(1791395742.284:58): arch=c00000b7 syscall=280 success=yes exit=13 a0=5 a1=7fd5e442f0 a2=a8 a3=b4000072c040a99f items=0 ppid=1 auid=4294967295 uid=0 gid=0 euid=0 suid=0 fsuid=0 egid=0 sgid=0 fsgid=0 tty=(none) ses=4294967295 comm="uprobestatsbpfl" exe="/apex/com.android.uprobestats/bin/uprobestatsbpfload" subj=u:r:bpfloader:s0 key=(null)
[   90.884694][  T425] type=1327 audit(1791395742.284:58): proctitle="/apex/com.android.tethering/bin/netbpfload"
[   90.885231][  T425] type=1320 audit(1791395742.284:58): 
[   90.888983][  T600] UprobeStatsBpfLoad: UprobeStatsBpfLoad loading optional ELF object /apex/com.android.uprobestats/etc/bpf/uprobestats/Binder.o with license GPL
[   90.912904][  T425] type=1334 audit(1791395742.320:59): prog-id=48 op=LOAD
[   90.913491][  T425] type=1300 audit(1791395742.320:59): arch=c00000b7 syscall=280 success=yes exit=7 a0=5 a1=7fd5e442f0 a2=a8 a3=b4000072c040a81f items=0 ppid=1 auid=4294967295 uid=0 gid=0 euid=0 suid=0 fsuid=0 egid=0 sgid=0 fsgid=0 tty=(none) ses=4294967295 comm="uprobestatsbpfl" exe="/apex/com.android.uprobestats/bin/uprobestatsbpfload" subj=u:r:bpfloader:s0 key=(null)
[   90.914548][  T425] type=1327 audit(1791395742.320:59): proctitle="/apex/com.android.tethering/bin/netbpfload"
[   90.914949][  T425] type=1320 audit(1791395742.320:59): 
[   90.915891][  T600] UprobeStatsBpfLoad: UprobeStatsBpfLoad loading optional ELF object /apex/com.android.uprobestats/etc/bpf/uprobestats/Accessibility.o with license GPL
[   90.918004][  T425] type=1334 audit(1791395742.328:60): prog-id=49 op=LOAD
[   90.918392][  T425] type=1300 audit(1791395742.328:60): arch=c00000b7 syscall=280 success=yes exit=6 a0=5 a1=7fd5e442f0 a2=a8 a3=b4000072c040a35f items=0 ppid=1 auid=4294967295 uid=0 gid=0 euid=0 suid=0 fsuid=0 egid=0 sgid=0 fsgid=0 tty=(none) ses=4294967295 comm="uprobestatsbpfl" exe="/apex/com.android.uprobestats/bin/uprobestatsbpfload" subj=u:r:bpfloader:s0 key=(null)
[   90.920010][  T425] type=1327 audit(1791395742.328:60): proctitle="/apex/com.android.tethering/bin/netbpfload"
[   90.920488][  T425] type=1320 audit(1791395742.328:60): 
[   90.920947][  T425] type=1334 audit(1791395742.332:61): prog-id=50 op=LOAD
[   90.921412][  T425] type=1300 audit(1791395742.332:61): arch=c00000b7 syscall=280 success=yes exit=7 a0=5 a1=7fd5e442f0 a2=a8 a3=b4000072c040a71f items=0 ppid=1 auid=4294967295 uid=0 gid=0 euid=0 suid=0 fsuid=0 egid=0 sgid=0 fsgid=0 tty=(none) ses=4294967295 comm="uprobestatsbpfl" exe="/apex/com.android.uprobestats/bin/uprobestatsbpfload" subj=u:r:bpfloader:s0 key=(null)
[   90.922548][  T425] type=1327 audit(1791395742.332:61): proctitle="/apex/com.android.tethering/bin/netbpfload"
[   90.922943][  T425] type=1320 audit(1791395742.332:61): 
[   90.923705][  T600] UprobeStatsBpfLoad: UprobeStatsBpfLoad loading optional ELF object /apex/com.android.uprobestats/etc/bpf/uprobestats/ArtTest.o with license GPL
[   90.925761][  T425] type=1334 audit(1791395742.336:62): prog-id=51 op=LOAD
[   90.926057][  T425] type=1300 audit(1791395742.336:62): arch=c00000b7 syscall=280 success=yes exit=7 a0=5 a1=7fd5e442f0 a2=a8 a3=b4000072c040a0df items=0 ppid=1 auid=4294967295 uid=0 gid=0 euid=0 suid=0 fsuid=0 egid=0 sgid=0 fsgid=0 tty=(none) ses=4294967295 comm="uprobestatsbpfl" exe="/apex/com.android.uprobestats/bin/uprobestatsbpfload" subj=u:r:bpfloader:s0 key=(null)
[   90.927346][  T425] type=1327 audit(1791395742.336:62): proctitle="/apex/com.android.tethering/bin/netbpfload"
[   90.927722][  T425] type=1320 audit(1791395742.336:62): 
[   90.929902][  T425] type=1334 audit(1791395742.340:63): prog-id=52 op=LOAD
[   90.930156][  T425] type=1300 audit(1791395742.340:63): arch=c00000b7 syscall=280 success=yes exit=8 a0=5 a1=7fd5e442f0 a2=a8 a3=b4000072c040a8df items=0 ppid=1 auid=4294967295 uid=0 gid=0 euid=0 suid=0 fsuid=0 egid=0 sgid=0 fsgid=0 tty=(none) ses=4294967295 comm="uprobestatsbpfl" exe="/apex/com.android.uprobestats/bin/uprobestatsbpfload" subj=u:r:bpfloader:s0 key=(null)
[   90.931372][  T425] type=1327 audit(1791395742.340:63): proctitle="/apex/com.android.tethering/bin/netbpfload"
[   90.931793][  T425] type=1320 audit(1791395742.340:63): 
[   90.932153][  T600] UprobeStatsBpfLoad: UprobeStatsBpfLoad loading optional ELF object /apex/com.android.uprobestats/etc/bpf/uprobestats/GenericInstrumentation.o with license GPL
[   90.936544][  T425] type=1334 audit(1791395742.348:64): prog-id=53 op=LOAD
[   90.936878][  T425] type=1300 audit(1791395742.348:64): arch=c00000b7 syscall=280 success=yes exit=7 a0=5 a1=7fd5e442f0 a2=a8 a3=b40000741040d0b8 items=0 ppid=1 auid=4294967295 uid=0 gid=0 euid=0 suid=0 fsuid=0 egid=0 sgid=0 fsgid=0 tty=(none) ses=4294967295 comm="uprobestatsbpfl" exe="/apex/com.android.uprobestats/bin/uprobestatsbpfload" subj=u:r:bpfloader:s0 key=(null)
[   90.938152][  T425] type=1327 audit(1791395742.348:64): proctitle="/apex/com.android.tethering/bin/netbpfload"
[   90.938827][  T425] type=1320 audit(1791395742.348:64): 
[   90.939012][  T425] type=1334 audit(1791395742.348:65): prog-id=54 op=LOAD
[   90.939299][  T425] type=1300 audit(1791395742.348:65): arch=c00000b7 syscall=280 success=yes exit=8 a0=5 a1=7fd5e442f0 a2=a8 a3=b40000741040d170 items=0 ppid=1 auid=4294967295 uid=0 gid=0 euid=0 suid=0 fsuid=0 egid=0 sgid=0 fsgid=0 tty=(none) ses=4294967295 comm="uprobestatsbpfl" exe="/apex/com.android.uprobestats/bin/uprobestatsbpfload" subj=u:r:bpfloader:s0 key=(null)
[   90.940398][  T425] type=1327 audit(1791395742.348:65): proctitle="/apex/com.android.tethering/bin/netbpfload"
[   90.940883][  T425] type=1320 audit(1791395742.348:65): 
[   90.941107][  T425] type=1334 audit(1791395742.352:66): prog-id=55 op=LOAD
[   90.941308][  T425] type=1300 audit(1791395742.352:66): arch=c00000b7 syscall=280 success=yes exit=9 a0=5 a1=7fd5e442f0 a2=a8 a3=b4000072c040a0df items=0 ppid=1 auid=4294967295 uid=0 gid=0 euid=0 suid=0 fsuid=0 egid=0 sgid=0 fsgid=0 tty=(none) ses=4294967295 comm="uprobestatsbpfl" exe="/apex/com.android.uprobestats/bin/uprobestatsbpfload" subj=u:r:bpfloader:s0 key=(null)
[   90.942435][  T425] type=1327 audit(1791395742.352:66): proctitle="/apex/com.android.tethering/bin/netbpfload"
[   90.942860][  T425] type=1320 audit(1791395742.352:66): 
[   90.943159][  T425] type=1334 audit(1791395742.352:67): prog-id=56 op=LOAD
[   90.943710][  T425] type=1300 audit(1791395742.352:67): arch=c00000b7 syscall=280 success=yes exit=10 a0=5 a1=7fd5e442f0 a2=a8 a3=b4000072c040a8df items=0 ppid=1 auid=4294967295 uid=0 gid=0 euid=0 suid=0 fsuid=0 egid=0 sgid=0 fsgid=0 tty=(none) ses=4294967295 comm="uprobestatsbpfl" exe="/apex/com.android.uprobestats/bin/uprobestatsbpfload" subj=u:r:bpfloader:s0 key=(null)
[   90.945086][  T425] type=1327 audit(1791395742.352:67): proctitle="/apex/com.android.tethering/bin/netbpfload"
[   90.945934][  T425] type=1320 audit(1791395742.352:67): 
[   90.946236][  T425] type=1334 audit(1791395742.356:68): prog-id=57 op=LOAD
[   90.946484][  T425] type=1300 audit(1791395742.356:68): arch=c00000b7 syscall=280 success=yes exit=11 a0=5 a1=7fd5e442f0 a2=a8 a3=b4000072c040a35f items=0 ppid=1 auid=4294967295 uid=0 gid=0 euid=0 suid=0 fsuid=0 egid=0 sgid=0 fsgid=0 tty=(none) ses=4294967295 comm="uprobestatsbpfl" exe="/apex/com.android.uprobestats/bin/uprobestatsbpfload" subj=u:r:bpfloader:s0 key=(null)
[   90.947546][  T425] type=1327 audit(1791395742.356:68): proctitle="/apex/com.android.tethering/bin/netbpfload"
[   90.948342][  T425] type=1320 audit(1791395742.356:68): 
[   90.948505][  T425] type=1334 audit(1791395742.356:69): prog-id=58 op=LOAD
[   90.948765][  T425] type=1300 audit(1791395742.356:69): arch=c00000b7 syscall=280 success=yes exit=12 a0=5 a1=7fd5e442f0 a2=a8 a3=b4000072c040a81f items=0 ppid=1 auid=4294967295 uid=0 gid=0 euid=0 suid=0 fsuid=0 egid=0 sgid=0 fsgid=0 tty=(none) ses=4294967295 comm="uprobestatsbpfl" exe="/apex/com.android.uprobestats/bin/uprobestatsbpfload" subj=u:r:bpfloader:s0 key=(null)
[   90.950576][  T425] type=1327 audit(1791395742.356:69): proctitle="/apex/com.android.tethering/bin/netbpfload"
[   90.951006][  T425] type=1320 audit(1791395742.356:69): 
[   90.951177][  T425] type=1334 audit(1791395742.360:70): prog-id=59 op=LOAD
[   90.951434][  T425] type=1300 audit(1791395742.360:70): arch=c00000b7 syscall=280 success=yes exit=13 a0=5 a1=7fd5e442f0 a2=a8 a3=b4000072c040a71f items=0 ppid=1 auid=4294967295 uid=0 gid=0 euid=0 suid=0 fsuid=0 egid=0 sgid=0 fsgid=0 tty=(none) ses=4294967295 comm="uprobestatsbpfl" exe="/apex/com.android.uprobestats/bin/uprobestatsbpfload" subj=u:r:bpfloader:s0 key=(null)
[   90.951583][  T600] UprobeStatsBpfLoad: UprobeStatsBpfLoad loading optional ELF object /apex/com.android.uprobestats/etc/bpf/uprobestats/ProcessManagement.o with license GPL
[   90.952912][  T425] type=1327 audit(1791395742.360:70): proctitle="/apex/com.android.tethering/bin/netbpfload"
[   90.954087][  T425] type=1320 audit(1791395742.360:70): 
[   90.956879][  T425] type=1334 audit(1791395742.368:71): prog-id=60 op=LOAD
[   90.957300][  T425] type=1300 audit(1791395742.368:71): arch=c00000b7 syscall=280 success=yes exit=8 a0=5 a1=7fd5e442f0 a2=a8 a3=b4000072c040a35f items=0 ppid=1 auid=4294967295 uid=0 gid=0 euid=0 suid=0 fsuid=0 egid=0 sgid=0 fsgid=0 tty=(none) ses=4294967295 comm="uprobestatsbpfl" exe="/apex/com.android.uprobestats/bin/uprobestatsbpfload" subj=u:r:bpfloader:s0 key=(null)
[   90.958935][  T425] type=1327 audit(1791395742.368:71): proctitle="/apex/com.android.tethering/bin/netbpfload"
[   90.959367][  T425] type=1320 audit(1791395742.368:71): 
[   90.959613][  T425] type=1334 audit(1791395742.368:72): prog-id=61 op=LOAD
[   90.959896][  T425] type=1300 audit(1791395742.368:72): arch=c00000b7 syscall=280 success=yes exit=9 a0=5 a1=7fd5e442f0 a2=a8 a3=b4000072c040a8df items=0 ppid=1 auid=4294967295 uid=0 gid=0 euid=0 suid=0 fsuid=0 egid=0 sgid=0 fsgid=0 tty=(none) ses=4294967295 comm="uprobestatsbpfl" exe="/apex/com.android.uprobestats/bin/uprobestatsbpfload" subj=u:r:bpfloader:s0 key=(null)
[   90.961581][  T425] type=1327 audit(1791395742.368:72): proctitle="/apex/com.android.tethering/bin/netbpfload"
[   90.961970][  T425] type=1320 audit(1791395742.368:72): 
[   90.962924][  T425] type=1334 audit(1791395742.372:73): prog-id=62 op=LOAD
[   90.963174][  T425] type=1300 audit(1791395742.372:73): arch=c00000b7 syscall=280 success=yes exit=10 a0=5 a1=7fd5e442f0 a2=a8 a3=b40000741040d228 items=0 ppid=1 auid=4294967295 uid=0 gid=0 euid=0 suid=0 fsuid=0 egid=0 sgid=0 fsgid=0 tty=(none) ses=4294967295 comm="uprobestatsbpfl" exe="/apex/com.android.uprobestats/bin/uprobestatsbpfload" subj=u:r:bpfloader:s0 key=(null)
[   90.964223][  T425] type=1327 audit(1791395742.372:73): proctitle="/apex/com.android.tethering/bin/netbpfload"
[   90.965391][  T425] type=1320 audit(1791395742.372:73): 
[   90.965575][  T425] type=1334 audit(1791395742.372:74): prog-id=63 op=LOAD
[   90.965836][  T425] type=1300 audit(1791395742.372:74): arch=c00000b7 syscall=280 success=yes exit=11 a0=5 a1=7fd5e442f0 a2=a8 a3=b40000741040d2e0 items=0 ppid=1 auid=4294967295 uid=0 gid=0 euid=0 suid=0 fsuid=0 egid=0 sgid=0 fsgid=0 tty=(none) ses=4294967295 comm="uprobestatsbpfl" exe="/apex/com.android.uprobestats/bin/uprobestatsbpfload" subj=u:r:bpfloader:s0 key=(null)
[   90.967112][  T425] type=1327 audit(1791395742.372:74): proctitle="/apex/com.android.tethering/bin/netbpfload"
[   90.967446][  T425] type=1320 audit(1791395742.372:74): 
[   90.967694][  T425] type=1334 audit(1791395742.376:75): prog-id=64 op=LOAD
[   90.967923][  T425] type=1300 audit(1791395742.376:75): arch=c00000b7 syscall=280 success=yes exit=12 a0=5 a1=7fd5e442f0 a2=a8 a3=b4000072c040a71f items=0 ppid=1 auid=4294967295 uid=0 gid=0 euid=0 suid=0 fsuid=0 egid=0 sgid=0 fsgid=0 tty=(none) ses=4294967295 comm="uprobestatsbpfl" exe="/apex/com.android.uprobestats/bin/uprobestatsbpfload" subj=u:r:bpfloader:s0 key=(null)
[   90.968107][  T600] UprobeStatsBpfLoad: UprobeStatsBpfLoad loading optional ELF object /apex/com.android.uprobestats/etc/bpf/uprobestats/DisruptiveApp.o with license GPL
[   90.969066][  T425] type=1327 audit(1791395742.376:75): proctitle="/apex/com.android.tethering/bin/netbpfload"
[   90.969069][  T425] type=1320 audit(1791395742.376:75): 
[   90.972747][  T425] type=1334 audit(1791395742.384:76): prog-id=65 op=LOAD
[   90.973077][  T425] type=1300 audit(1791395742.384:76): arch=c00000b7 syscall=280 success=yes exit=7 a0=5 a1=7fd5e442f0 a2=a8 a3=b4000072c040a35f items=0 ppid=1 auid=4294967295 uid=0 gid=0 euid=0 suid=0 fsuid=0 egid=0 sgid=0 fsgid=0 tty=(none) ses=4294967295 comm="uprobestatsbpfl" exe="/apex/com.android.uprobestats/bin/uprobestatsbpfload" subj=u:r:bpfloader:s0 key=(null)
[   90.974260][  T425] type=1327 audit(1791395742.384:76): proctitle="/apex/com.android.tethering/bin/netbpfload"
[   90.974986][  T425] type=1320 audit(1791395742.384:76): 
[   90.978089][  T425] type=1334 audit(1791395742.384:77): prog-id=66 op=LOAD
[   90.979873][  T425] type=1300 audit(1791395742.384:77): arch=c00000b7 syscall=280 success=yes exit=8 a0=5 a1=7fd5e442f0 a2=a8 a3=b4000072c040a0df items=0 ppid=1 auid=4294967295 uid=0 gid=0 euid=0 suid=0 fsuid=0 egid=0 sgid=0 fsgid=0 tty=(none) ses=4294967295 comm="uprobestatsbpfl" exe="/apex/com.android.uprobestats/bin/uprobestatsbpfload" subj=u:r:bpfloader:s0 key=(null)
[   90.981075][  T425] type=1327 audit(1791395742.384:77): proctitle="/apex/com.android.tethering/bin/netbpfload"
[   90.981419][  T425] type=1320 audit(1791395742.384:77): 
[   91.329559][  T425] type=1334 audit(1791395742.728:78): prog-id=67 op=LOAD
[   91.337813][  T425] type=1300 audit(1791395742.728:78): arch=c00000b7 syscall=280 success=yes exit=4 a0=5 a1=7ff4388588 a2=74 a3=200 items=0 ppid=1 auid=4294967295 uid=0 gid=0 euid=0 suid=0 fsuid=0 egid=0 sgid=0 fsgid=0 tty=(none) ses=4294967295 comm="bpfloader" exe="/system/bin/bpfloader" subj=u:r:bpfloader:s0 key=(null)
[   91.353774][  T425] type=1327 audit(1791395742.728:78): proctitle="/apex/com.android.tethering/bin/netbpfload"
[   91.364868][  T425] type=1320 audit(1791395742.728:78): 
[   91.365964][  T425] type=1334 audit(1791395742.732:79): prog-id=67 op=UNLOAD
[   91.372230][  T425] type=1300 audit(1791395742.732:79): arch=c00000b7 syscall=57 success=yes exit=0 a0=4 a1=0 a2=79d1e8f4d8 a3=200 items=0 ppid=1 auid=4294967295 uid=0 gid=0 euid=0 suid=0 fsuid=0 egid=0 sgid=0 fsgid=0 tty=(none) ses=4294967295 comm="bpfloader" exe="/system/bin/bpfloader" subj=u:r:bpfloader:s0 key=(null)
[   91.389087][  T425] type=1327 audit(1791395742.732:79): proctitle="/apex/com.android.tethering/bin/netbpfload"
[   91.396943][  T425] type=1320 audit(1791395742.732:79): 
[   91.399968][  T425] type=1334 audit(1791395742.744:80): prog-id=68 op=LOAD
[   91.401739][  T425] type=1300 audit(1791395742.744:80): arch=c00000b7 syscall=280 success=yes exit=4 a0=5 a1=7ff43885e0 a2=94 a3=2 items=0 ppid=1 auid=4294967295 uid=0 gid=0 euid=0 suid=0 fsuid=0 egid=0 sgid=0 fsgid=0 tty=(none) ses=4294967295 comm="bpfloader" exe="/system/bin/bpfloader" subj=u:r:bpfloader:s0 key=(null)
[   91.419776][  T425] type=1327 audit(1791395742.744:80): proctitle="/apex/com.android.tethering/bin/netbpfload"
[   91.425131][  T425] type=1320 audit(1791395742.744:80): 
[   91.428865][  T425] type=1334 audit(1791395742.752:81): prog-id=68 op=UNLOAD
[   91.433890][  T425] type=1300 audit(1791395742.752:81): arch=c00000b7 syscall=57 success=yes exit=0 a0=4 a1=0 a2=79d1e8f4d8 a3=2 items=0 ppid=1 auid=4294967295 uid=0 gid=0 euid=0 suid=0 fsuid=0 egid=0 sgid=0 fsgid=0 tty=(none) ses=4294967295 comm="bpfloader" exe="/system/bin/bpfloader" subj=u:r:bpfloader:s0 key=(null)
[   91.457085][  T425] type=1327 audit(1791395742.752:81): proctitle="/apex/com.android.tethering/bin/netbpfload"
[   91.467157][  T425] type=1320 audit(1791395742.752:81): 
[   91.684425][  T425] type=1334 audit(1791395743.088:82): prog-id=69 op=LOAD
[   91.689338][  T425] type=1300 audit(1791395743.088:82): arch=c00000b7 syscall=280 success=yes exit=20 a0=5 a1=7ff43882f8 a2=40 a3=4 items=0 ppid=1 auid=4294967295 uid=0 gid=0 euid=0 suid=0 fsuid=0 egid=0 sgid=0 fsgid=0 tty=(none) ses=4294967295 comm="bpfloader" exe="/system/bin/bpfloader" subj=u:r:bpfloader:s0 key=(null)
[   91.713457][  T425] type=1327 audit(1791395743.088:82): proctitle="/apex/com.android.tethering/bin/netbpfload"
[   91.717169][  T425] type=1320 audit(1791395743.088:82): 
[   91.719462][  T425] type=1334 audit(1791395743.092:83): prog-id=69 op=UNLOAD
[   91.724196][  T425] type=1300 audit(1791395743.092:83): arch=c00000b7 syscall=57 success=yes exit=0 a0=14 a1=0 a2=79d1e8f558 a3=4 items=0 ppid=1 auid=4294967295 uid=0 gid=0 euid=0 suid=0 fsuid=0 egid=0 sgid=0 fsgid=0 tty=(none) ses=4294967295 comm="bpfloader" exe="/system/bin/bpfloader" subj=u:r:bpfloader:s0 key=(null)
[   91.735952][  T425] type=1327 audit(1791395743.092:83): proctitle="/apex/com.android.tethering/bin/netbpfload"
[   91.743942][  T425] type=1320 audit(1791395743.092:83): 
[   91.748025][  T425] type=1334 audit(1791395743.092:84): prog-id=70 op=LOAD
[   91.750700][  T425] type=1300 audit(1791395743.092:84): arch=c00000b7 syscall=280 success=yes exit=20 a0=5 a1=7ff4388460 a2=94 a3=7ff4388570 items=0 ppid=1 auid=4294967295 uid=0 gid=0 euid=0 suid=0 fsuid=0 egid=0 sgid=0 fsgid=0 tty=(none) ses=4294967295 comm="bpfloader" exe="/system/bin/bpfloader" subj=u:r:bpfloader:s0 key=(null)
[   91.761135][  T425] type=1327 audit(1791395743.092:84): proctitle="/apex/com.android.tethering/bin/netbpfload"
[   91.764741][  T425] type=1320 audit(1791395743.092:84): 
[   91.767092][  T425] type=1334 audit(1791395743.104:85): prog-id=70 op=UNLOAD
[   91.769769][  T425] type=1300 audit(1791395743.104:85): arch=c00000b7 syscall=57 success=yes exit=0 a0=14 a1=0 a2=79d1e8f558 a3=7ff4388570 items=0 ppid=1 auid=4294967295 uid=0 gid=0 euid=0 suid=0 fsuid=0 egid=0 sgid=0 fsgid=0 tty=(none) ses=4294967295 comm="bpfloader" exe="/system/bin/bpfloader" subj=u:r:bpfloader:s0 key=(null)
[   91.785060][  T425] type=1327 audit(1791395743.104:85): proctitle="/apex/com.android.tethering/bin/netbpfload"
[   91.793083][  T425] type=1320 audit(1791395743.104:85): 
[   91.814446][  T425] type=1334 audit(1791395743.216:86): prog-id=71 op=LOAD
[   91.821509][  T425] type=1300 audit(1791395743.216:86): arch=c00000b7 syscall=280 success=yes exit=20 a0=5 a1=7ff43884e0 a2=94 a3=6 items=0 ppid=1 auid=4294967295 uid=0 gid=0 euid=0 suid=0 fsuid=0 egid=0 sgid=0 fsgid=0 tty=(none) ses=4294967295 comm="bpfloader" exe="/system/bin/bpfloader" subj=u:r:bpfloader:s0 key=(null)
[   91.833256][  T425] type=1327 audit(1791395743.216:86): proctitle="/apex/com.android.tethering/bin/netbpfload"
[   91.835691][  T425] type=1320 audit(1791395743.216:86): 
[   91.836162][  T425] type=1334 audit(1791395743.220:87): prog-id=71 op=UNLOAD
[   91.836561][  T425] type=1300 audit(1791395743.220:87): arch=c00000b7 syscall=57 success=yes exit=0 a0=14 a1=0 a2=79d1e8f558 a3=6 items=0 ppid=1 auid=4294967295 uid=0 gid=0 euid=0 suid=0 fsuid=0 egid=0 sgid=0 fsgid=0 tty=(none) ses=4294967295 comm="bpfloader" exe="/system/bin/bpfloader" subj=u:r:bpfloader:s0 key=(null)
[   91.837666][  T425] type=1327 audit(1791395743.220:87): proctitle="/apex/com.android.tethering/bin/netbpfload"
[   91.839164][  T425] type=1320 audit(1791395743.220:87): 
[   91.839423][  T425] type=1334 audit(1791395743.224:88): prog-id=72 op=LOAD
[   91.839647][  T425] type=1300 audit(1791395743.224:88): arch=c00000b7 syscall=280 success=yes exit=20 a0=5 a1=7ff43885e0 a2=94 a3=375 items=0 ppid=1 auid=4294967295 uid=0 gid=0 euid=0 suid=0 fsuid=0 egid=0 sgid=0 fsgid=0 tty=(none) ses=4294967295 comm="bpfloader" exe="/system/bin/bpfloader" subj=u:r:bpfloader:s0 key=(null)
[   91.857688][  T425] type=1327 audit(1791395743.224:88): proctitle="/apex/com.android.tethering/bin/netbpfload"
[   91.861253][  T425] type=1320 audit(1791395743.224:88): 
[   91.864018][  T425] type=1334 audit(1791395743.252:89): prog-id=73 op=LOAD
[   91.869305][  T425] type=1300 audit(1791395743.252:89): arch=c00000b7 syscall=280 success=yes exit=21 a0=5 a1=7ff43885e0 a2=94 a3=1f items=0 ppid=1 auid=4294967295 uid=0 gid=0 euid=0 suid=0 fsuid=0 egid=0 sgid=0 fsgid=0 tty=(none) ses=4294967295 comm="bpfloader" exe="/system/bin/bpfloader" subj=u:r:bpfloader:s0 key=(null)
[   91.878824][  T425] type=1327 audit(1791395743.252:89): proctitle="/apex/com.android.tethering/bin/netbpfload"
[   91.901473][  T425] type=1320 audit(1791395743.252:89): 
[   91.907400][  T425] type=1334 audit(1791395743.252:90): prog-id=74 op=LOAD
[   91.912759][  T425] type=1300 audit(1791395743.252:90): arch=c00000b7 syscall=280 success=yes exit=22 a0=5 a1=7ff43885e0 a2=94 a3=98 items=0 ppid=1 auid=4294967295 uid=0 gid=0 euid=0 suid=0 fsuid=0 egid=0 sgid=0 fsgid=0 tty=(none) ses=4294967295 comm="bpfloader" exe="/system/bin/bpfloader" subj=u:r:bpfloader:s0 key=(null)
[   91.933460][  T425] type=1327 audit(1791395743.252:90): proctitle="/apex/com.android.tethering/bin/netbpfload"
[   91.940259][  T425] type=1320 audit(1791395743.252:90): 
[   91.968944][  T425] type=1334 audit(1791395743.372:91): prog-id=75 op=LOAD
[   91.979962][  T425] type=1300 audit(1791395743.372:91): arch=c00000b7 syscall=280 success=yes exit=4 a0=5 a1=7ff43885e0 a2=94 a3=2 items=0 ppid=1 auid=4294967295 uid=0 gid=0 euid=0 suid=0 fsuid=0 egid=0 sgid=0 fsgid=0 tty=(none) ses=4294967295 comm="bpfloader" exe="/system/bin/bpfloader" subj=u:r:bpfloader:s0 key=(null)
[   92.007781][  T425] type=1327 audit(1791395743.372:91): proctitle="/apex/com.android.tethering/bin/netbpfload"
[   92.013352][  T425] type=1320 audit(1791395743.372:91): 
[   92.015436][  T425] type=1334 audit(1791395743.384:92): prog-id=75 op=UNLOAD
[   92.027421][  T425] type=1300 audit(1791395743.384:92): arch=c00000b7 syscall=57 success=yes exit=0 a0=4 a1=0 a2=79d1e8f4d8 a3=2 items=0 ppid=1 auid=4294967295 uid=0 gid=0 euid=0 suid=0 fsuid=0 egid=0 sgid=0 fsgid=0 tty=(none) ses=4294967295 comm="bpfloader" exe="/system/bin/bpfloader" subj=u:r:bpfloader:s0 key=(null)
[   92.036483][  T425] type=1327 audit(1791395743.384:92): proctitle="/apex/com.android.tethering/bin/netbpfload"
[   92.037220][  T425] type=1320 audit(1791395743.384:92): 
[   92.037957][  T425] type=1334 audit(1791395743.388:93): prog-id=76 op=LOAD
[   92.049396][  T425] type=1300 audit(1791395743.388:93): arch=c00000b7 syscall=280 success=yes exit=7 a0=5 a1=7ff4388410 a2=94 a3=5 items=0 ppid=1 auid=4294967295 uid=0 gid=0 euid=0 suid=0 fsuid=0 egid=0 sgid=0 fsgid=0 tty=(none) ses=4294967295 comm="bpfloader" exe="/system/bin/bpfloader" subj=u:r:bpfloader:s0 key=(null)
[   92.069865][  T425] type=1327 audit(1791395743.388:93): proctitle="/apex/com.android.tethering/bin/netbpfload"
[   92.078919][  T425] type=1320 audit(1791395743.388:93): 
[   92.080713][  T425] type=1334 audit(1791395743.392:94): prog-id=76 op=UNLOAD
[   92.085698][  T425] type=1300 audit(1791395743.392:94): arch=c00000b7 syscall=57 success=yes exit=0 a0=7 a1=0 a2=79d1e8f4f0 a3=5 items=0 ppid=1 auid=4294967295 uid=0 gid=0 euid=0 suid=0 fsuid=0 egid=0 sgid=0 fsgid=0 tty=(none) ses=4294967295 comm="bpfloader" exe="/system/bin/bpfloader" subj=u:r:bpfloader:s0 key=(null)
[   92.090464][  T425] type=1327 audit(1791395743.392:94): proctitle="/apex/com.android.tethering/bin/netbpfload"
[   92.090920][  T425] type=1320 audit(1791395743.392:94): 
[   92.094710][  T425] type=1334 audit(1791395743.396:95): prog-id=77 op=LOAD
[   92.095370][  T425] type=1300 audit(1791395743.396:95): arch=c00000b7 syscall=280 success=yes exit=6 a0=5 a1=7ff43885e0 a2=94 a3=2f items=0 ppid=1 auid=4294967295 uid=0 gid=0 euid=0 suid=0 fsuid=0 egid=0 sgid=0 fsgid=0 tty=(none) ses=4294967295 comm="bpfloader" exe="/system/bin/bpfloader" subj=u:r:bpfloader:s0 key=(null)
[   92.096530][  T425] type=1327 audit(1791395743.396:95): proctitle="/apex/com.android.tethering/bin/netbpfload"
[   92.102185][  T425] type=1320 audit(1791395743.396:95): 
[   92.102346][  T425] type=1334 audit(1791395743.444:96): prog-id=78 op=LOAD
[   92.102683][  T425] type=1300 audit(1791395743.444:96): arch=c00000b7 syscall=280 success=yes exit=8 a0=5 a1=7ff4388420 a2=94 a3=2 items=0 ppid=1 auid=4294967295 uid=0 gid=0 euid=0 suid=0 fsuid=0 egid=0 sgid=0 fsgid=0 tty=(none) ses=4294967295 comm="bpfloader" exe="/system/bin/bpfloader" subj=u:r:bpfloader:s0 key=(null)
[   92.104454][  T425] type=1327 audit(1791395743.444:96): proctitle="/apex/com.android.tethering/bin/netbpfload"
[   92.104876][  T425] type=1320 audit(1791395743.444:96): 
[   92.105209][  T425] type=1334 audit(1791395743.460:97): prog-id=78 op=UNLOAD
[   92.105528][  T425] type=1300 audit(1791395743.460:97): arch=c00000b7 syscall=57 success=yes exit=0 a0=8 a1=0 a2=79d1e8f4f8 a3=7ff4388538 items=0 ppid=1 auid=4294967295 uid=0 gid=0 euid=0 suid=0 fsuid=0 egid=0 sgid=0 fsgid=0 tty=(none) ses=4294967295 comm="bpfloader" exe="/system/bin/bpfloader" subj=u:r:bpfloader:s0 key=(null)
[   92.106574][  T425] type=1327 audit(1791395743.460:97): proctitle="/apex/com.android.tethering/bin/netbpfload"
[   92.106964][  T425] type=1320 audit(1791395743.460:97): 
[   92.107141][  T425] type=1334 audit(1791395743.500:98): prog-id=79 op=LOAD
[   92.107404][  T425] type=1300 audit(1791395743.500:98): arch=c00000b7 syscall=280 success=yes exit=4 a0=5 a1=7ff43885e0 a2=94 a3=2 items=0 ppid=1 auid=4294967295 uid=0 gid=0 euid=0 suid=0 fsuid=0 egid=0 sgid=0 fsgid=0 tty=(none) ses=4294967295 comm="bpfloader" exe="/system/bin/bpfloader" subj=u:r:bpfloader:s0 key=(null)
[   92.108394][  T425] type=1327 audit(1791395743.500:98): proctitle="/apex/com.android.tethering/bin/netbpfload"
[   92.108802][  T425] type=1320 audit(1791395743.500:98): 
[   92.109077][  T425] type=1334 audit(1791395743.504:99): prog-id=79 op=UNLOAD
[   92.109368][  T425] type=1300 audit(1791395743.504:99): arch=c00000b7 syscall=57 success=yes exit=0 a0=4 a1=0 a2=79d1e8f4d8 a3=2 items=0 ppid=1 auid=4294967295 uid=0 gid=0 euid=0 suid=0 fsuid=0 egid=0 sgid=0 fsgid=0 tty=(none) ses=4294967295 comm="bpfloader" exe="/system/bin/bpfloader" subj=u:r:bpfloader:s0 key=(null)
[   92.110706][  T425] type=1327 audit(1791395743.504:99): proctitle="/apex/com.android.tethering/bin/netbpfload"
[   92.111865][  T425] type=1320 audit(1791395743.504:99): 
[   92.112155][  T425] type=1334 audit(1791395743.504:100): prog-id=80 op=LOAD
[   92.112496][  T425] type=1300 audit(1791395743.504:100): arch=c00000b7 syscall=280 success=yes exit=6 a0=5 a1=7ff43885e0 a2=94 a3=20 items=0 ppid=1 auid=4294967295 uid=0 gid=0 euid=0 suid=0 fsuid=0 egid=0 sgid=0 fsgid=0 tty=(none) ses=4294967295 comm="bpfloader" exe="/system/bin/bpfloader" subj=u:r:bpfloader:s0 key=(null)
[   92.115456][  T425] type=1327 audit(1791395743.504:100): proctitle="/apex/com.android.tethering/bin/netbpfload"
[   92.116012][  T425] type=1320 audit(1791395743.504:100): 
[   92.116680][  T425] type=1334 audit(1791395743.524:101): prog-id=81 op=LOAD
[   92.117534][  T425] type=1300 audit(1791395743.524:101): arch=c00000b7 syscall=280 success=yes exit=4 a0=5 a1=7ff43885e0 a2=94 a3=2 items=0 ppid=1 auid=4294967295 uid=0 gid=0 euid=0 suid=0 fsuid=0 egid=0 sgid=0 fsgid=0 tty=(none) ses=4294967295 comm="bpfloader" exe="/system/bin/bpfloader" subj=u:r:bpfloader:s0 key=(null)
[   92.118929][  T425] type=1327 audit(1791395743.524:101): proctitle="/apex/com.android.tethering/bin/netbpfload"
[   92.120223][  T425] type=1320 audit(1791395743.524:101): 
[   92.120430][  T425] type=1334 audit(1791395743.524:102): prog-id=81 op=UNLOAD
[   92.121114][  T425] type=1300 audit(1791395743.524:102): arch=c00000b7 syscall=57 success=yes exit=0 a0=4 a1=0 a2=79d1e8f4d8 a3=2 items=0 ppid=1 auid=4294967295 uid=0 gid=0 euid=0 suid=0 fsuid=0 egid=0 sgid=0 fsgid=0 tty=(none) ses=4294967295 comm="bpfloader" exe="/system/bin/bpfloader" subj=u:r:bpfloader:s0 key=(null)
[   92.123133][  T425] type=1327 audit(1791395743.524:102): proctitle="/apex/com.android.tethering/bin/netbpfload"
[   92.123521][  T425] type=1320 audit(1791395743.524:102): 
[   92.124031][  T425] type=1334 audit(1791395743.524:103): prog-id=82 op=LOAD
[   92.124314][  T425] type=1300 audit(1791395743.524:103): arch=c00000b7 syscall=280 success=yes exit=7 a0=5 a1=7ff43885e0 a2=94 a3=55 items=0 ppid=1 auid=4294967295 uid=0 gid=0 euid=0 suid=0 fsuid=0 egid=0 sgid=0 fsgid=0 tty=(none) ses=4294967295 comm="bpfloader" exe="/system/bin/bpfloader" subj=u:r:bpfloader:s0 key=(null)
[   92.128220][  T425] type=1327 audit(1791395743.524:103): proctitle="/apex/com.android.tethering/bin/netbpfload"
[   92.128924][  T425] type=1320 audit(1791395743.524:103): 
[   92.129265][  T425] type=1334 audit(1791395743.532:104): prog-id=83 op=LOAD
[   92.129479][  T425] type=1300 audit(1791395743.532:104): arch=c00000b7 syscall=280 success=yes exit=4 a0=5 a1=7ff43885e0 a2=94 a3=2 items=0 ppid=1 auid=4294967295 uid=0 gid=0 euid=0 suid=0 fsuid=0 egid=0 sgid=0 fsgid=0 tty=(none) ses=4294967295 comm="bpfloader" exe="/system/bin/bpfloader" subj=u:r:bpfloader:s0 key=(null)
[   92.130533][  T425] type=1327 audit(1791395743.532:104): proctitle="/apex/com.android.tethering/bin/netbpfload"
[   92.130952][  T425] type=1320 audit(1791395743.532:104): 
[   92.131184][  T425] type=1334 audit(1791395743.532:105): prog-id=83 op=UNLOAD
[   92.131486][  T425] type=1300 audit(1791395743.532:105): arch=c00000b7 syscall=57 success=yes exit=0 a0=4 a1=0 a2=79d1e8f4d8 a3=2 items=0 ppid=1 auid=4294967295 uid=0 gid=0 euid=0 suid=0 fsuid=0 egid=0 sgid=0 fsgid=0 tty=(none) ses=4294967295 comm="bpfloader" exe="/system/bin/bpfloader" subj=u:r:bpfloader:s0 key=(null)
[   92.132688][  T425] type=1327 audit(1791395743.532:105): proctitle="/apex/com.android.tethering/bin/netbpfload"
[   92.133110][  T425] type=1320 audit(1791395743.532:105): 
[   92.133299][  T425] type=1334 audit(1791395743.536:106): prog-id=84 op=LOAD
[   92.136420][  T425] type=1300 audit(1791395743.536:106): arch=c00000b7 syscall=280 success=yes exit=7 a0=5 a1=7ff43885e0 a2=94 a3=2e items=0 ppid=1 auid=4294967295 uid=0 gid=0 euid=0 suid=0 fsuid=0 egid=0 sgid=0 fsgid=0 tty=(none) ses=4294967295 comm="bpfloader" exe="/system/bin/bpfloader" subj=u:r:bpfloader:s0 key=(null)
[   92.139074][  T425] type=1327 audit(1791395743.536:106): proctitle="/apex/com.android.tethering/bin/netbpfload"
[   92.139458][  T425] type=1320 audit(1791395743.536:106): 
[   92.139737][  T425] type=1334 audit(1791395743.536:107): prog-id=85 op=LOAD
[   92.140025][  T425] type=1300 audit(1791395743.536:107): arch=c00000b7 syscall=280 success=yes exit=8 a0=5 a1=7ff43885e0 a2=94 a3=e items=0 ppid=1 auid=4294967295 uid=0 gid=0 euid=0 suid=0 fsuid=0 egid=0 sgid=0 fsgid=0 tty=(none) ses=4294967295 comm="bpfloader" exe="/system/bin/bpfloader" subj=u:r:bpfloader:s0 key=(null)
[   92.141161][  T425] type=1327 audit(1791395743.536:107): proctitle="/apex/com.android.tethering/bin/netbpfload"
[   92.141599][  T425] type=1320 audit(1791395743.536:107): 
[   92.141817][  T425] type=1334 audit(1791395743.536:108): prog-id=86 op=LOAD
[   92.142501][  T425] type=1300 audit(1791395743.536:108): arch=c00000b7 syscall=280 success=yes exit=9 a0=5 a1=7ff43885e0 a2=94 a3=f items=0 ppid=1 auid=4294967295 uid=0 gid=0 euid=0 suid=0 fsuid=0 egid=0 sgid=0 fsgid=0 tty=(none) ses=4294967295 comm="bpfloader" exe="/system/bin/bpfloader" subj=u:r:bpfloader:s0 key=(null)
[   92.144488][  T425] type=1327 audit(1791395743.536:108): proctitle="/apex/com.android.tethering/bin/netbpfload"
[   92.144950][  T425] type=1320 audit(1791395743.536:108): 
[   92.145489][  T425] type=1334 audit(1791395743.540:109): prog-id=87 op=LOAD
[   92.145961][  T425] type=1300 audit(1791395743.540:109): arch=c00000b7 syscall=280 success=yes exit=10 a0=5 a1=7ff43885e0 a2=94 a3=16 items=0 ppid=1 auid=4294967295 uid=0 gid=0 euid=0 suid=0 fsuid=0 egid=0 sgid=0 fsgid=0 tty=(none) ses=4294967295 comm="bpfloader" exe="/system/bin/bpfloader" subj=u:r:bpfloader:s0 key=(null)
[   92.146911][  T425] type=1327 audit(1791395743.540:109): proctitle="/apex/com.android.tethering/bin/netbpfload"
[   92.147648][  T425] type=1320 audit(1791395743.540:109): 
[   92.147886][  T425] type=1334 audit(1791395743.544:110): prog-id=88 op=LOAD
[   92.148200][  T425] type=1300 audit(1791395743.544:110): arch=c00000b7 syscall=280 success=yes exit=11 a0=5 a1=7ff43885e0 a2=94 a3=12 items=0 ppid=1 auid=4294967295 uid=0 gid=0 euid=0 suid=0 fsuid=0 egid=0 sgid=0 fsgid=0 tty=(none) ses=4294967295 comm="bpfloader" exe="/system/bin/bpfloader" subj=u:r:bpfloader:s0 key=(null)
[   92.149305][  T425] type=1327 audit(1791395743.544:110): proctitle="/apex/com.android.tethering/bin/netbpfload"
[   92.149727][  T425] type=1320 audit(1791395743.544:110): 
[   92.150066][  T425] type=1334 audit(1791395743.544:111): prog-id=89 op=LOAD
[   92.150284][  T425] type=1300 audit(1791395743.544:111): arch=c00000b7 syscall=280 success=yes exit=12 a0=5 a1=7ff43885e0 a2=94 a3=19 items=0 ppid=1 auid=4294967295 uid=0 gid=0 euid=0 suid=0 fsuid=0 egid=0 sgid=0 fsgid=0 tty=(none) ses=4294967295 comm="bpfloader" exe="/system/bin/bpfloader" subj=u:r:bpfloader:s0 key=(null)
[   92.151445][  T425] type=1327 audit(1791395743.544:111): proctitle="/apex/com.android.tethering/bin/netbpfload"
[   92.152069][  T425] type=1320 audit(1791395743.544:111): 
[   92.152283][  T425] type=1334 audit(1791395743.544:112): prog-id=90 op=LOAD
[   92.152571][  T425] type=1300 audit(1791395743.544:112): arch=c00000b7 syscall=280 success=yes exit=13 a0=5 a1=7ff43885e0 a2=94 a3=f items=0 ppid=1 auid=4294967295 uid=0 gid=0 euid=0 suid=0 fsuid=0 egid=0 sgid=0 fsgid=0 tty=(none) ses=4294967295 comm="bpfloader" exe="/system/bin/bpfloader" subj=u:r:bpfloader:s0 key=(null)
[   92.153630][  T425] type=1327 audit(1791395743.544:112): proctitle="/apex/com.android.tethering/bin/netbpfload"
[   92.154143][  T425] type=1320 audit(1791395743.544:112): 
[   92.154397][  T425] type=1334 audit(1791395743.556:113): prog-id=91 op=LOAD
[   92.154813][  T425] type=1300 audit(1791395743.556:113): arch=c00000b7 syscall=280 success=yes exit=4 a0=5 a1=7ff43885e0 a2=94 a3=2 items=0 ppid=1 auid=4294967295 uid=0 gid=0 euid=0 suid=0 fsuid=0 egid=0 sgid=0 fsgid=0 tty=(none) ses=4294967295 comm="bpfloader" exe="/system/bin/bpfloader" subj=u:r:bpfloader:s0 key=(null)
[   92.155945][  T425] type=1327 audit(1791395743.556:113): proctitle="/apex/com.android.tethering/bin/netbpfload"
[   92.157851][  T425] type=1320 audit(1791395743.556:113): 
[   92.158271][  T425] type=1334 audit(1791395743.556:114): prog-id=91 op=UNLOAD
[   92.158554][  T425] type=1300 audit(1791395743.556:114): arch=c00000b7 syscall=57 success=yes exit=0 a0=4 a1=0 a2=79d1e8f4d8 a3=2 items=0 ppid=1 auid=4294967295 uid=0 gid=0 euid=0 suid=0 fsuid=0 egid=0 sgid=0 fsgid=0 tty=(none) ses=4294967295 comm="bpfloader" exe="/system/bin/bpfloader" subj=u:r:bpfloader:s0 key=(null)
[   92.160426][  T425] type=1327 audit(1791395743.556:114): proctitle="/apex/com.android.tethering/bin/netbpfload"
[   92.160947][  T425] type=1320 audit(1791395743.556:114): 
[   92.161137][  T425] type=1334 audit(1791395743.556:115): prog-id=92 op=LOAD
[   92.161677][  T425] type=1300 audit(1791395743.556:115): arch=c00000b7 syscall=280 success=yes exit=7 a0=5 a1=7ff43885e0 a2=94 a3=2e items=0 ppid=1 auid=4294967295 uid=0 gid=0 euid=0 suid=0 fsuid=0 egid=0 sgid=0 fsgid=0 tty=(none) ses=4294967295 comm="bpfloader" exe="/system/bin/bpfloader" subj=u:r:bpfloader:s0 key=(null)
[   92.162802][  T425] type=1327 audit(1791395743.556:115): proctitle="/apex/com.android.tethering/bin/netbpfload"
[   92.163150][  T425] type=1320 audit(1791395743.556:115): 
[   92.163741][  T425] type=1334 audit(1791395743.560:116): prog-id=93 op=LOAD
[   92.164026][  T425] type=1300 audit(1791395743.560:116): arch=c00000b7 syscall=280 success=yes exit=8 a0=5 a1=7ff43885e0 a2=94 a3=38 items=0 ppid=1 auid=4294967295 uid=0 gid=0 euid=0 suid=0 fsuid=0 egid=0 sgid=0 fsgid=0 tty=(none) ses=4294967295 comm="bpfloader" exe="/system/bin/bpfloader" subj=u:r:bpfloader:s0 key=(null)
[   92.164937][  T425] type=1327 audit(1791395743.560:116): proctitle="/apex/com.android.tethering/bin/netbpfload"
[   92.165959][  T425] type=1320 audit(1791395743.560:116): 
[   92.166186][  T425] type=1334 audit(1791395743.560:117): prog-id=94 op=LOAD
[   92.166847][  T425] type=1300 audit(1791395743.560:117): arch=c00000b7 syscall=280 success=yes exit=9 a0=5 a1=7ff43885e0 a2=94 a3=e items=0 ppid=1 auid=4294967295 uid=0 gid=0 euid=0 suid=0 fsuid=0 egid=0 sgid=0 fsgid=0 tty=(none) ses=4294967295 comm="bpfloader" exe="/system/bin/bpfloader" subj=u:r:bpfloader:s0 key=(null)
[   92.168088][  T425] type=1327 audit(1791395743.560:117): proctitle="/apex/com.android.tethering/bin/netbpfload"
[   92.168674][  T425] type=1320 audit(1791395743.560:117): 
[   92.168856][  T425] type=1334 audit(1791395743.564:118): prog-id=95 op=LOAD
[   92.169651][  T425] type=1300 audit(1791395743.564:118): arch=c00000b7 syscall=280 success=yes exit=10 a0=5 a1=7ff43885e0 a2=94 a3=f items=0 ppid=1 auid=4294967295 uid=0 gid=0 euid=0 suid=0 fsuid=0 egid=0 sgid=0 fsgid=0 tty=(none) ses=4294967295 comm="bpfloader" exe="/system/bin/bpfloader" subj=u:r:bpfloader:s0 key=(null)
[   92.214374][  T425] type=1327 audit(1791395743.564:118): proctitle="/apex/com.android.tethering/bin/netbpfload"
[   92.238564][  T425] type=1320 audit(1791395743.564:118): 
[   92.239724][  T425] type=1334 audit(1791395743.564:119): prog-id=96 op=LOAD
[   92.244175][  T425] type=1300 audit(1791395743.564:119): arch=c00000b7 syscall=280 success=yes exit=11 a0=5 a1=7ff43885e0 a2=94 a3=13 items=0 ppid=1 auid=4294967295 uid=0 gid=0 euid=0 suid=0 fsuid=0 egid=0 sgid=0 fsgid=0 tty=(none) ses=4294967295 comm="bpfloader" exe="/system/bin/bpfloader" subj=u:r:bpfloader:s0 key=(null)
[   92.253478][  T425] type=1327 audit(1791395743.564:119): proctitle="/apex/com.android.tethering/bin/netbpfload"
[   92.254162][  T425] type=1320 audit(1791395743.564:119): 
[   92.254551][  T425] type=1334 audit(1791395743.564:120): prog-id=97 op=LOAD
[   92.255202][  T425] type=1300 audit(1791395743.564:120): arch=c00000b7 syscall=280 success=yes exit=12 a0=5 a1=7ff43885e0 a2=94 a3=11 items=0 ppid=1 auid=4294967295 uid=0 gid=0 euid=0 suid=0 fsuid=0 egid=0 sgid=0 fsgid=0 tty=(none) ses=4294967295 comm="bpfloader" exe="/system/bin/bpfloader" subj=u:r:bpfloader:s0 key=(null)
[   92.256195][  T425] type=1327 audit(1791395743.564:120): proctitle="/apex/com.android.tethering/bin/netbpfload"
[   92.256695][  T425] type=1320 audit(1791395743.564:120): 
[   92.256912][  T425] type=1334 audit(1791395743.568:121): prog-id=98 op=LOAD
[   92.257261][  T425] type=1300 audit(1791395743.568:121): arch=c00000b7 syscall=280 success=yes exit=13 a0=5 a1=7ff43885e0 a2=94 a3=13 items=0 ppid=1 auid=4294967295 uid=0 gid=0 euid=0 suid=0 fsuid=0 egid=0 sgid=0 fsgid=0 tty=(none) ses=4294967295 comm="bpfloader" exe="/system/bin/bpfloader" subj=u:r:bpfloader:s0 key=(null)
[   92.258377][  T425] type=1327 audit(1791395743.568:121): proctitle="/apex/com.android.tethering/bin/netbpfload"
[   92.258959][  T425] type=1320 audit(1791395743.568:121): 
[   92.259236][  T425] type=1334 audit(1791395743.568:122): prog-id=99 op=LOAD
[   92.259627][  T425] type=1300 audit(1791395743.568:122): arch=c00000b7 syscall=280 success=yes exit=14 a0=5 a1=7ff43885e0 a2=94 a3=11 items=0 ppid=1 auid=4294967295 uid=0 gid=0 euid=0 suid=0 fsuid=0 egid=0 sgid=0 fsgid=0 tty=(none) ses=4294967295 comm="bpfloader" exe="/system/bin/bpfloader" subj=u:r:bpfloader:s0 key=(null)
[   92.260692][  T425] type=1327 audit(1791395743.568:122): proctitle="/apex/com.android.tethering/bin/netbpfload"
[   92.261236][  T425] type=1320 audit(1791395743.568:122): 
[   92.261766][  T425] type=1334 audit(1791395743.572:123): prog-id=100 op=LOAD
[   92.265760][  T425] type=1300 audit(1791395743.572:123): arch=c00000b7 syscall=280 success=yes exit=4 a0=5 a1=7ff43885e0 a2=94 a3=2 items=0 ppid=1 auid=4294967295 uid=0 gid=0 euid=0 suid=0 fsuid=0 egid=0 sgid=0 fsgid=0 tty=(none) ses=4294967295 comm="bpfloader" exe="/system/bin/bpfloader" subj=u:r:bpfloader:s0 key=(null)
[   92.268678][  T425] type=1327 audit(1791395743.572:123): proctitle="/apex/com.android.tethering/bin/netbpfload"
[   92.269652][  T425] type=1320 audit(1791395743.572:123): 
[   92.271272][  T425] type=1334 audit(1791395743.576:124): prog-id=100 op=UNLOAD
[   92.272778][  T425] type=1300 audit(1791395743.576:124): arch=c00000b7 syscall=57 success=yes exit=0 a0=4 a1=0 a2=79d1e8f4d8 a3=2 items=0 ppid=1 auid=4294967295 uid=0 gid=0 euid=0 suid=0 fsuid=0 egid=0 sgid=0 fsgid=0 tty=(none) ses=4294967295 comm="bpfloader" exe="/system/bin/bpfloader" subj=u:r:bpfloader:s0 key=(null)
[   92.273947][  T425] type=1327 audit(1791395743.576:124): proctitle="/apex/com.android.tethering/bin/netbpfload"
[   92.274775][  T425] type=1320 audit(1791395743.576:124): 
[   92.275068][  T425] type=1334 audit(1791395743.576:125): prog-id=101 op=LOAD
[   92.275450][  T425] type=1300 audit(1791395743.576:125): arch=c00000b7 syscall=280 success=yes exit=6 a0=5 a1=7ff43885e0 a2=94 a3=f items=0 ppid=1 auid=4294967295 uid=0 gid=0 euid=0 suid=0 fsuid=0 egid=0 sgid=0 fsgid=0 tty=(none) ses=4294967295 comm="bpfloader" exe="/system/bin/bpfloader" subj=u:r:bpfloader:s0 key=(null)
[   92.278060][  T425] type=1327 audit(1791395743.576:125): proctitle="/apex/com.android.tethering/bin/netbpfload"
[   92.278508][  T425] type=1320 audit(1791395743.576:125): 
[   92.278725][  T425] type=1334 audit(1791395743.580:126): prog-id=102 op=LOAD
[   92.279470][  T425] type=1300 audit(1791395743.580:126): arch=c00000b7 syscall=280 success=yes exit=4 a0=5 a1=7ff43885e0 a2=94 a3=2 items=0 ppid=1 auid=4294967295 uid=0 gid=0 euid=0 suid=0 fsuid=0 egid=0 sgid=0 fsgid=0 tty=(none) ses=4294967295 comm="bpfloader" exe="/system/bin/bpfloader" subj=u:r:bpfloader:s0 key=(null)
[   92.282266][  T425] type=1327 audit(1791395743.580:126): proctitle="/apex/com.android.tethering/bin/netbpfload"
[   92.283886][  T425] type=1320 audit(1791395743.580:126): 
[   92.284216][  T425] type=1334 audit(1791395743.580:127): prog-id=102 op=UNLOAD
[   92.284555][  T425] type=1300 audit(1791395743.580:127): arch=c00000b7 syscall=57 success=yes exit=0 a0=4 a1=0 a2=79d1e8f4d8 a3=2 items=0 ppid=1 auid=4294967295 uid=0 gid=0 euid=0 suid=0 fsuid=0 egid=0 sgid=0 fsgid=0 tty=(none) ses=4294967295 comm="bpfloader" exe="/system/bin/bpfloader" subj=u:r:bpfloader:s0 key=(null)
[   92.307748][  T425] type=1327 audit(1791395743.580:127): proctitle="/apex/com.android.tethering/bin/netbpfload"
[   92.319731][  T425] type=1320 audit(1791395743.580:127): 
[   92.323832][  T425] type=1334 audit(1791395743.580:128): prog-id=103 op=LOAD
[   92.330912][  T425] type=1300 audit(1791395743.580:128): arch=c00000b7 syscall=280 success=yes exit=7 a0=5 a1=7ff43885e0 a2=94 a3=40 items=0 ppid=1 auid=4294967295 uid=0 gid=0 euid=0 suid=0 fsuid=0 egid=0 sgid=0 fsgid=0 tty=(none) ses=4294967295 comm="bpfloader" exe="/system/bin/bpfloader" subj=u:r:bpfloader:s0 key=(null)
[   92.349061][  T425] type=1327 audit(1791395743.580:128): proctitle="/apex/com.android.tethering/bin/netbpfload"
[   92.357101][  T425] type=1320 audit(1791395743.580:128): 
[   92.359692][  T425] type=1334 audit(1791395743.580:129): prog-id=104 op=LOAD
[   92.366279][  T425] type=1300 audit(1791395743.580:129): arch=c00000b7 syscall=280 success=yes exit=8 a0=5 a1=7ff43885e0 a2=94 a3=42 items=0 ppid=1 auid=4294967295 uid=0 gid=0 euid=0 suid=0 fsuid=0 egid=0 sgid=0 fsgid=0 tty=(none) ses=4294967295 comm="bpfloader" exe="/system/bin/bpfloader" subj=u:r:bpfloader:s0 key=(null)
[   92.386786][  T425] type=1327 audit(1791395743.580:129): proctitle="/apex/com.android.tethering/bin/netbpfload"
[   92.395655][  T425] type=1320 audit(1791395743.580:129): 
[   92.401072][  T425] type=1334 audit(1791395743.676:130): prog-id=105 op=LOAD
[   92.407677][  T425] type=1300 audit(1791395743.676:130): arch=c00000b7 syscall=280 success=yes exit=4 a0=5 a1=7ff43885e0 a2=94 a3=2 items=0 ppid=1 auid=4294967295 uid=0 gid=0 euid=0 suid=0 fsuid=0 egid=0 sgid=0 fsgid=0 tty=(none) ses=4294967295 comm="bpfloader" exe="/system/bin/bpfloader" subj=u:r:bpfloader:s0 key=(null)
[   92.427760][  T425] type=1327 audit(1791395743.676:130): proctitle="/apex/com.android.tethering/bin/netbpfload"
[   92.434537][  T425] type=1320 audit(1791395743.676:130): 
[   92.437097][  T425] type=1334 audit(1791395743.684:131): prog-id=105 op=UNLOAD
[   92.442518][  T425] type=1300 audit(1791395743.684:131): arch=c00000b7 syscall=57 success=yes exit=0 a0=4 a1=0 a2=79d1e8f4d8 a3=2 items=0 ppid=1 auid=4294967295 uid=0 gid=0 euid=0 suid=0 fsuid=0 egid=0 sgid=0 fsgid=0 tty=(none) ses=4294967295 comm="bpfloader" exe="/system/bin/bpfloader" subj=u:r:bpfloader:s0 key=(null)
[   92.474387][  T425] type=1327 audit(1791395743.684:131): proctitle="/apex/com.android.tethering/bin/netbpfload"
[   92.490909][  T425] type=1320 audit(1791395743.684:131): 
[   92.498257][  T425] type=1334 audit(1791395743.684:132): prog-id=106 op=LOAD
[   92.513064][  T425] type=1300 audit(1791395743.684:132): arch=c00000b7 syscall=280 success=yes exit=7 a0=5 a1=7ff43885e0 a2=94 a3=40 items=0 ppid=1 auid=4294967295 uid=0 gid=0 euid=0 suid=0 fsuid=0 egid=0 sgid=0 fsgid=0 tty=(none) ses=4294967295 comm="bpfloader" exe="/system/bin/bpfloader" subj=u:r:bpfloader:s0 key=(null)
[   92.533105][  T425] type=1327 audit(1791395743.684:132): proctitle="/apex/com.android.tethering/bin/netbpfload"
[   92.539501][  T425] type=1320 audit(1791395743.684:132): 
[   92.542784][  T425] type=1334 audit(1791395743.688:133): prog-id=107 op=LOAD
[   92.546453][  T425] type=1300 audit(1791395743.688:133): arch=c00000b7 syscall=280 success=yes exit=8 a0=5 a1=7ff43885e0 a2=94 a3=42 items=0 ppid=1 auid=4294967295 uid=0 gid=0 euid=0 suid=0 fsuid=0 egid=0 sgid=0 fsgid=0 tty=(none) ses=4294967295 comm="bpfloader" exe="/system/bin/bpfloader" subj=u:r:bpfloader:s0 key=(null)
[   92.568105][  T425] type=1327 audit(1791395743.688:133): proctitle="/apex/com.android.tethering/bin/netbpfload"
[   92.568690][  T425] type=1320 audit(1791395743.688:133): 
[   92.568985][  T425] type=1334 audit(1791395743.696:134): prog-id=108 op=LOAD
[   92.569995][  T425] type=1300 audit(1791395743.696:134): arch=c00000b7 syscall=280 success=yes exit=4 a0=5 a1=7ff43885e0 a2=94 a3=2 items=0 ppid=1 auid=4294967295 uid=0 gid=0 euid=0 suid=0 fsuid=0 egid=0 sgid=0 fsgid=0 tty=(none) ses=4294967295 comm="bpfloader" exe="/system/bin/bpfloader" subj=u:r:bpfloader:s0 key=(null)
[   92.571732][  T425] type=1327 audit(1791395743.696:134): proctitle="/apex/com.android.tethering/bin/netbpfload"
[   92.572363][  T425] type=1320 audit(1791395743.696:134): 
[   92.572624][  T425] type=1334 audit(1791395743.696:135): prog-id=108 op=UNLOAD
[   92.572961][  T425] type=1300 audit(1791395743.696:135): arch=c00000b7 syscall=57 success=yes exit=0 a0=4 a1=0 a2=79d1e8f4d8 a3=2 items=0 ppid=1 auid=4294967295 uid=0 gid=0 euid=0 suid=0 fsuid=0 egid=0 sgid=0 fsgid=0 tty=(none) ses=4294967295 comm="bpfloader" exe="/system/bin/bpfloader" subj=u:r:bpfloader:s0 key=(null)
[   92.601804][  T425] type=1327 audit(1791395743.696:135): proctitle="/apex/com.android.tethering/bin/netbpfload"
[   92.618474][  T425] type=1320 audit(1791395743.696:135): 
[   92.639542][  T425] type=1334 audit(1791395744.040:136): prog-id=109 op=LOAD
[   92.647755][  T425] type=1300 audit(1791395744.040:136): arch=c00000b7 syscall=280 success=yes exit=6 a0=5 a1=7ff43885e0 a2=94 a3=66 items=0 ppid=1 auid=4294967295 uid=0 gid=0 euid=0 suid=0 fsuid=0 egid=0 sgid=0 fsgid=0 tty=(none) ses=4294967295 comm="bpfloader" exe="/system/bin/bpfloader" subj=u:r:bpfloader:s0 key=(null)
[   92.680253][  T425] type=1327 audit(1791395744.040:136): proctitle="/apex/com.android.tethering/bin/netbpfload"
[   92.685000][  T425] type=1320 audit(1791395744.040:136): 
[   92.710876][  T600] BpfLoader: Platform BpfLoader loading critical for healthd ELF object /vendor/etc/bpf/filterPowerSupplyEvents.o with license Apache 2.0
[   92.732275][  T600] BpfLoader: No maps section could be found in elf object
[   92.804181][  T425] type=1334 audit(1791395744.176:137): prog-id=110 op=LOAD
[   92.816674][  T425] type=1300 audit(1791395744.176:137): arch=c00000b7 syscall=280 success=yes exit=6 a0=5 a1=7ff438a120 a2=a8 a3=b400007829a053a8 items=0 ppid=1 auid=4294967295 uid=0 gid=0 euid=0 suid=0 fsuid=0 egid=0 sgid=0 fsgid=0 tty=(none) ses=4294967295 comm="bpfloader" exe="/system/bin/bpfloader" subj=u:r:bpfloader:s0 key=(null)
[   92.829629][  T425] type=1327 audit(1791395744.176:137): proctitle="/apex/com.android.tethering/bin/netbpfload"
[   92.833531][  T425] type=1320 audit(1791395744.176:137): 
[   92.918973][  T600] NetBpfLoad: success.
[   92.990452][    T1] init: Service 'bpfloader' (pid 600) exited with status 0 waiting took 6.772000 seconds
[   92.992342][    T1] init: Sending SIGKILL to service 'bpfloader' (pid 600) process group...
[   93.004448][    T1] libprocessgroup: Removed cgroup /sys/fs/cgroup/system/uid_0/pid_600
[   93.026827][    T1] init: start_waiting_for_property("bpf.progs_loaded", "1"): already set
[   93.053282][    T1] init: starting service 'netd1shot'...
[   93.113481][    T1] libprocessgroup: Created cgroup /sys/fs/cgroup/system/uid_0/pid_604
[   93.151284][    T1] init: ... started service 'netd1shot' has pid 604
[   93.154204][    T1] init: SVC_EXEC service 'netd1shot' pid 604 (uid 0 gid 0+1 context default) started; waiting...
[   93.155982][    T1] init: Command 'exec_start netd1shot' action=load-bpf-programs (/system/etc/init/netbpfload.rc:58) took 120ms and succeeded
[   94.272224][    T1] init: Service 'netd1shot' (pid 604) exited with status 0 waiting took 1.163000 seconds
[   94.274618][    T1] init: Sending SIGKILL to service 'netd1shot' (pid 604) process group...
[   94.293753][    T1] libprocessgroup: Removed cgroup /sys/fs/cgroup/system/uid_0/pid_604
[   94.333947][    T1] init: starting service 'netd'...
[   94.346812][    T1] init: Created socket '/dev/socket/dnsproxyd', mode 660, user 0, group 3003
[   94.349148][    T1] init: Created socket '/dev/socket/mdns', mode 660, user 0, group 1000
[   94.351267][    T1] init: Created socket '/dev/socket/fwmarkd', mode 660, user 0, group 3003
[   94.392886][    T1] libprocessgroup: Created cgroup /sys/fs/cgroup/system/uid_0/pid_605
[   94.420684][    T1] init: ... started service 'netd' has pid 605
[   94.428774][    T1] init: Command 'start netd' action=load-bpf-programs (/system/etc/init/netbpfload.rc:59) took 112ms and succeeded
[   94.436379][    T1] init: processing action (zygote-start) from (/system/etc/init/hw/init.rc:1091)
[   94.441979][    T1] init: start_waiting_for_property("odsign.verification.done", "1"): already set
[   94.471442][    T1] init: starting service 'statsd'...
[   94.477758][    T1] init: Created socket '/dev/socket/statsdw', mode 222, user 1066, group 1066
[   94.510911][    T1] libprocessgroup: Created cgroup /sys/fs/cgroup/system/uid_1066
[   94.531407][    T1] libprocessgroup: Created cgroup /sys/fs/cgroup/system/uid_1066/pid_606
[   94.561768][    T1] init: ... started service 'statsd' has pid 606
[   94.574336][    T1] init: Command 'start statsd' action=zygote-start (/system/etc/init/hw/init.rc:1093) took 125ms and succeeded
[   94.583122][    T1] init: starting service 'zygote'...
[   94.586721][    T1] init: Created socket '/dev/socket/zygote', mode 660, user 0, group 1000
[   94.589939][    T1] init: Created socket '/dev/socket/usap_pool_primary', mode 660, user 0, group 1000
[   94.640294][    T1] libprocessgroup: Created cgroup /sys/fs/cgroup/system/uid_0/pid_607
[   94.684099][    T1] init: ... started service 'zygote' has pid 607
[   94.688715][    T1] init: Command 'start zygote' action=zygote-start (/system/etc/init/hw/init.rc:1094) took 108ms and succeeded
[   94.694437][    T1] init: Command 'start zygote_secondary' action=zygote-start (/system/etc/init/hw/init.rc:1095) took 0ms and failed: service zygote_secondary not found
[   94.695750][    T1] init: processing action (firmware_mounts_complete) from (/system/etc/init/hw/init.rc:514)
[   94.713306][    T1] init: processing action (early-boot) from (/system/etc/init/installd.rc:7)
[   94.733690][    T1] init: processing action (early-boot) from (/system/etc/init/kcmdlinectrl.rc:17)
[   94.740919][    T1] init: starting service 'exec 13 (/system/bin/kcmdlinectrl update-props)'...
[   95.035048][    T1] libprocessgroup: Created cgroup /sys/fs/cgroup/system/uid_0/pid_608
[   95.138747][    T1] init: ... started service 'exec 13 (/system/bin/kcmdlinectrl update-props)' has pid 608
[   95.153061][    T1] init: Command 'exec_background -- /system/bin/kcmdlinectrl update-props' action=early-boot (/system/etc/init/kcmdlinectrl.rc:18) took 409ms and succeeded
[   95.176307][    T1] init: processing action (boot) from (/system/etc/init/hw/init.rc:1112)
[   95.349612][    T1] init: Command 'mkdir /dev/sys/block/by-name 0755 system system' action=boot (/system/etc/init/hw/init.rc:1139) took 57ms and succeeded
[   95.509280][    T1] init: Command 'symlink /sys/block/${dev.mnt.rootdisk.data} /dev/sys/block/by-name/rootdisk' action=boot (/system/etc/init/hw/init.rc:1141) took 52ms and succeeded
[   95.694605][    T1] init: Command 'write /dev/sys/block/by-name/userdata/queue/discard_max_bytes 134217728' action=boot (/system/etc/init/hw/init.rc:1156) took 120ms and succeeded
[   95.884899][    T1] init: Command 'write /dev/sys/block/by-name/rootdisk/queue/discard_max_bytes 134217728' action=boot (/system/etc/init/hw/init.rc:1157) took 127ms and succeeded
[   96.144993][    T1] init: Command 'chown system system /sys/kernel/ipv4/tcp_wmem_min' action=boot (/system/etc/init/hw/init.rc:1203) took 64ms and succeeded
[   96.344098][    T1] init: Command 'chown system system /sys/kernel/ipv4/tcp_wmem_def' action=boot (/system/etc/init/hw/init.rc:1204) took 51ms and succeeded
[   96.552314][    T1] init: Command 'setprop net.tcp_def_init_rwnd 60' action=boot (/system/etc/init/hw/init.rc:1216) took 153ms and succeeded
[   96.670214][    T1] init: starting service 'audio_parameter_parser_service'...
[   97.053683][    T1] libprocessgroup: Created cgroup /sys/fs/cgroup/system/uid_1041
[   97.376074][    T1] libprocessgroup: Created cgroup /sys/fs/cgroup/system/uid_1041/pid_612
[   98.420527][    T1] init: ... started service 'audio_parameter_parser_service' has pid 612
[   98.489392][    T1] init: starting service 'hidl_memory'...
[   99.066972][    T1] libprocessgroup: Created cgroup /sys/fs/cgroup/system/uid_1000/pid_613
[   99.933763][    T1] init: ... started service 'hidl_memory' has pid 613
[  100.045445][  T425] type=1325 audit(1791395750.920:138): table=filter family=2 entries=0 op=xt_register subj=u:r:netd:s0 comm="iptables-restor"
[  100.061154][    T1] init: starting service 'vendor.sensors-hal-multihal'...
[  100.680443][    T1] libprocessgroup: Created cgroup /sys/fs/cgroup/system/uid_1000/pid_616
[  100.942357][  T425] type=1300 audit(1791395750.920:138): arch=c00000b7 syscall=209 success=yes exit=0 a0=4 a1=0 a2=40 a3=7fceda7750 items=0 ppid=605 auid=4294967295 uid=0 gid=0 euid=0 suid=0 fsuid=0 egid=0 sgid=0 fsgid=0 tty=(none) ses=4294967295 comm="iptables-restor" exe="/system/bin/iptables" subj=u:r:netd:s0 key=(null)
[  101.305593][  T425] type=1327 audit(1791395750.920:138): proctitle=2F73797374656D2F62696E2F69707461626C65732D726573746F7265002D2D6E6F666C757368002D77002D76
[  101.315914][    T1] init: ... started service 'vendor.sensors-hal-multihal' has pid 616
[  101.409429][    T1] init: starting service 'vendor.motioncontext-default'...
[  101.556367][  T425] type=1320 audit(1791395750.920:138): 
[  101.575391][  T425] type=1325 audit(1791395751.296:139): table=filter family=2 entries=4 op=xt_replace subj=u:r:netd:s0 comm="iptables-restor"
[  101.810659][  T425] type=1300 audit(1791395751.296:139): arch=c00000b7 syscall=208 success=yes exit=0 a0=4 a1=0 a2=40 a3=b40000786da08010 items=0 ppid=605 auid=4294967295 uid=0 gid=0 euid=0 suid=0 fsuid=0 egid=0 sgid=0 fsgid=0 tty=(none) ses=4294967295 comm="iptables-restor" exe="/system/bin/iptables" subj=u:r:netd:s0 key=(null)
[  101.880653][  T425] type=1327 audit(1791395751.296:139): proctitle=2F73797374656D2F62696E2F69707461626C65732D726573746F7265002D2D6E6F666C757368002D77002D76
[  101.901169][  T425] type=1320 audit(1791395751.296:139): 
[  101.976956][    T1] libprocessgroup: Created cgroup /sys/fs/cgroup/system/uid_1080
[  102.068905][  T425] type=1325 audit(1791395751.460:140): table=filter family=10 entries=0 op=xt_register subj=u:r:netd:s0 comm="ip6tables-resto"
[  102.192899][  T425] type=1300 audit(1791395751.460:140): arch=c00000b7 syscall=209 success=yes exit=0 a0=4 a1=29 a2=40 a3=7fddf92200 items=0 ppid=605 auid=4294967295 uid=0 gid=0 euid=0 suid=0 fsuid=0 egid=0 sgid=0 fsgid=0 tty=(none) ses=4294967295 comm="ip6tables-resto" exe="/system/bin/iptables" subj=u:r:netd:s0 key=(null)
[  102.333292][  T425] type=1327 audit(1791395751.460:140): proctitle=2F73797374656D2F62696E2F6970367461626C65732D726573746F7265002D2D6E6F666C757368002D77002D76
[  102.376421][  T425] type=1320 audit(1791395751.460:140): 
[  102.402666][  T425] type=1325 audit(1791395751.760:141): table=filter family=10 entries=4 op=xt_replace subj=u:r:netd:s0 comm="ip6tables-resto"
[  102.448682][    T1] libprocessgroup: Created cgroup /sys/fs/cgroup/system/uid_1080/pid_617
[  102.563570][  T425] type=1300 audit(1791395751.760:141): arch=c00000b7 syscall=208 success=yes exit=0 a0=4 a1=29 a2=40 a3=b400007815e0fc40 items=0 ppid=605 auid=4294967295 uid=0 gid=0 euid=0 suid=0 fsuid=0 egid=0 sgid=0 fsgid=0 tty=(none) ses=4294967295 comm="ip6tables-resto" exe="/system/bin/iptables" subj=u:r:netd:s0 key=(null)
[  102.572341][  T425] type=1327 audit(1791395751.760:141): proctitle=2F73797374656D2F62696E2F6970367461626C65732D726573746F7265002D2D6E6F666C757368002D77002D76
[  102.762364][  T425] type=1320 audit(1791395751.760:141): 
[  102.776331][  T425] type=1325 audit(1791395752.268:142): table=filter family=2 entries=13 op=xt_replace subj=u:r:netd:s0 comm="iptables-restor"
[  102.782839][  T425] type=1300 audit(1791395752.268:142): arch=c00000b7 syscall=208 success=yes exit=0 a0=4 a1=0 a2=40 a3=b4000078eda02010 items=0 ppid=605 auid=4294967295 uid=0 gid=0 euid=0 suid=0 fsuid=0 egid=0 sgid=0 fsgid=0 tty=(none) ses=4294967295 comm="iptables-restor" exe="/system/bin/iptables" subj=u:r:netd:s0 key=(null)
[  102.843369][  T425] type=1327 audit(1791395752.268:142): proctitle=2F73797374656D2F62696E2F69707461626C65732D726573746F7265002D2D6E6F666C757368002D77002D76
[  102.870359][  T425] type=1320 audit(1791395752.268:142): 
[  102.875510][  T425] type=1325 audit(1791395752.356:143): table=filter family=10 entries=13 op=xt_replace subj=u:r:netd:s0 comm="ip6tables-resto"
[  102.897877][  T425] type=1300 audit(1791395752.356:143): arch=c00000b7 syscall=208 success=yes exit=0 a0=4 a1=29 a2=40 a3=b400007805e0c7b0 items=0 ppid=605 auid=4294967295 uid=0 gid=0 euid=0 suid=0 fsuid=0 egid=0 sgid=0 fsgid=0 tty=(none) ses=4294967295 comm="ip6tables-resto" exe="/system/bin/iptables" subj=u:r:netd:s0 key=(null)
[  102.906262][    T1] init: ... started service 'vendor.motioncontext-default' has pid 617
[  102.925210][  T425] type=1327 audit(1791395752.356:143): proctitle=2F73797374656D2F62696E2F6970367461626C65732D726573746F7265002D2D6E6F666C757368002D77002D76
[  102.938300][  T425] type=1320 audit(1791395752.356:143): 
[  102.942680][  T425] type=1325 audit(1791395752.376:144): table=raw family=2 entries=0 op=xt_register subj=u:r:netd:s0 comm="iptables-restor"
[  102.949222][  T425] type=1300 audit(1791395752.376:144): arch=c00000b7 syscall=209 success=yes exit=0 a0=4 a1=0 a2=40 a3=7fceda7750 items=0 ppid=605 auid=4294967295 uid=0 gid=0 euid=0 suid=0 fsuid=0 egid=0 sgid=0 fsgid=0 tty=(none) ses=4294967295 comm="iptables-restor" exe="/system/bin/iptables" subj=u:r:netd:s0 key=(null)
[  102.962384][  T425] type=1327 audit(1791395752.376:144): proctitle=2F73797374656D2F62696E2F69707461626C65732D726573746F7265002D2D6E6F666C757368002D77002D76
[  102.969122][  T425] type=1320 audit(1791395752.376:144): 
[  102.970472][  T425] type=1325 audit(1791395752.388:145): table=raw family=2 entries=3 op=xt_replace subj=u:r:netd:s0 comm="iptables-restor"
[  102.974378][  T425] type=1300 audit(1791395752.388:145): arch=c00000b7 syscall=208 success=yes exit=0 a0=4 a1=0 a2=40 a3=b4000078ada0da20 items=0 ppid=605 auid=4294967295 uid=0 gid=0 euid=0 suid=0 fsuid=0 egid=0 sgid=0 fsgid=0 tty=(none) ses=4294967295 comm="iptables-restor" exe="/system/bin/iptables" subj=u:r:netd:s0 key=(null)
[  103.055020][  T425] type=1327 audit(1791395752.388:145): proctitle=2F73797374656D2F62696E2F69707461626C65732D726573746F7265002D2D6E6F666C757368002D77002D76
[  103.157572][  T425] type=1320 audit(1791395752.388:145): 
[  103.164215][  T425] type=1325 audit(1791395752.392:146): table=raw family=10 entries=0 op=xt_register subj=u:r:netd:s0 comm="ip6tables-resto"
[  103.170395][  T425] type=1300 audit(1791395752.392:146): arch=c00000b7 syscall=209 success=yes exit=0 a0=4 a1=29 a2=40 a3=7fddf92200 items=0 ppid=605 auid=4294967295 uid=0 gid=0 euid=0 suid=0 fsuid=0 egid=0 sgid=0 fsgid=0 tty=(none) ses=4294967295 comm="ip6tables-resto" exe="/system/bin/iptables" subj=u:r:netd:s0 key=(null)
[  103.187525][  T425] type=1327 audit(1791395752.392:146): proctitle=2F73797374656D2F62696E2F6970367461626C65732D726573746F7265002D2D6E6F666C757368002D77002D76
[  103.410308][  T425] type=1320 audit(1791395752.392:146): 
[  103.468906][    T1] init: starting service 'vendor.audio-hal-aidl'...
[  103.472808][  T425] type=1325 audit(1791395752.396:147): table=raw family=10 entries=3 op=xt_replace subj=u:r:netd:s0 comm="ip6tables-resto"
[  103.527333][  T425] type=1300 audit(1791395752.396:147): arch=c00000b7 syscall=208 success=yes exit=0 a0=4 a1=29 a2=40 a3=b400007815e0fc40 items=0 ppid=605 auid=4294967295 uid=0 gid=0 euid=0 suid=0 fsuid=0 egid=0 sgid=0 fsgid=0 tty=(none) ses=4294967295 comm="ip6tables-resto" exe="/system/bin/iptables" subj=u:r:netd:s0 key=(null)
[  103.677262][  T425] type=1327 audit(1791395752.396:147): proctitle=2F73797374656D2F62696E2F6970367461626C65732D726573746F7265002D2D6E6F666C757368002D77002D76
[  103.692768][  T425] type=1320 audit(1791395752.396:147): 
[  103.769274][    T1] libprocessgroup: Created cgroup /sys/fs/cgroup/system/uid_1041/pid_620
[  103.769573][  T425] type=1325 audit(1791395752.404:148): table=mangle family=2 entries=0 op=xt_register subj=u:r:netd:s0 comm="iptables-restor"
[  103.781371][  T425] type=1300 audit(1791395752.404:148): arch=c00000b7 syscall=209 success=yes exit=0 a0=4 a1=0 a2=40 a3=7fceda7750 items=0 ppid=605 auid=4294967295 uid=0 gid=0 euid=0 suid=0 fsuid=0 egid=0 sgid=0 fsgid=0 tty=(none) ses=4294967295 comm="iptables-restor" exe="/system/bin/iptables" subj=u:r:netd:s0 key=(null)
[  103.797401][  T425] type=1327 audit(1791395752.404:148): proctitle=2F73797374656D2F62696E2F69707461626C65732D726573746F7265002D2D6E6F666C757368002D77002D76
[  103.803313][  T425] type=1320 audit(1791395752.404:148): 
[  103.809571][  T425] type=1325 audit(1791395752.408:149): table=mangle family=2 entries=6 op=xt_replace subj=u:r:netd:s0 comm="iptables-restor"
[  103.825146][  T425] type=1300 audit(1791395752.408:149): arch=c00000b7 syscall=208 success=yes exit=0 a0=4 a1=0 a2=40 a3=b40000785da0bd20 items=0 ppid=605 auid=4294967295 uid=0 gid=0 euid=0 suid=0 fsuid=0 egid=0 sgid=0 fsgid=0 tty=(none) ses=4294967295 comm="iptables-restor" exe="/system/bin/iptables" subj=u:r:netd:s0 key=(null)
[  103.850555][  T425] type=1327 audit(1791395752.408:149): proctitle=2F73797374656D2F62696E2F69707461626C65732D726573746F7265002D2D6E6F666C757368002D77002D76
[  103.868751][  T425] type=1320 audit(1791395752.408:149): 
[  103.875561][  T425] type=1325 audit(1791395752.408:150): table=mangle family=10 entries=0 op=xt_register subj=u:r:netd:s0 comm="ip6tables-resto"
[  103.892832][  T425] type=1300 audit(1791395752.408:150): arch=c00000b7 syscall=209 success=yes exit=0 a0=4 a1=29 a2=40 a3=7fddf92200 items=0 ppid=605 auid=4294967295 uid=0 gid=0 euid=0 suid=0 fsuid=0 egid=0 sgid=0 fsgid=0 tty=(none) ses=4294967295 comm="ip6tables-resto" exe="/system/bin/iptables" subj=u:r:netd:s0 key=(null)
[  103.921252][  T425] type=1327 audit(1791395752.408:150): proctitle=2F73797374656D2F62696E2F6970367461626C65732D726573746F7265002D2D6E6F666C757368002D77002D76
[  104.013981][    T1] init: ... started service 'vendor.audio-hal-aidl' has pid 620
[  104.030571][  T425] type=1320 audit(1791395752.408:150): 
[  104.031964][  T425] type=1325 audit(1791395752.416:151): table=mangle family=10 entries=6 op=xt_replace subj=u:r:netd:s0 comm="ip6tables-resto"
[  104.032792][  T425] type=1300 audit(1791395752.416:151): arch=c00000b7 syscall=208 success=yes exit=0 a0=4 a1=29 a2=40 a3=b400007715e03900 items=0 ppid=605 auid=4294967295 uid=0 gid=0 euid=0 suid=0 fsuid=0 egid=0 sgid=0 fsgid=0 tty=(none) ses=4294967295 comm="ip6tables-resto" exe="/system/bin/iptables" subj=u:r:netd:s0 key=(null)
[  104.032801][  T425] type=1327 audit(1791395752.416:151): proctitle=2F73797374656D2F62696E2F6970367461626C65732D726573746F7265002D2D6E6F666C757368002D77002D76
[  104.038322][  T425] type=1320 audit(1791395752.416:151): 
[  104.038718][  T425] type=1325 audit(1791395752.420:152): table=mangle family=2 entries=9 op=xt_replace subj=u:r:netd:s0 comm="iptables-restor"
[  104.039519][  T425] type=1300 audit(1791395752.420:152): arch=c00000b7 syscall=208 success=yes exit=0 a0=4 a1=0 a2=40 a3=b40000782da0b4a0 items=0 ppid=605 auid=4294967295 uid=0 gid=0 euid=0 suid=0 fsuid=0 egid=0 sgid=0 fsgid=0 tty=(none) ses=4294967295 comm="iptables-restor" exe="/system/bin/iptables" subj=u:r:netd:s0 key=(null)
[  104.102740][    T1] init: starting service 'vendor.audio-effect-hal-aidl'...
[  104.228273][  T425] type=1327 audit(1791395752.420:152): proctitle=2F73797374656D2F62696E2F69707461626C65732D726573746F7265002D2D6E6F666C757368002D77002D76
[  104.333980][  T425] type=1320 audit(1791395752.420:152): 
[  104.348144][  T425] type=1325 audit(1791395752.428:153): table=mangle family=10 entries=9 op=xt_replace subj=u:r:netd:s0 comm="ip6tables-resto"
[  104.373973][  T425] type=1300 audit(1791395752.428:153): arch=c00000b7 syscall=208 success=yes exit=0 a0=4 a1=29 a2=40 a3=b400007655e07020 items=0 ppid=605 auid=4294967295 uid=0 gid=0 euid=0 suid=0 fsuid=0 egid=0 sgid=0 fsgid=0 tty=(none) ses=4294967295 comm="ip6tables-resto" exe="/system/bin/iptables" subj=u:r:netd:s0 key=(null)
[  104.424203][    T1] libprocessgroup: Created cgroup /sys/fs/cgroup/system/uid_1041/pid_621
[  104.472606][  T425] type=1327 audit(1791395752.428:153): proctitle=2F73797374656D2F62696E2F6970367461626C65732D726573746F7265002D2D6E6F666C757368002D77002D76
[  104.493717][  T425] type=1320 audit(1791395752.428:153): 
[  104.506227][  T425] type=1325 audit(1791395752.460:154): table=mangle family=2 entries=18 op=xt_replace subj=u:r:netd:s0 comm="iptables-restor"
[  104.527154][  T425] type=1300 audit(1791395752.460:154): arch=c00000b7 syscall=208 success=yes exit=0 a0=4 a1=0 a2=40 a3=b4000078eda02010 items=0 ppid=605 auid=4294967295 uid=0 gid=0 euid=0 suid=0 fsuid=0 egid=0 sgid=0 fsgid=0 tty=(none) ses=4294967295 comm="iptables-restor" exe="/system/bin/iptables" subj=u:r:netd:s0 key=(null)
[  104.563455][  T425] type=1327 audit(1791395752.460:154): proctitle=2F73797374656D2F62696E2F69707461626C65732D726573746F7265002D2D6E6F666C757368002D77002D76
[  104.577285][  T425] type=1320 audit(1791395752.460:154): 
[  104.581262][  T425] type=1325 audit(1791395752.596:155): table=mangle family=10 entries=18 op=xt_replace subj=u:r:netd:s0 comm="ip6tables-resto"
[  104.585284][  T425] type=1300 audit(1791395752.596:155): arch=c00000b7 syscall=208 success=yes exit=0 a0=4 a1=29 a2=40 a3=b400007795e0b010 items=0 ppid=605 auid=4294967295 uid=0 gid=0 euid=0 suid=0 fsuid=0 egid=0 sgid=0 fsgid=0 tty=(none) ses=4294967295 comm="ip6tables-resto" exe="/system/bin/iptables" subj=u:r:netd:s0 key=(null)
[  104.722195][  T425] type=1327 audit(1791395752.596:155): proctitle=2F73797374656D2F62696E2F6970367461626C65732D726573746F7265002D2D6E6F666C757368002D77002D76
[  104.754670][    T1] init: ... started service 'vendor.audio-effect-hal-aidl' has pid 621
[  104.756322][  T425] type=1320 audit(1791395752.596:155): 
[  104.822577][  T425] type=1325 audit(1791395752.728:156): table=nat family=2 entries=0 op=xt_register subj=u:r:netd:s0 comm="iptables-restor"
[  104.833309][  T425] type=1300 audit(1791395752.728:156): arch=c00000b7 syscall=209 success=yes exit=0 a0=4 a1=0 a2=40 a3=7fceda7750 items=0 ppid=605 auid=4294967295 uid=0 gid=0 euid=0 suid=0 fsuid=0 egid=0 sgid=0 fsgid=0 tty=(none) ses=4294967295 comm="iptables-restor" exe="/system/bin/iptables" subj=u:r:netd:s0 key=(null)
[  104.854212][  T425] type=1327 audit(1791395752.728:156): proctitle=2F73797374656D2F62696E2F69707461626C65732D726573746F7265002D2D6E6F666C757368002D77002D76
[  104.861150][  T425] type=1320 audit(1791395752.728:156): 
[  104.886157][  T425] type=1325 audit(1791395752.784:157): table=nat family=2 entries=5 op=xt_replace subj=u:r:netd:s0 comm="iptables-restor"
[  104.898154][  T425] type=1300 audit(1791395752.784:157): arch=c00000b7 syscall=208 success=yes exit=0 a0=4 a1=0 a2=40 a3=b40000785da0bd20 items=0 ppid=605 auid=4294967295 uid=0 gid=0 euid=0 suid=0 fsuid=0 egid=0 sgid=0 fsgid=0 tty=(none) ses=4294967295 comm="iptables-restor" exe="/system/bin/iptables" subj=u:r:netd:s0 key=(null)
[  104.955717][  T425] type=1327 audit(1791395752.784:157): proctitle=2F73797374656D2F62696E2F69707461626C65732D726573746F7265002D2D6E6F666C757368002D77002D76
[  104.965442][  T425] type=1320 audit(1791395752.784:157): 
[  104.980804][  T425] type=1325 audit(1791395752.896:158): table=nat family=2 entries=8 op=xt_replace subj=u:r:netd:s0 comm="iptables-restor"
[  105.006960][  T425] type=1300 audit(1791395752.896:158): arch=c00000b7 syscall=208 success=yes exit=0 a0=4 a1=0 a2=40 a3=b4000078ada0da20 items=0 ppid=605 auid=4294967295 uid=0 gid=0 euid=0 suid=0 fsuid=0 egid=0 sgid=0 fsgid=0 tty=(none) ses=4294967295 comm="iptables-restor" exe="/system/bin/iptables" subj=u:r:netd:s0 key=(null)
[  105.042582][  T425] type=1327 audit(1791395752.896:158): proctitle=2F73797374656D2F62696E2F69707461626C65732D726573746F7265002D2D6E6F666C757368002D77002D76
[  105.048172][  T425] type=1320 audit(1791395752.896:158): 
[  105.051674][  T425] type=1325 audit(1791395753.388:159): table=filter family=2 entries=25 op=xt_replace subj=u:r:netd:s0 comm="iptables-restor"
[  105.062307][  T425] type=1300 audit(1791395753.388:159): arch=c00000b7 syscall=208 success=yes exit=0 a0=4 a1=0 a2=40 a3=b40000778da08be0 items=0 ppid=605 auid=4294967295 uid=0 gid=0 euid=0 suid=0 fsuid=0 egid=0 sgid=0 fsgid=0 tty=(none) ses=4294967295 comm="iptables-restor" exe="/system/bin/iptables" subj=u:r:netd:s0 key=(null)
[  105.091462][  T425] type=1327 audit(1791395753.388:159): proctitle=2F73797374656D2F62696E2F69707461626C65732D726573746F7265002D2D6E6F666C757368002D77002D76
[  105.128462][  T425] type=1320 audit(1791395753.388:159): 
[  105.133888][  T425] type=1325 audit(1791395753.612:160): table=filter family=10 entries=25 op=xt_replace subj=u:r:netd:s0 comm="ip6tables-resto"
[  105.160186][  T425] type=1300 audit(1791395753.612:160): arch=c00000b7 syscall=208 success=yes exit=0 a0=4 a1=29 a2=40 a3=b400007775e07640 items=0 ppid=605 auid=4294967295 uid=0 gid=0 euid=0 suid=0 fsuid=0 egid=0 sgid=0 fsgid=0 tty=(none) ses=4294967295 comm="ip6tables-resto" exe="/system/bin/iptables" subj=u:r:netd:s0 key=(null)
[  105.210233][  T425] type=1327 audit(1791395753.612:160): proctitle=2F73797374656D2F62696E2F6970367461626C65732D726573746F7265002D2D6E6F666C757368002D77002D76
[  105.226529][  T425] type=1320 audit(1791395753.612:160): 
[  105.261875][  T425] type=1325 audit(1791395753.872:161): table=mangle family=2 entries=21 op=xt_replace subj=u:r:netd:s0 comm="iptables-restor"
[  105.298663][  T425] type=1300 audit(1791395753.872:161): arch=c00000b7 syscall=208 success=yes exit=0 a0=4 a1=0 a2=40 a3=b40000778da08be0 items=0 ppid=605 auid=4294967295 uid=0 gid=0 euid=0 suid=0 fsuid=0 egid=0 sgid=0 fsgid=0 tty=(none) ses=4294967295 comm="iptables-restor" exe="/system/bin/iptables" subj=u:r:netd:s0 key=(null)
[  105.316538][  T425] type=1327 audit(1791395753.872:161): proctitle=2F73797374656D2F62696E2F69707461626C65732D726573746F7265002D2D6E6F666C757368002D77002D76
[  105.327278][  T425] type=1320 audit(1791395753.872:161): 
[  105.330200][  T425] type=1325 audit(1791395753.956:162): table=mangle family=10 entries=21 op=xt_replace subj=u:r:netd:s0 comm="ip6tables-resto"
[  105.334336][  T425] type=1300 audit(1791395753.956:162): arch=c00000b7 syscall=208 success=yes exit=0 a0=4 a1=29 a2=40 a3=b400007805e0c7b0 items=0 ppid=605 auid=4294967295 uid=0 gid=0 euid=0 suid=0 fsuid=0 egid=0 sgid=0 fsgid=0 tty=(none) ses=4294967295 comm="ip6tables-resto" exe="/system/bin/iptables" subj=u:r:netd:s0 key=(null)
[  105.347715][  T425] type=1327 audit(1791395753.956:162): proctitle=2F73797374656D2F62696E2F6970367461626C65732D726573746F7265002D2D6E6F666C757368002D77002D76
[  105.348860][  T425] type=1320 audit(1791395753.956:162): 
[  105.364760][  T425] type=1325 audit(1791395753.976:163): table=filter family=2 entries=37 op=xt_replace subj=u:r:netd:s0 comm="iptables-restor"
[  105.367906][  T425] type=1300 audit(1791395753.976:163): arch=c00000b7 syscall=208 success=yes exit=0 a0=4 a1=0 a2=40 a3=b40000778da07010 items=0 ppid=605 auid=4294967295 uid=0 gid=0 euid=0 suid=0 fsuid=0 egid=0 sgid=0 fsgid=0 tty=(none) ses=4294967295 comm="iptables-restor" exe="/system/bin/iptables" subj=u:r:netd:s0 key=(null)
[  105.369493][  T425] type=1327 audit(1791395753.976:163): proctitle=2F73797374656D2F62696E2F69707461626C65732D726573746F7265002D2D6E6F666C757368002D77002D76
[  105.370496][  T425] type=1320 audit(1791395753.976:163): 
[  105.370702][  T425] type=1325 audit(1791395753.984:164): table=filter family=10 entries=37 op=xt_replace subj=u:r:netd:s0 comm="ip6tables-resto"
[  105.371461][  T425] type=1300 audit(1791395753.984:164): arch=c00000b7 syscall=208 success=yes exit=0 a0=4 a1=29 a2=40 a3=b400007775e01010 items=0 ppid=605 auid=4294967295 uid=0 gid=0 euid=0 suid=0 fsuid=0 egid=0 sgid=0 fsgid=0 tty=(none) ses=4294967295 comm="ip6tables-resto" exe="/system/bin/iptables" subj=u:r:netd:s0 key=(null)
[  105.372408][  T425] type=1327 audit(1791395753.984:164): proctitle=2F73797374656D2F62696E2F6970367461626C65732D726573746F7265002D2D6E6F666C757368002D77002D76
[  105.372985][  T425] type=1320 audit(1791395753.984:164): 
[  105.373427][  T425] type=1325 audit(1791395754.052:165): table=filter family=2 entries=37 op=xt_replace subj=u:r:netd:s0 comm="iptables-restor"
[  105.374151][  T425] type=1300 audit(1791395754.052:165): arch=c00000b7 syscall=208 success=yes exit=0 a0=4 a1=0 a2=40 a3=b40000778da07010 items=0 ppid=605 auid=4294967295 uid=0 gid=0 euid=0 suid=0 fsuid=0 egid=0 sgid=0 fsgid=0 tty=(none) ses=4294967295 comm="iptables-restor" exe="/system/bin/iptables" subj=u:r:netd:s0 key=(null)
[  105.375375][  T425] type=1327 audit(1791395754.052:165): proctitle=2F73797374656D2F62696E2F69707461626C65732D726573746F7265002D2D6E6F666C757368002D77002D76
[  105.375894][  T425] type=1320 audit(1791395754.052:165): 
[  105.376170][  T425] type=1325 audit(1791395754.068:166): table=nat family=2 entries=11 op=xt_replace subj=u:r:netd:s0 comm="iptables-restor"
[  105.376901][  T425] type=1300 audit(1791395754.068:166): arch=c00000b7 syscall=208 success=yes exit=0 a0=4 a1=0 a2=40 a3=b4000078ada09070 items=0 ppid=605 auid=4294967295 uid=0 gid=0 euid=0 suid=0 fsuid=0 egid=0 sgid=0 fsgid=0 tty=(none) ses=4294967295 comm="iptables-restor" exe="/system/bin/iptables" subj=u:r:netd:s0 key=(null)
[  105.421794][  T425] type=1327 audit(1791395754.068:166): proctitle=2F73797374656D2F62696E2F69707461626C65732D726573746F7265002D2D6E6F666C757368002D77002D76
[  105.434696][  T425] type=1320 audit(1791395754.068:166): 
[  105.449609][  T425] type=1325 audit(1791395754.080:167): table=filter family=10 entries=38 op=xt_replace subj=u:r:netd:s0 comm="ip6tables-resto"
[  105.451284][  T425] type=1300 audit(1791395754.080:167): arch=c00000b7 syscall=208 success=yes exit=0 a0=4 a1=29 a2=40 a3=b400007775e01010 items=0 ppid=605 auid=4294967295 uid=0 gid=0 euid=0 suid=0 fsuid=0 egid=0 sgid=0 fsgid=0 tty=(none) ses=4294967295 comm="ip6tables-resto" exe="/system/bin/iptables" subj=u:r:netd:s0 key=(null)
[  105.454065][  T425] type=1327 audit(1791395754.080:167): proctitle=2F73797374656D2F62696E2F6970367461626C65732D726573746F7265002D2D6E6F666C757368002D77002D76
[  105.454768][  T425] type=1320 audit(1791395754.080:167): 
[  105.455095][  T425] type=1325 audit(1791395754.092:168): table=raw family=10 entries=12 op=xt_replace subj=u:r:netd:s0 comm="ip6tables-resto"
[  105.455621][  T425] type=1300 audit(1791395754.092:168): arch=c00000b7 syscall=208 success=yes exit=0 a0=4 a1=29 a2=40 a3=b400007815e10870 items=0 ppid=605 auid=4294967295 uid=0 gid=0 euid=0 suid=0 fsuid=0 egid=0 sgid=0 fsgid=0 tty=(none) ses=4294967295 comm="ip6tables-resto" exe="/system/bin/iptables" subj=u:r:netd:s0 key=(null)
[  105.456663][  T425] type=1327 audit(1791395754.092:168): proctitle=2F73797374656D2F62696E2F6970367461626C65732D726573746F7265002D2D6E6F666C757368002D77002D76
[  105.457292][  T425] type=1320 audit(1791395754.092:168): 
[  105.457566][  T425] type=1325 audit(1791395754.224:169): table=mangle family=2 entries=30 op=xt_replace subj=u:r:netd:s0 comm="iptables-restor"
[  105.458057][  T425] type=1300 audit(1791395754.224:169): arch=c00000b7 syscall=208 success=yes exit=0 a0=4 a1=0 a2=40 a3=b40000778da07010 items=0 ppid=605 auid=4294967295 uid=0 gid=0 euid=0 suid=0 fsuid=0 egid=0 sgid=0 fsgid=0 tty=(none) ses=4294967295 comm="iptables-restor" exe="/system/bin/iptables" subj=u:r:netd:s0 key=(null)
[  105.459078][  T425] type=1327 audit(1791395754.224:169): proctitle=2F73797374656D2F62696E2F69707461626C65732D726573746F7265002D2D6E6F666C757368002D77002D76
[  105.459547][  T425] type=1320 audit(1791395754.224:169): 
[  105.459843][  T425] type=1325 audit(1791395754.328:170): table=filter family=2 entries=38 op=xt_replace subj=u:r:netd:s0 comm="iptables-restor"
[  105.460374][  T425] type=1300 audit(1791395754.328:170): arch=c00000b7 syscall=208 success=yes exit=0 a0=4 a1=0 a2=40 a3=b40000778da07010 items=0 ppid=605 auid=4294967295 uid=0 gid=0 euid=0 suid=0 fsuid=0 egid=0 sgid=0 fsgid=0 tty=(none) ses=4294967295 comm="iptables-restor" exe="/system/bin/iptables" subj=u:r:netd:s0 key=(null)
[  105.461605][  T425] type=1327 audit(1791395754.328:170): proctitle=2F73797374656D2F62696E2F69707461626C65732D726573746F7265002D2D6E6F666C757368002D77002D76
[  105.462290][  T425] type=1320 audit(1791395754.328:170): 
[  105.462513][  T425] type=1325 audit(1791395754.356:171): table=filter family=10 entries=38 op=xt_replace subj=u:r:netd:s0 comm="ip6tables-resto"
[  105.463085][  T425] type=1300 audit(1791395754.356:171): arch=c00000b7 syscall=208 success=yes exit=0 a0=4 a1=29 a2=40 a3=b400007735e0f010 items=0 ppid=605 auid=4294967295 uid=0 gid=0 euid=0 suid=0 fsuid=0 egid=0 sgid=0 fsgid=0 tty=(none) ses=4294967295 comm="ip6tables-resto" exe="/system/bin/iptables" subj=u:r:netd:s0 key=(null)
[  105.464344][  T425] type=1327 audit(1791395754.356:171): proctitle=2F73797374656D2F62696E2F6970367461626C65732D726573746F7265002D2D6E6F666C757368002D77002D76
[  105.464842][  T425] type=1320 audit(1791395754.356:171): 
[  105.465125][  T425] type=1325 audit(1791395754.372:172): table=filter family=2 entries=40 op=xt_replace subj=u:r:netd:s0 comm="iptables-restor"
[  105.465617][  T425] type=1300 audit(1791395754.372:172): arch=c00000b7 syscall=208 success=yes exit=0 a0=4 a1=0 a2=40 a3=b40000777da13430 items=0 ppid=605 auid=4294967295 uid=0 gid=0 euid=0 suid=0 fsuid=0 egid=0 sgid=0 fsgid=0 tty=(none) ses=4294967295 comm="iptables-restor" exe="/system/bin/iptables" subj=u:r:netd:s0 key=(null)
[  105.466757][  T425] type=1327 audit(1791395754.372:172): proctitle=2F73797374656D2F62696E2F69707461626C65732D726573746F7265002D2D6E6F666C757368002D77002D76
[  105.467352][  T425] type=1320 audit(1791395754.372:172): 
[  105.467522][  T425] type=1325 audit(1791395754.380:173): table=raw family=2 entries=12 op=xt_replace subj=u:r:netd:s0 comm="iptables-restor"
[  105.468042][  T425] type=1300 audit(1791395754.380:173): arch=c00000b7 syscall=208 success=yes exit=0 a0=4 a1=0 a2=40 a3=b4000078ada09070 items=0 ppid=605 auid=4294967295 uid=0 gid=0 euid=0 suid=0 fsuid=0 egid=0 sgid=0 fsgid=0 tty=(none) ses=4294967295 comm="iptables-restor" exe="/system/bin/iptables" subj=u:r:netd:s0 key=(null)
[  105.469236][  T425] type=1327 audit(1791395754.380:173): proctitle=2F73797374656D2F62696E2F69707461626C65732D726573746F7265002D2D6E6F666C757368002D77002D76
[  105.469819][  T425] type=1320 audit(1791395754.380:173): 
[  105.470289][  T425] type=1325 audit(1791395754.380:174): table=mangle family=2 entries=31 op=xt_replace subj=u:r:netd:s0 comm="iptables-restor"
[  105.470830][  T425] type=1300 audit(1791395754.380:174): arch=c00000b7 syscall=208 success=yes exit=0 a0=4 a1=0 a2=40 a3=b40000778da07010 items=0 ppid=605 auid=4294967295 uid=0 gid=0 euid=0 suid=0 fsuid=0 egid=0 sgid=0 fsgid=0 tty=(none) ses=4294967295 comm="iptables-restor" exe="/system/bin/iptables" subj=u:r:netd:s0 key=(null)
[  105.471747][  T425] type=1327 audit(1791395754.380:174): proctitle=2F73797374656D2F62696E2F69707461626C65732D726573746F7265002D2D6E6F666C757368002D77002D76
[  105.472371][  T425] type=1320 audit(1791395754.380:174): 
[  105.472536][  T425] type=1325 audit(1791395754.380:175): table=filter family=10 entries=40 op=xt_replace subj=u:r:netd:s0 comm="ip6tables-resto"
[  105.473190][  T425] type=1300 audit(1791395754.380:175): arch=c00000b7 syscall=208 success=yes exit=0 a0=4 a1=29 a2=40 a3=b400007735e0f010 items=0 ppid=605 auid=4294967295 uid=0 gid=0 euid=0 suid=0 fsuid=0 egid=0 sgid=0 fsgid=0 tty=(none) ses=4294967295 comm="ip6tables-resto" exe="/system/bin/iptables" subj=u:r:netd:s0 key=(null)
[  105.474216][  T425] type=1327 audit(1791395754.380:175): proctitle=2F73797374656D2F62696E2F6970367461626C65732D726573746F7265002D2D6E6F666C757368002D77002D76
[  105.474787][  T425] type=1320 audit(1791395754.380:175): 
[  105.475073][  T425] type=1325 audit(1791395754.380:176): table=raw family=10 entries=12 op=xt_replace subj=u:r:netd:s0 comm="ip6tables-resto"
[  105.475574][  T425] type=1300 audit(1791395754.380:176): arch=c00000b7 syscall=208 success=yes exit=0 a0=4 a1=29 a2=40 a3=b400007815e10870 items=0 ppid=605 auid=4294967295 uid=0 gid=0 euid=0 suid=0 fsuid=0 egid=0 sgid=0 fsgid=0 tty=(none) ses=4294967295 comm="ip6tables-resto" exe="/system/bin/iptables" subj=u:r:netd:s0 key=(null)
[  105.476644][  T425] type=1327 audit(1791395754.380:176): proctitle=2F73797374656D2F62696E2F6970367461626C65732D726573746F7265002D2D6E6F666C757368002D77002D76
[  105.477320][  T425] type=1320 audit(1791395754.380:176): 
[  105.477536][  T425] type=1325 audit(1791395754.388:177): table=mangle family=10 entries=30 op=xt_replace subj=u:r:netd:s0 comm="ip6tables-resto"
[  105.478126][  T425] type=1300 audit(1791395754.388:177): arch=c00000b7 syscall=208 success=yes exit=0 a0=4 a1=29 a2=40 a3=b400007805e0abe0 items=0 ppid=605 auid=4294967295 uid=0 gid=0 euid=0 suid=0 fsuid=0 egid=0 sgid=0 fsgid=0 tty=(none) ses=4294967295 comm="ip6tables-resto" exe="/system/bin/iptables" subj=u:r:netd:s0 key=(null)
[  105.479401][  T425] type=1327 audit(1791395754.388:177): proctitle=2F73797374656D2F62696E2F6970367461626C65732D726573746F7265002D2D6E6F666C757368002D77002D76
[  105.480124][  T425] type=1320 audit(1791395754.388:177): 
[  105.480289][  T425] type=1325 audit(1791395754.556:178): table=filter family=2 entries=50 op=xt_replace subj=u:r:netd:s0 comm="iptables-restor"
[  105.480780][  T425] type=1300 audit(1791395754.556:178): arch=c00000b7 syscall=208 success=yes exit=0 a0=4 a1=0 a2=40 a3=b40000783da11b30 items=0 ppid=605 auid=4294967295 uid=0 gid=0 euid=0 suid=0 fsuid=0 egid=0 sgid=0 fsgid=0 tty=(none) ses=4294967295 comm="iptables-restor" exe="/system/bin/iptables" subj=u:r:netd:s0 key=(null)
[  105.482031][  T425] type=1327 audit(1791395754.556:178): proctitle=2F73797374656D2F62696E2F69707461626C65732D726573746F7265002D2D6E6F666C757368002D77002D76
[  105.482535][  T425] type=1320 audit(1791395754.556:178): 
[  105.482709][  T425] type=1325 audit(1791395754.600:179): table=filter family=10 entries=50 op=xt_replace subj=u:r:netd:s0 comm="ip6tables-resto"
[  105.483400][  T425] type=1300 audit(1791395754.600:179): arch=c00000b7 syscall=208 success=yes exit=0 a0=4 a1=29 a2=40 a3=b400007645e0f7a0 items=0 ppid=605 auid=4294967295 uid=0 gid=0 euid=0 suid=0 fsuid=0 egid=0 sgid=0 fsgid=0 tty=(none) ses=4294967295 comm="ip6tables-resto" exe="/system/bin/iptables" subj=u:r:netd:s0 key=(null)
[  105.484402][  T425] type=1327 audit(1791395754.600:179): proctitle=2F73797374656D2F62696E2F6970367461626C65732D726573746F7265002D2D6E6F666C757368002D77002D76
[  105.484935][  T425] type=1320 audit(1791395754.600:179): 
[  105.485458][  T425] type=1325 audit(1791395755.096:180): table=filter family=2 entries=58 op=xt_replace subj=u:r:netd:s0 comm="iptables-restor"
[  105.486060][  T425] type=1300 audit(1791395755.096:180): arch=c00000b7 syscall=208 success=yes exit=0 a0=4 a1=0 a2=40 a3=b40000776da16030 items=0 ppid=605 auid=4294967295 uid=0 gid=0 euid=0 suid=0 fsuid=0 egid=0 sgid=0 fsgid=0 tty=(none) ses=4294967295 comm="iptables-restor" exe="/system/bin/iptables" subj=u:r:netd:s0 key=(null)
[  105.495594][  T425] type=1327 audit(1791395755.096:180): proctitle=2F73797374656D2F62696E2F69707461626C65732D726573746F7265002D2D6E6F666C757368002D77002D76
[  105.497121][  T425] type=1320 audit(1791395755.096:180): 
[  105.497304][  T425] type=1325 audit(1791395755.280:181): table=filter family=10 entries=58 op=xt_replace subj=u:r:netd:s0 comm="ip6tables-resto"
[  105.497723][  T425] type=1300 audit(1791395755.280:181): arch=c00000b7 syscall=208 success=yes exit=0 a0=4 a1=29 a2=40 a3=b400007765e07010 items=0 ppid=605 auid=4294967295 uid=0 gid=0 euid=0 suid=0 fsuid=0 egid=0 sgid=0 fsgid=0 tty=(none) ses=4294967295 comm="ip6tables-resto" exe="/system/bin/iptables" subj=u:r:netd:s0 key=(null)
[  105.498744][  T425] type=1327 audit(1791395755.280:181): proctitle=2F73797374656D2F62696E2F6970367461626C65732D726573746F7265002D2D6E6F666C757368002D77002D76
[  105.499337][  T425] type=1320 audit(1791395755.280:181): 
[  105.499562][  T425] type=1325 audit(1791395755.332:182): table=mangle family=2 entries=31 op=xt_replace subj=u:r:netd:s0 comm="iptables-restor"
[  105.500155][  T425] type=1300 audit(1791395755.332:182): arch=c00000b7 syscall=208 success=yes exit=0 a0=4 a1=0 a2=40 a3=b40000778da07010 items=0 ppid=605 auid=4294967295 uid=0 gid=0 euid=0 suid=0 fsuid=0 egid=0 sgid=0 fsgid=0 tty=(none) ses=4294967295 comm="iptables-restor" exe="/system/bin/iptables" subj=u:r:netd:s0 key=(null)
[  105.501293][  T425] type=1327 audit(1791395755.332:182): proctitle=2F73797374656D2F62696E2F69707461626C65732D726573746F7265002D2D6E6F666C757368002D77002D76
[  105.501766][  T425] type=1320 audit(1791395755.332:182): 
[  105.501937][  T425] type=1325 audit(1791395755.336:183): table=mangle family=10 entries=30 op=xt_replace subj=u:r:netd:s0 comm="ip6tables-resto"
[  105.502555][  T425] type=1300 audit(1791395755.336:183): arch=c00000b7 syscall=208 success=yes exit=0 a0=4 a1=29 a2=40 a3=b400007805e0abe0 items=0 ppid=605 auid=4294967295 uid=0 gid=0 euid=0 suid=0 fsuid=0 egid=0 sgid=0 fsgid=0 tty=(none) ses=4294967295 comm="ip6tables-resto" exe="/system/bin/iptables" subj=u:r:netd:s0 key=(null)
[  105.503598][  T425] type=1327 audit(1791395755.336:183): proctitle=2F73797374656D2F62696E2F6970367461626C65732D726573746F7265002D2D6E6F666C757368002D77002D76
[  105.504208][  T425] type=1320 audit(1791395755.336:183): 
[  105.504375][  T425] type=1325 audit(1791395755.436:184): table=filter family=2 entries=70 op=xt_replace subj=u:r:netd:s0 comm="iptables-restor"
[  105.511654][  T425] type=1300 audit(1791395755.436:184): arch=c00000b7 syscall=208 success=yes exit=0 a0=4 a1=0 a2=40 a3=b40000776da0d010 items=0 ppid=605 auid=4294967295 uid=0 gid=0 euid=0 suid=0 fsuid=0 egid=0 sgid=0 fsgid=0 tty=(none) ses=4294967295 comm="iptables-restor" exe="/system/bin/iptables" subj=u:r:netd:s0 key=(null)
[  105.512752][  T425] type=1327 audit(1791395755.436:184): proctitle=2F73797374656D2F62696E2F69707461626C65732D726573746F7265002D2D6E6F666C757368002D77002D76
[  105.513362][  T425] type=1320 audit(1791395755.436:184): 
[  105.513535][  T425] type=1325 audit(1791395755.452:185): table=raw family=2 entries=12 op=xt_replace subj=u:r:netd:s0 comm="iptables-restor"
[  105.513935][  T425] type=1300 audit(1791395755.452:185): arch=c00000b7 syscall=208 success=yes exit=0 a0=4 a1=0 a2=40 a3=b4000078ada09070 items=0 ppid=605 auid=4294967295 uid=0 gid=0 euid=0 suid=0 fsuid=0 egid=0 sgid=0 fsgid=0 tty=(none) ses=4294967295 comm="iptables-restor" exe="/system/bin/iptables" subj=u:r:netd:s0 key=(null)
[  105.515003][  T425] type=1327 audit(1791395755.452:185): proctitle=2F73797374656D2F62696E2F69707461626C65732D726573746F7265002D2D6E6F666C757368002D77002D76
[  105.515471][  T425] type=1320 audit(1791395755.452:185): 
[  105.515795][  T425] type=1325 audit(1791395755.452:186): table=mangle family=2 entries=33 op=xt_replace subj=u:r:netd:s0 comm="iptables-restor"
[  105.516238][  T425] type=1300 audit(1791395755.452:186): arch=c00000b7 syscall=208 success=yes exit=0 a0=4 a1=0 a2=40 a3=b40000778da07010 items=0 ppid=605 auid=4294967295 uid=0 gid=0 euid=0 suid=0 fsuid=0 egid=0 sgid=0 fsgid=0 tty=(none) ses=4294967295 comm="iptables-restor" exe="/system/bin/iptables" subj=u:r:netd:s0 key=(null)
[  105.517234][  T425] type=1327 audit(1791395755.452:186): proctitle=2F73797374656D2F62696E2F69707461626C65732D726573746F7265002D2D6E6F666C757368002D77002D76
[  105.517818][  T425] type=1320 audit(1791395755.452:186): 
[  105.518049][  T425] type=1325 audit(1791395755.452:187): table=filter family=10 entries=70 op=xt_replace subj=u:r:netd:s0 comm="ip6tables-resto"
[  105.518631][  T425] type=1300 audit(1791395755.452:187): arch=c00000b7 syscall=208 success=yes exit=0 a0=4 a1=29 a2=40 a3=b400007765e12430 items=0 ppid=605 auid=4294967295 uid=0 gid=0 euid=0 suid=0 fsuid=0 egid=0 sgid=0 fsgid=0 tty=(none) ses=4294967295 comm="ip6tables-resto" exe="/system/bin/iptables" subj=u:r:netd:s0 key=(null)
[  105.525174][  T425] type=1327 audit(1791395755.452:187): proctitle=2F73797374656D2F62696E2F6970367461626C65732D726573746F7265002D2D6E6F666C757368002D77002D76
[  105.525802][  T425] type=1320 audit(1791395755.452:187): 
[  105.526005][  T425] type=1325 audit(1791395755.464:188): table=raw family=10 entries=12 op=xt_replace subj=u:r:netd:s0 comm="ip6tables-resto"
[  105.526791][  T425] type=1300 audit(1791395755.464:188): arch=c00000b7 syscall=208 success=yes exit=0 a0=4 a1=29 a2=40 a3=b400007815e10870 items=0 ppid=605 auid=4294967295 uid=0 gid=0 euid=0 suid=0 fsuid=0 egid=0 sgid=0 fsgid=0 tty=(none) ses=4294967295 comm="ip6tables-resto" exe="/system/bin/iptables" subj=u:r:netd:s0 key=(null)
[  105.528025][  T425] type=1327 audit(1791395755.464:188): proctitle=2F73797374656D2F62696E2F6970367461626C65732D726573746F7265002D2D6E6F666C757368002D77002D76
[  105.528762][  T425] type=1320 audit(1791395755.464:188): 
[  105.529103][  T425] type=1325 audit(1791395755.472:189): table=mangle family=10 entries=32 op=xt_replace subj=u:r:netd:s0 comm="ip6tables-resto"
[  105.530259][  T425] type=1300 audit(1791395755.472:189): arch=c00000b7 syscall=208 success=yes exit=0 a0=4 a1=29 a2=40 a3=b400007805e0abe0 items=0 ppid=605 auid=4294967295 uid=0 gid=0 euid=0 suid=0 fsuid=0 egid=0 sgid=0 fsgid=0 tty=(none) ses=4294967295 comm="ip6tables-resto" exe="/system/bin/iptables" subj=u:r:netd:s0 key=(null)
[  105.533316][  T425] type=1327 audit(1791395755.472:189): proctitle=2F73797374656D2F62696E2F6970367461626C65732D726573746F7265002D2D6E6F666C757368002D77002D76
[  105.533806][  T425] type=1320 audit(1791395755.472:189): 
[  105.534017][  T425] type=1325 audit(1791395755.640:190): table=filter family=2 entries=70 op=xt_replace subj=u:r:netd:s0 comm="iptables-restor"
[  105.534568][  T425] type=1300 audit(1791395755.640:190): arch=c00000b7 syscall=208 success=yes exit=0 a0=4 a1=0 a2=40 a3=b40000788da1a430 items=0 ppid=605 auid=4294967295 uid=0 gid=0 euid=0 suid=0 fsuid=0 egid=0 sgid=0 fsgid=0 tty=(none) ses=4294967295 comm="iptables-restor" exe="/system/bin/iptables" subj=u:r:netd:s0 key=(null)
[  105.535715][  T425] type=1327 audit(1791395755.640:190): proctitle=2F73797374656D2F62696E2F69707461626C65732D726573746F7265002D2D6E6F666C757368002D77002D76
[  105.536400][  T425] type=1320 audit(1791395755.640:190): 
[  105.536699][  T425] type=1325 audit(1791395755.836:191): table=raw family=2 entries=12 op=xt_replace subj=u:r:netd:s0 comm="iptables-restor"
[  105.537540][  T425] type=1300 audit(1791395755.836:191): arch=c00000b7 syscall=208 success=yes exit=0 a0=4 a1=0 a2=40 a3=b4000078eda02010 items=0 ppid=605 auid=4294967295 uid=0 gid=0 euid=0 suid=0 fsuid=0 egid=0 sgid=0 fsgid=0 tty=(none) ses=4294967295 comm="iptables-restor" exe="/system/bin/iptables" subj=u:r:netd:s0 key=(null)
[  105.549354][  T425] type=1327 audit(1791395755.836:191): proctitle=2F73797374656D2F62696E2F69707461626C65732D726573746F7265002D2D6E6F666C757368002D77002D76
[  105.561057][  T425] type=1320 audit(1791395755.836:191): 
[  105.564044][  T425] type=1325 audit(1791395755.896:192): table=mangle family=2 entries=33 op=xt_replace subj=u:r:netd:s0 comm="iptables-restor"
[  105.577759][  T425] type=1300 audit(1791395755.896:192): arch=c00000b7 syscall=208 success=yes exit=0 a0=4 a1=0 a2=40 a3=b40000778da07010 items=0 ppid=605 auid=4294967295 uid=0 gid=0 euid=0 suid=0 fsuid=0 egid=0 sgid=0 fsgid=0 tty=(none) ses=4294967295 comm="iptables-restor" exe="/system/bin/iptables" subj=u:r:netd:s0 key=(null)
[  105.586720][  T425] type=1327 audit(1791395755.896:192): proctitle=2F73797374656D2F62696E2F69707461626C65732D726573746F7265002D2D6E6F666C757368002D77002D76
[  105.587266][  T425] type=1320 audit(1791395755.896:192): 
[  105.587476][  T425] type=1325 audit(1791395755.948:193): table=filter family=10 entries=70 op=xt_replace subj=u:r:netd:s0 comm="ip6tables-resto"
[  105.587928][  T425] type=1300 audit(1791395755.948:193): arch=c00000b7 syscall=208 success=yes exit=0 a0=4 a1=29 a2=40 a3=b4000076b5e02010 items=0 ppid=605 auid=4294967295 uid=0 gid=0 euid=0 suid=0 fsuid=0 egid=0 sgid=0 fsgid=0 tty=(none) ses=4294967295 comm="ip6tables-resto" exe="/system/bin/iptables" subj=u:r:netd:s0 key=(null)
[  105.588898][  T425] type=1327 audit(1791395755.948:193): proctitle=2F73797374656D2F62696E2F6970367461626C65732D726573746F7265002D2D6E6F666C757368002D77002D76
[  105.589511][  T425] type=1320 audit(1791395755.948:193): 
[  105.589700][  T425] type=1325 audit(1791395755.968:194): table=raw family=10 entries=12 op=xt_replace subj=u:r:netd:s0 comm="ip6tables-resto"
[  105.590156][  T425] type=1300 audit(1791395755.968:194): arch=c00000b7 syscall=208 success=yes exit=0 a0=4 a1=29 a2=40 a3=b400007795e0b010 items=0 ppid=605 auid=4294967295 uid=0 gid=0 euid=0 suid=0 fsuid=0 egid=0 sgid=0 fsgid=0 tty=(none) ses=4294967295 comm="ip6tables-resto" exe="/system/bin/iptables" subj=u:r:netd:s0 key=(null)
[  105.591282][  T425] type=1327 audit(1791395755.968:194): proctitle=2F73797374656D2F62696E2F6970367461626C65732D726573746F7265002D2D6E6F666C757368002D77002D76
[  105.592077][  T425] type=1320 audit(1791395755.968:194): 
[  105.592238][  T425] type=1325 audit(1791395755.976:195): table=mangle family=10 entries=32 op=xt_replace subj=u:r:netd:s0 comm="ip6tables-resto"
[  105.592702][  T425] type=1300 audit(1791395755.976:195): arch=c00000b7 syscall=208 success=yes exit=0 a0=4 a1=29 a2=40 a3=b400007735e0f010 items=0 ppid=605 auid=4294967295 uid=0 gid=0 euid=0 suid=0 fsuid=0 egid=0 sgid=0 fsgid=0 tty=(none) ses=4294967295 comm="ip6tables-resto" exe="/system/bin/iptables" subj=u:r:netd:s0 key=(null)
[  105.596214][  T425] type=1327 audit(1791395755.976:195): proctitle=2F73797374656D2F62696E2F6970367461626C65732D726573746F7265002D2D6E6F666C757368002D77002D76
[  105.596663][  T425] type=1320 audit(1791395755.976:195): 
[  105.783475][    T1] init: starting service 'vendor.authsecret_default'...
[  106.167702][    T1] libprocessgroup: Created cgroup /sys/fs/cgroup/system/uid_1064
[  106.468696][    T1] libprocessgroup: Created cgroup /sys/fs/cgroup/system/uid_1064/pid_622
[  107.091791][    T1] init: ... started service 'vendor.authsecret_default' has pid 622
[  107.704116][    T1] init: starting service 'vendor.cas-default'...
[  108.510514][    T1] libprocessgroup: Created cgroup /sys/fs/cgroup/system/uid_1013
[  109.069400][    T1] libprocessgroup: Created cgroup /sys/fs/cgroup/system/uid_1013/pid_628
[  109.914084][  T411] servicemanager: Caller(pid=617,uid=1080,sid=u:r:hal_motioncontext_default:s0) Found android.hardware.motioncontext.IMotionContext/default in device VINTF manifest.
[  110.246050][    T1] init: ... started service 'vendor.cas-default' has pid 628
[  110.481294][    T1] init: starting service 'vendor.contexthub-default'...
[  111.056895][    T1] libprocessgroup: Created cgroup /sys/fs/cgroup/system/uid_1080/pid_633
[  112.028012][    T1] init: ... started service 'vendor.contexthub-default' has pid 633
[  112.113398][  T411] servicemanager: Caller(pid=605,uid=0,sid=u:r:netd:s0) Found android.system.net.netd.INetd/default in framework VINTF manifest.
[  112.422528][    T1] init: starting service 'vendor.drm-clearkey-service'...
[  112.882887][  T411] servicemanager: Caller(pid=622,uid=1064,sid=u:r:hal_authsecret_default:<REDACTED> Found android.hardware.authsecret.IAuthSecret/default in device VINTF manifest.
[  113.053971][    T1] libprocessgroup: Created cgroup /sys/fs/cgroup/system/uid_1013/pid_637
[  113.054935][  T411] servicemanager: Caller(pid=616,uid=1000,sid=u:r:hal_sensors_default:s0) Found android.hardware.sensors.ISensors/default in device VINTF manifest.
[  113.400091][    T1] init: ... started service 'vendor.drm-clearkey-service' has pid 637
[  113.744838][    T1] init: starting service 'vendor.gnss-default'...
[  114.188283][    T1] libprocessgroup: Created cgroup /sys/fs/cgroup/system/uid_9999/pid_639
[  114.198031][  T411] servicemanager: Caller(pid=628,uid=1013,sid=u:r:hal_cas_default:s0) Found android.hardware.cas.IMediaCasService/default in device VINTF manifest.
[  114.905279][    T1] init: ... started service 'vendor.gnss-default' has pid 639
[  115.577317][    T1] init: starting service 'vendor.hwcomposer-3'...
[  116.082144][    T1] libprocessgroup: Created cgroup /sys/fs/cgroup/system/uid_1000/pid_640
[  116.956920][    T1] init: ... started service 'vendor.hwcomposer-3' has pid 640
[  117.267032][    T1] init: starting service 'vendor.inputprocessor-default'...
[  117.884658][    T1] libprocessgroup: Created cgroup /sys/fs/cgroup/system/uid_9999/pid_641
[  118.578269][    T1] init: ... started service 'vendor.inputprocessor-default' has pid 641
[  118.696832][  T411] servicemanager: Caller(pid=633,uid=1080,sid=u:r:hal_contexthub_default:s0) Found android.hardware.contexthub.IContextHub/default in device VINTF manifest.
[  119.004595][    T1] init: starting service 'vendor.ir-default'...
[  119.582741][    T1] libprocessgroup: Created cgroup /sys/fs/cgroup/system/uid_1000/pid_642
[  120.634802][    T1] init: ... started service 'vendor.ir-default' has pid 642
[  120.930475][    T1] init: starting service 'vendor.memtrack-default'...
[  121.688421][    T1] libprocessgroup: Created cgroup /sys/fs/cgroup/system/uid_9999/pid_643
[  122.466903][    T1] init: ... started service 'vendor.memtrack-default' has pid 643
[  122.649241][    T1] init: starting service 'nlinterceptor'...
[  123.479448][    T1] libprocessgroup: Created cgroup /sys/fs/cgroup/system/uid_0/pid_644
[  124.234845][    T1] init: ... started service 'nlinterceptor' has pid 644
[  124.632055][    T1] init: starting service 'neuralnetworks_hal_service_aidl_sample_all'...
[  124.980503][  T411] servicemanager: Caller(pid=637,uid=1013,sid=u:r:hal_drm_clearkey_aidl:s0) Found android.hardware.drm.IDrmFactory/clearkey in device VINTF manifest.
[  125.049998][    T1] libprocessgroup: Created cgroup /sys/fs/cgroup/system/uid_1000/pid_645
[  125.463361][  T411] servicemanager: Caller(pid=641,uid=9999,sid=u:r:hal_input_processor_default:s0) Found android.hardware.input.processor.IInputProcessor/default in device VINTF manifest.
[  125.789205][    T1] init: ... started service 'neuralnetworks_hal_service_aidl_sample_all' has pid 645
[  125.827912][    T1] init: starting service 'neuralnetworks_hal_service_aidl_sample_limited'...
[  126.027025][    T1] libprocessgroup: Created cgroup /sys/fs/cgroup/system/uid_1000/pid_646
[  126.683743][    T1] init: ... started service 'neuralnetworks_hal_service_aidl_sample_limited' has pid 646
[  126.728461][    T1] init: starting service 'neuralnetworks_hal_service_shim_sample'...
[  126.905935][    T1] libprocessgroup: Created cgroup /sys/fs/cgroup/system/uid_1000/pid_647
[  127.436693][  T411] servicemanager: Caller(pid=643,uid=9999,sid=u:r:hal_memtrack_default:s0) Found android.hardware.memtrack.IMemtrack/default in device VINTF manifest.
[  127.548101][    T1] init: ... started service 'neuralnetworks_hal_service_shim_sample' has pid 647
[  128.255633][    T1] init: starting service 'vendor.power-default'...
[  128.656017][    T1] libprocessgroup: Created cgroup /sys/fs/cgroup/system/uid_9999/pid_648
[  129.602075][    T1] init: ... started service 'vendor.power-default' has pid 648
[  129.713526][    T1] init: starting service 'vendor.power.stats-default'...
[  130.233860][    T1] libprocessgroup: Created cgroup /sys/fs/cgroup/system/uid_1000/pid_649
[  132.011828][    T1] init: ... started service 'vendor.power.stats-default' has pid 649
[  132.700115][    T1] init: starting service 'vendor.rebootescrow-default'...
[  132.840747][  T411] servicemanager: Caller(pid=642,uid=1000,sid=u:r:hal_ir_default:s0) Found android.hardware.ir.IConsumerIr/default in device VINTF manifest.
[  134.064205][    T1] libprocessgroup: Created cgroup /sys/fs/cgroup/system/uid_1000/pid_650
[  135.407325][    T1] init: ... started service 'vendor.rebootescrow-default' has pid 650
[  135.892789][    T1] init: starting service 'vendor.secure_element'...
[  137.512066][    T1] libprocessgroup: Created cgroup /sys/fs/cgroup/system/uid_9999/pid_651
[  139.095063][    T1] init: ... started service 'vendor.secure_element' has pid 651
[  140.183815][    T1] init: starting service 'vendor.authgraph'...
[  141.445472][  T411] servicemanager: Caller(pid=639,uid=9999,sid=u:r:hal_gnss_default:s0) Found android.hardware.gnss.IGnss/default in device VINTF manifest.
[  141.914807][    T1] libprocessgroup: Created cgroup /sys/fs/cgroup/system/uid_9999/pid_653
[  145.203348][    T1] init: ... started service 'vendor.authgraph' has pid 653
[  145.481746][  T411] servicemanager: Caller(pid=644,uid=0,sid=u:r:hal_nlinterceptor_default:s0) Found android.hardware.net.nlinterceptor.IInterceptor/default in device VINTF manifest.
[  146.172382][  T411] libbinder.Binder: Binder transaction to android.os.IServiceManager, function: addService, code: 5, took 1816ms. Data bytes: 224 Reply bytes: 4 Flags: 16
[  146.287387][    T1] init: starting service 'vendor.secretkeeper'...
[  148.116536][  T411] servicemanager: Caller(pid=650,uid=1000,sid=u:r:hal_rebootescrow_default:s0) Found android.hardware.rebootescrow.IRebootEscrow/default in device VINTF manifest.
[  148.273619][  T411] libbinder.Binder: Binder transaction to android.os.IServiceManager, function: addService, code: 5, took 1194ms. Data bytes: 216 Reply bytes: 4 Flags: 16
[  148.939691][    T1] libprocessgroup: Created cgroup /sys/fs/cgroup/system/uid_9999/pid_654
[  151.183645][  T411] servicemanager: Caller(pid=649,uid=1000,sid=u:r:hal_power_stats_default:s0) Found android.hardware.power.stats.IPowerStats/default in device VINTF manifest.
[  151.391811][    T1] init: ... started service 'vendor.secretkeeper' has pid 654
[  152.099832][    T1] init: starting service 'vendor.tetheroffload-example'...
[  153.319821][    T1] libprocessgroup: Created cgroup /sys/fs/cgroup/system/uid_9999/pid_656
[  153.329958][  T411] servicemanager: Caller(pid=640,uid=1000,sid=u:r:hal_graphics_composer_default:s0) Found android.hardware.graphics.composer3.IComposer/default in device VINTF manifest.
[  153.742059][  T411] servicemanager: Caller(pid=648,uid=9999,sid=u:r:hal_power_default:s0) Found android.hardware.power.IPower/default in device VINTF manifest.
[  154.617624][    T1] init: ... started service 'vendor.tetheroffload-example' has pid 656
[  154.684531][  T411] servicemanager: Caller(pid=651,uid=9999,sid=u:r:hal_secure_element_default:s0) Found android.hardware.secure_element.ISecureElement/eSE1 in device VINTF manifest.
[  155.212634][    T1] init: starting service 'vendor.thermal-example'...
[  155.927230][    T1] libprocessgroup: Created cgroup /sys/fs/cgroup/system/uid_9999/pid_657
[  157.860169][    T1] init: ... started service 'vendor.thermal-example' has pid 657
[  158.687980][    T1] init: starting service 'vendor.threadnetwork_hal'...
[  159.423155][    T1] libprocessgroup: Created cgroup /sys/fs/cgroup/system/uid_1084
[  160.822781][  T411] servicemanager: Caller(pid=646,uid=1000,sid=u:r:hal_neuralnetworks_sample:s0) Found android.hardware.neuralnetworks.IDevice/nnapi-sample_quant in device VINTF manifest.
[  160.894541][    T1] libprocessgroup: Created cgroup /sys/fs/cgroup/system/uid_1084/pid_658
[  161.030947][  T411] libbinder.Binder: Binder transaction to android.os.IServiceManager, function: addService, code: 5, took 1004ms. Data bytes: 232 Reply bytes: 4 Flags: 16
[  161.551125][  T411] servicemanager: Caller(pid=645,uid=1000,sid=u:r:hal_neuralnetworks_sample:s0) Found android.hardware.neuralnetworks.IDevice/nnapi-sample_all in device VINTF manifest.
[  161.587433][    T1] init: ... started service 'vendor.threadnetwork_hal' has pid 658
[  161.939798][    T1] init: starting service 'vendor.usb_default'...
[  162.495346][  T411] servicemanager: Caller(pid=647,uid=1000,sid=u:r:hal_neuralnetworks_sample:s0) Found android.hardware.neuralnetworks.IDevice/nnapi-sample_sl_shim in device VINTF manifest.
[  162.708936][    T1] libprocessgroup: Created cgroup /sys/fs/cgroup/system/uid_1000/pid_659
[  163.906910][    T1] init: ... started service 'vendor.usb_default' has pid 659
[  164.271810][    T1] init: starting service 'vendor.uwb_hal'...
[  165.144299][    T1] libprocessgroup: Created cgroup /sys/fs/cgroup/system/uid_1083
[  165.705205][    T1] libprocessgroup: Created cgroup /sys/fs/cgroup/system/uid_1083/pid_662
[  165.817466][  T411] servicemanager: Caller(pid=653,uid=9999,sid=u:r:hal_authgraph_default:s0) Found android.hardware.security.authgraph.IAuthGraphKeyExchange/nonsecure in device VINTF manifest.
[  166.425327][  T411] servicemanager: Caller(pid=656,uid=9999,sid=u:r:hal_tetheroffload_default:s0) Found android.hardware.tetheroffload.IOffload/default in device VINTF manifest.
[  166.721123][    T1] init: ... started service 'vendor.uwb_hal' has pid 662
[  167.368298][    T1] init: starting service 'vendor.vibrator-default'...
[  168.583708][    T1] libprocessgroup: Created cgroup /sys/fs/cgroup/system/uid_9999/pid_664
[  169.843339][    T1] init: ... started service 'vendor.vibrator-default' has pid 664
[  169.862180][  T411] servicemanager: Caller(pid=654,uid=9999,sid=u:r:hal_secretkeeper_default:<REDACTED> Found android.hardware.security.secretkeeper.ISecretkeeper/nonsecure in device VINTF manifest.
[  170.101257][    T1] init: starting service 'vendor.wifi_hal_legacy'...
[  170.270541][  T411] servicemanager: Caller(pid=657,uid=9999,sid=u:r:hal_thermal_default:s0) Found android.hardware.thermal.IThermal/default in device VINTF manifest.
[  170.987737][    T1] libprocessgroup: Created cgroup /sys/fs/cgroup/system/uid_1010
[  171.054272][    T1] libprocessgroup: Created cgroup /sys/fs/cgroup/system/uid_1010/pid_665
[  171.588278][  T411] servicemanager: Caller(pid=658,uid=1084,sid=u:r:hal_threadnetwork_default:s0) Found android.hardware.threadnetwork.IThreadChip/chip0 in device VINTF manifest.
[  171.822426][    T1] init: ... started service 'vendor.wifi_hal_legacy' has pid 665
[  171.977142][    T1] init: starting service 'bt_hci'...
[  172.376079][    T1] libprocessgroup: Created cgroup /sys/fs/cgroup/system/uid_1002
[  172.633140][    T1] libprocessgroup: Created cgroup /sys/fs/cgroup/system/uid_1002/pid_666
[  173.381140][    T1] init: ... started service 'bt_hci' has pid 666
[  173.417935][    T1] init: starting service 'bt_finder'...
[  173.566393][  T411] servicemanager: Caller(pid=620,uid=1041,sid=u:r:hal_audio_default:s0) Found android.hardware.audio.core.IConfig/default in device VINTF manifest.
[  173.622849][    T1] libprocessgroup: Created cgroup /sys/fs/cgroup/system/uid_1002/pid_667
[  174.845666][  T411] servicemanager: Caller(pid=620,uid=1041,sid=u:r:hal_audio_default:s0) Found android.hardware.audio.core.IModule/default in device VINTF manifest.
[  174.846661][    T1] init: ... started service 'bt_finder' has pid 667
[  174.911785][    T1] init: starting service 'bt_ranging'...
[  175.689307][    T1] libprocessgroup: Created cgroup /sys/fs/cgroup/system/uid_1002/pid_668
[  176.227952][  T411] servicemanager: Caller(pid=620,uid=1041,sid=u:r:hal_audio_default:s0) Found android.hardware.audio.core.IModule/r_submix in device VINTF manifest.
[  176.528360][    T1] init: ... started service 'bt_ranging' has pid 668
[  177.254388][    T1] init: starting service 'bt_lmp_event'...
[  178.204960][    T1] libprocessgroup: Created cgroup /sys/fs/cgroup/system/uid_1002/pid_674
[  178.742685][    T1] init: ... started service 'bt_lmp_event' has pid 674
[  178.811958][    T1] init: starting service 'bt_socket'...
[  178.975418][  T411] servicemanager: Caller(pid=662,uid=1083,sid=u:r:hal_uwb_default:s0) Found android.hardware.uwb.IUwb/default in device VINTF manifest.
[  179.047799][  T411] servicemanager: Caller(pid=620,uid=1041,sid=u:r:hal_audio_default:s0) Found android.hardware.bluetooth.audio.IBluetoothAudioProviderFactory/default in device VINTF manifest.
[  179.459518][    T1] libprocessgroup: Created cgroup /sys/fs/cgroup/system/uid_1002/pid_675
[  179.591763][  T411] servicemanager: Caller(pid=659,uid=1000,sid=u:r:hal_usb_default:s0) Found android.hardware.usb.IUsb/default in device VINTF manifest.
[  180.203981][  T411] servicemanager: Caller(pid=620,uid=1041,sid=u:r:hal_audio_default:s0) Found android.hardware.audio.core.IModule/bluetooth in device VINTF manifest.
[  180.412804][    T1] init: ... started service 'bt_socket' has pid 675
[  180.964794][    T1] init: starting service 'bt_socket_lpp'...
[  181.908071][    T1] libprocessgroup: Created cgroup /sys/fs/cgroup/system/uid_1002/pid_678
[  182.514077][    T1] init: ... started service 'bt_socket_lpp' has pid 678
[  182.595405][    T1] init: starting service 'bt_gatt_lpp'...
[  182.953389][    T1] libprocessgroup: Created cgroup /sys/fs/cgroup/system/uid_1002/pid_679
[  182.964495][  T411] servicemanager: Caller(pid=666,uid=1002,sid=u:r:hal_bluetooth_default:s0) Found android.hardware.bluetooth.IBluetoothHci/default in device VINTF manifest.
[  183.320376][    T1] init: ... started service 'bt_gatt_lpp' has pid 679
[  183.504429][    T1] init: starting service 'vendor.graphics.allocator'...
[  183.778129][  T411] servicemanager: Caller(pid=621,uid=1041,sid=u:r:hal_audio_default:s0) Found android.hardware.audio.effect.IFactory/default in device VINTF manifest.
[  184.604582][    T1] libprocessgroup: Created cgroup /sys/fs/cgroup/system/uid_1000/pid_680
[  184.620728][  T411] servicemanager: Caller(pid=664,uid=9999,sid=u:r:hal_vibrator_default:s0) Found android.hardware.vibrator.IVibrator/default in device VINTF manifest.
[  185.382434][  T411] servicemanager: Caller(pid=664,uid=9999,sid=u:r:hal_vibrator_default:s0) Found android.hardware.vibrator.IVibratorManager/default in device VINTF manifest.
[  185.608753][    T1] init: ... started service 'vendor.graphics.allocator' has pid 680
[  186.196491][    T1] init: starting service 'vendor.health-cuttlefish'...
[  187.216911][    T1] libprocessgroup: Created cgroup /sys/fs/cgroup/system/uid_1000/pid_681
[  187.781532][  T411] servicemanager: Caller(pid=665,uid=1010,sid=u:r:hal_wifi_default:s0) Found android.hardware.wifi.IWifi/default in device VINTF manifest.
[  188.024511][    T1] init: ... started service 'vendor.health-cuttlefish' has pid 681
[  188.135667][    T1] init: starting service 'vendor.identity-remote'...
[  188.606566][    T1] libprocessgroup: Created cgroup /sys/fs/cgroup/system/uid_9999/pid_683
[  188.624573][  T411] servicemanager: Caller(pid=667,uid=1002,sid=u:r:hal_bluetooth_btlinux:s0) Found android.hardware.bluetooth.finder.IBluetoothFinder/default in device VINTF manifest.
[  188.668842][  T411] servicemanager: Caller(pid=675,uid=1002,sid=u:r:hal_bluetooth_btlinux:s0) Found android.hardware.bluetooth.socket.IBluetoothSocket/default in device VINTF manifest.
[  188.830200][  T411] servicemanager: Caller(pid=668,uid=1002,sid=u:r:hal_bluetooth_btlinux:s0) Found android.hardware.bluetooth.ranging.IBluetoothChannelSounding/default in device VINTF manifest.
[  188.842778][  T411] servicemanager: Caller(pid=667,uid=1002,sid=u:r:hal_bluetooth_btlinux:s0) Found android.hardware.bluetooth.finder.IBluetoothFinder/default in device VINTF manifest.
[  188.999103][  T411] servicemanager: Caller(pid=668,uid=1002,sid=u:r:hal_bluetooth_btlinux:s0) Found android.hardware.bluetooth.ranging.IBluetoothChannelSounding/default in device VINTF manifest.
[  189.152671][    T1] init: ... started service 'vendor.identity-remote' has pid 683
[  189.530038][    T1] init: starting service 'vendor.light-cuttlefish'...
[  189.873786][  T411] servicemanager: Caller(pid=679,uid=1002,sid=u:r:hal_bluetooth_lpp_default:s0) Found android.hardware.bluetooth.gatt.IBluetoothGatt/default in device VINTF manifest.
[  189.987808][    T1] libprocessgroup: Created cgroup /sys/fs/cgroup/system/uid_9999/pid_684
[  190.207316][  T411] servicemanager: Caller(pid=678,uid=1002,sid=u:r:hal_bluetooth_lpp_default:s0) Found android.hardware.bluetooth.socket.IBluetoothSocket/lpp in device VINTF manifest.
[  190.257134][    T1] init: ... started service 'vendor.light-cuttlefish' has pid 684
[  190.880167][    T1] init: starting service 'nfc_hal_service'...
[  191.370579][    T1] libprocessgroup: Created cgroup /sys/fs/cgroup/system/uid_1027
[  191.587425][  T681] healthd: Failed to lookup glob /sys/devices/platform/*gcdd/system_dev_stat: -3
[  191.622799][  T681] healthd: No battery devices found
[  192.025751][    T1] libprocessgroup: Created cgroup /sys/fs/cgroup/system/uid_1027/pid_685
[  192.166217][  T411] servicemanager: Caller(pid=674,uid=1002,sid=u:r:hal_bluetooth_btlinux:s0) Found android.hardware.bluetooth.lmp_event.IBluetoothLmpEvent/default in device VINTF manifest.
[  192.208975][  T411] servicemanager: Caller(pid=674,uid=1002,sid=u:r:hal_bluetooth_btlinux:s0) Found android.hardware.bluetooth.lmp_event.IBluetoothLmpEvent/default in device VINTF manifest.
[  192.268972][  T411] servicemanager: Caller(pid=681,uid=1000,sid=u:r:hal_health_default:s0) Found android.hardware.health.IHealth/default in device VINTF manifest.
[  192.296512][    T1] init: ... started service 'nfc_hal_service' has pid 685
[  192.484756][  T681] HealthLoop: Successfully attached the BPF filter to the uevent socket
[  192.618049][    T1] init: starting service 'vendor.oemlock_default'...
[  192.678626][  T681] healthd: battery none chg=
[  192.872799][    T1] libprocessgroup: Created cgroup /sys/fs/cgroup/system/uid_1064/pid_686
[  193.131639][    T1] init: ... started service 'vendor.oemlock_default' has pid 686
[  193.397796][    T1] init: starting service 'vendor.camera-provider-2-7-google'...
[  193.842322][    T1] libprocessgroup: Created cgroup /sys/fs/cgroup/system/uid_1047
[  194.115586][    T1] libprocessgroup: Created cgroup /sys/fs/cgroup/system/uid_1047/pid_687
[  194.808699][    T1] init: ... started service 'vendor.camera-provider-2-7-google' has pid 687
[  194.863934][    T1] init: Command 'class_start hal' action=boot (/system/etc/init/hw/init.rc:1219) took 98261ms and succeeded
[  194.946326][    T1] init: Service 'exec 13 (/system/bin/kcmdlinectrl update-props)' (pid 608) exited with status 0 oneshot service took 99.960999 seconds in background
[  194.975113][    T1] init: Sending SIGKILL to service 'exec 13 (/system/bin/kcmdlinectrl update-props)' (pid 608) process group...
[  195.024313][    T1] libprocessgroup: Removed cgroup /sys/fs/cgroup/system/uid_0/pid_608
[  195.163866][    T1] init: Service 'hidl_memory' (pid 613) exited with status 0
[  195.194591][    T1] init: Sending SIGKILL to service 'hidl_memory' (pid 613) process group...
[  195.385155][    T1] libprocessgroup: Removed cgroup /sys/fs/cgroup/system/uid_1000/pid_613
[  195.517639][  T411] servicemanager: Caller(pid=684,uid=9999,sid=u:r:hal_light_cuttlefish:s0) Found android.hardware.light.ILights/default in device VINTF manifest.
[  195.723841][    T1] init: service 'ueventd' requested start, but it is already running (flags: 2084, pid: 116, started 179475ms ago)
[  195.769636][    T1] init: service 'apexd' requested start, but it is already running (flags: 134, pid: 483, started 125075ms ago)
[  196.207190][    T1] init: starting service 'audioserver'...
[  196.421721][  T411] servicemanager: Caller(pid=683,uid=9999,sid=u:r:hal_identity_remote:s0) Found android.hardware.identity.IIdentityCredentialStore/default in device VINTF manifest.
[  196.692017][    T1] libprocessgroup: Created cgroup /sys/fs/cgroup/system/uid_1041/pid_689
[  197.144523][    T1] init: ... started service 'audioserver' has pid 689
[  197.285075][    T1] init: starting service 'credstore'...
[  197.863325][    T1] libprocessgroup: Created cgroup /sys/fs/cgroup/system/uid_1076
[  199.159682][    T1] libprocessgroup: Created cgroup /sys/fs/cgroup/system/uid_1076/pid_691
[  199.555017][  T411] servicemanager: Caller(pid=686,uid=1064,sid=u:r:hal_oemlock_remote:s0) Found android.hardware.oemlock.IOemLock/default in device VINTF manifest.
[  199.974267][  T686] libbinder.BackendUnifiedServiceManager: Thread Pool max thread count is 0. Cannot cache binder as linkToDeath cannot be implemented. serviceName: android.hardware.oemlock.IOemLock/default
[  200.277209][    T1] init: ... started service 'credstore' has pid 691
[  200.411614][    T1] init: starting service 'gpu'...
[  200.428764][  T411] servicemanager: Caller(pid=685,uid=1027,sid=u:r:hal_nfc_default:s0) Found android.hardware.nfc.INfc/default in device VINTF manifest.
[  200.795052][    T1] libprocessgroup: Created cgroup /sys/fs/cgroup/system/uid_1072
[  200.925252][    T1] libprocessgroup: Created cgroup /sys/fs/cgroup/system/uid_1072/pid_697
[  201.261739][    T1] init: ... started service 'gpu' has pid 697
[  201.307031][    T1] init: service 'lmkd' requested start, but it is already running (flags: 36, pid: 410, started 165347ms ago)
[  201.462646][    T1] init: starting service 'misctrl'...
[  201.952197][    T1] libprocessgroup: Created cgroup /sys/fs/cgroup/system/uid_0/pid_698
[  201.958715][  T411] servicemanager: Caller(pid=680,uid=1000,sid=u:r:hal_graphics_allocator_default:s0) Found android.hardware.graphics.allocator.IAllocator/default in device VINTF manifest.
[  202.140939][    T1] init: ... started service 'misctrl' has pid 698
[  202.147792][    T1] init: service 'servicemanager' requested start, but it is already running (flags: 2084, pid: 411, started 165920ms ago)
[  202.212273][    T1] init: starting service 'surfaceflinger'...
[  202.455344][    T1] libprocessgroup: Created cgroup /sys/fs/cgroup/system/uid_1000/pid_700
[  202.490622][    T1] init: ... started service 'surfaceflinger' has pid 700
[  202.501340][    T1] init: service 'vold' requested start, but it is already running (flags: 2052, pid: 426, started 158935ms ago)
[  202.540823][    T1] init: Command 'class_start core' action=boot (/system/etc/init/hw/init.rc:1221) took 6831ms and succeeded
[  202.853147][    T1] init: starting service 'hidl_memory'...
[  203.234779][    T1] libprocessgroup: Created cgroup /sys/fs/cgroup/system/uid_1000/pid_701
[  203.755807][    T1] init: ... started service 'hidl_memory' has pid 701
[  203.809327][    T1] init: processing action (ro.debuggable=1 && boot) from (/system/etc/init/hw/init.rc:1223)
[  203.928846][    T1] init: Command 'write /dev/sys/fs/by-name/userdata/iostat_period_ms 1000' action=ro.debuggable=1 && boot (/system/etc/init/hw/init.rc:1224) took 96ms and succeeded
[  203.954879][    T1] init: processing action (persist.sys.usb.config=* && boot) from (/system/etc/init/hw/init.usb.rc:104)
[  203.974130][    T1] init: processing action (boot) from (/system/etc/init/dumpstate.rc:1)
[  203.990420][    T1] init: processing action (boot) from (/system/etc/init/gsid.rc:25)
[  204.022900][    T1] init: starting service 'exec 14 (/system/bin/gsid run-startup-tasks)'...
[  204.199335][    T1] libprocessgroup: Created cgroup /sys/fs/cgroup/system/uid_0/pid_703
[  204.355927][    T1] init: ... started service 'exec 14 (/system/bin/gsid run-startup-tasks)' has pid 703
[  204.386463][    T1] init: Command 'exec_background - root root -- /system/bin/gsid run-startup-tasks' action=boot (/system/etc/init/gsid.rc:26) took 379ms and succeeded
[  204.469405][    T1] init: Service 'misctrl' (pid 698) exited with status 1 oneshot service took 2.639000 seconds in background
[  204.477651][    T1] init: Sending SIGKILL to service 'misctrl' (pid 698) process group...
[  204.495374][    T1] libprocessgroup: Removed cgroup /sys/fs/cgroup/system/uid_0/pid_698
[  204.521884][    T1] init: Service 'hidl_memory' (pid 701) exited with status 0
[  204.534433][    T1] init: Sending SIGKILL to service 'hidl_memory' (pid 701) process group...
[  204.583955][    T1] libprocessgroup: Removed cgroup /sys/fs/cgroup/system/uid_1000/pid_701
[  204.591931][    T1] init: processing action (boot) from (/vendor/etc/init/init.cutf_cvm.rc:83)
[  205.046003][    T1] init: Command 'mkdir /data/vendor/wifi/wpa 0770 wifi wifi' action=boot (/vendor/etc/init/init.cutf_cvm.rc:86) took 245ms and succeeded
[  205.273697][    T1] init: Command 'mkdir /data/vendor/wifi/wpa/sockets 0770 wifi wifi' action=boot (/vendor/etc/init/init.cutf_cvm.rc:87) took 144ms and succeeded
[  205.339390][    T1] init: starting service 'socket_vsock_proxy'...
[  206.147923][    T1] libprocessgroup: Created cgroup /sys/fs/cgroup/system/uid_0/pid_704
[  206.888919][    T1] init: ... started service 'socket_vsock_proxy' has pid 704
[  206.928298][    T1] init: Command 'start socket_vsock_proxy' action=boot (/vendor/etc/init/init.cutf_cvm.rc:88) took 1610ms and succeeded
[  207.144098][    T1] init: Command 'setprop ro.hardware.audio.primary goldfish' action=boot (/vendor/etc/init/init.cutf_cvm.rc:89) took 181ms and succeeded
[  207.774769][    T1] init: Command 'symlink /dev/hvc6 /dev/gnss0' action=boot (/vendor/etc/init/init.cutf_cvm.rc:90) took 568ms and succeeded
[  208.013856][    T1] init: Command 'symlink /dev/hvc7 /dev/gnss1' action=boot (/vendor/etc/init/init.cutf_cvm.rc:91) took 109ms and succeeded
[  208.035145][    T1] init: processing action (ro.boot.enable_confirmationui=* && boot) from (/apex/com.google.cf.confirmationui/etc/android.hardware.confirmationui-service.cuttlefish.rc:9)
[  208.212905][    T1] init: starting service 'vendor.confirmationui_default'...
[  208.872479][    T1] libprocessgroup: Created cgroup /sys/fs/cgroup/system/uid_1000/pid_710
[  209.304162][    T1] init: ... started service 'vendor.confirmationui_default' has pid 710
[  209.317860][    T1] init: Command 'enable vendor.confirmationui_default' action=ro.boot.enable_confirmationui=* && boot (/apex/com.google.cf.confirmationui/etc/android.hardware.confirmationui-service.cuttlefish.rc:10) took 1270ms and succeeded
[  209.350180][    T1] init: starting service 'hidl_memory'...
[  209.644492][    T1] libprocessgroup: Created cgroup /sys/fs/cgroup/system/uid_1000/pid_711
[  210.888068][    T1] init: ... started service 'hidl_memory' has pid 711
[  210.954267][    T1] init: Service 'exec 14 (/system/bin/gsid run-startup-tasks)' (pid 703) exited with status 0 oneshot service took 6.760000 seconds in background
[  210.990716][    T1] init: Sending SIGKILL to service 'exec 14 (/system/bin/gsid run-startup-tasks)' (pid 703) process group...
[  211.032229][    T1] libprocessgroup: Removed cgroup /sys/fs/cgroup/system/uid_0/pid_703
[  211.388093][    T1] init: service 'vendor.confirmationui_default' requested start, but it is already running (flags: 4, pid: 710, started 2854ms ago)
[  211.461517][    T1] init: Command 'start vendor.confirmationui_default' action=ro.boot.enable_confirmationui=* && boot (/apex/com.google.cf.confirmationui/etc/android.hardware.confirmationui-service.cuttlefish.rc:11) took 252ms and succeeded
[  211.566941][    T1] init: processing action (enable_property_trigger) from (<Builtin Action>:0)
[  211.724433][    T1] init: processing action (bootreceiver.enable=1 && ro.product.cpu.abilist64=*) from (/system/etc/init/hw/init.rc:653)
[  216.670083][    T1] init: Command 'mkdir /sys/kernel/tracing/instances/bootreceiver 0700 system system' action=bootreceiver.enable=1 && ro.product.cpu.abilist64=* (/system/etc/init/hw/init.rc:657) took 4912ms and succeeded
[  216.834853][    T1] init: Service 'hidl_memory' (pid 711) exited with status 0
[  216.850005][    T1] init: Sending SIGKILL to service 'hidl_memory' (pid 711) process group...
[  216.957199][  T411] servicemanager: Caller(pid=710,uid=1000,sid=u:r:hal_confirmationui_cuttlefish:s0) Found android.hardware.confirmationui.IConfirmationUI/default in device VINTF manifest.
[  216.999018][    T1] libprocessgroup: Removed cgroup /sys/fs/cgroup/system/uid_1000/pid_711
[  217.428360][    T1] init: Command 'restorecon_recursive /sys/kernel/tracing/instances/bootreceiver' action=bootreceiver.enable=1 && ro.product.cpu.abilist64=* (/system/etc/init/hw/init.rc:658) took 174ms and succeeded
[  217.714207][    T1] init: starting service 'hidl_memory'...
[  218.048172][    T1] libprocessgroup: Created cgroup /sys/fs/cgroup/system/uid_1000/pid_714
[  218.506119][    T1] init: ... started service 'hidl_memory' has pid 714
[  218.720236][    T1] init: Command 'write /sys/kernel/tracing/instances/bootreceiver/buffer_size_kb 1' action=bootreceiver.enable=1 && ro.product.cpu.abilist64=* (/system/etc/init/hw/init.rc:659) took 132ms and succeeded
[  218.886079][    T1] init: Command 'write /sys/kernel/tracing/instances/bootreceiver/events/error_report/error_report_end/enable 1' action=bootreceiver.enable=1 && ro.product.cpu.abilist64=* (/system/etc/init/hw/init.rc:661) took 87ms and succeeded
[  218.983157][  T425] type=1400 audit(1791395870.196:196): avc:  denied  { write } for  comm="init" name="error_report_end" dev="tracefs" ino=10722 scontext=u:r:init:s0 tcontext=u:object_r:debugfs_bootreceiver_tracing:s0 tclass=dir permissive=0 bug=b/340399580
[  219.033191][    T1] init: processing action (net.tcp_def_init_rwnd=*) from (/system/etc/init/hw/init.rc:1255)
[  219.128320][    T1] init: processing action (ro.debuggable=1) from (/system/etc/init/hw/init.rc:1295)
[  219.213758][    T1] init: processing action (sys.usb.config=adb && sys.usb.configfs=0) from (/system/etc/init/hw/init.usb.rc:36)
[  219.335256][    T1] init: Command 'write /sys/class/android_usb/android0/enable 0' action=sys.usb.config=adb && sys.usb.configfs=0 (/system/etc/init/hw/init.usb.rc:37) took 72ms and succeeded
[  219.444330][  T425] type=1300 audit(1791395870.196:196): arch=c00000b7 syscall=56 success=yes exit=20 a0=ffffff9c a1=b400007da0832ba0 a2=88241 a3=180 items=1 ppid=0 auid=4294967295 uid=0 gid=0 euid=0 suid=0 fsuid=0 egid=0 sgid=0 fsgid=0 tty=(none) ses=4294967295 comm="init" exe="/system/bin/init" subj=u:r:init:s0 key=(null)
[  219.499361][  T425] type=1307 audit(1791395870.196:196): cwd="/"
[  219.547482][    T1] init: starting service 'adbd'...
[  219.559234][  T425] type=1302 audit(1791395870.196:196): item=0 name="/sys/kernel/tracing/instances/bootreceiver/events/error_report/error_report_end/enable" inode=19680823 dev=00:0c mode=0100640 ouid=0 ogid=3012 rdev=00:00 obj=u:object_r:debugfs_bootreceiver_tracing:s0 nametype=NORMAL cap_fp=0 cap_fi=0 cap_fe=0 cap_fver=0 cap_frootid=0
[  219.605833][  T425] type=1327 audit(1791395870.196:196): proctitle=2F73797374656D2F62696E2F696E69740073656C696E75785F7365747570
[  219.617178][  T425] type=1320 audit(1791395870.196:196): 
[  219.734857][    T1] init: Created socket '/dev/socket/adbd', mode 660, user 1000, group 1000
[  220.036310][    T1] libprocessgroup: Created cgroup /sys/fs/cgroup/system/uid_0/pid_716
[  220.132095][    T1] init: ... started service 'adbd' has pid 716
[  220.168929][    T1] init: Command 'start adbd' action=sys.usb.config=adb && sys.usb.configfs=0 (/system/etc/init/hw/init.usb.rc:42) took 733ms and succeeded
[  220.424763][    T1] init: Service 'hidl_memory' (pid 714) exited with status 0
[  220.516916][    T1] init: Sending SIGKILL to service 'hidl_memory' (pid 714) process group...
[  220.760752][    T1] libprocessgroup: Removed cgroup /sys/fs/cgroup/system/uid_1000/pid_714
[  220.980570][    T1] init: processing action (apexd.status=ready && ro.product.cpu.abilist64=*) from (/system/etc/init/hw/init.boringssl.zygote64.rc:3)
[  221.037330][    T1] init: starting service 'boringssl_self_test_apex64'...
[  221.330533][    T1] libprocessgroup: Created cgroup /sys/fs/cgroup/system/uid_9999/pid_717
[  221.850057][    T1] init: ... started service 'boringssl_self_test_apex64' has pid 717
[  221.855563][    T1] init: SVC_EXEC service 'boringssl_self_test_apex64' pid 717 (uid 9999 gid 0+0 context default) started; waiting...
[  221.907291][    T1] init: Command 'exec_start boringssl_self_test_apex64' action=apexd.status=ready && ro.product.cpu.abilist64=* (/system/etc/init/hw/init.boringssl.zygote64.rc:4) took 884ms and succeeded
[  222.963336][    T1] init: starting service 'hidl_memory'...
[  223.427051][    T1] libprocessgroup: Created cgroup /sys/fs/cgroup/system/uid_1000/pid_718
[  223.840493][    T1] init: ... started service 'hidl_memory' has pid 718
[  229.638341][    T1] init: Service 'boringssl_self_test_apex64' (pid 717) exited with status 0 waiting took 8.357000 seconds
[  229.695069][    T1] init: Sending SIGKILL to service 'boringssl_self_test_apex64' (pid 717) process group...
[  230.006400][    T1] libprocessgroup: Removed cgroup /sys/fs/cgroup/system/uid_9999/pid_717
[  230.092122][    T1] init: processing action (security.perf_harden=1) from (/system/etc/init/init-perfetto.rc:19)
[  230.395529][    T1] init: Command 'write /proc/sys/kernel/perf_event_max_sample_rate 100000' action=security.perf_harden=1 (/system/etc/init/init-perfetto.rc:20) took 260ms and succeeded
[  230.548418][    T1] init: Service 'hidl_memory' (pid 718) exited with status 0
[  230.589288][    T1] init: Sending SIGKILL to service 'hidl_memory' (pid 718) process group...
[  230.815455][    T1] libprocessgroup: Removed cgroup /sys/fs/cgroup/system/uid_1000/pid_718
[  231.228099][    T1] init: starting service 'hidl_memory'...
[  231.783760][    T1] libprocessgroup: Created cgroup /sys/fs/cgroup/system/uid_1000/pid_719
[  232.962312][    T1] init: ... started service 'hidl_memory' has pid 719
[  233.397474][    T1] init: Command 'write /proc/sys/kernel/perf_event_mlock_kb 516' action=security.perf_harden=1 (/system/etc/init/init-perfetto.rc:22) took 265ms and succeeded
[  233.430566][    T1] init: processing action (init.svc.audioserver=running) from (/system/etc/init/audioserver.rc:43)
[  233.444454][    T1] init: Command 'start vendor.audio-hal' action=init.svc.audioserver=running (/system/etc/init/audioserver.rc:44) took 2ms and failed: service vendor.audio-hal not found
[  233.451630][    T1] init: service 'vendor.audio-hal-aidl' requested start, but it is already running (flags: 4, pid: 620, started 129822ms ago)
[  233.457391][    T1] init: service 'vendor.audio-effect-hal-aidl' requested start, but it is already running (flags: 4, pid: 621, started 129094ms ago)
[  233.467381][    T1] init: Command 'start vendor.audio-hal-4-0-msd' action=init.svc.audioserver=running (/system/etc/init/audioserver.rc:47) took 0ms and failed: service vendor.audio-hal-4-0-msd not found
[  233.475553][    T1] init: Command 'start audio_proxy_service' action=init.svc.audioserver=running (/system/etc/init/audioserver.rc:48) took 0ms and failed: service audio_proxy_service not found
[  233.484897][    T1] init: processing action (ro.persistent_properties.ready=true) from (/system/etc/init/bootstat.rc:57)
[  233.603625][    T1] init: Command 'setprop sys.bootstat.first_boot_completed 0' action=ro.persistent_properties.ready=true (/system/etc/init/bootstat.rc:58) took 101ms and succeeded
[  233.660957][    T1] init: processing action (ro.persistent_properties.ready=true) from (/system/etc/init/bootstat.rc:61)
[  233.724328][    T1] init: starting service 'exec 15 (/system/bin/bootstat --set_system_boot_reason)'...
[  234.323861][    T1] libprocessgroup: Created cgroup /sys/fs/cgroup/system/uid_1000/pid_722
[  235.017214][    T1] init: ... started service 'exec 15 (/system/bin/bootstat --set_system_boot_reason)' has pid 722
[  235.078897][    T1] init: Command 'exec_background - system log -- /system/bin/bootstat --set_system_boot_reason' action=ro.persistent_properties.ready=true (/system/etc/init/bootstat.rc:64) took 1379ms and succeeded
[  235.323523][    T1] init: processing action (bootreceiver.enable=1 && ro.product.cpu.abilist64=*) from (/system/etc/init/dmesgd.rc:7)
[  236.116620][    T1] init: Command 'mkdir /data/misc/dmesgd 0700 dmesgd system' action=bootreceiver.enable=1 && ro.product.cpu.abilist64=* (/system/etc/init/dmesgd.rc:8) took 491ms and succeeded
[  236.395318][    T1] init: Command 'rm /data/misc/dmesgd/sent_reports.txt' action=bootreceiver.enable=1 && ro.product.cpu.abilist64=* (/system/etc/init/dmesgd.rc:9) took 26ms and failed: unlink() failed: No such file or directory
[  236.615388][    T1] init: processing action (drm.service.enabled=true) from (/system/etc/init/drmserver.rc:8)
[  236.948878][    T1] init: starting service 'drm'...
[  237.452053][    T1] libprocessgroup: Created cgroup /sys/fs/cgroup/system/uid_1019
[  238.040514][    T1] libprocessgroup: Created cgroup /sys/fs/cgroup/system/uid_1019/pid_730
[  239.219938][    T1] init: ... started service 'drm' has pid 730
[  239.235915][    T1] init: Command 'start drm' action=drm.service.enabled=true (/system/etc/init/drmserver.rc:9) took 2591ms and succeeded
[  239.289382][    T1] init: Service 'hidl_memory' (pid 719) exited with status 0
[  239.293376][    T1] init: Sending SIGKILL to service 'hidl_memory' (pid 719) process group...
[  239.348567][    T1] libprocessgroup: Removed cgroup /sys/fs/cgroup/system/uid_1000/pid_719
[  239.814020][    T1] init: processing action (persist.heapprofd.enable= && traced.lazy.heapprofd=) from (/system/etc/init/heapprofd.rc:49)
[  240.138071][    T1] init: Command 'stop heapprofd' action=persist.heapprofd.enable= && traced.lazy.heapprofd= (/system/etc/init/heapprofd.rc:50) took 258ms and succeeded
[  240.242891][    T1] init: starting service 'hidl_memory'...
[  241.235304][    T1] libprocessgroup: Created cgroup /sys/fs/cgroup/system/uid_1000/pid_732
[  241.986521][    T1] init: ... started service 'hidl_memory' has pid 732
[  242.135400][    T1] init: processing action (security.perf_harden=1) from (/system/etc/init/init-perfetto.rc:19)
[  242.280374][    T1] init: processing action (kcmdline.binder=*) from (/system/etc/init/kcmdlinectrl.rc:20)
[  242.318301][    T1] init: start_waiting_for_property("kcmdline.loaded", "1"): already set
[  242.454048][    T1] init: starting service 'exec 16 (/system/bin/kcmdlinectrl store binder unset)'...
[  242.966474][    T1] libprocessgroup: Created cgroup /sys/fs/cgroup/system/uid_0/pid_733
[  243.347556][    T1] init: ... started service 'exec 16 (/system/bin/kcmdlinectrl store binder unset)' has pid 733
[  243.425078][    T1] init: SVC_EXEC service 'exec 16 (/system/bin/kcmdlinectrl store binder unset)' pid 733 (uid 0 gid 0+0 context default) started; waiting...
[  243.473831][    T1] init: Command 'exec -- /system/bin/kcmdlinectrl store binder ${kcmdline.binder:-c}' action=kcmdline.binder=* (/system/etc/init/kcmdlinectrl.rc:22) took 1137ms and succeeded
[  243.556553][    T1] init: Service 'exec 15 (/system/bin/bootstat --set_system_boot_reason)' (pid 722) exited with status 0 oneshot service took 9.358000 seconds in background
[  243.590611][    T1] init: Sending SIGKILL to service 'exec 15 (/system/bin/bootstat --set_system_boot_reason)' (pid 722) process group...
[  243.765409][    T1] libprocessgroup: Removed cgroup /sys/fs/cgroup/system/uid_1000/pid_722
[  248.884262][    T1] init: Service 'hidl_memory' (pid 732) exited with status 0
[  249.247441][    T1] init: Sending SIGKILL to service 'hidl_memory' (pid 732) process group...
[  249.702911][    T1] libprocessgroup: Removed cgroup /sys/fs/cgroup/system/uid_1000/pid_732
[  249.999193][    T1] init: starting service 'hidl_memory'...
[  250.832195][    T1] libprocessgroup: Created cgroup /sys/fs/cgroup/system/uid_1000/pid_743
[  250.862133][  T411] servicemanager: Caller(pid=689,uid=1041,sid=u:r:audioserver:s0) Found android.hardware.audio.core.IModule/default in device VINTF manifest.
[  251.447126][  T411] servicemanager: Caller(pid=689,uid=1041,sid=u:r:audioserver:s0) Found android.hardware.audio.effect.IFactory/default in device VINTF manifest.
[  251.832393][    T1] init: ... started service 'hidl_memory' has pid 743
[  251.959417][    T1] init: Service 'exec 16 (/system/bin/kcmdlinectrl store binder unset)' (pid 733) exited with status 0 waiting took 9.030000 seconds
[  252.032382][    T1] init: Sending SIGKILL to service 'exec 16 (/system/bin/kcmdlinectrl store binder unset)' (pid 733) process group...
[  252.408896][    T1] libprocessgroup: Removed cgroup /sys/fs/cgroup/system/uid_0/pid_733
[  252.832362][    T1] init: processing action (ro.debuggable=1) from (/system/etc/init/llkd-debuggable.rc:1)
[  253.215447][    T1] init: Command 'setprop llk.enable ${ro.llk.enable:-0}' action=ro.debuggable=1 (/system/etc/init/llkd-debuggable.rc:2) took 348ms and succeeded
[  253.373310][    T1] init: Command 'setprop khungtask.enable ${ro.khungtask.enable:-1}' action=ro.debuggable=1 (/system/etc/init/llkd-debuggable.rc:3) took 77ms and succeeded
[  253.409224][    T1] init: processing action (ro.debuggable=*) from (/system/etc/init/llkd.rc:2)
[  253.454020][    T1] init: processing action (debug.atrace.user_initiated= && persist.traced.enable=1) from (/system/etc/init/perfetto.rc:64)
[  253.573500][    T1] init: starting service 'traced_probes'...
[  254.166026][    T1] libprocessgroup: Created cgroup /sys/fs/cgroup/system/uid_9999/pid_749
[  255.302841][    T1] init: ... started service 'traced_probes' has pid 749
[  255.332062][    T1] init: Command 'start traced_probes' action=debug.atrace.user_initiated= && persist.traced.enable=1 (/system/etc/init/perfetto.rc:65) took 1859ms and succeeded
[  255.357822][    T1] init: processing action (persist.traced.enable=1) from (/system/etc/init/perfetto.rc:76)
[  255.428164][    T1] init: Command 'mkdir /data/misc/perfetto-traces 0773 root shell' action=persist.traced.enable=1 (/system/etc/init/perfetto.rc:80) took 66ms and succeeded
[  255.573137][    T1] init: starting service 'traced'...
[  255.658139][    T1] init: Created socket '/dev/socket/traced_consumer', mode 666, user 0, group 0
[  255.676914][    T1] init: Created socket '/dev/socket/traced_producer', mode 666, user 0, group 0
[  256.698552][    T1] libprocessgroup: Created cgroup /sys/fs/cgroup/system/uid_9999/pid_751
[  256.863472][  T421] logd: logdr: UID=1000 GID=1003 PID=738 n tail=500 logMask=8 pid=700 start=0ns deadline=0ns
[  257.093275][  T421] logd: logdr: UID=1000 GID=1003 PID=738 n tail=500 logMask=1 pid=700 start=0ns deadline=0ns
[  258.631526][    T1] init: ... started service 'traced' has pid 751
[  258.750903][    T1] init: Command 'start traced' action=persist.traced.enable=1 (/system/etc/init/perfetto.rc:95) took 3223ms and succeeded
[  258.818294][    T1] init: Service 'hidl_memory' (pid 743) exited with status 0
[  258.834787][    T1] init: Sending SIGKILL to service 'hidl_memory' (pid 743) process group...
[  258.894917][    T1] libprocessgroup: Removed cgroup /sys/fs/cgroup/system/uid_1000/pid_743
[  259.037218][    T1] init: service 'traced_probes' requested start, but it is already running (flags: 132, pid: 749, started 4909ms ago)
[  259.091505][    T1] init: Command 'start traced_probes' action=persist.traced.enable=1 (/system/etc/init/perfetto.rc:96) took 74ms and succeeded
[  259.181364][    T1] init: starting service 'hidl_memory'...
[  259.255556][  T425] type=1701 audit(1791395910.356:197): auid=4294967295 uid=1000 gid=1003 ses=4294967295 subj=u:r:surfaceflinger:s0 comm="surfaceflinger" exe="/system/bin/surfaceflinger" sig=6 res=1
[  259.525814][  T411] servicemanager: Caller(pid=689,uid=1041,sid=u:r:audioserver:s0) Found android.hardware.audio.effect.IFactory/default in device VINTF manifest.
[  259.914358][    T1] libprocessgroup: Created cgroup /sys/fs/cgroup/system/uid_1000/pid_755
[  260.123780][  T411] servicemanager: Caller(pid=689,uid=1041,sid=u:r:audioserver:s0) Found android.hardware.audio.core.IModule/default in device VINTF manifest.
[  260.798541][    T1] init: ... started service 'hidl_memory' has pid 755
[  260.957336][    T1] init: Untracked process (pid: 738 name: (crash_dump64) ppid: 1 pgrp: 736 state: Z) exited with status 0
[  260.997454][    T1] init: Untracked process (pid: 738 name: (crash_dump64) ppid: 1 pgrp: 736 state: Z) did not have an associated service entry and will not be reaped
[  261.169895][    T1] init: Untracked process (pid: 742 name: (surfaceflinger) ppid: 1 pgrp: 742 state: Z) exited with status 0
[  261.218260][    T1] init: Untracked process (pid: 742 name: (surfaceflinger) ppid: 1 pgrp: 742 state: Z) did not have an associated service entry and will not be reaped
[  261.267524][    T1] init: Service 'surfaceflinger' (pid 700) received SIGABRT
[  261.342654][    T1] init: Sending SIGKILL to service 'surfaceflinger' (pid 700) process group...
[  261.691250][    T1] libprocessgroup: Removed cgroup /sys/fs/cgroup/system/uid_1000/pid_700
[  262.024963][    T1] init: Sending SIGKILL to service 'zygote' (pid 607) process group...
[  264.081481][    T1] libprocessgroup: Removed cgroup /sys/fs/cgroup/system/uid_0/pid_607
[  264.336330][    T1] init: Command 'restart --only-if-running zygote' action=onrestart (<Service 'surfaceflinger' onrestart>:1) took 2503ms and succeeded
[  264.436528][    T1] init: Service 'zygote' (pid 607) received SIGKILL
[  264.444654][    T1] init: Sending SIGKILL to service 'zygote' (pid 607) process group...
[  264.459102][    T1] libprocessgroup: Failed to write 1 to /sys/fs/cgroup/system/uid_0/pid_607/cgroup.kill: No such file or directory
[  264.531632][    T1] libprocessgroup: Removing /sys/fs/cgroup/system/uid_9999/pid_648
[  264.551875][    T1] libprocessgroup: Removing /sys/fs/cgroup/system/uid_9999/pid_449
[  264.561985][    T1] libprocessgroup: Removing /sys/fs/cgroup/system/uid_9999/pid_656
[  264.693186][    T1] libprocessgroup: Removing /sys/fs/cgroup/system/uid_9999/pid_684
[  264.705941][    T1] libprocessgroup: Removing /sys/fs/cgroup/system/uid_9999/pid_664
[  264.930770][    T1] libprocessgroup: Removing /sys/fs/cgroup/system/uid_9999/pid_749
[  264.974893][    T1] libprocessgroup: Removing /sys/fs/cgroup/system/uid_9999/pid_654
[  265.069652][    T1] libprocessgroup: Removing /sys/fs/cgroup/system/uid_9999/pid_639
[  265.114225][    T1] libprocessgroup: Removing /sys/fs/cgroup/system/uid_9999/pid_751
[  265.129456][    T1] libprocessgroup: Removing /sys/fs/cgroup/system/uid_9999/pid_657
[  265.224149][    T1] libprocessgroup: Removing /sys/fs/cgroup/system/uid_9999/pid_683
[  265.239969][    T1] libprocessgroup: Removing /sys/fs/cgroup/system/uid_9999/pid_653
[  265.344304][    T1] libprocessgroup: Removing /sys/fs/cgroup/system/uid_9999/pid_643
[  265.485812][    T1] libprocessgroup: Removing /sys/fs/cgroup/system/uid_9999/pid_651
[  265.716308][    T1] libprocessgroup: Removing /sys/fs/cgroup/system/uid_9999/pid_641
[  265.869901][    T1] libprocessgroup: Removing /sys/fs/cgroup/system/uid_1058/pid_478
[  265.943999][    T1] libprocessgroup: Removing /sys/fs/cgroup/system/uid_1076/pid_691
[  266.006983][    T1] libprocessgroup: Removing /sys/fs/cgroup/system/uid_1066/pid_606
[  266.029251][    T1] libprocessgroup: Removing /sys/fs/cgroup/system/uid_1084/pid_658
[  266.138895][    T1] libprocessgroup: Removing /sys/fs/cgroup/system/uid_1036/pid_409
[  266.354455][    T1] libprocessgroup: Removing /sys/fs/cgroup/system/uid_1064/pid_686
[  266.449796][    T1] libprocessgroup: Removing /sys/fs/cgroup/system/uid_1064/pid_622
[  266.652353][    T1] libprocessgroup: Removing /sys/fs/cgroup/system/uid_1092/pid_400
[  266.757890][    T1] libprocessgroup: Removing /sys/fs/cgroup/system/uid_2000
[  267.002132][    T1] libprocessgroup: Removing /sys/fs/cgroup/system/uid_1072/pid_697
[  267.181216][    T1] libprocessgroup: Removing /sys/fs/cgroup/system/uid_1080/pid_617
[  267.240181][    T1] libprocessgroup: Removing /sys/fs/cgroup/system/uid_1080/pid_633
[  267.346208][    T1] libprocessgroup: Removing /sys/fs/cgroup/system/uid_1069/pid_410
[  267.390501][    T1] libprocessgroup: Removing /sys/fs/cgroup/system/uid_1002/pid_666
[  267.434715][    T1] libprocessgroup: Removing /sys/fs/cgroup/system/uid_1002/pid_674
[  267.459659][    T1] libprocessgroup: Removing /sys/fs/cgroup/system/uid_1002/pid_679
[  267.482166][    T1] libprocessgroup: Removing /sys/fs/cgroup/system/uid_1002/pid_667
[  267.502210][    T1] libprocessgroup: Removing /sys/fs/cgroup/system/uid_1002/pid_675
[  267.518037][    T1] libprocessgroup: Removing /sys/fs/cgroup/system/uid_1002/pid_678
[  267.531898][    T1] libprocessgroup: Removing /sys/fs/cgroup/system/uid_1002/pid_668
[  267.580421][    T1] libprocessgroup: Removing /sys/fs/cgroup/system/uid_1010/pid_665
[  267.648181][    T1] libprocessgroup: Removing /sys/fs/cgroup/system/uid_1000/pid_412
[  267.729428][    T1] libprocessgroup: Removing /sys/fs/cgroup/system/uid_1000/pid_646
[  267.792927][    T1] libprocessgroup: Removing /sys/fs/cgroup/system/uid_1000/pid_710
[  267.842329][    T1] libprocessgroup: Removing /sys/fs/cgroup/system/uid_1000/pid_616
[  267.896149][    T1] libprocessgroup: Removing /sys/fs/cgroup/system/uid_1000/pid_680
[  268.055307][    T1] libprocessgroup: Removing /sys/fs/cgroup/system/uid_1000/pid_642
[  268.144959][    T1] libprocessgroup: Removing /sys/fs/cgroup/system/uid_1000/pid_755
[  268.268467][    T1] libprocessgroup: Removing /sys/fs/cgroup/system/uid_1000/pid_650
[  268.475929][    T1] libprocessgroup: Removing /sys/fs/cgroup/system/uid_1000/pid_640
[  268.601869][    T1] libprocessgroup: Removing /sys/fs/cgroup/system/uid_1000/pid_659
[  268.688707][    T1] libprocessgroup: Removing /sys/fs/cgroup/system/uid_1000/pid_649
[  268.760899][    T1] libprocessgroup: Removing /sys/fs/cgroup/system/uid_1000/pid_411
[  268.832493][    T1] libprocessgroup: Removing /sys/fs/cgroup/system/uid_1000/pid_647
[  268.838479][    T1] libprocessgroup: Removing /sys/fs/cgroup/system/uid_1000/pid_448
[  268.849313][    T1] libprocessgroup: Removing /sys/fs/cgroup/system/uid_1000/pid_645
[  268.854953][    T1] libprocessgroup: Removing /sys/fs/cgroup/system/uid_1000/pid_597
[  268.860348][    T1] libprocessgroup: Removing /sys/fs/cgroup/system/uid_1000/pid_681
[  268.867253][    T1] libprocessgroup: Removing /sys/fs/cgroup/system/uid_1000/pid_442
[  268.873700][    T1] libprocessgroup: Removing /sys/fs/cgroup/system/uid_1019/pid_730
[  268.878968][    T1] libprocessgroup: Removing /sys/fs/cgroup/system/uid_1047/pid_687
[  268.889281][    T1] libprocessgroup: Removing /sys/fs/cgroup/system/uid_1027/pid_685
[  268.897374][    T1] libprocessgroup: Removing /sys/fs/cgroup/system/uid_1083/pid_662
[  268.903450][    T1] libprocessgroup: Removing /sys/fs/cgroup/system/uid_1017/pid_443
[  268.913254][    T1] libprocessgroup: Removing /sys/fs/cgroup/system/uid_0/pid_704
[  268.918206][    T1] libprocessgroup: Removing /sys/fs/cgroup/system/uid_0/pid_644
[  268.925942][    T1] libprocessgroup: Removing /sys/fs/cgroup/system/uid_0/pid_483
[  268.931383][    T1] libprocessgroup: Removing /sys/fs/cgroup/system/uid_0/pid_116
[  268.939028][    T1] libprocessgroup: Removing /sys/fs/cgroup/system/uid_0/pid_446
[  268.945699][    T1] libprocessgroup: Removing /sys/fs/cgroup/system/uid_0/pid_605
[  268.951961][    T1] libprocessgroup: Removing /sys/fs/cgroup/system/uid_0/pid_426
[  268.958962][    T1] libprocessgroup: Removing /sys/fs/cgroup/system/uid_0/pid_444
[  268.963469][    T1] libprocessgroup: Removing /sys/fs/cgroup/system/uid_0/pid_716
[  268.973334][    T1] libprocessgroup: Removing /sys/fs/cgroup/system/uid_1081
[  269.066828][    T1] libprocessgroup: Removing /sys/fs/cgroup/system/uid_1023
[  269.323960][    T1] libprocessgroup: Removing /sys/fs/cgroup/system/uid_1013/pid_628
[  269.472178][    T1] libprocessgroup: Removing /sys/fs/cgroup/system/uid_1013/pid_637
[  269.596401][    T1] libprocessgroup: Removing /sys/fs/cgroup/system/uid_1041/pid_689
[  269.664174][    T1] libprocessgroup: Removing /sys/fs/cgroup/system/uid_1041/pid_612
[  269.693852][    T1] libprocessgroup: Removing /sys/fs/cgroup/system/uid_1041/pid_620
[  269.714227][    T1] libprocessgroup: Removing /sys/fs/cgroup/system/uid_1041/pid_621
[  269.980046][    T1] init: starting service 'exec 17 (/system/bin/vdc volume abort_fuse)'...
[  270.500033][    T1] libprocessgroup: Created cgroup /sys/fs/cgroup/system/uid_1000/pid_768
[  271.049635][    T1] init: ... started service 'exec 17 (/system/bin/vdc volume abort_fuse)' has pid 768
[  271.135023][    T1] init: Command 'exec_background - system system -- /system/bin/vdc volume abort_fuse' action=onrestart (<Service 'zygote' onrestart>:1) took 1291ms and succeeded
[  271.267390][    T1] init: Command 'write /sys/power/state on' action=onrestart (<Service 'zygote' onrestart>:2) took 69ms and failed: Unable to write to file '/sys/power/state': Unable to write file contents: Invalid argument
[  271.539218][    T1] init: Command 'write /sys/power/wake_lock zygote_kwl' action=onrestart (<Service 'zygote' onrestart>:3) took 189ms and succeeded
[  271.619020][    T1] init: Sending SIGKILL to service 'audioserver' (pid 689) process group...
[  272.394409][    T1] libprocessgroup: Removed cgroup /sys/fs/cgroup/system/uid_1041/pid_689
[  272.477348][    T1] init: Command 'restart audioserver' action=onrestart (<Service 'zygote' onrestart>:4) took 917ms and succeeded
[  272.532959][    T1] init: starting service 'cameraserver'...
[  272.814915][    T1] libprocessgroup: Created cgroup /sys/fs/cgroup/system/uid_1047/pid_773
[  272.838725][  T768] libbinder.BackendUnifiedServiceManager: Thread Pool max thread count is 0. Cannot cache binder as linkToDeath cannot be implemented. serviceName: vold
[  273.126086][    T1] init: ... started service 'cameraserver' has pid 773
[  273.139213][    T1] init: Command 'restart cameraserver' action=onrestart (<Service 'zygote' onrestart>:5) took 641ms and succeeded
[  273.212855][    T1] init: starting service 'media'...
[  273.754109][    T1] libprocessgroup: Created cgroup /sys/fs/cgroup/system/uid_1013/pid_776
[  274.426303][    T1] init: ... started service 'media' has pid 776
[  274.482001][    T1] init: Command 'restart media' action=onrestart (<Service 'zygote' onrestart>:6) took 1304ms and succeeded
[  274.582717][    T1] init: Command 'restart --only-if-running media.tuner' action=onrestart (<Service 'zygote' onrestart>:7) took 37ms and failed: service media.tuner not found
[  274.613749][    T1] init: Sending SIGKILL to service 'netd' (pid 605) process group...
[  275.790143][    T1] libprocessgroup: Removed cgroup /sys/fs/cgroup/system/uid_0/pid_605
[  275.902921][    T1] init: Command 'restart netd' action=onrestart (<Service 'zygote' onrestart>:8) took 1291ms and succeeded
[  275.916980][    T1] init: Command 'restart wificond' action=onrestart (<Service 'zygote' onrestart>:9) took 6ms and failed: service wificond not found
[  276.233206][    T1] init: Service 'netd' (pid 605) received SIGKILL
[  276.279339][    T1] init: Sending SIGKILL to service 'netd' (pid 605) process group...
[  276.342423][    T1] libprocessgroup: Failed to write 1 to /sys/fs/cgroup/system/uid_0/pid_605/cgroup.kill: No such file or directory
[  276.534820][    T1] init: Command 'restart zygote_secondary' action=onrestart (<Service 'netd' onrestart>:2) took 26ms and failed: service zygote_secondary not found
[  276.682872][    T1] init: Service 'audioserver' (pid 689) received SIGKILL
[  276.689899][    T1] init: Sending SIGKILL to service 'audioserver' (pid 689) process group...
[  276.716311][    T1] libprocessgroup: Failed to write 1 to /sys/fs/cgroup/system/uid_1041/pid_689/cgroup.kill: No such file or directory
[  276.722789][    T1] init: Command 'restart vendor.audio-hal' action=onrestart (<Service 'audioserver' onrestart>:1) took 0ms and failed: service vendor.audio-hal not found
[  276.729597][    T1] init: Sending SIGKILL to service 'vendor.audio-hal-aidl' (pid 620) process group...
[  277.108229][    T1] libprocessgroup: Removed cgroup /sys/fs/cgroup/system/uid_1041/pid_620
[  277.186032][    T1] init: Command 'restart vendor.audio-hal-aidl' action=onrestart (<Service 'audioserver' onrestart>:2) took 443ms and succeeded
[  277.240971][    T1] init: Sending SIGKILL to service 'vendor.audio-effect-hal-aidl' (pid 621) process group...
[  277.802839][    T1] libprocessgroup: Removed cgroup /sys/fs/cgroup/system/uid_1041/pid_621
[  277.902317][    T1] init: Command 'restart vendor.audio-effect-hal-aidl' action=onrestart (<Service 'audioserver' onrestart>:3) took 686ms and succeeded
[  277.920111][    T1] init: Command 'restart vendor.audio-hal-4-0-msd' action=onrestart (<Service 'audioserver' onrestart>:4) took 8ms and failed: service vendor.audio-hal-4-0-msd not found
[  277.938093][    T1] init: Command 'restart audio_proxy_service' action=onrestart (<Service 'audioserver' onrestart>:5) took 0ms and failed: service audio_proxy_service not found
[  278.045544][    T1] init: Service 'vendor.audio-hal-aidl' (pid 620) received SIGKILL
[  278.092715][    T1] init: Sending SIGKILL to service 'vendor.audio-hal-aidl' (pid 620) process group...
[  278.137153][    T1] libprocessgroup: Failed to write 1 to /sys/fs/cgroup/system/uid_1041/pid_620/cgroup.kill: No such file or directory
[  278.296528][    T1] init: Service 'vendor.audio-effect-hal-aidl' (pid 621) received SIGKILL
[  278.345741][    T1] init: Sending SIGKILL to service 'vendor.audio-effect-hal-aidl' (pid 621) process group...
[  278.389823][    T1] libprocessgroup: Failed to write 1 to /sys/fs/cgroup/system/uid_1041/pid_621/cgroup.kill: No such file or directory
[  278.496948][    T1] init: Command 'restart audioserver' action=onrestart (<Service 'vendor.audio-effect-hal-aidl' onrestart>:1) took 59ms and succeeded
[  278.637784][    T1] init: Service 'hidl_memory' (pid 755) exited with status 0
[  278.655633][    T1] init: Sending SIGKILL to service 'hidl_memory' (pid 755) process group...
[  278.680274][    T1] libprocessgroup: Failed to write 1 to /sys/fs/cgroup/system/uid_1000/pid_755/cgroup.kill: No such file or directory
[  278.925679][    T1] init: Untracked process (pid: 754 name: (sh) ppid: 1 pgrp: 746 state: Z) received SIGHUP
[  279.005372][    T1] init: Untracked process (pid: 754 name: (sh) ppid: 1 pgrp: 746 state: Z) did not have an associated service entry and will not be reaped
[  279.106776][    T1] init: Service 'exec 17 (/system/bin/vdc volume abort_fuse)' (pid 768) exited with status 0 oneshot service took 8.749000 seconds in background
[  279.164209][    T1] init: Sending SIGKILL to service 'exec 17 (/system/bin/vdc volume abort_fuse)' (pid 768) process group...
[  279.302924][    T1] libprocessgroup: Removed cgroup /sys/fs/cgroup/system/uid_1000/pid_768
[  279.373656][    T1] init: Untracked process (pid: 609 name: (iptables-restor) ppid: 1 pgrp: 605 state: Z) received SIGKILL
[  279.376977][    T1] init: Untracked process (pid: 609 name: (iptables-restor) ppid: 1 pgrp: 605 state: Z) did not have an associated service entry and will not be reaped
[  279.391140][    T1] init: Untracked process (pid: 610 name: (ip6tables-resto) ppid: 1 pgrp: 605 state: Z) received SIGKILL
[  279.396553][    T1] init: Untracked process (pid: 610 name: (ip6tables-resto) ppid: 1 pgrp: 605 state: Z) did not have an associated service entry and will not be reaped
[  279.480798][    T1] init: processing action (ro.persistent_properties.ready=true) from (/system/etc/init/perfetto.rc:129)
[  279.515620][    T1] init: starting service 'zygote'...
[  279.544072][    T1] init: Created socket '/dev/socket/zygote', mode 660, user 0, group 1000
[  279.551266][    T1] init: Created socket '/dev/socket/usap_pool_primary', mode 660, user 0, group 1000
[  280.003836][    T1] libprocessgroup: Created cgroup /sys/fs/cgroup/system/uid_0/pid_778
[  280.062989][  T411] servicemanager: Caller(pid=687,uid=1047,sid=u:r:hal_camera_default:s0) Found android.hardware.camera.provider.ICameraProvider/internal/0 in device VINTF manifest.
[  280.352790][    T1] init: ... started service 'zygote' has pid 778
[  280.426831][    T1] init: starting service 'audioserver'...
[  280.620174][    T1] libprocessgroup: Created cgroup /sys/fs/cgroup/system/uid_1041/pid_781
[  280.722640][    T1] init: ... started service 'audioserver' has pid 781
[  280.741706][    T1] init: starting service 'netd'...
[  280.766037][    T1] init: Created socket '/dev/socket/dnsproxyd', mode 660, user 0, group 3003
[  280.769829][    T1] init: Created socket '/dev/socket/mdns', mode 660, user 0, group 1000
[  280.778699][    T1] init: Created socket '/dev/socket/fwmarkd', mode 660, user 0, group 3003
[  280.847282][    T1] libprocessgroup: Created cgroup /sys/fs/cgroup/system/uid_0/pid_782
[  280.908248][    T1] init: ... started service 'netd' has pid 782
[  280.918198][    T1] init: starting service 'surfaceflinger'...
[  280.994256][    T1] libprocessgroup: Created cgroup /sys/fs/cgroup/system/uid_1000/pid_783
[  281.055636][    T1] init: ... started service 'surfaceflinger' has pid 783
[  281.064064][    T1] init: starting service 'hidl_memory'...
[  281.153893][    T1] libprocessgroup: Created cgroup /sys/fs/cgroup/system/uid_1000/pid_784
[  281.250877][    T1] init: ... started service 'hidl_memory' has pid 784
[  281.266925][    T1] init: starting service 'vendor.audio-hal-aidl'...
[  281.336015][    T1] libprocessgroup: Created cgroup /sys/fs/cgroup/system/uid_1041/pid_785
[  281.540980][    T1] init: ... started service 'vendor.audio-hal-aidl' has pid 785
[  281.556298][    T1] init: starting service 'vendor.audio-effect-hal-aidl'...
[  281.588297][    T1] libprocessgroup: Created cgroup /sys/fs/cgroup/system/uid_1041/pid_786
[  281.679706][    T1] init: ... started service 'vendor.audio-effect-hal-aidl' has pid 786
[  281.741345][    T1] init: Service 'hidl_memory' (pid 784) exited with status 0
[  281.753540][    T1] init: Sending SIGKILL to service 'hidl_memory' (pid 784) process group...
[  281.762724][    T1] libprocessgroup: Removed cgroup /sys/fs/cgroup/system/uid_1000/pid_784
[  281.793072][    T1] init: processing action (persist.debug.perfetto.persistent_sysui_tracing_for_bugreport=) from (/system/etc/init/perfetto.rc:188)
[  281.851244][    T1] init: processing action (persist.traced_perf.enable= && sys.init.perf_lsm_hooks=1 && traced.lazy.traced_perf=) from (/system/etc/init/traced_perf.rc:44)
[  281.882052][    T1] init: processing action (ro.boot.slot_suffix=*) from (/system/etc/init/update_engine.rc:9)
[  281.904259][    T1] init: processing action (hidl_memory.disabled=true) from (/system_ext/etc/init/android.hidl.allocator@1.0-service.rc:6)
[  281.955679][    T1] init: processing action (hwservicemanager.disabled=true) from (/system_ext/etc/init/hwservicemanager.rc:14)
[  281.964056][    T1] init: Sending SIGKILL to service 'hwservicemanager' (pid 412) process group...
[  282.173770][    T1] libprocessgroup: Removed cgroup /sys/fs/cgroup/system/uid_1000/pid_412
[  282.186535][    T1] init: Command 'stop hwservicemanager' action=hwservicemanager.disabled=true (/system_ext/etc/init/hwservicemanager.rc:15) took 222ms and succeeded
[  282.193987][    T1] init: Service 'hwservicemanager' (pid 412) received SIGKILL
[  282.201225][    T1] init: Sending SIGKILL to service 'hwservicemanager' (pid 412) process group...
[  282.205153][    T1] libprocessgroup: Failed to write 1 to /sys/fs/cgroup/system/uid_1000/pid_412/cgroup.kill: No such file or directory
[  282.220629][    T1] init: processing action (apex.all.ready=true) from (/apex/com.google.cf.input.config/etc/com.google.cf.input.config.rc:1)
[  282.688152][    T1] init: Command 'setprop input_device.config_file.apex com.google.cf.input.config' action=apex.all.ready=true (/apex/com.google.cf.input.config/etc/com.google.cf.input.config.rc:2) took 449ms and succeeded
[  282.721903][    T1] init: processing action (nonencrypted) from (/system/etc/init/hw/init.rc:1227)
[  282.759693][    T1] init: service 'zygote' requested start, but it is already running (flags: 4, pid: 778, started 2932ms ago)
[  282.769964][    T1] init: service 'cameraserver' requested start, but it is already running (flags: 4, pid: 773, started 9983ms ago)
[  282.777477][    T1] init: service 'drm' requested start, but it is already running (flags: 132, pid: 730, started 45430ms ago)
[  282.804145][    T1] init: starting service 'idmap2d'...
[  282.898927][    T1] libprocessgroup: Created cgroup /sys/fs/cgroup/system/uid_1000/pid_788
[  283.270043][  T425] type=1325 audit(1791395934.624:198): table=filter family=2 entries=81 op=xt_replace subj=u:r:netd:s0 comm="iptables-restor"
[  283.274469][    T1] init: ... started service 'idmap2d' has pid 788
[  283.280279][    T1] init: starting service 'incidentd'...
[  283.321720][  T425] type=1300 audit(1791395934.624:198): arch=c00000b7 syscall=208 success=yes exit=0 a0=4 a1=0 a2=40 a3=b40000707c807010 items=0 ppid=782 auid=4294967295 uid=0 gid=0 euid=0 suid=0 fsuid=0 egid=0 sgid=0 fsgid=0 tty=(none) ses=4294967295 comm="iptables-restor" exe="/system/bin/iptables" subj=u:r:netd:s0 key=(null)
[  283.349300][  T425] type=1327 audit(1791395934.624:198): proctitle=2F73797374656D2F62696E2F69707461626C65732D726573746F7265002D2D6E6F666C757368002D77002D76
[  283.362868][    T1] libprocessgroup: Created cgroup /sys/fs/cgroup/system/uid_1067
[  283.365528][  T425] type=1320 audit(1791395934.624:198): 
[  283.382281][    T1] libprocessgroup: Created cgroup /sys/fs/cgroup/system/uid_1067/pid_791
[  283.431585][    T1] init: ... started service 'incidentd' has pid 791
[  283.431778][  T425] type=1325 audit(1791395934.832:199): table=filter family=10 entries=81 op=xt_replace subj=u:r:netd:s0 comm="ip6tables-resto"
[  283.435679][    T1] init: starting service 'installd'...
[  283.462595][  T425] type=1300 audit(1791395934.832:199): arch=c00000b7 syscall=208 success=yes exit=0 a0=4 a1=29 a2=40 a3=b4000077b961f940 items=0 ppid=782 auid=4294967295 uid=0 gid=0 euid=0 suid=0 fsuid=0 egid=0 sgid=0 fsgid=0 tty=(none) ses=4294967295 comm="ip6tables-resto" exe="/system/bin/iptables" subj=u:r:netd:s0 key=(null)
[  283.489141][  T425] type=1327 audit(1791395934.832:199): proctitle=2F73797374656D2F62696E2F6970367461626C65732D726573746F7265002D2D6E6F666C757368002D77002D76
[  283.509535][  T425] type=1320 audit(1791395934.832:199): 
[  283.541197][    T1] libprocessgroup: Created cgroup /sys/fs/cgroup/system/uid_0/pid_792
[  283.547783][  T425] type=1325 audit(1791395934.952:200): table=filter family=2 entries=77 op=xt_replace subj=u:r:netd:s0 comm="iptables-restor"
[  283.561587][  T425] type=1300 audit(1791395934.952:200): arch=c00000b7 syscall=208 success=yes exit=0 a0=4 a1=0 a2=40 a3=b40000707c807010 items=0 ppid=782 auid=4294967295 uid=0 gid=0 euid=0 suid=0 fsuid=0 egid=0 sgid=0 fsgid=0 tty=(none) ses=4294967295 comm="iptables-restor" exe="/system/bin/iptables" subj=u:r:netd:s0 key=(null)
[  283.648617][  T425] type=1327 audit(1791395934.952:200): proctitle=2F73797374656D2F62696E2F69707461626C65732D726573746F7265002D2D6E6F666C757368002D77002D76
[  283.648621][    T1] init: ... started service 'installd' has pid 792
[  283.665517][  T425] type=1320 audit(1791395934.952:200): 
[  283.669208][  T425] type=1325 audit(1791395934.964:201): table=filter family=10 entries=77 op=xt_replace subj=u:r:netd:s0 comm="ip6tables-resto"
[  283.685545][  T425] type=1300 audit(1791395934.964:201): arch=c00000b7 syscall=208 success=yes exit=0 a0=4 a1=29 a2=40 a3=b4000077b961f940 items=0 ppid=782 auid=4294967295 uid=0 gid=0 euid=0 suid=0 fsuid=0 egid=0 sgid=0 fsgid=0 tty=(none) ses=4294967295 comm="ip6tables-resto" exe="/system/bin/iptables" subj=u:r:netd:s0 key=(null)
[  283.686659][    T1] init: starting service 'mediaextractor'...
[  283.717137][  T425] type=1327 audit(1791395934.964:201): proctitle=2F73797374656D2F62696E2F6970367461626C65732D726573746F7265002D2D6E6F666C757368002D77002D76
[  283.767714][  T425] type=1320 audit(1791395934.964:201): 
[  283.789348][  T425] type=1325 audit(1791395934.964:202): table=raw family=2 entries=16 op=xt_replace subj=u:r:netd:s0 comm="iptables-restor"
[  283.806211][  T425] type=1300 audit(1791395934.964:202): arch=c00000b7 syscall=208 success=yes exit=0 a0=4 a1=0 a2=40 a3=b40000717c808a20 items=0 ppid=782 auid=4294967295 uid=0 gid=0 euid=0 suid=0 fsuid=0 egid=0 sgid=0 fsgid=0 tty=(none) ses=4294967295 comm="iptables-restor" exe="/system/bin/iptables" subj=u:r:netd:s0 key=(null)
[  283.841474][  T425] type=1327 audit(1791395934.964:202): proctitle=2F73797374656D2F62696E2F69707461626C65732D726573746F7265002D2D6E6F666C757368002D77002D76
[  283.842008][    T1] libprocessgroup: Created cgroup /sys/fs/cgroup/system/uid_1040
[  283.867290][  T425] type=1320 audit(1791395934.964:202): 
[  283.871101][  T425] type=1325 audit(1791395934.980:203): table=raw family=10 entries=16 op=xt_replace subj=u:r:netd:s0 comm="ip6tables-resto"
[  283.885484][  T425] type=1300 audit(1791395934.980:203): arch=c00000b7 syscall=208 success=yes exit=0 a0=4 a1=29 a2=40 a3=b4000077996130d0 items=0 ppid=782 auid=4294967295 uid=0 gid=0 euid=0 suid=0 fsuid=0 egid=0 sgid=0 fsgid=0 tty=(none) ses=4294967295 comm="ip6tables-resto" exe="/system/bin/iptables" subj=u:r:netd:s0 key=(null)
[  283.934243][    T1] libprocessgroup: Created cgroup /sys/fs/cgroup/system/uid_1040/pid_793
[  284.025322][    T1] init: ... started service 'mediaextractor' has pid 793
[  284.035142][  T425] type=1327 audit(1791395934.980:203): proctitle=2F73797374656D2F62696E2F6970367461626C65732D726573746F7265002D2D6E6F666C757368002D77002D76
[  284.048315][    T1] init: starting service 'mediametrics'...
[  284.062825][  T425] type=1320 audit(1791395934.980:203): 
[  284.064721][  T425] type=1325 audit(1791395934.988:204): table=mangle family=2 entries=37 op=xt_replace subj=u:r:netd:s0 comm="iptables-restor"
[  284.093982][  T425] type=1300 audit(1791395934.988:204): arch=c00000b7 syscall=208 success=yes exit=0 a0=4 a1=0 a2=40 a3=b4000070fc815380 items=0 ppid=782 auid=4294967295 uid=0 gid=0 euid=0 suid=0 fsuid=0 egid=0 sgid=0 fsgid=0 tty=(none) ses=4294967295 comm="iptables-restor" exe="/system/bin/iptables" subj=u:r:netd:s0 key=(null)
[  284.113293][    T1] libprocessgroup: Created cgroup /sys/fs/cgroup/system/uid_1013/pid_794
[  284.137261][  T425] type=1327 audit(1791395934.988:204): proctitle=2F73797374656D2F62696E2F69707461626C65732D726573746F7265002D2D6E6F666C757368002D77002D76
[  284.169788][  T425] type=1320 audit(1791395934.988:204): 
[  284.189091][  T425] type=1325 audit(1791395935.012:205): table=mangle family=10 entries=36 op=xt_replace subj=u:r:netd:s0 comm="ip6tables-resto"
[  284.237327][  T425] type=1300 audit(1791395935.012:205): arch=c00000b7 syscall=208 success=yes exit=0 a0=4 a1=29 a2=40 a3=b4000078d960a010 items=0 ppid=782 auid=4294967295 uid=0 gid=0 euid=0 suid=0 fsuid=0 egid=0 sgid=0 fsgid=0 tty=(none) ses=4294967295 comm="ip6tables-resto" exe="/system/bin/iptables" subj=u:r:netd:s0 key=(null)
[  284.253832][    T1] init: ... started service 'mediametrics' has pid 794
[  284.262958][    T1] init: service 'media' requested start, but it is already running (flags: 4, pid: 776, started 10673ms ago)
[  284.272098][    T1] init: service 'netd' requested start, but it is already running (flags: 132, pid: 782, started 3454ms ago)
[  284.273892][  T425] type=1327 audit(1791395935.012:205): proctitle=2F73797374656D2F62696E2F6970367461626C65732D726573746F7265002D2D6E6F666C757368002D77002D76
[  284.281757][    T1] init: starting service 'storaged'...
[  284.308178][  T425] type=1320 audit(1791395935.012:205): 
[  284.310231][  T425] type=1325 audit(1791395935.028:206): table=mangle family=2 entries=36 op=xt_replace subj=u:r:netd:s0 comm="iptables-restor"
[  284.353998][    T1] libprocessgroup: Created cgroup /sys/fs/cgroup/system/uid_0/pid_795
[  284.763608][  T425] type=1300 audit(1791395935.028:206): arch=c00000b7 syscall=208 success=yes exit=0 a0=4 a1=0 a2=40 a3=b4000070fc815380 items=0 ppid=782 auid=4294967295 uid=0 gid=0 euid=0 suid=0 fsuid=0 egid=0 sgid=0 fsgid=0 tty=(none) ses=4294967295 comm="iptables-restor" exe="/system/bin/iptables" subj=u:r:netd:s0 key=(null)
[  284.960919][  T425] type=1327 audit(1791395935.028:206): proctitle=2F73797374656D2F62696E2F69707461626C65732D726573746F7265002D2D6E6F666C757368002D77002D76
[  285.045843][  T425] type=1320 audit(1791395935.028:206): 
[  285.078866][  T425] type=1325 audit(1791395935.044:207): table=mangle family=10 entries=36 op=xt_replace subj=u:r:netd:s0 comm="ip6tables-resto"
[  285.134614][  T425] type=1300 audit(1791395935.044:207): arch=c00000b7 syscall=208 success=yes exit=0 a0=4 a1=29 a2=40 a3=b400007739606010 items=0 ppid=782 auid=4294967295 uid=0 gid=0 euid=0 suid=0 fsuid=0 egid=0 sgid=0 fsgid=0 tty=(none) ses=4294967295 comm="ip6tables-resto" exe="/system/bin/iptables" subj=u:r:netd:s0 key=(null)
[  285.140642][    T1] init: ... started service 'storaged' has pid 795
[  285.185166][  T425] type=1327 audit(1791395935.044:207): proctitle=2F73797374656D2F62696E2F6970367461626C65732D726573746F7265002D2D6E6F666C757368002D77002D76
[  285.199247][    T1] init: starting service 'seriallogging'...
[  285.229265][  T425] type=1320 audit(1791395935.044:207): 
[  285.241915][  T425] type=1325 audit(1791395935.048:208): table=mangle family=2 entries=35 op=xt_replace subj=u:r:netd:s0 comm="iptables-restor"
[  285.569832][  T425] type=1300 audit(1791395935.048:208): arch=c00000b7 syscall=208 success=yes exit=0 a0=4 a1=0 a2=40 a3=b4000070fc815380 items=0 ppid=782 auid=4294967295 uid=0 gid=0 euid=0 suid=0 fsuid=0 egid=0 sgid=0 fsgid=0 tty=(none) ses=4294967295 comm="iptables-restor" exe="/system/bin/iptables" subj=u:r:netd:s0 key=(null)
[  286.118135][  T425] type=1327 audit(1791395935.048:208): proctitle=2F73797374656D2F62696E2F69707461626C65732D726573746F7265002D2D6E6F666C757368002D77002D76
[  286.314954][  T425] type=1320 audit(1791395935.048:208): 
[  286.352941][  T425] type=1325 audit(1791395935.072:209): table=mangle family=10 entries=35 op=xt_replace subj=u:r:netd:s0 comm="ip6tables-resto"
[  286.464078][  T425] type=1300 audit(1791395935.072:209): arch=c00000b7 syscall=208 success=yes exit=0 a0=4 a1=29 a2=40 a3=b40000773960c640 items=0 ppid=782 auid=4294967295 uid=0 gid=0 euid=0 suid=0 fsuid=0 egid=0 sgid=0 fsgid=0 tty=(none) ses=4294967295 comm="ip6tables-resto" exe="/system/bin/iptables" subj=u:r:netd:s0 key=(null)
[  286.504764][    T1] libprocessgroup: Created cgroup /sys/fs/cgroup/system/uid_1036/pid_798
[  286.505493][  T425] type=1327 audit(1791395935.072:209): proctitle=2F73797374656D2F62696E2F6970367461626C65732D726573746F7265002D2D6E6F666C757368002D77002D76
[  286.886151][  T425] type=1320 audit(1791395935.072:209): 
[  287.011109][  T425] type=1325 audit(1791395935.080:210): table=nat family=2 entries=11 op=xt_replace subj=u:r:netd:s0 comm="iptables-restor"
[  287.074484][  T425] type=1300 audit(1791395935.080:210): arch=c00000b7 syscall=208 success=yes exit=0 a0=4 a1=0 a2=40 a3=b40000717c806130 items=0 ppid=782 auid=4294967295 uid=0 gid=0 euid=0 suid=0 fsuid=0 egid=0 sgid=0 fsgid=0 tty=(none) ses=4294967295 comm="iptables-restor" exe="/system/bin/iptables" subj=u:r:netd:s0 key=(null)
[  287.158104][  T425] type=1327 audit(1791395935.080:210): proctitle=2F73797374656D2F62696E2F69707461626C65732D726573746F7265002D2D6E6F666C757368002D77002D76
[  287.183225][  T425] type=1320 audit(1791395935.080:210): 
[  287.225253][  T425] type=1325 audit(1791395935.088:211): table=nat family=2 entries=11 op=xt_replace subj=u:r:netd:s0 comm="iptables-restor"
[  287.237308][  T425] type=1300 audit(1791395935.088:211): arch=c00000b7 syscall=208 success=yes exit=0 a0=4 a1=0 a2=40 a3=b40000717c806130 items=0 ppid=782 auid=4294967295 uid=0 gid=0 euid=0 suid=0 fsuid=0 egid=0 sgid=0 fsgid=0 tty=(none) ses=4294967295 comm="iptables-restor" exe="/system/bin/iptables" subj=u:r:netd:s0 key=(null)
[  287.279105][  T425] type=1327 audit(1791395935.088:211): proctitle=2F73797374656D2F62696E2F69707461626C65732D726573746F7265002D2D6E6F666C757368002D77002D76
[  287.298602][  T425] type=1320 audit(1791395935.088:211): 
[  287.300891][  T425] type=1325 audit(1791395935.116:212): table=filter family=2 entries=76 op=xt_replace subj=u:r:netd:s0 comm="iptables-restor"
[  287.321948][  T425] type=1300 audit(1791395935.116:212): arch=c00000b7 syscall=208 success=yes exit=0 a0=4 a1=0 a2=40 a3=b40000707c807010 items=0 ppid=782 auid=4294967295 uid=0 gid=0 euid=0 suid=0 fsuid=0 egid=0 sgid=0 fsgid=0 tty=(none) ses=4294967295 comm="iptables-restor" exe="/system/bin/iptables" subj=u:r:netd:s0 key=(null)
[  287.409938][  T425] type=1327 audit(1791395935.116:212): proctitle=2F73797374656D2F62696E2F69707461626C65732D726573746F7265002D2D6E6F666C757368002D77002D76
[  287.449542][  T425] type=1320 audit(1791395935.116:212): 
[  287.464813][  T425] type=1325 audit(1791395935.124:213): table=filter family=10 entries=77 op=xt_replace subj=u:r:netd:s0 comm="ip6tables-resto"
[  287.466297][    T1] init: ... started service 'seriallogging' has pid 798
[  287.483161][  T425] type=1300 audit(1791395935.124:213): arch=c00000b7 syscall=208 success=yes exit=0 a0=4 a1=29 a2=40 a3=b4000077b961f940 items=0 ppid=782 auid=4294967295 uid=0 gid=0 euid=0 suid=0 fsuid=0 egid=0 sgid=0 fsgid=0 tty=(none) ses=4294967295 comm="ip6tables-resto" exe="/system/bin/iptables" subj=u:r:netd:s0 key=(null)
[  287.506217][  T425] type=1327 audit(1791395935.124:213): proctitle=2F73797374656D2F62696E2F6970367461626C65732D726573746F7265002D2D6E6F666C757368002D77002D76
[  287.523588][  T425] type=1320 audit(1791395935.124:213): 
[  287.537870][  T425] type=1325 audit(1791395935.132:214): table=mangle family=2 entries=34 op=xt_replace subj=u:r:netd:s0 comm="iptables-restor"
[  287.553471][  T425] type=1300 audit(1791395935.132:214): arch=c00000b7 syscall=208 success=yes exit=0 a0=4 a1=0 a2=40 a3=b4000070fc815380 items=0 ppid=782 auid=4294967295 uid=0 gid=0 euid=0 suid=0 fsuid=0 egid=0 sgid=0 fsgid=0 tty=(none) ses=4294967295 comm="iptables-restor" exe="/system/bin/iptables" subj=u:r:netd:s0 key=(null)
[  287.624111][  T425] type=1327 audit(1791395935.132:214): proctitle=2F73797374656D2F62696E2F69707461626C65732D726573746F7265002D2D6E6F666C757368002D77002D76
[  287.625551][    T1] init: starting service 'media.swcodec'...
[  287.637300][  T425] type=1320 audit(1791395935.132:214): 
[  287.639084][  T425] type=1325 audit(1791395935.132:215): table=mangle family=10 entries=34 op=xt_replace subj=u:r:netd:s0 comm="ip6tables-resto"
[  287.653274][  T425] type=1300 audit(1791395935.132:215): arch=c00000b7 syscall=208 success=yes exit=0 a0=4 a1=29 a2=40 a3=b400007789608380 items=0 ppid=782 auid=4294967295 uid=0 gid=0 euid=0 suid=0 fsuid=0 egid=0 sgid=0 fsgid=0 tty=(none) ses=4294967295 comm="ip6tables-resto" exe="/system/bin/iptables" subj=u:r:netd:s0 key=(null)
[  287.686309][  T425] type=1327 audit(1791395935.132:215): proctitle=2F73797374656D2F62696E2F6970367461626C65732D726573746F7265002D2D6E6F666C757368002D77002D76
[  287.720652][  T425] type=1320 audit(1791395935.132:215): 
[  287.733322][  T425] type=1325 audit(1791395935.132:216): table=filter family=2 entries=75 op=xt_replace subj=u:r:netd:s0 comm="iptables-restor"
[  287.749330][  T425] type=1300 audit(1791395935.132:216): arch=c00000b7 syscall=208 success=yes exit=0 a0=4 a1=0 a2=40 a3=b40000707c807010 items=0 ppid=782 auid=4294967295 uid=0 gid=0 euid=0 suid=0 fsuid=0 egid=0 sgid=0 fsgid=0 tty=(none) ses=4294967295 comm="iptables-restor" exe="/system/bin/iptables" subj=u:r:netd:s0 key=(null)
[  287.787761][  T425] type=1327 audit(1791395935.132:216): proctitle=2F73797374656D2F62696E2F69707461626C65732D726573746F7265002D2D6E6F666C757368002D77002D76
[  287.827226][  T411] servicemanager: Caller(pid=782,uid=0,sid=u:r:netd:s0) Found android.system.net.netd.INetd/default in framework VINTF manifest.
[  287.827724][  T425] type=1320 audit(1791395935.132:216): 
[  287.828064][  T425] type=1325 audit(1791395935.140:217): table=filter family=10 entries=75 op=xt_replace subj=u:r:netd:s0 comm="ip6tables-resto"
[  287.899726][  T425] type=1300 audit(1791395935.140:217): arch=c00000b7 syscall=208 success=yes exit=0 a0=4 a1=29 a2=40 a3=b4000077b961f940 items=0 ppid=782 auid=4294967295 uid=0 gid=0 euid=0 suid=0 fsuid=0 egid=0 sgid=0 fsgid=0 tty=(none) ses=4294967295 comm="ip6tables-resto" exe="/system/bin/iptables" subj=u:r:netd:s0 key=(null)
[  287.941382][  T425] type=1327 audit(1791395935.140:217): proctitle=2F73797374656D2F62696E2F6970367461626C65732D726573746F7265002D2D6E6F666C757368002D77002D76
[  287.975783][  T425] type=1320 audit(1791395935.140:217): 
[  287.982004][  T425] type=1325 audit(1791395935.140:218): table=filter family=2 entries=75 op=xt_replace subj=u:r:netd:s0 comm="iptables-restor"
[  287.988794][    T1] libprocessgroup: Created cgroup /sys/fs/cgroup/system/uid_1046
[  288.010178][  T425] type=1300 audit(1791395935.140:218): arch=c00000b7 syscall=208 success=yes exit=0 a0=4 a1=0 a2=40 a3=b40000707c807010 items=0 ppid=782 auid=4294967295 uid=0 gid=0 euid=0 suid=0 fsuid=0 egid=0 sgid=0 fsgid=0 tty=(none) ses=4294967295 comm="iptables-restor" exe="/system/bin/iptables" subj=u:r:netd:s0 key=(null)
[  288.033503][  T425] type=1327 audit(1791395935.140:218): proctitle=2F73797374656D2F62696E2F69707461626C65732D726573746F7265002D2D6E6F666C757368002D77002D76
[  288.062104][  T425] type=1320 audit(1791395935.140:218): 
[  288.064953][  T425] type=1325 audit(1791395935.140:219): table=nat family=2 entries=11 op=xt_replace subj=u:r:netd:s0 comm="iptables-restor"
[  288.077258][  T425] type=1300 audit(1791395935.140:219): arch=c00000b7 syscall=208 success=yes exit=0 a0=4 a1=0 a2=40 a3=b40000717c806130 items=0 ppid=782 auid=4294967295 uid=0 gid=0 euid=0 suid=0 fsuid=0 egid=0 sgid=0 fsgid=0 tty=(none) ses=4294967295 comm="iptables-restor" exe="/system/bin/iptables" subj=u:r:netd:s0 key=(null)
[  288.087716][    T1] libprocessgroup: Created cgroup /sys/fs/cgroup/system/uid_1046/pid_810
[  288.103467][  T425] type=1327 audit(1791395935.140:219): proctitle=2F73797374656D2F62696E2F69707461626C65732D726573746F7265002D2D6E6F666C757368002D77002D76
[  288.116894][  T425] type=1320 audit(1791395935.140:219): 
[  288.126061][  T425] type=1325 audit(1791395935.140:220): table=filter family=10 entries=76 op=xt_replace subj=u:r:netd:s0 comm="ip6tables-resto"
[  288.138291][  T425] type=1300 audit(1791395935.140:220): arch=c00000b7 syscall=208 success=yes exit=0 a0=4 a1=29 a2=40 a3=b4000077b961f940 items=0 ppid=782 auid=4294967295 uid=0 gid=0 euid=0 suid=0 fsuid=0 egid=0 sgid=0 fsgid=0 tty=(none) ses=4294967295 comm="ip6tables-resto" exe="/system/bin/iptables" subj=u:r:netd:s0 key=(null)
[  288.173224][  T425] type=1327 audit(1791395935.140:220): proctitle=2F73797374656D2F62696E2F6970367461626C65732D726573746F7265002D2D6E6F666C757368002D77002D76
[  288.180994][  T425] type=1320 audit(1791395935.140:220): 
[  288.182660][  T425] type=1325 audit(1791395935.140:221): table=raw family=10 entries=12 op=xt_replace subj=u:r:netd:s0 comm="ip6tables-resto"
[  288.189382][  T425] type=1300 audit(1791395935.140:221): arch=c00000b7 syscall=208 success=yes exit=0 a0=4 a1=29 a2=40 a3=b400007799611870 items=0 ppid=782 auid=4294967295 uid=0 gid=0 euid=0 suid=0 fsuid=0 egid=0 sgid=0 fsgid=0 tty=(none) ses=4294967295 comm="ip6tables-resto" exe="/system/bin/iptables" subj=u:r:netd:s0 key=(null)
[  288.204828][  T425] type=1327 audit(1791395935.140:221): proctitle=2F73797374656D2F62696E2F6970367461626C65732D726573746F7265002D2D6E6F666C757368002D77002D76
[  288.211548][  T425] type=1320 audit(1791395935.140:221): 
[  288.214719][  T425] type=1325 audit(1791395935.172:222): table=mangle family=2 entries=30 op=xt_replace subj=u:r:netd:s0 comm="iptables-restor"
[  288.220553][  T425] type=1300 audit(1791395935.172:222): arch=c00000b7 syscall=208 success=yes exit=0 a0=4 a1=0 a2=40 a3=b4000070fc815380 items=0 ppid=782 auid=4294967295 uid=0 gid=0 euid=0 suid=0 fsuid=0 egid=0 sgid=0 fsgid=0 tty=(none) ses=4294967295 comm="iptables-restor" exe="/system/bin/iptables" subj=u:r:netd:s0 key=(null)
[  288.236297][  T425] type=1327 audit(1791395935.172:222): proctitle=2F73797374656D2F62696E2F69707461626C65732D726573746F7265002D2D6E6F666C757368002D77002D76
[  288.242768][  T425] type=1320 audit(1791395935.172:222): 
[  288.244885][  T425] type=1325 audit(1791395935.176:223): table=filter family=2 entries=76 op=xt_replace subj=u:r:netd:s0 comm="iptables-restor"
[  288.251230][  T425] type=1300 audit(1791395935.176:223): arch=c00000b7 syscall=208 success=yes exit=0 a0=4 a1=0 a2=40 a3=b40000707c807010 items=0 ppid=782 auid=4294967295 uid=0 gid=0 euid=0 suid=0 fsuid=0 egid=0 sgid=0 fsgid=0 tty=(none) ses=4294967295 comm="iptables-restor" exe="/system/bin/iptables" subj=u:r:netd:s0 key=(null)
[  288.273353][  T425] type=1327 audit(1791395935.176:223): proctitle=2F73797374656D2F62696E2F69707461626C65732D726573746F7265002D2D6E6F666C757368002D77002D76
[  288.278944][  T425] type=1320 audit(1791395935.176:223): 
[  288.283578][  T425] type=1325 audit(1791395935.176:224): table=filter family=10 entries=76 op=xt_replace subj=u:r:netd:s0 comm="ip6tables-resto"
[  288.288596][  T425] type=1300 audit(1791395935.176:224): arch=c00000b7 syscall=208 success=yes exit=0 a0=4 a1=29 a2=40 a3=b4000077b961f940 items=0 ppid=782 auid=4294967295 uid=0 gid=0 euid=0 suid=0 fsuid=0 egid=0 sgid=0 fsgid=0 tty=(none) ses=4294967295 comm="ip6tables-resto" exe="/system/bin/iptables" subj=u:r:netd:s0 key=(null)
[  288.303906][  T425] type=1327 audit(1791395935.176:224): proctitle=2F73797374656D2F62696E2F6970367461626C65732D726573746F7265002D2D6E6F666C757368002D77002D76
[  288.314316][  T425] type=1320 audit(1791395935.176:224): 
[  288.318782][  T425] type=1325 audit(1791395935.236:225): table=filter family=2 entries=76 op=xt_replace subj=u:r:netd:s0 comm="iptables-restor"
[  288.323603][  T425] type=1300 audit(1791395935.236:225): arch=c00000b7 syscall=208 success=yes exit=0 a0=4 a1=0 a2=40 a3=b4000070ec818840 items=0 ppid=782 auid=4294967295 uid=0 gid=0 euid=0 suid=0 fsuid=0 egid=0 sgid=0 fsgid=0 tty=(none) ses=4294967295 comm="iptables-restor" exe="/system/bin/iptables" subj=u:r:netd:s0 key=(null)
[  288.334056][  T425] type=1327 audit(1791395935.236:225): proctitle=2F73797374656D2F62696E2F69707461626C65732D726573746F7265002D2D6E6F666C757368002D77002D76
[  288.339664][  T425] type=1320 audit(1791395935.236:225): 
[  288.341537][  T425] type=1325 audit(1791395935.276:226): table=raw family=2 entries=12 op=xt_replace subj=u:r:netd:s0 comm="iptables-restor"
[  288.346673][  T425] type=1300 audit(1791395935.276:226): arch=c00000b7 syscall=208 success=yes exit=0 a0=4 a1=0 a2=40 a3=b40000717c806130 items=0 ppid=782 auid=4294967295 uid=0 gid=0 euid=0 suid=0 fsuid=0 egid=0 sgid=0 fsgid=0 tty=(none) ses=4294967295 comm="iptables-restor" exe="/system/bin/iptables" subj=u:r:netd:s0 key=(null)
[  288.362303][  T425] type=1327 audit(1791395935.276:226): proctitle=2F73797374656D2F62696E2F69707461626C65732D726573746F7265002D2D6E6F666C757368002D77002D76
[  288.370098][  T425] type=1320 audit(1791395935.276:226): 
[  288.374881][  T425] type=1325 audit(1791395935.276:227): table=mangle family=2 entries=31 op=xt_replace subj=u:r:netd:s0 comm="iptables-restor"
[  288.380279][  T425] type=1300 audit(1791395935.276:227): arch=c00000b7 syscall=208 success=yes exit=0 a0=4 a1=0 a2=40 a3=b4000070fc815380 items=0 ppid=782 auid=4294967295 uid=0 gid=0 euid=0 suid=0 fsuid=0 egid=0 sgid=0 fsgid=0 tty=(none) ses=4294967295 comm="iptables-restor" exe="/system/bin/iptables" subj=u:r:netd:s0 key=(null)
[  288.392268][  T425] type=1327 audit(1791395935.276:227): proctitle=2F73797374656D2F62696E2F69707461626C65732D726573746F7265002D2D6E6F666C757368002D77002D76
[  288.398112][  T425] type=1320 audit(1791395935.276:227): 
[  288.401614][  T425] type=1325 audit(1791395935.288:228): table=filter family=10 entries=76 op=xt_replace subj=u:r:netd:s0 comm="ip6tables-resto"
[  288.410606][  T425] type=1300 audit(1791395935.288:228): arch=c00000b7 syscall=208 success=yes exit=0 a0=4 a1=29 a2=40 a3=b40000780961de40 items=0 ppid=782 auid=4294967295 uid=0 gid=0 euid=0 suid=0 fsuid=0 egid=0 sgid=0 fsgid=0 tty=(none) ses=4294967295 comm="ip6tables-resto" exe="/system/bin/iptables" subj=u:r:netd:s0 key=(null)
[  288.425838][  T425] type=1327 audit(1791395935.288:228): proctitle=2F73797374656D2F62696E2F6970367461626C65732D726573746F7265002D2D6E6F666C757368002D77002D76
[  288.433664][  T425] type=1320 audit(1791395935.288:228): 
[  288.437930][  T425] type=1325 audit(1791395935.288:229): table=raw family=10 entries=12 op=xt_replace subj=u:r:netd:s0 comm="ip6tables-resto"
[  288.444560][  T425] type=1300 audit(1791395935.288:229): arch=c00000b7 syscall=208 success=yes exit=0 a0=4 a1=29 a2=40 a3=b400007799611870 items=0 ppid=782 auid=4294967295 uid=0 gid=0 euid=0 suid=0 fsuid=0 egid=0 sgid=0 fsgid=0 tty=(none) ses=4294967295 comm="ip6tables-resto" exe="/system/bin/iptables" subj=u:r:netd:s0 key=(null)
[  288.456312][  T425] type=1327 audit(1791395935.288:229): proctitle=2F73797374656D2F62696E2F6970367461626C65732D726573746F7265002D2D6E6F666C757368002D77002D76
[  288.461724][  T425] type=1320 audit(1791395935.288:229): 
[  288.465614][  T425] type=1325 audit(1791395935.300:230): table=mangle family=10 entries=30 op=xt_replace subj=u:r:netd:s0 comm="ip6tables-resto"
[  288.472580][  T425] type=1300 audit(1791395935.300:230): arch=c00000b7 syscall=208 success=yes exit=0 a0=4 a1=29 a2=40 a3=b400007789604be0 items=0 ppid=782 auid=4294967295 uid=0 gid=0 euid=0 suid=0 fsuid=0 egid=0 sgid=0 fsgid=0 tty=(none) ses=4294967295 comm="ip6tables-resto" exe="/system/bin/iptables" subj=u:r:netd:s0 key=(null)
[  288.485698][  T425] type=1327 audit(1791395935.300:230): proctitle=2F73797374656D2F62696E2F6970367461626C65732D726573746F7265002D2D6E6F666C757368002D77002D76
[  288.493333][  T425] type=1320 audit(1791395935.300:230): 
[  288.495594][  T425] type=1325 audit(1791395935.300:231): table=filter family=2 entries=70 op=xt_replace subj=u:r:netd:s0 comm="iptables-restor"
[  288.502780][  T425] type=1300 audit(1791395935.300:231): arch=c00000b7 syscall=208 success=yes exit=0 a0=4 a1=0 a2=40 a3=b40000711c808010 items=0 ppid=782 auid=4294967295 uid=0 gid=0 euid=0 suid=0 fsuid=0 egid=0 sgid=0 fsgid=0 tty=(none) ses=4294967295 comm="iptables-restor" exe="/system/bin/iptables" subj=u:r:netd:s0 key=(null)
[  288.517453][  T425] type=1327 audit(1791395935.300:231): proctitle=2F73797374656D2F62696E2F69707461626C65732D726573746F7265002D2D6E6F666C757368002D77002D76
[  288.525537][  T425] type=1320 audit(1791395935.300:231): 
[  288.527656][  T425] type=1325 audit(1791395935.312:232): table=filter family=10 entries=70 op=xt_replace subj=u:r:netd:s0 comm="ip6tables-resto"
[  288.537512][  T425] type=1300 audit(1791395935.312:232): arch=c00000b7 syscall=208 success=yes exit=0 a0=4 a1=29 a2=40 a3=b400007759612f30 items=0 ppid=782 auid=4294967295 uid=0 gid=0 euid=0 suid=0 fsuid=0 egid=0 sgid=0 fsgid=0 tty=(none) ses=4294967295 comm="ip6tables-resto" exe="/system/bin/iptables" subj=u:r:netd:s0 key=(null)
[  288.549990][    T1] init: ... started service 'media.swcodec' has pid 810
[  288.577800][    T1] init: service 'statsd' requested start, but it is already running (flags: 4, pid: 606, started 194070ms ago)
[  288.577869][  T425] type=1327 audit(1791395935.312:232): proctitle=2F73797374656D2F62696E2F6970367461626C65732D726573746F7265002D2D6E6F666C757368002D77002D76
[  288.615096][  T425] type=1320 audit(1791395935.312:232): 
[  288.625207][  T425] type=1325 audit(1791395935.332:233): table=filter family=2 entries=58 op=xt_replace subj=u:r:netd:s0 comm="iptables-restor"
[  288.645666][  T425] type=1300 audit(1791395935.332:233): arch=c00000b7 syscall=208 success=yes exit=0 a0=4 a1=0 a2=40 a3=b4000070ec818840 items=0 ppid=782 auid=4294967295 uid=0 gid=0 euid=0 suid=0 fsuid=0 egid=0 sgid=0 fsgid=0 tty=(none) ses=4294967295 comm="iptables-restor" exe="/system/bin/iptables" subj=u:r:netd:s0 key=(null)
[  288.674138][  T425] type=1327 audit(1791395935.332:233): proctitle=2F73797374656D2F62696E2F69707461626C65732D726573746F7265002D2D6E6F666C757368002D77002D76
[  288.699677][  T425] type=1320 audit(1791395935.332:233): 
[  288.709613][  T425] type=1325 audit(1791395935.420:234): table=filter family=10 entries=58 op=xt_replace subj=u:r:netd:s0 comm="ip6tables-resto"
[  288.721960][  T425] type=1300 audit(1791395935.420:234): arch=c00000b7 syscall=208 success=yes exit=0 a0=4 a1=29 a2=40 a3=b40000780961de40 items=0 ppid=782 auid=4294967295 uid=0 gid=0 euid=0 suid=0 fsuid=0 egid=0 sgid=0 fsgid=0 tty=(none) ses=4294967295 comm="ip6tables-resto" exe="/system/bin/iptables" subj=u:r:netd:s0 key=(null)
[  288.769875][  T425] type=1327 audit(1791395935.420:234): proctitle=2F73797374656D2F62696E2F6970367461626C65732D726573746F7265002D2D6E6F666C757368002D77002D76
[  289.021643][  T425] type=1320 audit(1791395935.420:234): 
[  289.148002][  T425] type=1325 audit(1791395935.424:235): table=mangle family=2 entries=31 op=xt_replace subj=u:r:netd:s0 comm="iptables-restor"
[  289.259853][    T1] init: starting service 'vendor.ril-daemon'...
[  289.363211][  T425] type=1300 audit(1791395935.424:235): arch=c00000b7 syscall=208 success=yes exit=0 a0=4 a1=0 a2=40 a3=b4000070fc815380 items=0 ppid=782 auid=4294967295 uid=0 gid=0 euid=0 suid=0 fsuid=0 egid=0 sgid=0 fsgid=0 tty=(none) ses=4294967295 comm="iptables-restor" exe="/system/bin/iptables" subj=u:r:netd:s0 key=(null)
[  289.465509][  T425] type=1327 audit(1791395935.424:235): proctitle=2F73797374656D2F62696E2F69707461626C65732D726573746F7265002D2D6E6F666C757368002D77002D76
[  289.479447][  T425] type=1320 audit(1791395935.424:235): 
[  289.499790][  T425] type=1325 audit(1791395935.428:236): table=mangle family=10 entries=30 op=xt_replace subj=u:r:netd:s0 comm="ip6tables-resto"
[  289.522541][  T425] type=1300 audit(1791395935.428:236): arch=c00000b7 syscall=208 success=yes exit=0 a0=4 a1=29 a2=40 a3=b400007789604be0 items=0 ppid=782 auid=4294967295 uid=0 gid=0 euid=0 suid=0 fsuid=0 egid=0 sgid=0 fsgid=0 tty=(none) ses=4294967295 comm="ip6tables-resto" exe="/system/bin/iptables" subj=u:r:netd:s0 key=(null)
[  289.559035][  T425] type=1327 audit(1791395935.428:236): proctitle=2F73797374656D2F62696E2F6970367461626C65732D726573746F7265002D2D6E6F666C757368002D77002D76
[  289.577390][  T425] type=1320 audit(1791395935.428:236): 
[  289.580719][  T425] type=1325 audit(1791395935.436:237): table=filter family=2 entries=70 op=xt_replace subj=u:r:netd:s0 comm="iptables-restor"
[  289.597382][  T425] type=1300 audit(1791395935.436:237): arch=c00000b7 syscall=208 success=yes exit=0 a0=4 a1=0 a2=40 a3=b4000070ec80b010 items=0 ppid=782 auid=4294967295 uid=0 gid=0 euid=0 suid=0 fsuid=0 egid=0 sgid=0 fsgid=0 tty=(none) ses=4294967295 comm="iptables-restor" exe="/system/bin/iptables" subj=u:r:netd:s0 key=(null)
[  289.633174][  T425] type=1327 audit(1791395935.436:237): proctitle=2F73797374656D2F62696E2F69707461626C65732D726573746F7265002D2D6E6F666C757368002D77002D76
[  289.653130][  T425] type=1320 audit(1791395935.436:237): 
[  289.654857][  T425] type=1325 audit(1791395935.444:238): table=raw family=2 entries=12 op=xt_replace subj=u:r:netd:s0 comm="iptables-restor"
[  289.660004][    T1] libprocessgroup: Created cgroup /sys/fs/cgroup/system/uid_1001
[  289.665437][  T425] type=1300 audit(1791395935.444:238): arch=c00000b7 syscall=208 success=yes exit=0 a0=4 a1=0 a2=40 a3=b40000717c806130 items=0 ppid=782 auid=4294967295 uid=0 gid=0 euid=0 suid=0 fsuid=0 egid=0 sgid=0 fsgid=0 tty=(none) ses=4294967295 comm="iptables-restor" exe="/system/bin/iptables" subj=u:r:netd:s0 key=(null)
[  289.696279][  T425] type=1327 audit(1791395935.444:238): proctitle=2F73797374656D2F62696E2F69707461626C65732D726573746F7265002D2D6E6F666C757368002D77002D76
[  289.720515][  T425] type=1320 audit(1791395935.444:238): 
[  289.729601][  T425] type=1325 audit(1791395935.444:239): table=mangle family=2 entries=33 op=xt_replace subj=u:r:netd:s0 comm="iptables-restor"
[  289.745171][  T425] type=1300 audit(1791395935.444:239): arch=c00000b7 syscall=208 success=yes exit=0 a0=4 a1=0 a2=40 a3=b4000070fc815380 items=0 ppid=782 auid=4294967295 uid=0 gid=0 euid=0 suid=0 fsuid=0 egid=0 sgid=0 fsgid=0 tty=(none) ses=4294967295 comm="iptables-restor" exe="/system/bin/iptables" subj=u:r:netd:s0 key=(null)
[  289.759499][    T1] libprocessgroup: Created cgroup /sys/fs/cgroup/system/uid_1001/pid_811
[  289.781415][  T425] type=1327 audit(1791395935.444:239): proctitle=2F73797374656D2F62696E2F69707461626C65732D726573746F7265002D2D6E6F666C757368002D77002D76
[  289.803125][  T425] type=1320 audit(1791395935.444:239): 
[  289.814880][  T425] type=1325 audit(1791395935.456:240): table=filter family=10 entries=70 op=xt_replace subj=u:r:netd:s0 comm="ip6tables-resto"
[  289.979785][  T425] type=1300 audit(1791395935.456:240): arch=c00000b7 syscall=208 success=yes exit=0 a0=4 a1=29 a2=40 a3=b40000780960d010 items=0 ppid=782 auid=4294967295 uid=0 gid=0 euid=0 suid=0 fsuid=0 egid=0 sgid=0 fsgid=0 tty=(none) ses=4294967295 comm="ip6tables-resto" exe="/system/bin/iptables" subj=u:r:netd:s0 key=(null)
[  290.019017][  T425] type=1327 audit(1791395935.456:240): proctitle=2F73797374656D2F62696E2F6970367461626C65732D726573746F7265002D2D6E6F666C757368002D77002D76
[  290.052783][  T425] type=1320 audit(1791395935.456:240): 
[  290.063546][  T425] type=1325 audit(1791395935.456:241): table=raw family=10 entries=12 op=xt_replace subj=u:r:netd:s0 comm="ip6tables-resto"
[  290.093294][  T425] type=1300 audit(1791395935.456:241): arch=c00000b7 syscall=208 success=yes exit=0 a0=4 a1=29 a2=40 a3=b400007799611870 items=0 ppid=782 auid=4294967295 uid=0 gid=0 euid=0 suid=0 fsuid=0 egid=0 sgid=0 fsgid=0 tty=(none) ses=4294967295 comm="ip6tables-resto" exe="/system/bin/iptables" subj=u:r:netd:s0 key=(null)
[  290.131001][    T1] init: ... started service 'vendor.ril-daemon' has pid 811
[  290.142549][  T425] type=1327 audit(1791395935.456:241): proctitle=2F73797374656D2F62696E2F6970367461626C65732D726573746F7265002D2D6E6F666C757368002D77002D76
[  290.150593][    T1] init: Command 'class_start main' action=nonencrypted (/system/etc/init/hw/init.rc:1228) took 7389ms and succeeded
[  290.169391][  T425] type=1320 audit(1791395935.456:241): 
[  290.181302][  T425] type=1325 audit(1791395935.456:242): table=mangle family=10 entries=32 op=xt_replace subj=u:r:netd:s0 comm="ip6tables-resto"
[  290.201785][  T425] type=1300 audit(1791395935.456:242): arch=c00000b7 syscall=208 success=yes exit=0 a0=4 a1=29 a2=40 a3=b400007789604be0 items=0 ppid=782 auid=4294967295 uid=0 gid=0 euid=0 suid=0 fsuid=0 egid=0 sgid=0 fsgid=0 tty=(none) ses=4294967295 comm="ip6tables-resto" exe="/system/bin/iptables" subj=u:r:netd:s0 key=(null)
[  290.242999][    T1] init: starting service 'gatekeeperd'...
[  290.249153][  T425] type=1327 audit(1791395935.456:242): proctitle=2F73797374656D2F62696E2F6970367461626C65732D726573746F7265002D2D6E6F666C757368002D77002D76
[  290.284008][  T425] type=1320 audit(1791395935.456:242): 
[  290.325516][  T425] type=1325 audit(1791395935.456:243): table=filter family=2 entries=70 op=xt_replace subj=u:r:netd:s0 comm="iptables-restor"
[  290.353223][  T425] type=1300 audit(1791395935.456:243): arch=c00000b7 syscall=208 success=yes exit=0 a0=4 a1=0 a2=40 a3=b40000707c812430 items=0 ppid=782 auid=4294967295 uid=0 gid=0 euid=0 suid=0 fsuid=0 egid=0 sgid=0 fsgid=0 tty=(none) ses=4294967295 comm="iptables-restor" exe="/system/bin/iptables" subj=u:r:netd:s0 key=(null)
[  290.413512][  T425] type=1327 audit(1791395935.456:243): proctitle=2F73797374656D2F62696E2F69707461626C65732D726573746F7265002D2D6E6F666C757368002D77002D76
[  290.434137][  T425] type=1320 audit(1791395935.456:243): 
[  290.435607][  T425] type=1325 audit(1791395935.472:244): table=raw family=2 entries=12 op=xt_replace subj=u:r:netd:s0 comm="iptables-restor"
[  290.452938][    T1] libprocessgroup: Created cgroup /sys/fs/cgroup/system/uid_1000/pid_812
[  290.474697][  T425] type=1300 audit(1791395935.472:244): arch=c00000b7 syscall=208 success=yes exit=0 a0=4 a1=0 a2=40 a3=b40000715c80f020 items=0 ppid=782 auid=4294967295 uid=0 gid=0 euid=0 suid=0 fsuid=0 egid=0 sgid=0 fsgid=0 tty=(none) ses=4294967295 comm="iptables-restor" exe="/system/bin/iptables" subj=u:r:netd:s0 key=(null)
[  290.513369][  T425] type=1327 audit(1791395935.472:244): proctitle=2F73797374656D2F62696E2F69707461626C65732D726573746F7265002D2D6E6F666C757368002D77002D76
[  290.549630][  T425] type=1320 audit(1791395935.472:244): 
[  290.551975][  T425] type=1325 audit(1791395935.472:245): table=mangle family=2 entries=33 op=xt_replace subj=u:r:netd:s0 comm="iptables-restor"
[  290.582154][  T425] type=1300 audit(1791395935.472:245): arch=c00000b7 syscall=208 success=yes exit=0 a0=4 a1=0 a2=40 a3=b4000070fc815380 items=0 ppid=782 auid=4294967295 uid=0 gid=0 euid=0 suid=0 fsuid=0 egid=0 sgid=0 fsgid=0 tty=(none) ses=4294967295 comm="iptables-restor" exe="/system/bin/iptables" subj=u:r:netd:s0 key=(null)
[  290.603360][    T1] init: ... started service 'gatekeeperd' has pid 812
[  290.611078][    T1] init: service 'traced' requested start, but it is already running (flags: 132, pid: 751, started 34182ms ago)
[  290.630485][  T425] type=1327 audit(1791395935.472:245): proctitle=2F73797374656D2F62696E2F69707461626C65732D726573746F7265002D2D6E6F666C757368002D77002D76
[  290.635719][    T1] init: service 'traced_probes' requested start, but it is already running (flags: 132, pid: 749, started 36524ms ago)
[  290.650631][  T425] type=1320 audit(1791395935.472:245): 
[  290.661348][    T1] init: starting service 'update_engine'...
[  290.661355][  T425] type=1325 audit(1791395935.472:246): table=filter family=10 entries=70 op=xt_replace subj=u:r:netd:s0 comm="ip6tables-resto"
[  290.720697][  T425] type=1300 audit(1791395935.472:246): arch=c00000b7 syscall=208 success=yes exit=0 a0=4 a1=29 a2=40 a3=b4000077b9618630 items=0 ppid=782 auid=4294967295 uid=0 gid=0 euid=0 suid=0 fsuid=0 egid=0 sgid=0 fsgid=0 tty=(none) ses=4294967295 comm="ip6tables-resto" exe="/system/bin/iptables" subj=u:r:netd:s0 key=(null)
[  290.777503][  T425] type=1327 audit(1791395935.472:246): proctitle=2F73797374656D2F62696E2F6970367461626C65732D726573746F7265002D2D6E6F666C757368002D77002D76
[  290.789455][    T1] libprocessgroup: Created cgroup /sys/fs/cgroup/system/uid_0/pid_813
[  290.817910][  T425] type=1320 audit(1791395935.472:246): 
[  290.820623][  T425] type=1325 audit(1791395935.484:247): table=raw family=10 entries=12 op=xt_replace subj=u:r:netd:s0 comm="ip6tables-resto"
[  290.841123][    T1] init: ... started service 'update_engine' has pid 813
[  290.850957][  T425] type=1300 audit(1791395935.484:247): arch=c00000b7 syscall=208 success=yes exit=0 a0=4 a1=29 a2=40 a3=b4000077e960d220 items=0 ppid=782 auid=4294967295 uid=0 gid=0 euid=0 suid=0 fsuid=0 egid=0 sgid=0 fsgid=0 tty=(none) ses=4294967295 comm="ip6tables-resto" exe="/system/bin/iptables" subj=u:r:netd:s0 key=(null)
[  290.868963][    T1] init: starting service 'usbd'...
[  291.383821][    T1] libprocessgroup: Created cgroup /sys/fs/cgroup/system/uid_0/pid_814
[  291.696143][    T1] init: ... started service 'usbd' has pid 814
[  291.729788][    T1] init: starting service 'tombstone_transmit'...
[  291.767114][  T425] type=1327 audit(1791395935.484:247): proctitle=2F73797374656D2F62696E2F6970367461626C65732D726573746F7265002D2D6E6F666C757368002D77002D76
[  291.778631][  T425] type=1320 audit(1791395935.484:247): 
[  291.786804][  T425] type=1325 audit(1791395935.484:248): table=mangle family=10 entries=32 op=xt_replace subj=u:r:netd:s0 comm="ip6tables-resto"
[  291.793728][  T425] type=1300 audit(1791395935.484:248): arch=c00000b7 syscall=208 success=yes exit=0 a0=4 a1=29 a2=40 a3=b4000078d960fb30 items=0 ppid=782 auid=4294967295 uid=0 gid=0 euid=0 suid=0 fsuid=0 egid=0 sgid=0 fsgid=0 tty=(none) ses=4294967295 comm="ip6tables-resto" exe="/system/bin/iptables" subj=u:r:netd:s0 key=(null)
[  291.807163][  T425] type=1327 audit(1791395935.484:248): proctitle=2F73797374656D2F62696E2F6970367461626C65732D726573746F7265002D2D6E6F666C757368002D77002D76
[  291.814494][  T425] type=1320 audit(1791395935.484:248): 
[  292.200794][    T1] libprocessgroup: Created cgroup /sys/fs/cgroup/system/uid_0/pid_815
[  292.911746][  T421] logd: logdr: UID=1036 GID=0 PID=798 b tail=0 logMask=bf pid=0 start=0ns deadline=0ns
[  293.470185][    T1] init: ... started service 'tombstone_transmit' has pid 815
[  293.490146][    T1] init: Command 'class_start late_start' action=nonencrypted (/system/etc/init/hw/init.rc:1229) took 3298ms and succeeded
[  293.520570][    T1] init: processing action (load_persist_props_action) from (/system/etc/init/flags_health_check.rc:1)
[  294.392922][    T1] init: Encryption policy of /data/server_configurable_flags set to 5ba64f40c66b6b585a273246f03bbf5d v2 modes 1/10 flags 0xa
[  294.484648][    T1] init: Command 'mkdir /data/server_configurable_flags 0775 system system encryption=Require' action=load_persist_props_action (/system/etc/init/flags_health_check.rc:4) took 941ms and succeeded
[  295.137361][    T1] init: starting service 'exec 18 (/system/bin/flags_health_check BOOT_FAILURE)'...
[  295.927869][    T1] libprocessgroup: Created cgroup /sys/fs/cgroup/system/uid_1000/pid_819
[  296.662606][    T1] init: ... started service 'exec 18 (/system/bin/flags_health_check BOOT_FAILURE)' has pid 819
[  296.690787][    T1] init: SVC_EXEC service 'exec 18 (/system/bin/flags_health_check BOOT_FAILURE)' pid 819 (uid 1000 gid 1000+0 context default) started; waiting...
[  296.739460][    T1] init: Command 'exec - system system -- /system/bin/flags_health_check BOOT_FAILURE' action=load_persist_props_action (/system/etc/init/flags_health_check.rc:5) took 1903ms and succeeded
[  299.392985][  T411] servicemanager: Caller(pid=812,uid=1000,sid=u:r:gatekeeperd:s0) Found android.hardware.gatekeeper.IGatekeeper/default in device VINTF manifest.
[  299.592058][    T1] init: service 'adbd' requested start, but it is already running (flags: 132, pid: 716, started 79599ms ago)
[  299.608020][    T1] init: Control message: Processed ctl.start for 'adbd' from pid: 814 (/system/bin/usbd)
[  300.039236][  T411] servicemanager: Caller(pid=814,uid=0,sid=u:r:usbd:s0) Could not find android.hardware.usb.gadget.IUsbGadget/default in the VINTF manifest. No alternative instances declared in VINTF.
[  300.465746][    T1] init: Service 'usbd' (pid 814) exited with status 0 oneshot service took 9.136000 seconds in background
[  300.522672][    T1] init: Sending SIGKILL to service 'usbd' (pid 814) process group...
[  300.623880][    T1] libprocessgroup: Removed cgroup /sys/fs/cgroup/system/uid_0/pid_814
[  303.278749][    T1] init: Service 'exec 18 (/system/bin/flags_health_check BOOT_FAILURE)' (pid 819) exited with status 0 waiting took 7.569000 seconds
[  303.303073][    T1] init: Sending SIGKILL to service 'exec 18 (/system/bin/flags_health_check BOOT_FAILURE)' (pid 819) process group...
[  303.507982][    T1] libprocessgroup: Removed cgroup /sys/fs/cgroup/system/uid_1000/pid_819
[  303.941890][    T1] init: processing action (load_persist_props_action) from (/system/etc/init/logcatd.rc:29)
[  304.253630][    T1] init: Command 'setprop logd.logpersistd.enable true' action=load_persist_props_action (/system/etc/init/logcatd.rc:30) took 213ms and succeeded
[  304.414789][    T1] init: processing action (hidl_memory.disabled=true) from (/system_ext/etc/init/android.hidl.allocator@1.0-service.rc:6)
[  304.518394][    T1] init: Command 'stop hidl_memory' action=hidl_memory.disabled=true (/system_ext/etc/init/android.hidl.allocator@1.0-service.rc:7) took 75ms and succeeded
[  304.613768][    T1] init: processing action (hidl_memory.disabled=true) from (/system_ext/etc/init/android.hidl.allocator@1.0-service.rc:6)
[  304.775522][    T1] init: Command 'stop hidl_memory' action=hidl_memory.disabled=true (/system_ext/etc/init/android.hidl.allocator@1.0-service.rc:7) took 108ms and succeeded
[  305.096661][    T1] init: processing action (hidl_memory.disabled=true) from (/system_ext/etc/init/android.hidl.allocator@1.0-service.rc:6)
[  305.251567][    T1] init: Command 'stop hidl_memory' action=hidl_memory.disabled=true (/system_ext/etc/init/android.hidl.allocator@1.0-service.rc:7) took 106ms and succeeded
[  305.336314][    T1] init: processing action (hidl_memory.disabled=true) from (/system_ext/etc/init/android.hidl.allocator@1.0-service.rc:6)
[  305.479608][    T1] init: Command 'stop hidl_memory' action=hidl_memory.disabled=true (/system_ext/etc/init/android.hidl.allocator@1.0-service.rc:7) took 125ms and succeeded
[  305.562647][    T1] init: processing action (hidl_memory.disabled=true) from (/system_ext/etc/init/android.hidl.allocator@1.0-service.rc:6)
[  305.765388][    T1] init: Command 'stop hidl_memory' action=hidl_memory.disabled=true (/system_ext/etc/init/android.hidl.allocator@1.0-service.rc:7) took 125ms and succeeded
[  306.004686][    T1] init: processing action (llk.enable=0) from (/system/etc/init/llkd.rc:12)
[  306.181206][    T1] init: Command 'setprop llk.enable false' action=llk.enable=0 (/system/etc/init/llkd.rc:13) took 124ms and succeeded
[  306.223678][    T1] init: processing action (khungtask.enable=1) from (/system/etc/init/llkd.rc:18)
[  306.254423][    T1] init: processing action (llk.enable=0) from (/system/etc/init/llkd.rc:12)
[  306.262260][    T1] init: processing action (khungtask.enable=0) from (/system/etc/init/llkd.rc:21)
[  306.273806][    T1] init: processing action (hidl_memory.disabled=true) from (/system_ext/etc/init/android.hidl.allocator@1.0-service.rc:6)
[  306.290330][    T1] init: processing action (hidl_memory.disabled=true) from (/system_ext/etc/init/android.hidl.allocator@1.0-service.rc:6)
[  306.309840][    T1] init: processing action (init.svc.media=*) from (/system/etc/init/mediaserver.rc:1)
[  306.387974][    T1] init: processing action (init.svc.audioserver=running) from (/system/etc/init/audioserver.rc:43)
[  306.399688][    T1] init: Command 'start vendor.audio-hal' action=init.svc.audioserver=running (/system/etc/init/audioserver.rc:44) took 0ms and failed: service vendor.audio-hal not found
[  306.410476][    T1] init: service 'vendor.audio-hal-aidl' requested start, but it is already running (flags: 4, pid: 785, started 25082ms ago)
[  306.418497][    T1] init: service 'vendor.audio-effect-hal-aidl' requested start, but it is already running (flags: 4, pid: 786, started 24836ms ago)
[  306.423521][    T1] init: Command 'start vendor.audio-hal-4-0-msd' action=init.svc.audioserver=running (/system/etc/init/audioserver.rc:47) took 0ms and failed: service vendor.audio-hal-4-0-msd not found
[  306.432285][    T1] init: Command 'start audio_proxy_service' action=init.svc.audioserver=running (/system/etc/init/audioserver.rc:48) took 0ms and failed: service audio_proxy_service not found
[  306.445407][    T1] init: processing action (hidl_memory.disabled=true) from (/system_ext/etc/init/android.hidl.allocator@1.0-service.rc:6)
[  306.586432][    T1] init: Command 'stop hidl_memory' action=hidl_memory.disabled=true (/system_ext/etc/init/android.hidl.allocator@1.0-service.rc:7) took 111ms and succeeded
[  306.863975][    T1] init: processing action (khungtask.enable=true) from (/system/etc/init/llkd.rc:25)
[  306.943404][    T1] init: Command 'write /proc/sys/kernel/hung_task_timeout_secs ${ro.khungtask.timeout:-720}' action=khungtask.enable=true (/system/etc/init/llkd.rc:26) took 64ms and succeeded
[  307.204648][    T1] init: Command 'write /proc/sys/kernel/hung_task_warnings 65535' action=khungtask.enable=true (/system/etc/init/llkd.rc:27) took 157ms and succeeded
[  307.576744][    T1] init: Command 'write /proc/sys/kernel/hung_task_check_count 65535' action=khungtask.enable=true (/system/etc/init/llkd.rc:28) took 127ms and succeeded
[  307.965484][    T1] init: processing action (khungtask.enable=false) from (/system/etc/init/llkd.rc:31)
[  308.140224][    T1] init: Command 'write /proc/sys/kernel/hung_task_panic 0' action=khungtask.enable=false (/system/etc/init/llkd.rc:32) took 53ms and succeeded
[  309.782625][  T411] servicemanager: Caller(pid=811,uid=1001,sid=u:r:libcuttlefish_rild:s0) Found android.hardware.radio.ims.media.IImsMedia/default in device VINTF manifest.
[  310.402950][  T411] servicemanager: Caller(pid=811,uid=1001,sid=u:r:libcuttlefish_rild:s0) Found android.hardware.radio.config.IRadioConfig/default in device VINTF manifest.
[  310.979390][  T411] servicemanager: Caller(pid=811,uid=1001,sid=u:r:libcuttlefish_rild:s0) Found android.hardware.radio.data.IRadioData/slot1 in device VINTF manifest.
[  311.344329][  T411] servicemanager: Caller(pid=811,uid=1001,sid=u:r:libcuttlefish_rild:s0) Found android.hardware.radio.ims.IRadioIms/slot1 in device VINTF manifest.
[  311.910365][  T411] servicemanager: Caller(pid=811,uid=1001,sid=u:r:libcuttlefish_rild:s0) Found android.hardware.radio.messaging.IRadioMessaging/slot1 in device VINTF manifest.
[  312.417694][  T411] servicemanager: Caller(pid=811,uid=1001,sid=u:r:libcuttlefish_rild:s0) Found android.hardware.radio.modem.IRadioModem/slot1 in device VINTF manifest.
[  312.886618][  T411] servicemanager: Caller(pid=811,uid=1001,sid=u:r:libcuttlefish_rild:s0) Found android.hardware.radio.network.IRadioNetwork/slot1 in device VINTF manifest.
[  314.097678][  T411] servicemanager: Caller(pid=811,uid=1001,sid=u:r:libcuttlefish_rild:s0) Found android.hardware.radio.sim.IRadioSim/slot1 in device VINTF manifest.
[  314.234669][  T411] servicemanager: Caller(pid=811,uid=1001,sid=u:r:libcuttlefish_rild:s0) Found android.hardware.radio.voice.IRadioVoice/slot1 in device VINTF manifest.
[  314.413791][  T411] servicemanager: Caller(pid=811,uid=1001,sid=u:r:libcuttlefish_rild:s0) Found android.hardware.radio.sap.ISap/slot1 in device VINTF manifest.
[  318.311624][  T411] servicemanager: Caller(pid=813,uid=0,sid=u:r:update_engine:s0) Found android.hardware.boot.IBootControl/default in device VINTF manifest.
[  329.839491][  T421] logd: logdr: UID=1000 GID=1003 PID=836 n tail=500 logMask=8 pid=783 start=0ns deadline=0ns
[  330.379040][  T421] logd: logdr: UID=1000 GID=1003 PID=836 n tail=500 logMask=1 pid=783 start=0ns deadline=0ns
[  331.859742][  T425] type=1701 audit(1791395983.088:249): auid=4294967295 uid=1000 gid=1003 ses=4294967295 subj=u:r:surfaceflinger:s0 comm="surfaceflinger" exe="/system/bin/surfaceflinger" sig=6 res=1
[  331.985203][    T1] init: Untracked process (pid: 836 name: (crash_dump64) ppid: 1 pgrp: 834 state: Z) exited with status 0
[  332.060574][    T1] init: Untracked process (pid: 836 name: (crash_dump64) ppid: 1 pgrp: 834 state: Z) did not have an associated service entry and will not be reaped
[  332.274482][    T1] init: Untracked process (pid: 838 name: (surfaceflinger) ppid: 1 pgrp: 838 state: Z) exited with status 0
[  332.319804][    T1] init: Untracked process (pid: 838 name: (surfaceflinger) ppid: 1 pgrp: 838 state: Z) did not have an associated service entry and will not be reaped
[  333.951265][  T411] servicemanager: Caller(pid=795,uid=0,sid=u:r:storaged:s0) Found android.hardware.health.IHealth/default in device VINTF manifest.
[  336.300829][    T1] init: Service 'surfaceflinger' (pid 783) received SIGABRT
[  336.313740][    T1] init: Sending SIGKILL to service 'surfaceflinger' (pid 783) process group...
[  336.440092][    T1] libprocessgroup: Removed cgroup /sys/fs/cgroup/system/uid_1000/pid_783
[  336.483434][    T1] init: Sending SIGKILL to service 'zygote' (pid 778) process group...
[  338.599394][    T1] libprocessgroup: Removed cgroup /sys/fs/cgroup/system/uid_0/pid_778
[  338.896174][    T1] init: Command 'restart --only-if-running zygote' action=onrestart (<Service 'surfaceflinger' onrestart>:1) took 2386ms and succeeded
[  339.211787][    T1] init: Service 'zygote' (pid 778) received SIGKILL
[  339.216402][    T1] init: Sending SIGKILL to service 'zygote' (pid 778) process group...
[  339.244706][    T1] libprocessgroup: Failed to write 1 to /sys/fs/cgroup/system/uid_0/pid_778/cgroup.kill: No such file or directory
[  339.296764][    T1] libprocessgroup: Removing /sys/fs/cgroup/system/uid_9999/pid_648
[  339.313757][    T1] libprocessgroup: Removing /sys/fs/cgroup/system/uid_9999/pid_449
[  339.318267][    T1] libprocessgroup: Removing /sys/fs/cgroup/system/uid_9999/pid_656
[  339.323840][    T1] libprocessgroup: Removing /sys/fs/cgroup/system/uid_9999/pid_684
[  339.331816][    T1] libprocessgroup: Removing /sys/fs/cgroup/system/uid_9999/pid_664
[  339.346657][    T1] libprocessgroup: Removing /sys/fs/cgroup/system/uid_9999/pid_749
[  339.348827][    T1] libprocessgroup: Removing /sys/fs/cgroup/system/uid_9999/pid_654
[  339.355094][    T1] libprocessgroup: Removing /sys/fs/cgroup/system/uid_9999/pid_639
[  339.359430][    T1] libprocessgroup: Removing /sys/fs/cgroup/system/uid_9999/pid_751
[  339.370945][    T1] libprocessgroup: Removing /sys/fs/cgroup/system/uid_9999/pid_657
[  339.382094][    T1] libprocessgroup: Removing /sys/fs/cgroup/system/uid_9999/pid_683
[  339.391679][    T1] libprocessgroup: Removing /sys/fs/cgroup/system/uid_9999/pid_653
[  339.403629][    T1] libprocessgroup: Removing /sys/fs/cgroup/system/uid_9999/pid_643
[  339.477892][    T1] libprocessgroup: Removing /sys/fs/cgroup/system/uid_9999/pid_651
[  339.492744][    T1] libprocessgroup: Removing /sys/fs/cgroup/system/uid_9999/pid_641
[  339.640954][    T1] libprocessgroup: Removing /sys/fs/cgroup/system/uid_1001/pid_811
[  339.875662][    T1] libprocessgroup: Removing /sys/fs/cgroup/system/uid_1058/pid_478
[  340.100668][    T1] libprocessgroup: Removing /sys/fs/cgroup/system/uid_1076/pid_691
[  340.263785][    T1] libprocessgroup: Removing /sys/fs/cgroup/system/uid_1066/pid_606
[  340.436206][    T1] libprocessgroup: Removing /sys/fs/cgroup/system/uid_1084/pid_658
[  340.806162][    T1] libprocessgroup: Removing /sys/fs/cgroup/system/uid_1046/pid_810
[  341.198977][    T1] libprocessgroup: Removing /sys/fs/cgroup/system/uid_1036/pid_409
[  341.226011][    T1] libprocessgroup: Removing /sys/fs/cgroup/system/uid_1036/pid_798
[  341.238025][    T1] libprocessgroup: Removing /sys/fs/cgroup/system/uid_1064/pid_686
[  341.248591][    T1] libprocessgroup: Removing /sys/fs/cgroup/system/uid_1064/pid_622
[  341.258935][    T1] libprocessgroup: Removing /sys/fs/cgroup/system/uid_1092/pid_400
[  341.271088][    T1] libprocessgroup: Removing /sys/fs/cgroup/system/uid_1072/pid_697
[  341.284129][    T1] libprocessgroup: Removing /sys/fs/cgroup/system/uid_1080/pid_617
[  341.299668][    T1] libprocessgroup: Removing /sys/fs/cgroup/system/uid_1080/pid_633
[  341.309713][    T1] libprocessgroup: Removing /sys/fs/cgroup/system/uid_1040/pid_793
[  341.315985][    T1] libprocessgroup: Removing /sys/fs/cgroup/system/uid_1069/pid_410
[  341.331099][    T1] libprocessgroup: Removing /sys/fs/cgroup/system/uid_1002/pid_666
[  341.334766][    T1] libprocessgroup: Removing /sys/fs/cgroup/system/uid_1002/pid_674
[  341.340165][    T1] libprocessgroup: Removing /sys/fs/cgroup/system/uid_1002/pid_679
[  341.348939][    T1] libprocessgroup: Removing /sys/fs/cgroup/system/uid_1002/pid_667
[  341.477896][    T1] libprocessgroup: Removing /sys/fs/cgroup/system/uid_1002/pid_675
[  341.572958][    T1] libprocessgroup: Removing /sys/fs/cgroup/system/uid_1002/pid_678
[  341.675034][    T1] libprocessgroup: Removing /sys/fs/cgroup/system/uid_1002/pid_668
[  341.774318][    T1] libprocessgroup: Removing /sys/fs/cgroup/system/uid_1010/pid_665
[  341.975607][    T1] libprocessgroup: Removing /sys/fs/cgroup/system/uid_1067/pid_791
[  342.124692][    T1] libprocessgroup: Removing /sys/fs/cgroup/system/uid_1000/pid_646
[  342.143758][    T1] libprocessgroup: Removing /sys/fs/cgroup/system/uid_1000/pid_710
[  342.357951][    T1] libprocessgroup: Removing /sys/fs/cgroup/system/uid_1000/pid_616
[  342.498345][    T1] libprocessgroup: Removing /sys/fs/cgroup/system/uid_1000/pid_680
[  342.626970][    T1] libprocessgroup: Removing /sys/fs/cgroup/system/uid_1000/pid_642
[  342.646061][    T1] libprocessgroup: Removing /sys/fs/cgroup/system/uid_1000/pid_650
[  342.649937][    T1] libprocessgroup: Removing /sys/fs/cgroup/system/uid_1000/pid_640
[  342.654030][    T1] libprocessgroup: Removing /sys/fs/cgroup/system/uid_1000/pid_659
[  342.661280][    T1] libprocessgroup: Removing /sys/fs/cgroup/system/uid_1000/pid_649
[  342.692166][    T1] libprocessgroup: Removing /sys/fs/cgroup/system/uid_1000/pid_411
[  342.820862][    T1] libprocessgroup: Removing /sys/fs/cgroup/system/uid_1000/pid_647
[  342.974920][    T1] libprocessgroup: Removing /sys/fs/cgroup/system/uid_1000/pid_788
[  343.103168][    T1] libprocessgroup: Removing /sys/fs/cgroup/system/uid_1000/pid_448
[  343.170953][    T1] libprocessgroup: Removing /sys/fs/cgroup/system/uid_1000/pid_645
[  343.215931][    T1] libprocessgroup: Removing /sys/fs/cgroup/system/uid_1000/pid_597
[  343.347239][    T1] libprocessgroup: Removing /sys/fs/cgroup/system/uid_1000/pid_681
[  343.397282][    T1] libprocessgroup: Removing /sys/fs/cgroup/system/uid_1000/pid_812
[  343.476261][    T1] libprocessgroup: Removing /sys/fs/cgroup/system/uid_1000/pid_442
[  343.520173][    T1] libprocessgroup: Removing /sys/fs/cgroup/system/uid_1019/pid_730
[  343.726684][    T1] libprocessgroup: Removing /sys/fs/cgroup/system/uid_1047/pid_773
[  343.744295][    T1] libprocessgroup: Removing /sys/fs/cgroup/system/uid_1047/pid_687
[  343.817873][    T1] libprocessgroup: Removing /sys/fs/cgroup/system/uid_1027/pid_685
[  343.875503][    T1] libprocessgroup: Removing /sys/fs/cgroup/system/uid_1083/pid_662
[  343.893792][    T1] libprocessgroup: Removing /sys/fs/cgroup/system/uid_1017/pid_443
[  344.081998][    T1] libprocessgroup: Removing /sys/fs/cgroup/system/uid_0/pid_704
[  344.099137][    T1] libprocessgroup: Removing /sys/fs/cgroup/system/uid_0/pid_815
[  344.109642][    T1] libprocessgroup: Removing /sys/fs/cgroup/system/uid_0/pid_644
[  344.121180][    T1] libprocessgroup: Removing /sys/fs/cgroup/system/uid_0/pid_795
[  344.126190][    T1] libprocessgroup: Removing /sys/fs/cgroup/system/uid_0/pid_813
[  344.204065][    T1] libprocessgroup: Removing /sys/fs/cgroup/system/uid_0/pid_483
[  344.214310][    T1] libprocessgroup: Removing /sys/fs/cgroup/system/uid_0/pid_116
[  344.345217][    T1] libprocessgroup: Removing /sys/fs/cgroup/system/uid_0/pid_446
[  344.390851][    T1] libprocessgroup: Removing /sys/fs/cgroup/system/uid_0/pid_426
[  344.412861][    T1] libprocessgroup: Removing /sys/fs/cgroup/system/uid_0/pid_444
[  344.423655][    T1] libprocessgroup: Removing /sys/fs/cgroup/system/uid_0/pid_792
[  344.429779][    T1] libprocessgroup: Removing /sys/fs/cgroup/system/uid_0/pid_782
[  344.434694][    T1] libprocessgroup: Removing /sys/fs/cgroup/system/uid_0/pid_716
[  344.520099][    T1] libprocessgroup: Removing /sys/fs/cgroup/system/uid_1013/pid_628
[  344.648232][    T1] libprocessgroup: Removing /sys/fs/cgroup/system/uid_1013/pid_637
[  344.681847][    T1] libprocessgroup: Removing /sys/fs/cgroup/system/uid_1013/pid_776
[  344.768316][    T1] libprocessgroup: Removing /sys/fs/cgroup/system/uid_1013/pid_794
[  344.966157][    T1] libprocessgroup: Removing /sys/fs/cgroup/system/uid_1041/pid_785
[  345.053939][    T1] libprocessgroup: Removing /sys/fs/cgroup/system/uid_1041/pid_612
[  345.286923][    T1] libprocessgroup: Removing /sys/fs/cgroup/system/uid_1041/pid_781
[  345.432310][    T1] libprocessgroup: Removing /sys/fs/cgroup/system/uid_1041/pid_786
[  346.012959][    T1] init: starting service 'exec 19 (/system/bin/vdc volume abort_fuse)'...
[  346.754717][    T1] libprocessgroup: Created cgroup /sys/fs/cgroup/system/uid_1000/pid_847
[  347.799538][    T1] init: ... started service 'exec 19 (/system/bin/vdc volume abort_fuse)' has pid 847
[  347.826969][    T1] init: Command 'exec_background - system system -- /system/bin/vdc volume abort_fuse' action=onrestart (<Service 'zygote' onrestart>:1) took 2327ms and succeeded
[  348.067174][    T1] init: Command 'write /sys/power/state on' action=onrestart (<Service 'zygote' onrestart>:2) took 212ms and failed: Unable to write to file '/sys/power/state': Unable to write file contents: Invalid argument
[  348.125377][    T1] init: Sending SIGKILL to service 'audioserver' (pid 781) process group...
[  350.452027][    T1] libprocessgroup: Still waiting on process(es) to exit for cgroup /sys/fs/cgroup/system/uid_1041/pid_781 after 2256 ms
[  350.628839][    T1] libprocessgroup: Unable to remove cgroup /sys/fs/cgroup/system/uid_1041/pid_781: Device or resource busy
[  350.889181][    T1] init: Command 'restart audioserver' action=onrestart (<Service 'zygote' onrestart>:4) took 2730ms and succeeded
[  351.005917][    T1] init: Sending SIGKILL to service 'cameraserver' (pid 773) process group...
[  352.993990][    T1] libprocessgroup: Removed cgroup /sys/fs/cgroup/system/uid_1047/pid_773
[  353.364980][    T1] init: Command 'restart cameraserver' action=onrestart (<Service 'zygote' onrestart>:5) took 2431ms and succeeded
[  353.396686][    T1] init: Sending SIGKILL to service 'media' (pid 776) process group...
[  353.412380][  T847] libbinder.BackendUnifiedServiceManager: Thread Pool max thread count is 0. Cannot cache binder as linkToDeath cannot be implemented. serviceName: vold
[  354.336740][  T411] servicemanager: Caller(pid=786,uid=1041,sid=u:r:hal_audio_default:s0) Found android.hardware.audio.effect.IFactory/default in device VINTF manifest.
[  354.381701][  T411] servicemanager: Caller(pid=810,uid=1046,sid=u:r:mediaswcodec:s0) Found android.hardware.media.c2.IComponentStore/software in framework VINTF manifest.
[  354.812288][  T411] servicemanager: Caller(pid=810,uid=1046,sid=u:r:mediaswcodec:s0) Found android.hardware.media.c2.IComponentStore/software in framework VINTF manifest.
[  355.035471][  T411] servicemanager: Caller(pid=810,uid=1046,sid=u:r:mediaswcodec:s0) Could not find android.hardware.media.c2.IComponentStore/default in the VINTF manifest. No alternative instances declared in VINTF.
[  355.183553][    T1] libprocessgroup: Removed cgroup /sys/fs/cgroup/system/uid_1013/pid_776
[  355.313724][    T1] init: Command 'restart media' action=onrestart (<Service 'zygote' onrestart>:6) took 1928ms and succeeded
[  355.330614][    T1] init: Command 'restart --only-if-running media.tuner' action=onrestart (<Service 'zygote' onrestart>:7) took 9ms and failed: service media.tuner not found
[  355.339657][    T1] init: Sending SIGKILL to service 'netd' (pid 782) process group...
[  355.368744][  T411] servicemanager: Caller(pid=785,uid=1041,sid=u:r:hal_audio_default:s0) Found android.hardware.audio.core.IConfig/default in device VINTF manifest.
[  355.387808][  T411] servicemanager: Caller(pid=785,uid=1041,sid=u:r:hal_audio_default:s0) Found android.hardware.audio.core.IModule/default in device VINTF manifest.
[  355.407871][  T411] servicemanager: Caller(pid=785,uid=1041,sid=u:r:hal_audio_default:s0) Found android.hardware.audio.core.IModule/r_submix in device VINTF manifest.
[  355.428564][  T411] servicemanager: Caller(pid=785,uid=1041,sid=u:r:hal_audio_default:s0) Found android.hardware.bluetooth.audio.IBluetoothAudioProviderFactory/default in device VINTF manifest.
[  355.443456][  T411] servicemanager: Caller(pid=785,uid=1041,sid=u:r:hal_audio_default:s0) Found android.hardware.audio.core.IModule/bluetooth in device VINTF manifest.
[  355.727336][    T1] libprocessgroup: Removed cgroup /sys/fs/cgroup/system/uid_0/pid_782
[  355.752312][    T1] init: Command 'restart netd' action=onrestart (<Service 'zygote' onrestart>:8) took 412ms and succeeded
[  355.762456][    T1] init: Command 'restart wificond' action=onrestart (<Service 'zygote' onrestart>:9) took 4ms and failed: service wificond not found
[  355.807072][    T1] init: Service 'cameraserver' (pid 773) received SIGKILL
[  355.813470][    T1] init: Sending SIGKILL to service 'cameraserver' (pid 773) process group...
[  355.815309][    T1] libprocessgroup: Failed to write 1 to /sys/fs/cgroup/system/uid_1047/pid_773/cgroup.kill: No such file or directory
[  355.834625][    T1] init: Service 'media' (pid 776) received SIGKILL
[  355.834870][    T1] init: Sending SIGKILL to service 'media' (pid 776) process group...
[  355.835679][    T1] libprocessgroup: Failed to write 1 to /sys/fs/cgroup/system/uid_1013/pid_776/cgroup.kill: No such file or directory
[  355.847040][    T1] init: Service 'audioserver' (pid 781) received SIGKILL
[  355.847576][    T1] init: Sending SIGKILL to service 'audioserver' (pid 781) process group...
[  355.853523][    T1] libprocessgroup: Removed cgroup /sys/fs/cgroup/system/uid_1041/pid_781
[  355.854441][    T1] init: Command 'restart vendor.audio-hal' action=onrestart (<Service 'audioserver' onrestart>:1) took 0ms and failed: service vendor.audio-hal not found
[  355.855681][    T1] init: Sending SIGKILL to service 'vendor.audio-hal-aidl' (pid 785) process group...
[  355.936676][    T1] libprocessgroup: Removed cgroup /sys/fs/cgroup/system/uid_1041/pid_785
[  355.941358][    T1] init: Command 'restart vendor.audio-hal-aidl' action=onrestart (<Service 'audioserver' onrestart>:2) took 86ms and succeeded
[  355.944883][    T1] init: Sending SIGKILL to service 'vendor.audio-effect-hal-aidl' (pid 786) process group...
[  355.991053][    T1] libprocessgroup: Removed cgroup /sys/fs/cgroup/system/uid_1041/pid_786
[  355.993484][    T1] init: Command 'restart vendor.audio-hal-4-0-msd' action=onrestart (<Service 'audioserver' onrestart>:4) took 0ms and failed: service vendor.audio-hal-4-0-msd not found
[  355.994078][    T1] init: Command 'restart audio_proxy_service' action=onrestart (<Service 'audioserver' onrestart>:5) took 0ms and failed: service audio_proxy_service not found
[  356.188746][    T1] init: Service 'netd' (pid 782) received SIGKILL
[  356.203029][    T1] init: Sending SIGKILL to service 'netd' (pid 782) process group...
[  356.220272][    T1] libprocessgroup: Failed to write 1 to /sys/fs/cgroup/system/uid_0/pid_782/cgroup.kill: No such file or directory
[  356.262974][    T1] init: Command 'restart zygote_secondary' action=onrestart (<Service 'netd' onrestart>:2) took 15ms and failed: service zygote_secondary not found
[  356.439997][    T1] init: Service 'vendor.audio-hal-aidl' (pid 785) received SIGKILL
[  356.464744][    T1] init: Sending SIGKILL to service 'vendor.audio-hal-aidl' (pid 785) process group...
[  356.503926][    T1] libprocessgroup: Failed to write 1 to /sys/fs/cgroup/system/uid_1041/pid_785/cgroup.kill: No such file or directory
[  356.576882][    T1] init: Service 'vendor.audio-effect-hal-aidl' (pid 786) received SIGKILL
[  356.579452][    T1] init: Sending SIGKILL to service 'vendor.audio-effect-hal-aidl' (pid 786) process group...
[  356.580774][    T1] libprocessgroup: Failed to write 1 to /sys/fs/cgroup/system/uid_1041/pid_786/cgroup.kill: No such file or directory
[  356.586759][    T1] init: Service 'exec 19 (/system/bin/vdc volume abort_fuse)' (pid 847) exited with status 0 oneshot service took 10.065000 seconds in background
[  356.587520][    T1] init: Sending SIGKILL to service 'exec 19 (/system/bin/vdc volume abort_fuse)' (pid 847) process group...
[  356.592005][    T1] libprocessgroup: Removed cgroup /sys/fs/cgroup/system/uid_1000/pid_847
[  356.600781][    T1] init: Untracked process (pid: 787 name: (iptables-restor) ppid: 1 pgrp: 782 state: Z) received SIGKILL
[  356.601359][    T1] init: Untracked process (pid: 787 name: (iptables-restor) ppid: 1 pgrp: 782 state: Z) did not have an associated service entry and will not be reaped
[  356.603811][    T1] init: Untracked process (pid: 789 name: (ip6tables-resto) ppid: 1 pgrp: 782 state: Z) received SIGKILL
[  356.604405][    T1] init: Untracked process (pid: 789 name: (ip6tables-resto) ppid: 1 pgrp: 782 state: Z) did not have an associated service entry and will not be reaped
[  356.610356][    T1] init: processing action (init.svc.media=*) from (/system/etc/init/mediaserver.rc:1)
[  356.616450][    T1] init: starting service 'zygote'...
[  356.624316][    T1] init: Created socket '/dev/socket/zygote', mode 660, user 0, group 1000
[  356.625381][    T1] init: Created socket '/dev/socket/usap_pool_primary', mode 660, user 0, group 1000
[  356.747663][    T1] libprocessgroup: Created cgroup /sys/fs/cgroup/system/uid_0/pid_860
[  356.801153][    T1] init: ... started service 'zygote' has pid 860
[  356.807935][    T1] init: starting service 'audioserver'...
[  356.882807][    T1] libprocessgroup: Created cgroup /sys/fs/cgroup/system/uid_1041/pid_861
[  356.907217][    T1] init: ... started service 'audioserver' has pid 861
[  356.919706][    T1] init: starting service 'cameraserver'...
[  357.019949][    T1] libprocessgroup: Created cgroup /sys/fs/cgroup/system/uid_1047/pid_862
[  357.077622][    T1] init: ... started service 'cameraserver' has pid 862
[  357.085927][    T1] init: starting service 'media'...
[  357.228822][    T1] libprocessgroup: Created cgroup /sys/fs/cgroup/system/uid_1013/pid_863
[  357.381131][    T1] init: ... started service 'media' has pid 863
[  357.396639][    T1] init: starting service 'netd'...
[  357.415931][    T1] init: Created socket '/dev/socket/dnsproxyd', mode 660, user 0, group 3003
[  357.426503][    T1] init: Created socket '/dev/socket/mdns', mode 660, user 0, group 1000
[  357.437769][    T1] init: Created socket '/dev/socket/fwmarkd', mode 660, user 0, group 3003
[  357.541852][    T1] libprocessgroup: Created cgroup /sys/fs/cgroup/system/uid_0/pid_864
[  357.584015][    T1] init: ... started service 'netd' has pid 864
[  357.592607][    T1] init: starting service 'surfaceflinger'...
[  357.661287][    T1] libprocessgroup: Created cgroup /sys/fs/cgroup/system/uid_1000/pid_865
[  357.711981][    T1] init: ... started service 'surfaceflinger' has pid 865
[  357.721846][    T1] init: starting service 'vendor.audio-hal-aidl'...
[  357.764545][    T1] libprocessgroup: Created cgroup /sys/fs/cgroup/system/uid_1041/pid_866
[  357.794005][    T1] init: ... started service 'vendor.audio-hal-aidl' has pid 866
[  357.802531][    T1] init: starting service 'vendor.audio-effect-hal-aidl'...
[  357.877475][    T1] libprocessgroup: Created cgroup /sys/fs/cgroup/system/uid_1041/pid_867
[  358.039362][    T1] init: ... started service 'vendor.audio-effect-hal-aidl' has pid 867
[  358.052553][    T1] init: processing action (init.svc.media=*) from (/system/etc/init/mediaserver.rc:1)
[  358.060764][    T1] init: processing action (init.svc.audioserver=running) from (/system/etc/init/audioserver.rc:43)
[  358.071609][    T1] init: Command 'start vendor.audio-hal' action=init.svc.audioserver=running (/system/etc/init/audioserver.rc:44) took 1ms and failed: service vendor.audio-hal not found
[  358.078944][    T1] init: service 'vendor.audio-hal-aidl' requested start, but it is already running (flags: 4, pid: 866, started 329ms ago)
[  358.084131][    T1] init: service 'vendor.audio-effect-hal-aidl' requested start, but it is already running (flags: 4, pid: 867, started 209ms ago)
[  358.100703][    T1] init: Command 'start vendor.audio-hal-4-0-msd' action=init.svc.audioserver=running (/system/etc/init/audioserver.rc:47) took 0ms and failed: service vendor.audio-hal-4-0-msd not found
[  358.121593][    T1] init: Command 'start audio_proxy_service' action=init.svc.audioserver=running (/system/etc/init/audioserver.rc:48) took 0ms and failed: service audio_proxy_service not found
[  358.136136][    T1] init: processing action (init.svc.media=*) from (/system/etc/init/mediaserver.rc:1)
[  359.292876][  T425] type=1325 audit(1791396010.660:250): table=filter family=2 entries=81 op=xt_replace subj=u:r:netd:s0 comm="iptables-restor"
[  359.331739][  T425] type=1300 audit(1791396010.660:250): arch=c00000b7 syscall=208 success=yes exit=0 a0=4 a1=0 a2=40 a3=b4000073f0004010 items=0 ppid=864 auid=4294967295 uid=0 gid=0 euid=0 suid=0 fsuid=0 egid=0 sgid=0 fsgid=0 tty=(none) ses=4294967295 comm="iptables-restor" exe="/system/bin/iptables" subj=u:r:netd:s0 key=(null)
[  359.373348][  T425] type=1327 audit(1791396010.660:250): proctitle=2F73797374656D2F62696E2F69707461626C65732D726573746F7265002D2D6E6F666C757368002D77002D76
[  359.470914][  T425] type=1320 audit(1791396010.660:250): 
[  359.485748][  T425] type=1325 audit(1791396010.780:251): table=filter family=10 entries=81 op=xt_replace subj=u:r:netd:s0 comm="ip6tables-resto"
[  359.513509][  T425] type=1300 audit(1791396010.780:251): arch=c00000b7 syscall=208 success=yes exit=0 a0=4 a1=29 a2=40 a3=b4000072af820940 items=0 ppid=864 auid=4294967295 uid=0 gid=0 euid=0 suid=0 fsuid=0 egid=0 sgid=0 fsgid=0 tty=(none) ses=4294967295 comm="ip6tables-resto" exe="/system/bin/iptables" subj=u:r:netd:s0 key=(null)
[  359.608321][  T425] type=1327 audit(1791396010.780:251): proctitle=2F73797374656D2F62696E2F6970367461626C65732D726573746F7265002D2D6E6F666C757368002D77002D76
[  359.615512][  T425] type=1320 audit(1791396010.780:251): 
[  359.618770][  T425] type=1325 audit(1791396010.800:252): table=filter family=2 entries=77 op=xt_replace subj=u:r:netd:s0 comm="iptables-restor"
[  359.638689][  T425] type=1300 audit(1791396010.800:252): arch=c00000b7 syscall=208 success=yes exit=0 a0=4 a1=0 a2=40 a3=b4000073f0004010 items=0 ppid=864 auid=4294967295 uid=0 gid=0 euid=0 suid=0 fsuid=0 egid=0 sgid=0 fsgid=0 tty=(none) ses=4294967295 comm="iptables-restor" exe="/system/bin/iptables" subj=u:r:netd:s0 key=(null)
[  359.762922][  T425] type=1327 audit(1791396010.800:252): proctitle=2F73797374656D2F62696E2F69707461626C65732D726573746F7265002D2D6E6F666C757368002D77002D76
[  359.812341][  T425] type=1320 audit(1791396010.800:252): 
[  359.832651][  T425] type=1325 audit(1791396010.816:253): table=filter family=10 entries=77 op=xt_replace subj=u:r:netd:s0 comm="ip6tables-resto"
[  359.856729][  T425] type=1300 audit(1791396010.816:253): arch=c00000b7 syscall=208 success=yes exit=0 a0=4 a1=29 a2=40 a3=b4000072af820940 items=0 ppid=864 auid=4294967295 uid=0 gid=0 euid=0 suid=0 fsuid=0 egid=0 sgid=0 fsgid=0 tty=(none) ses=4294967295 comm="ip6tables-resto" exe="/system/bin/iptables" subj=u:r:netd:s0 key=(null)
[  359.889592][  T425] type=1327 audit(1791396010.816:253): proctitle=2F73797374656D2F62696E2F6970367461626C65732D726573746F7265002D2D6E6F666C757368002D77002D76
[  359.907858][  T425] type=1320 audit(1791396010.816:253): 
[  359.922521][  T425] type=1325 audit(1791396010.840:254): table=raw family=2 entries=16 op=xt_replace subj=u:r:netd:s0 comm="iptables-restor"
[  359.928202][  T425] type=1300 audit(1791396010.840:254): arch=c00000b7 syscall=208 success=yes exit=0 a0=4 a1=0 a2=40 a3=b400007430004960 items=0 ppid=864 auid=4294967295 uid=0 gid=0 euid=0 suid=0 fsuid=0 egid=0 sgid=0 fsgid=0 tty=(none) ses=4294967295 comm="iptables-restor" exe="/system/bin/iptables" subj=u:r:netd:s0 key=(null)
[  359.949752][  T425] type=1327 audit(1791396010.840:254): proctitle=2F73797374656D2F62696E2F69707461626C65732D726573746F7265002D2D6E6F666C757368002D77002D76
[  359.954761][  T425] type=1320 audit(1791396010.840:254): 
[  359.958247][  T425] type=1325 audit(1791396010.880:255): table=raw family=10 entries=16 op=xt_replace subj=u:r:netd:s0 comm="ip6tables-resto"
[  359.963701][  T425] type=1300 audit(1791396010.880:255): arch=c00000b7 syscall=208 success=yes exit=0 a0=4 a1=29 a2=40 a3=b40000734f812d00 items=0 ppid=864 auid=4294967295 uid=0 gid=0 euid=0 suid=0 fsuid=0 egid=0 sgid=0 fsgid=0 tty=(none) ses=4294967295 comm="ip6tables-resto" exe="/system/bin/iptables" subj=u:r:netd:s0 key=(null)
[  359.975854][  T425] type=1327 audit(1791396010.880:255): proctitle=2F73797374656D2F62696E2F6970367461626C65732D726573746F7265002D2D6E6F666C757368002D77002D76
[  359.985300][  T425] type=1320 audit(1791396010.880:255): 
[  359.986568][  T425] type=1325 audit(1791396010.896:256): table=mangle family=2 entries=37 op=xt_replace subj=u:r:netd:s0 comm="iptables-restor"
[  359.990654][  T425] type=1300 audit(1791396010.896:256): arch=c00000b7 syscall=208 success=yes exit=0 a0=4 a1=0 a2=40 a3=b4000074d00127b0 items=0 ppid=864 auid=4294967295 uid=0 gid=0 euid=0 suid=0 fsuid=0 egid=0 sgid=0 fsgid=0 tty=(none) ses=4294967295 comm="iptables-restor" exe="/system/bin/iptables" subj=u:r:netd:s0 key=(null)
[  359.998280][  T425] type=1327 audit(1791396010.896:256): proctitle=2F73797374656D2F62696E2F69707461626C65732D726573746F7265002D2D6E6F666C757368002D77002D76
[  360.002258][  T425] type=1320 audit(1791396010.896:256): 
[  360.005189][  T425] type=1325 audit(1791396010.912:257): table=mangle family=10 entries=36 op=xt_replace subj=u:r:netd:s0 comm="ip6tables-resto"
[  360.013295][  T425] type=1300 audit(1791396010.912:257): arch=c00000b7 syscall=208 success=yes exit=0 a0=4 a1=29 a2=40 a3=b40000729f808010 items=0 ppid=864 auid=4294967295 uid=0 gid=0 euid=0 suid=0 fsuid=0 egid=0 sgid=0 fsgid=0 tty=(none) ses=4294967295 comm="ip6tables-resto" exe="/system/bin/iptables" subj=u:r:netd:s0 key=(null)
[  360.022947][  T425] type=1327 audit(1791396010.912:257): proctitle=2F73797374656D2F62696E2F6970367461626C65732D726573746F7265002D2D6E6F666C757368002D77002D76
[  360.033510][  T425] type=1320 audit(1791396010.912:257): 
[  360.038300][  T425] type=1325 audit(1791396011.028:258): table=mangle family=2 entries=36 op=xt_replace subj=u:r:netd:s0 comm="iptables-restor"
[  360.046268][  T425] type=1300 audit(1791396011.028:258): arch=c00000b7 syscall=208 success=yes exit=0 a0=4 a1=0 a2=40 a3=b4000074d00127b0 items=0 ppid=864 auid=4294967295 uid=0 gid=0 euid=0 suid=0 fsuid=0 egid=0 sgid=0 fsgid=0 tty=(none) ses=4294967295 comm="iptables-restor" exe="/system/bin/iptables" subj=u:r:netd:s0 key=(null)
[  360.054540][  T425] type=1327 audit(1791396011.028:258): proctitle=2F73797374656D2F62696E2F69707461626C65732D726573746F7265002D2D6E6F666C757368002D77002D76
[  360.058193][  T425] type=1320 audit(1791396011.028:258): 
[  360.060846][  T425] type=1325 audit(1791396011.160:259): table=mangle family=10 entries=36 op=xt_replace subj=u:r:netd:s0 comm="ip6tables-resto"
[  360.070351][  T425] type=1300 audit(1791396011.160:259): arch=c00000b7 syscall=208 success=yes exit=0 a0=4 a1=29 a2=40 a3=b4000071ef808010 items=0 ppid=864 auid=4294967295 uid=0 gid=0 euid=0 suid=0 fsuid=0 egid=0 sgid=0 fsgid=0 tty=(none) ses=4294967295 comm="ip6tables-resto" exe="/system/bin/iptables" subj=u:r:netd:s0 key=(null)
[  360.079460][  T425] type=1327 audit(1791396011.160:259): proctitle=2F73797374656D2F62696E2F6970367461626C65732D726573746F7265002D2D6E6F666C757368002D77002D76
[  360.082919][  T425] type=1320 audit(1791396011.160:259): 
[  360.084124][  T425] type=1325 audit(1791396011.336:260): table=mangle family=2 entries=35 op=xt_replace subj=u:r:netd:s0 comm="iptables-restor"
[  360.088657][  T425] type=1300 audit(1791396011.336:260): arch=c00000b7 syscall=208 success=yes exit=0 a0=4 a1=0 a2=40 a3=b4000074d00127b0 items=0 ppid=864 auid=4294967295 uid=0 gid=0 euid=0 suid=0 fsuid=0 egid=0 sgid=0 fsgid=0 tty=(none) ses=4294967295 comm="iptables-restor" exe="/system/bin/iptables" subj=u:r:netd:s0 key=(null)
[  360.099272][  T425] type=1327 audit(1791396011.336:260): proctitle=2F73797374656D2F62696E2F69707461626C65732D726573746F7265002D2D6E6F666C757368002D77002D76
[  360.103482][  T425] type=1320 audit(1791396011.336:260): 
[  360.106158][  T425] type=1325 audit(1791396011.396:261): table=mangle family=10 entries=35 op=xt_replace subj=u:r:netd:s0 comm="ip6tables-resto"
[  360.110743][  T425] type=1300 audit(1791396011.396:261): arch=c00000b7 syscall=208 success=yes exit=0 a0=4 a1=29 a2=40 a3=b4000071ef80e640 items=0 ppid=864 auid=4294967295 uid=0 gid=0 euid=0 suid=0 fsuid=0 egid=0 sgid=0 fsgid=0 tty=(none) ses=4294967295 comm="ip6tables-resto" exe="/system/bin/iptables" subj=u:r:netd:s0 key=(null)
[  360.120438][  T425] type=1327 audit(1791396011.396:261): proctitle=2F73797374656D2F62696E2F6970367461626C65732D726573746F7265002D2D6E6F666C757368002D77002D76
[  360.127181][  T425] type=1320 audit(1791396011.396:261): 
[  360.128772][  T425] type=1325 audit(1791396011.408:262): table=nat family=2 entries=11 op=xt_replace subj=u:r:netd:s0 comm="iptables-restor"
[  360.133107][  T425] type=1300 audit(1791396011.408:262): arch=c00000b7 syscall=208 success=yes exit=0 a0=4 a1=0 a2=40 a3=b400007430004130 items=0 ppid=864 auid=4294967295 uid=0 gid=0 euid=0 suid=0 fsuid=0 egid=0 sgid=0 fsgid=0 tty=(none) ses=4294967295 comm="iptables-restor" exe="/system/bin/iptables" subj=u:r:netd:s0 key=(null)
[  360.144774][  T425] type=1327 audit(1791396011.408:262): proctitle=2F73797374656D2F62696E2F69707461626C65732D726573746F7265002D2D6E6F666C757368002D77002D76
[  360.150217][  T425] type=1320 audit(1791396011.408:262): 
[  360.153772][  T425] type=1325 audit(1791396011.416:263): table=nat family=2 entries=11 op=xt_replace subj=u:r:netd:s0 comm="iptables-restor"
[  360.158207][  T425] type=1300 audit(1791396011.416:263): arch=c00000b7 syscall=208 success=yes exit=0 a0=4 a1=0 a2=40 a3=b400007430004130 items=0 ppid=864 auid=4294967295 uid=0 gid=0 euid=0 suid=0 fsuid=0 egid=0 sgid=0 fsgid=0 tty=(none) ses=4294967295 comm="iptables-restor" exe="/system/bin/iptables" subj=u:r:netd:s0 key=(null)
[  360.177468][  T425] type=1327 audit(1791396011.416:263): proctitle=2F73797374656D2F62696E2F69707461626C65732D726573746F7265002D2D6E6F666C757368002D77002D76
[  360.185175][  T425] type=1320 audit(1791396011.416:263): 
[  360.187740][  T425] type=1325 audit(1791396011.436:264): table=filter family=2 entries=76 op=xt_replace subj=u:r:netd:s0 comm="iptables-restor"
[  360.199231][  T425] type=1300 audit(1791396011.436:264): arch=c00000b7 syscall=208 success=yes exit=0 a0=4 a1=0 a2=40 a3=b4000073f0004010 items=0 ppid=864 auid=4294967295 uid=0 gid=0 euid=0 suid=0 fsuid=0 egid=0 sgid=0 fsgid=0 tty=(none) ses=4294967295 comm="iptables-restor" exe="/system/bin/iptables" subj=u:r:netd:s0 key=(null)
[  360.221279][  T425] type=1327 audit(1791396011.436:264): proctitle=2F73797374656D2F62696E2F69707461626C65732D726573746F7265002D2D6E6F666C757368002D77002D76
[  360.224590][  T425] type=1320 audit(1791396011.436:264): 
[  360.233297][  T425] type=1325 audit(1791396011.452:265): table=filter family=10 entries=77 op=xt_replace subj=u:r:netd:s0 comm="ip6tables-resto"
[  360.239548][  T425] type=1300 audit(1791396011.452:265): arch=c00000b7 syscall=208 success=yes exit=0 a0=4 a1=29 a2=40 a3=b4000072af820940 items=0 ppid=864 auid=4294967295 uid=0 gid=0 euid=0 suid=0 fsuid=0 egid=0 sgid=0 fsgid=0 tty=(none) ses=4294967295 comm="ip6tables-resto" exe="/system/bin/iptables" subj=u:r:netd:s0 key=(null)
[  360.255445][  T425] type=1327 audit(1791396011.452:265): proctitle=2F73797374656D2F62696E2F6970367461626C65732D726573746F7265002D2D6E6F666C757368002D77002D76
[  360.273688][  T425] type=1320 audit(1791396011.452:265): 
[  360.274257][  T425] type=1325 audit(1791396011.464:266): table=mangle family=2 entries=34 op=xt_replace subj=u:r:netd:s0 comm="iptables-restor"
[  360.277731][  T425] type=1300 audit(1791396011.464:266): arch=c00000b7 syscall=208 success=yes exit=0 a0=4 a1=0 a2=40 a3=b4000074d00127b0 items=0 ppid=864 auid=4294967295 uid=0 gid=0 euid=0 suid=0 fsuid=0 egid=0 sgid=0 fsgid=0 tty=(none) ses=4294967295 comm="iptables-restor" exe="/system/bin/iptables" subj=u:r:netd:s0 key=(null)
[  360.286103][  T425] type=1327 audit(1791396011.464:266): proctitle=2F73797374656D2F62696E2F69707461626C65732D726573746F7265002D2D6E6F666C757368002D77002D76
[  360.289139][  T425] type=1320 audit(1791396011.464:266): 
[  360.291205][  T425] type=1325 audit(1791396011.472:267): table=mangle family=10 entries=34 op=xt_replace subj=u:r:netd:s0 comm="ip6tables-resto"
[  360.297544][  T425] type=1300 audit(1791396011.472:267): arch=c00000b7 syscall=208 success=yes exit=0 a0=4 a1=29 a2=40 a3=b40000735f813380 items=0 ppid=864 auid=4294967295 uid=0 gid=0 euid=0 suid=0 fsuid=0 egid=0 sgid=0 fsgid=0 tty=(none) ses=4294967295 comm="ip6tables-resto" exe="/system/bin/iptables" subj=u:r:netd:s0 key=(null)
[  360.310216][  T425] type=1327 audit(1791396011.472:267): proctitle=2F73797374656D2F62696E2F6970367461626C65732D726573746F7265002D2D6E6F666C757368002D77002D76
[  360.317126][  T425] type=1320 audit(1791396011.472:267): 
[  360.319938][  T425] type=1325 audit(1791396011.488:268): table=filter family=2 entries=75 op=xt_replace subj=u:r:netd:s0 comm="iptables-restor"
[  360.327455][  T425] type=1300 audit(1791396011.488:268): arch=c00000b7 syscall=208 success=yes exit=0 a0=4 a1=0 a2=40 a3=b4000073f0004010 items=0 ppid=864 auid=4294967295 uid=0 gid=0 euid=0 suid=0 fsuid=0 egid=0 sgid=0 fsgid=0 tty=(none) ses=4294967295 comm="iptables-restor" exe="/system/bin/iptables" subj=u:r:netd:s0 key=(null)
[  360.353783][  T425] type=1327 audit(1791396011.488:268): proctitle=2F73797374656D2F62696E2F69707461626C65732D726573746F7265002D2D6E6F666C757368002D77002D76
[  360.359233][  T425] type=1320 audit(1791396011.488:268): 
[  360.362516][  T425] type=1325 audit(1791396011.492:269): table=filter family=10 entries=75 op=xt_replace subj=u:r:netd:s0 comm="ip6tables-resto"
[  360.370247][  T425] type=1300 audit(1791396011.492:269): arch=c00000b7 syscall=208 success=yes exit=0 a0=4 a1=29 a2=40 a3=b4000072af820940 items=0 ppid=864 auid=4294967295 uid=0 gid=0 euid=0 suid=0 fsuid=0 egid=0 sgid=0 fsgid=0 tty=(none) ses=4294967295 comm="ip6tables-resto" exe="/system/bin/iptables" subj=u:r:netd:s0 key=(null)
[  360.383277][  T425] type=1327 audit(1791396011.492:269): proctitle=2F73797374656D2F62696E2F6970367461626C65732D726573746F7265002D2D6E6F666C757368002D77002D76
[  360.393358][  T425] type=1320 audit(1791396011.492:269): 
[  360.397570][  T425] type=1325 audit(1791396011.492:270): table=filter family=2 entries=75 op=xt_replace subj=u:r:netd:s0 comm="iptables-restor"
[  360.406181][  T425] type=1300 audit(1791396011.492:270): arch=c00000b7 syscall=208 success=yes exit=0 a0=4 a1=0 a2=40 a3=b4000073f0004010 items=0 ppid=864 auid=4294967295 uid=0 gid=0 euid=0 suid=0 fsuid=0 egid=0 sgid=0 fsgid=0 tty=(none) ses=4294967295 comm="iptables-restor" exe="/system/bin/iptables" subj=u:r:netd:s0 key=(null)
[  360.419464][  T425] type=1327 audit(1791396011.492:270): proctitle=2F73797374656D2F62696E2F69707461626C65732D726573746F7265002D2D6E6F666C757368002D77002D76
[  360.425957][  T425] type=1320 audit(1791396011.492:270): 
[  360.427383][  T425] type=1325 audit(1791396011.492:271): table=nat family=2 entries=11 op=xt_replace subj=u:r:netd:s0 comm="iptables-restor"
[  360.455540][  T425] type=1300 audit(1791396011.492:271): arch=c00000b7 syscall=208 success=yes exit=0 a0=4 a1=0 a2=40 a3=b400007430004130 items=0 ppid=864 auid=4294967295 uid=0 gid=0 euid=0 suid=0 fsuid=0 egid=0 sgid=0 fsgid=0 tty=(none) ses=4294967295 comm="iptables-restor" exe="/system/bin/iptables" subj=u:r:netd:s0 key=(null)
[  360.497935][  T425] type=1327 audit(1791396011.492:271): proctitle=2F73797374656D2F62696E2F69707461626C65732D726573746F7265002D2D6E6F666C757368002D77002D76
[  360.507619][  T425] type=1320 audit(1791396011.492:271): 
[  360.509329][  T425] type=1325 audit(1791396011.500:272): table=filter family=10 entries=76 op=xt_replace subj=u:r:netd:s0 comm="ip6tables-resto"
[  360.517445][  T425] type=1300 audit(1791396011.500:272): arch=c00000b7 syscall=208 success=yes exit=0 a0=4 a1=29 a2=40 a3=b4000072af820940 items=0 ppid=864 auid=4294967295 uid=0 gid=0 euid=0 suid=0 fsuid=0 egid=0 sgid=0 fsgid=0 tty=(none) ses=4294967295 comm="ip6tables-resto" exe="/system/bin/iptables" subj=u:r:netd:s0 key=(null)
[  360.528192][  T425] type=1327 audit(1791396011.500:272): proctitle=2F73797374656D2F62696E2F6970367461626C65732D726573746F7265002D2D6E6F666C757368002D77002D76
[  360.535280][  T425] type=1320 audit(1791396011.500:272): 
[  360.536887][  T425] type=1325 audit(1791396011.500:273): table=raw family=10 entries=12 op=xt_replace subj=u:r:netd:s0 comm="ip6tables-resto"
[  360.549089][  T425] type=1300 audit(1791396011.500:273): arch=c00000b7 syscall=208 success=yes exit=0 a0=4 a1=29 a2=40 a3=b40000734f813930 items=0 ppid=864 auid=4294967295 uid=0 gid=0 euid=0 suid=0 fsuid=0 egid=0 sgid=0 fsgid=0 tty=(none) ses=4294967295 comm="ip6tables-resto" exe="/system/bin/iptables" subj=u:r:netd:s0 key=(null)
[  360.572011][  T425] type=1327 audit(1791396011.500:273): proctitle=2F73797374656D2F62696E2F6970367461626C65732D726573746F7265002D2D6E6F666C757368002D77002D76
[  360.580325][  T425] type=1320 audit(1791396011.500:273): 
[  360.582222][  T425] type=1325 audit(1791396011.524:274): table=mangle family=2 entries=30 op=xt_replace subj=u:r:netd:s0 comm="iptables-restor"
[  360.591263][  T425] type=1300 audit(1791396011.524:274): arch=c00000b7 syscall=208 success=yes exit=0 a0=4 a1=0 a2=40 a3=b4000074d00127b0 items=0 ppid=864 auid=4294967295 uid=0 gid=0 euid=0 suid=0 fsuid=0 egid=0 sgid=0 fsgid=0 tty=(none) ses=4294967295 comm="iptables-restor" exe="/system/bin/iptables" subj=u:r:netd:s0 key=(null)
[  360.609434][  T425] type=1327 audit(1791396011.524:274): proctitle=2F73797374656D2F62696E2F69707461626C65732D726573746F7265002D2D6E6F666C757368002D77002D76
[  360.617295][  T425] type=1320 audit(1791396011.524:274): 
[  360.620470][  T425] type=1325 audit(1791396011.524:275): table=filter family=2 entries=76 op=xt_replace subj=u:r:netd:s0 comm="iptables-restor"
[  360.633905][  T425] type=1300 audit(1791396011.524:275): arch=c00000b7 syscall=208 success=yes exit=0 a0=4 a1=0 a2=40 a3=b4000073f0004010 items=0 ppid=864 auid=4294967295 uid=0 gid=0 euid=0 suid=0 fsuid=0 egid=0 sgid=0 fsgid=0 tty=(none) ses=4294967295 comm="iptables-restor" exe="/system/bin/iptables" subj=u:r:netd:s0 key=(null)
[  360.657397][  T425] type=1327 audit(1791396011.524:275): proctitle=2F73797374656D2F62696E2F69707461626C65732D726573746F7265002D2D6E6F666C757368002D77002D76
[  360.667618][  T425] type=1320 audit(1791396011.524:275): 
[  360.670218][  T425] type=1325 audit(1791396011.524:276): table=filter family=10 entries=76 op=xt_replace subj=u:r:netd:s0 comm="ip6tables-resto"
[  360.685383][  T425] type=1300 audit(1791396011.524:276): arch=c00000b7 syscall=208 success=yes exit=0 a0=4 a1=29 a2=40 a3=b4000072af820940 items=0 ppid=864 auid=4294967295 uid=0 gid=0 euid=0 suid=0 fsuid=0 egid=0 sgid=0 fsgid=0 tty=(none) ses=4294967295 comm="ip6tables-resto" exe="/system/bin/iptables" subj=u:r:netd:s0 key=(null)
[  360.711911][  T425] type=1327 audit(1791396011.524:276): proctitle=2F73797374656D2F62696E2F6970367461626C65732D726573746F7265002D2D6E6F666C757368002D77002D76
[  360.718731][  T425] type=1320 audit(1791396011.524:276): 
[  360.720963][  T425] type=1325 audit(1791396011.532:277): table=filter family=2 entries=76 op=xt_replace subj=u:r:netd:s0 comm="iptables-restor"
[  360.733415][  T425] type=1300 audit(1791396011.532:277): arch=c00000b7 syscall=208 success=yes exit=0 a0=4 a1=0 a2=40 a3=b4000075a0012840 items=0 ppid=864 auid=4294967295 uid=0 gid=0 euid=0 suid=0 fsuid=0 egid=0 sgid=0 fsgid=0 tty=(none) ses=4294967295 comm="iptables-restor" exe="/system/bin/iptables" subj=u:r:netd:s0 key=(null)
[  360.749417][  T425] type=1327 audit(1791396011.532:277): proctitle=2F73797374656D2F62696E2F69707461626C65732D726573746F7265002D2D6E6F666C757368002D77002D76
[  360.765451][  T425] type=1320 audit(1791396011.532:277): 
[  360.767618][  T425] type=1325 audit(1791396011.532:278): table=raw family=2 entries=12 op=xt_replace subj=u:r:netd:s0 comm="iptables-restor"
[  360.781425][  T425] type=1300 audit(1791396011.532:278): arch=c00000b7 syscall=208 success=yes exit=0 a0=4 a1=0 a2=40 a3=b400007430004130 items=0 ppid=864 auid=4294967295 uid=0 gid=0 euid=0 suid=0 fsuid=0 egid=0 sgid=0 fsgid=0 tty=(none) ses=4294967295 comm="iptables-restor" exe="/system/bin/iptables" subj=u:r:netd:s0 key=(null)
[  360.802881][  T425] type=1327 audit(1791396011.532:278): proctitle=2F73797374656D2F62696E2F69707461626C65732D726573746F7265002D2D6E6F666C757368002D77002D76
[  360.812882][  T425] type=1320 audit(1791396011.532:278): 
[  360.815228][  T425] type=1325 audit(1791396011.532:279): table=mangle family=2 entries=31 op=xt_replace subj=u:r:netd:s0 comm="iptables-restor"
[  360.823449][  T425] type=1300 audit(1791396011.532:279): arch=c00000b7 syscall=208 success=yes exit=0 a0=4 a1=0 a2=40 a3=b4000074d00127b0 items=0 ppid=864 auid=4294967295 uid=0 gid=0 euid=0 suid=0 fsuid=0 egid=0 sgid=0 fsgid=0 tty=(none) ses=4294967295 comm="iptables-restor" exe="/system/bin/iptables" subj=u:r:netd:s0 key=(null)
[  360.849306][  T425] type=1327 audit(1791396011.532:279): proctitle=2F73797374656D2F62696E2F69707461626C65732D726573746F7265002D2D6E6F666C757368002D77002D76
[  360.859435][  T425] type=1320 audit(1791396011.532:279): 
[  360.869645][  T425] type=1325 audit(1791396011.544:280): table=filter family=10 entries=76 op=xt_replace subj=u:r:netd:s0 comm="ip6tables-resto"
[  360.876253][  T425] type=1300 audit(1791396011.544:280): arch=c00000b7 syscall=208 success=yes exit=0 a0=4 a1=29 a2=40 a3=b40000727f81b430 items=0 ppid=864 auid=4294967295 uid=0 gid=0 euid=0 suid=0 fsuid=0 egid=0 sgid=0 fsgid=0 tty=(none) ses=4294967295 comm="ip6tables-resto" exe="/system/bin/iptables" subj=u:r:netd:s0 key=(null)
[  360.898443][  T425] type=1327 audit(1791396011.544:280): proctitle=2F73797374656D2F62696E2F6970367461626C65732D726573746F7265002D2D6E6F666C757368002D77002D76
[  360.909455][  T425] type=1320 audit(1791396011.544:280): 
[  360.912251][  T425] type=1325 audit(1791396011.544:281): table=raw family=10 entries=12 op=xt_replace subj=u:r:netd:s0 comm="ip6tables-resto"
[  360.920454][  T425] type=1300 audit(1791396011.544:281): arch=c00000b7 syscall=208 success=yes exit=0 a0=4 a1=29 a2=40 a3=b40000734f813930 items=0 ppid=864 auid=4294967295 uid=0 gid=0 euid=0 suid=0 fsuid=0 egid=0 sgid=0 fsgid=0 tty=(none) ses=4294967295 comm="ip6tables-resto" exe="/system/bin/iptables" subj=u:r:netd:s0 key=(null)
[  360.929822][  T425] type=1327 audit(1791396011.544:281): proctitle=2F73797374656D2F62696E2F6970367461626C65732D726573746F7265002D2D6E6F666C757368002D77002D76
[  360.936910][  T425] type=1320 audit(1791396011.544:281): 
[  360.945445][  T425] type=1325 audit(1791396011.552:282): table=mangle family=10 entries=30 op=xt_replace subj=u:r:netd:s0 comm="ip6tables-resto"
[  360.952330][  T425] type=1300 audit(1791396011.552:282): arch=c00000b7 syscall=208 success=yes exit=0 a0=4 a1=29 a2=40 a3=b40000735f80fbe0 items=0 ppid=864 auid=4294967295 uid=0 gid=0 euid=0 suid=0 fsuid=0 egid=0 sgid=0 fsgid=0 tty=(none) ses=4294967295 comm="ip6tables-resto" exe="/system/bin/iptables" subj=u:r:netd:s0 key=(null)
[  360.969518][  T425] type=1327 audit(1791396011.552:282): proctitle=2F73797374656D2F62696E2F6970367461626C65732D726573746F7265002D2D6E6F666C757368002D77002D76
[  360.981379][  T425] type=1320 audit(1791396011.552:282): 
[  360.985100][  T425] type=1325 audit(1791396011.552:283): table=filter family=2 entries=70 op=xt_replace subj=u:r:netd:s0 comm="iptables-restor"
[  360.991445][  T425] type=1300 audit(1791396011.552:283): arch=c00000b7 syscall=208 success=yes exit=0 a0=4 a1=0 a2=40 a3=b4000074b0008da0 items=0 ppid=864 auid=4294967295 uid=0 gid=0 euid=0 suid=0 fsuid=0 egid=0 sgid=0 fsgid=0 tty=(none) ses=4294967295 comm="iptables-restor" exe="/system/bin/iptables" subj=u:r:netd:s0 key=(null)
[  361.009376][  T425] type=1327 audit(1791396011.552:283): proctitle=2F73797374656D2F62696E2F69707461626C65732D726573746F7265002D2D6E6F666C757368002D77002D76
[  361.014801][  T425] type=1320 audit(1791396011.552:283): 
[  361.017367][  T425] type=1325 audit(1791396011.560:284): table=filter family=10 entries=70 op=xt_replace subj=u:r:netd:s0 comm="ip6tables-resto"
[  361.024641][  T425] type=1300 audit(1791396011.560:284): arch=c00000b7 syscall=208 success=yes exit=0 a0=4 a1=29 a2=40 a3=b40000720f80a010 items=0 ppid=864 auid=4294967295 uid=0 gid=0 euid=0 suid=0 fsuid=0 egid=0 sgid=0 fsgid=0 tty=(none) ses=4294967295 comm="ip6tables-resto" exe="/system/bin/iptables" subj=u:r:netd:s0 key=(null)
[  361.041439][  T425] type=1327 audit(1791396011.560:284): proctitle=2F73797374656D2F62696E2F6970367461626C65732D726573746F7265002D2D6E6F666C757368002D77002D76
[  361.048635][  T425] type=1320 audit(1791396011.560:284): 
[  361.052318][  T425] type=1325 audit(1791396011.572:285): table=filter family=2 entries=58 op=xt_replace subj=u:r:netd:s0 comm="iptables-restor"
[  361.065329][  T425] type=1300 audit(1791396011.572:285): arch=c00000b7 syscall=208 success=yes exit=0 a0=4 a1=0 a2=40 a3=b4000075a0012840 items=0 ppid=864 auid=4294967295 uid=0 gid=0 euid=0 suid=0 fsuid=0 egid=0 sgid=0 fsgid=0 tty=(none) ses=4294967295 comm="iptables-restor" exe="/system/bin/iptables" subj=u:r:netd:s0 key=(null)
[  361.085443][  T425] type=1327 audit(1791396011.572:285): proctitle=2F73797374656D2F62696E2F69707461626C65732D726573746F7265002D2D6E6F666C757368002D77002D76
[  361.091504][  T425] type=1320 audit(1791396011.572:285): 
[  361.093833][  T425] type=1325 audit(1791396011.632:286): table=filter family=10 entries=58 op=xt_replace subj=u:r:netd:s0 comm="ip6tables-resto"
[  361.105243][  T425] type=1300 audit(1791396011.632:286): arch=c00000b7 syscall=208 success=yes exit=0 a0=4 a1=29 a2=40 a3=b40000727f81b430 items=0 ppid=864 auid=4294967295 uid=0 gid=0 euid=0 suid=0 fsuid=0 egid=0 sgid=0 fsgid=0 tty=(none) ses=4294967295 comm="ip6tables-resto" exe="/system/bin/iptables" subj=u:r:netd:s0 key=(null)
[  361.118392][  T425] type=1327 audit(1791396011.632:286): proctitle=2F73797374656D2F62696E2F6970367461626C65732D726573746F7265002D2D6E6F666C757368002D77002D76
[  361.125691][  T425] type=1320 audit(1791396011.632:286): 
[  361.128246][  T425] type=1325 audit(1791396011.640:287): table=mangle family=2 entries=31 op=xt_replace subj=u:r:netd:s0 comm="iptables-restor"
[  361.141350][  T425] type=1300 audit(1791396011.640:287): arch=c00000b7 syscall=208 success=yes exit=0 a0=4 a1=0 a2=40 a3=b4000074d00127b0 items=0 ppid=864 auid=4294967295 uid=0 gid=0 euid=0 suid=0 fsuid=0 egid=0 sgid=0 fsgid=0 tty=(none) ses=4294967295 comm="iptables-restor" exe="/system/bin/iptables" subj=u:r:netd:s0 key=(null)
[  361.154439][  T425] type=1327 audit(1791396011.640:287): proctitle=2F73797374656D2F62696E2F69707461626C65732D726573746F7265002D2D6E6F666C757368002D77002D76
[  361.161482][  T425] type=1320 audit(1791396011.640:287): 
[  361.164407][  T425] type=1325 audit(1791396011.640:288): table=mangle family=10 entries=30 op=xt_replace subj=u:r:netd:s0 comm="ip6tables-resto"
[  361.178236][  T425] type=1300 audit(1791396011.640:288): arch=c00000b7 syscall=208 success=yes exit=0 a0=4 a1=29 a2=40 a3=b40000735f80fbe0 items=0 ppid=864 auid=4294967295 uid=0 gid=0 euid=0 suid=0 fsuid=0 egid=0 sgid=0 fsgid=0 tty=(none) ses=4294967295 comm="ip6tables-resto" exe="/system/bin/iptables" subj=u:r:netd:s0 key=(null)
[  361.193948][  T425] type=1327 audit(1791396011.640:288): proctitle=2F73797374656D2F62696E2F6970367461626C65732D726573746F7265002D2D6E6F666C757368002D77002D76
[  361.209420][  T425] type=1320 audit(1791396011.640:288): 
[  361.212585][  T425] type=1325 audit(1791396011.648:289): table=filter family=2 entries=70 op=xt_replace subj=u:r:netd:s0 comm="iptables-restor"
[  361.219218][  T425] type=1300 audit(1791396011.648:289): arch=c00000b7 syscall=208 success=yes exit=0 a0=4 a1=0 a2=40 a3=b4000075a000e030 items=0 ppid=864 auid=4294967295 uid=0 gid=0 euid=0 suid=0 fsuid=0 egid=0 sgid=0 fsgid=0 tty=(none) ses=4294967295 comm="iptables-restor" exe="/system/bin/iptables" subj=u:r:netd:s0 key=(null)
[  361.238305][  T425] type=1327 audit(1791396011.648:289): proctitle=2F73797374656D2F62696E2F69707461626C65732D726573746F7265002D2D6E6F666C757368002D77002D76
[  361.243526][  T425] type=1320 audit(1791396011.648:289): 
[  361.245317][  T425] type=1325 audit(1791396011.648:290): table=raw family=2 entries=12 op=xt_replace subj=u:r:netd:s0 comm="iptables-restor"
[  361.252196][  T425] type=1300 audit(1791396011.648:290): arch=c00000b7 syscall=208 success=yes exit=0 a0=4 a1=0 a2=40 a3=b400007430004130 items=0 ppid=864 auid=4294967295 uid=0 gid=0 euid=0 suid=0 fsuid=0 egid=0 sgid=0 fsgid=0 tty=(none) ses=4294967295 comm="iptables-restor" exe="/system/bin/iptables" subj=u:r:netd:s0 key=(null)
[  361.268218][  T425] type=1327 audit(1791396011.648:290): proctitle=2F73797374656D2F62696E2F69707461626C65732D726573746F7265002D2D6E6F666C757368002D77002D76
[  361.274259][  T425] type=1320 audit(1791396011.648:290): 
[  361.277962][  T425] type=1325 audit(1791396011.648:291): table=mangle family=2 entries=33 op=xt_replace subj=u:r:netd:s0 comm="iptables-restor"
[  361.292287][  T425] type=1300 audit(1791396011.648:291): arch=c00000b7 syscall=208 success=yes exit=0 a0=4 a1=0 a2=40 a3=b4000074d00127b0 items=0 ppid=864 auid=4294967295 uid=0 gid=0 euid=0 suid=0 fsuid=0 egid=0 sgid=0 fsgid=0 tty=(none) ses=4294967295 comm="iptables-restor" exe="/system/bin/iptables" subj=u:r:netd:s0 key=(null)
[  361.307275][  T425] type=1327 audit(1791396011.648:291): proctitle=2F73797374656D2F62696E2F69707461626C65732D726573746F7265002D2D6E6F666C757368002D77002D76
[  361.314822][  T425] type=1320 audit(1791396011.648:291): 
[  361.316912][  T425] type=1325 audit(1791396011.652:292): table=filter family=10 entries=70 op=xt_replace subj=u:r:netd:s0 comm="ip6tables-resto"
[  361.345780][  T425] type=1300 audit(1791396011.652:292): arch=c00000b7 syscall=208 success=yes exit=0 a0=4 a1=29 a2=40 a3=b40000727f810010 items=0 ppid=864 auid=4294967295 uid=0 gid=0 euid=0 suid=0 fsuid=0 egid=0 sgid=0 fsgid=0 tty=(none) ses=4294967295 comm="ip6tables-resto" exe="/system/bin/iptables" subj=u:r:netd:s0 key=(null)
[  361.363268][  T425] type=1327 audit(1791396011.652:292): proctitle=2F73797374656D2F62696E2F6970367461626C65732D726573746F7265002D2D6E6F666C757368002D77002D76
[  361.373150][  T425] type=1320 audit(1791396011.652:292): 
[  361.379767][  T425] type=1325 audit(1791396011.660:293): table=raw family=10 entries=12 op=xt_replace subj=u:r:netd:s0 comm="ip6tables-resto"
[  361.392314][  T425] type=1300 audit(1791396011.660:293): arch=c00000b7 syscall=208 success=yes exit=0 a0=4 a1=29 a2=40 a3=b40000734f813930 items=0 ppid=864 auid=4294967295 uid=0 gid=0 euid=0 suid=0 fsuid=0 egid=0 sgid=0 fsgid=0 tty=(none) ses=4294967295 comm="ip6tables-resto" exe="/system/bin/iptables" subj=u:r:netd:s0 key=(null)
[  361.410421][  T425] type=1327 audit(1791396011.660:293): proctitle=2F73797374656D2F62696E2F6970367461626C65732D726573746F7265002D2D6E6F666C757368002D77002D76
[  361.428930][  T425] type=1320 audit(1791396011.660:293): 
[  361.431268][  T425] type=1325 audit(1791396011.660:294): table=mangle family=10 entries=32 op=xt_replace subj=u:r:netd:s0 comm="ip6tables-resto"
[  361.438118][  T425] type=1300 audit(1791396011.660:294): arch=c00000b7 syscall=208 success=yes exit=0 a0=4 a1=29 a2=40 a3=b40000735f80fbe0 items=0 ppid=864 auid=4294967295 uid=0 gid=0 euid=0 suid=0 fsuid=0 egid=0 sgid=0 fsgid=0 tty=(none) ses=4294967295 comm="ip6tables-resto" exe="/system/bin/iptables" subj=u:r:netd:s0 key=(null)
[  361.456138][  T425] type=1327 audit(1791396011.660:294): proctitle=2F73797374656D2F62696E2F6970367461626C65732D726573746F7265002D2D6E6F666C757368002D77002D76
[  361.467672][  T425] type=1320 audit(1791396011.660:294): 
[  361.475546][  T425] type=1325 audit(1791396011.660:295): table=filter family=2 entries=70 op=xt_replace subj=u:r:netd:s0 comm="iptables-restor"
[  361.493179][  T425] type=1300 audit(1791396011.660:295): arch=c00000b7 syscall=208 success=yes exit=0 a0=4 a1=0 a2=40 a3=b4000073f000f430 items=0 ppid=864 auid=4294967295 uid=0 gid=0 euid=0 suid=0 fsuid=0 egid=0 sgid=0 fsgid=0 tty=(none) ses=4294967295 comm="iptables-restor" exe="/system/bin/iptables" subj=u:r:netd:s0 key=(null)
[  361.541805][  T425] type=1327 audit(1791396011.660:295): proctitle=2F73797374656D2F62696E2F69707461626C65732D726573746F7265002D2D6E6F666C757368002D77002D76
[  361.566510][  T425] type=1320 audit(1791396011.660:295): 
[  361.571212][  T425] type=1325 audit(1791396011.672:296): table=raw family=2 entries=12 op=xt_replace subj=u:r:netd:s0 comm="iptables-restor"
[  361.579646][  T425] type=1300 audit(1791396011.672:296): arch=c00000b7 syscall=208 success=yes exit=0 a0=4 a1=0 a2=40 a3=b400007540010010 items=0 ppid=864 auid=4294967295 uid=0 gid=0 euid=0 suid=0 fsuid=0 egid=0 sgid=0 fsgid=0 tty=(none) ses=4294967295 comm="iptables-restor" exe="/system/bin/iptables" subj=u:r:netd:s0 key=(null)
[  361.641623][  T425] type=1327 audit(1791396011.672:296): proctitle=2F73797374656D2F62696E2F69707461626C65732D726573746F7265002D2D6E6F666C757368002D77002D76
[  361.650290][  T425] type=1320 audit(1791396011.672:296): 
[  361.654332][  T425] type=1325 audit(1791396011.672:297): table=mangle family=2 entries=33 op=xt_replace subj=u:r:netd:s0 comm="iptables-restor"
[  361.661390][  T425] type=1300 audit(1791396011.672:297): arch=c00000b7 syscall=208 success=yes exit=0 a0=4 a1=0 a2=40 a3=b4000074d00127b0 items=0 ppid=864 auid=4294967295 uid=0 gid=0 euid=0 suid=0 fsuid=0 egid=0 sgid=0 fsgid=0 tty=(none) ses=4294967295 comm="iptables-restor" exe="/system/bin/iptables" subj=u:r:netd:s0 key=(null)
[  361.685855][  T425] type=1327 audit(1791396011.672:297): proctitle=2F73797374656D2F62696E2F69707461626C65732D726573746F7265002D2D6E6F666C757368002D77002D76
[  361.704526][  T425] type=1320 audit(1791396011.672:297): 
[  361.710278][  T425] type=1325 audit(1791396011.688:298): table=filter family=10 entries=70 op=xt_replace subj=u:r:netd:s0 comm="ip6tables-resto"
[  361.721148][  T425] type=1300 audit(1791396011.688:298): arch=c00000b7 syscall=208 success=yes exit=0 a0=4 a1=29 a2=40 a3=b4000072af80b010 items=0 ppid=864 auid=4294967295 uid=0 gid=0 euid=0 suid=0 fsuid=0 egid=0 sgid=0 fsgid=0 tty=(none) ses=4294967295 comm="ip6tables-resto" exe="/system/bin/iptables" subj=u:r:netd:s0 key=(null)
[  361.741396][  T425] type=1327 audit(1791396011.688:298): proctitle=2F73797374656D2F62696E2F6970367461626C65732D726573746F7265002D2D6E6F666C757368002D77002D76
[  361.753517][  T425] type=1320 audit(1791396011.688:298): 
[  361.760250][  T425] type=1325 audit(1791396011.700:299): table=raw family=10 entries=12 op=xt_replace subj=u:r:netd:s0 comm="ip6tables-resto"
[  361.773554][  T425] type=1300 audit(1791396011.700:299): arch=c00000b7 syscall=208 success=yes exit=0 a0=4 a1=29 a2=40 a3=b40000738f808430 items=0 ppid=864 auid=4294967295 uid=0 gid=0 euid=0 suid=0 fsuid=0 egid=0 sgid=0 fsgid=0 tty=(none) ses=4294967295 comm="ip6tables-resto" exe="/system/bin/iptables" subj=u:r:netd:s0 key=(null)
[  361.805537][  T425] type=1327 audit(1791396011.700:299): proctitle=2F73797374656D2F62696E2F6970367461626C65732D726573746F7265002D2D6E6F666C757368002D77002D76
[  361.825750][  T425] type=1320 audit(1791396011.700:299): 
[  361.828314][  T425] type=1325 audit(1791396011.700:300): table=mangle family=10 entries=32 op=xt_replace subj=u:r:netd:s0 comm="ip6tables-resto"
[  361.849508][  T425] type=1300 audit(1791396011.700:300): arch=c00000b7 syscall=208 success=yes exit=0 a0=4 a1=29 a2=40 a3=b40000729f80db30 items=0 ppid=864 auid=4294967295 uid=0 gid=0 euid=0 suid=0 fsuid=0 egid=0 sgid=0 fsgid=0 tty=(none) ses=4294967295 comm="ip6tables-resto" exe="/system/bin/iptables" subj=u:r:netd:s0 key=(null)
[  361.872459][  T425] type=1327 audit(1791396011.700:300): proctitle=2F73797374656D2F62696E2F6970367461626C65732D726573746F7265002D2D6E6F666C757368002D77002D76
[  361.884395][  T411] servicemanager: Caller(pid=867,uid=1041,sid=u:r:hal_audio_default:s0) Found android.hardware.audio.effect.IFactory/default in device VINTF manifest.
[  361.888540][  T425] type=1320 audit(1791396011.700:300): 
[  362.349801][  T411] servicemanager: Caller(pid=864,uid=0,sid=u:r:netd:s0) Found android.system.net.netd.INetd/default in framework VINTF manifest.
[  363.135041][  T411] servicemanager: Caller(pid=866,uid=1041,sid=u:r:hal_audio_default:s0) Found android.hardware.audio.core.IConfig/default in device VINTF manifest.
[  363.160413][  T411] servicemanager: Caller(pid=866,uid=1041,sid=u:r:hal_audio_default:s0) Found android.hardware.audio.core.IModule/default in device VINTF manifest.
[  363.226721][  T411] servicemanager: Caller(pid=866,uid=1041,sid=u:r:hal_audio_default:s0) Found android.hardware.audio.core.IModule/r_submix in device VINTF manifest.
[  363.251561][  T411] servicemanager: Caller(pid=866,uid=1041,sid=u:r:hal_audio_default:s0) Found android.hardware.bluetooth.audio.IBluetoothAudioProviderFactory/default in device VINTF manifest.
[  363.277627][  T411] servicemanager: Caller(pid=866,uid=1041,sid=u:r:hal_audio_default:s0) Found android.hardware.audio.core.IModule/bluetooth in device VINTF manifest.
[  366.178647][  T411] servicemanager: Caller(pid=861,uid=1041,sid=u:r:audioserver:s0) Found android.hardware.audio.core.IModule/default in device VINTF manifest.
[  366.254017][  T411] servicemanager: Caller(pid=861,uid=1041,sid=u:r:audioserver:s0) Found android.hardware.audio.effect.IFactory/default in device VINTF manifest.
[  367.569485][  T411] servicemanager: Caller(pid=861,uid=1041,sid=u:r:audioserver:s0) Found android.hardware.audio.effect.IFactory/default in device VINTF manifest.
[  367.581355][  T411] servicemanager: Caller(pid=861,uid=1041,sid=u:r:audioserver:s0) Found android.hardware.audio.core.IModule/default in device VINTF manifest.
[  367.690796][  T421] logd: logdr: UID=1000 GID=1003 PID=889 n tail=500 logMask=8 pid=865 start=0ns deadline=0ns
[  367.745393][  T421] logd: logdr: UID=1000 GID=1003 PID=889 n tail=500 logMask=1 pid=865 start=0ns deadline=0ns
[  369.133698][  T425] type=1701 audit(1791396020.500:301): auid=4294967295 uid=1000 gid=1003 ses=4294967295 subj=u:r:surfaceflinger:s0 comm="surfaceflinger" exe="/system/bin/surfaceflinger" sig=6 res=1
[  369.472284][    T1] init: Untracked process (pid: 889 name: (crash_dump64) ppid: 1 pgrp: 887 state: Z) exited with status 0
[  369.511268][    T1] init: Untracked process (pid: 889 name: (crash_dump64) ppid: 1 pgrp: 887 state: Z) did not have an associated service entry and will not be reaped
[  369.736656][    T1] init: Untracked process (pid: 891 name: (surfaceflinger) ppid: 1 pgrp: 891 state: Z) exited with status 0
[  369.754979][    T1] init: Untracked process (pid: 891 name: (surfaceflinger) ppid: 1 pgrp: 891 state: Z) did not have an associated service entry and will not be reaped
[  370.777125][    T1] init: Service 'surfaceflinger' (pid 865) received SIGABRT
[  370.795929][    T1] init: Sending SIGKILL to service 'surfaceflinger' (pid 865) process group...
[  370.949419][    T1] libprocessgroup: Removed cgroup /sys/fs/cgroup/system/uid_1000/pid_865
[  370.987168][    T1] init: Sending SIGKILL to service 'zygote' (pid 860) process group...
[  372.288926][    T1] libprocessgroup: Removed cgroup /sys/fs/cgroup/system/uid_0/pid_860
[  372.385653][    T1] init: Command 'restart --only-if-running zygote' action=onrestart (<Service 'surfaceflinger' onrestart>:1) took 1402ms and succeeded
[  372.591919][    T1] init: Service 'zygote' (pid 860) received SIGKILL
[  372.617166][    T1] init: Sending SIGKILL to service 'zygote' (pid 860) process group...
[  372.647860][    T1] libprocessgroup: Failed to write 1 to /sys/fs/cgroup/system/uid_0/pid_860/cgroup.kill: No such file or directory
[  372.751108][    T1] libprocessgroup: Removing /sys/fs/cgroup/system/uid_9999/pid_648
[  372.807365][    T1] libprocessgroup: Removing /sys/fs/cgroup/system/uid_9999/pid_449
[  372.854637][    T1] libprocessgroup: Removing /sys/fs/cgroup/system/uid_9999/pid_656
[  372.902327][    T1] libprocessgroup: Removing /sys/fs/cgroup/system/uid_9999/pid_684
[  372.912064][    T1] libprocessgroup: Removing /sys/fs/cgroup/system/uid_9999/pid_664
[  372.940192][    T1] libprocessgroup: Removing /sys/fs/cgroup/system/uid_9999/pid_749
[  372.955525][    T1] libprocessgroup: Removing /sys/fs/cgroup/system/uid_9999/pid_654
[  372.997136][    T1] libprocessgroup: Removing /sys/fs/cgroup/system/uid_9999/pid_639
[  373.004870][    T1] libprocessgroup: Removing /sys/fs/cgroup/system/uid_9999/pid_751
[  373.012127][    T1] libprocessgroup: Removing /sys/fs/cgroup/system/uid_9999/pid_657
[  373.023324][    T1] libprocessgroup: Removing /sys/fs/cgroup/system/uid_9999/pid_683
[  373.032253][    T1] libprocessgroup: Removing /sys/fs/cgroup/system/uid_9999/pid_653
[  373.039547][    T1] libprocessgroup: Removing /sys/fs/cgroup/system/uid_9999/pid_643
[  373.048631][    T1] libprocessgroup: Removing /sys/fs/cgroup/system/uid_9999/pid_651
[  373.050667][    T1] libprocessgroup: Removing /sys/fs/cgroup/system/uid_9999/pid_641
[  373.053569][    T1] libprocessgroup: Removing /sys/fs/cgroup/system/uid_1001/pid_811
[  373.055841][    T1] libprocessgroup: Removing /sys/fs/cgroup/system/uid_1058/pid_478
[  373.057946][    T1] libprocessgroup: Removing /sys/fs/cgroup/system/uid_1076/pid_691
[  373.059592][    T1] libprocessgroup: Removing /sys/fs/cgroup/system/uid_1066/pid_606
[  373.060918][    T1] libprocessgroup: Removing /sys/fs/cgroup/system/uid_1084/pid_658
[  373.062452][    T1] libprocessgroup: Removing /sys/fs/cgroup/system/uid_1046/pid_810
[  373.063775][    T1] libprocessgroup: Removing /sys/fs/cgroup/system/uid_1036/pid_409
[  373.064832][    T1] libprocessgroup: Removing /sys/fs/cgroup/system/uid_1036/pid_798
[  373.068922][    T1] libprocessgroup: Removing /sys/fs/cgroup/system/uid_1064/pid_686
[  373.072039][    T1] libprocessgroup: Removing /sys/fs/cgroup/system/uid_1064/pid_622
[  373.073783][    T1] libprocessgroup: Removing /sys/fs/cgroup/system/uid_1092/pid_400
[  373.075613][    T1] libprocessgroup: Removing /sys/fs/cgroup/system/uid_1072/pid_697
[  373.077643][    T1] libprocessgroup: Removing /sys/fs/cgroup/system/uid_1080/pid_617
[  373.078986][    T1] libprocessgroup: Removing /sys/fs/cgroup/system/uid_1080/pid_633
[  373.080551][    T1] libprocessgroup: Removing /sys/fs/cgroup/system/uid_1040/pid_793
[  373.081639][    T1] libprocessgroup: Removing /sys/fs/cgroup/system/uid_1069/pid_410
[  373.083373][    T1] libprocessgroup: Removing /sys/fs/cgroup/system/uid_1002/pid_666
[  373.084453][    T1] libprocessgroup: Removing /sys/fs/cgroup/system/uid_1002/pid_674
[  373.086018][    T1] libprocessgroup: Removing /sys/fs/cgroup/system/uid_1002/pid_679
[  373.087132][    T1] libprocessgroup: Removing /sys/fs/cgroup/system/uid_1002/pid_667
[  373.088036][    T1] libprocessgroup: Removing /sys/fs/cgroup/system/uid_1002/pid_675
[  373.088959][    T1] libprocessgroup: Removing /sys/fs/cgroup/system/uid_1002/pid_678
[  373.090093][    T1] libprocessgroup: Removing /sys/fs/cgroup/system/uid_1002/pid_668
[  373.091485][    T1] libprocessgroup: Removing /sys/fs/cgroup/system/uid_1010/pid_665
[  373.092591][    T1] libprocessgroup: Removing /sys/fs/cgroup/system/uid_1067/pid_791
[  373.094942][    T1] libprocessgroup: Removing /sys/fs/cgroup/system/uid_1000/pid_646
[  373.095879][    T1] libprocessgroup: Removing /sys/fs/cgroup/system/uid_1000/pid_710
[  373.096587][    T1] libprocessgroup: Removing /sys/fs/cgroup/system/uid_1000/pid_616
[  373.097398][    T1] libprocessgroup: Removing /sys/fs/cgroup/system/uid_1000/pid_680
[  373.098222][    T1] libprocessgroup: Removing /sys/fs/cgroup/system/uid_1000/pid_642
[  373.099263][    T1] libprocessgroup: Removing /sys/fs/cgroup/system/uid_1000/pid_650
[  373.100296][    T1] libprocessgroup: Removing /sys/fs/cgroup/system/uid_1000/pid_640
[  373.101128][    T1] libprocessgroup: Removing /sys/fs/cgroup/system/uid_1000/pid_659
[  373.102142][    T1] libprocessgroup: Removing /sys/fs/cgroup/system/uid_1000/pid_649
[  373.102909][    T1] libprocessgroup: Removing /sys/fs/cgroup/system/uid_1000/pid_411
[  373.103859][    T1] libprocessgroup: Removing /sys/fs/cgroup/system/uid_1000/pid_647
[  373.104663][    T1] libprocessgroup: Removing /sys/fs/cgroup/system/uid_1000/pid_788
[  373.105559][    T1] libprocessgroup: Removing /sys/fs/cgroup/system/uid_1000/pid_448
[  373.106506][    T1] libprocessgroup: Removing /sys/fs/cgroup/system/uid_1000/pid_645
[  373.107212][    T1] libprocessgroup: Removing /sys/fs/cgroup/system/uid_1000/pid_597
[  373.108066][    T1] libprocessgroup: Removing /sys/fs/cgroup/system/uid_1000/pid_681
[  373.108621][    T1] libprocessgroup: Removing /sys/fs/cgroup/system/uid_1000/pid_812
[  373.109432][    T1] libprocessgroup: Removing /sys/fs/cgroup/system/uid_1000/pid_442
[  373.110880][    T1] libprocessgroup: Removing /sys/fs/cgroup/system/uid_1019/pid_730
[  373.112143][    T1] libprocessgroup: Removing /sys/fs/cgroup/system/uid_1047/pid_687
[  373.112956][    T1] libprocessgroup: Removing /sys/fs/cgroup/system/uid_1047/pid_862
[  373.114467][    T1] libprocessgroup: Removing /sys/fs/cgroup/system/uid_1027/pid_685
[  373.115333][    T1] libprocessgroup: Removing /sys/fs/cgroup/system/uid_1083/pid_662
[  373.116456][    T1] libprocessgroup: Removing /sys/fs/cgroup/system/uid_1017/pid_443
[  373.118676][    T1] libprocessgroup: Removing /sys/fs/cgroup/system/uid_0/pid_704
[  373.119675][    T1] libprocessgroup: Removing /sys/fs/cgroup/system/uid_0/pid_815
[  373.120544][    T1] libprocessgroup: Removing /sys/fs/cgroup/system/uid_0/pid_644
[  373.121450][    T1] libprocessgroup: Removing /sys/fs/cgroup/system/uid_0/pid_795
[  373.122409][    T1] libprocessgroup: Removing /sys/fs/cgroup/system/uid_0/pid_813
[  373.123212][    T1] libprocessgroup: Removing /sys/fs/cgroup/system/uid_0/pid_483
[  373.123985][    T1] libprocessgroup: Removing /sys/fs/cgroup/system/uid_0/pid_864
[  373.124905][    T1] libprocessgroup: Removing /sys/fs/cgroup/system/uid_0/pid_116
[  373.126036][    T1] libprocessgroup: Removing /sys/fs/cgroup/system/uid_0/pid_446
[  373.127093][    T1] libprocessgroup: Removing /sys/fs/cgroup/system/uid_0/pid_426
[  373.128060][    T1] libprocessgroup: Removing /sys/fs/cgroup/system/uid_0/pid_444
[  373.128775][    T1] libprocessgroup: Removing /sys/fs/cgroup/system/uid_0/pid_792
[  373.129591][    T1] libprocessgroup: Removing /sys/fs/cgroup/system/uid_0/pid_716
[  373.131094][    T1] libprocessgroup: Removing /sys/fs/cgroup/system/uid_1013/pid_628
[  373.131782][    T1] libprocessgroup: Removing /sys/fs/cgroup/system/uid_1013/pid_863
[  373.132607][    T1] libprocessgroup: Removing /sys/fs/cgroup/system/uid_1013/pid_637
[  373.133769][    T1] libprocessgroup: Removing /sys/fs/cgroup/system/uid_1013/pid_794
[  373.135283][    T1] libprocessgroup: Removing /sys/fs/cgroup/system/uid_1041/pid_861
[  373.135887][    T1] libprocessgroup: Removing /sys/fs/cgroup/system/uid_1041/pid_612
[  373.138350][    T1] libprocessgroup: Removing /sys/fs/cgroup/system/uid_1041/pid_866
[  373.140147][    T1] libprocessgroup: Removing /sys/fs/cgroup/system/uid_1041/pid_867
[  373.164079][    T1] init: starting service 'exec 20 (/system/bin/vdc volume abort_fuse)'...
[  373.377594][    T1] libprocessgroup: Created cgroup /sys/fs/cgroup/system/uid_1000/pid_903
[  373.795603][    T1] init: ... started service 'exec 20 (/system/bin/vdc volume abort_fuse)' has pid 903
[  373.821649][    T1] init: Command 'exec_background - system system -- /system/bin/vdc volume abort_fuse' action=onrestart (<Service 'zygote' onrestart>:1) took 670ms and succeeded
[  373.900443][    T1] init: Command 'write /sys/power/state on' action=onrestart (<Service 'zygote' onrestart>:2) took 56ms and failed: Unable to write to file '/sys/power/state': Unable to write file contents: Invalid argument
[  373.916452][    T1] init: Sending SIGKILL to service 'audioserver' (pid 861) process group...
[  374.418374][  T903] libbinder.BackendUnifiedServiceManager: Thread Pool max thread count is 0. Cannot cache binder as linkToDeath cannot be implemented. serviceName: vold
[  374.720363][    T1] libprocessgroup: Removed cgroup /sys/fs/cgroup/system/uid_1041/pid_861
[  374.741392][    T1] init: Command 'restart audioserver' action=onrestart (<Service 'zygote' onrestart>:4) took 826ms and succeeded
[  374.744927][    T1] init: Sending SIGKILL to service 'cameraserver' (pid 862) process group...
[  374.822151][    T1] libprocessgroup: Removed cgroup /sys/fs/cgroup/system/uid_1047/pid_862
[  374.823763][    T1] init: Command 'restart cameraserver' action=onrestart (<Service 'zygote' onrestart>:5) took 78ms and succeeded
[  374.825620][    T1] init: Sending SIGKILL to service 'media' (pid 863) process group...
[  374.904349][    T1] libprocessgroup: Removed cgroup /sys/fs/cgroup/system/uid_1013/pid_863
[  374.906445][    T1] init: Command 'restart media' action=onrestart (<Service 'zygote' onrestart>:6) took 81ms and succeeded
[  374.912213][    T1] init: Command 'restart --only-if-running media.tuner' action=onrestart (<Service 'zygote' onrestart>:7) took 5ms and failed: service media.tuner not found
[  374.913228][    T1] init: Sending SIGKILL to service 'netd' (pid 864) process group...
[  375.015794][    T1] libprocessgroup: Removed cgroup /sys/fs/cgroup/system/uid_0/pid_864
[  375.016466][    T1] init: Command 'restart netd' action=onrestart (<Service 'zygote' onrestart>:8) took 103ms and succeeded
[  375.017287][    T1] init: Command 'restart wificond' action=onrestart (<Service 'zygote' onrestart>:9) took 0ms and failed: service wificond not found
[  375.066940][    T1] init: Service 'audioserver' (pid 861) received SIGKILL
[  375.067247][    T1] init: Sending SIGKILL to service 'audioserver' (pid 861) process group...
[  375.068340][    T1] libprocessgroup: Failed to write 1 to /sys/fs/cgroup/system/uid_1041/pid_861/cgroup.kill: No such file or directory
[  375.069779][    T1] init: Command 'restart vendor.audio-hal' action=onrestart (<Service 'audioserver' onrestart>:1) took 0ms and failed: service vendor.audio-hal not found
[  375.071003][    T1] init: Sending SIGKILL to service 'vendor.audio-hal-aidl' (pid 866) process group...
[  375.100039][    T1] libprocessgroup: Removed cgroup /sys/fs/cgroup/system/uid_1041/pid_866
[  375.103857][    T1] init: Sending SIGKILL to service 'vendor.audio-effect-hal-aidl' (pid 867) process group...
[  375.131385][    T1] libprocessgroup: Removed cgroup /sys/fs/cgroup/system/uid_1041/pid_867
[  375.132954][    T1] init: Command 'restart vendor.audio-hal-4-0-msd' action=onrestart (<Service 'audioserver' onrestart>:4) took 0ms and failed: service vendor.audio-hal-4-0-msd not found
[  375.134046][    T1] init: Command 'restart audio_proxy_service' action=onrestart (<Service 'audioserver' onrestart>:5) took 0ms and failed: service audio_proxy_service not found
[  375.149257][    T1] init: Service 'cameraserver' (pid 862) received SIGKILL
[  375.149794][    T1] init: Sending SIGKILL to service 'cameraserver' (pid 862) process group...
[  375.150269][    T1] libprocessgroup: Failed to write 1 to /sys/fs/cgroup/system/uid_1047/pid_862/cgroup.kill: No such file or directory
[  375.170955][    T1] init: Service 'media' (pid 863) received SIGKILL
[  375.171240][    T1] init: Sending SIGKILL to service 'media' (pid 863) process group...
[  375.171648][    T1] libprocessgroup: Failed to write 1 to /sys/fs/cgroup/system/uid_1013/pid_863/cgroup.kill: No such file or directory
[  375.192284][    T1] init: Service 'netd' (pid 864) received SIGKILL
[  375.192790][    T1] init: Sending SIGKILL to service 'netd' (pid 864) process group...
[  375.196175][    T1] libprocessgroup: Failed to write 1 to /sys/fs/cgroup/system/uid_0/pid_864/cgroup.kill: No such file or directory
[  375.202419][    T1] init: Command 'restart zygote_secondary' action=onrestart (<Service 'netd' onrestart>:2) took 0ms and failed: service zygote_secondary not found
[  375.206104][    T1] init: Service 'vendor.audio-hal-aidl' (pid 866) received SIGKILL
[  375.206393][    T1] init: Sending SIGKILL to service 'vendor.audio-hal-aidl' (pid 866) process group...
[  375.206836][    T1] libprocessgroup: Failed to write 1 to /sys/fs/cgroup/system/uid_1041/pid_866/cgroup.kill: No such file or directory
[  375.220615][    T1] init: Service 'vendor.audio-effect-hal-aidl' (pid 867) received SIGKILL
[  375.221218][    T1] init: Sending SIGKILL to service 'vendor.audio-effect-hal-aidl' (pid 867) process group...
[  375.223201][    T1] libprocessgroup: Failed to write 1 to /sys/fs/cgroup/system/uid_1041/pid_867/cgroup.kill: No such file or directory
[  375.227509][    T1] init: Service 'exec 20 (/system/bin/vdc volume abort_fuse)' (pid 903) exited with status 0 oneshot service took 1.951000 seconds in background
[  375.228291][    T1] init: Sending SIGKILL to service 'exec 20 (/system/bin/vdc volume abort_fuse)' (pid 903) process group...
[  375.231598][    T1] libprocessgroup: Removed cgroup /sys/fs/cgroup/system/uid_1000/pid_903
[  375.233978][    T1] init: Untracked process (pid: 868 name: (iptables-restor) ppid: 1 pgrp: 864 state: Z) received SIGKILL
[  375.234885][    T1] init: Untracked process (pid: 868 name: (iptables-restor) ppid: 1 pgrp: 864 state: Z) did not have an associated service entry and will not be reaped
[  375.236066][    T1] init: Untracked process (pid: 869 name: (ip6tables-resto) ppid: 1 pgrp: 864 state: Z) received SIGKILL
[  375.236566][    T1] init: Untracked process (pid: 869 name: (ip6tables-resto) ppid: 1 pgrp: 864 state: Z) did not have an associated service entry and will not be reaped
[  375.244305][    T1] init: processing action (init.svc.media=*) from (/system/etc/init/mediaserver.rc:1)
[  375.248989][    T1] init: starting service 'zygote'...
[  375.252553][    T1] init: Created socket '/dev/socket/zygote', mode 660, user 0, group 1000
[  375.253552][    T1] init: Created socket '/dev/socket/usap_pool_primary', mode 660, user 0, group 1000
[  375.280531][    T1] libprocessgroup: Created cgroup /sys/fs/cgroup/system/uid_0/pid_906
[  375.354006][    T1] init: ... started service 'zygote' has pid 906
[  375.358384][    T1] init: starting service 'audioserver'...
[  375.384891][    T1] libprocessgroup: Created cgroup /sys/fs/cgroup/system/uid_1041/pid_908
[  375.408409][    T1] init: ... started service 'audioserver' has pid 908
[  375.411260][    T1] init: starting service 'cameraserver'...
[  375.440372][    T1] libprocessgroup: Created cgroup /sys/fs/cgroup/system/uid_1047/pid_909
[  375.722151][    T1] init: ... started service 'cameraserver' has pid 909
[  375.750518][    T1] init: starting service 'media'...
[  376.632504][  T411] servicemanager: Caller(pid=908,uid=1041,sid=u:r:audioserver:s0) Found android.hardware.audio.core.IModule/default in device VINTF manifest.
[  376.658001][  T411] servicemanager: Caller(pid=908,uid=1041,sid=u:r:audioserver:s0) Found android.hardware.audio.effect.IFactory/default in device VINTF manifest.
[  376.702363][    T1] libprocessgroup: Created cgroup /sys/fs/cgroup/system/uid_1013/pid_910
[  376.755997][  T411] servicemanager: Caller(pid=908,uid=1041,sid=u:r:audioserver:s0) Since 'android.hardware.audio.core.IConfig/default' could not be found trying to start it as a lazy AIDL service. (if it's not configured to be a lazy service, it may be stuck starting or still starting).
[  377.780487][  T411] servicemanager: Caller(pid=908,uid=1041,sid=u:r:audioserver:s0) Since 'android.hardware.audio.core.IConfig/default' could not be found trying to start it as a lazy AIDL service. (if it's not configured to be a lazy service, it may be stuck starting or still starting).
[  377.969144][    T1] init: ... started service 'media' has pid 910
[  377.981451][    T1] init: starting service 'netd'...
[  377.991194][    T1] init: Created socket '/dev/socket/dnsproxyd', mode 660, user 0, group 3003
[  377.997901][    T1] init: Created socket '/dev/socket/mdns', mode 660, user 0, group 1000
[  378.006954][    T1] init: Created socket '/dev/socket/fwmarkd', mode 660, user 0, group 3003
[  378.049331][    T1] libprocessgroup: Created cgroup /sys/fs/cgroup/system/uid_0/pid_915
[  378.319380][    T1] init: ... started service 'netd' has pid 915
[  378.352804][    T1] init: starting service 'surfaceflinger'...
[  378.775281][    T1] libprocessgroup: Created cgroup /sys/fs/cgroup/system/uid_1000/pid_916
[  379.108879][    T1] init: ... started service 'surfaceflinger' has pid 916
[  379.128734][  T411] servicemanager: Caller(pid=908,uid=1041,sid=u:r:audioserver:s0) Since 'android.hardware.audio.core.IConfig/default' could not be found trying to start it as a lazy AIDL service. (if it's not configured to be a lazy service, it may be stuck starting or still starting).
[  379.147426][    T1] init: starting service 'vendor.audio-hal-aidl'...
[  379.895320][    T1] libprocessgroup: Created cgroup /sys/fs/cgroup/system/uid_1041/pid_918
[  380.079853][    T1] init: ... started service 'vendor.audio-hal-aidl' has pid 918
[  380.131968][    T1] init: starting service 'vendor.audio-effect-hal-aidl'...
[  380.215980][    T1] libprocessgroup: Created cgroup /sys/fs/cgroup/system/uid_1041/pid_919
[  380.307872][    T1] init: ... started service 'vendor.audio-effect-hal-aidl' has pid 919
[  380.349501][    T1] init: Control message: Could not find 'aidl/android.hardware.audio.core.IConfig/default' for ctl.interface_start from pid: 411 (/system/bin/servicemanager)
[  380.373578][  T913] servicemanager: Caller(pid=908,uid=1041,sid=u:r:audioserver:s0) Tried to start aidl service android.hardware.audio.core.IConfig/default as a lazy service, but was unable to. Usually this happens when a service is not installed, but if the service is intended to be used as a lazy service, then it may be configured incorrectly.
[  380.389146][  T411] servicemanager: Caller(pid=908,uid=1041,sid=u:r:audioserver:s0) Since 'android.hardware.audio.core.IConfig/default' could not be found trying to start it as a lazy AIDL service. (if it's not configured to be a lazy service, it may be stuck starting or still starting).
[  380.391929][    T1] init: processing action (init.svc.media=*) from (/system/etc/init/mediaserver.rc:1)
[  380.418793][    T1] init: Control message: Could not find 'aidl/android.hardware.audio.core.IConfig/default' for ctl.interface_start from pid: 411 (/system/bin/servicemanager)
[  380.436813][  T914] servicemanager: Caller(pid=908,uid=1041,sid=u:r:audioserver:s0) Tried to start aidl service android.hardware.audio.core.IConfig/default as a lazy service, but was unable to. Usually this happens when a service is not installed, but if the service is intended to be used as a lazy service, then it may be configured incorrectly.
[  380.450987][    T1] init: processing action (init.svc.audioserver=running) from (/system/etc/init/audioserver.rc:43)
[  380.457900][    T1] init: Command 'start vendor.audio-hal' action=init.svc.audioserver=running (/system/etc/init/audioserver.rc:44) took 0ms and failed: service vendor.audio-hal not found
[  380.468242][    T1] init: Control message: Could not find 'aidl/android.hardware.audio.core.IConfig/default' for ctl.interface_start from pid: 411 (/system/bin/servicemanager)
[  380.478895][    T1] init: service 'vendor.audio-hal-aidl' requested start, but it is already running (flags: 4, pid: 918, started 1023ms ago)
[  380.488124][  T917] servicemanager: Caller(pid=908,uid=1041,sid=u:r:audioserver:s0) Tried to start aidl service android.hardware.audio.core.IConfig/default as a lazy service, but was unable to. Usually this happens when a service is not installed, but if the service is intended to be used as a lazy service, then it may be configured incorrectly.
[  380.504032][    T1] init: Control message: Could not find 'aidl/android.hardware.audio.core.IConfig/default' for ctl.interface_start from pid: 411 (/system/bin/servicemanager)
[  380.518112][  T920] servicemanager: Caller(pid=908,uid=1041,sid=u:r:audioserver:s0) Tried to start aidl service android.hardware.audio.core.IConfig/default as a lazy service, but was unable to. Usually this happens when a service is not installed, but if the service is intended to be used as a lazy service, then it may be configured incorrectly.
[  380.534953][    T1] init: service 'vendor.audio-effect-hal-aidl' requested start, but it is already running (flags: 4, pid: 919, started 338ms ago)
[  380.539264][    T1] init: Command 'start vendor.audio-hal-4-0-msd' action=init.svc.audioserver=running (/system/etc/init/audioserver.rc:47) took 0ms and failed: service vendor.audio-hal-4-0-msd not found
[  380.546779][    T1] init: Command 'start audio_proxy_service' action=init.svc.audioserver=running (/system/etc/init/audioserver.rc:48) took 0ms and failed: service audio_proxy_service not found
[  380.555038][    T1] init: processing action (init.svc.media=*) from (/system/etc/init/mediaserver.rc:1)
[  380.829934][  T425] type=1325 audit(1791396032.224:302): table=filter family=2 entries=81 op=xt_replace subj=u:r:netd:s0 comm="iptables-restor"
[  380.842655][  T425] type=1300 audit(1791396032.224:302): arch=c00000b7 syscall=208 success=yes exit=0 a0=4 a1=0 a2=40 a3=b40000702060d430 items=0 ppid=915 auid=4294967295 uid=0 gid=0 euid=0 suid=0 fsuid=0 egid=0 sgid=0 fsgid=0 tty=(none) ses=4294967295 comm="iptables-restor" exe="/system/bin/iptables" subj=u:r:netd:s0 key=(null)
[  380.860821][  T425] type=1327 audit(1791396032.224:302): proctitle=2F73797374656D2F62696E2F69707461626C65732D726573746F7265002D2D6E6F666C757368002D77002D76
[  380.872278][  T425] type=1320 audit(1791396032.224:302): 
[  380.874936][  T425] type=1325 audit(1791396032.260:303): table=filter family=10 entries=81 op=xt_replace subj=u:r:netd:s0 comm="ip6tables-resto"
[  380.887971][  T425] type=1300 audit(1791396032.260:303): arch=c00000b7 syscall=208 success=yes exit=0 a0=4 a1=29 a2=40 a3=b400006f8a416320 items=0 ppid=915 auid=4294967295 uid=0 gid=0 euid=0 suid=0 fsuid=0 egid=0 sgid=0 fsgid=0 tty=(none) ses=4294967295 comm="ip6tables-resto" exe="/system/bin/iptables" subj=u:r:netd:s0 key=(null)
[  380.901701][  T425] type=1327 audit(1791396032.260:303): proctitle=2F73797374656D2F62696E2F6970367461626C65732D726573746F7265002D2D6E6F666C757368002D77002D76
[  380.923254][  T425] type=1320 audit(1791396032.260:303): 
[  380.933830][  T425] type=1325 audit(1791396032.272:304): table=filter family=2 entries=77 op=xt_replace subj=u:r:netd:s0 comm="iptables-restor"
[  380.973875][  T425] type=1300 audit(1791396032.272:304): arch=c00000b7 syscall=208 success=yes exit=0 a0=4 a1=0 a2=40 a3=b40000702060d430 items=0 ppid=915 auid=4294967295 uid=0 gid=0 euid=0 suid=0 fsuid=0 egid=0 sgid=0 fsgid=0 tty=(none) ses=4294967295 comm="iptables-restor" exe="/system/bin/iptables" subj=u:r:netd:s0 key=(null)
[  381.006781][  T425] type=1327 audit(1791396032.272:304): proctitle=2F73797374656D2F62696E2F69707461626C65732D726573746F7265002D2D6E6F666C757368002D77002D76
[  381.018818][  T425] type=1320 audit(1791396032.272:304): 
[  381.028039][  T425] type=1325 audit(1791396032.276:305): table=filter family=10 entries=77 op=xt_replace subj=u:r:netd:s0 comm="ip6tables-resto"
[  381.051291][  T425] type=1300 audit(1791396032.276:305): arch=c00000b7 syscall=208 success=yes exit=0 a0=4 a1=29 a2=40 a3=b400006f8a416320 items=0 ppid=915 auid=4294967295 uid=0 gid=0 euid=0 suid=0 fsuid=0 egid=0 sgid=0 fsgid=0 tty=(none) ses=4294967295 comm="ip6tables-resto" exe="/system/bin/iptables" subj=u:r:netd:s0 key=(null)
[  381.067985][  T425] type=1327 audit(1791396032.276:305): proctitle=2F73797374656D2F62696E2F6970367461626C65732D726573746F7265002D2D6E6F666C757368002D77002D76
[  381.076058][  T425] type=1320 audit(1791396032.276:305): 
[  381.079128][  T425] type=1325 audit(1791396032.284:306): table=raw family=2 entries=16 op=xt_replace subj=u:r:netd:s0 comm="iptables-restor"
[  381.085470][  T425] type=1300 audit(1791396032.284:306): arch=c00000b7 syscall=208 success=yes exit=0 a0=4 a1=0 a2=40 a3=b400006f90605840 items=0 ppid=915 auid=4294967295 uid=0 gid=0 euid=0 suid=0 fsuid=0 egid=0 sgid=0 fsgid=0 tty=(none) ses=4294967295 comm="iptables-restor" exe="/system/bin/iptables" subj=u:r:netd:s0 key=(null)
[  381.108250][  T425] type=1327 audit(1791396032.284:306): proctitle=2F73797374656D2F62696E2F69707461626C65732D726573746F7265002D2D6E6F666C757368002D77002D76
[  381.121305][  T425] type=1320 audit(1791396032.284:306): 
[  381.124997][  T425] type=1325 audit(1791396032.288:307): table=raw family=10 entries=16 op=xt_replace subj=u:r:netd:s0 comm="ip6tables-resto"
[  381.133828][  T425] type=1300 audit(1791396032.288:307): arch=c00000b7 syscall=208 success=yes exit=0 a0=4 a1=29 a2=40 a3=b40000700a412560 items=0 ppid=915 auid=4294967295 uid=0 gid=0 euid=0 suid=0 fsuid=0 egid=0 sgid=0 fsgid=0 tty=(none) ses=4294967295 comm="ip6tables-resto" exe="/system/bin/iptables" subj=u:r:netd:s0 key=(null)
[  381.155910][  T425] type=1327 audit(1791396032.288:307): proctitle=2F73797374656D2F62696E2F6970367461626C65732D726573746F7265002D2D6E6F666C757368002D77002D76
[  381.173167][  T425] type=1320 audit(1791396032.288:307): 
[  381.175779][  T425] type=1325 audit(1791396032.300:308): table=mangle family=2 entries=37 op=xt_replace subj=u:r:netd:s0 comm="iptables-restor"
[  381.198875][  T425] type=1300 audit(1791396032.300:308): arch=c00000b7 syscall=208 success=yes exit=0 a0=4 a1=0 a2=40 a3=b4000070d060bbe0 items=0 ppid=915 auid=4294967295 uid=0 gid=0 euid=0 suid=0 fsuid=0 egid=0 sgid=0 fsgid=0 tty=(none) ses=4294967295 comm="iptables-restor" exe="/system/bin/iptables" subj=u:r:netd:s0 key=(null)
[  381.219950][  T425] type=1327 audit(1791396032.300:308): proctitle=2F73797374656D2F62696E2F69707461626C65732D726573746F7265002D2D6E6F666C757368002D77002D76
[  381.226486][  T425] type=1320 audit(1791396032.300:308): 
[  381.228850][  T425] type=1325 audit(1791396032.304:309): table=mangle family=10 entries=36 op=xt_replace subj=u:r:netd:s0 comm="ip6tables-resto"
[  381.235218][  T425] type=1300 audit(1791396032.304:309): arch=c00000b7 syscall=208 success=yes exit=0 a0=4 a1=29 a2=40 a3=b400006e7a4138c0 items=0 ppid=915 auid=4294967295 uid=0 gid=0 euid=0 suid=0 fsuid=0 egid=0 sgid=0 fsgid=0 tty=(none) ses=4294967295 comm="ip6tables-resto" exe="/system/bin/iptables" subj=u:r:netd:s0 key=(null)
[  381.262198][  T425] type=1327 audit(1791396032.304:309): proctitle=2F73797374656D2F62696E2F6970367461626C65732D726573746F7265002D2D6E6F666C757368002D77002D76
[  381.270822][  T425] type=1320 audit(1791396032.304:309): 
[  381.272802][  T425] type=1325 audit(1791396032.320:310): table=mangle family=2 entries=36 op=xt_replace subj=u:r:netd:s0 comm="iptables-restor"
[  381.312228][  T425] type=1300 audit(1791396032.320:310): arch=c00000b7 syscall=208 success=yes exit=0 a0=4 a1=0 a2=40 a3=b4000070d060bbe0 items=0 ppid=915 auid=4294967295 uid=0 gid=0 euid=0 suid=0 fsuid=0 egid=0 sgid=0 fsgid=0 tty=(none) ses=4294967295 comm="iptables-restor" exe="/system/bin/iptables" subj=u:r:netd:s0 key=(null)
[  381.356324][  T425] type=1327 audit(1791396032.320:310): proctitle=2F73797374656D2F62696E2F69707461626C65732D726573746F7265002D2D6E6F666C757368002D77002D76
[  381.389770][  T425] type=1320 audit(1791396032.320:310): 
[  381.418837][  T425] type=1325 audit(1791396032.324:311): table=mangle family=10 entries=36 op=xt_replace subj=u:r:netd:s0 comm="ip6tables-resto"
[  381.437173][  T411] servicemanager: Caller(pid=908,uid=1041,sid=u:r:audioserver:s0) Since 'android.hardware.audio.core.IConfig/default' could not be found trying to start it as a lazy AIDL service. (if it's not configured to be a lazy service, it may be stuck starting or still starting).
[  381.461261][    T1] init: Control message: Could not find 'aidl/android.hardware.audio.core.IConfig/default' for ctl.interface_start from pid: 411 (/system/bin/servicemanager)
[  381.463836][  T925] servicemanager: Caller(pid=908,uid=1041,sid=u:r:audioserver:s0) Tried to start aidl service android.hardware.audio.core.IConfig/default as a lazy service, but was unable to. Usually this happens when a service is not installed, but if the service is intended to be used as a lazy service, then it may be configured incorrectly.
[  381.465119][  T425] type=1300 audit(1791396032.324:311): arch=c00000b7 syscall=208 success=yes exit=0 a0=4 a1=29 a2=40 a3=b400006fea408010 items=0 ppid=915 auid=4294967295 uid=0 gid=0 euid=0 suid=0 fsuid=0 egid=0 sgid=0 fsgid=0 tty=(none) ses=4294967295 comm="ip6tables-resto" exe="/system/bin/iptables" subj=u:r:netd:s0 key=(null)
[  381.466786][  T425] type=1327 audit(1791396032.324:311): proctitle=2F73797374656D2F62696E2F6970367461626C65732D726573746F7265002D2D6E6F666C757368002D77002D76
[  381.467321][  T425] type=1320 audit(1791396032.324:311): 
[  381.467566][  T425] type=1325 audit(1791396032.328:312): table=mangle family=2 entries=35 op=xt_replace subj=u:r:netd:s0 comm="iptables-restor"
[  381.468171][  T425] type=1300 audit(1791396032.328:312): arch=c00000b7 syscall=208 success=yes exit=0 a0=4 a1=0 a2=40 a3=b4000070d060bbe0 items=0 ppid=915 auid=4294967295 uid=0 gid=0 euid=0 suid=0 fsuid=0 egid=0 sgid=0 fsgid=0 tty=(none) ses=4294967295 comm="iptables-restor" exe="/system/bin/iptables" subj=u:r:netd:s0 key=(null)
[  381.477024][  T425] type=1327 audit(1791396032.328:312): proctitle=2F73797374656D2F62696E2F69707461626C65732D726573746F7265002D2D6E6F666C757368002D77002D76
[  381.482362][  T425] type=1320 audit(1791396032.328:312): 
[  381.484783][  T425] type=1325 audit(1791396032.332:313): table=mangle family=10 entries=35 op=xt_replace subj=u:r:netd:s0 comm="ip6tables-resto"
[  381.491856][  T425] type=1300 audit(1791396032.332:313): arch=c00000b7 syscall=208 success=yes exit=0 a0=4 a1=29 a2=40 a3=b400006fea40c430 items=0 ppid=915 auid=4294967295 uid=0 gid=0 euid=0 suid=0 fsuid=0 egid=0 sgid=0 fsgid=0 tty=(none) ses=4294967295 comm="ip6tables-resto" exe="/system/bin/iptables" subj=u:r:netd:s0 key=(null)
[  381.511360][  T425] type=1327 audit(1791396032.332:313): proctitle=2F73797374656D2F62696E2F6970367461626C65732D726573746F7265002D2D6E6F666C757368002D77002D76
[  381.522807][  T425] type=1320 audit(1791396032.332:313): 
[  381.530018][  T425] type=1325 audit(1791396032.336:314): table=nat family=2 entries=11 op=xt_replace subj=u:r:netd:s0 comm="iptables-restor"
[  381.537946][  T425] type=1300 audit(1791396032.336:314): arch=c00000b7 syscall=208 success=yes exit=0 a0=4 a1=0 a2=40 a3=b400006f90608130 items=0 ppid=915 auid=4294967295 uid=0 gid=0 euid=0 suid=0 fsuid=0 egid=0 sgid=0 fsgid=0 tty=(none) ses=4294967295 comm="iptables-restor" exe="/system/bin/iptables" subj=u:r:netd:s0 key=(null)
[  381.550878][  T425] type=1327 audit(1791396032.336:314): proctitle=2F73797374656D2F62696E2F69707461626C65732D726573746F7265002D2D6E6F666C757368002D77002D76
[  381.558633][  T425] type=1320 audit(1791396032.336:314): 
[  381.561323][  T425] type=1325 audit(1791396032.340:315): table=nat family=2 entries=11 op=xt_replace subj=u:r:netd:s0 comm="iptables-restor"
[  381.569375][  T425] type=1300 audit(1791396032.340:315): arch=c00000b7 syscall=208 success=yes exit=0 a0=4 a1=0 a2=40 a3=b400006f90608130 items=0 ppid=915 auid=4294967295 uid=0 gid=0 euid=0 suid=0 fsuid=0 egid=0 sgid=0 fsgid=0 tty=(none) ses=4294967295 comm="iptables-restor" exe="/system/bin/iptables" subj=u:r:netd:s0 key=(null)
[  381.583080][  T425] type=1327 audit(1791396032.340:315): proctitle=2F73797374656D2F62696E2F69707461626C65732D726573746F7265002D2D6E6F666C757368002D77002D76
[  381.589695][  T425] type=1320 audit(1791396032.340:315): 
[  381.592219][  T425] type=1325 audit(1791396032.372:316): table=filter family=2 entries=76 op=xt_replace subj=u:r:netd:s0 comm="iptables-restor"
[  381.598743][  T425] type=1300 audit(1791396032.372:316): arch=c00000b7 syscall=208 success=yes exit=0 a0=4 a1=0 a2=40 a3=b40000702060d430 items=0 ppid=915 auid=4294967295 uid=0 gid=0 euid=0 suid=0 fsuid=0 egid=0 sgid=0 fsgid=0 tty=(none) ses=4294967295 comm="iptables-restor" exe="/system/bin/iptables" subj=u:r:netd:s0 key=(null)
[  381.617643][  T425] type=1327 audit(1791396032.372:316): proctitle=2F73797374656D2F62696E2F69707461626C65732D726573746F7265002D2D6E6F666C757368002D77002D76
[  381.621443][  T425] type=1320 audit(1791396032.372:316): 
[  381.624861][  T425] type=1325 audit(1791396032.376:317): table=filter family=10 entries=77 op=xt_replace subj=u:r:netd:s0 comm="ip6tables-resto"
[  381.633434][  T425] type=1300 audit(1791396032.376:317): arch=c00000b7 syscall=208 success=yes exit=0 a0=4 a1=29 a2=40 a3=b400006f8a416320 items=0 ppid=915 auid=4294967295 uid=0 gid=0 euid=0 suid=0 fsuid=0 egid=0 sgid=0 fsgid=0 tty=(none) ses=4294967295 comm="ip6tables-resto" exe="/system/bin/iptables" subj=u:r:netd:s0 key=(null)
[  381.650316][  T425] type=1327 audit(1791396032.376:317): proctitle=2F73797374656D2F62696E2F6970367461626C65732D726573746F7265002D2D6E6F666C757368002D77002D76
[  381.661116][  T425] type=1320 audit(1791396032.376:317): 
[  381.663676][  T425] type=1325 audit(1791396032.384:318): table=mangle family=2 entries=34 op=xt_replace subj=u:r:netd:s0 comm="iptables-restor"
[  381.670789][  T425] type=1300 audit(1791396032.384:318): arch=c00000b7 syscall=208 success=yes exit=0 a0=4 a1=0 a2=40 a3=b4000070d060bbe0 items=0 ppid=915 auid=4294967295 uid=0 gid=0 euid=0 suid=0 fsuid=0 egid=0 sgid=0 fsgid=0 tty=(none) ses=4294967295 comm="iptables-restor" exe="/system/bin/iptables" subj=u:r:netd:s0 key=(null)
[  381.684747][  T425] type=1327 audit(1791396032.384:318): proctitle=2F73797374656D2F62696E2F69707461626C65732D726573746F7265002D2D6E6F666C757368002D77002D76
[  381.693414][  T425] type=1320 audit(1791396032.384:318): 
[  381.697351][  T425] type=1325 audit(1791396032.388:319): table=mangle family=10 entries=34 op=xt_replace subj=u:r:netd:s0 comm="ip6tables-resto"
[  381.707841][  T425] type=1300 audit(1791396032.388:319): arch=c00000b7 syscall=208 success=yes exit=0 a0=4 a1=29 a2=40 a3=b400006f5a407380 items=0 ppid=915 auid=4294967295 uid=0 gid=0 euid=0 suid=0 fsuid=0 egid=0 sgid=0 fsgid=0 tty=(none) ses=4294967295 comm="ip6tables-resto" exe="/system/bin/iptables" subj=u:r:netd:s0 key=(null)
[  381.721808][  T425] type=1327 audit(1791396032.388:319): proctitle=2F73797374656D2F62696E2F6970367461626C65732D726573746F7265002D2D6E6F666C757368002D77002D76
[  381.730928][  T425] type=1320 audit(1791396032.388:319): 
[  381.735923][  T425] type=1325 audit(1791396032.404:320): table=filter family=2 entries=75 op=xt_replace subj=u:r:netd:s0 comm="iptables-restor"
[  381.743872][  T425] type=1300 audit(1791396032.404:320): arch=c00000b7 syscall=208 success=yes exit=0 a0=4 a1=0 a2=40 a3=b40000702060d430 items=0 ppid=915 auid=4294967295 uid=0 gid=0 euid=0 suid=0 fsuid=0 egid=0 sgid=0 fsgid=0 tty=(none) ses=4294967295 comm="iptables-restor" exe="/system/bin/iptables" subj=u:r:netd:s0 key=(null)
[  381.761052][  T425] type=1327 audit(1791396032.404:320): proctitle=2F73797374656D2F62696E2F69707461626C65732D726573746F7265002D2D6E6F666C757368002D77002D76
[  381.771407][  T425] type=1320 audit(1791396032.404:320): 
[  381.775014][  T425] type=1325 audit(1791396032.408:321): table=filter family=10 entries=75 op=xt_replace subj=u:r:netd:s0 comm="ip6tables-resto"
[  381.782081][  T425] type=1300 audit(1791396032.408:321): arch=c00000b7 syscall=208 success=yes exit=0 a0=4 a1=29 a2=40 a3=b400006f8a416320 items=0 ppid=915 auid=4294967295 uid=0 gid=0 euid=0 suid=0 fsuid=0 egid=0 sgid=0 fsgid=0 tty=(none) ses=4294967295 comm="ip6tables-resto" exe="/system/bin/iptables" subj=u:r:netd:s0 key=(null)
[  381.798980][  T425] type=1327 audit(1791396032.408:321): proctitle=2F73797374656D2F62696E2F6970367461626C65732D726573746F7265002D2D6E6F666C757368002D77002D76
[  381.807852][  T425] type=1320 audit(1791396032.408:321): 
[  381.810287][  T425] type=1325 audit(1791396032.408:322): table=filter family=2 entries=75 op=xt_replace subj=u:r:netd:s0 comm="iptables-restor"
[  381.815783][  T425] type=1300 audit(1791396032.408:322): arch=c00000b7 syscall=208 success=yes exit=0 a0=4 a1=0 a2=40 a3=b40000702060d430 items=0 ppid=915 auid=4294967295 uid=0 gid=0 euid=0 suid=0 fsuid=0 egid=0 sgid=0 fsgid=0 tty=(none) ses=4294967295 comm="iptables-restor" exe="/system/bin/iptables" subj=u:r:netd:s0 key=(null)
[  381.834220][  T425] type=1327 audit(1791396032.408:322): proctitle=2F73797374656D2F62696E2F69707461626C65732D726573746F7265002D2D6E6F666C757368002D77002D76
[  381.845162][  T425] type=1320 audit(1791396032.408:322): 
[  381.847800][  T425] type=1325 audit(1791396032.412:323): table=nat family=2 entries=11 op=xt_replace subj=u:r:netd:s0 comm="iptables-restor"
[  381.865975][  T425] type=1300 audit(1791396032.412:323): arch=c00000b7 syscall=208 success=yes exit=0 a0=4 a1=0 a2=40 a3=b400006f90608130 items=0 ppid=915 auid=4294967295 uid=0 gid=0 euid=0 suid=0 fsuid=0 egid=0 sgid=0 fsgid=0 tty=(none) ses=4294967295 comm="iptables-restor" exe="/system/bin/iptables" subj=u:r:netd:s0 key=(null)
[  381.889630][  T425] type=1327 audit(1791396032.412:323): proctitle=2F73797374656D2F62696E2F69707461626C65732D726573746F7265002D2D6E6F666C757368002D77002D76
[  381.901095][  T425] type=1320 audit(1791396032.412:323): 
[  381.903926][  T425] type=1325 audit(1791396032.412:324): table=filter family=10 entries=76 op=xt_replace subj=u:r:netd:s0 comm="ip6tables-resto"
[  381.925708][  T411] servicemanager: Caller(pid=918,uid=1041,sid=u:r:hal_audio_default:s0) Found android.hardware.audio.core.IConfig/default in device VINTF manifest.
[  381.926687][  T425] type=1300 audit(1791396032.412:324): arch=c00000b7 syscall=208 success=yes exit=0 a0=4 a1=29 a2=40 a3=b400006f8a416320 items=0 ppid=915 auid=4294967295 uid=0 gid=0 euid=0 suid=0 fsuid=0 egid=0 sgid=0 fsgid=0 tty=(none) ses=4294967295 comm="ip6tables-resto" exe="/system/bin/iptables" subj=u:r:netd:s0 key=(null)
[  382.231757][  T425] type=1327 audit(1791396032.412:324): proctitle=2F73797374656D2F62696E2F6970367461626C65732D726573746F7265002D2D6E6F666C757368002D77002D76
[  382.263183][  T425] type=1320 audit(1791396032.412:324): 
[  382.337224][  T425] type=1325 audit(1791396032.416:325): table=raw family=10 entries=12 op=xt_replace subj=u:r:netd:s0 comm="ip6tables-resto"
[  382.351672][  T425] type=1300 audit(1791396032.416:325): arch=c00000b7 syscall=208 success=yes exit=0 a0=4 a1=29 a2=40 a3=b40000700a40dc40 items=0 ppid=915 auid=4294967295 uid=0 gid=0 euid=0 suid=0 fsuid=0 egid=0 sgid=0 fsgid=0 tty=(none) ses=4294967295 comm="ip6tables-resto" exe="/system/bin/iptables" subj=u:r:netd:s0 key=(null)
[  382.382942][  T425] type=1327 audit(1791396032.416:325): proctitle=2F73797374656D2F62696E2F6970367461626C65732D726573746F7265002D2D6E6F666C757368002D77002D76
[  382.415671][  T411] servicemanager: Caller(pid=918,uid=1041,sid=u:r:hal_audio_default:s0) Found android.hardware.audio.core.IModule/default in device VINTF manifest.
[  382.429303][  T411] libbinder.BpBinder: onLastStrongRef automatically unlinking death recipients for binder (0xb40000704e412cb0) with descriptor: '(not cached)'
[  382.440885][  T411] servicemanager: Caller(pid=918,uid=1041,sid=u:r:hal_audio_default:s0) Found android.hardware.audio.core.IModule/r_submix in device VINTF manifest.
[  382.518812][  T411] servicemanager: Caller(pid=918,uid=1041,sid=u:r:hal_audio_default:s0) Found android.hardware.bluetooth.audio.IBluetoothAudioProviderFactory/default in device VINTF manifest.
[  382.523738][  T411] servicemanager: Caller(pid=908,uid=1041,sid=u:r:audioserver:s0) Found android.hardware.audio.effect.IFactory/default in device VINTF manifest.
[  382.533345][  T411] servicemanager: Caller(pid=918,uid=1041,sid=u:r:hal_audio_default:s0) Found android.hardware.audio.core.IModule/bluetooth in device VINTF manifest.
[  382.549404][  T411] servicemanager: Caller(pid=908,uid=1041,sid=u:r:audioserver:s0) Found android.hardware.audio.core.IModule/default in device VINTF manifest.
[  382.640726][  T411] servicemanager: Caller(pid=915,uid=0,sid=u:r:netd:s0) Found android.system.net.netd.INetd/default in framework VINTF manifest.
[  382.643738][  T411] servicemanager: Caller(pid=908,uid=1041,sid=u:r:audioserver:s0) Since 'android.hardware.audio.effect.IFactory/default' could not be found trying to start it as a lazy AIDL service. (if it's not configured to be a lazy service, it may be stuck starting or still starting).
[  382.732596][    T1] init: Control message: Could not find 'aidl/android.hardware.audio.effect.IFactory/default' for ctl.interface_start from pid: 411 (/system/bin/servicemanager)
[  382.734238][  T939] servicemanager: Caller(pid=908,uid=1041,sid=u:r:audioserver:s0) Tried to start aidl service android.hardware.audio.effect.IFactory/default as a lazy service, but was unable to. Usually this happens when a service is not installed, but if the service is intended to be used as a lazy service, then it may be configured incorrectly.
[  382.825932][  T411] servicemanager: Caller(pid=919,uid=1041,sid=u:r:hal_audio_default:s0) Found android.hardware.audio.effect.IFactory/default in device VINTF manifest.
[  382.887657][  T411] libbinder.BpBinder: onLastStrongRef automatically unlinking death recipients for binder (0xb40000704e415490) with descriptor: '(not cached)'
[  382.953590][  T425] type=1320 audit(1791396032.416:325): 
[  382.965844][  T425] type=1325 audit(1791396032.440:326): table=mangle family=2 entries=30 op=xt_replace subj=u:r:netd:s0 comm="iptables-restor"
[  382.982061][  T425] type=1300 audit(1791396032.440:326): arch=c00000b7 syscall=208 success=yes exit=0 a0=4 a1=0 a2=40 a3=b4000070d060bbe0 items=0 ppid=915 auid=4294967295 uid=0 gid=0 euid=0 suid=0 fsuid=0 egid=0 sgid=0 fsgid=0 tty=(none) ses=4294967295 comm="iptables-restor" exe="/system/bin/iptables" subj=u:r:netd:s0 key=(null)
[  383.001976][  T425] type=1327 audit(1791396032.440:326): proctitle=2F73797374656D2F62696E2F69707461626C65732D726573746F7265002D2D6E6F666C757368002D77002D76
[  383.013414][  T425] type=1320 audit(1791396032.440:326): 
[  383.027615][  T425] type=1325 audit(1791396032.452:327): table=filter family=2 entries=76 op=xt_replace subj=u:r:netd:s0 comm="iptables-restor"
[  383.035067][  T425] type=1300 audit(1791396032.452:327): arch=c00000b7 syscall=208 success=yes exit=0 a0=4 a1=0 a2=40 a3=b40000702060d430 items=0 ppid=915 auid=4294967295 uid=0 gid=0 euid=0 suid=0 fsuid=0 egid=0 sgid=0 fsgid=0 tty=(none) ses=4294967295 comm="iptables-restor" exe="/system/bin/iptables" subj=u:r:netd:s0 key=(null)
[  383.137722][  T425] type=1327 audit(1791396032.452:327): proctitle=2F73797374656D2F62696E2F69707461626C65732D726573746F7265002D2D6E6F666C757368002D77002D76
[  383.263290][  T425] type=1320 audit(1791396032.452:327): 
[  383.287688][  T425] type=1325 audit(1791396032.452:328): table=filter family=10 entries=76 op=xt_replace subj=u:r:netd:s0 comm="ip6tables-resto"
[  383.385256][  T425] type=1300 audit(1791396032.452:328): arch=c00000b7 syscall=208 success=yes exit=0 a0=4 a1=29 a2=40 a3=b400006f8a416320 items=0 ppid=915 auid=4294967295 uid=0 gid=0 euid=0 suid=0 fsuid=0 egid=0 sgid=0 fsgid=0 tty=(none) ses=4294967295 comm="ip6tables-resto" exe="/system/bin/iptables" subj=u:r:netd:s0 key=(null)
[  383.422860][  T425] type=1327 audit(1791396032.452:328): proctitle=2F73797374656D2F62696E2F6970367461626C65732D726573746F7265002D2D6E6F666C757368002D77002D76
[  383.433366][  T425] type=1320 audit(1791396032.452:328): 
[  383.436204][  T425] type=1325 audit(1791396032.484:329): table=filter family=2 entries=76 op=xt_replace subj=u:r:netd:s0 comm="iptables-restor"
[  383.442337][  T425] type=1300 audit(1791396032.484:329): arch=c00000b7 syscall=208 success=yes exit=0 a0=4 a1=0 a2=40 a3=b400006f50618840 items=0 ppid=915 auid=4294967295 uid=0 gid=0 euid=0 suid=0 fsuid=0 egid=0 sgid=0 fsgid=0 tty=(none) ses=4294967295 comm="iptables-restor" exe="/system/bin/iptables" subj=u:r:netd:s0 key=(null)
[  383.454607][  T425] type=1327 audit(1791396032.484:329): proctitle=2F73797374656D2F62696E2F69707461626C65732D726573746F7265002D2D6E6F666C757368002D77002D76
[  383.461509][  T425] type=1320 audit(1791396032.484:329): 
[  383.465902][  T425] type=1325 audit(1791396032.496:330): table=raw family=2 entries=12 op=xt_replace subj=u:r:netd:s0 comm="iptables-restor"
[  383.476844][  T425] type=1300 audit(1791396032.496:330): arch=c00000b7 syscall=208 success=yes exit=0 a0=4 a1=0 a2=40 a3=b400006f90608130 items=0 ppid=915 auid=4294967295 uid=0 gid=0 euid=0 suid=0 fsuid=0 egid=0 sgid=0 fsgid=0 tty=(none) ses=4294967295 comm="iptables-restor" exe="/system/bin/iptables" subj=u:r:netd:s0 key=(null)
[  383.494233][  T425] type=1327 audit(1791396032.496:330): proctitle=2F73797374656D2F62696E2F69707461626C65732D726573746F7265002D2D6E6F666C757368002D77002D76
[  383.500799][  T425] type=1320 audit(1791396032.496:330): 
[  383.504673][  T425] type=1325 audit(1791396032.496:331): table=mangle family=2 entries=31 op=xt_replace subj=u:r:netd:s0 comm="iptables-restor"
[  383.511552][  T425] type=1300 audit(1791396032.496:331): arch=c00000b7 syscall=208 success=yes exit=0 a0=4 a1=0 a2=40 a3=b4000070d060bbe0 items=0 ppid=915 auid=4294967295 uid=0 gid=0 euid=0 suid=0 fsuid=0 egid=0 sgid=0 fsgid=0 tty=(none) ses=4294967295 comm="iptables-restor" exe="/system/bin/iptables" subj=u:r:netd:s0 key=(null)
[  383.527754][  T425] type=1327 audit(1791396032.496:331): proctitle=2F73797374656D2F62696E2F69707461626C65732D726573746F7265002D2D6E6F666C757368002D77002D76
[  383.536363][  T425] type=1320 audit(1791396032.496:331): 
[  383.538634][  T425] type=1325 audit(1791396032.516:332): table=filter family=10 entries=76 op=xt_replace subj=u:r:netd:s0 comm="ip6tables-resto"
[  383.543801][  T425] type=1300 audit(1791396032.516:332): arch=c00000b7 syscall=208 success=yes exit=0 a0=4 a1=29 a2=40 a3=b400006f4a409a20 items=0 ppid=915 auid=4294967295 uid=0 gid=0 euid=0 suid=0 fsuid=0 egid=0 sgid=0 fsgid=0 tty=(none) ses=4294967295 comm="ip6tables-resto" exe="/system/bin/iptables" subj=u:r:netd:s0 key=(null)
[  383.561161][  T425] type=1327 audit(1791396032.516:332): proctitle=2F73797374656D2F62696E2F6970367461626C65732D726573746F7265002D2D6E6F666C757368002D77002D76
[  383.572805][  T425] type=1320 audit(1791396032.516:332): 
[  383.574908][  T425] type=1325 audit(1791396032.516:333): table=raw family=10 entries=12 op=xt_replace subj=u:r:netd:s0 comm="ip6tables-resto"
[  383.580442][  T425] type=1300 audit(1791396032.516:333): arch=c00000b7 syscall=208 success=yes exit=0 a0=4 a1=29 a2=40 a3=b40000700a40dc40 items=0 ppid=915 auid=4294967295 uid=0 gid=0 euid=0 suid=0 fsuid=0 egid=0 sgid=0 fsgid=0 tty=(none) ses=4294967295 comm="ip6tables-resto" exe="/system/bin/iptables" subj=u:r:netd:s0 key=(null)
[  383.591031][  T425] type=1327 audit(1791396032.516:333): proctitle=2F73797374656D2F62696E2F6970367461626C65732D726573746F7265002D2D6E6F666C757368002D77002D76
[  383.627106][  T425] type=1320 audit(1791396032.516:333): 
[  383.634345][  T425] type=1325 audit(1791396032.520:334): table=mangle family=10 entries=30 op=xt_replace subj=u:r:netd:s0 comm="ip6tables-resto"
[  383.780733][  T425] type=1300 audit(1791396032.520:334): arch=c00000b7 syscall=208 success=yes exit=0 a0=4 a1=29 a2=40 a3=b400006f5a4057b0 items=0 ppid=915 auid=4294967295 uid=0 gid=0 euid=0 suid=0 fsuid=0 egid=0 sgid=0 fsgid=0 tty=(none) ses=4294967295 comm="ip6tables-resto" exe="/system/bin/iptables" subj=u:r:netd:s0 key=(null)
[  383.859246][  T425] type=1327 audit(1791396032.520:334): proctitle=2F73797374656D2F62696E2F6970367461626C65732D726573746F7265002D2D6E6F666C757368002D77002D76
[  383.872773][  T425] type=1320 audit(1791396032.520:334): 
[  383.888901][  T425] type=1325 audit(1791396032.524:335): table=filter family=2 entries=70 op=xt_replace subj=u:r:netd:s0 comm="iptables-restor"
[  383.905224][  T425] type=1300 audit(1791396032.524:335): arch=c00000b7 syscall=208 success=yes exit=0 a0=4 a1=0 a2=40 a3=b4000070b0609010 items=0 ppid=915 auid=4294967295 uid=0 gid=0 euid=0 suid=0 fsuid=0 egid=0 sgid=0 fsgid=0 tty=(none) ses=4294967295 comm="iptables-restor" exe="/system/bin/iptables" subj=u:r:netd:s0 key=(null)
[  383.925701][  T425] type=1327 audit(1791396032.524:335): proctitle=2F73797374656D2F62696E2F69707461626C65732D726573746F7265002D2D6E6F666C757368002D77002D76
[  383.994162][  T425] type=1320 audit(1791396032.524:335): 
[  383.999983][  T425] type=1325 audit(1791396032.532:336): table=filter family=10 entries=70 op=xt_replace subj=u:r:netd:s0 comm="ip6tables-resto"
[  384.121799][  T425] type=1300 audit(1791396032.532:336): arch=c00000b7 syscall=208 success=yes exit=0 a0=4 a1=29 a2=40 a3=b400006e6a410f30 items=0 ppid=915 auid=4294967295 uid=0 gid=0 euid=0 suid=0 fsuid=0 egid=0 sgid=0 fsgid=0 tty=(none) ses=4294967295 comm="ip6tables-resto" exe="/system/bin/iptables" subj=u:r:netd:s0 key=(null)
[  384.167343][  T425] type=1327 audit(1791396032.532:336): proctitle=2F73797374656D2F62696E2F6970367461626C65732D726573746F7265002D2D6E6F666C757368002D77002D76
[  384.178395][  T425] type=1320 audit(1791396032.532:336): 
[  384.228948][  T425] type=1325 audit(1791396032.552:337): table=filter family=2 entries=58 op=xt_replace subj=u:r:netd:s0 comm="iptables-restor"
[  384.550911][  T425] type=1300 audit(1791396032.552:337): arch=c00000b7 syscall=208 success=yes exit=0 a0=4 a1=0 a2=40 a3=b400006f50618840 items=0 ppid=915 auid=4294967295 uid=0 gid=0 euid=0 suid=0 fsuid=0 egid=0 sgid=0 fsgid=0 tty=(none) ses=4294967295 comm="iptables-restor" exe="/system/bin/iptables" subj=u:r:netd:s0 key=(null)
[  385.342882][  T425] type=1327 audit(1791396032.552:337): proctitle=2F73797374656D2F62696E2F69707461626C65732D726573746F7265002D2D6E6F666C757368002D77002D76
[  385.454486][  T425] type=1320 audit(1791396032.552:337): 
[  385.521341][  T425] type=1325 audit(1791396032.612:338): table=filter family=10 entries=58 op=xt_replace subj=u:r:netd:s0 comm="ip6tables-resto"
[  385.527358][  T425] type=1300 audit(1791396032.612:338): arch=c00000b7 syscall=208 success=yes exit=0 a0=4 a1=29 a2=40 a3=b400006f4a409a20 items=0 ppid=915 auid=4294967295 uid=0 gid=0 euid=0 suid=0 fsuid=0 egid=0 sgid=0 fsgid=0 tty=(none) ses=4294967295 comm="ip6tables-resto" exe="/system/bin/iptables" subj=u:r:netd:s0 key=(null)
[  385.542683][  T425] type=1327 audit(1791396032.612:338): proctitle=2F73797374656D2F62696E2F6970367461626C65732D726573746F7265002D2D6E6F666C757368002D77002D76
[  385.548788][  T425] type=1320 audit(1791396032.612:338): 
[  385.551909][  T425] type=1325 audit(1791396032.616:339): table=mangle family=2 entries=31 op=xt_replace subj=u:r:netd:s0 comm="iptables-restor"
[  385.557739][  T425] type=1300 audit(1791396032.616:339): arch=c00000b7 syscall=208 success=yes exit=0 a0=4 a1=0 a2=40 a3=b4000070d060bbe0 items=0 ppid=915 auid=4294967295 uid=0 gid=0 euid=0 suid=0 fsuid=0 egid=0 sgid=0 fsgid=0 tty=(none) ses=4294967295 comm="iptables-restor" exe="/system/bin/iptables" subj=u:r:netd:s0 key=(null)
[  385.570012][  T425] type=1327 audit(1791396032.616:339): proctitle=2F73797374656D2F62696E2F69707461626C65732D726573746F7265002D2D6E6F666C757368002D77002D76
[  385.581679][  T425] type=1320 audit(1791396032.616:339): 
[  385.584946][  T425] type=1325 audit(1791396032.628:340): table=mangle family=10 entries=30 op=xt_replace subj=u:r:netd:s0 comm="ip6tables-resto"
[  385.594388][  T425] type=1300 audit(1791396032.628:340): arch=c00000b7 syscall=208 success=yes exit=0 a0=4 a1=29 a2=40 a3=b400006f5a4057b0 items=0 ppid=915 auid=4294967295 uid=0 gid=0 euid=0 suid=0 fsuid=0 egid=0 sgid=0 fsgid=0 tty=(none) ses=4294967295 comm="ip6tables-resto" exe="/system/bin/iptables" subj=u:r:netd:s0 key=(null)
[  385.617336][  T425] type=1327 audit(1791396032.628:340): proctitle=2F73797374656D2F62696E2F6970367461626C65732D726573746F7265002D2D6E6F666C757368002D77002D76
[  385.647235][  T425] type=1320 audit(1791396032.628:340): 
[  385.664067][  T425] type=1325 audit(1791396032.636:341): table=filter family=2 entries=70 op=xt_replace subj=u:r:netd:s0 comm="iptables-restor"
[  385.683182][  T425] type=1300 audit(1791396032.636:341): arch=c00000b7 syscall=208 success=yes exit=0 a0=4 a1=0 a2=40 a3=b400006f5060f820 items=0 ppid=915 auid=4294967295 uid=0 gid=0 euid=0 suid=0 fsuid=0 egid=0 sgid=0 fsgid=0 tty=(none) ses=4294967295 comm="iptables-restor" exe="/system/bin/iptables" subj=u:r:netd:s0 key=(null)
[  385.774142][  T425] type=1327 audit(1791396032.636:341): proctitle=2F73797374656D2F62696E2F69707461626C65732D726573746F7265002D2D6E6F666C757368002D77002D76
[  385.795658][  T425] type=1320 audit(1791396032.636:341): 
[  385.815471][  T425] type=1325 audit(1791396032.640:342): table=raw family=2 entries=12 op=xt_replace subj=u:r:netd:s0 comm="iptables-restor"
[  385.833736][  T425] type=1300 audit(1791396032.640:342): arch=c00000b7 syscall=208 success=yes exit=0 a0=4 a1=0 a2=40 a3=b400006f90608130 items=0 ppid=915 auid=4294967295 uid=0 gid=0 euid=0 suid=0 fsuid=0 egid=0 sgid=0 fsgid=0 tty=(none) ses=4294967295 comm="iptables-restor" exe="/system/bin/iptables" subj=u:r:netd:s0 key=(null)
[  385.860314][  T425] type=1327 audit(1791396032.640:342): proctitle=2F73797374656D2F62696E2F69707461626C65732D726573746F7265002D2D6E6F666C757368002D77002D76
[  385.881311][  T425] type=1320 audit(1791396032.640:342): 
[  385.891766][  T425] type=1325 audit(1791396032.648:343): table=mangle family=2 entries=33 op=xt_replace subj=u:r:netd:s0 comm="iptables-restor"
[  385.905501][  T425] type=1300 audit(1791396032.648:343): arch=c00000b7 syscall=208 success=yes exit=0 a0=4 a1=0 a2=40 a3=b4000070d060bbe0 items=0 ppid=915 auid=4294967295 uid=0 gid=0 euid=0 suid=0 fsuid=0 egid=0 sgid=0 fsgid=0 tty=(none) ses=4294967295 comm="iptables-restor" exe="/system/bin/iptables" subj=u:r:netd:s0 key=(null)
[  385.930940][  T425] type=1327 audit(1791396032.648:343): proctitle=2F73797374656D2F62696E2F69707461626C65732D726573746F7265002D2D6E6F666C757368002D77002D76
[  385.950047][  T425] type=1320 audit(1791396032.648:343): 
[  385.961244][  T425] type=1325 audit(1791396032.672:344): table=filter family=10 entries=70 op=xt_replace subj=u:r:netd:s0 comm="ip6tables-resto"
[  385.982810][  T425] type=1300 audit(1791396032.672:344): arch=c00000b7 syscall=208 success=yes exit=0 a0=4 a1=29 a2=40 a3=b400006f4a414e40 items=0 ppid=915 auid=4294967295 uid=0 gid=0 euid=0 suid=0 fsuid=0 egid=0 sgid=0 fsgid=0 tty=(none) ses=4294967295 comm="ip6tables-resto" exe="/system/bin/iptables" subj=u:r:netd:s0 key=(null)
[  386.553808][  T425] type=1327 audit(1791396032.672:344): proctitle=2F73797374656D2F62696E2F6970367461626C65732D726573746F7265002D2D6E6F666C757368002D77002D76
[  386.939924][  T425] type=1320 audit(1791396032.672:344): 
[  387.174682][  T425] type=1325 audit(1791396032.676:345): table=raw family=10 entries=12 op=xt_replace subj=u:r:netd:s0 comm="ip6tables-resto"
[  387.251686][  T425] type=1300 audit(1791396032.676:345): arch=c00000b7 syscall=208 success=yes exit=0 a0=4 a1=29 a2=40 a3=b40000700a40dc40 items=0 ppid=915 auid=4294967295 uid=0 gid=0 euid=0 suid=0 fsuid=0 egid=0 sgid=0 fsgid=0 tty=(none) ses=4294967295 comm="ip6tables-resto" exe="/system/bin/iptables" subj=u:r:netd:s0 key=(null)
[  387.276527][  T425] type=1327 audit(1791396032.676:345): proctitle=2F73797374656D2F62696E2F6970367461626C65732D726573746F7265002D2D6E6F666C757368002D77002D76
[  387.306610][  T425] type=1320 audit(1791396032.676:345): 
[  387.331585][  T425] type=1325 audit(1791396032.676:346): table=mangle family=10 entries=32 op=xt_replace subj=u:r:netd:s0 comm="ip6tables-resto"
[  387.341193][  T425] type=1300 audit(1791396032.676:346): arch=c00000b7 syscall=208 success=yes exit=0 a0=4 a1=29 a2=40 a3=b400006f5a4057b0 items=0 ppid=915 auid=4294967295 uid=0 gid=0 euid=0 suid=0 fsuid=0 egid=0 sgid=0 fsgid=0 tty=(none) ses=4294967295 comm="ip6tables-resto" exe="/system/bin/iptables" subj=u:r:netd:s0 key=(null)
[  387.809136][  T425] type=1327 audit(1791396032.676:346): proctitle=2F73797374656D2F62696E2F6970367461626C65732D726573746F7265002D2D6E6F666C757368002D77002D76
[  387.840689][  T425] type=1320 audit(1791396032.676:346): 
[  387.844015][  T425] type=1325 audit(1791396032.680:347): table=filter family=2 entries=70 op=xt_replace subj=u:r:netd:s0 comm="iptables-restor"
[  387.854079][  T425] type=1300 audit(1791396032.680:347): arch=c00000b7 syscall=208 success=yes exit=0 a0=4 a1=0 a2=40 a3=b400007020607a20 items=0 ppid=915 auid=4294967295 uid=0 gid=0 euid=0 suid=0 fsuid=0 egid=0 sgid=0 fsgid=0 tty=(none) ses=4294967295 comm="iptables-restor" exe="/system/bin/iptables" subj=u:r:netd:s0 key=(null)
[  387.866167][  T425] type=1327 audit(1791396032.680:347): proctitle=2F73797374656D2F62696E2F69707461626C65732D726573746F7265002D2D6E6F666C757368002D77002D76
[  387.874231][  T425] type=1320 audit(1791396032.680:347): 
[  387.879581][  T425] type=1325 audit(1791396032.684:348): table=raw family=2 entries=12 op=xt_replace subj=u:r:netd:s0 comm="iptables-restor"
[  387.931489][  T425] type=1300 audit(1791396032.684:348): arch=c00000b7 syscall=208 success=yes exit=0 a0=4 a1=0 a2=40 a3=b400006f6060b040 items=0 ppid=915 auid=4294967295 uid=0 gid=0 euid=0 suid=0 fsuid=0 egid=0 sgid=0 fsgid=0 tty=(none) ses=4294967295 comm="iptables-restor" exe="/system/bin/iptables" subj=u:r:netd:s0 key=(null)
[  387.955164][  T425] type=1327 audit(1791396032.684:348): proctitle=2F73797374656D2F62696E2F69707461626C65732D726573746F7265002D2D6E6F666C757368002D77002D76
[  387.971010][  T425] type=1320 audit(1791396032.684:348): 
[  387.987701][  T425] type=1325 audit(1791396032.692:349): table=mangle family=2 entries=33 op=xt_replace subj=u:r:netd:s0 comm="iptables-restor"
[  388.005192][  T425] type=1300 audit(1791396032.692:349): arch=c00000b7 syscall=208 success=yes exit=0 a0=4 a1=0 a2=40 a3=b4000070d060bbe0 items=0 ppid=915 auid=4294967295 uid=0 gid=0 euid=0 suid=0 fsuid=0 egid=0 sgid=0 fsgid=0 tty=(none) ses=4294967295 comm="iptables-restor" exe="/system/bin/iptables" subj=u:r:netd:s0 key=(null)
[  388.153425][  T425] type=1327 audit(1791396032.692:349): proctitle=2F73797374656D2F62696E2F69707461626C65732D726573746F7265002D2D6E6F666C757368002D77002D76
[  388.203659][  T425] type=1320 audit(1791396032.692:349): 
[  388.358922][  T425] type=1325 audit(1791396032.708:350): table=filter family=10 entries=70 op=xt_replace subj=u:r:netd:s0 comm="ip6tables-resto"
[  388.460030][  T425] type=1300 audit(1791396032.708:350): arch=c00000b7 syscall=208 success=yes exit=0 a0=4 a1=29 a2=40 a3=b400006f8a41d630 items=0 ppid=915 auid=4294967295 uid=0 gid=0 euid=0 suid=0 fsuid=0 egid=0 sgid=0 fsgid=0 tty=(none) ses=4294967295 comm="ip6tables-resto" exe="/system/bin/iptables" subj=u:r:netd:s0 key=(null)
[  388.907593][  T425] type=1327 audit(1791396032.708:350): proctitle=2F73797374656D2F62696E2F6970367461626C65732D726573746F7265002D2D6E6F666C757368002D77002D76
[  388.957210][  T425] type=1320 audit(1791396032.708:350): 
[  388.959875][  T425] type=1325 audit(1791396032.708:351): table=raw family=10 entries=12 op=xt_replace subj=u:r:netd:s0 comm="ip6tables-resto"
[  388.977797][  T425] type=1300 audit(1791396032.708:351): arch=c00000b7 syscall=208 success=yes exit=0 a0=4 a1=29 a2=40 a3=b400006eba405010 items=0 ppid=915 auid=4294967295 uid=0 gid=0 euid=0 suid=0 fsuid=0 egid=0 sgid=0 fsgid=0 tty=(none) ses=4294967295 comm="ip6tables-resto" exe="/system/bin/iptables" subj=u:r:netd:s0 key=(null)
[  388.997255][  T425] type=1327 audit(1791396032.708:351): proctitle=2F73797374656D2F62696E2F6970367461626C65732D726573746F7265002D2D6E6F666C757368002D77002D76
[  389.009494][  T425] type=1320 audit(1791396032.708:351): 
[  389.010748][  T425] type=1325 audit(1791396032.708:352): table=mangle family=10 entries=32 op=xt_replace subj=u:r:netd:s0 comm="ip6tables-resto"
[  389.021187][  T425] type=1300 audit(1791396032.708:352): arch=c00000b7 syscall=208 success=yes exit=0 a0=4 a1=29 a2=40 a3=b400006e7a40b010 items=0 ppid=915 auid=4294967295 uid=0 gid=0 euid=0 suid=0 fsuid=0 egid=0 sgid=0 fsgid=0 tty=(none) ses=4294967295 comm="ip6tables-resto" exe="/system/bin/iptables" subj=u:r:netd:s0 key=(null)
[  389.045325][  T425] type=1327 audit(1791396032.708:352): proctitle=2F73797374656D2F62696E2F6970367461626C65732D726573746F7265002D2D6E6F666C757368002D77002D76
[  389.048713][  T425] type=1320 audit(1791396032.708:352): 
[  391.114206][  T421] logd: logdr: UID=1000 GID=1003 PID=954 n tail=500 logMask=8 pid=916 start=0ns deadline=0ns
[  391.486755][  T421] logd: logdr: UID=1000 GID=1003 PID=954 n tail=500 logMask=1 pid=916 start=0ns deadline=0ns
[  392.140805][  T425] type=1701 audit(1791396043.516:353): auid=4294967295 uid=1000 gid=1003 ses=4294967295 subj=u:r:surfaceflinger:s0 comm="surfaceflinger" exe="/system/bin/surfaceflinger" sig=6 res=1
[  392.281990][    T1] init: Untracked process (pid: 954 name: (crash_dump64) ppid: 1 pgrp: 950 state: Z) exited with status 0
[  392.285976][    T1] init: Untracked process (pid: 954 name: (crash_dump64) ppid: 1 pgrp: 950 state: Z) did not have an associated service entry and will not be reaped
[  392.305754][    T1] init: Untracked process (pid: 958 name: (surfaceflinger) ppid: 1 pgrp: 958 state: Z) exited with status 0
[  392.314550][    T1] init: Untracked process (pid: 958 name: (surfaceflinger) ppid: 1 pgrp: 958 state: Z) did not have an associated service entry and will not be reaped
[  392.854911][    T1] init: Service 'surfaceflinger' (pid 916) received SIGABRT
[  392.860635][    T1] init: Sending SIGKILL to service 'surfaceflinger' (pid 916) process group...
[  392.990429][    T1] libprocessgroup: Removed cgroup /sys/fs/cgroup/system/uid_1000/pid_916
[  393.011059][    T1] init: Sending SIGKILL to service 'zygote' (pid 906) process group...
[  394.175791][    T1] libprocessgroup: Removed cgroup /sys/fs/cgroup/system/uid_0/pid_906
[  394.638652][    T1] init: Command 'restart --only-if-running zygote' action=onrestart (<Service 'surfaceflinger' onrestart>:1) took 1614ms and succeeded
[  394.918543][    T1] init: Service 'zygote' (pid 906) received SIGKILL
[  394.922410][    T1] init: Sending SIGKILL to service 'zygote' (pid 906) process group...
[  394.937995][    T1] libprocessgroup: Failed to write 1 to /sys/fs/cgroup/system/uid_0/pid_906/cgroup.kill: No such file or directory
[  394.954682][    T1] libprocessgroup: Removing /sys/fs/cgroup/system/uid_9999/pid_648
[  394.970604][    T1] libprocessgroup: Removing /sys/fs/cgroup/system/uid_9999/pid_449
[  394.973908][    T1] libprocessgroup: Removing /sys/fs/cgroup/system/uid_9999/pid_656
[  394.975133][    T1] libprocessgroup: Removing /sys/fs/cgroup/system/uid_9999/pid_684
[  394.976611][    T1] libprocessgroup: Removing /sys/fs/cgroup/system/uid_9999/pid_664
[  394.978015][    T1] libprocessgroup: Removing /sys/fs/cgroup/system/uid_9999/pid_749
[  394.978685][  T411] servicemanager: Caller(pid=910,uid=1013,sid=u:r:mediaserver:s0) Since 'media.codeclist.generator' could not be found trying to start it as a lazy AIDL service. (if it's not configured to be a lazy service, it may be stuck starting or still starting).
[  394.979582][    T1] libprocessgroup: Removing /sys/fs/cgroup/system/uid_9999/pid_654
[  394.984682][    T1] libprocessgroup: Removing /sys/fs/cgroup/system/uid_9999/pid_639
[  394.991671][    T1] libprocessgroup: Removing /sys/fs/cgroup/system/uid_9999/pid_751
[  394.998109][    T1] libprocessgroup: Removing /sys/fs/cgroup/system/uid_9999/pid_657
[  395.004541][    T1] libprocessgroup: Removing /sys/fs/cgroup/system/uid_9999/pid_683
[  395.012343][    T1] libprocessgroup: Removing /sys/fs/cgroup/system/uid_9999/pid_653
[  395.017312][    T1] libprocessgroup: Removing /sys/fs/cgroup/system/uid_9999/pid_643
[  395.018551][    T1] libprocessgroup: Removing /sys/fs/cgroup/system/uid_9999/pid_651
[  395.019685][    T1] libprocessgroup: Removing /sys/fs/cgroup/system/uid_9999/pid_641
[  395.025319][    T1] libprocessgroup: Removing /sys/fs/cgroup/system/uid_1001/pid_811
[  395.026967][    T1] libprocessgroup: Removing /sys/fs/cgroup/system/uid_1058/pid_478
[  395.028554][    T1] libprocessgroup: Removing /sys/fs/cgroup/system/uid_1076/pid_691
[  395.035836][    T1] libprocessgroup: Removing /sys/fs/cgroup/system/uid_1066/pid_606
[  395.041265][    T1] libprocessgroup: Removing /sys/fs/cgroup/system/uid_1084/pid_658
[  395.043061][    T1] libprocessgroup: Removing /sys/fs/cgroup/system/uid_1046/pid_810
[  395.044386][    T1] libprocessgroup: Removing /sys/fs/cgroup/system/uid_1036/pid_409
[  395.046692][    T1] libprocessgroup: Removing /sys/fs/cgroup/system/uid_1036/pid_798
[  395.048200][    T1] libprocessgroup: Removing /sys/fs/cgroup/system/uid_1064/pid_686
[  395.049632][    T1] libprocessgroup: Removing /sys/fs/cgroup/system/uid_1064/pid_622
[  395.051040][    T1] libprocessgroup: Removing /sys/fs/cgroup/system/uid_1092/pid_400
[  395.052785][    T1] libprocessgroup: Removing /sys/fs/cgroup/system/uid_1072/pid_697
[  395.054404][    T1] libprocessgroup: Removing /sys/fs/cgroup/system/uid_1080/pid_617
[  395.055612][    T1] libprocessgroup: Removing /sys/fs/cgroup/system/uid_1080/pid_633
[  395.057594][    T1] libprocessgroup: Removing /sys/fs/cgroup/system/uid_1040/pid_793
[  395.058785][    T1] libprocessgroup: Removing /sys/fs/cgroup/system/uid_1069/pid_410
[  395.060605][    T1] libprocessgroup: Removing /sys/fs/cgroup/system/uid_1002/pid_666
[  395.061746][    T1] libprocessgroup: Removing /sys/fs/cgroup/system/uid_1002/pid_674
[  395.065587][    T1] libprocessgroup: Removing /sys/fs/cgroup/system/uid_1002/pid_679
[  395.067010][    T1] libprocessgroup: Removing /sys/fs/cgroup/system/uid_1002/pid_667
[  395.069958][    T1] libprocessgroup: Removing /sys/fs/cgroup/system/uid_1002/pid_675
[  395.073809][    T1] libprocessgroup: Removing /sys/fs/cgroup/system/uid_1002/pid_678
[  395.078762][    T1] libprocessgroup: Removing /sys/fs/cgroup/system/uid_1002/pid_668
[  395.082415][    T1] libprocessgroup: Removing /sys/fs/cgroup/system/uid_1010/pid_665
[  395.086982][    T1] libprocessgroup: Removing /sys/fs/cgroup/system/uid_1067/pid_791
[  395.091469][    T1] libprocessgroup: Removing /sys/fs/cgroup/system/uid_1000/pid_646
[  395.094092][    T1] libprocessgroup: Removing /sys/fs/cgroup/system/uid_1000/pid_710
[  395.097523][    T1] libprocessgroup: Removing /sys/fs/cgroup/system/uid_1000/pid_616
[  395.105493][    T1] libprocessgroup: Removing /sys/fs/cgroup/system/uid_1000/pid_680
[  395.106387][    T1] libprocessgroup: Removing /sys/fs/cgroup/system/uid_1000/pid_642
[  395.107567][    T1] libprocessgroup: Removing /sys/fs/cgroup/system/uid_1000/pid_650
[  395.108657][    T1] libprocessgroup: Removing /sys/fs/cgroup/system/uid_1000/pid_640
[  395.109825][    T1] libprocessgroup: Removing /sys/fs/cgroup/system/uid_1000/pid_659
[  395.110808][    T1] libprocessgroup: Removing /sys/fs/cgroup/system/uid_1000/pid_649
[  395.111792][    T1] libprocessgroup: Removing /sys/fs/cgroup/system/uid_1000/pid_411
[  395.112825][    T1] libprocessgroup: Removing /sys/fs/cgroup/system/uid_1000/pid_647
[  395.117652][    T1] libprocessgroup: Removing /sys/fs/cgroup/system/uid_1000/pid_788
[  395.118641][    T1] libprocessgroup: Removing /sys/fs/cgroup/system/uid_1000/pid_448
[  395.119750][    T1] libprocessgroup: Removing /sys/fs/cgroup/system/uid_1000/pid_645
[  395.120603][    T1] libprocessgroup: Removing /sys/fs/cgroup/system/uid_1000/pid_597
[  395.125799][    T1] libprocessgroup: Removing /sys/fs/cgroup/system/uid_1000/pid_681
[  395.127465][    T1] libprocessgroup: Removing /sys/fs/cgroup/system/uid_1000/pid_812
[  395.129828][    T1] libprocessgroup: Removing /sys/fs/cgroup/system/uid_1000/pid_442
[  395.130945][    T1] libprocessgroup: Removing /sys/fs/cgroup/system/uid_1019/pid_730
[  395.132348][    T1] libprocessgroup: Removing /sys/fs/cgroup/system/uid_1047/pid_687
[  395.133301][    T1] libprocessgroup: Removing /sys/fs/cgroup/system/uid_1047/pid_909
[  395.138270][    T1] libprocessgroup: Removing /sys/fs/cgroup/system/uid_1027/pid_685
[  395.139127][    T1] libprocessgroup: Removing /sys/fs/cgroup/system/uid_1083/pid_662
[  395.140502][    T1] libprocessgroup: Removing /sys/fs/cgroup/system/uid_1017/pid_443
[  395.142299][    T1] libprocessgroup: Removing /sys/fs/cgroup/system/uid_0/pid_704
[  395.145988][    T1] libprocessgroup: Removing /sys/fs/cgroup/system/uid_0/pid_815
[  395.146902][    T1] libprocessgroup: Removing /sys/fs/cgroup/system/uid_0/pid_644
[  395.147800][    T1] libprocessgroup: Removing /sys/fs/cgroup/system/uid_0/pid_795
[  395.148606][    T1] libprocessgroup: Removing /sys/fs/cgroup/system/uid_0/pid_813
[  395.151406][    T1] libprocessgroup: Removing /sys/fs/cgroup/system/uid_0/pid_483
[  395.153834][    T1] libprocessgroup: Removing /sys/fs/cgroup/system/uid_0/pid_116
[  395.155784][    T1] libprocessgroup: Removing /sys/fs/cgroup/system/uid_0/pid_446
[  395.157085][    T1] libprocessgroup: Removing /sys/fs/cgroup/system/uid_0/pid_426
[  395.162562][    T1] libprocessgroup: Removing /sys/fs/cgroup/system/uid_0/pid_444
[  395.163749][    T1] libprocessgroup: Removing /sys/fs/cgroup/system/uid_0/pid_915
[  395.164739][    T1] libprocessgroup: Removing /sys/fs/cgroup/system/uid_0/pid_792
[  395.167769][    T1] libprocessgroup: Removing /sys/fs/cgroup/system/uid_0/pid_716
[  395.170672][    T1] libprocessgroup: Removing /sys/fs/cgroup/system/uid_1013/pid_628
[  395.171435][    T1] libprocessgroup: Removing /sys/fs/cgroup/system/uid_1013/pid_910
[  395.172129][    T1] libprocessgroup: Removing /sys/fs/cgroup/system/uid_1013/pid_637
[  395.175770][    T1] libprocessgroup: Removing /sys/fs/cgroup/system/uid_1013/pid_794
[  395.180560][    T1] libprocessgroup: Removing /sys/fs/cgroup/system/uid_1041/pid_918
[  395.183468][    T1] libprocessgroup: Removing /sys/fs/cgroup/system/uid_1041/pid_908
[  395.185996][    T1] libprocessgroup: Removing /sys/fs/cgroup/system/uid_1041/pid_612
[  395.187812][    T1] libprocessgroup: Removing /sys/fs/cgroup/system/uid_1041/pid_919
[  395.199794][    T1] init: starting service 'exec 21 (/system/bin/vdc volume abort_fuse)'...
[  395.308085][    T1] libprocessgroup: Created cgroup /sys/fs/cgroup/system/uid_1000/pid_970
[  395.521991][    T1] init: ... started service 'exec 21 (/system/bin/vdc volume abort_fuse)' has pid 970
[  395.529710][    T1] init: Command 'exec_background - system system -- /system/bin/vdc volume abort_fuse' action=onrestart (<Service 'zygote' onrestart>:1) took 338ms and succeeded
[  395.555585][    T1] init: Command 'write /sys/power/state on' action=onrestart (<Service 'zygote' onrestart>:2) took 18ms and failed: Unable to write to file '/sys/power/state': Unable to write file contents: Invalid argument
[  395.562004][    T1] init: Sending SIGKILL to service 'audioserver' (pid 908) process group...
[  395.804463][  T970] libbinder.BackendUnifiedServiceManager: Thread Pool max thread count is 0. Cannot cache binder as linkToDeath cannot be implemented. serviceName: vold
[  395.877289][    T1] libprocessgroup: Removed cgroup /sys/fs/cgroup/system/uid_1041/pid_908
[  395.882974][    T1] init: Command 'restart audioserver' action=onrestart (<Service 'zygote' onrestart>:4) took 321ms and succeeded
[  395.883507][    T1] init: Sending SIGKILL to service 'cameraserver' (pid 909) process group...
[  395.965518][    T1] libprocessgroup: Removed cgroup /sys/fs/cgroup/system/uid_1047/pid_909
[  396.084272][    T1] init: Command 'restart cameraserver' action=onrestart (<Service 'zygote' onrestart>:5) took 198ms and succeeded
[  396.095798][    T1] init: Sending SIGKILL to service 'media' (pid 910) process group...
[  396.097333][  T411] servicemanager: Caller(pid=910,uid=1013,sid=u:r:mediaserver:s0) Since 'media.codeclist.generator' could not be found trying to start it as a lazy AIDL service. (if it's not configured to be a lazy service, it may be stuck starting or still starting).
[  396.251231][    T1] libprocessgroup: Removed cgroup /sys/fs/cgroup/system/uid_1013/pid_910
[  396.252747][    T1] init: Command 'restart media' action=onrestart (<Service 'zygote' onrestart>:6) took 159ms and succeeded
[  396.258032][    T1] init: Command 'restart --only-if-running media.tuner' action=onrestart (<Service 'zygote' onrestart>:7) took 3ms and failed: service media.tuner not found
[  396.259071][    T1] init: Sending SIGKILL to service 'netd' (pid 915) process group...
[  396.368723][    T1] libprocessgroup: Removed cgroup /sys/fs/cgroup/system/uid_0/pid_915
[  396.371226][    T1] init: Command 'restart netd' action=onrestart (<Service 'zygote' onrestart>:8) took 112ms and succeeded
[  396.371985][    T1] init: Command 'restart wificond' action=onrestart (<Service 'zygote' onrestart>:9) took 0ms and failed: service wificond not found
[  396.402265][    T1] init: Service 'audioserver' (pid 908) received SIGKILL
[  396.402965][    T1] init: Sending SIGKILL to service 'audioserver' (pid 908) process group...
[  396.403870][    T1] libprocessgroup: Failed to write 1 to /sys/fs/cgroup/system/uid_1041/pid_908/cgroup.kill: No such file or directory
[  396.404930][    T1] init: Command 'restart vendor.audio-hal' action=onrestart (<Service 'audioserver' onrestart>:1) took 0ms and failed: service vendor.audio-hal not found
[  396.405870][    T1] init: Sending SIGKILL to service 'vendor.audio-hal-aidl' (pid 918) process group...
[  396.446569][    T1] libprocessgroup: Removed cgroup /sys/fs/cgroup/system/uid_1041/pid_918
[  396.448989][    T1] init: Sending SIGKILL to service 'vendor.audio-effect-hal-aidl' (pid 919) process group...
[  396.471860][    T1] libprocessgroup: Removed cgroup /sys/fs/cgroup/system/uid_1041/pid_919
[  396.473566][    T1] init: Command 'restart vendor.audio-hal-4-0-msd' action=onrestart (<Service 'audioserver' onrestart>:4) took 0ms and failed: service vendor.audio-hal-4-0-msd not found
[  396.474379][    T1] init: Command 'restart audio_proxy_service' action=onrestart (<Service 'audioserver' onrestart>:5) took 0ms and failed: service audio_proxy_service not found
[  396.483279][    T1] init: Service 'cameraserver' (pid 909) received SIGKILL
[  396.483705][    T1] init: Sending SIGKILL to service 'cameraserver' (pid 909) process group...
[  396.484863][    T1] libprocessgroup: Failed to write 1 to /sys/fs/cgroup/system/uid_1047/pid_909/cgroup.kill: No such file or directory
[  396.494608][    T1] init: Service 'media' (pid 910) received SIGKILL
[  396.495305][    T1] init: Sending SIGKILL to service 'media' (pid 910) process group...
[  396.495862][    T1] libprocessgroup: Failed to write 1 to /sys/fs/cgroup/system/uid_1013/pid_910/cgroup.kill: No such file or directory
[  396.512555][    T1] init: Service 'netd' (pid 915) received SIGKILL
[  396.512822][    T1] init: Sending SIGKILL to service 'netd' (pid 915) process group...
[  396.513441][    T1] libprocessgroup: Failed to write 1 to /sys/fs/cgroup/system/uid_0/pid_915/cgroup.kill: No such file or directory
[  396.518260][    T1] init: Command 'restart zygote_secondary' action=onrestart (<Service 'netd' onrestart>:2) took 0ms and failed: service zygote_secondary not found
[  396.523065][    T1] init: Service 'vendor.audio-hal-aidl' (pid 918) received SIGKILL
[  396.523604][    T1] init: Sending SIGKILL to service 'vendor.audio-hal-aidl' (pid 918) process group...
[  396.526631][    T1] libprocessgroup: Failed to write 1 to /sys/fs/cgroup/system/uid_1041/pid_918/cgroup.kill: No such file or directory
[  396.540022][    T1] init: Service 'vendor.audio-effect-hal-aidl' (pid 919) received SIGKILL
[  396.540477][    T1] init: Sending SIGKILL to service 'vendor.audio-effect-hal-aidl' (pid 919) process group...
[  396.540875][    T1] libprocessgroup: Failed to write 1 to /sys/fs/cgroup/system/uid_1041/pid_919/cgroup.kill: No such file or directory
[  396.543161][    T1] init: Service 'exec 21 (/system/bin/vdc volume abort_fuse)' (pid 970) exited with status 0 oneshot service took 1.250000 seconds in background
[  396.543684][    T1] init: Sending SIGKILL to service 'exec 21 (/system/bin/vdc volume abort_fuse)' (pid 970) process group...
[  396.548033][    T1] libprocessgroup: Removed cgroup /sys/fs/cgroup/system/uid_1000/pid_970
[  396.554031][    T1] init: Untracked process (pid: 921 name: (iptables-restor) ppid: 1 pgrp: 915 state: Z) received SIGKILL
[  396.554533][    T1] init: Untracked process (pid: 921 name: (iptables-restor) ppid: 1 pgrp: 915 state: Z) did not have an associated service entry and will not be reaped
[  396.555515][    T1] init: Untracked process (pid: 922 name: (ip6tables-resto) ppid: 1 pgrp: 915 state: Z) received SIGKILL
[  396.555929][    T1] init: Untracked process (pid: 922 name: (ip6tables-resto) ppid: 1 pgrp: 915 state: Z) did not have an associated service entry and will not be reaped
[  396.566725][    T1] init: starting service 'media.codeclist.generator'...
[  396.632916][    T1] libprocessgroup: Created cgroup /sys/fs/cgroup/system/uid_1013/pid_976
[  396.720075][    T1] init: ... started service 'media.codeclist.generator' has pid 976
[  396.722009][    T1] init: Control message: Processed ctl.interface_start for 'aidl/media.codeclist.generator' from pid: 411 (/system/bin/servicemanager)
[  396.726741][    T1] init: processing action (init.svc.media=*) from (/system/etc/init/mediaserver.rc:1)
[  396.730188][    T1] init: starting service 'zygote'...
[  396.736016][    T1] init: Created socket '/dev/socket/zygote', mode 660, user 0, group 1000
[  396.736943][    T1] init: Created socket '/dev/socket/usap_pool_primary', mode 660, user 0, group 1000
[  396.758856][    T1] libprocessgroup: Created cgroup /sys/fs/cgroup/system/uid_0/pid_978
[  396.765479][    T1] init: ... started service 'zygote' has pid 978
[  396.773896][    T1] init: starting service 'audioserver'...
[  396.823366][    T1] libprocessgroup: Created cgroup /sys/fs/cgroup/system/uid_1041/pid_979
[  396.865943][    T1] init: ... started service 'audioserver' has pid 979
[  396.871047][    T1] init: starting service 'cameraserver'...
[  396.947887][    T1] libprocessgroup: Created cgroup /sys/fs/cgroup/system/uid_1047/pid_980
[  397.031541][    T1] init: ... started service 'cameraserver' has pid 980
[  397.047388][    T1] init: starting service 'media'...
[  397.100666][    T1] libprocessgroup: Created cgroup /sys/fs/cgroup/system/uid_1013/pid_981
[  397.143895][    T1] init: ... started service 'media' has pid 981
[  397.154549][    T1] init: starting service 'netd'...
[  397.163488][    T1] init: Created socket '/dev/socket/dnsproxyd', mode 660, user 0, group 3003
[  397.170544][    T1] init: Created socket '/dev/socket/mdns', mode 660, user 0, group 1000
[  397.174538][    T1] init: Created socket '/dev/socket/fwmarkd', mode 660, user 0, group 3003
[  397.239563][    T1] libprocessgroup: Created cgroup /sys/fs/cgroup/system/uid_0/pid_982
[  397.280025][    T1] init: ... started service 'netd' has pid 982
[  397.286998][    T1] init: starting service 'surfaceflinger'...
[  397.356462][    T1] libprocessgroup: Created cgroup /sys/fs/cgroup/system/uid_1000/pid_983
[  397.408598][    T1] init: ... started service 'surfaceflinger' has pid 983
[  397.420776][    T1] init: starting service 'vendor.audio-hal-aidl'...
[  397.458534][    T1] libprocessgroup: Created cgroup /sys/fs/cgroup/system/uid_1041/pid_984
[  397.495466][    T1] init: ... started service 'vendor.audio-hal-aidl' has pid 984
[  397.510928][    T1] init: starting service 'vendor.audio-effect-hal-aidl'...
[  397.550004][    T1] libprocessgroup: Created cgroup /sys/fs/cgroup/system/uid_1041/pid_985
[  397.578262][    T1] init: ... started service 'vendor.audio-effect-hal-aidl' has pid 985
[  397.583889][    T1] init: service 'media.codeclist.generator' requested start, but it is already running (flags: 134, pid: 976, started 958ms ago)
[  397.597556][    T1] init: Control message: Processed ctl.interface_start for 'aidl/media.codeclist.generator' from pid: 411 (/system/bin/servicemanager)
[  397.608839][    T1] init: processing action (init.svc.media=*) from (/system/etc/init/mediaserver.rc:1)
[  397.619610][    T1] init: processing action (init.svc.audioserver=running) from (/system/etc/init/audioserver.rc:43)
[  397.629524][    T1] init: Command 'start vendor.audio-hal' action=init.svc.audioserver=running (/system/etc/init/audioserver.rc:44) took 0ms and failed: service vendor.audio-hal not found
[  397.641618][    T1] init: service 'vendor.audio-hal-aidl' requested start, but it is already running (flags: 4, pid: 984, started 191ms ago)
[  397.654683][    T1] init: service 'vendor.audio-effect-hal-aidl' requested start, but it is already running (flags: 4, pid: 985, started 110ms ago)
[  397.666567][    T1] init: Command 'start vendor.audio-hal-4-0-msd' action=init.svc.audioserver=running (/system/etc/init/audioserver.rc:47) took 0ms and failed: service vendor.audio-hal-4-0-msd not found
[  397.686479][    T1] init: Command 'start audio_proxy_service' action=init.svc.audioserver=running (/system/etc/init/audioserver.rc:48) took 0ms and failed: service audio_proxy_service not found
[  397.704813][    T1] init: processing action (init.svc.media=*) from (/system/etc/init/mediaserver.rc:1)
[  399.327553][  T425] type=1325 audit(1791396050.708:354): table=filter family=2 entries=81 op=xt_replace subj=u:r:netd:s0 comm="iptables-restor"
[  399.346875][  T425] type=1300 audit(1791396050.708:354): arch=c00000b7 syscall=208 success=yes exit=0 a0=4 a1=0 a2=40 a3=b40000793400a010 items=0 ppid=982 auid=4294967295 uid=0 gid=0 euid=0 suid=0 fsuid=0 egid=0 sgid=0 fsgid=0 tty=(none) ses=4294967295 comm="iptables-restor" exe="/system/bin/iptables" subj=u:r:netd:s0 key=(null)
[  399.380524][  T425] type=1327 audit(1791396050.708:354): proctitle=2F73797374656D2F62696E2F69707461626C65732D726573746F7265002D2D6E6F666C757368002D77002D76
[  399.399318][  T425] type=1320 audit(1791396050.708:354): 
[  399.405908][  T425] type=1325 audit(1791396050.796:355): table=filter family=10 entries=81 op=xt_replace subj=u:r:netd:s0 comm="ip6tables-resto"
[  399.429864][  T425] type=1300 audit(1791396050.796:355): arch=c00000b7 syscall=208 success=yes exit=0 a0=4 a1=29 a2=40 a3=b4000071a5222940 items=0 ppid=982 auid=4294967295 uid=0 gid=0 euid=0 suid=0 fsuid=0 egid=0 sgid=0 fsgid=0 tty=(none) ses=4294967295 comm="ip6tables-resto" exe="/system/bin/iptables" subj=u:r:netd:s0 key=(null)
[  399.466013][  T425] type=1327 audit(1791396050.796:355): proctitle=2F73797374656D2F62696E2F6970367461626C65732D726573746F7265002D2D6E6F666C757368002D77002D76
[  399.490484][  T425] type=1320 audit(1791396050.796:355): 
[  399.498559][  T425] type=1325 audit(1791396050.812:356): table=filter family=2 entries=77 op=xt_replace subj=u:r:netd:s0 comm="iptables-restor"
[  399.518605][  T425] type=1300 audit(1791396050.812:356): arch=c00000b7 syscall=208 success=yes exit=0 a0=4 a1=0 a2=40 a3=b40000793400a010 items=0 ppid=982 auid=4294967295 uid=0 gid=0 euid=0 suid=0 fsuid=0 egid=0 sgid=0 fsgid=0 tty=(none) ses=4294967295 comm="iptables-restor" exe="/system/bin/iptables" subj=u:r:netd:s0 key=(null)
[  399.549429][  T425] type=1327 audit(1791396050.812:356): proctitle=2F73797374656D2F62696E2F69707461626C65732D726573746F7265002D2D6E6F666C757368002D77002D76
[  399.562164][  T425] type=1320 audit(1791396050.812:356): 
[  399.573476][  T425] type=1325 audit(1791396050.824:357): table=filter family=10 entries=77 op=xt_replace subj=u:r:netd:s0 comm="ip6tables-resto"
[  399.589437][  T425] type=1300 audit(1791396050.824:357): arch=c00000b7 syscall=208 success=yes exit=0 a0=4 a1=29 a2=40 a3=b4000071a5222940 items=0 ppid=982 auid=4294967295 uid=0 gid=0 euid=0 suid=0 fsuid=0 egid=0 sgid=0 fsgid=0 tty=(none) ses=4294967295 comm="ip6tables-resto" exe="/system/bin/iptables" subj=u:r:netd:s0 key=(null)
[  399.617736][  T425] type=1327 audit(1791396050.824:357): proctitle=2F73797374656D2F62696E2F6970367461626C65732D726573746F7265002D2D6E6F666C757368002D77002D76
[  399.633521][  T425] type=1320 audit(1791396050.824:357): 
[  399.638012][  T425] type=1325 audit(1791396050.848:358): table=raw family=2 entries=16 op=xt_replace subj=u:r:netd:s0 comm="iptables-restor"
[  399.647824][  T425] type=1300 audit(1791396050.848:358): arch=c00000b7 syscall=208 success=yes exit=0 a0=4 a1=0 a2=40 a3=b400007994008190 items=0 ppid=982 auid=4294967295 uid=0 gid=0 euid=0 suid=0 fsuid=0 egid=0 sgid=0 fsgid=0 tty=(none) ses=4294967295 comm="iptables-restor" exe="/system/bin/iptables" subj=u:r:netd:s0 key=(null)
[  399.669623][  T425] type=1327 audit(1791396050.848:358): proctitle=2F73797374656D2F62696E2F69707461626C65732D726573746F7265002D2D6E6F666C757368002D77002D76
[  399.678341][  T425] type=1320 audit(1791396050.848:358): 
[  399.681449][  T425] type=1325 audit(1791396050.872:359): table=raw family=10 entries=16 op=xt_replace subj=u:r:netd:s0 comm="ip6tables-resto"
[  399.693765][  T425] type=1300 audit(1791396050.872:359): arch=c00000b7 syscall=208 success=yes exit=0 a0=4 a1=29 a2=40 a3=b40000715520f4a0 items=0 ppid=982 auid=4294967295 uid=0 gid=0 euid=0 suid=0 fsuid=0 egid=0 sgid=0 fsgid=0 tty=(none) ses=4294967295 comm="ip6tables-resto" exe="/system/bin/iptables" subj=u:r:netd:s0 key=(null)
[  399.708283][  T425] type=1327 audit(1791396050.872:359): proctitle=2F73797374656D2F62696E2F6970367461626C65732D726573746F7265002D2D6E6F666C757368002D77002D76
[  399.722504][  T425] type=1320 audit(1791396050.872:359): 
[  399.728604][  T425] type=1325 audit(1791396050.884:360): table=mangle family=2 entries=37 op=xt_replace subj=u:r:netd:s0 comm="iptables-restor"
[  399.744459][  T425] type=1300 audit(1791396050.884:360): arch=c00000b7 syscall=208 success=yes exit=0 a0=4 a1=0 a2=40 a3=b400007864009010 items=0 ppid=982 auid=4294967295 uid=0 gid=0 euid=0 suid=0 fsuid=0 egid=0 sgid=0 fsgid=0 tty=(none) ses=4294967295 comm="iptables-restor" exe="/system/bin/iptables" subj=u:r:netd:s0 key=(null)
[  399.776504][  T425] type=1327 audit(1791396050.884:360): proctitle=2F73797374656D2F62696E2F69707461626C65732D726573746F7265002D2D6E6F666C757368002D77002D76
[  399.793631][  T425] type=1320 audit(1791396050.884:360): 
[  399.796443][  T425] type=1325 audit(1791396050.908:361): table=mangle family=10 entries=36 op=xt_replace subj=u:r:netd:s0 comm="ip6tables-resto"
[  399.804397][  T425] type=1300 audit(1791396050.908:361): arch=c00000b7 syscall=208 success=yes exit=0 a0=4 a1=29 a2=40 a3=b400006fa5205010 items=0 ppid=982 auid=4294967295 uid=0 gid=0 euid=0 suid=0 fsuid=0 egid=0 sgid=0 fsgid=0 tty=(none) ses=4294967295 comm="ip6tables-resto" exe="/system/bin/iptables" subj=u:r:netd:s0 key=(null)
[  399.907862][  T425] type=1327 audit(1791396050.908:361): proctitle=2F73797374656D2F62696E2F6970367461626C65732D726573746F7265002D2D6E6F666C757368002D77002D76
[  399.983818][  T425] type=1320 audit(1791396050.908:361): 
[  400.009408][  T425] type=1325 audit(1791396050.908:362): table=mangle family=2 entries=36 op=xt_replace subj=u:r:netd:s0 comm="iptables-restor"
[  400.064213][  T425] type=1300 audit(1791396050.908:362): arch=c00000b7 syscall=208 success=yes exit=0 a0=4 a1=0 a2=40 a3=b400007864009010 items=0 ppid=982 auid=4294967295 uid=0 gid=0 euid=0 suid=0 fsuid=0 egid=0 sgid=0 fsgid=0 tty=(none) ses=4294967295 comm="iptables-restor" exe="/system/bin/iptables" subj=u:r:netd:s0 key=(null)
[  400.091367][  T425] type=1327 audit(1791396050.908:362): proctitle=2F73797374656D2F62696E2F69707461626C65732D726573746F7265002D2D6E6F666C757368002D77002D76
[  400.102195][  T425] type=1320 audit(1791396050.908:362): 
[  400.120538][  T425] type=1325 audit(1791396050.920:363): table=mangle family=10 entries=36 op=xt_replace subj=u:r:netd:s0 comm="ip6tables-resto"
[  400.131516][  T425] type=1300 audit(1791396050.920:363): arch=c00000b7 syscall=208 success=yes exit=0 a0=4 a1=29 a2=40 a3=b40000700520f010 items=0 ppid=982 auid=4294967295 uid=0 gid=0 euid=0 suid=0 fsuid=0 egid=0 sgid=0 fsgid=0 tty=(none) ses=4294967295 comm="ip6tables-resto" exe="/system/bin/iptables" subj=u:r:netd:s0 key=(null)
[  400.148176][  T425] type=1327 audit(1791396050.920:363): proctitle=2F73797374656D2F62696E2F6970367461626C65732D726573746F7265002D2D6E6F666C757368002D77002D76
[  400.157105][  T425] type=1320 audit(1791396050.920:363): 
[  400.160210][  T425] type=1325 audit(1791396050.920:364): table=mangle family=2 entries=35 op=xt_replace subj=u:r:netd:s0 comm="iptables-restor"
[  400.165208][  T425] type=1300 audit(1791396050.920:364): arch=c00000b7 syscall=208 success=yes exit=0 a0=4 a1=0 a2=40 a3=b400007864009010 items=0 ppid=982 auid=4294967295 uid=0 gid=0 euid=0 suid=0 fsuid=0 egid=0 sgid=0 fsgid=0 tty=(none) ses=4294967295 comm="iptables-restor" exe="/system/bin/iptables" subj=u:r:netd:s0 key=(null)
[  400.178674][  T425] type=1327 audit(1791396050.920:364): proctitle=2F73797374656D2F62696E2F69707461626C65732D726573746F7265002D2D6E6F666C757368002D77002D76
[  400.193347][  T425] type=1320 audit(1791396050.920:364): 
[  400.197268][  T425] type=1325 audit(1791396050.920:365): table=mangle family=10 entries=35 op=xt_replace subj=u:r:netd:s0 comm="ip6tables-resto"
[  400.317233][  T425] type=1300 audit(1791396050.920:365): arch=c00000b7 syscall=208 success=yes exit=0 a0=4 a1=29 a2=40 a3=b400007005215640 items=0 ppid=982 auid=4294967295 uid=0 gid=0 euid=0 suid=0 fsuid=0 egid=0 sgid=0 fsgid=0 tty=(none) ses=4294967295 comm="ip6tables-resto" exe="/system/bin/iptables" subj=u:r:netd:s0 key=(null)
[  400.349401][  T425] type=1327 audit(1791396050.920:365): proctitle=2F73797374656D2F62696E2F6970367461626C65732D726573746F7265002D2D6E6F666C757368002D77002D76
[  400.356672][  T425] type=1320 audit(1791396050.920:365): 
[  400.386501][  T425] type=1325 audit(1791396050.940:366): table=nat family=2 entries=11 op=xt_replace subj=u:r:netd:s0 comm="iptables-restor"
[  400.406752][  T425] type=1300 audit(1791396050.940:366): arch=c00000b7 syscall=208 success=yes exit=0 a0=4 a1=0 a2=40 a3=b400007994005070 items=0 ppid=982 auid=4294967295 uid=0 gid=0 euid=0 suid=0 fsuid=0 egid=0 sgid=0 fsgid=0 tty=(none) ses=4294967295 comm="iptables-restor" exe="/system/bin/iptables" subj=u:r:netd:s0 key=(null)
[  400.433524][  T425] type=1327 audit(1791396050.940:366): proctitle=2F73797374656D2F62696E2F69707461626C65732D726573746F7265002D2D6E6F666C757368002D77002D76
[  400.443190][  T425] type=1320 audit(1791396050.940:366): 
[  400.447283][  T425] type=1325 audit(1791396050.940:367): table=nat family=2 entries=11 op=xt_replace subj=u:r:netd:s0 comm="iptables-restor"
[  400.457406][  T425] type=1300 audit(1791396050.940:367): arch=c00000b7 syscall=208 success=yes exit=0 a0=4 a1=0 a2=40 a3=b400007994005070 items=0 ppid=982 auid=4294967295 uid=0 gid=0 euid=0 suid=0 fsuid=0 egid=0 sgid=0 fsgid=0 tty=(none) ses=4294967295 comm="iptables-restor" exe="/system/bin/iptables" subj=u:r:netd:s0 key=(null)
[  400.479408][  T425] type=1327 audit(1791396050.940:367): proctitle=2F73797374656D2F62696E2F69707461626C65732D726573746F7265002D2D6E6F666C757368002D77002D76
[  400.493683][  T425] type=1320 audit(1791396050.940:367): 
[  400.497259][  T425] type=1325 audit(1791396050.952:368): table=filter family=2 entries=76 op=xt_replace subj=u:r:netd:s0 comm="iptables-restor"
[  400.509370][  T425] type=1300 audit(1791396050.952:368): arch=c00000b7 syscall=208 success=yes exit=0 a0=4 a1=0 a2=40 a3=b40000793400a010 items=0 ppid=982 auid=4294967295 uid=0 gid=0 euid=0 suid=0 fsuid=0 egid=0 sgid=0 fsgid=0 tty=(none) ses=4294967295 comm="iptables-restor" exe="/system/bin/iptables" subj=u:r:netd:s0 key=(null)
[  400.530718][  T425] type=1327 audit(1791396050.952:368): proctitle=2F73797374656D2F62696E2F69707461626C65732D726573746F7265002D2D6E6F666C757368002D77002D76
[  400.538285][  T425] type=1320 audit(1791396050.952:368): 
[  400.542199][  T425] type=1325 audit(1791396050.952:369): table=filter family=10 entries=77 op=xt_replace subj=u:r:netd:s0 comm="ip6tables-resto"
[  400.557225][  T425] type=1300 audit(1791396050.952:369): arch=c00000b7 syscall=208 success=yes exit=0 a0=4 a1=29 a2=40 a3=b4000071a5222940 items=0 ppid=982 auid=4294967295 uid=0 gid=0 euid=0 suid=0 fsuid=0 egid=0 sgid=0 fsgid=0 tty=(none) ses=4294967295 comm="ip6tables-resto" exe="/system/bin/iptables" subj=u:r:netd:s0 key=(null)
[  400.593752][  T425] type=1327 audit(1791396050.952:369): proctitle=2F73797374656D2F62696E2F6970367461626C65732D726573746F7265002D2D6E6F666C757368002D77002D76
[  400.609519][  T425] type=1320 audit(1791396050.952:369): 
[  400.622187][  T425] type=1325 audit(1791396050.964:370): table=mangle family=2 entries=34 op=xt_replace subj=u:r:netd:s0 comm="iptables-restor"
[  400.630316][  T425] type=1300 audit(1791396050.964:370): arch=c00000b7 syscall=208 success=yes exit=0 a0=4 a1=0 a2=40 a3=b400007864009010 items=0 ppid=982 auid=4294967295 uid=0 gid=0 euid=0 suid=0 fsuid=0 egid=0 sgid=0 fsgid=0 tty=(none) ses=4294967295 comm="iptables-restor" exe="/system/bin/iptables" subj=u:r:netd:s0 key=(null)
[  400.642514][  T425] type=1327 audit(1791396050.964:370): proctitle=2F73797374656D2F62696E2F69707461626C65732D726573746F7265002D2D6E6F666C757368002D77002D76
[  400.650441][  T425] type=1320 audit(1791396050.964:370): 
[  400.655441][  T425] type=1325 audit(1791396050.964:371): table=mangle family=10 entries=34 op=xt_replace subj=u:r:netd:s0 comm="ip6tables-resto"
[  400.664239][  T425] type=1300 audit(1791396050.964:371): arch=c00000b7 syscall=208 success=yes exit=0 a0=4 a1=29 a2=40 a3=b400007085207380 items=0 ppid=982 auid=4294967295 uid=0 gid=0 euid=0 suid=0 fsuid=0 egid=0 sgid=0 fsgid=0 tty=(none) ses=4294967295 comm="ip6tables-resto" exe="/system/bin/iptables" subj=u:r:netd:s0 key=(null)
[  400.683392][  T425] type=1327 audit(1791396050.964:371): proctitle=2F73797374656D2F62696E2F6970367461626C65732D726573746F7265002D2D6E6F666C757368002D77002D76
[  400.689708][  T425] type=1320 audit(1791396050.964:371): 
[  400.692547][  T425] type=1325 audit(1791396050.984:372): table=filter family=2 entries=75 op=xt_replace subj=u:r:netd:s0 comm="iptables-restor"
[  400.701218][  T425] type=1300 audit(1791396050.984:372): arch=c00000b7 syscall=208 success=yes exit=0 a0=4 a1=0 a2=40 a3=b40000793400a010 items=0 ppid=982 auid=4294967295 uid=0 gid=0 euid=0 suid=0 fsuid=0 egid=0 sgid=0 fsgid=0 tty=(none) ses=4294967295 comm="iptables-restor" exe="/system/bin/iptables" subj=u:r:netd:s0 key=(null)
[  400.724205][  T425] type=1327 audit(1791396050.984:372): proctitle=2F73797374656D2F62696E2F69707461626C65732D726573746F7265002D2D6E6F666C757368002D77002D76
[  400.737749][  T425] type=1320 audit(1791396050.984:372): 
[  400.740167][  T425] type=1325 audit(1791396050.984:373): table=filter family=10 entries=75 op=xt_replace subj=u:r:netd:s0 comm="ip6tables-resto"
[  400.754569][  T425] type=1300 audit(1791396050.984:373): arch=c00000b7 syscall=208 success=yes exit=0 a0=4 a1=29 a2=40 a3=b4000071a5222940 items=0 ppid=982 auid=4294967295 uid=0 gid=0 euid=0 suid=0 fsuid=0 egid=0 sgid=0 fsgid=0 tty=(none) ses=4294967295 comm="ip6tables-resto" exe="/system/bin/iptables" subj=u:r:netd:s0 key=(null)
[  400.774204][  T425] type=1327 audit(1791396050.984:373): proctitle=2F73797374656D2F62696E2F6970367461626C65732D726573746F7265002D2D6E6F666C757368002D77002D76
[  400.791502][  T425] type=1320 audit(1791396050.984:373): 
[  400.802556][  T425] type=1325 audit(1791396050.992:374): table=filter family=2 entries=75 op=xt_replace subj=u:r:netd:s0 comm="iptables-restor"
[  400.807828][  T425] type=1300 audit(1791396050.992:374): arch=c00000b7 syscall=208 success=yes exit=0 a0=4 a1=0 a2=40 a3=b40000793400a010 items=0 ppid=982 auid=4294967295 uid=0 gid=0 euid=0 suid=0 fsuid=0 egid=0 sgid=0 fsgid=0 tty=(none) ses=4294967295 comm="iptables-restor" exe="/system/bin/iptables" subj=u:r:netd:s0 key=(null)
[  400.830109][  T425] type=1327 audit(1791396050.992:374): proctitle=2F73797374656D2F62696E2F69707461626C65732D726573746F7265002D2D6E6F666C757368002D77002D76
[  400.845549][  T425] type=1320 audit(1791396050.992:374): 
[  400.848476][  T425] type=1325 audit(1791396050.992:375): table=nat family=2 entries=11 op=xt_replace subj=u:r:netd:s0 comm="iptables-restor"
[  400.862085][  T425] type=1300 audit(1791396050.992:375): arch=c00000b7 syscall=208 success=yes exit=0 a0=4 a1=0 a2=40 a3=b400007994005070 items=0 ppid=982 auid=4294967295 uid=0 gid=0 euid=0 suid=0 fsuid=0 egid=0 sgid=0 fsgid=0 tty=(none) ses=4294967295 comm="iptables-restor" exe="/system/bin/iptables" subj=u:r:netd:s0 key=(null)
[  400.883455][  T425] type=1327 audit(1791396050.992:375): proctitle=2F73797374656D2F62696E2F69707461626C65732D726573746F7265002D2D6E6F666C757368002D77002D76
[  400.893469][  T425] type=1320 audit(1791396050.992:375): 
[  400.895215][  T425] type=1325 audit(1791396051.004:376): table=filter family=10 entries=76 op=xt_replace subj=u:r:netd:s0 comm="ip6tables-resto"
[  400.922199][  T425] type=1300 audit(1791396051.004:376): arch=c00000b7 syscall=208 success=yes exit=0 a0=4 a1=29 a2=40 a3=b4000071a5222940 items=0 ppid=982 auid=4294967295 uid=0 gid=0 euid=0 suid=0 fsuid=0 egid=0 sgid=0 fsgid=0 tty=(none) ses=4294967295 comm="ip6tables-resto" exe="/system/bin/iptables" subj=u:r:netd:s0 key=(null)
[  400.957323][  T425] type=1327 audit(1791396051.004:376): proctitle=2F73797374656D2F62696E2F6970367461626C65732D726573746F7265002D2D6E6F666C757368002D77002D76
[  400.994368][  T425] type=1320 audit(1791396051.004:376): 
[  400.996278][  T425] type=1325 audit(1791396051.004:377): table=raw family=10 entries=12 op=xt_replace subj=u:r:netd:s0 comm="ip6tables-resto"
[  401.003412][  T425] type=1300 audit(1791396051.004:377): arch=c00000b7 syscall=208 success=yes exit=0 a0=4 a1=29 a2=40 a3=b40000715520e870 items=0 ppid=982 auid=4294967295 uid=0 gid=0 euid=0 suid=0 fsuid=0 egid=0 sgid=0 fsgid=0 tty=(none) ses=4294967295 comm="ip6tables-resto" exe="/system/bin/iptables" subj=u:r:netd:s0 key=(null)
[  401.033580][  T425] type=1327 audit(1791396051.004:377): proctitle=2F73797374656D2F62696E2F6970367461626C65732D726573746F7265002D2D6E6F666C757368002D77002D76
[  401.047784][  T425] type=1320 audit(1791396051.004:377): 
[  401.051351][  T425] type=1325 audit(1791396051.032:378): table=mangle family=2 entries=30 op=xt_replace subj=u:r:netd:s0 comm="iptables-restor"
[  401.060539][  T425] type=1300 audit(1791396051.032:378): arch=c00000b7 syscall=208 success=yes exit=0 a0=4 a1=0 a2=40 a3=b400007864009010 items=0 ppid=982 auid=4294967295 uid=0 gid=0 euid=0 suid=0 fsuid=0 egid=0 sgid=0 fsgid=0 tty=(none) ses=4294967295 comm="iptables-restor" exe="/system/bin/iptables" subj=u:r:netd:s0 key=(null)
[  401.093247][  T425] type=1327 audit(1791396051.032:378): proctitle=2F73797374656D2F62696E2F69707461626C65732D726573746F7265002D2D6E6F666C757368002D77002D76
[  401.100287][  T425] type=1320 audit(1791396051.032:378): 
[  401.104873][  T425] type=1325 audit(1791396051.032:379): table=filter family=2 entries=76 op=xt_replace subj=u:r:netd:s0 comm="iptables-restor"
[  401.111382][  T425] type=1300 audit(1791396051.032:379): arch=c00000b7 syscall=208 success=yes exit=0 a0=4 a1=0 a2=40 a3=b40000793400a010 items=0 ppid=982 auid=4294967295 uid=0 gid=0 euid=0 suid=0 fsuid=0 egid=0 sgid=0 fsgid=0 tty=(none) ses=4294967295 comm="iptables-restor" exe="/system/bin/iptables" subj=u:r:netd:s0 key=(null)
[  401.134399][  T425] type=1327 audit(1791396051.032:379): proctitle=2F73797374656D2F62696E2F69707461626C65732D726573746F7265002D2D6E6F666C757368002D77002D76
[  401.149601][  T425] type=1320 audit(1791396051.032:379): 
[  401.150919][  T425] type=1325 audit(1791396051.032:380): table=filter family=10 entries=76 op=xt_replace subj=u:r:netd:s0 comm="ip6tables-resto"
[  401.157270][  T425] type=1300 audit(1791396051.032:380): arch=c00000b7 syscall=208 success=yes exit=0 a0=4 a1=29 a2=40 a3=b4000071a5222940 items=0 ppid=982 auid=4294967295 uid=0 gid=0 euid=0 suid=0 fsuid=0 egid=0 sgid=0 fsgid=0 tty=(none) ses=4294967295 comm="ip6tables-resto" exe="/system/bin/iptables" subj=u:r:netd:s0 key=(null)
[  401.171391][  T425] type=1327 audit(1791396051.032:380): proctitle=2F73797374656D2F62696E2F6970367461626C65732D726573746F7265002D2D6E6F666C757368002D77002D76
[  401.182504][  T425] type=1320 audit(1791396051.032:380): 
[  401.184773][  T425] type=1325 audit(1791396051.068:381): table=filter family=2 entries=76 op=xt_replace subj=u:r:netd:s0 comm="iptables-restor"
[  401.192493][  T425] type=1300 audit(1791396051.068:381): arch=c00000b7 syscall=208 success=yes exit=0 a0=4 a1=0 a2=40 a3=b400007894006820 items=0 ppid=982 auid=4294967295 uid=0 gid=0 euid=0 suid=0 fsuid=0 egid=0 sgid=0 fsgid=0 tty=(none) ses=4294967295 comm="iptables-restor" exe="/system/bin/iptables" subj=u:r:netd:s0 key=(null)
[  401.206613][  T425] type=1327 audit(1791396051.068:381): proctitle=2F73797374656D2F62696E2F69707461626C65732D726573746F7265002D2D6E6F666C757368002D77002D76
[  401.215536][  T425] type=1320 audit(1791396051.068:381): 
[  401.218264][  T425] type=1325 audit(1791396051.068:382): table=raw family=2 entries=12 op=xt_replace subj=u:r:netd:s0 comm="iptables-restor"
[  401.225315][  T425] type=1300 audit(1791396051.068:382): arch=c00000b7 syscall=208 success=yes exit=0 a0=4 a1=0 a2=40 a3=b400007994005070 items=0 ppid=982 auid=4294967295 uid=0 gid=0 euid=0 suid=0 fsuid=0 egid=0 sgid=0 fsgid=0 tty=(none) ses=4294967295 comm="iptables-restor" exe="/system/bin/iptables" subj=u:r:netd:s0 key=(null)
[  401.240281][  T425] type=1327 audit(1791396051.068:382): proctitle=2F73797374656D2F62696E2F69707461626C65732D726573746F7265002D2D6E6F666C757368002D77002D76
[  401.246538][  T425] type=1320 audit(1791396051.068:382): 
[  401.250534][  T425] type=1325 audit(1791396051.068:383): table=mangle family=2 entries=31 op=xt_replace subj=u:r:netd:s0 comm="iptables-restor"
[  401.257334][  T425] type=1300 audit(1791396051.068:383): arch=c00000b7 syscall=208 success=yes exit=0 a0=4 a1=0 a2=40 a3=b400007864009010 items=0 ppid=982 auid=4294967295 uid=0 gid=0 euid=0 suid=0 fsuid=0 egid=0 sgid=0 fsgid=0 tty=(none) ses=4294967295 comm="iptables-restor" exe="/system/bin/iptables" subj=u:r:netd:s0 key=(null)
[  401.276684][  T425] type=1327 audit(1791396051.068:383): proctitle=2F73797374656D2F62696E2F69707461626C65732D726573746F7265002D2D6E6F666C757368002D77002D76
[  401.287126][  T425] type=1320 audit(1791396051.068:383): 
[  401.295661][  T425] type=1325 audit(1791396051.068:384): table=filter family=10 entries=76 op=xt_replace subj=u:r:netd:s0 comm="ip6tables-resto"
[  401.314148][  T425] type=1300 audit(1791396051.068:384): arch=c00000b7 syscall=208 success=yes exit=0 a0=4 a1=29 a2=40 a3=b40000707520fa20 items=0 ppid=982 auid=4294967295 uid=0 gid=0 euid=0 suid=0 fsuid=0 egid=0 sgid=0 fsgid=0 tty=(none) ses=4294967295 comm="ip6tables-resto" exe="/system/bin/iptables" subj=u:r:netd:s0 key=(null)
[  401.364286][  T425] type=1327 audit(1791396051.068:384): proctitle=2F73797374656D2F62696E2F6970367461626C65732D726573746F7265002D2D6E6F666C757368002D77002D76
[  401.382180][  T425] type=1320 audit(1791396051.068:384): 
[  401.385585][  T425] type=1325 audit(1791396051.080:385): table=raw family=10 entries=12 op=xt_replace subj=u:r:netd:s0 comm="ip6tables-resto"
[  401.398351][  T425] type=1300 audit(1791396051.080:385): arch=c00000b7 syscall=208 success=yes exit=0 a0=4 a1=29 a2=40 a3=b40000715520e870 items=0 ppid=982 auid=4294967295 uid=0 gid=0 euid=0 suid=0 fsuid=0 egid=0 sgid=0 fsgid=0 tty=(none) ses=4294967295 comm="ip6tables-resto" exe="/system/bin/iptables" subj=u:r:netd:s0 key=(null)
[  401.423282][  T425] type=1327 audit(1791396051.080:385): proctitle=2F73797374656D2F62696E2F6970367461626C65732D726573746F7265002D2D6E6F666C757368002D77002D76
[  401.443319][  T425] type=1320 audit(1791396051.080:385): 
[  401.446691][  T425] type=1325 audit(1791396051.080:386): table=mangle family=10 entries=30 op=xt_replace subj=u:r:netd:s0 comm="ip6tables-resto"
[  401.461489][  T425] type=1300 audit(1791396051.080:386): arch=c00000b7 syscall=208 success=yes exit=0 a0=4 a1=29 a2=40 a3=b400007085202010 items=0 ppid=982 auid=4294967295 uid=0 gid=0 euid=0 suid=0 fsuid=0 egid=0 sgid=0 fsgid=0 tty=(none) ses=4294967295 comm="ip6tables-resto" exe="/system/bin/iptables" subj=u:r:netd:s0 key=(null)
[  401.482205][  T425] type=1327 audit(1791396051.080:386): proctitle=2F73797374656D2F62696E2F6970367461626C65732D726573746F7265002D2D6E6F666C757368002D77002D76
[  401.496307][  T425] type=1320 audit(1791396051.080:386): 
[  401.505574][  T425] type=1325 audit(1791396051.096:387): table=filter family=2 entries=70 op=xt_replace subj=u:r:netd:s0 comm="iptables-restor"
[  401.511238][  T425] type=1300 audit(1791396051.096:387): arch=c00000b7 syscall=208 success=yes exit=0 a0=4 a1=0 a2=40 a3=b40000784400cda0 items=0 ppid=982 auid=4294967295 uid=0 gid=0 euid=0 suid=0 fsuid=0 egid=0 sgid=0 fsgid=0 tty=(none) ses=4294967295 comm="iptables-restor" exe="/system/bin/iptables" subj=u:r:netd:s0 key=(null)
[  401.538064][  T425] type=1327 audit(1791396051.096:387): proctitle=2F73797374656D2F62696E2F69707461626C65732D726573746F7265002D2D6E6F666C757368002D77002D76
[  401.550743][  T425] type=1320 audit(1791396051.096:387): 
[  401.553814][  T425] type=1325 audit(1791396051.112:388): table=filter family=10 entries=70 op=xt_replace subj=u:r:netd:s0 comm="ip6tables-resto"
[  401.570670][  T425] type=1300 audit(1791396051.112:388): arch=c00000b7 syscall=208 success=yes exit=0 a0=4 a1=29 a2=40 a3=b40000718520c010 items=0 ppid=982 auid=4294967295 uid=0 gid=0 euid=0 suid=0 fsuid=0 egid=0 sgid=0 fsgid=0 tty=(none) ses=4294967295 comm="ip6tables-resto" exe="/system/bin/iptables" subj=u:r:netd:s0 key=(null)
[  401.590120][  T425] type=1327 audit(1791396051.112:388): proctitle=2F73797374656D2F62696E2F6970367461626C65732D726573746F7265002D2D6E6F666C757368002D77002D76
[  401.602145][  T425] type=1320 audit(1791396051.112:388): 
[  401.604557][  T425] type=1325 audit(1791396051.124:389): table=filter family=2 entries=58 op=xt_replace subj=u:r:netd:s0 comm="iptables-restor"
[  401.618745][  T425] type=1300 audit(1791396051.124:389): arch=c00000b7 syscall=208 success=yes exit=0 a0=4 a1=0 a2=40 a3=b400007894006820 items=0 ppid=982 auid=4294967295 uid=0 gid=0 euid=0 suid=0 fsuid=0 egid=0 sgid=0 fsgid=0 tty=(none) ses=4294967295 comm="iptables-restor" exe="/system/bin/iptables" subj=u:r:netd:s0 key=(null)
[  401.643874][  T425] type=1327 audit(1791396051.124:389): proctitle=2F73797374656D2F62696E2F69707461626C65732D726573746F7265002D2D6E6F666C757368002D77002D76
[  401.652895][  T425] type=1320 audit(1791396051.124:389): 
[  401.655347][  T411] servicemanager: Caller(pid=985,uid=1041,sid=u:r:hal_audio_default:s0) Found android.hardware.audio.effect.IFactory/default in device VINTF manifest.
[  401.664525][  T425] type=1325 audit(1791396051.192:390): table=filter family=10 entries=58 op=xt_replace subj=u:r:netd:s0 comm="ip6tables-resto"
[  401.673935][  T425] type=1300 audit(1791396051.192:390): arch=c00000b7 syscall=208 success=yes exit=0 a0=4 a1=29 a2=40 a3=b40000707520fa20 items=0 ppid=982 auid=4294967295 uid=0 gid=0 euid=0 suid=0 fsuid=0 egid=0 sgid=0 fsgid=0 tty=(none) ses=4294967295 comm="ip6tables-resto" exe="/system/bin/iptables" subj=u:r:netd:s0 key=(null)
[  401.694063][  T425] type=1327 audit(1791396051.192:390): proctitle=2F73797374656D2F62696E2F6970367461626C65732D726573746F7265002D2D6E6F666C757368002D77002D76
[  401.709778][  T425] type=1320 audit(1791396051.192:390): 
[  401.713217][  T425] type=1325 audit(1791396051.204:391): table=mangle family=2 entries=31 op=xt_replace subj=u:r:netd:s0 comm="iptables-restor"
[  401.731761][  T425] type=1300 audit(1791396051.204:391): arch=c00000b7 syscall=208 success=yes exit=0 a0=4 a1=0 a2=40 a3=b400007864009010 items=0 ppid=982 auid=4294967295 uid=0 gid=0 euid=0 suid=0 fsuid=0 egid=0 sgid=0 fsgid=0 tty=(none) ses=4294967295 comm="iptables-restor" exe="/system/bin/iptables" subj=u:r:netd:s0 key=(null)
[  401.757454][  T425] type=1327 audit(1791396051.204:391): proctitle=2F73797374656D2F62696E2F69707461626C65732D726573746F7265002D2D6E6F666C757368002D77002D76
[  401.778497][  T425] type=1320 audit(1791396051.204:391): 
[  401.782686][  T425] type=1325 audit(1791396051.204:392): table=mangle family=10 entries=30 op=xt_replace subj=u:r:netd:s0 comm="ip6tables-resto"
[  401.793521][  T425] type=1300 audit(1791396051.204:392): arch=c00000b7 syscall=208 success=yes exit=0 a0=4 a1=29 a2=40 a3=b400007085202010 items=0 ppid=982 auid=4294967295 uid=0 gid=0 euid=0 suid=0 fsuid=0 egid=0 sgid=0 fsgid=0 tty=(none) ses=4294967295 comm="ip6tables-resto" exe="/system/bin/iptables" subj=u:r:netd:s0 key=(null)
[  401.826423][  T425] type=1327 audit(1791396051.204:392): proctitle=2F73797374656D2F62696E2F6970367461626C65732D726573746F7265002D2D6E6F666C757368002D77002D76
[  401.855286][  T425] type=1320 audit(1791396051.204:392): 
[  401.859326][  T425] type=1325 audit(1791396051.220:393): table=filter family=2 entries=70 op=xt_replace subj=u:r:netd:s0 comm="iptables-restor"
[  401.867681][  T425] type=1300 audit(1791396051.220:393): arch=c00000b7 syscall=208 success=yes exit=0 a0=4 a1=0 a2=40 a3=b40000789400f840 items=0 ppid=982 auid=4294967295 uid=0 gid=0 euid=0 suid=0 fsuid=0 egid=0 sgid=0 fsgid=0 tty=(none) ses=4294967295 comm="iptables-restor" exe="/system/bin/iptables" subj=u:r:netd:s0 key=(null)
[  401.899037][  T425] type=1327 audit(1791396051.220:393): proctitle=2F73797374656D2F62696E2F69707461626C65732D726573746F7265002D2D6E6F666C757368002D77002D76
[  401.926210][  T425] type=1320 audit(1791396051.220:393): 
[  401.934488][  T425] type=1325 audit(1791396051.220:394): table=raw family=2 entries=12 op=xt_replace subj=u:r:netd:s0 comm="iptables-restor"
[  401.946625][  T425] type=1300 audit(1791396051.220:394): arch=c00000b7 syscall=208 success=yes exit=0 a0=4 a1=0 a2=40 a3=b400007994005070 items=0 ppid=982 auid=4294967295 uid=0 gid=0 euid=0 suid=0 fsuid=0 egid=0 sgid=0 fsgid=0 tty=(none) ses=4294967295 comm="iptables-restor" exe="/system/bin/iptables" subj=u:r:netd:s0 key=(null)
[  401.977532][  T425] type=1327 audit(1791396051.220:394): proctitle=2F73797374656D2F62696E2F69707461626C65732D726573746F7265002D2D6E6F666C757368002D77002D76
[  401.991321][  T425] type=1320 audit(1791396051.220:394): 
[  401.997524][  T425] type=1325 audit(1791396051.228:395): table=mangle family=2 entries=33 op=xt_replace subj=u:r:netd:s0 comm="iptables-restor"
[  402.017684][  T425] type=1300 audit(1791396051.228:395): arch=c00000b7 syscall=208 success=yes exit=0 a0=4 a1=0 a2=40 a3=b400007864009010 items=0 ppid=982 auid=4294967295 uid=0 gid=0 euid=0 suid=0 fsuid=0 egid=0 sgid=0 fsgid=0 tty=(none) ses=4294967295 comm="iptables-restor" exe="/system/bin/iptables" subj=u:r:netd:s0 key=(null)
[  402.045288][  T425] type=1327 audit(1791396051.228:395): proctitle=2F73797374656D2F62696E2F69707461626C65732D726573746F7265002D2D6E6F666C757368002D77002D76
[  402.062268][  T425] type=1320 audit(1791396051.228:395): 
[  402.069249][  T425] type=1325 audit(1791396051.228:396): table=filter family=10 entries=70 op=xt_replace subj=u:r:netd:s0 comm="ip6tables-resto"
[  402.086871][  T425] type=1300 audit(1791396051.228:396): arch=c00000b7 syscall=208 success=yes exit=0 a0=4 a1=29 a2=40 a3=b40000707520a010 items=0 ppid=982 auid=4294967295 uid=0 gid=0 euid=0 suid=0 fsuid=0 egid=0 sgid=0 fsgid=0 tty=(none) ses=4294967295 comm="ip6tables-resto" exe="/system/bin/iptables" subj=u:r:netd:s0 key=(null)
[  402.118096][  T425] type=1327 audit(1791396051.228:396): proctitle=2F73797374656D2F62696E2F6970367461626C65732D726573746F7265002D2D6E6F666C757368002D77002D76
[  402.133282][  T425] type=1320 audit(1791396051.228:396): 
[  402.141420][  T425] type=1325 audit(1791396051.228:397): table=raw family=10 entries=12 op=xt_replace subj=u:r:netd:s0 comm="ip6tables-resto"
[  402.154083][  T425] type=1300 audit(1791396051.228:397): arch=c00000b7 syscall=208 success=yes exit=0 a0=4 a1=29 a2=40 a3=b40000715520e870 items=0 ppid=982 auid=4294967295 uid=0 gid=0 euid=0 suid=0 fsuid=0 egid=0 sgid=0 fsgid=0 tty=(none) ses=4294967295 comm="ip6tables-resto" exe="/system/bin/iptables" subj=u:r:netd:s0 key=(null)
[  402.177643][  T425] type=1327 audit(1791396051.228:397): proctitle=2F73797374656D2F62696E2F6970367461626C65732D726573746F7265002D2D6E6F666C757368002D77002D76
[  402.193376][  T425] type=1320 audit(1791396051.228:397): 
[  402.195263][  T425] type=1325 audit(1791396051.228:398): table=mangle family=10 entries=32 op=xt_replace subj=u:r:netd:s0 comm="ip6tables-resto"
[  402.215484][  T425] type=1300 audit(1791396051.228:398): arch=c00000b7 syscall=208 success=yes exit=0 a0=4 a1=29 a2=40 a3=b400007085202010 items=0 ppid=982 auid=4294967295 uid=0 gid=0 euid=0 suid=0 fsuid=0 egid=0 sgid=0 fsgid=0 tty=(none) ses=4294967295 comm="ip6tables-resto" exe="/system/bin/iptables" subj=u:r:netd:s0 key=(null)
[  402.250100][  T425] type=1327 audit(1791396051.228:398): proctitle=2F73797374656D2F62696E2F6970367461626C65732D726573746F7265002D2D6E6F666C757368002D77002D76
[  402.262349][  T425] type=1320 audit(1791396051.228:398): 
[  402.274564][  T425] type=1325 audit(1791396051.368:399): table=filter family=2 entries=70 op=xt_replace subj=u:r:netd:s0 comm="iptables-restor"
[  402.298538][  T425] type=1300 audit(1791396051.368:399): arch=c00000b7 syscall=208 success=yes exit=0 a0=4 a1=0 a2=40 a3=b400007934015430 items=0 ppid=982 auid=4294967295 uid=0 gid=0 euid=0 suid=0 fsuid=0 egid=0 sgid=0 fsgid=0 tty=(none) ses=4294967295 comm="iptables-restor" exe="/system/bin/iptables" subj=u:r:netd:s0 key=(null)
[  402.330317][  T425] type=1327 audit(1791396051.368:399): proctitle=2F73797374656D2F62696E2F69707461626C65732D726573746F7265002D2D6E6F666C757368002D77002D76
[  402.350166][  T425] type=1320 audit(1791396051.368:399): 
[  402.356135][  T425] type=1325 audit(1791396051.496:400): table=raw family=2 entries=12 op=xt_replace subj=u:r:netd:s0 comm="iptables-restor"
[  402.378136][  T425] type=1300 audit(1791396051.496:400): arch=c00000b7 syscall=208 success=yes exit=0 a0=4 a1=0 a2=40 a3=b4000078e400d010 items=0 ppid=982 auid=4294967295 uid=0 gid=0 euid=0 suid=0 fsuid=0 egid=0 sgid=0 fsgid=0 tty=(none) ses=4294967295 comm="iptables-restor" exe="/system/bin/iptables" subj=u:r:netd:s0 key=(null)
[  402.405490][  T425] type=1327 audit(1791396051.496:400): proctitle=2F73797374656D2F62696E2F69707461626C65732D726573746F7265002D2D6E6F666C757368002D77002D76
[  402.418469][  T425] type=1320 audit(1791396051.496:400): 
[  402.429484][  T425] type=1325 audit(1791396051.508:401): table=mangle family=2 entries=33 op=xt_replace subj=u:r:netd:s0 comm="iptables-restor"
[  402.442557][  T425] type=1300 audit(1791396051.508:401): arch=c00000b7 syscall=208 success=yes exit=0 a0=4 a1=0 a2=40 a3=b400007864009010 items=0 ppid=982 auid=4294967295 uid=0 gid=0 euid=0 suid=0 fsuid=0 egid=0 sgid=0 fsgid=0 tty=(none) ses=4294967295 comm="iptables-restor" exe="/system/bin/iptables" subj=u:r:netd:s0 key=(null)
[  402.470023][  T425] type=1327 audit(1791396051.508:401): proctitle=2F73797374656D2F62696E2F69707461626C65732D726573746F7265002D2D6E6F666C757368002D77002D76
[  402.487054][  T425] type=1320 audit(1791396051.508:401): 
[  402.492014][  T425] type=1325 audit(1791396051.572:402): table=filter family=10 entries=70 op=xt_replace subj=u:r:netd:s0 comm="ip6tables-resto"
[  402.506067][  T425] type=1300 audit(1791396051.572:402): arch=c00000b7 syscall=208 success=yes exit=0 a0=4 a1=29 a2=40 a3=b4000071a520d010 items=0 ppid=982 auid=4294967295 uid=0 gid=0 euid=0 suid=0 fsuid=0 egid=0 sgid=0 fsgid=0 tty=(none) ses=4294967295 comm="ip6tables-resto" exe="/system/bin/iptables" subj=u:r:netd:s0 key=(null)
[  402.538488][  T425] type=1327 audit(1791396051.572:402): proctitle=2F73797374656D2F62696E2F6970367461626C65732D726573746F7265002D2D6E6F666C757368002D77002D76
[  402.558425][  T425] type=1320 audit(1791396051.572:402): 
[  402.573657][  T425] type=1325 audit(1791396051.592:403): table=raw family=10 entries=12 op=xt_replace subj=u:r:netd:s0 comm="ip6tables-resto"
[  402.585067][  T425] type=1300 audit(1791396051.592:403): arch=c00000b7 syscall=208 success=yes exit=0 a0=4 a1=29 a2=40 a3=b40000703520c640 items=0 ppid=982 auid=4294967295 uid=0 gid=0 euid=0 suid=0 fsuid=0 egid=0 sgid=0 fsgid=0 tty=(none) ses=4294967295 comm="ip6tables-resto" exe="/system/bin/iptables" subj=u:r:netd:s0 key=(null)
[  402.618139][  T425] type=1327 audit(1791396051.592:403): proctitle=2F73797374656D2F62696E2F6970367461626C65732D726573746F7265002D2D6E6F666C757368002D77002D76
[  402.638079][  T425] type=1320 audit(1791396051.592:403): 
[  402.643207][  T425] type=1325 audit(1791396051.592:404): table=mangle family=10 entries=32 op=xt_replace subj=u:r:netd:s0 comm="ip6tables-resto"
[  402.662555][  T425] type=1300 audit(1791396051.592:404): arch=c00000b7 syscall=208 success=yes exit=0 a0=4 a1=29 a2=40 a3=b400006fa5207da0 items=0 ppid=982 auid=4294967295 uid=0 gid=0 euid=0 suid=0 fsuid=0 egid=0 sgid=0 fsgid=0 tty=(none) ses=4294967295 comm="ip6tables-resto" exe="/system/bin/iptables" subj=u:r:netd:s0 key=(null)
[  402.694101][  T425] type=1327 audit(1791396051.592:404): proctitle=2F73797374656D2F62696E2F6970367461626C65732D726573746F7265002D2D6E6F666C757368002D77002D76
[  402.709503][  T425] type=1320 audit(1791396051.592:404): 
[  403.701291][  T411] servicemanager: Caller(pid=982,uid=0,sid=u:r:netd:s0) Found android.system.net.netd.INetd/default in framework VINTF manifest.
[  403.740432][  T411] servicemanager: Caller(pid=979,uid=1041,sid=u:r:audioserver:s0) Found android.hardware.audio.core.IModule/default in device VINTF manifest.
[  403.758110][  T411] servicemanager: Caller(pid=979,uid=1041,sid=u:r:audioserver:s0) Found android.hardware.audio.effect.IFactory/default in device VINTF manifest.
[  404.250672][  T411] servicemanager: Caller(pid=979,uid=1041,sid=u:r:audioserver:s0) Since 'android.hardware.audio.core.IConfig/default' could not be found trying to start it as a lazy AIDL service. (if it's not configured to be a lazy service, it may be stuck starting or still starting).
[  404.650866][    T1] init: Control message: Could not find 'aidl/android.hardware.audio.core.IConfig/default' for ctl.interface_start from pid: 411 (/system/bin/servicemanager)
[  404.712714][ T1007] servicemanager: Caller(pid=979,uid=1041,sid=u:r:audioserver:s0) Tried to start aidl service android.hardware.audio.core.IConfig/default as a lazy service, but was unable to. Usually this happens when a service is not installed, but if the service is intended to be used as a lazy service, then it may be configured incorrectly.
[  404.901857][  T411] servicemanager: Caller(pid=984,uid=1041,sid=u:r:hal_audio_default:s0) Found android.hardware.audio.core.IConfig/default in device VINTF manifest.
[  404.926689][  T411] servicemanager: Caller(pid=984,uid=1041,sid=u:r:hal_audio_default:s0) Found android.hardware.audio.core.IModule/default in device VINTF manifest.
[  404.965265][  T411] servicemanager: Caller(pid=984,uid=1041,sid=u:r:hal_audio_default:s0) Found android.hardware.audio.core.IModule/r_submix in device VINTF manifest.
[  404.978263][  T411] libbinder.BpBinder: onLastStrongRef automatically unlinking death recipients for binder (0xb40000704e410580) with descriptor: '(not cached)'
[  405.036766][  T411] servicemanager: Caller(pid=984,uid=1041,sid=u:r:hal_audio_default:s0) Found android.hardware.bluetooth.audio.IBluetoothAudioProviderFactory/default in device VINTF manifest.
[  405.053814][  T411] servicemanager: Caller(pid=979,uid=1041,sid=u:r:audioserver:s0) Found android.hardware.audio.effect.IFactory/default in device VINTF manifest.
[  405.081390][  T411] servicemanager: Caller(pid=984,uid=1041,sid=u:r:hal_audio_default:s0) Found android.hardware.audio.core.IModule/bluetooth in device VINTF manifest.
[  405.106399][  T411] servicemanager: Caller(pid=979,uid=1041,sid=u:r:audioserver:s0) Found android.hardware.audio.core.IModule/default in device VINTF manifest.
[  414.983441][  T421] logd: logdr: UID=1000 GID=1003 PID=1018 n tail=500 logMask=8 pid=983 start=0ns deadline=0ns
[  415.199217][  T421] logd: logdr: UID=1000 GID=1003 PID=1018 n tail=500 logMask=1 pid=983 start=0ns deadline=0ns
[  415.716990][  T411] servicemanager: Caller(pid=979,uid=1041,sid=u:r:audioserver:s0) Found android.hardware.audio.effect.IFactory/default in device VINTF manifest.
[  415.765482][  T411] servicemanager: Caller(pid=979,uid=1041,sid=u:r:audioserver:s0) Found android.hardware.audio.core.IModule/default in device VINTF manifest.
[  416.058030][  T425] type=1701 audit(1791396067.444:405): auid=4294967295 uid=1000 gid=1003 ses=4294967295 subj=u:r:surfaceflinger:s0 comm="surfaceflinger" exe="/system/bin/surfaceflinger" sig=6 res=1
[  416.222354][    T1] init: Untracked process (pid: 1018 name: (crash_dump64) ppid: 1 pgrp: 1014 state: Z) exited with status 0
[  416.231957][    T1] init: Untracked process (pid: 1018 name: (crash_dump64) ppid: 1 pgrp: 1014 state: Z) did not have an associated service entry and will not be reaped
[  416.335762][    T1] init: Untracked process (pid: 1024 name: (surfaceflinger) ppid: 1 pgrp: 1024 state: Z) exited with status 0
[  416.341417][    T1] init: Untracked process (pid: 1024 name: (surfaceflinger) ppid: 1 pgrp: 1024 state: Z) did not have an associated service entry and will not be reaped
[  417.121501][    T1] init: Service 'surfaceflinger' (pid 983) received SIGABRT
[  417.130831][    T1] init: Sending SIGKILL to service 'surfaceflinger' (pid 983) process group...
[  417.338385][    T1] libprocessgroup: Removed cgroup /sys/fs/cgroup/system/uid_1000/pid_983
[  417.374502][    T1] init: process with updatable components 'surfaceflinger' exited 4 times before boot completed
[  417.707717][  T483] apexd: Native process 'surfaceflinger' is crashing. Attempting a revert
[  417.800266][  T483] apexd: Revert failed : Revert requested, when there are no active sessions.
[  417.852409][    T1] init: Sending SIGKILL to service 'zygote' (pid 978) process group...
[  419.136987][  T411] servicemanager: Caller(pid=979,uid=1041,sid=u:r:audioserver:s0) Found android.system.suspend.ISystemSuspend/default in framework VINTF manifest.
[  419.181929][    T1] libprocessgroup: Removed cgroup /sys/fs/cgroup/system/uid_0/pid_978
[  419.334643][    T1] init: Command 'restart --only-if-running zygote' action=onrestart (<Service 'surfaceflinger' onrestart>:1) took 1713ms and succeeded
[  419.556787][    T1] init: Service 'zygote' (pid 978) received SIGKILL
[  419.592439][    T1] init: Sending SIGKILL to service 'zygote' (pid 978) process group...
[  419.643278][    T1] libprocessgroup: Failed to write 1 to /sys/fs/cgroup/system/uid_0/pid_978/cgroup.kill: No such file or directory
[  419.779002][    T1] libprocessgroup: Removing /sys/fs/cgroup/system/uid_9999/pid_648
[  419.883909][    T1] libprocessgroup: Removing /sys/fs/cgroup/system/uid_9999/pid_449
[  419.891206][    T1] libprocessgroup: Removing /sys/fs/cgroup/system/uid_9999/pid_656
[  419.895323][    T1] libprocessgroup: Removing /sys/fs/cgroup/system/uid_9999/pid_684
[  419.902675][    T1] libprocessgroup: Removing /sys/fs/cgroup/system/uid_9999/pid_664
[  419.911811][    T1] libprocessgroup: Removing /sys/fs/cgroup/system/uid_9999/pid_749
[  419.941824][    T1] libprocessgroup: Removing /sys/fs/cgroup/system/uid_9999/pid_654
[  419.957445][    T1] libprocessgroup: Removing /sys/fs/cgroup/system/uid_9999/pid_639
[  419.965608][    T1] libprocessgroup: Removing /sys/fs/cgroup/system/uid_9999/pid_751
[  419.971390][    T1] libprocessgroup: Removing /sys/fs/cgroup/system/uid_9999/pid_657
[  419.975208][    T1] libprocessgroup: Removing /sys/fs/cgroup/system/uid_9999/pid_683
[  419.980319][    T1] libprocessgroup: Removing /sys/fs/cgroup/system/uid_9999/pid_653
[  419.983385][    T1] libprocessgroup: Removing /sys/fs/cgroup/system/uid_9999/pid_643
[  419.986991][    T1] libprocessgroup: Removing /sys/fs/cgroup/system/uid_9999/pid_651
[  419.989622][    T1] libprocessgroup: Removing /sys/fs/cgroup/system/uid_9999/pid_641
[  419.995880][    T1] libprocessgroup: Removing /sys/fs/cgroup/system/uid_1001/pid_811
[  420.000914][    T1] libprocessgroup: Removing /sys/fs/cgroup/system/uid_1058/pid_478
[  420.009220][    T1] libprocessgroup: Removing /sys/fs/cgroup/system/uid_1076/pid_691
[  420.016953][    T1] libprocessgroup: Removing /sys/fs/cgroup/system/uid_1066/pid_606
[  420.022280][    T1] libprocessgroup: Removing /sys/fs/cgroup/system/uid_1084/pid_658
[  420.031730][    T1] libprocessgroup: Removing /sys/fs/cgroup/system/uid_1046/pid_810
[  420.040734][    T1] libprocessgroup: Removing /sys/fs/cgroup/system/uid_1036/pid_409
[  420.053607][    T1] libprocessgroup: Removing /sys/fs/cgroup/system/uid_1036/pid_798
[  420.060270][    T1] libprocessgroup: Removing /sys/fs/cgroup/system/uid_1064/pid_686
[  420.068395][    T1] libprocessgroup: Removing /sys/fs/cgroup/system/uid_1064/pid_622
[  420.074710][    T1] libprocessgroup: Removing /sys/fs/cgroup/system/uid_1092/pid_400
[  420.083096][    T1] libprocessgroup: Removing /sys/fs/cgroup/system/uid_1072/pid_697
[  420.092727][    T1] libprocessgroup: Removing /sys/fs/cgroup/system/uid_1080/pid_617
[  420.098139][    T1] libprocessgroup: Removing /sys/fs/cgroup/system/uid_1080/pid_633
[  420.103770][    T1] libprocessgroup: Removing /sys/fs/cgroup/system/uid_1040/pid_793
[  420.108229][    T1] libprocessgroup: Removing /sys/fs/cgroup/system/uid_1069/pid_410
[  420.114679][    T1] libprocessgroup: Removing /sys/fs/cgroup/system/uid_1002/pid_666
[  420.121734][    T1] libprocessgroup: Removing /sys/fs/cgroup/system/uid_1002/pid_674
[  420.125835][    T1] libprocessgroup: Removing /sys/fs/cgroup/system/uid_1002/pid_679
[  420.131143][    T1] libprocessgroup: Removing /sys/fs/cgroup/system/uid_1002/pid_667
[  420.134371][    T1] libprocessgroup: Removing /sys/fs/cgroup/system/uid_1002/pid_675
[  420.137310][    T1] libprocessgroup: Removing /sys/fs/cgroup/system/uid_1002/pid_678
[  420.142142][    T1] libprocessgroup: Removing /sys/fs/cgroup/system/uid_1002/pid_668
[  420.145998][    T1] libprocessgroup: Removing /sys/fs/cgroup/system/uid_1010/pid_665
[  420.156090][    T1] libprocessgroup: Removing /sys/fs/cgroup/system/uid_1067/pid_791
[  420.166646][    T1] libprocessgroup: Removing /sys/fs/cgroup/system/uid_1000/pid_646
[  420.169661][    T1] libprocessgroup: Removing /sys/fs/cgroup/system/uid_1000/pid_710
[  420.176138][    T1] libprocessgroup: Removing /sys/fs/cgroup/system/uid_1000/pid_616
[  420.179834][    T1] libprocessgroup: Removing /sys/fs/cgroup/system/uid_1000/pid_680
[  420.185994][    T1] libprocessgroup: Removing /sys/fs/cgroup/system/uid_1000/pid_642
[  420.194206][    T1] libprocessgroup: Removing /sys/fs/cgroup/system/uid_1000/pid_650
[  420.198109][    T1] libprocessgroup: Removing /sys/fs/cgroup/system/uid_1000/pid_640
[  420.204767][    T1] libprocessgroup: Removing /sys/fs/cgroup/system/uid_1000/pid_659
[  420.210905][    T1] libprocessgroup: Removing /sys/fs/cgroup/system/uid_1000/pid_649
[  420.214990][    T1] libprocessgroup: Removing /sys/fs/cgroup/system/uid_1000/pid_411
[  420.220932][    T1] libprocessgroup: Removing /sys/fs/cgroup/system/uid_1000/pid_647
[  420.225160][    T1] libprocessgroup: Removing /sys/fs/cgroup/system/uid_1000/pid_788
[  420.230954][    T1] libprocessgroup: Removing /sys/fs/cgroup/system/uid_1000/pid_448
[  420.238134][    T1] libprocessgroup: Removing /sys/fs/cgroup/system/uid_1000/pid_645
[  420.245701][    T1] libprocessgroup: Removing /sys/fs/cgroup/system/uid_1000/pid_597
[  420.249688][    T1] libprocessgroup: Removing /sys/fs/cgroup/system/uid_1000/pid_681
[  420.253706][    T1] libprocessgroup: Removing /sys/fs/cgroup/system/uid_1000/pid_812
[  420.259080][    T1] libprocessgroup: Removing /sys/fs/cgroup/system/uid_1000/pid_442
[  420.265877][    T1] libprocessgroup: Removing /sys/fs/cgroup/system/uid_1019/pid_730
[  420.271848][    T1] libprocessgroup: Removing /sys/fs/cgroup/system/uid_1047/pid_980
[  420.277720][    T1] libprocessgroup: Removing /sys/fs/cgroup/system/uid_1047/pid_687
[  420.290022][    T1] libprocessgroup: Removing /sys/fs/cgroup/system/uid_1027/pid_685
[  420.294294][    T1] libprocessgroup: Removing /sys/fs/cgroup/system/uid_1083/pid_662
[  420.299375][    T1] libprocessgroup: Removing /sys/fs/cgroup/system/uid_1017/pid_443
[  420.307999][    T1] libprocessgroup: Removing /sys/fs/cgroup/system/uid_0/pid_704
[  420.312295][    T1] libprocessgroup: Removing /sys/fs/cgroup/system/uid_0/pid_815
[  420.316246][    T1] libprocessgroup: Removing /sys/fs/cgroup/system/uid_0/pid_644
[  420.326842][    T1] libprocessgroup: Removing /sys/fs/cgroup/system/uid_0/pid_795
[  420.337900][    T1] libprocessgroup: Removing /sys/fs/cgroup/system/uid_0/pid_813
[  420.342207][    T1] libprocessgroup: Removing /sys/fs/cgroup/system/uid_0/pid_483
[  420.347083][    T1] libprocessgroup: Removing /sys/fs/cgroup/system/uid_0/pid_982
[  420.361728][    T1] libprocessgroup: Removing /sys/fs/cgroup/system/uid_0/pid_116
[  420.370590][    T1] libprocessgroup: Removing /sys/fs/cgroup/system/uid_0/pid_446
[  420.375231][    T1] libprocessgroup: Removing /sys/fs/cgroup/system/uid_0/pid_426
[  420.437746][    T1] libprocessgroup: Removing /sys/fs/cgroup/system/uid_0/pid_444
[  420.521689][    T1] libprocessgroup: Removing /sys/fs/cgroup/system/uid_0/pid_792
[  420.539392][    T1] libprocessgroup: Removing /sys/fs/cgroup/system/uid_0/pid_716
[  420.601923][    T1] libprocessgroup: Removing /sys/fs/cgroup/system/uid_1013/pid_628
[  420.644038][    T1] libprocessgroup: Removing /sys/fs/cgroup/system/uid_1013/pid_976
[  420.706240][    T1] libprocessgroup: Removing /sys/fs/cgroup/system/uid_1013/pid_637
[  420.766399][    T1] libprocessgroup: Removing /sys/fs/cgroup/system/uid_1013/pid_794
[  420.777758][    T1] libprocessgroup: Removing /sys/fs/cgroup/system/uid_1013/pid_981
[  420.838947][    T1] libprocessgroup: Removing /sys/fs/cgroup/system/uid_1041/pid_984
[  420.845753][    T1] libprocessgroup: Removing /sys/fs/cgroup/system/uid_1041/pid_612
[  420.855763][    T1] libprocessgroup: Removing /sys/fs/cgroup/system/uid_1041/pid_979
[  420.862819][    T1] libprocessgroup: Removing /sys/fs/cgroup/system/uid_1041/pid_985
[  420.985839][    T1] init: starting service 'exec 22 (/system/bin/vdc volume abort_fuse)'...
[  421.247064][    T1] libprocessgroup: Created cgroup /sys/fs/cgroup/system/uid_1000/pid_1033
[  421.785723][    T1] init: ... started service 'exec 22 (/system/bin/vdc volume abort_fuse)' has pid 1033
[  421.899668][    T1] init: Command 'exec_background - system system -- /system/bin/vdc volume abort_fuse' action=onrestart (<Service 'zygote' onrestart>:1) took 958ms and succeeded
[  421.998043][    T1] init: Command 'write /sys/power/state on' action=onrestart (<Service 'zygote' onrestart>:2) took 75ms and failed: Unable to write to file '/sys/power/state': Unable to write file contents: Invalid argument
[  422.148648][    T1] init: Command 'write /sys/power/wake_lock zygote_kwl' action=onrestart (<Service 'zygote' onrestart>:3) took 120ms and succeeded
[  422.166636][    T1] init: Sending SIGKILL to service 'audioserver' (pid 979) process group...
[  423.201328][    T1] libprocessgroup: Removed cgroup /sys/fs/cgroup/system/uid_1041/pid_979
[  423.272206][    T1] init: Command 'restart audioserver' action=onrestart (<Service 'zygote' onrestart>:4) took 1108ms and succeeded
[  423.302109][    T1] init: Sending SIGKILL to service 'cameraserver' (pid 980) process group...
[  423.406272][ T1033] libbinder.BackendUnifiedServiceManager: Thread Pool max thread count is 0. Cannot cache binder as linkToDeath cannot be implemented. serviceName: vold
[  423.509220][    T1] libprocessgroup: Removed cgroup /sys/fs/cgroup/system/uid_1047/pid_980
[  423.512071][    T1] init: Command 'restart cameraserver' action=onrestart (<Service 'zygote' onrestart>:5) took 209ms and succeeded
[  423.513447][    T1] init: Sending SIGKILL to service 'media' (pid 981) process group...
[  423.588682][    T1] libprocessgroup: Removed cgroup /sys/fs/cgroup/system/uid_1013/pid_981
[  423.591742][    T1] init: Command 'restart media' action=onrestart (<Service 'zygote' onrestart>:6) took 79ms and succeeded
[  423.599227][    T1] init: Command 'restart --only-if-running media.tuner' action=onrestart (<Service 'zygote' onrestart>:7) took 6ms and failed: service media.tuner not found
[  423.600198][    T1] init: Sending SIGKILL to service 'netd' (pid 982) process group...
[  423.693469][    T1] libprocessgroup: Removed cgroup /sys/fs/cgroup/system/uid_0/pid_982
[  423.695926][    T1] init: Command 'restart netd' action=onrestart (<Service 'zygote' onrestart>:8) took 95ms and succeeded
[  423.696427][    T1] init: Command 'restart wificond' action=onrestart (<Service 'zygote' onrestart>:9) took 0ms and failed: service wificond not found
[  423.765998][    T1] init: Service 'audioserver' (pid 979) received SIGKILL
[  423.766278][    T1] init: Sending SIGKILL to service 'audioserver' (pid 979) process group...
[  423.767030][    T1] libprocessgroup: Failed to write 1 to /sys/fs/cgroup/system/uid_1041/pid_979/cgroup.kill: No such file or directory
[  423.768638][    T1] init: Command 'restart vendor.audio-hal' action=onrestart (<Service 'audioserver' onrestart>:1) took 0ms and failed: service vendor.audio-hal not found
[  423.769672][    T1] init: Sending SIGKILL to service 'vendor.audio-hal-aidl' (pid 984) process group...
[  423.877677][    T1] libprocessgroup: Removed cgroup /sys/fs/cgroup/system/uid_1041/pid_984
[  423.939217][    T1] init: Command 'restart vendor.audio-hal-aidl' action=onrestart (<Service 'audioserver' onrestart>:2) took 169ms and succeeded
[  423.965910][    T1] init: Sending SIGKILL to service 'vendor.audio-effect-hal-aidl' (pid 985) process group...
[  424.052676][    T1] libprocessgroup: Removed cgroup /sys/fs/cgroup/system/uid_1041/pid_985
[  424.054499][    T1] init: Command 'restart vendor.audio-effect-hal-aidl' action=onrestart (<Service 'audioserver' onrestart>:3) took 90ms and succeeded
[  424.057517][    T1] init: Command 'restart vendor.audio-hal-4-0-msd' action=onrestart (<Service 'audioserver' onrestart>:4) took 0ms and failed: service vendor.audio-hal-4-0-msd not found
[  424.061196][    T1] init: Command 'restart audio_proxy_service' action=onrestart (<Service 'audioserver' onrestart>:5) took 0ms and failed: service audio_proxy_service not found
[  424.109619][    T1] init: Service 'cameraserver' (pid 980) received SIGKILL
[  424.110052][    T1] init: Sending SIGKILL to service 'cameraserver' (pid 980) process group...
[  424.110954][    T1] libprocessgroup: Failed to write 1 to /sys/fs/cgroup/system/uid_1047/pid_980/cgroup.kill: No such file or directory
[  424.151276][    T1] init: Service 'media' (pid 981) received SIGKILL
[  424.151706][    T1] init: Sending SIGKILL to service 'media' (pid 981) process group...
[  424.152200][    T1] libprocessgroup: Failed to write 1 to /sys/fs/cgroup/system/uid_1013/pid_981/cgroup.kill: No such file or directory
[  424.216169][    T1] init: Service 'netd' (pid 982) received SIGKILL
[  424.216663][    T1] init: Sending SIGKILL to service 'netd' (pid 982) process group...
[  424.217243][    T1] libprocessgroup: Failed to write 1 to /sys/fs/cgroup/system/uid_0/pid_982/cgroup.kill: No such file or directory
[  424.223999][    T1] init: Command 'restart zygote_secondary' action=onrestart (<Service 'netd' onrestart>:2) took 0ms and failed: service zygote_secondary not found
[  424.238921][    T1] init: Service 'vendor.audio-hal-aidl' (pid 984) received SIGKILL
[  424.239458][    T1] init: Sending SIGKILL to service 'vendor.audio-hal-aidl' (pid 984) process group...
[  424.240549][    T1] libprocessgroup: Failed to write 1 to /sys/fs/cgroup/system/uid_1041/pid_984/cgroup.kill: No such file or directory
[  424.275959][    T1] init: Service 'vendor.audio-effect-hal-aidl' (pid 985) received SIGKILL
[  424.276533][    T1] init: Sending SIGKILL to service 'vendor.audio-effect-hal-aidl' (pid 985) process group...
[  424.277769][    T1] libprocessgroup: Failed to write 1 to /sys/fs/cgroup/system/uid_1041/pid_985/cgroup.kill: No such file or directory
[  424.284608][    T1] init: Service 'exec 22 (/system/bin/vdc volume abort_fuse)' (pid 1033) exited with status 0 oneshot service took 3.093000 seconds in background
[  424.285787][    T1] init: Sending SIGKILL to service 'exec 22 (/system/bin/vdc volume abort_fuse)' (pid 1033) process group...
[  424.295133][    T1] libprocessgroup: Removed cgroup /sys/fs/cgroup/system/uid_1000/pid_1033
[  424.307134][    T1] init: Untracked process (pid: 986 name: (iptables-restor) ppid: 1 pgrp: 982 state: Z) received SIGKILL
[  424.307999][    T1] init: Untracked process (pid: 986 name: (iptables-restor) ppid: 1 pgrp: 982 state: Z) did not have an associated service entry and will not be reaped
[  424.311043][    T1] init: Untracked process (pid: 987 name: (ip6tables-resto) ppid: 1 pgrp: 982 state: Z) received SIGKILL
[  424.311858][    T1] init: Untracked process (pid: 987 name: (ip6tables-resto) ppid: 1 pgrp: 982 state: Z) did not have an associated service entry and will not be reaped
[  424.327908][    T1] init: processing action (sys.init.updatable_crashing=1) from (/system/etc/init/flags_health_check.rc:10)
[  424.336353][    T1] init: starting service 'exec 23 (/system/bin/flags_health_check UPDATABLE_CRASHING)'...
[  424.430300][    T1] libprocessgroup: Created cgroup /sys/fs/cgroup/system/uid_1000/pid_1036
[  424.460400][    T1] init: ... started service 'exec 23 (/system/bin/flags_health_check UPDATABLE_CRASHING)' has pid 1036
[  424.467746][    T1] init: SVC_EXEC service 'exec 23 (/system/bin/flags_health_check UPDATABLE_CRASHING)' pid 1036 (uid 1000 gid 1000+0 context default) started; waiting...
[  424.472296][    T1] init: Command 'exec - system system -- /system/bin/flags_health_check UPDATABLE_CRASHING' action=sys.init.updatable_crashing=1 (/system/etc/init/flags_health_check.rc:11) took 142ms and succeeded
[  424.492211][    T1] init: starting service 'zygote'...
[  424.509471][    T1] init: Created socket '/dev/socket/zygote', mode 660, user 0, group 1000
[  424.515469][    T1] init: Created socket '/dev/socket/usap_pool_primary', mode 660, user 0, group 1000
[  424.552903][    T1] libprocessgroup: Created cgroup /sys/fs/cgroup/system/uid_0/pid_1037
[  424.608566][    T1] init: ... started service 'zygote' has pid 1037
[  424.613800][    T1] init: starting service 'audioserver'...
[  424.637828][    T1] libprocessgroup: Created cgroup /sys/fs/cgroup/system/uid_1041/pid_1038
[  424.724236][    T1] init: ... started service 'audioserver' has pid 1038
[  424.749995][    T1] init: starting service 'cameraserver'...
[  424.828073][    T1] libprocessgroup: Created cgroup /sys/fs/cgroup/system/uid_1047/pid_1039
[  424.913196][    T1] init: ... started service 'cameraserver' has pid 1039
[  424.927161][    T1] init: starting service 'media'...
[  424.973971][    T1] libprocessgroup: Created cgroup /sys/fs/cgroup/system/uid_1013/pid_1040
[  425.030927][    T1] init: ... started service 'media' has pid 1040
[  425.041299][    T1] init: starting service 'netd'...
[  425.053571][    T1] init: Created socket '/dev/socket/dnsproxyd', mode 660, user 0, group 3003
[  425.064530][    T1] init: Created socket '/dev/socket/mdns', mode 660, user 0, group 1000
[  425.077139][    T1] init: Created socket '/dev/socket/fwmarkd', mode 660, user 0, group 3003
[  425.163551][    T1] libprocessgroup: Created cgroup /sys/fs/cgroup/system/uid_0/pid_1041
[  425.217590][    T1] init: ... started service 'netd' has pid 1041
[  425.222852][    T1] init: starting service 'surfaceflinger'...
[  425.341434][    T1] libprocessgroup: Created cgroup /sys/fs/cgroup/system/uid_1000/pid_1042
[  425.385655][    T1] init: ... started service 'surfaceflinger' has pid 1042
[  425.391290][    T1] init: starting service 'vendor.audio-hal-aidl'...
[  425.455573][    T1] libprocessgroup: Created cgroup /sys/fs/cgroup/system/uid_1041/pid_1043
[  425.488984][    T1] init: ... started service 'vendor.audio-hal-aidl' has pid 1043
[  425.495981][    T1] init: starting service 'vendor.audio-effect-hal-aidl'...
[  425.571950][    T1] libprocessgroup: Created cgroup /sys/fs/cgroup/system/uid_1041/pid_1044
[  425.635095][    T1] init: ... started service 'vendor.audio-effect-hal-aidl' has pid 1044
[  425.640777][    T1] init: Service 'exec 23 (/system/bin/flags_health_check UPDATABLE_CRASHING)' (pid 1036) exited with status 0 waiting took 1.236000 seconds
[  425.658775][    T1] init: Sending SIGKILL to service 'exec 23 (/system/bin/flags_health_check UPDATABLE_CRASHING)' (pid 1036) process group...
[  425.666890][    T1] libprocessgroup: Removed cgroup /sys/fs/cgroup/system/uid_1000/pid_1036
[  425.680979][    T1] init: processing action (init.svc.media=*) from (/system/etc/init/mediaserver.rc:1)
[  425.694148][    T1] init: processing action (init.svc.media=*) from (/system/etc/init/mediaserver.rc:1)
[  425.704615][    T1] init: processing action (init.svc.audioserver=running) from (/system/etc/init/audioserver.rc:43)
[  425.714115][    T1] init: Command 'start vendor.audio-hal' action=init.svc.audioserver=running (/system/etc/init/audioserver.rc:44) took 0ms and failed: service vendor.audio-hal not found
[  425.728620][    T1] init: service 'vendor.audio-hal-aidl' requested start, but it is already running (flags: 4, pid: 1043, started 281ms ago)
[  425.737495][    T1] init: service 'vendor.audio-effect-hal-aidl' requested start, but it is already running (flags: 4, pid: 1044, started 179ms ago)
[  425.746083][    T1] init: Command 'start vendor.audio-hal-4-0-msd' action=init.svc.audioserver=running (/system/etc/init/audioserver.rc:47) took 0ms and failed: service vendor.audio-hal-4-0-msd not found
[  425.756203][    T1] init: Command 'start audio_proxy_service' action=init.svc.audioserver=running (/system/etc/init/audioserver.rc:48) took 0ms and failed: service audio_proxy_service not found
[  425.765374][    T1] init: processing action (init.svc.media=*) from (/system/etc/init/mediaserver.rc:1)
[  427.516025][  T425] type=1325 audit(1791396078.868:406): table=filter family=2 entries=81 op=xt_replace subj=u:r:netd:s0 comm="iptables-restor"
[  427.571075][  T425] type=1300 audit(1791396078.868:406): arch=c00000b7 syscall=208 success=yes exit=0 a0=4 a1=0 a2=40 a3=b400007e2201fe40 items=0 ppid=1041 auid=4294967295 uid=0 gid=0 euid=0 suid=0 fsuid=0 egid=0 sgid=0 fsgid=0 tty=(none) ses=4294967295 comm="iptables-restor" exe="/system/bin/iptables" subj=u:r:netd:s0 key=(null)
[  427.615212][  T425] type=1327 audit(1791396078.868:406): proctitle=2F73797374656D2F62696E2F69707461626C65732D726573746F7265002D2D6E6F666C757368002D77002D76
[  427.645986][  T425] type=1320 audit(1791396078.868:406): 
[  427.680500][  T425] type=1325 audit(1791396078.988:407): table=filter family=10 entries=81 op=xt_replace subj=u:r:netd:s0 comm="ip6tables-resto"
[  427.729951][  T425] type=1300 audit(1791396078.988:407): arch=c00000b7 syscall=208 success=yes exit=0 a0=4 a1=29 a2=40 a3=b400007da460a010 items=0 ppid=1041 auid=4294967295 uid=0 gid=0 euid=0 suid=0 fsuid=0 egid=0 sgid=0 fsgid=0 tty=(none) ses=4294967295 comm="ip6tables-resto" exe="/system/bin/iptables" subj=u:r:netd:s0 key=(null)
[  427.779949][  T425] type=1327 audit(1791396078.988:407): proctitle=2F73797374656D2F62696E2F6970367461626C65732D726573746F7265002D2D6E6F666C757368002D77002D76
[  427.804138][  T425] type=1320 audit(1791396078.988:407): 
[  427.815127][  T425] type=1325 audit(1791396079.000:408): table=filter family=2 entries=77 op=xt_replace subj=u:r:netd:s0 comm="iptables-restor"
[  427.842940][  T425] type=1300 audit(1791396079.000:408): arch=c00000b7 syscall=208 success=yes exit=0 a0=4 a1=0 a2=40 a3=b400007e2201fe40 items=0 ppid=1041 auid=4294967295 uid=0 gid=0 euid=0 suid=0 fsuid=0 egid=0 sgid=0 fsgid=0 tty=(none) ses=4294967295 comm="iptables-restor" exe="/system/bin/iptables" subj=u:r:netd:s0 key=(null)
[  427.929439][  T425] type=1327 audit(1791396079.000:408): proctitle=2F73797374656D2F62696E2F69707461626C65732D726573746F7265002D2D6E6F666C757368002D77002D76
[  428.061846][  T425] type=1320 audit(1791396079.000:408): 
[  428.140860][  T425] type=1325 audit(1791396079.008:409): table=filter family=10 entries=77 op=xt_replace subj=u:r:netd:s0 comm="ip6tables-resto"
[  428.149481][  T425] type=1300 audit(1791396079.008:409): arch=c00000b7 syscall=208 success=yes exit=0 a0=4 a1=29 a2=40 a3=b400007da460a010 items=0 ppid=1041 auid=4294967295 uid=0 gid=0 euid=0 suid=0 fsuid=0 egid=0 sgid=0 fsgid=0 tty=(none) ses=4294967295 comm="ip6tables-resto" exe="/system/bin/iptables" subj=u:r:netd:s0 key=(null)
[  428.179533][  T425] type=1327 audit(1791396079.008:409): proctitle=2F73797374656D2F62696E2F6970367461626C65732D726573746F7265002D2D6E6F666C757368002D77002D76
[  428.193904][  T425] type=1320 audit(1791396079.008:409): 
[  428.202502][  T425] type=1325 audit(1791396079.020:410): table=raw family=2 entries=16 op=xt_replace subj=u:r:netd:s0 comm="iptables-restor"
[  428.217756][  T425] type=1300 audit(1791396079.020:410): arch=c00000b7 syscall=208 success=yes exit=0 a0=4 a1=0 a2=40 a3=b400007eb2004840 items=0 ppid=1041 auid=4294967295 uid=0 gid=0 euid=0 suid=0 fsuid=0 egid=0 sgid=0 fsgid=0 tty=(none) ses=4294967295 comm="iptables-restor" exe="/system/bin/iptables" subj=u:r:netd:s0 key=(null)
[  428.242518][  T425] type=1327 audit(1791396079.020:410): proctitle=2F73797374656D2F62696E2F69707461626C65732D726573746F7265002D2D6E6F666C757368002D77002D76
[  428.258698][  T425] type=1320 audit(1791396079.020:410): 
[  428.266394][  T425] type=1325 audit(1791396079.032:411): table=raw family=10 entries=16 op=xt_replace subj=u:r:netd:s0 comm="ip6tables-resto"
[  428.282374][  T425] type=1300 audit(1791396079.032:411): arch=c00000b7 syscall=208 success=yes exit=0 a0=4 a1=29 a2=40 a3=b400007d1460e010 items=0 ppid=1041 auid=4294967295 uid=0 gid=0 euid=0 suid=0 fsuid=0 egid=0 sgid=0 fsgid=0 tty=(none) ses=4294967295 comm="ip6tables-resto" exe="/system/bin/iptables" subj=u:r:netd:s0 key=(null)
[  428.310485][  T425] type=1327 audit(1791396079.032:411): proctitle=2F73797374656D2F62696E2F6970367461626C65732D726573746F7265002D2D6E6F666C757368002D77002D76
[  428.322945][  T425] type=1320 audit(1791396079.032:411): 
[  428.325317][  T425] type=1325 audit(1791396079.048:412): table=mangle family=2 entries=37 op=xt_replace subj=u:r:netd:s0 comm="iptables-restor"
[  428.338646][  T425] type=1300 audit(1791396079.048:412): arch=c00000b7 syscall=208 success=yes exit=0 a0=4 a1=0 a2=40 a3=b400007ea200abe0 items=0 ppid=1041 auid=4294967295 uid=0 gid=0 euid=0 suid=0 fsuid=0 egid=0 sgid=0 fsgid=0 tty=(none) ses=4294967295 comm="iptables-restor" exe="/system/bin/iptables" subj=u:r:netd:s0 key=(null)
[  428.363049][  T425] type=1327 audit(1791396079.048:412): proctitle=2F73797374656D2F62696E2F69707461626C65732D726573746F7265002D2D6E6F666C757368002D77002D76
[  428.372334][  T425] type=1320 audit(1791396079.048:412): 
[  428.374873][  T425] type=1325 audit(1791396079.064:413): table=mangle family=10 entries=36 op=xt_replace subj=u:r:netd:s0 comm="ip6tables-resto"
[  428.382598][  T425] type=1300 audit(1791396079.064:413): arch=c00000b7 syscall=208 success=yes exit=0 a0=4 a1=29 a2=40 a3=b400007e44615b30 items=0 ppid=1041 auid=4294967295 uid=0 gid=0 euid=0 suid=0 fsuid=0 egid=0 sgid=0 fsgid=0 tty=(none) ses=4294967295 comm="ip6tables-resto" exe="/system/bin/iptables" subj=u:r:netd:s0 key=(null)
[  428.413199][  T425] type=1327 audit(1791396079.064:413): proctitle=2F73797374656D2F62696E2F6970367461626C65732D726573746F7265002D2D6E6F666C757368002D77002D76
[  428.428368][  T425] type=1320 audit(1791396079.064:413): 
[  428.437130][  T425] type=1325 audit(1791396079.068:414): table=mangle family=2 entries=36 op=xt_replace subj=u:r:netd:s0 comm="iptables-restor"
[  428.450037][  T425] type=1300 audit(1791396079.068:414): arch=c00000b7 syscall=208 success=yes exit=0 a0=4 a1=0 a2=40 a3=b400007ea200abe0 items=0 ppid=1041 auid=4294967295 uid=0 gid=0 euid=0 suid=0 fsuid=0 egid=0 sgid=0 fsgid=0 tty=(none) ses=4294967295 comm="iptables-restor" exe="/system/bin/iptables" subj=u:r:netd:s0 key=(null)
[  428.473433][  T425] type=1327 audit(1791396079.068:414): proctitle=2F73797374656D2F62696E2F69707461626C65732D726573746F7265002D2D6E6F666C757368002D77002D76
[  428.480599][  T425] type=1320 audit(1791396079.068:414): 
[  428.482842][  T425] type=1325 audit(1791396079.076:415): table=mangle family=10 entries=36 op=xt_replace subj=u:r:netd:s0 comm="ip6tables-resto"
[  428.490655][  T425] type=1300 audit(1791396079.076:415): arch=c00000b7 syscall=208 success=yes exit=0 a0=4 a1=29 a2=40 a3=b400007dc4607430 items=0 ppid=1041 auid=4294967295 uid=0 gid=0 euid=0 suid=0 fsuid=0 egid=0 sgid=0 fsgid=0 tty=(none) ses=4294967295 comm="ip6tables-resto" exe="/system/bin/iptables" subj=u:r:netd:s0 key=(null)
[  428.512568][  T425] type=1327 audit(1791396079.076:415): proctitle=2F73797374656D2F62696E2F6970367461626C65732D726573746F7265002D2D6E6F666C757368002D77002D76
[  428.520217][  T425] type=1320 audit(1791396079.076:415): 
[  428.524397][  T425] type=1325 audit(1791396079.080:416): table=mangle family=2 entries=35 op=xt_replace subj=u:r:netd:s0 comm="iptables-restor"
[  428.532074][  T425] type=1300 audit(1791396079.080:416): arch=c00000b7 syscall=208 success=yes exit=0 a0=4 a1=0 a2=40 a3=b400007ea200abe0 items=0 ppid=1041 auid=4294967295 uid=0 gid=0 euid=0 suid=0 fsuid=0 egid=0 sgid=0 fsgid=0 tty=(none) ses=4294967295 comm="iptables-restor" exe="/system/bin/iptables" subj=u:r:netd:s0 key=(null)
[  428.552503][  T425] type=1327 audit(1791396079.080:416): proctitle=2F73797374656D2F62696E2F69707461626C65732D726573746F7265002D2D6E6F666C757368002D77002D76
[  428.563599][  T425] type=1320 audit(1791396079.080:416): 
[  428.567839][  T425] type=1325 audit(1791396079.084:417): table=mangle family=10 entries=35 op=xt_replace subj=u:r:netd:s0 comm="ip6tables-resto"
[  428.577739][  T425] type=1300 audit(1791396079.084:417): arch=c00000b7 syscall=208 success=yes exit=0 a0=4 a1=29 a2=40 a3=b400007dc4605220 items=0 ppid=1041 auid=4294967295 uid=0 gid=0 euid=0 suid=0 fsuid=0 egid=0 sgid=0 fsgid=0 tty=(none) ses=4294967295 comm="ip6tables-resto" exe="/system/bin/iptables" subj=u:r:netd:s0 key=(null)
[  428.612633][  T425] type=1327 audit(1791396079.084:417): proctitle=2F73797374656D2F62696E2F6970367461626C65732D726573746F7265002D2D6E6F666C757368002D77002D76
[  428.622662][  T425] type=1320 audit(1791396079.084:417): 
[  428.627212][  T425] type=1325 audit(1791396079.096:418): table=nat family=2 entries=11 op=xt_replace subj=u:r:netd:s0 comm="iptables-restor"
[  428.634411][  T425] type=1300 audit(1791396079.096:418): arch=c00000b7 syscall=208 success=yes exit=0 a0=4 a1=0 a2=40 a3=b400007eb20091f0 items=0 ppid=1041 auid=4294967295 uid=0 gid=0 euid=0 suid=0 fsuid=0 egid=0 sgid=0 fsgid=0 tty=(none) ses=4294967295 comm="iptables-restor" exe="/system/bin/iptables" subj=u:r:netd:s0 key=(null)
[  428.651510][  T425] type=1327 audit(1791396079.096:418): proctitle=2F73797374656D2F62696E2F69707461626C65732D726573746F7265002D2D6E6F666C757368002D77002D76
[  428.664602][  T425] type=1320 audit(1791396079.096:418): 
[  428.668638][  T425] type=1325 audit(1791396079.100:419): table=nat family=2 entries=11 op=xt_replace subj=u:r:netd:s0 comm="iptables-restor"
[  428.679051][  T425] type=1300 audit(1791396079.100:419): arch=c00000b7 syscall=208 success=yes exit=0 a0=4 a1=0 a2=40 a3=b400007eb20091f0 items=0 ppid=1041 auid=4294967295 uid=0 gid=0 euid=0 suid=0 fsuid=0 egid=0 sgid=0 fsgid=0 tty=(none) ses=4294967295 comm="iptables-restor" exe="/system/bin/iptables" subj=u:r:netd:s0 key=(null)
[  428.699520][  T425] type=1327 audit(1791396079.100:419): proctitle=2F73797374656D2F62696E2F69707461626C65732D726573746F7265002D2D6E6F666C757368002D77002D76
[  428.706870][  T425] type=1320 audit(1791396079.100:419): 
[  428.712019][  T425] type=1325 audit(1791396079.112:420): table=filter family=2 entries=76 op=xt_replace subj=u:r:netd:s0 comm="iptables-restor"
[  428.719806][  T425] type=1300 audit(1791396079.112:420): arch=c00000b7 syscall=208 success=yes exit=0 a0=4 a1=0 a2=40 a3=b400007e2201fe40 items=0 ppid=1041 auid=4294967295 uid=0 gid=0 euid=0 suid=0 fsuid=0 egid=0 sgid=0 fsgid=0 tty=(none) ses=4294967295 comm="iptables-restor" exe="/system/bin/iptables" subj=u:r:netd:s0 key=(null)
[  428.738940][  T425] type=1327 audit(1791396079.112:420): proctitle=2F73797374656D2F62696E2F69707461626C65732D726573746F7265002D2D6E6F666C757368002D77002D76
[  428.745520][  T425] type=1320 audit(1791396079.112:420): 
[  428.748676][  T425] type=1325 audit(1791396079.120:421): table=filter family=10 entries=77 op=xt_replace subj=u:r:netd:s0 comm="ip6tables-resto"
[  428.762796][  T425] type=1300 audit(1791396079.120:421): arch=c00000b7 syscall=208 success=yes exit=0 a0=4 a1=29 a2=40 a3=b400007da460a010 items=0 ppid=1041 auid=4294967295 uid=0 gid=0 euid=0 suid=0 fsuid=0 egid=0 sgid=0 fsgid=0 tty=(none) ses=4294967295 comm="ip6tables-resto" exe="/system/bin/iptables" subj=u:r:netd:s0 key=(null)
[  428.789149][  T425] type=1327 audit(1791396079.120:421): proctitle=2F73797374656D2F62696E2F6970367461626C65732D726573746F7265002D2D6E6F666C757368002D77002D76
[  428.799017][  T425] type=1320 audit(1791396079.120:421): 
[  428.802513][  T425] type=1325 audit(1791396079.148:422): table=mangle family=2 entries=34 op=xt_replace subj=u:r:netd:s0 comm="iptables-restor"
[  428.822058][  T425] type=1300 audit(1791396079.148:422): arch=c00000b7 syscall=208 success=yes exit=0 a0=4 a1=0 a2=40 a3=b400007ea200abe0 items=0 ppid=1041 auid=4294967295 uid=0 gid=0 euid=0 suid=0 fsuid=0 egid=0 sgid=0 fsgid=0 tty=(none) ses=4294967295 comm="iptables-restor" exe="/system/bin/iptables" subj=u:r:netd:s0 key=(null)
[  428.841499][  T425] type=1327 audit(1791396079.148:422): proctitle=2F73797374656D2F62696E2F69707461626C65732D726573746F7265002D2D6E6F666C757368002D77002D76
[  428.856323][  T425] type=1320 audit(1791396079.148:422): 
[  428.858928][  T425] type=1325 audit(1791396079.156:423): table=mangle family=10 entries=34 op=xt_replace subj=u:r:netd:s0 comm="ip6tables-resto"
[  428.870801][  T425] type=1300 audit(1791396079.156:423): arch=c00000b7 syscall=208 success=yes exit=0 a0=4 a1=29 a2=40 a3=b400007c64605be0 items=0 ppid=1041 auid=4294967295 uid=0 gid=0 euid=0 suid=0 fsuid=0 egid=0 sgid=0 fsgid=0 tty=(none) ses=4294967295 comm="ip6tables-resto" exe="/system/bin/iptables" subj=u:r:netd:s0 key=(null)
[  428.889906][  T425] type=1327 audit(1791396079.156:423): proctitle=2F73797374656D2F62696E2F6970367461626C65732D726573746F7265002D2D6E6F666C757368002D77002D76
[  428.899542][  T425] type=1320 audit(1791396079.156:423): 
[  428.905421][  T425] type=1325 audit(1791396079.164:424): table=filter family=2 entries=75 op=xt_replace subj=u:r:netd:s0 comm="iptables-restor"
[  428.920558][  T425] type=1300 audit(1791396079.164:424): arch=c00000b7 syscall=208 success=yes exit=0 a0=4 a1=0 a2=40 a3=b400007e2201fe40 items=0 ppid=1041 auid=4294967295 uid=0 gid=0 euid=0 suid=0 fsuid=0 egid=0 sgid=0 fsgid=0 tty=(none) ses=4294967295 comm="iptables-restor" exe="/system/bin/iptables" subj=u:r:netd:s0 key=(null)
[  428.934694][  T425] type=1327 audit(1791396079.164:424): proctitle=2F73797374656D2F62696E2F69707461626C65732D726573746F7265002D2D6E6F666C757368002D77002D76
[  428.942370][  T425] type=1320 audit(1791396079.164:424): 
[  428.946407][  T425] type=1325 audit(1791396079.164:425): table=filter family=10 entries=75 op=xt_replace subj=u:r:netd:s0 comm="ip6tables-resto"
[  428.957087][  T425] type=1300 audit(1791396079.164:425): arch=c00000b7 syscall=208 success=yes exit=0 a0=4 a1=29 a2=40 a3=b400007da460a010 items=0 ppid=1041 auid=4294967295 uid=0 gid=0 euid=0 suid=0 fsuid=0 egid=0 sgid=0 fsgid=0 tty=(none) ses=4294967295 comm="ip6tables-resto" exe="/system/bin/iptables" subj=u:r:netd:s0 key=(null)
[  428.981503][  T425] type=1327 audit(1791396079.164:425): proctitle=2F73797374656D2F62696E2F6970367461626C65732D726573746F7265002D2D6E6F666C757368002D77002D76
[  428.997721][  T425] type=1320 audit(1791396079.164:425): 
[  429.004966][  T425] type=1325 audit(1791396079.164:426): table=filter family=2 entries=75 op=xt_replace subj=u:r:netd:s0 comm="iptables-restor"
[  429.016978][  T425] type=1300 audit(1791396079.164:426): arch=c00000b7 syscall=208 success=yes exit=0 a0=4 a1=0 a2=40 a3=b400007e2201fe40 items=0 ppid=1041 auid=4294967295 uid=0 gid=0 euid=0 suid=0 fsuid=0 egid=0 sgid=0 fsgid=0 tty=(none) ses=4294967295 comm="iptables-restor" exe="/system/bin/iptables" subj=u:r:netd:s0 key=(null)
[  429.039122][  T425] type=1327 audit(1791396079.164:426): proctitle=2F73797374656D2F62696E2F69707461626C65732D726573746F7265002D2D6E6F666C757368002D77002D76
[  429.045487][  T425] type=1320 audit(1791396079.164:426): 
[  429.050743][  T425] type=1325 audit(1791396079.168:427): table=nat family=2 entries=11 op=xt_replace subj=u:r:netd:s0 comm="iptables-restor"
[  429.061877][  T425] type=1300 audit(1791396079.168:427): arch=c00000b7 syscall=208 success=yes exit=0 a0=4 a1=0 a2=40 a3=b400007eb20091f0 items=0 ppid=1041 auid=4294967295 uid=0 gid=0 euid=0 suid=0 fsuid=0 egid=0 sgid=0 fsgid=0 tty=(none) ses=4294967295 comm="iptables-restor" exe="/system/bin/iptables" subj=u:r:netd:s0 key=(null)
[  429.081918][  T425] type=1327 audit(1791396079.168:427): proctitle=2F73797374656D2F62696E2F69707461626C65732D726573746F7265002D2D6E6F666C757368002D77002D76
[  429.093621][  T425] type=1320 audit(1791396079.168:427): 
[  429.102895][  T425] type=1325 audit(1791396079.172:428): table=filter family=10 entries=76 op=xt_replace subj=u:r:netd:s0 comm="ip6tables-resto"
[  429.115629][  T425] type=1300 audit(1791396079.172:428): arch=c00000b7 syscall=208 success=yes exit=0 a0=4 a1=29 a2=40 a3=b400007da460a010 items=0 ppid=1041 auid=4294967295 uid=0 gid=0 euid=0 suid=0 fsuid=0 egid=0 sgid=0 fsgid=0 tty=(none) ses=4294967295 comm="ip6tables-resto" exe="/system/bin/iptables" subj=u:r:netd:s0 key=(null)
[  429.137600][  T425] type=1327 audit(1791396079.172:428): proctitle=2F73797374656D2F62696E2F6970367461626C65732D726573746F7265002D2D6E6F666C757368002D77002D76
[  429.149598][  T425] type=1320 audit(1791396079.172:428): 
[  429.152758][  T425] type=1325 audit(1791396079.172:429): table=raw family=10 entries=12 op=xt_replace subj=u:r:netd:s0 comm="ip6tables-resto"
[  429.160782][  T425] type=1300 audit(1791396079.172:429): arch=c00000b7 syscall=208 success=yes exit=0 a0=4 a1=29 a2=40 a3=b400007d14611d00 items=0 ppid=1041 auid=4294967295 uid=0 gid=0 euid=0 suid=0 fsuid=0 egid=0 sgid=0 fsgid=0 tty=(none) ses=4294967295 comm="ip6tables-resto" exe="/system/bin/iptables" subj=u:r:netd:s0 key=(null)
[  429.180000][  T425] type=1327 audit(1791396079.172:429): proctitle=2F73797374656D2F62696E2F6970367461626C65732D726573746F7265002D2D6E6F666C757368002D77002D76
[  429.193325][  T425] type=1320 audit(1791396079.172:429): 
[  429.196966][  T425] type=1325 audit(1791396079.192:430): table=mangle family=2 entries=30 op=xt_replace subj=u:r:netd:s0 comm="iptables-restor"
[  429.205594][  T425] type=1300 audit(1791396079.192:430): arch=c00000b7 syscall=208 success=yes exit=0 a0=4 a1=0 a2=40 a3=b400007ea200abe0 items=0 ppid=1041 auid=4294967295 uid=0 gid=0 euid=0 suid=0 fsuid=0 egid=0 sgid=0 fsgid=0 tty=(none) ses=4294967295 comm="iptables-restor" exe="/system/bin/iptables" subj=u:r:netd:s0 key=(null)
[  429.229474][  T425] type=1327 audit(1791396079.192:430): proctitle=2F73797374656D2F62696E2F69707461626C65732D726573746F7265002D2D6E6F666C757368002D77002D76
[  429.241575][  T425] type=1320 audit(1791396079.192:430): 
[  429.246708][  T425] type=1325 audit(1791396079.196:431): table=filter family=2 entries=76 op=xt_replace subj=u:r:netd:s0 comm="iptables-restor"
[  429.253318][  T425] type=1300 audit(1791396079.196:431): arch=c00000b7 syscall=208 success=yes exit=0 a0=4 a1=0 a2=40 a3=b400007e2201fe40 items=0 ppid=1041 auid=4294967295 uid=0 gid=0 euid=0 suid=0 fsuid=0 egid=0 sgid=0 fsgid=0 tty=(none) ses=4294967295 comm="iptables-restor" exe="/system/bin/iptables" subj=u:r:netd:s0 key=(null)
[  429.281719][  T425] type=1327 audit(1791396079.196:431): proctitle=2F73797374656D2F62696E2F69707461626C65732D726573746F7265002D2D6E6F666C757368002D77002D76
[  429.289642][  T425] type=1320 audit(1791396079.196:431): 
[  429.295352][  T425] type=1325 audit(1791396079.196:432): table=filter family=10 entries=76 op=xt_replace subj=u:r:netd:s0 comm="ip6tables-resto"
[  429.314769][  T425] type=1300 audit(1791396079.196:432): arch=c00000b7 syscall=208 success=yes exit=0 a0=4 a1=29 a2=40 a3=b400007da460a010 items=0 ppid=1041 auid=4294967295 uid=0 gid=0 euid=0 suid=0 fsuid=0 egid=0 sgid=0 fsgid=0 tty=(none) ses=4294967295 comm="ip6tables-resto" exe="/system/bin/iptables" subj=u:r:netd:s0 key=(null)
[  429.338607][  T425] type=1327 audit(1791396079.196:432): proctitle=2F73797374656D2F62696E2F6970367461626C65732D726573746F7265002D2D6E6F666C757368002D77002D76
[  429.350851][  T425] type=1320 audit(1791396079.196:432): 
[  429.352908][  T425] type=1325 audit(1791396079.220:433): table=filter family=2 entries=76 op=xt_replace subj=u:r:netd:s0 comm="iptables-restor"
[  429.359291][  T425] type=1300 audit(1791396079.220:433): arch=c00000b7 syscall=208 success=yes exit=0 a0=4 a1=0 a2=40 a3=b400007ce2010820 items=0 ppid=1041 auid=4294967295 uid=0 gid=0 euid=0 suid=0 fsuid=0 egid=0 sgid=0 fsgid=0 tty=(none) ses=4294967295 comm="iptables-restor" exe="/system/bin/iptables" subj=u:r:netd:s0 key=(null)
[  429.378879][  T425] type=1327 audit(1791396079.220:433): proctitle=2F73797374656D2F62696E2F69707461626C65732D726573746F7265002D2D6E6F666C757368002D77002D76
[  429.387847][  T425] type=1320 audit(1791396079.220:433): 
[  429.394280][  T425] type=1325 audit(1791396079.224:434): table=raw family=2 entries=12 op=xt_replace subj=u:r:netd:s0 comm="iptables-restor"
[  429.402679][  T425] type=1300 audit(1791396079.224:434): arch=c00000b7 syscall=208 success=yes exit=0 a0=4 a1=0 a2=40 a3=b400007eb20091f0 items=0 ppid=1041 auid=4294967295 uid=0 gid=0 euid=0 suid=0 fsuid=0 egid=0 sgid=0 fsgid=0 tty=(none) ses=4294967295 comm="iptables-restor" exe="/system/bin/iptables" subj=u:r:netd:s0 key=(null)
[  429.425811][  T425] type=1327 audit(1791396079.224:434): proctitle=2F73797374656D2F62696E2F69707461626C65732D726573746F7265002D2D6E6F666C757368002D77002D76
[  429.436518][  T425] type=1320 audit(1791396079.224:434): 
[  429.437358][  T425] type=1325 audit(1791396079.224:435): table=mangle family=2 entries=31 op=xt_replace subj=u:r:netd:s0 comm="iptables-restor"
[  429.444642][  T425] type=1300 audit(1791396079.224:435): arch=c00000b7 syscall=208 success=yes exit=0 a0=4 a1=0 a2=40 a3=b400007ea200abe0 items=0 ppid=1041 auid=4294967295 uid=0 gid=0 euid=0 suid=0 fsuid=0 egid=0 sgid=0 fsgid=0 tty=(none) ses=4294967295 comm="iptables-restor" exe="/system/bin/iptables" subj=u:r:netd:s0 key=(null)
[  429.473569][  T425] type=1327 audit(1791396079.224:435): proctitle=2F73797374656D2F62696E2F69707461626C65732D726573746F7265002D2D6E6F666C757368002D77002D76
[  429.514989][  T425] type=1320 audit(1791396079.224:435): 
[  429.519891][  T425] type=1325 audit(1791396079.228:436): table=filter family=10 entries=76 op=xt_replace subj=u:r:netd:s0 comm="ip6tables-resto"
[  429.546607][  T425] type=1300 audit(1791396079.228:436): arch=c00000b7 syscall=208 success=yes exit=0 a0=4 a1=29 a2=40 a3=b400007d7460d430 items=0 ppid=1041 auid=4294967295 uid=0 gid=0 euid=0 suid=0 fsuid=0 egid=0 sgid=0 fsgid=0 tty=(none) ses=4294967295 comm="ip6tables-resto" exe="/system/bin/iptables" subj=u:r:netd:s0 key=(null)
[  429.585801][  T425] type=1327 audit(1791396079.228:436): proctitle=2F73797374656D2F62696E2F6970367461626C65732D726573746F7265002D2D6E6F666C757368002D77002D76
[  429.596065][  T425] type=1320 audit(1791396079.228:436): 
[  429.600066][  T425] type=1325 audit(1791396079.232:437): table=raw family=10 entries=12 op=xt_replace subj=u:r:netd:s0 comm="ip6tables-resto"
[  429.621578][  T425] type=1300 audit(1791396079.232:437): arch=c00000b7 syscall=208 success=yes exit=0 a0=4 a1=29 a2=40 a3=b400007d14611d00 items=0 ppid=1041 auid=4294967295 uid=0 gid=0 euid=0 suid=0 fsuid=0 egid=0 sgid=0 fsgid=0 tty=(none) ses=4294967295 comm="ip6tables-resto" exe="/system/bin/iptables" subj=u:r:netd:s0 key=(null)
[  429.641714][  T425] type=1327 audit(1791396079.232:437): proctitle=2F73797374656D2F62696E2F6970367461626C65732D726573746F7265002D2D6E6F666C757368002D77002D76
[  429.661834][  T425] type=1320 audit(1791396079.232:437): 
[  429.665552][  T425] type=1325 audit(1791396079.232:438): table=mangle family=10 entries=30 op=xt_replace subj=u:r:netd:s0 comm="ip6tables-resto"
[  429.685932][  T411] servicemanager: Caller(pid=1041,uid=0,sid=u:r:netd:s0) Found android.system.net.netd.INetd/default in framework VINTF manifest.
[  429.689343][  T425] type=1300 audit(1791396079.232:438): arch=c00000b7 syscall=208 success=yes exit=0 a0=4 a1=29 a2=40 a3=b400007c64609380 items=0 ppid=1041 auid=4294967295 uid=0 gid=0 euid=0 suid=0 fsuid=0 egid=0 sgid=0 fsgid=0 tty=(none) ses=4294967295 comm="ip6tables-resto" exe="/system/bin/iptables" subj=u:r:netd:s0 key=(null)
[  429.737483][  T425] type=1327 audit(1791396079.232:438): proctitle=2F73797374656D2F62696E2F6970367461626C65732D726573746F7265002D2D6E6F666C757368002D77002D76
[  429.750808][  T425] type=1320 audit(1791396079.232:438): 
[  429.761484][  T425] type=1325 audit(1791396079.240:439): table=filter family=2 entries=70 op=xt_replace subj=u:r:netd:s0 comm="iptables-restor"
[  429.790048][  T425] type=1300 audit(1791396079.240:439): arch=c00000b7 syscall=208 success=yes exit=0 a0=4 a1=0 a2=40 a3=b400007d82009010 items=0 ppid=1041 auid=4294967295 uid=0 gid=0 euid=0 suid=0 fsuid=0 egid=0 sgid=0 fsgid=0 tty=(none) ses=4294967295 comm="iptables-restor" exe="/system/bin/iptables" subj=u:r:netd:s0 key=(null)
[  429.829676][  T425] type=1327 audit(1791396079.240:439): proctitle=2F73797374656D2F62696E2F69707461626C65732D726573746F7265002D2D6E6F666C757368002D77002D76
[  429.850032][  T425] type=1320 audit(1791396079.240:439): 
[  429.851818][  T425] type=1325 audit(1791396079.240:440): table=filter family=10 entries=70 op=xt_replace subj=u:r:netd:s0 comm="ip6tables-resto"
[  429.869935][  T425] type=1300 audit(1791396079.240:440): arch=c00000b7 syscall=208 success=yes exit=0 a0=4 a1=29 a2=40 a3=b400007cc460d7a0 items=0 ppid=1041 auid=4294967295 uid=0 gid=0 euid=0 suid=0 fsuid=0 egid=0 sgid=0 fsgid=0 tty=(none) ses=4294967295 comm="ip6tables-resto" exe="/system/bin/iptables" subj=u:r:netd:s0 key=(null)
[  429.905198][  T425] type=1327 audit(1791396079.240:440): proctitle=2F73797374656D2F62696E2F6970367461626C65732D726573746F7265002D2D6E6F666C757368002D77002D76
[  429.921439][  T425] type=1320 audit(1791396079.240:440): 
[  429.926793][  T425] type=1325 audit(1791396079.256:441): table=filter family=2 entries=58 op=xt_replace subj=u:r:netd:s0 comm="iptables-restor"
[  429.934682][  T425] type=1300 audit(1791396079.256:441): arch=c00000b7 syscall=208 success=yes exit=0 a0=4 a1=0 a2=40 a3=b400007ce2010820 items=0 ppid=1041 auid=4294967295 uid=0 gid=0 euid=0 suid=0 fsuid=0 egid=0 sgid=0 fsgid=0 tty=(none) ses=4294967295 comm="iptables-restor" exe="/system/bin/iptables" subj=u:r:netd:s0 key=(null)
[  429.951728][  T425] type=1327 audit(1791396079.256:441): proctitle=2F73797374656D2F62696E2F69707461626C65732D726573746F7265002D2D6E6F666C757368002D77002D76
[  429.962942][  T425] type=1320 audit(1791396079.256:441): 
[  429.965592][  T425] type=1325 audit(1791396079.328:442): table=filter family=10 entries=58 op=xt_replace subj=u:r:netd:s0 comm="ip6tables-resto"
[  429.971697][  T425] type=1300 audit(1791396079.328:442): arch=c00000b7 syscall=208 success=yes exit=0 a0=4 a1=29 a2=40 a3=b400007d7460d430 items=0 ppid=1041 auid=4294967295 uid=0 gid=0 euid=0 suid=0 fsuid=0 egid=0 sgid=0 fsgid=0 tty=(none) ses=4294967295 comm="ip6tables-resto" exe="/system/bin/iptables" subj=u:r:netd:s0 key=(null)
[  430.001909][  T425] type=1327 audit(1791396079.328:442): proctitle=2F73797374656D2F62696E2F6970367461626C65732D726573746F7265002D2D6E6F666C757368002D77002D76
[  430.013483][  T425] type=1320 audit(1791396079.328:442): 
[  430.015980][  T425] type=1325 audit(1791396079.328:443): table=mangle family=2 entries=31 op=xt_replace subj=u:r:netd:s0 comm="iptables-restor"
[  430.037297][  T425] type=1300 audit(1791396079.328:443): arch=c00000b7 syscall=208 success=yes exit=0 a0=4 a1=0 a2=40 a3=b400007ea200abe0 items=0 ppid=1041 auid=4294967295 uid=0 gid=0 euid=0 suid=0 fsuid=0 egid=0 sgid=0 fsgid=0 tty=(none) ses=4294967295 comm="iptables-restor" exe="/system/bin/iptables" subj=u:r:netd:s0 key=(null)
[  430.070061][  T425] type=1327 audit(1791396079.328:443): proctitle=2F73797374656D2F62696E2F69707461626C65732D726573746F7265002D2D6E6F666C757368002D77002D76
[  430.085558][  T425] type=1320 audit(1791396079.328:443): 
[  430.090843][  T425] type=1325 audit(1791396079.332:444): table=mangle family=10 entries=30 op=xt_replace subj=u:r:netd:s0 comm="ip6tables-resto"
[  430.104883][  T425] type=1300 audit(1791396079.332:444): arch=c00000b7 syscall=208 success=yes exit=0 a0=4 a1=29 a2=40 a3=b400007c64609380 items=0 ppid=1041 auid=4294967295 uid=0 gid=0 euid=0 suid=0 fsuid=0 egid=0 sgid=0 fsgid=0 tty=(none) ses=4294967295 comm="ip6tables-resto" exe="/system/bin/iptables" subj=u:r:netd:s0 key=(null)
[  430.117357][  T411] servicemanager: Caller(pid=1044,uid=1041,sid=u:r:hal_audio_default:s0) Found android.hardware.audio.effect.IFactory/default in device VINTF manifest.
[  430.125616][  T425] type=1327 audit(1791396079.332:444): proctitle=2F73797374656D2F62696E2F6970367461626C65732D726573746F7265002D2D6E6F666C757368002D77002D76
[  430.158144][  T425] type=1320 audit(1791396079.332:444): 
[  430.160790][  T425] type=1325 audit(1791396079.340:445): table=filter family=2 entries=70 op=xt_replace subj=u:r:netd:s0 comm="iptables-restor"
[  430.168704][  T425] type=1300 audit(1791396079.340:445): arch=c00000b7 syscall=208 success=yes exit=0 a0=4 a1=0 a2=40 a3=b400007ce200c010 items=0 ppid=1041 auid=4294967295 uid=0 gid=0 euid=0 suid=0 fsuid=0 egid=0 sgid=0 fsgid=0 tty=(none) ses=4294967295 comm="iptables-restor" exe="/system/bin/iptables" subj=u:r:netd:s0 key=(null)
[  430.201582][  T425] type=1327 audit(1791396079.340:445): proctitle=2F73797374656D2F62696E2F69707461626C65732D726573746F7265002D2D6E6F666C757368002D77002D76
[  430.217109][  T425] type=1320 audit(1791396079.340:445): 
[  430.220603][  T425] type=1325 audit(1791396079.344:446): table=raw family=2 entries=12 op=xt_replace subj=u:r:netd:s0 comm="iptables-restor"
[  430.237131][  T425] type=1300 audit(1791396079.344:446): arch=c00000b7 syscall=208 success=yes exit=0 a0=4 a1=0 a2=40 a3=b400007eb20091f0 items=0 ppid=1041 auid=4294967295 uid=0 gid=0 euid=0 suid=0 fsuid=0 egid=0 sgid=0 fsgid=0 tty=(none) ses=4294967295 comm="iptables-restor" exe="/system/bin/iptables" subj=u:r:netd:s0 key=(null)
[  430.265134][  T425] type=1327 audit(1791396079.344:446): proctitle=2F73797374656D2F62696E2F69707461626C65732D726573746F7265002D2D6E6F666C757368002D77002D76
[  430.275839][  T425] type=1320 audit(1791396079.344:446): 
[  430.279718][  T425] type=1325 audit(1791396079.344:447): table=mangle family=2 entries=33 op=xt_replace subj=u:r:netd:s0 comm="iptables-restor"
[  430.292661][  T425] type=1300 audit(1791396079.344:447): arch=c00000b7 syscall=208 success=yes exit=0 a0=4 a1=0 a2=40 a3=b400007ea200abe0 items=0 ppid=1041 auid=4294967295 uid=0 gid=0 euid=0 suid=0 fsuid=0 egid=0 sgid=0 fsgid=0 tty=(none) ses=4294967295 comm="iptables-restor" exe="/system/bin/iptables" subj=u:r:netd:s0 key=(null)
[  430.324524][  T425] type=1327 audit(1791396079.344:447): proctitle=2F73797374656D2F62696E2F69707461626C65732D726573746F7265002D2D6E6F666C757368002D77002D76
[  430.341535][  T425] type=1320 audit(1791396079.344:447): 
[  430.344739][  T425] type=1325 audit(1791396079.356:448): table=filter family=10 entries=70 op=xt_replace subj=u:r:netd:s0 comm="ip6tables-resto"
[  430.358896][  T425] type=1300 audit(1791396079.356:448): arch=c00000b7 syscall=208 success=yes exit=0 a0=4 a1=29 a2=40 a3=b400007d74602010 items=0 ppid=1041 auid=4294967295 uid=0 gid=0 euid=0 suid=0 fsuid=0 egid=0 sgid=0 fsgid=0 tty=(none) ses=4294967295 comm="ip6tables-resto" exe="/system/bin/iptables" subj=u:r:netd:s0 key=(null)
[  430.389138][  T425] type=1327 audit(1791396079.356:448): proctitle=2F73797374656D2F62696E2F6970367461626C65732D726573746F7265002D2D6E6F666C757368002D77002D76
[  430.413541][  T425] type=1320 audit(1791396079.356:448): 
[  430.416903][  T425] type=1325 audit(1791396079.356:449): table=raw family=10 entries=12 op=xt_replace subj=u:r:netd:s0 comm="ip6tables-resto"
[  430.434008][  T425] type=1300 audit(1791396079.356:449): arch=c00000b7 syscall=208 success=yes exit=0 a0=4 a1=29 a2=40 a3=b400007d14611d00 items=0 ppid=1041 auid=4294967295 uid=0 gid=0 euid=0 suid=0 fsuid=0 egid=0 sgid=0 fsgid=0 tty=(none) ses=4294967295 comm="ip6tables-resto" exe="/system/bin/iptables" subj=u:r:netd:s0 key=(null)
[  430.452998][  T425] type=1327 audit(1791396079.356:449): proctitle=2F73797374656D2F62696E2F6970367461626C65732D726573746F7265002D2D6E6F666C757368002D77002D76
[  430.465135][  T425] type=1320 audit(1791396079.356:449): 
[  430.468030][  T425] type=1325 audit(1791396079.356:450): table=mangle family=10 entries=32 op=xt_replace subj=u:r:netd:s0 comm="ip6tables-resto"
[  430.473630][  T411] servicemanager: Caller(pid=1043,uid=1041,sid=u:r:hal_audio_default:s0) Found android.hardware.audio.core.IConfig/default in device VINTF manifest.
[  430.481314][  T425] type=1300 audit(1791396079.356:450): arch=c00000b7 syscall=208 success=yes exit=0 a0=4 a1=29 a2=40 a3=b400007c64609380 items=0 ppid=1041 auid=4294967295 uid=0 gid=0 euid=0 suid=0 fsuid=0 egid=0 sgid=0 fsgid=0 tty=(none) ses=4294967295 comm="ip6tables-resto" exe="/system/bin/iptables" subj=u:r:netd:s0 key=(null)
[  430.506605][  T411] servicemanager: Caller(pid=1043,uid=1041,sid=u:r:hal_audio_default:s0) Found android.hardware.audio.core.IModule/default in device VINTF manifest.
[  430.533700][  T425] type=1327 audit(1791396079.356:450): proctitle=2F73797374656D2F62696E2F6970367461626C65732D726573746F7265002D2D6E6F666C757368002D77002D76
[  430.549554][  T425] type=1320 audit(1791396079.356:450): 
[  430.552540][  T425] type=1325 audit(1791396079.360:451): table=filter family=2 entries=70 op=xt_replace subj=u:r:netd:s0 comm="iptables-restor"
[  430.573585][  T425] type=1300 audit(1791396079.360:451): arch=c00000b7 syscall=208 success=yes exit=0 a0=4 a1=0 a2=40 a3=b400007e2201a430 items=0 ppid=1041 auid=4294967295 uid=0 gid=0 euid=0 suid=0 fsuid=0 egid=0 sgid=0 fsgid=0 tty=(none) ses=4294967295 comm="iptables-restor" exe="/system/bin/iptables" subj=u:r:netd:s0 key=(null)
[  430.575651][  T411] servicemanager: Caller(pid=1043,uid=1041,sid=u:r:hal_audio_default:s0) Found android.hardware.audio.core.IModule/r_submix in device VINTF manifest.
[  430.601205][  T425] type=1327 audit(1791396079.360:451): proctitle=2F73797374656D2F62696E2F69707461626C65732D726573746F7265002D2D6E6F666C757368002D77002D76
[  430.627140][  T425] type=1320 audit(1791396079.360:451): 
[  430.630822][  T425] type=1325 audit(1791396079.364:452): table=raw family=2 entries=12 op=xt_replace subj=u:r:netd:s0 comm="iptables-restor"
[  430.645567][  T425] type=1300 audit(1791396079.364:452): arch=c00000b7 syscall=208 success=yes exit=0 a0=4 a1=0 a2=40 a3=b400007e9200b020 items=0 ppid=1041 auid=4294967295 uid=0 gid=0 euid=0 suid=0 fsuid=0 egid=0 sgid=0 fsgid=0 tty=(none) ses=4294967295 comm="iptables-restor" exe="/system/bin/iptables" subj=u:r:netd:s0 key=(null)
[  430.664677][  T411] servicemanager: Caller(pid=1043,uid=1041,sid=u:r:hal_audio_default:s0) Found android.hardware.bluetooth.audio.IBluetoothAudioProviderFactory/default in device VINTF manifest.
[  430.678808][  T411] servicemanager: Caller(pid=1043,uid=1041,sid=u:r:hal_audio_default:s0) Found android.hardware.audio.core.IModule/bluetooth in device VINTF manifest.
[  430.731104][  T425] type=1327 audit(1791396079.364:452): proctitle=2F73797374656D2F62696E2F69707461626C65732D726573746F7265002D2D6E6F666C757368002D77002D76
[  430.742018][  T425] type=1320 audit(1791396079.364:452): 
[  430.765136][  T425] type=1325 audit(1791396079.364:453): table=mangle family=2 entries=33 op=xt_replace subj=u:r:netd:s0 comm="iptables-restor"
[  430.849644][  T411] servicemanager: Caller(pid=1038,uid=1041,sid=u:r:audioserver:s0) Found android.hardware.audio.core.IModule/default in device VINTF manifest.
[  430.886000][  T411] servicemanager: Caller(pid=1038,uid=1041,sid=u:r:audioserver:s0) Found android.hardware.audio.effect.IFactory/default in device VINTF manifest.
[  430.909809][  T425] type=1300 audit(1791396079.364:453): arch=c00000b7 syscall=208 success=yes exit=0 a0=4 a1=0 a2=40 a3=b400007ea200abe0 items=0 ppid=1041 auid=4294967295 uid=0 gid=0 euid=0 suid=0 fsuid=0 egid=0 sgid=0 fsgid=0 tty=(none) ses=4294967295 comm="iptables-restor" exe="/system/bin/iptables" subj=u:r:netd:s0 key=(null)
[  430.948109][  T425] type=1327 audit(1791396079.364:453): proctitle=2F73797374656D2F62696E2F69707461626C65732D726573746F7265002D2D6E6F666C757368002D77002D76
[  430.956668][  T425] type=1320 audit(1791396079.364:453): 
[  430.960540][  T425] type=1325 audit(1791396079.368:454): table=filter family=10 entries=70 op=xt_replace subj=u:r:netd:s0 comm="ip6tables-resto"
[  430.973577][  T425] type=1300 audit(1791396079.368:454): arch=c00000b7 syscall=208 success=yes exit=0 a0=4 a1=29 a2=40 a3=b400007da461f940 items=0 ppid=1041 auid=4294967295 uid=0 gid=0 euid=0 suid=0 fsuid=0 egid=0 sgid=0 fsgid=0 tty=(none) ses=4294967295 comm="ip6tables-resto" exe="/system/bin/iptables" subj=u:r:netd:s0 key=(null)
[  431.076351][  T425] type=1327 audit(1791396079.368:454): proctitle=2F73797374656D2F62696E2F6970367461626C65732D726573746F7265002D2D6E6F666C757368002D77002D76
[  431.171955][  T425] type=1320 audit(1791396079.368:454): 
[  431.177584][  T425] type=1325 audit(1791396079.372:455): table=raw family=10 entries=12 op=xt_replace subj=u:r:netd:s0 comm="ip6tables-resto"
[  431.188788][  T425] type=1300 audit(1791396079.372:455): arch=c00000b7 syscall=208 success=yes exit=0 a0=4 a1=29 a2=40 a3=b400007e04605010 items=0 ppid=1041 auid=4294967295 uid=0 gid=0 euid=0 suid=0 fsuid=0 egid=0 sgid=0 fsgid=0 tty=(none) ses=4294967295 comm="ip6tables-resto" exe="/system/bin/iptables" subj=u:r:netd:s0 key=(null)
[  431.218559][  T425] type=1327 audit(1791396079.372:455): proctitle=2F73797374656D2F62696E2F6970367461626C65732D726573746F7265002D2D6E6F666C757368002D77002D76
[  431.235453][  T425] type=1320 audit(1791396079.372:455): 
[  431.239772][  T425] type=1325 audit(1791396079.372:456): table=mangle family=10 entries=32 op=xt_replace subj=u:r:netd:s0 comm="ip6tables-resto"
[  431.252902][  T425] type=1300 audit(1791396079.372:456): arch=c00000b7 syscall=208 success=yes exit=0 a0=4 a1=29 a2=40 a3=b400007e44612da0 items=0 ppid=1041 auid=4294967295 uid=0 gid=0 euid=0 suid=0 fsuid=0 egid=0 sgid=0 fsgid=0 tty=(none) ses=4294967295 comm="ip6tables-resto" exe="/system/bin/iptables" subj=u:r:netd:s0 key=(null)
[  431.282649][  T425] type=1327 audit(1791396079.372:456): proctitle=2F73797374656D2F62696E2F6970367461626C65732D726573746F7265002D2D6E6F666C757368002D77002D76
[  431.297903][  T425] type=1320 audit(1791396079.372:456): 
[  431.461839][  T411] servicemanager: Caller(pid=1038,uid=1041,sid=u:r:audioserver:s0) Found android.hardware.audio.effect.IFactory/default in device VINTF manifest.
[  431.479826][  T411] servicemanager: Caller(pid=1038,uid=1041,sid=u:r:audioserver:s0) Found android.hardware.audio.core.IModule/default in device VINTF manifest.
[  433.545409][  T411] servicemanager: Caller(pid=1038,uid=1041,sid=u:r:audioserver:s0) Found android.hardware.audio.effect.IFactory/default in device VINTF manifest.
[  433.645185][  T411] servicemanager: Caller(pid=1038,uid=1041,sid=u:r:audioserver:s0) Found android.hardware.audio.core.IModule/default in device VINTF manifest.
[  433.847421][  T411] servicemanager: Caller(pid=1038,uid=1041,sid=u:r:audioserver:s0) Found android.system.suspend.ISystemSuspend/default in framework VINTF manifest.
[  435.654294][  T411] servicemanager: Notifying media.codeclist.generator they do (previously: don't) have clients when service is guaranteed to be in use
[  436.170571][  T421] logd: logdr: UID=1000 GID=1003 PID=1068 n tail=500 logMask=8 pid=1042 start=0ns deadline=0ns
[  436.435201][  T421] logd: logdr: UID=1000 GID=1003 PID=1068 n tail=500 logMask=1 pid=1042 start=0ns deadline=0ns
[  438.230341][  T425] type=1701 audit(1791396089.632:457): auid=4294967295 uid=1000 gid=1003 ses=4294967295 subj=u:r:surfaceflinger:s0 comm="surfaceflinger" exe="/system/bin/surfaceflinger" sig=6 res=1
[  438.569786][    T1] init: Service 'surfaceflinger' (pid 1042) received SIGABRT
[  438.740481][    T1] init: Sending SIGKILL to service 'surfaceflinger' (pid 1042) process group...
[  438.961689][    T1] libprocessgroup: Removed cgroup /sys/fs/cgroup/system/uid_1000/pid_1042
[  438.980128][    T1] init: process with updatable components 'surfaceflinger' exited 4 times before boot completed
[  439.083468][    T1] init: Sending SIGKILL to service 'zygote' (pid 1037) process group...
[  439.556753][    T1] libprocessgroup: Removed cgroup /sys/fs/cgroup/system/uid_0/pid_1037
[  439.575469][    T1] init: Command 'restart --only-if-running zygote' action=onrestart (<Service 'surfaceflinger' onrestart>:1) took 491ms and succeeded
[  439.617663][    T1] init: Service 'zygote' (pid 1037) received SIGKILL
[  439.621172][    T1] init: Sending SIGKILL to service 'zygote' (pid 1037) process group...
[  439.626428][    T1] libprocessgroup: Failed to write 1 to /sys/fs/cgroup/system/uid_0/pid_1037/cgroup.kill: No such file or directory
[  439.754379][    T1] libprocessgroup: Removing /sys/fs/cgroup/system/uid_9999/pid_648
[  439.881285][    T1] libprocessgroup: Removing /sys/fs/cgroup/system/uid_9999/pid_449
[  439.900688][    T1] libprocessgroup: Removing /sys/fs/cgroup/system/uid_9999/pid_656
[  439.906062][    T1] libprocessgroup: Removing /sys/fs/cgroup/system/uid_9999/pid_684
[  439.907464][    T1] libprocessgroup: Removing /sys/fs/cgroup/system/uid_9999/pid_664
[  439.908845][    T1] libprocessgroup: Removing /sys/fs/cgroup/system/uid_9999/pid_749
[  439.913796][    T1] libprocessgroup: Removing /sys/fs/cgroup/system/uid_9999/pid_654
[  439.915390][    T1] libprocessgroup: Removing /sys/fs/cgroup/system/uid_9999/pid_639
[  439.916548][    T1] libprocessgroup: Removing /sys/fs/cgroup/system/uid_9999/pid_751
[  439.921585][    T1] libprocessgroup: Removing /sys/fs/cgroup/system/uid_9999/pid_657
[  439.922535][    T1] libprocessgroup: Removing /sys/fs/cgroup/system/uid_9999/pid_683
[  439.924749][    T1] libprocessgroup: Removing /sys/fs/cgroup/system/uid_9999/pid_653
[  439.934379][    T1] libprocessgroup: Removing /sys/fs/cgroup/system/uid_9999/pid_643
[  439.936592][    T1] libprocessgroup: Removing /sys/fs/cgroup/system/uid_9999/pid_651
[  439.942388][    T1] libprocessgroup: Removing /sys/fs/cgroup/system/uid_9999/pid_641
[  439.957207][    T1] libprocessgroup: Removing /sys/fs/cgroup/system/uid_1001/pid_811
[  439.978211][    T1] libprocessgroup: Removing /sys/fs/cgroup/system/uid_1058/pid_478
[  439.987612][    T1] libprocessgroup: Removing /sys/fs/cgroup/system/uid_1076/pid_691
[  439.993271][    T1] libprocessgroup: Removing /sys/fs/cgroup/system/uid_1066/pid_606
[  440.014765][    T1] libprocessgroup: Removing /sys/fs/cgroup/system/uid_1084/pid_658
[  440.056723][    T1] libprocessgroup: Removing /sys/fs/cgroup/system/uid_1046/pid_810
[  440.067216][    T1] libprocessgroup: Removing /sys/fs/cgroup/system/uid_1036/pid_409
[  440.078370][    T1] libprocessgroup: Removing /sys/fs/cgroup/system/uid_1036/pid_798
[  440.084634][    T1] libprocessgroup: Removing /sys/fs/cgroup/system/uid_1064/pid_686
[  440.093462][    T1] libprocessgroup: Removing /sys/fs/cgroup/system/uid_1064/pid_622
[  440.100464][    T1] libprocessgroup: Removing /sys/fs/cgroup/system/uid_1092/pid_400
[  440.110222][    T1] libprocessgroup: Removing /sys/fs/cgroup/system/uid_1072/pid_697
[  440.118197][    T1] libprocessgroup: Removing /sys/fs/cgroup/system/uid_1080/pid_617
[  440.123503][    T1] libprocessgroup: Removing /sys/fs/cgroup/system/uid_1080/pid_633
[  440.131608][    T1] libprocessgroup: Removing /sys/fs/cgroup/system/uid_1040/pid_793
[  440.134494][    T1] libprocessgroup: Removing /sys/fs/cgroup/system/uid_1069/pid_410
[  440.141141][    T1] libprocessgroup: Removing /sys/fs/cgroup/system/uid_1002/pid_666
[  440.144699][    T1] libprocessgroup: Removing /sys/fs/cgroup/system/uid_1002/pid_674
[  440.147146][    T1] libprocessgroup: Removing /sys/fs/cgroup/system/uid_1002/pid_679
[  440.149540][    T1] libprocessgroup: Removing /sys/fs/cgroup/system/uid_1002/pid_667
[  440.153783][    T1] libprocessgroup: Removing /sys/fs/cgroup/system/uid_1002/pid_675
[  440.159368][    T1] libprocessgroup: Removing /sys/fs/cgroup/system/uid_1002/pid_678
[  440.168059][    T1] libprocessgroup: Removing /sys/fs/cgroup/system/uid_1002/pid_668
[  440.174771][    T1] libprocessgroup: Removing /sys/fs/cgroup/system/uid_1010/pid_665
[  440.182798][    T1] libprocessgroup: Removing /sys/fs/cgroup/system/uid_1067/pid_791
[  440.192271][    T1] libprocessgroup: Removing /sys/fs/cgroup/system/uid_1000/pid_646
[  440.197681][    T1] libprocessgroup: Removing /sys/fs/cgroup/system/uid_1000/pid_710
[  440.253247][    T1] libprocessgroup: Removing /sys/fs/cgroup/system/uid_1000/pid_616
[  440.268727][    T1] libprocessgroup: Removing /sys/fs/cgroup/system/uid_1000/pid_680
[  440.272662][    T1] libprocessgroup: Removing /sys/fs/cgroup/system/uid_1000/pid_642
[  440.279816][    T1] libprocessgroup: Removing /sys/fs/cgroup/system/uid_1000/pid_650
[  440.286775][    T1] libprocessgroup: Removing /sys/fs/cgroup/system/uid_1000/pid_640
[  440.290424][    T1] libprocessgroup: Removing /sys/fs/cgroup/system/uid_1000/pid_659
[  440.292417][    T1] libprocessgroup: Removing /sys/fs/cgroup/system/uid_1000/pid_649
[  440.344295][    T1] libprocessgroup: Removing /sys/fs/cgroup/system/uid_1000/pid_411
[  440.351502][    T1] libprocessgroup: Removing /sys/fs/cgroup/system/uid_1000/pid_647
[  440.364436][    T1] libprocessgroup: Removing /sys/fs/cgroup/system/uid_1000/pid_788
[  440.409333][    T1] libprocessgroup: Removing /sys/fs/cgroup/system/uid_1000/pid_448
[  440.417690][    T1] libprocessgroup: Removing /sys/fs/cgroup/system/uid_1000/pid_645
[  440.422814][    T1] libprocessgroup: Removing /sys/fs/cgroup/system/uid_1000/pid_597
[  440.433742][    T1] libprocessgroup: Removing /sys/fs/cgroup/system/uid_1000/pid_681
[  440.443136][    T1] libprocessgroup: Removing /sys/fs/cgroup/system/uid_1000/pid_812
[  440.448492][    T1] libprocessgroup: Removing /sys/fs/cgroup/system/uid_1000/pid_442
[  440.488833][    T1] libprocessgroup: Removing /sys/fs/cgroup/system/uid_1019/pid_730
[  440.512552][    T1] libprocessgroup: Removing /sys/fs/cgroup/system/uid_1047/pid_1039
[  440.517243][    T1] libprocessgroup: Removing /sys/fs/cgroup/system/uid_1047/pid_687
[  440.554349][    T1] libprocessgroup: Removing /sys/fs/cgroup/system/uid_1027/pid_685
[  440.571168][    T1] libprocessgroup: Removing /sys/fs/cgroup/system/uid_1083/pid_662
[  440.576380][    T1] libprocessgroup: Removing /sys/fs/cgroup/system/uid_1017/pid_443
[  440.619134][    T1] libprocessgroup: Removing /sys/fs/cgroup/system/uid_0/pid_704
[  440.625560][    T1] libprocessgroup: Removing /sys/fs/cgroup/system/uid_0/pid_815
[  440.629605][    T1] libprocessgroup: Removing /sys/fs/cgroup/system/uid_0/pid_644
[  440.711148][    T1] libprocessgroup: Removing /sys/fs/cgroup/system/uid_0/pid_795
[  440.731200][    T1] libprocessgroup: Removing /sys/fs/cgroup/system/uid_0/pid_813
[  440.745469][    T1] libprocessgroup: Removing /sys/fs/cgroup/system/uid_0/pid_483
[  440.808633][    T1] libprocessgroup: Removing /sys/fs/cgroup/system/uid_0/pid_116
[  440.906510][    T1] libprocessgroup: Removing /sys/fs/cgroup/system/uid_0/pid_1041
[  440.957295][    T1] libprocessgroup: Removing /sys/fs/cgroup/system/uid_0/pid_446
[  440.970489][    T1] libprocessgroup: Removing /sys/fs/cgroup/system/uid_0/pid_426
[  440.974490][    T1] libprocessgroup: Removing /sys/fs/cgroup/system/uid_0/pid_444
[  440.984624][    T1] libprocessgroup: Removing /sys/fs/cgroup/system/uid_0/pid_792
[  440.996566][    T1] libprocessgroup: Removing /sys/fs/cgroup/system/uid_0/pid_716
[  441.009089][    T1] libprocessgroup: Removing /sys/fs/cgroup/system/uid_1013/pid_628
[  441.009681][  T411] servicemanager: Caller(pid=976,uid=1013,sid=u:r:mediacodeclist_generator:s0) Found android.hardware.media.c2.IComponentStore/software in framework VINTF manifest.
[  441.016369][    T1] libprocessgroup: Removing /sys/fs/cgroup/system/uid_1013/pid_976
[  441.115282][    T1] libprocessgroup: Removing /sys/fs/cgroup/system/uid_1013/pid_1040
[  441.158243][    T1] libprocessgroup: Removing /sys/fs/cgroup/system/uid_1013/pid_637
[  441.164994][    T1] libprocessgroup: Removing /sys/fs/cgroup/system/uid_1013/pid_794
[  441.270409][    T1] libprocessgroup: Removing /sys/fs/cgroup/system/uid_1041/pid_1044
[  441.330915][    T1] libprocessgroup: Removing /sys/fs/cgroup/system/uid_1041/pid_612
[  441.407688][    T1] libprocessgroup: Removing /sys/fs/cgroup/system/uid_1041/pid_1043
[  441.470037][    T1] libprocessgroup: Removing /sys/fs/cgroup/system/uid_1041/pid_1038
[  441.818201][    T1] init: starting service 'exec 24 (/system/bin/vdc volume abort_fuse)'...
[  442.378198][    T1] libprocessgroup: Created cgroup /sys/fs/cgroup/system/uid_1000/pid_1103
[  442.641558][    T1] init: ... started service 'exec 24 (/system/bin/vdc volume abort_fuse)' has pid 1103
[  442.667788][    T1] init: Command 'exec_background - system system -- /system/bin/vdc volume abort_fuse' action=onrestart (<Service 'zygote' onrestart>:1) took 1122ms and succeeded
[  442.798470][    T1] init: Command 'write /sys/power/state on' action=onrestart (<Service 'zygote' onrestart>:2) took 89ms and failed: Unable to write to file '/sys/power/state': Unable to write file contents: Invalid argument
[  442.998168][    T1] init: Command 'write /sys/power/wake_lock zygote_kwl' action=onrestart (<Service 'zygote' onrestart>:3) took 138ms and succeeded
[  443.052026][    T1] init: Sending SIGKILL to service 'audioserver' (pid 1038) process group...
[  444.281479][    T1] libprocessgroup: Removed cgroup /sys/fs/cgroup/system/uid_1041/pid_1038
[  444.429504][    T1] init: Command 'restart audioserver' action=onrestart (<Service 'zygote' onrestart>:4) took 1393ms and succeeded
[  444.468108][    T1] init: Sending SIGKILL to service 'cameraserver' (pid 1039) process group...
[  445.181416][    T1] libprocessgroup: Removed cgroup /sys/fs/cgroup/system/uid_1047/pid_1039
[  445.363627][    T1] init: Command 'restart cameraserver' action=onrestart (<Service 'zygote' onrestart>:5) took 901ms and succeeded
[  445.423074][    T1] init: Sending SIGKILL to service 'media' (pid 1040) process group...
[  445.508337][ T1103] libbinder.BackendUnifiedServiceManager: Thread Pool max thread count is 0. Cannot cache binder as linkToDeath cannot be implemented. serviceName: vold
[  446.097578][    T1] libprocessgroup: Removed cgroup /sys/fs/cgroup/system/uid_1013/pid_1040
[  446.130514][    T1] init: Command 'restart media' action=onrestart (<Service 'zygote' onrestart>:6) took 708ms and succeeded
[  446.165873][    T1] init: Command 'restart --only-if-running media.tuner' action=onrestart (<Service 'zygote' onrestart>:7) took 21ms and failed: service media.tuner not found
[  446.167828][    T1] init: Sending SIGKILL to service 'netd' (pid 1041) process group...
[  446.487505][    T1] libprocessgroup: Removed cgroup /sys/fs/cgroup/system/uid_0/pid_1041
[  446.581633][    T1] init: Command 'restart netd' action=onrestart (<Service 'zygote' onrestart>:8) took 405ms and succeeded
[  446.635638][    T1] init: Command 'restart wificond' action=onrestart (<Service 'zygote' onrestart>:9) took 26ms and failed: service wificond not found
[  446.747585][    T1] init: Service 'audioserver' (pid 1038) received SIGKILL
[  446.749324][    T1] init: Sending SIGKILL to service 'audioserver' (pid 1038) process group...
[  446.753335][    T1] libprocessgroup: Failed to write 1 to /sys/fs/cgroup/system/uid_1041/pid_1038/cgroup.kill: No such file or directory
[  446.755556][    T1] init: Command 'restart vendor.audio-hal' action=onrestart (<Service 'audioserver' onrestart>:1) took 1ms and failed: service vendor.audio-hal not found
[  446.756157][    T1] init: Sending SIGKILL to service 'vendor.audio-hal-aidl' (pid 1043) process group...
[  447.051940][    T1] libprocessgroup: Removed cgroup /sys/fs/cgroup/system/uid_1041/pid_1043
[  447.137433][    T1] init: Command 'restart vendor.audio-hal-aidl' action=onrestart (<Service 'audioserver' onrestart>:2) took 370ms and succeeded
[  447.158657][    T1] init: Sending SIGKILL to service 'vendor.audio-effect-hal-aidl' (pid 1044) process group...
[  447.313484][    T1] libprocessgroup: Removed cgroup /sys/fs/cgroup/system/uid_1041/pid_1044
[  447.455520][    T1] init: Command 'restart vendor.audio-effect-hal-aidl' action=onrestart (<Service 'audioserver' onrestart>:3) took 274ms and succeeded
[  447.484436][    T1] init: Command 'restart vendor.audio-hal-4-0-msd' action=onrestart (<Service 'audioserver' onrestart>:4) took 13ms and failed: service vendor.audio-hal-4-0-msd not found
[  447.485304][    T1] init: Command 'restart audio_proxy_service' action=onrestart (<Service 'audioserver' onrestart>:5) took 0ms and failed: service audio_proxy_service not found
[  447.575473][    T1] init: Service 'cameraserver' (pid 1039) received SIGKILL
[  447.578598][    T1] init: Sending SIGKILL to service 'cameraserver' (pid 1039) process group...
[  447.583084][    T1] libprocessgroup: Failed to write 1 to /sys/fs/cgroup/system/uid_1047/pid_1039/cgroup.kill: No such file or directory
[  447.666941][    T1] init: Service 'media' (pid 1040) received SIGKILL
[  447.673751][    T1] init: Sending SIGKILL to service 'media' (pid 1040) process group...
[  447.676341][    T1] libprocessgroup: Failed to write 1 to /sys/fs/cgroup/system/uid_1013/pid_1040/cgroup.kill: No such file or directory
[  447.807475][    T1] init: Service 'netd' (pid 1041) received SIGKILL
[  447.824969][    T1] init: Sending SIGKILL to service 'netd' (pid 1041) process group...
[  447.840002][    T1] libprocessgroup: Failed to write 1 to /sys/fs/cgroup/system/uid_0/pid_1041/cgroup.kill: No such file or directory
[  447.859005][    T1] init: Command 'restart zygote_secondary' action=onrestart (<Service 'netd' onrestart>:2) took 2ms and failed: service zygote_secondary not found
[  447.944529][    T1] init: Service 'vendor.audio-hal-aidl' (pid 1043) received SIGKILL
[  447.958979][    T1] init: Sending SIGKILL to service 'vendor.audio-hal-aidl' (pid 1043) process group...
[  448.011020][    T1] libprocessgroup: Failed to write 1 to /sys/fs/cgroup/system/uid_1041/pid_1043/cgroup.kill: No such file or directory
[  448.217395][    T1] init: Service 'vendor.audio-effect-hal-aidl' (pid 1044) received SIGKILL
[  448.240033][    T1] init: Sending SIGKILL to service 'vendor.audio-effect-hal-aidl' (pid 1044) process group...
[  448.250501][    T1] libprocessgroup: Failed to write 1 to /sys/fs/cgroup/system/uid_1041/pid_1044/cgroup.kill: No such file or directory
[  448.479348][    T1] init: Untracked process (pid: 1068 name: (crash_dump64) ppid: 1 pgrp: 1066 state: Z) exited with status 0
[  448.490459][    T1] init: Untracked process (pid: 1068 name: (crash_dump64) ppid: 1 pgrp: 1066 state: Z) did not have an associated service entry and will not be reaped
[  448.539125][    T1] init: Untracked process (pid: 1070 name: (surfaceflinger) ppid: 1 pgrp: 1070 state: Z) exited with status 0
[  448.540491][  T411] servicemanager: Caller(pid=810,uid=1046,sid=u:r:mediaswcodec:s0) Found android.hardware.graphics.allocator.IAllocator/default in device VINTF manifest.
[  448.544844][    T1] init: Untracked process (pid: 1070 name: (surfaceflinger) ppid: 1 pgrp: 1070 state: Z) did not have an associated service entry and will not be reaped
[  448.553874][    T1] init: Service 'exec 24 (/system/bin/vdc volume abort_fuse)' (pid 1103) exited with status 0 oneshot service took 6.243000 seconds in background
[  448.587177][    T1] init: Sending SIGKILL to service 'exec 24 (/system/bin/vdc volume abort_fuse)' (pid 1103) process group...
[  448.608072][    T1] libprocessgroup: Removed cgroup /sys/fs/cgroup/system/uid_1000/pid_1103
[  448.635166][    T1] init: Untracked process (pid: 1045 name: (iptables-restor) ppid: 1 pgrp: 1041 state: Z) received SIGKILL
[  448.635553][    T1] init: Untracked process (pid: 1045 name: (iptables-restor) ppid: 1 pgrp: 1041 state: Z) did not have an associated service entry and will not be reaped
[  448.647169][    T1] init: Untracked process (pid: 1046 name: (ip6tables-resto) ppid: 1 pgrp: 1041 state: Z) received SIGKILL
[  448.656274][  T411] servicemanager: Caller(pid=810,uid=1046,sid=u:r:mediaswcodec:s0) Found android.hardware.graphics.allocator.IAllocator/default in device VINTF manifest.
[  448.656377][    T1] init: Untracked process (pid: 1046 name: (ip6tables-resto) ppid: 1 pgrp: 1041 state: Z) did not have an associated service entry and will not be reaped
[  448.713953][    T1] init: processing action (sys.init.updatable_crashing=1) from (/system/etc/init/flags_health_check.rc:10)
[  448.769273][    T1] init: starting service 'exec 25 (/system/bin/flags_health_check UPDATABLE_CRASHING)'...
[  448.772251][  T411] servicemanager: Caller(pid=810,uid=1046,sid=u:r:mediaswcodec:s0) Found mapper/minigbm in device VINTF manifest.
[  448.969066][    T1] libprocessgroup: Created cgroup /sys/fs/cgroup/system/uid_1000/pid_1106
[  449.017422][    T1] init: ... started service 'exec 25 (/system/bin/flags_health_check UPDATABLE_CRASHING)' has pid 1106
[  449.023092][    T1] init: SVC_EXEC service 'exec 25 (/system/bin/flags_health_check UPDATABLE_CRASHING)' pid 1106 (uid 1000 gid 1000+0 context default) started; waiting...
[  449.038720][    T1] init: Command 'exec - system system -- /system/bin/flags_health_check UPDATABLE_CRASHING' action=sys.init.updatable_crashing=1 (/system/etc/init/flags_health_check.rc:11) took 315ms and succeeded
[  449.054231][    T1] init: starting service 'zygote'...
[  449.076931][    T1] init: Created socket '/dev/socket/zygote', mode 660, user 0, group 1000
[  449.083972][    T1] init: Created socket '/dev/socket/usap_pool_primary', mode 660, user 0, group 1000
[  449.175119][    T1] libprocessgroup: Created cgroup /sys/fs/cgroup/system/uid_0/pid_1107
[  449.262230][    T1] init: ... started service 'zygote' has pid 1107
[  449.273325][    T1] init: starting service 'audioserver'...
[  449.516975][    T1] libprocessgroup: Created cgroup /sys/fs/cgroup/system/uid_1041/pid_1108
[  449.968998][    T1] init: ... started service 'audioserver' has pid 1108
[  450.036933][    T1] init: starting service 'cameraserver'...
[  450.473947][    T1] libprocessgroup: Created cgroup /sys/fs/cgroup/system/uid_1047/pid_1109
[  450.893294][    T1] init: ... started service 'cameraserver' has pid 1109
[  450.956492][    T1] init: starting service 'media'...
[  451.433497][    T1] libprocessgroup: Created cgroup /sys/fs/cgroup/system/uid_1013/pid_1110
[  451.819940][    T1] init: ... started service 'media' has pid 1110
[  451.869206][    T1] init: starting service 'netd'...
[  451.915496][    T1] init: Created socket '/dev/socket/dnsproxyd', mode 660, user 0, group 3003
[  451.930974][    T1] init: Created socket '/dev/socket/mdns', mode 660, user 0, group 1000
[  451.938012][    T1] init: Created socket '/dev/socket/fwmarkd', mode 660, user 0, group 3003
[  452.382059][    T1] libprocessgroup: Created cgroup /sys/fs/cgroup/system/uid_0/pid_1111
[  453.079072][    T1] init: ... started service 'netd' has pid 1111
[  453.140449][    T1] init: starting service 'surfaceflinger'...
[  453.578283][    T1] libprocessgroup: Created cgroup /sys/fs/cgroup/system/uid_1000/pid_1112
[  454.169340][    T1] init: ... started service 'surfaceflinger' has pid 1112
[  454.195153][    T1] init: starting service 'vendor.audio-hal-aidl'...
[  454.725106][    T1] libprocessgroup: Created cgroup /sys/fs/cgroup/system/uid_1041/pid_1113
[  455.259966][    T1] init: ... started service 'vendor.audio-hal-aidl' has pid 1113
[  455.302762][    T1] init: starting service 'vendor.audio-effect-hal-aidl'...
[  455.678748][    T1] libprocessgroup: Created cgroup /sys/fs/cgroup/system/uid_1041/pid_1114
[  456.108957][    T1] init: ... started service 'vendor.audio-effect-hal-aidl' has pid 1114
[  456.180655][    T1] init: Service 'exec 25 (/system/bin/flags_health_check UPDATABLE_CRASHING)' (pid 1106) exited with status 0 waiting took 7.248000 seconds
[  456.194102][    T1] init: Sending SIGKILL to service 'exec 25 (/system/bin/flags_health_check UPDATABLE_CRASHING)' (pid 1106) process group...
[  456.267601][    T1] libprocessgroup: Removed cgroup /sys/fs/cgroup/system/uid_1000/pid_1106
[  456.334109][    T1] init: processing action (init.svc.media=*) from (/system/etc/init/mediaserver.rc:1)
[  456.347198][    T1] init: processing action (init.svc.media=*) from (/system/etc/init/mediaserver.rc:1)
[  456.359074][    T1] init: processing action (init.svc.audioserver=running) from (/system/etc/init/audioserver.rc:43)
[  456.369286][    T1] init: Command 'start vendor.audio-hal' action=init.svc.audioserver=running (/system/etc/init/audioserver.rc:44) took 2ms and failed: service vendor.audio-hal not found
[  456.380621][    T1] init: service 'vendor.audio-hal-aidl' requested start, but it is already running (flags: 4, pid: 1113, started 1721ms ago)
[  456.385868][    T1] init: service 'vendor.audio-effect-hal-aidl' requested start, but it is already running (flags: 4, pid: 1114, started 812ms ago)
[  456.398293][    T1] init: Command 'start vendor.audio-hal-4-0-msd' action=init.svc.audioserver=running (/system/etc/init/audioserver.rc:47) took 1ms and failed: service vendor.audio-hal-4-0-msd not found
[  456.408856][    T1] init: Command 'start audio_proxy_service' action=init.svc.audioserver=running (/system/etc/init/audioserver.rc:48) took 0ms and failed: service audio_proxy_service not found
[  456.421104][    T1] init: processing action (init.svc.media=*) from (/system/etc/init/mediaserver.rc:1)
[  461.530885][  T425] type=1325 audit(1791396112.848:458): table=filter family=2 entries=81 op=xt_replace subj=u:r:netd:s0 comm="iptables-restor"
[  461.552556][  T425] type=1300 audit(1791396112.848:458): arch=c00000b7 syscall=208 success=yes exit=0 a0=4 a1=0 a2=40 a3=b40000721fe13a20 items=0 ppid=1111 auid=4294967295 uid=0 gid=0 euid=0 suid=0 fsuid=0 egid=0 sgid=0 fsgid=0 tty=(none) ses=4294967295 comm="iptables-restor" exe="/system/bin/iptables" subj=u:r:netd:s0 key=(null)
[  461.568959][  T425] type=1327 audit(1791396112.848:458): proctitle=2F73797374656D2F62696E2F69707461626C65732D726573746F7265002D2D6E6F666C757368002D77002D76
[  461.574466][  T425] type=1320 audit(1791396112.848:458): 
[  461.741597][  T425] type=1325 audit(1791396113.076:459): table=filter family=10 entries=81 op=xt_replace subj=u:r:netd:s0 comm="ip6tables-resto"
[  461.940492][  T425] type=1300 audit(1791396113.076:459): arch=c00000b7 syscall=208 success=yes exit=0 a0=4 a1=29 a2=40 a3=b4000077cd619940 items=0 ppid=1111 auid=4294967295 uid=0 gid=0 euid=0 suid=0 fsuid=0 egid=0 sgid=0 fsgid=0 tty=(none) ses=4294967295 comm="ip6tables-resto" exe="/system/bin/iptables" subj=u:r:netd:s0 key=(null)
[  462.078152][  T425] type=1327 audit(1791396113.076:459): proctitle=2F73797374656D2F62696E2F6970367461626C65732D726573746F7265002D2D6E6F666C757368002D77002D76
[  462.139887][  T425] type=1320 audit(1791396113.076:459): 
[  462.231497][  T425] type=1325 audit(1791396113.520:460): table=filter family=2 entries=77 op=xt_replace subj=u:r:netd:s0 comm="iptables-restor"
[  462.359897][  T425] type=1300 audit(1791396113.520:460): arch=c00000b7 syscall=208 success=yes exit=0 a0=4 a1=0 a2=40 a3=b40000721fe13a20 items=0 ppid=1111 auid=4294967295 uid=0 gid=0 euid=0 suid=0 fsuid=0 egid=0 sgid=0 fsgid=0 tty=(none) ses=4294967295 comm="iptables-restor" exe="/system/bin/iptables" subj=u:r:netd:s0 key=(null)
[  462.388841][  T425] type=1327 audit(1791396113.520:460): proctitle=2F73797374656D2F62696E2F69707461626C65732D726573746F7265002D2D6E6F666C757368002D77002D76
[  462.392746][  T425] type=1320 audit(1791396113.520:460): 
[  462.394879][  T425] type=1325 audit(1791396113.724:461): table=filter family=10 entries=77 op=xt_replace subj=u:r:netd:s0 comm="ip6tables-resto"
[  462.397160][  T425] type=1300 audit(1791396113.724:461): arch=c00000b7 syscall=208 success=yes exit=0 a0=4 a1=29 a2=40 a3=b4000077cd619940 items=0 ppid=1111 auid=4294967295 uid=0 gid=0 euid=0 suid=0 fsuid=0 egid=0 sgid=0 fsgid=0 tty=(none) ses=4294967295 comm="ip6tables-resto" exe="/system/bin/iptables" subj=u:r:netd:s0 key=(null)
[  462.405529][  T425] type=1327 audit(1791396113.724:461): proctitle=2F73797374656D2F62696E2F6970367461626C65732D726573746F7265002D2D6E6F666C757368002D77002D76
[  462.417383][  T425] type=1320 audit(1791396113.724:461): 
[  462.419191][  T425] type=1325 audit(1791396113.812:462): table=raw family=2 entries=16 op=xt_replace subj=u:r:netd:s0 comm="iptables-restor"
[  462.423485][  T425] type=1300 audit(1791396113.812:462): arch=c00000b7 syscall=208 success=yes exit=0 a0=4 a1=0 a2=40 a3=b40000716fe060d0 items=0 ppid=1111 auid=4294967295 uid=0 gid=0 euid=0 suid=0 fsuid=0 egid=0 sgid=0 fsgid=0 tty=(none) ses=4294967295 comm="iptables-restor" exe="/system/bin/iptables" subj=u:r:netd:s0 key=(null)
[  462.435059][  T425] type=1327 audit(1791396113.812:462): proctitle=2F73797374656D2F62696E2F69707461626C65732D726573746F7265002D2D6E6F666C757368002D77002D76
[  462.440166][  T425] type=1320 audit(1791396113.812:462): 
[  462.442867][  T425] type=1325 audit(1791396113.832:463): table=raw family=10 entries=16 op=xt_replace subj=u:r:netd:s0 comm="ip6tables-resto"
[  462.450638][  T425] type=1300 audit(1791396113.832:463): arch=c00000b7 syscall=208 success=yes exit=0 a0=4 a1=29 a2=40 a3=b4000077bd60f4a0 items=0 ppid=1111 auid=4294967295 uid=0 gid=0 euid=0 suid=0 fsuid=0 egid=0 sgid=0 fsgid=0 tty=(none) ses=4294967295 comm="ip6tables-resto" exe="/system/bin/iptables" subj=u:r:netd:s0 key=(null)
[  462.465331][  T425] type=1327 audit(1791396113.832:463): proctitle=2F73797374656D2F62696E2F6970367461626C65732D726573746F7265002D2D6E6F666C757368002D77002D76
[  462.472665][  T425] type=1320 audit(1791396113.832:463): 
[  462.473914][  T425] type=1325 audit(1791396113.836:464): table=mangle family=2 entries=37 op=xt_replace subj=u:r:netd:s0 comm="iptables-restor"
[  462.477423][  T425] type=1300 audit(1791396113.836:464): arch=c00000b7 syscall=208 success=yes exit=0 a0=4 a1=0 a2=40 a3=b40000712fe04be0 items=0 ppid=1111 auid=4294967295 uid=0 gid=0 euid=0 suid=0 fsuid=0 egid=0 sgid=0 fsgid=0 tty=(none) ses=4294967295 comm="iptables-restor" exe="/system/bin/iptables" subj=u:r:netd:s0 key=(null)
[  462.493293][  T425] type=1327 audit(1791396113.836:464): proctitle=2F73797374656D2F62696E2F69707461626C65732D726573746F7265002D2D6E6F666C757368002D77002D76
[  462.501768][  T425] type=1320 audit(1791396113.836:464): 
[  462.509331][  T425] type=1325 audit(1791396113.836:465): table=mangle family=10 entries=36 op=xt_replace subj=u:r:netd:s0 comm="ip6tables-resto"
[  462.520473][  T425] type=1300 audit(1791396113.836:465): arch=c00000b7 syscall=208 success=yes exit=0 a0=4 a1=29 a2=40 a3=b40000771d60f8c0 items=0 ppid=1111 auid=4294967295 uid=0 gid=0 euid=0 suid=0 fsuid=0 egid=0 sgid=0 fsgid=0 tty=(none) ses=4294967295 comm="ip6tables-resto" exe="/system/bin/iptables" subj=u:r:netd:s0 key=(null)
[  462.552389][  T425] type=1327 audit(1791396113.836:465): proctitle=2F73797374656D2F62696E2F6970367461626C65732D726573746F7265002D2D6E6F666C757368002D77002D76
[  462.560110][  T425] type=1320 audit(1791396113.836:465): 
[  462.561687][  T425] type=1325 audit(1791396113.836:466): table=mangle family=2 entries=36 op=xt_replace subj=u:r:netd:s0 comm="iptables-restor"
[  462.565591][  T425] type=1300 audit(1791396113.836:466): arch=c00000b7 syscall=208 success=yes exit=0 a0=4 a1=0 a2=40 a3=b40000712fe04be0 items=0 ppid=1111 auid=4294967295 uid=0 gid=0 euid=0 suid=0 fsuid=0 egid=0 sgid=0 fsgid=0 tty=(none) ses=4294967295 comm="iptables-restor" exe="/system/bin/iptables" subj=u:r:netd:s0 key=(null)
[  462.579197][  T425] type=1327 audit(1791396113.836:466): proctitle=2F73797374656D2F62696E2F69707461626C65732D726573746F7265002D2D6E6F666C757368002D77002D76
[  462.585362][  T425] type=1320 audit(1791396113.836:466): 
[  462.590437][  T425] type=1325 audit(1791396113.848:467): table=mangle family=10 entries=36 op=xt_replace subj=u:r:netd:s0 comm="ip6tables-resto"
[  462.599467][  T425] type=1300 audit(1791396113.848:467): arch=c00000b7 syscall=208 success=yes exit=0 a0=4 a1=29 a2=40 a3=b4000077ad60e010 items=0 ppid=1111 auid=4294967295 uid=0 gid=0 euid=0 suid=0 fsuid=0 egid=0 sgid=0 fsgid=0 tty=(none) ses=4294967295 comm="ip6tables-resto" exe="/system/bin/iptables" subj=u:r:netd:s0 key=(null)
[  462.610106][  T425] type=1327 audit(1791396113.848:467): proctitle=2F73797374656D2F62696E2F6970367461626C65732D726573746F7265002D2D6E6F666C757368002D77002D76
[  462.613895][  T425] type=1320 audit(1791396113.848:467): 
[  462.615626][  T425] type=1325 audit(1791396113.848:468): table=mangle family=2 entries=35 op=xt_replace subj=u:r:netd:s0 comm="iptables-restor"
[  462.621802][  T425] type=1300 audit(1791396113.848:468): arch=c00000b7 syscall=208 success=yes exit=0 a0=4 a1=0 a2=40 a3=b40000712fe04be0 items=0 ppid=1111 auid=4294967295 uid=0 gid=0 euid=0 suid=0 fsuid=0 egid=0 sgid=0 fsgid=0 tty=(none) ses=4294967295 comm="iptables-restor" exe="/system/bin/iptables" subj=u:r:netd:s0 key=(null)
[  462.634174][  T425] type=1327 audit(1791396113.848:468): proctitle=2F73797374656D2F62696E2F69707461626C65732D726573746F7265002D2D6E6F666C757368002D77002D76
[  462.642175][  T425] type=1320 audit(1791396113.848:468): 
[  462.647508][  T425] type=1325 audit(1791396113.848:469): table=mangle family=10 entries=35 op=xt_replace subj=u:r:netd:s0 comm="ip6tables-resto"
[  462.659604][  T425] type=1300 audit(1791396113.848:469): arch=c00000b7 syscall=208 success=yes exit=0 a0=4 a1=29 a2=40 a3=b4000077ad612430 items=0 ppid=1111 auid=4294967295 uid=0 gid=0 euid=0 suid=0 fsuid=0 egid=0 sgid=0 fsgid=0 tty=(none) ses=4294967295 comm="ip6tables-resto" exe="/system/bin/iptables" subj=u:r:netd:s0 key=(null)
[  462.674659][  T425] type=1327 audit(1791396113.848:469): proctitle=2F73797374656D2F62696E2F6970367461626C65732D726573746F7265002D2D6E6F666C757368002D77002D76
[  462.684514][  T425] type=1320 audit(1791396113.848:469): 
[  462.685903][  T425] type=1325 audit(1791396113.852:470): table=nat family=2 entries=11 op=xt_replace subj=u:r:netd:s0 comm="iptables-restor"
[  462.697074][  T425] type=1300 audit(1791396113.852:470): arch=c00000b7 syscall=208 success=yes exit=0 a0=4 a1=0 a2=40 a3=b40000716fe06900 items=0 ppid=1111 auid=4294967295 uid=0 gid=0 euid=0 suid=0 fsuid=0 egid=0 sgid=0 fsgid=0 tty=(none) ses=4294967295 comm="iptables-restor" exe="/system/bin/iptables" subj=u:r:netd:s0 key=(null)
[  462.720599][  T425] type=1327 audit(1791396113.852:470): proctitle=2F73797374656D2F62696E2F69707461626C65732D726573746F7265002D2D6E6F666C757368002D77002D76
[  462.727531][  T425] type=1320 audit(1791396113.852:470): 
[  462.729810][  T425] type=1325 audit(1791396113.856:471): table=nat family=2 entries=11 op=xt_replace subj=u:r:netd:s0 comm="iptables-restor"
[  462.738596][  T425] type=1300 audit(1791396113.856:471): arch=c00000b7 syscall=208 success=yes exit=0 a0=4 a1=0 a2=40 a3=b40000716fe06900 items=0 ppid=1111 auid=4294967295 uid=0 gid=0 euid=0 suid=0 fsuid=0 egid=0 sgid=0 fsgid=0 tty=(none) ses=4294967295 comm="iptables-restor" exe="/system/bin/iptables" subj=u:r:netd:s0 key=(null)
[  462.767229][  T425] type=1327 audit(1791396113.856:471): proctitle=2F73797374656D2F62696E2F69707461626C65732D726573746F7265002D2D6E6F666C757368002D77002D76
[  462.775446][  T425] type=1320 audit(1791396113.856:471): 
[  462.778596][  T425] type=1325 audit(1791396113.880:472): table=filter family=2 entries=76 op=xt_replace subj=u:r:netd:s0 comm="iptables-restor"
[  462.789428][  T425] type=1300 audit(1791396113.880:472): arch=c00000b7 syscall=208 success=yes exit=0 a0=4 a1=0 a2=40 a3=b40000721fe13a20 items=0 ppid=1111 auid=4294967295 uid=0 gid=0 euid=0 suid=0 fsuid=0 egid=0 sgid=0 fsgid=0 tty=(none) ses=4294967295 comm="iptables-restor" exe="/system/bin/iptables" subj=u:r:netd:s0 key=(null)
[  462.804056][  T425] type=1327 audit(1791396113.880:472): proctitle=2F73797374656D2F62696E2F69707461626C65732D726573746F7265002D2D6E6F666C757368002D77002D76
[  462.811582][  T425] type=1320 audit(1791396113.880:472): 
[  462.814002][  T425] type=1325 audit(1791396113.888:473): table=filter family=10 entries=77 op=xt_replace subj=u:r:netd:s0 comm="ip6tables-resto"
[  462.821619][  T425] type=1300 audit(1791396113.888:473): arch=c00000b7 syscall=208 success=yes exit=0 a0=4 a1=29 a2=40 a3=b4000077cd619940 items=0 ppid=1111 auid=4294967295 uid=0 gid=0 euid=0 suid=0 fsuid=0 egid=0 sgid=0 fsgid=0 tty=(none) ses=4294967295 comm="ip6tables-resto" exe="/system/bin/iptables" subj=u:r:netd:s0 key=(null)
[  462.841619][  T425] type=1327 audit(1791396113.888:473): proctitle=2F73797374656D2F62696E2F6970367461626C65732D726573746F7265002D2D6E6F666C757368002D77002D76
[  462.853928][  T425] type=1320 audit(1791396113.888:473): 
[  462.856077][  T425] type=1325 audit(1791396113.892:474): table=mangle family=2 entries=34 op=xt_replace subj=u:r:netd:s0 comm="iptables-restor"
[  462.864096][  T425] type=1300 audit(1791396113.892:474): arch=c00000b7 syscall=208 success=yes exit=0 a0=4 a1=0 a2=40 a3=b40000712fe04be0 items=0 ppid=1111 auid=4294967295 uid=0 gid=0 euid=0 suid=0 fsuid=0 egid=0 sgid=0 fsgid=0 tty=(none) ses=4294967295 comm="iptables-restor" exe="/system/bin/iptables" subj=u:r:netd:s0 key=(null)
[  462.893423][  T425] type=1327 audit(1791396113.892:474): proctitle=2F73797374656D2F62696E2F69707461626C65732D726573746F7265002D2D6E6F666C757368002D77002D76
[  462.900665][  T425] type=1320 audit(1791396113.892:474): 
[  462.901950][  T425] type=1325 audit(1791396113.892:475): table=mangle family=10 entries=34 op=xt_replace subj=u:r:netd:s0 comm="ip6tables-resto"
[  462.908487][  T425] type=1300 audit(1791396113.892:475): arch=c00000b7 syscall=208 success=yes exit=0 a0=4 a1=29 a2=40 a3=b4000075ed60a7b0 items=0 ppid=1111 auid=4294967295 uid=0 gid=0 euid=0 suid=0 fsuid=0 egid=0 sgid=0 fsgid=0 tty=(none) ses=4294967295 comm="ip6tables-resto" exe="/system/bin/iptables" subj=u:r:netd:s0 key=(null)
[  462.937443][  T425] type=1327 audit(1791396113.892:475): proctitle=2F73797374656D2F62696E2F6970367461626C65732D726573746F7265002D2D6E6F666C757368002D77002D76
[  462.944394][  T425] type=1320 audit(1791396113.892:475): 
[  462.945293][  T425] type=1325 audit(1791396113.912:476): table=filter family=2 entries=75 op=xt_replace subj=u:r:netd:s0 comm="iptables-restor"
[  462.950483][  T425] type=1300 audit(1791396113.912:476): arch=c00000b7 syscall=208 success=yes exit=0 a0=4 a1=0 a2=40 a3=b40000721fe13a20 items=0 ppid=1111 auid=4294967295 uid=0 gid=0 euid=0 suid=0 fsuid=0 egid=0 sgid=0 fsgid=0 tty=(none) ses=4294967295 comm="iptables-restor" exe="/system/bin/iptables" subj=u:r:netd:s0 key=(null)
[  463.353710][  T425] type=1327 audit(1791396113.912:476): proctitle=2F73797374656D2F62696E2F69707461626C65732D726573746F7265002D2D6E6F666C757368002D77002D76
[  463.607341][  T425] type=1320 audit(1791396113.912:476): 
[  463.841990][  T425] type=1325 audit(1791396113.920:477): table=filter family=10 entries=75 op=xt_replace subj=u:r:netd:s0 comm="ip6tables-resto"
[  463.984764][  T425] type=1300 audit(1791396113.920:477): arch=c00000b7 syscall=208 success=yes exit=0 a0=4 a1=29 a2=40 a3=b4000077cd619940 items=0 ppid=1111 auid=4294967295 uid=0 gid=0 euid=0 suid=0 fsuid=0 egid=0 sgid=0 fsgid=0 tty=(none) ses=4294967295 comm="ip6tables-resto" exe="/system/bin/iptables" subj=u:r:netd:s0 key=(null)
[  464.044730][  T425] type=1327 audit(1791396113.920:477): proctitle=2F73797374656D2F62696E2F6970367461626C65732D726573746F7265002D2D6E6F666C757368002D77002D76
[  464.059806][  T425] type=1320 audit(1791396113.920:477): 
[  464.066713][  T425] type=1325 audit(1791396113.920:478): table=filter family=2 entries=75 op=xt_replace subj=u:r:netd:s0 comm="iptables-restor"
[  464.077523][  T425] type=1300 audit(1791396113.920:478): arch=c00000b7 syscall=208 success=yes exit=0 a0=4 a1=0 a2=40 a3=b40000721fe13a20 items=0 ppid=1111 auid=4294967295 uid=0 gid=0 euid=0 suid=0 fsuid=0 egid=0 sgid=0 fsgid=0 tty=(none) ses=4294967295 comm="iptables-restor" exe="/system/bin/iptables" subj=u:r:netd:s0 key=(null)
[  464.094861][  T425] type=1327 audit(1791396113.920:478): proctitle=2F73797374656D2F62696E2F69707461626C65732D726573746F7265002D2D6E6F666C757368002D77002D76
[  464.107841][  T425] type=1320 audit(1791396113.920:478): 
[  464.113226][  T425] type=1325 audit(1791396113.920:479): table=nat family=2 entries=11 op=xt_replace subj=u:r:netd:s0 comm="iptables-restor"
[  464.121404][  T425] type=1300 audit(1791396113.920:479): arch=c00000b7 syscall=208 success=yes exit=0 a0=4 a1=0 a2=40 a3=b40000716fe06900 items=0 ppid=1111 auid=4294967295 uid=0 gid=0 euid=0 suid=0 fsuid=0 egid=0 sgid=0 fsgid=0 tty=(none) ses=4294967295 comm="iptables-restor" exe="/system/bin/iptables" subj=u:r:netd:s0 key=(null)
[  464.137318][  T425] type=1327 audit(1791396113.920:479): proctitle=2F73797374656D2F62696E2F69707461626C65732D726573746F7265002D2D6E6F666C757368002D77002D76
[  464.145914][  T425] type=1320 audit(1791396113.920:479): 
[  464.148292][  T425] type=1325 audit(1791396113.924:480): table=filter family=10 entries=76 op=xt_replace subj=u:r:netd:s0 comm="ip6tables-resto"
[  464.158488][  T425] type=1300 audit(1791396113.924:480): arch=c00000b7 syscall=208 success=yes exit=0 a0=4 a1=29 a2=40 a3=b4000077cd619940 items=0 ppid=1111 auid=4294967295 uid=0 gid=0 euid=0 suid=0 fsuid=0 egid=0 sgid=0 fsgid=0 tty=(none) ses=4294967295 comm="ip6tables-resto" exe="/system/bin/iptables" subj=u:r:netd:s0 key=(null)
[  464.194688][  T425] type=1327 audit(1791396113.924:480): proctitle=2F73797374656D2F62696E2F6970367461626C65732D726573746F7265002D2D6E6F666C757368002D77002D76
[  464.208904][  T425] type=1320 audit(1791396113.924:480): 
[  464.213513][  T425] type=1325 audit(1791396113.924:481): table=raw family=10 entries=12 op=xt_replace subj=u:r:netd:s0 comm="ip6tables-resto"
[  464.220570][  T425] type=1300 audit(1791396113.924:481): arch=c00000b7 syscall=208 success=yes exit=0 a0=4 a1=29 a2=40 a3=b4000077bd612560 items=0 ppid=1111 auid=4294967295 uid=0 gid=0 euid=0 suid=0 fsuid=0 egid=0 sgid=0 fsgid=0 tty=(none) ses=4294967295 comm="ip6tables-resto" exe="/system/bin/iptables" subj=u:r:netd:s0 key=(null)
[  464.247933][  T425] type=1327 audit(1791396113.924:481): proctitle=2F73797374656D2F62696E2F6970367461626C65732D726573746F7265002D2D6E6F666C757368002D77002D76
[  464.254035][  T425] type=1320 audit(1791396113.924:481): 
[  464.259898][  T425] type=1325 audit(1791396113.936:482): table=mangle family=2 entries=30 op=xt_replace subj=u:r:netd:s0 comm="iptables-restor"
[  464.268828][  T425] type=1300 audit(1791396113.936:482): arch=c00000b7 syscall=208 success=yes exit=0 a0=4 a1=0 a2=40 a3=b40000712fe04be0 items=0 ppid=1111 auid=4294967295 uid=0 gid=0 euid=0 suid=0 fsuid=0 egid=0 sgid=0 fsgid=0 tty=(none) ses=4294967295 comm="iptables-restor" exe="/system/bin/iptables" subj=u:r:netd:s0 key=(null)
[  464.289193][  T425] type=1327 audit(1791396113.936:482): proctitle=2F73797374656D2F62696E2F69707461626C65732D726573746F7265002D2D6E6F666C757368002D77002D76
[  464.302676][  T425] type=1320 audit(1791396113.936:482): 
[  464.308500][  T425] type=1325 audit(1791396113.936:483): table=filter family=2 entries=76 op=xt_replace subj=u:r:netd:s0 comm="iptables-restor"
[  464.315680][  T425] type=1300 audit(1791396113.936:483): arch=c00000b7 syscall=208 success=yes exit=0 a0=4 a1=0 a2=40 a3=b40000721fe13a20 items=0 ppid=1111 auid=4294967295 uid=0 gid=0 euid=0 suid=0 fsuid=0 egid=0 sgid=0 fsgid=0 tty=(none) ses=4294967295 comm="iptables-restor" exe="/system/bin/iptables" subj=u:r:netd:s0 key=(null)
[  464.348111][  T425] type=1327 audit(1791396113.936:483): proctitle=2F73797374656D2F62696E2F69707461626C65732D726573746F7265002D2D6E6F666C757368002D77002D76
[  464.354863][  T425] type=1320 audit(1791396113.936:483): 
[  464.357517][  T425] type=1325 audit(1791396113.952:484): table=filter family=10 entries=76 op=xt_replace subj=u:r:netd:s0 comm="ip6tables-resto"
[  464.368616][  T425] type=1300 audit(1791396113.952:484): arch=c00000b7 syscall=208 success=yes exit=0 a0=4 a1=29 a2=40 a3=b4000077cd619940 items=0 ppid=1111 auid=4294967295 uid=0 gid=0 euid=0 suid=0 fsuid=0 egid=0 sgid=0 fsgid=0 tty=(none) ses=4294967295 comm="ip6tables-resto" exe="/system/bin/iptables" subj=u:r:netd:s0 key=(null)
[  464.397816][  T425] type=1327 audit(1791396113.952:484): proctitle=2F73797374656D2F62696E2F6970367461626C65732D726573746F7265002D2D6E6F666C757368002D77002D76
[  464.409888][  T425] type=1320 audit(1791396113.952:484): 
[  464.421096][  T425] type=1325 audit(1791396113.976:485): table=filter family=2 entries=76 op=xt_replace subj=u:r:netd:s0 comm="iptables-restor"
[  464.432554][  T425] type=1300 audit(1791396113.976:485): arch=c00000b7 syscall=208 success=yes exit=0 a0=4 a1=0 a2=40 a3=b40000729fe13820 items=0 ppid=1111 auid=4294967295 uid=0 gid=0 euid=0 suid=0 fsuid=0 egid=0 sgid=0 fsgid=0 tty=(none) ses=4294967295 comm="iptables-restor" exe="/system/bin/iptables" subj=u:r:netd:s0 key=(null)
[  464.458021][  T425] type=1327 audit(1791396113.976:485): proctitle=2F73797374656D2F62696E2F69707461626C65732D726573746F7265002D2D6E6F666C757368002D77002D76
[  464.475099][  T425] type=1320 audit(1791396113.976:485): 
[  464.478098][  T425] type=1325 audit(1791396113.976:486): table=raw family=2 entries=12 op=xt_replace subj=u:r:netd:s0 comm="iptables-restor"
[  464.484816][  T425] type=1300 audit(1791396113.976:486): arch=c00000b7 syscall=208 success=yes exit=0 a0=4 a1=0 a2=40 a3=b40000716fe06900 items=0 ppid=1111 auid=4294967295 uid=0 gid=0 euid=0 suid=0 fsuid=0 egid=0 sgid=0 fsgid=0 tty=(none) ses=4294967295 comm="iptables-restor" exe="/system/bin/iptables" subj=u:r:netd:s0 key=(null)
[  464.509620][  T425] type=1327 audit(1791396113.976:486): proctitle=2F73797374656D2F62696E2F69707461626C65732D726573746F7265002D2D6E6F666C757368002D77002D76
[  464.525774][  T425] type=1320 audit(1791396113.976:486): 
[  464.535331][  T425] type=1325 audit(1791396113.976:487): table=mangle family=2 entries=31 op=xt_replace subj=u:r:netd:s0 comm="iptables-restor"
[  464.540960][  T425] type=1300 audit(1791396113.976:487): arch=c00000b7 syscall=208 success=yes exit=0 a0=4 a1=0 a2=40 a3=b40000712fe04be0 items=0 ppid=1111 auid=4294967295 uid=0 gid=0 euid=0 suid=0 fsuid=0 egid=0 sgid=0 fsgid=0 tty=(none) ses=4294967295 comm="iptables-restor" exe="/system/bin/iptables" subj=u:r:netd:s0 key=(null)
[  464.578086][  T425] type=1327 audit(1791396113.976:487): proctitle=2F73797374656D2F62696E2F69707461626C65732D726573746F7265002D2D6E6F666C757368002D77002D76
[  464.589611][  T425] type=1320 audit(1791396113.976:487): 
[  464.601305][  T425] type=1325 audit(1791396113.976:488): table=filter family=10 entries=76 op=xt_replace subj=u:r:netd:s0 comm="ip6tables-resto"
[  464.609443][  T425] type=1300 audit(1791396113.976:488): arch=c00000b7 syscall=208 success=yes exit=0 a0=4 a1=29 a2=40 a3=b40000777d618430 items=0 ppid=1111 auid=4294967295 uid=0 gid=0 euid=0 suid=0 fsuid=0 egid=0 sgid=0 fsgid=0 tty=(none) ses=4294967295 comm="ip6tables-resto" exe="/system/bin/iptables" subj=u:r:netd:s0 key=(null)
[  464.629693][  T425] type=1327 audit(1791396113.976:488): proctitle=2F73797374656D2F62696E2F6970367461626C65732D726573746F7265002D2D6E6F666C757368002D77002D76
[  464.649402][  T425] type=1320 audit(1791396113.976:488): 
[  464.655033][  T425] type=1325 audit(1791396113.976:489): table=raw family=10 entries=12 op=xt_replace subj=u:r:netd:s0 comm="ip6tables-resto"
[  464.668281][  T425] type=1300 audit(1791396113.976:489): arch=c00000b7 syscall=208 success=yes exit=0 a0=4 a1=29 a2=40 a3=b4000077bd612560 items=0 ppid=1111 auid=4294967295 uid=0 gid=0 euid=0 suid=0 fsuid=0 egid=0 sgid=0 fsgid=0 tty=(none) ses=4294967295 comm="ip6tables-resto" exe="/system/bin/iptables" subj=u:r:netd:s0 key=(null)
[  464.695468][  T425] type=1327 audit(1791396113.976:489): proctitle=2F73797374656D2F62696E2F6970367461626C65732D726573746F7265002D2D6E6F666C757368002D77002D76
[  464.706999][  T425] type=1320 audit(1791396113.976:489): 
[  464.711676][  T425] type=1325 audit(1791396113.976:490): table=mangle family=10 entries=30 op=xt_replace subj=u:r:netd:s0 comm="ip6tables-resto"
[  464.720589][  T425] type=1300 audit(1791396113.976:490): arch=c00000b7 syscall=208 success=yes exit=0 a0=4 a1=29 a2=40 a3=b4000075ed607010 items=0 ppid=1111 auid=4294967295 uid=0 gid=0 euid=0 suid=0 fsuid=0 egid=0 sgid=0 fsgid=0 tty=(none) ses=4294967295 comm="ip6tables-resto" exe="/system/bin/iptables" subj=u:r:netd:s0 key=(null)
[  464.762655][  T425] type=1327 audit(1791396113.976:490): proctitle=2F73797374656D2F62696E2F6970367461626C65732D726573746F7265002D2D6E6F666C757368002D77002D76
[  464.782605][  T425] type=1320 audit(1791396113.976:490): 
[  464.785603][  T425] type=1325 audit(1791396113.980:491): table=filter family=2 entries=70 op=xt_replace subj=u:r:netd:s0 comm="iptables-restor"
[  464.817710][  T425] type=1300 audit(1791396113.980:491): arch=c00000b7 syscall=208 success=yes exit=0 a0=4 a1=0 a2=40 a3=b4000071bfe0f8c0 items=0 ppid=1111 auid=4294967295 uid=0 gid=0 euid=0 suid=0 fsuid=0 egid=0 sgid=0 fsgid=0 tty=(none) ses=4294967295 comm="iptables-restor" exe="/system/bin/iptables" subj=u:r:netd:s0 key=(null)
[  464.867717][  T425] type=1327 audit(1791396113.980:491): proctitle=2F73797374656D2F62696E2F69707461626C65732D726573746F7265002D2D6E6F666C757368002D77002D76
[  464.893583][  T425] type=1320 audit(1791396113.980:491): 
[  464.932760][  T411] servicemanager: Caller(pid=1111,uid=0,sid=u:r:netd:s0) Found android.system.net.netd.INetd/default in framework VINTF manifest.
[  464.945585][  T425] type=1325 audit(1791396113.980:492): table=filter family=10 entries=70 op=xt_replace subj=u:r:netd:s0 comm="ip6tables-resto"
[  465.586173][  T425] type=1300 audit(1791396113.980:492): arch=c00000b7 syscall=208 success=yes exit=0 a0=4 a1=29 a2=40 a3=b40000779d60b7a0 items=0 ppid=1111 auid=4294967295 uid=0 gid=0 euid=0 suid=0 fsuid=0 egid=0 sgid=0 fsgid=0 tty=(none) ses=4294967295 comm="ip6tables-resto" exe="/system/bin/iptables" subj=u:r:netd:s0 key=(null)
[  465.648558][  T425] type=1327 audit(1791396113.980:492): proctitle=2F73797374656D2F62696E2F6970367461626C65732D726573746F7265002D2D6E6F666C757368002D77002D76
[  465.656556][  T425] type=1320 audit(1791396113.980:492): 
[  465.660460][  T425] type=1325 audit(1791396114.000:493): table=filter family=2 entries=58 op=xt_replace subj=u:r:netd:s0 comm="iptables-restor"
[  465.674915][  T425] type=1300 audit(1791396114.000:493): arch=c00000b7 syscall=208 success=yes exit=0 a0=4 a1=0 a2=40 a3=b40000729fe13820 items=0 ppid=1111 auid=4294967295 uid=0 gid=0 euid=0 suid=0 fsuid=0 egid=0 sgid=0 fsgid=0 tty=(none) ses=4294967295 comm="iptables-restor" exe="/system/bin/iptables" subj=u:r:netd:s0 key=(null)
[  465.689500][  T425] type=1327 audit(1791396114.000:493): proctitle=2F73797374656D2F62696E2F69707461626C65732D726573746F7265002D2D6E6F666C757368002D77002D76
[  465.701254][  T425] type=1320 audit(1791396114.000:493): 
[  465.706582][  T425] type=1325 audit(1791396114.012:494): table=filter family=10 entries=58 op=xt_replace subj=u:r:netd:s0 comm="ip6tables-resto"
[  465.717803][  T425] type=1300 audit(1791396114.012:494): arch=c00000b7 syscall=208 success=yes exit=0 a0=4 a1=29 a2=40 a3=b40000777d618430 items=0 ppid=1111 auid=4294967295 uid=0 gid=0 euid=0 suid=0 fsuid=0 egid=0 sgid=0 fsgid=0 tty=(none) ses=4294967295 comm="ip6tables-resto" exe="/system/bin/iptables" subj=u:r:netd:s0 key=(null)
[  465.742555][  T425] type=1327 audit(1791396114.012:494): proctitle=2F73797374656D2F62696E2F6970367461626C65732D726573746F7265002D2D6E6F666C757368002D77002D76
[  465.756486][  T425] type=1320 audit(1791396114.012:494): 
[  465.765545][  T425] type=1325 audit(1791396114.024:495): table=mangle family=2 entries=31 op=xt_replace subj=u:r:netd:s0 comm="iptables-restor"
[  465.782473][  T425] type=1300 audit(1791396114.024:495): arch=c00000b7 syscall=208 success=yes exit=0 a0=4 a1=0 a2=40 a3=b40000712fe04be0 items=0 ppid=1111 auid=4294967295 uid=0 gid=0 euid=0 suid=0 fsuid=0 egid=0 sgid=0 fsgid=0 tty=(none) ses=4294967295 comm="iptables-restor" exe="/system/bin/iptables" subj=u:r:netd:s0 key=(null)
[  465.800743][  T425] type=1327 audit(1791396114.024:495): proctitle=2F73797374656D2F62696E2F69707461626C65732D726573746F7265002D2D6E6F666C757368002D77002D76
[  465.809303][  T425] type=1320 audit(1791396114.024:495): 
[  465.812504][  T425] type=1325 audit(1791396114.024:496): table=mangle family=10 entries=30 op=xt_replace subj=u:r:netd:s0 comm="ip6tables-resto"
[  465.825684][  T425] type=1300 audit(1791396114.024:496): arch=c00000b7 syscall=208 success=yes exit=0 a0=4 a1=29 a2=40 a3=b4000075ed607010 items=0 ppid=1111 auid=4294967295 uid=0 gid=0 euid=0 suid=0 fsuid=0 egid=0 sgid=0 fsgid=0 tty=(none) ses=4294967295 comm="ip6tables-resto" exe="/system/bin/iptables" subj=u:r:netd:s0 key=(null)
[  465.843496][  T425] type=1327 audit(1791396114.024:496): proctitle=2F73797374656D2F62696E2F6970367461626C65732D726573746F7265002D2D6E6F666C757368002D77002D76
[  465.857441][  T425] type=1320 audit(1791396114.024:496): 
[  465.861505][  T425] type=1325 audit(1791396114.024:497): table=filter family=2 entries=70 op=xt_replace subj=u:r:netd:s0 comm="iptables-restor"
[  465.873324][  T425] type=1300 audit(1791396114.024:497): arch=c00000b7 syscall=208 success=yes exit=0 a0=4 a1=0 a2=40 a3=b40000729fe0f010 items=0 ppid=1111 auid=4294967295 uid=0 gid=0 euid=0 suid=0 fsuid=0 egid=0 sgid=0 fsgid=0 tty=(none) ses=4294967295 comm="iptables-restor" exe="/system/bin/iptables" subj=u:r:netd:s0 key=(null)
[  465.888389][  T425] type=1327 audit(1791396114.024:497): proctitle=2F73797374656D2F62696E2F69707461626C65732D726573746F7265002D2D6E6F666C757368002D77002D76
[  465.897691][  T425] type=1320 audit(1791396114.024:497): 
[  465.900074][  T425] type=1325 audit(1791396114.028:498): table=raw family=2 entries=12 op=xt_replace subj=u:r:netd:s0 comm="iptables-restor"
[  465.909373][  T425] type=1300 audit(1791396114.028:498): arch=c00000b7 syscall=208 success=yes exit=0 a0=4 a1=0 a2=40 a3=b40000716fe06900 items=0 ppid=1111 auid=4294967295 uid=0 gid=0 euid=0 suid=0 fsuid=0 egid=0 sgid=0 fsgid=0 tty=(none) ses=4294967295 comm="iptables-restor" exe="/system/bin/iptables" subj=u:r:netd:s0 key=(null)
[  465.921327][  T425] type=1327 audit(1791396114.028:498): proctitle=2F73797374656D2F62696E2F69707461626C65732D726573746F7265002D2D6E6F666C757368002D77002D76
[  465.929531][  T425] type=1320 audit(1791396114.028:498): 
[  465.931340][  T425] type=1325 audit(1791396114.028:499): table=mangle family=2 entries=33 op=xt_replace subj=u:r:netd:s0 comm="iptables-restor"
[  465.939602][  T425] type=1300 audit(1791396114.028:499): arch=c00000b7 syscall=208 success=yes exit=0 a0=4 a1=0 a2=40 a3=b40000712fe04be0 items=0 ppid=1111 auid=4294967295 uid=0 gid=0 euid=0 suid=0 fsuid=0 egid=0 sgid=0 fsgid=0 tty=(none) ses=4294967295 comm="iptables-restor" exe="/system/bin/iptables" subj=u:r:netd:s0 key=(null)
[  465.953657][  T425] type=1327 audit(1791396114.028:499): proctitle=2F73797374656D2F62696E2F69707461626C65732D726573746F7265002D2D6E6F666C757368002D77002D76
[  465.958708][  T425] type=1320 audit(1791396114.028:499): 
[  465.961315][  T425] type=1325 audit(1791396114.028:500): table=filter family=10 entries=70 op=xt_replace subj=u:r:netd:s0 comm="ip6tables-resto"
[  465.969461][  T425] type=1300 audit(1791396114.028:500): arch=c00000b7 syscall=208 success=yes exit=0 a0=4 a1=29 a2=40 a3=b40000777d612a20 items=0 ppid=1111 auid=4294967295 uid=0 gid=0 euid=0 suid=0 fsuid=0 egid=0 sgid=0 fsgid=0 tty=(none) ses=4294967295 comm="ip6tables-resto" exe="/system/bin/iptables" subj=u:r:netd:s0 key=(null)
[  465.982980][  T425] type=1327 audit(1791396114.028:500): proctitle=2F73797374656D2F62696E2F6970367461626C65732D726573746F7265002D2D6E6F666C757368002D77002D76
[  465.997316][  T425] type=1320 audit(1791396114.028:500): 
[  465.999236][  T425] type=1325 audit(1791396114.028:501): table=raw family=10 entries=12 op=xt_replace subj=u:r:netd:s0 comm="ip6tables-resto"
[  466.003386][  T425] type=1300 audit(1791396114.028:501): arch=c00000b7 syscall=208 success=yes exit=0 a0=4 a1=29 a2=40 a3=b4000077bd612560 items=0 ppid=1111 auid=4294967295 uid=0 gid=0 euid=0 suid=0 fsuid=0 egid=0 sgid=0 fsgid=0 tty=(none) ses=4294967295 comm="ip6tables-resto" exe="/system/bin/iptables" subj=u:r:netd:s0 key=(null)
[  466.015474][  T425] type=1327 audit(1791396114.028:501): proctitle=2F73797374656D2F62696E2F6970367461626C65732D726573746F7265002D2D6E6F666C757368002D77002D76
[  466.026965][  T425] type=1320 audit(1791396114.028:501): 
[  466.029449][  T425] type=1325 audit(1791396114.028:502): table=mangle family=10 entries=32 op=xt_replace subj=u:r:netd:s0 comm="ip6tables-resto"
[  466.041325][  T425] type=1300 audit(1791396114.028:502): arch=c00000b7 syscall=208 success=yes exit=0 a0=4 a1=29 a2=40 a3=b4000075ed607010 items=0 ppid=1111 auid=4294967295 uid=0 gid=0 euid=0 suid=0 fsuid=0 egid=0 sgid=0 fsgid=0 tty=(none) ses=4294967295 comm="ip6tables-resto" exe="/system/bin/iptables" subj=u:r:netd:s0 key=(null)
[  466.061403][  T425] type=1327 audit(1791396114.028:502): proctitle=2F73797374656D2F62696E2F6970367461626C65732D726573746F7265002D2D6E6F666C757368002D77002D76
[  466.067544][  T425] type=1320 audit(1791396114.028:502): 
[  466.071862][  T425] type=1325 audit(1791396114.036:503): table=filter family=2 entries=70 op=xt_replace subj=u:r:netd:s0 comm="iptables-restor"
[  466.077772][  T425] type=1300 audit(1791396114.036:503): arch=c00000b7 syscall=208 success=yes exit=0 a0=4 a1=0 a2=40 a3=b40000721fe1ee40 items=0 ppid=1111 auid=4294967295 uid=0 gid=0 euid=0 suid=0 fsuid=0 egid=0 sgid=0 fsgid=0 tty=(none) ses=4294967295 comm="iptables-restor" exe="/system/bin/iptables" subj=u:r:netd:s0 key=(null)
[  466.093385][  T425] type=1327 audit(1791396114.036:503): proctitle=2F73797374656D2F62696E2F69707461626C65732D726573746F7265002D2D6E6F666C757368002D77002D76
[  466.100381][  T425] type=1320 audit(1791396114.036:503): 
[  466.109381][  T425] type=1325 audit(1791396114.036:504): table=raw family=2 entries=12 op=xt_replace subj=u:r:netd:s0 comm="iptables-restor"
[  466.117199][  T425] type=1300 audit(1791396114.036:504): arch=c00000b7 syscall=208 success=yes exit=0 a0=4 a1=0 a2=40 a3=b40000732fe05030 items=0 ppid=1111 auid=4294967295 uid=0 gid=0 euid=0 suid=0 fsuid=0 egid=0 sgid=0 fsgid=0 tty=(none) ses=4294967295 comm="iptables-restor" exe="/system/bin/iptables" subj=u:r:netd:s0 key=(null)
[  466.134423][  T425] type=1327 audit(1791396114.036:504): proctitle=2F73797374656D2F62696E2F69707461626C65732D726573746F7265002D2D6E6F666C757368002D77002D76
[  466.141657][  T425] type=1320 audit(1791396114.036:504): 
[  466.144959][  T425] type=1325 audit(1791396114.036:505): table=mangle family=2 entries=33 op=xt_replace subj=u:r:netd:s0 comm="iptables-restor"
[  466.152346][  T425] type=1300 audit(1791396114.036:505): arch=c00000b7 syscall=208 success=yes exit=0 a0=4 a1=0 a2=40 a3=b40000712fe04be0 items=0 ppid=1111 auid=4294967295 uid=0 gid=0 euid=0 suid=0 fsuid=0 egid=0 sgid=0 fsgid=0 tty=(none) ses=4294967295 comm="iptables-restor" exe="/system/bin/iptables" subj=u:r:netd:s0 key=(null)
[  466.173474][  T425] type=1327 audit(1791396114.036:505): proctitle=2F73797374656D2F62696E2F69707461626C65732D726573746F7265002D2D6E6F666C757368002D77002D76
[  466.179001][  T425] type=1320 audit(1791396114.036:505): 
[  466.181164][  T425] type=1325 audit(1791396114.036:506): table=filter family=10 entries=70 op=xt_replace subj=u:r:netd:s0 comm="ip6tables-resto"
[  466.193620][  T425] type=1300 audit(1791396114.036:506): arch=c00000b7 syscall=208 success=yes exit=0 a0=4 a1=29 a2=40 a3=b4000077cd604010 items=0 ppid=1111 auid=4294967295 uid=0 gid=0 euid=0 suid=0 fsuid=0 egid=0 sgid=0 fsgid=0 tty=(none) ses=4294967295 comm="ip6tables-resto" exe="/system/bin/iptables" subj=u:r:netd:s0 key=(null)
[  466.209267][  T425] type=1327 audit(1791396114.036:506): proctitle=2F73797374656D2F62696E2F6970367461626C65732D726573746F7265002D2D6E6F666C757368002D77002D76
[  466.217286][  T425] type=1320 audit(1791396114.036:506): 
[  466.229379][  T425] type=1325 audit(1791396114.036:507): table=raw family=10 entries=12 op=xt_replace subj=u:r:netd:s0 comm="ip6tables-resto"
[  466.237574][  T425] type=1300 audit(1791396114.036:507): arch=c00000b7 syscall=208 success=yes exit=0 a0=4 a1=29 a2=40 a3=b4000076dd60a220 items=0 ppid=1111 auid=4294967295 uid=0 gid=0 euid=0 suid=0 fsuid=0 egid=0 sgid=0 fsgid=0 tty=(none) ses=4294967295 comm="ip6tables-resto" exe="/system/bin/iptables" subj=u:r:netd:s0 key=(null)
[  466.269443][  T425] type=1327 audit(1791396114.036:507): proctitle=2F73797374656D2F62696E2F6970367461626C65732D726573746F7265002D2D6E6F666C757368002D77002D76
[  466.277250][  T425] type=1320 audit(1791396114.036:507): 
[  466.279365][  T425] type=1325 audit(1791396114.036:508): table=mangle family=10 entries=32 op=xt_replace subj=u:r:netd:s0 comm="ip6tables-resto"
[  466.289368][  T425] type=1300 audit(1791396114.036:508): arch=c00000b7 syscall=208 success=yes exit=0 a0=4 a1=29 a2=40 a3=b40000771d609da0 items=0 ppid=1111 auid=4294967295 uid=0 gid=0 euid=0 suid=0 fsuid=0 egid=0 sgid=0 fsgid=0 tty=(none) ses=4294967295 comm="ip6tables-resto" exe="/system/bin/iptables" subj=u:r:netd:s0 key=(null)
[  466.309900][  T425] type=1327 audit(1791396114.036:508): proctitle=2F73797374656D2F62696E2F6970367461626C65732D726573746F7265002D2D6E6F666C757368002D77002D76
[  466.318483][  T425] type=1320 audit(1791396114.036:508): 
[  478.458894][  T421] logd: logdr: UID=2000 GID=2000 PID=1131 n tail=128 logMask=4 pid=0 start=0ns deadline=0ns
[  478.614568][  T411] servicemanager: Caller(pid=1113,uid=1041,sid=u:r:hal_audio_default:s0) Found android.hardware.audio.core.IConfig/default in device VINTF manifest.
[  478.681978][  T411] servicemanager: Caller(pid=1113,uid=1041,sid=u:r:hal_audio_default:s0) Found android.hardware.audio.core.IModule/default in device VINTF manifest.
[  479.743059][  T411] servicemanager: Caller(pid=1113,uid=1041,sid=u:r:hal_audio_default:s0) Found android.hardware.audio.core.IModule/r_submix in device VINTF manifest.
[  481.011032][  T411] servicemanager: Caller(pid=1113,uid=1041,sid=u:r:hal_audio_default:s0) Found android.hardware.bluetooth.audio.IBluetoothAudioProviderFactory/default in device VINTF manifest.
[  481.953280][  T411] servicemanager: Caller(pid=1113,uid=1041,sid=u:r:hal_audio_default:s0) Found android.hardware.audio.core.IModule/bluetooth in device VINTF manifest.
[  483.515929][  T411] servicemanager: Caller(pid=1114,uid=1041,sid=u:r:hal_audio_default:s0) Found android.hardware.audio.effect.IFactory/default in device VINTF manifest.
[  484.392772][  T421] logd: logdr: UID=2000 GID=2000 PID=1134 n tail=128 logMask=19 pid=0 start=0ns deadline=0ns
[  492.342115][  T989] rust_binder: Failed to allocate buffer. len:15768, is_oneway:false
[  492.372674][  T989] rust_binder: Failure in copy_transaction_data: BR_DEAD_REPLY
[  492.393728][  T989] rust_binder: Failure BR_DEAD_REPLY during reply - delivering BR_FAILED_REPLY to sender.
[  493.674884][  T411] servicemanager: Caller(pid=1108,uid=1041,sid=u:r:audioserver:s0) Found android.hardware.audio.core.IModule/default in device VINTF manifest.
[  493.710463][  T411] servicemanager: Caller(pid=1108,uid=1041,sid=u:r:audioserver:s0) Found android.hardware.audio.effect.IFactory/default in device VINTF manifest.
[  494.052958][  T411] servicemanager: Caller(pid=1108,uid=1041,sid=u:r:audioserver:s0) Found android.hardware.audio.effect.IFactory/default in device VINTF manifest.
[  494.073148][  T411] servicemanager: Caller(pid=1108,uid=1041,sid=u:r:audioserver:s0) Found android.hardware.audio.core.IModule/default in device VINTF manifest.
[  495.211494][  T421] logd: logdr: UID=1000 GID=1003 PID=1147 n tail=500 logMask=8 pid=1112 start=0ns deadline=0ns
[  495.250857][  T421] logd: logdr: UID=1000 GID=1003 PID=1147 n tail=500 logMask=1 pid=1112 start=0ns deadline=0ns
[  495.517607][  T411] servicemanager: Notifying media.codeclist.generator they don't (previously: do) have clients when we now have no record of a client
[  495.707513][  T411] servicemanager: Caller(pid=976,uid=1013,sid=u:r:mediacodeclist_generator:s0) Unregistering media.codeclist.generator
[  495.720463][  T411] libbinder.BpBinder: onLastStrongRef automatically unlinking death recipients for binder (0xb40000704e415d80) with descriptor: '(not cached)'
[  496.490927][    T1] init: Untracked process (pid: 1147 name: (crash_dump64) ppid: 1 pgrp: 1145 state: Z) exited with status 0
[  496.553745][    T1] init: Untracked process (pid: 1147 name: (crash_dump64) ppid: 1 pgrp: 1145 state: Z) did not have an associated service entry and will not be reaped
[  496.825415][    T1] init: Untracked process (pid: 1149 name: (surfaceflinger) ppid: 1 pgrp: 1149 state: Z) exited with status 0
[  496.837961][    T1] init: Untracked process (pid: 1149 name: (surfaceflinger) ppid: 1 pgrp: 1149 state: Z) did not have an associated service entry and will not be reaped
[  497.146360][  T425] type=1701 audit(1791396147.796:509): auid=4294967295 uid=1000 gid=1003 ses=4294967295 subj=u:r:surfaceflinger:s0 comm="surfaceflinger" exe="/system/bin/surfaceflinger" sig=6 res=1
[  499.312979][    T1] init: Service 'surfaceflinger' (pid 1112) received SIGABRT
[  499.375003][    T1] init: Sending SIGKILL to service 'surfaceflinger' (pid 1112) process group...
[  499.590707][    T1] libprocessgroup: Removed cgroup /sys/fs/cgroup/system/uid_1000/pid_1112
[  499.616535][    T1] init: process with updatable components 'surfaceflinger' exited 4 times before boot completed
[  499.770316][    T1] init: Sending SIGKILL to service 'zygote' (pid 1107) process group...
[  500.532531][    T1] libprocessgroup: Removed cgroup /sys/fs/cgroup/system/uid_0/pid_1107
[  500.548619][    T1] init: Command 'restart --only-if-running zygote' action=onrestart (<Service 'surfaceflinger' onrestart>:1) took 790ms and succeeded
[  500.633304][    T1] init: Service 'media.codeclist.generator' (pid 976) exited with status 0 oneshot service took 104.008003 seconds in background
[  500.645974][    T1] init: Sending SIGKILL to service 'media.codeclist.generator' (pid 976) process group...
[  500.687208][    T1] libprocessgroup: Removed cgroup /sys/fs/cgroup/system/uid_1013/pid_976
[  500.724587][    T1] init: Service 'zygote' (pid 1107) received SIGKILL
[  500.730258][    T1] init: Sending SIGKILL to service 'zygote' (pid 1107) process group...
[  500.737712][    T1] libprocessgroup: Failed to write 1 to /sys/fs/cgroup/system/uid_0/pid_1107/cgroup.kill: No such file or directory
[  500.786285][    T1] libprocessgroup: Removing /sys/fs/cgroup/system/uid_9999/pid_648
[  500.792868][    T1] libprocessgroup: Removing /sys/fs/cgroup/system/uid_9999/pid_449
[  500.798659][    T1] libprocessgroup: Removing /sys/fs/cgroup/system/uid_9999/pid_656
[  500.806565][    T1] libprocessgroup: Removing /sys/fs/cgroup/system/uid_9999/pid_684
[  500.816622][    T1] libprocessgroup: Removing /sys/fs/cgroup/system/uid_9999/pid_664
[  500.822943][    T1] libprocessgroup: Removing /sys/fs/cgroup/system/uid_9999/pid_749
[  500.826970][    T1] libprocessgroup: Removing /sys/fs/cgroup/system/uid_9999/pid_654
[  500.836276][    T1] libprocessgroup: Removing /sys/fs/cgroup/system/uid_9999/pid_639
[  500.845817][    T1] libprocessgroup: Removing /sys/fs/cgroup/system/uid_9999/pid_751
[  500.861897][    T1] libprocessgroup: Removing /sys/fs/cgroup/system/uid_9999/pid_657
[  500.865687][    T1] libprocessgroup: Removing /sys/fs/cgroup/system/uid_9999/pid_683
[  500.873785][    T1] libprocessgroup: Removing /sys/fs/cgroup/system/uid_9999/pid_653
[  500.883320][    T1] libprocessgroup: Removing /sys/fs/cgroup/system/uid_9999/pid_643
[  500.892925][    T1] libprocessgroup: Removing /sys/fs/cgroup/system/uid_9999/pid_651
[  500.902822][    T1] libprocessgroup: Removing /sys/fs/cgroup/system/uid_9999/pid_641
[  500.909808][    T1] libprocessgroup: Removing /sys/fs/cgroup/system/uid_1001/pid_811
[  500.918847][    T1] libprocessgroup: Removing /sys/fs/cgroup/system/uid_1058/pid_478
[  500.928578][    T1] libprocessgroup: Removing /sys/fs/cgroup/system/uid_1076/pid_691
[  500.935673][    T1] libprocessgroup: Removing /sys/fs/cgroup/system/uid_1066/pid_606
[  500.946794][    T1] libprocessgroup: Removing /sys/fs/cgroup/system/uid_1084/pid_658
[  500.954045][    T1] libprocessgroup: Removing /sys/fs/cgroup/system/uid_1046/pid_810
[  500.965536][    T1] libprocessgroup: Removing /sys/fs/cgroup/system/uid_1036/pid_409
[  500.974646][    T1] libprocessgroup: Removing /sys/fs/cgroup/system/uid_1036/pid_798
[  500.986809][    T1] libprocessgroup: Removing /sys/fs/cgroup/system/uid_1064/pid_686
[  500.994916][    T1] libprocessgroup: Removing /sys/fs/cgroup/system/uid_1064/pid_622
[  501.006648][    T1] libprocessgroup: Removing /sys/fs/cgroup/system/uid_1092/pid_400
[  501.017943][    T1] libprocessgroup: Removing /sys/fs/cgroup/system/uid_1072/pid_697
[  501.027915][    T1] libprocessgroup: Removing /sys/fs/cgroup/system/uid_1080/pid_617
[  501.036837][    T1] libprocessgroup: Removing /sys/fs/cgroup/system/uid_1080/pid_633
[  501.048910][    T1] libprocessgroup: Removing /sys/fs/cgroup/system/uid_1040/pid_793
[  501.054566][    T1] libprocessgroup: Removing /sys/fs/cgroup/system/uid_1069/pid_410
[  501.063925][    T1] libprocessgroup: Removing /sys/fs/cgroup/system/uid_1002/pid_666
[  501.074409][    T1] libprocessgroup: Removing /sys/fs/cgroup/system/uid_1002/pid_674
[  501.084836][    T1] libprocessgroup: Removing /sys/fs/cgroup/system/uid_1002/pid_679
[  501.092903][    T1] libprocessgroup: Removing /sys/fs/cgroup/system/uid_1002/pid_667
[  501.099756][    T1] libprocessgroup: Removing /sys/fs/cgroup/system/uid_1002/pid_675
[  501.106538][    T1] libprocessgroup: Removing /sys/fs/cgroup/system/uid_1002/pid_678
[  501.118546][    T1] libprocessgroup: Removing /sys/fs/cgroup/system/uid_1002/pid_668
[  501.129062][    T1] libprocessgroup: Removing /sys/fs/cgroup/system/uid_1010/pid_665
[  501.138633][    T1] libprocessgroup: Removing /sys/fs/cgroup/system/uid_1067/pid_791
[  501.150238][    T1] libprocessgroup: Removing /sys/fs/cgroup/system/uid_1000/pid_646
[  501.158452][    T1] libprocessgroup: Removing /sys/fs/cgroup/system/uid_1000/pid_710
[  501.167674][    T1] libprocessgroup: Removing /sys/fs/cgroup/system/uid_1000/pid_616
[  501.173716][    T1] libprocessgroup: Removing /sys/fs/cgroup/system/uid_1000/pid_680
[  501.182930][    T1] libprocessgroup: Removing /sys/fs/cgroup/system/uid_1000/pid_642
[  501.192448][    T1] libprocessgroup: Removing /sys/fs/cgroup/system/uid_1000/pid_650
[  501.199377][    T1] libprocessgroup: Removing /sys/fs/cgroup/system/uid_1000/pid_640
[  501.209334][    T1] libprocessgroup: Removing /sys/fs/cgroup/system/uid_1000/pid_659
[  501.218859][    T1] libprocessgroup: Removing /sys/fs/cgroup/system/uid_1000/pid_649
[  501.223960][    T1] libprocessgroup: Removing /sys/fs/cgroup/system/uid_1000/pid_411
[  501.231598][    T1] libprocessgroup: Removing /sys/fs/cgroup/system/uid_1000/pid_647
[  501.237771][    T1] libprocessgroup: Removing /sys/fs/cgroup/system/uid_1000/pid_788
[  501.243754][    T1] libprocessgroup: Removing /sys/fs/cgroup/system/uid_1000/pid_448
[  501.263331][    T1] libprocessgroup: Removing /sys/fs/cgroup/system/uid_1000/pid_645
[  501.274864][    T1] libprocessgroup: Removing /sys/fs/cgroup/system/uid_1000/pid_597
[  501.282049][    T1] libprocessgroup: Removing /sys/fs/cgroup/system/uid_1000/pid_681
[  501.289731][    T1] libprocessgroup: Removing /sys/fs/cgroup/system/uid_1000/pid_812
[  501.299748][    T1] libprocessgroup: Removing /sys/fs/cgroup/system/uid_1000/pid_442
[  501.309514][    T1] libprocessgroup: Removing /sys/fs/cgroup/system/uid_1019/pid_730
[  501.319895][    T1] libprocessgroup: Removing /sys/fs/cgroup/system/uid_1047/pid_1109
[  501.330560][    T1] libprocessgroup: Removing /sys/fs/cgroup/system/uid_1047/pid_687
[  501.339839][    T1] libprocessgroup: Removing /sys/fs/cgroup/system/uid_1027/pid_685
[  501.344601][    T1] libprocessgroup: Removing /sys/fs/cgroup/system/uid_1083/pid_662
[  501.353859][    T1] libprocessgroup: Removing /sys/fs/cgroup/system/uid_1017/pid_443
[  501.363597][  T411] servicemanager: Caller(pid=1108,uid=1041,sid=u:r:audioserver:s0) Found android.hardware.audio.effect.IFactory/default in device VINTF manifest.
[  501.365631][    T1] libprocessgroup: Removing /sys/fs/cgroup/system/uid_0/pid_704
[  501.375120][  T411] servicemanager: Caller(pid=1108,uid=1041,sid=u:r:audioserver:s0) Found android.hardware.audio.core.IModule/default in device VINTF manifest.
[  501.376268][    T1] libprocessgroup: Removing /sys/fs/cgroup/system/uid_0/pid_815
[  501.392668][    T1] libprocessgroup: Removing /sys/fs/cgroup/system/uid_0/pid_644
[  501.398880][    T1] libprocessgroup: Removing /sys/fs/cgroup/system/uid_0/pid_795
[  501.405624][    T1] libprocessgroup: Removing /sys/fs/cgroup/system/uid_0/pid_813
[  501.410534][    T1] libprocessgroup: Removing /sys/fs/cgroup/system/uid_0/pid_483
[  501.414539][    T1] libprocessgroup: Removing /sys/fs/cgroup/system/uid_0/pid_1111
[  501.419767][    T1] libprocessgroup: Removing /sys/fs/cgroup/system/uid_0/pid_116
[  501.425747][    T1] libprocessgroup: Removing /sys/fs/cgroup/system/uid_0/pid_446
[  501.437467][    T1] libprocessgroup: Removing /sys/fs/cgroup/system/uid_0/pid_426
[  501.443755][    T1] libprocessgroup: Removing /sys/fs/cgroup/system/uid_0/pid_444
[  501.454245][    T1] libprocessgroup: Removing /sys/fs/cgroup/system/uid_0/pid_792
[  501.466473][    T1] libprocessgroup: Removing /sys/fs/cgroup/system/uid_0/pid_716
[  501.475479][    T1] libprocessgroup: Removing /sys/fs/cgroup/system/uid_1013/pid_1110
[  501.485658][    T1] libprocessgroup: Removing /sys/fs/cgroup/system/uid_1013/pid_628
[  501.493815][    T1] libprocessgroup: Removing /sys/fs/cgroup/system/uid_1013/pid_637
[  501.505725][    T1] libprocessgroup: Removing /sys/fs/cgroup/system/uid_1013/pid_794
[  501.516483][    T1] libprocessgroup: Removing /sys/fs/cgroup/system/uid_1041/pid_612
[  501.522276][    T1] libprocessgroup: Removing /sys/fs/cgroup/system/uid_1041/pid_1113
[  501.531479][    T1] libprocessgroup: Removing /sys/fs/cgroup/system/uid_1041/pid_1108
[  501.539585][    T1] libprocessgroup: Removing /sys/fs/cgroup/system/uid_1041/pid_1114
[  501.577694][    T1] init: starting service 'exec 26 (/system/bin/vdc volume abort_fuse)'...
[  501.768786][  T411] servicemanager: Caller(pid=1108,uid=1041,sid=u:r:audioserver:s0) Found android.system.suspend.ISystemSuspend/default in framework VINTF manifest.
[  501.805153][    T1] libprocessgroup: Created cgroup /sys/fs/cgroup/system/uid_1000/pid_1165
[  501.937509][    T1] init: ... started service 'exec 26 (/system/bin/vdc volume abort_fuse)' has pid 1165
[  501.996431][    T1] init: Command 'exec_background - system system -- /system/bin/vdc volume abort_fuse' action=onrestart (<Service 'zygote' onrestart>:1) took 436ms and succeeded
[  502.242880][    T1] init: Command 'write /sys/power/state on' action=onrestart (<Service 'zygote' onrestart>:2) took 178ms and failed: Unable to write to file '/sys/power/state': Unable to write file contents: Invalid argument
[  502.256511][    T1] init: Sending SIGKILL to service 'audioserver' (pid 1108) process group...
[  502.434854][  T411] servicemanager: Caller(pid=1110,uid=1013,sid=u:r:mediaserver:s0) Since 'media.codeclist.generator' could not be found trying to start it as a lazy AIDL service. (if it's not configured to be a lazy service, it may be stuck starting or still starting).
[  502.553353][ T1165] libbinder.BackendUnifiedServiceManager: Thread Pool max thread count is 0. Cannot cache binder as linkToDeath cannot be implemented. serviceName: vold
[  502.629449][    T1] libprocessgroup: Removed cgroup /sys/fs/cgroup/system/uid_1041/pid_1108
[  502.630816][    T1] init: Command 'restart audioserver' action=onrestart (<Service 'zygote' onrestart>:4) took 374ms and succeeded
[  502.631373][    T1] init: Sending SIGKILL to service 'cameraserver' (pid 1109) process group...
[  502.653090][    T1] libprocessgroup: Removed cgroup /sys/fs/cgroup/system/uid_1047/pid_1109
[  502.654312][    T1] init: Sending SIGKILL to service 'media' (pid 1110) process group...
[  502.695667][    T1] libprocessgroup: Removed cgroup /sys/fs/cgroup/system/uid_1013/pid_1110
[  502.706246][    T1] init: Command 'restart --only-if-running media.tuner' action=onrestart (<Service 'zygote' onrestart>:7) took 8ms and failed: service media.tuner not found
[  502.706802][    T1] init: Sending SIGKILL to service 'netd' (pid 1111) process group...
[  502.810733][    T1] libprocessgroup: Removed cgroup /sys/fs/cgroup/system/uid_0/pid_1111
[  502.811543][    T1] init: Command 'restart netd' action=onrestart (<Service 'zygote' onrestart>:8) took 104ms and succeeded
[  502.812159][    T1] init: Command 'restart wificond' action=onrestart (<Service 'zygote' onrestart>:9) took 0ms and failed: service wificond not found
[  502.862711][    T1] init: Service 'audioserver' (pid 1108) received SIGKILL
[  502.863006][    T1] init: Sending SIGKILL to service 'audioserver' (pid 1108) process group...
[  502.863377][    T1] libprocessgroup: Failed to write 1 to /sys/fs/cgroup/system/uid_1041/pid_1108/cgroup.kill: No such file or directory
[  502.865125][    T1] init: Command 'restart vendor.audio-hal' action=onrestart (<Service 'audioserver' onrestart>:1) took 0ms and failed: service vendor.audio-hal not found
[  502.866108][    T1] init: Sending SIGKILL to service 'vendor.audio-hal-aidl' (pid 1113) process group...
[  502.892423][    T1] libprocessgroup: Removed cgroup /sys/fs/cgroup/system/uid_1041/pid_1113
[  502.895133][    T1] init: Sending SIGKILL to service 'vendor.audio-effect-hal-aidl' (pid 1114) process group...
[  502.907812][    T1] libprocessgroup: Removed cgroup /sys/fs/cgroup/system/uid_1041/pid_1114
[  502.909284][    T1] init: Command 'restart vendor.audio-hal-4-0-msd' action=onrestart (<Service 'audioserver' onrestart>:4) took 0ms and failed: service vendor.audio-hal-4-0-msd not found
[  502.909844][    T1] init: Command 'restart audio_proxy_service' action=onrestart (<Service 'audioserver' onrestart>:5) took 0ms and failed: service audio_proxy_service not found
[  502.921487][    T1] init: Service 'cameraserver' (pid 1109) received SIGKILL
[  502.921747][    T1] init: Sending SIGKILL to service 'cameraserver' (pid 1109) process group...
[  502.922193][    T1] libprocessgroup: Failed to write 1 to /sys/fs/cgroup/system/uid_1047/pid_1109/cgroup.kill: No such file or directory
[  502.948752][    T1] init: Service 'media' (pid 1110) received SIGKILL
[  502.949072][    T1] init: Sending SIGKILL to service 'media' (pid 1110) process group...
[  502.949354][    T1] libprocessgroup: Failed to write 1 to /sys/fs/cgroup/system/uid_1013/pid_1110/cgroup.kill: No such file or directory
[  502.957871][    T1] init: Service 'netd' (pid 1111) received SIGKILL
[  502.958643][    T1] init: Sending SIGKILL to service 'netd' (pid 1111) process group...
[  502.959210][    T1] libprocessgroup: Failed to write 1 to /sys/fs/cgroup/system/uid_0/pid_1111/cgroup.kill: No such file or directory
[  502.960681][    T1] init: Command 'restart zygote_secondary' action=onrestart (<Service 'netd' onrestart>:2) took 0ms and failed: service zygote_secondary not found
[  502.962795][    T1] init: Service 'vendor.audio-hal-aidl' (pid 1113) received SIGKILL
[  502.963214][    T1] init: Sending SIGKILL to service 'vendor.audio-hal-aidl' (pid 1113) process group...
[  502.963594][    T1] libprocessgroup: Failed to write 1 to /sys/fs/cgroup/system/uid_1041/pid_1113/cgroup.kill: No such file or directory
[  502.981109][    T1] init: Service 'vendor.audio-effect-hal-aidl' (pid 1114) received SIGKILL
[  502.981441][    T1] init: Sending SIGKILL to service 'vendor.audio-effect-hal-aidl' (pid 1114) process group...
[  502.982056][    T1] libprocessgroup: Failed to write 1 to /sys/fs/cgroup/system/uid_1041/pid_1114/cgroup.kill: No such file or directory
[  502.983641][    T1] init: Service 'exec 26 (/system/bin/vdc volume abort_fuse)' (pid 1165) exited with status 0 oneshot service took 1.222000 seconds in background
[  502.984154][    T1] init: Sending SIGKILL to service 'exec 26 (/system/bin/vdc volume abort_fuse)' (pid 1165) process group...
[  502.984715][    T1] libprocessgroup: Removed cgroup /sys/fs/cgroup/system/uid_1000/pid_1165
[  502.986715][    T1] init: Untracked process (pid: 1115 name: (iptables-restor) ppid: 1 pgrp: 1111 state: Z) received SIGKILL
[  502.987233][    T1] init: Untracked process (pid: 1115 name: (iptables-restor) ppid: 1 pgrp: 1111 state: Z) did not have an associated service entry and will not be reaped
[  502.988289][    T1] init: Untracked process (pid: 1116 name: (ip6tables-resto) ppid: 1 pgrp: 1111 state: Z) received SIGKILL
[  502.989267][    T1] init: Untracked process (pid: 1116 name: (ip6tables-resto) ppid: 1 pgrp: 1111 state: Z) did not have an associated service entry and will not be reaped
[  502.994591][    T1] init: starting service 'media.codeclist.generator'...
[  503.012177][    T1] libprocessgroup: Created cgroup /sys/fs/cgroup/system/uid_1013/pid_1173
[  503.074498][    T1] init: ... started service 'media.codeclist.generator' has pid 1173
[  503.087110][    T1] init: Control message: Processed ctl.interface_start for 'aidl/media.codeclist.generator' from pid: 411 (/system/bin/servicemanager)
[  503.104691][    T1] init: processing action (sys.init.updatable_crashing=1) from (/system/etc/init/flags_health_check.rc:10)
[  503.120912][    T1] init: starting service 'exec 27 (/system/bin/flags_health_check UPDATABLE_CRASHING)'...
[  503.151826][    T1] libprocessgroup: Created cgroup /sys/fs/cgroup/system/uid_1000/pid_1174
[  503.209114][    T1] init: ... started service 'exec 27 (/system/bin/flags_health_check UPDATABLE_CRASHING)' has pid 1174
[  503.216441][    T1] init: SVC_EXEC service 'exec 27 (/system/bin/flags_health_check UPDATABLE_CRASHING)' pid 1174 (uid 1000 gid 1000+0 context default) started; waiting...
[  503.228086][    T1] init: Command 'exec - system system -- /system/bin/flags_health_check UPDATABLE_CRASHING' action=sys.init.updatable_crashing=1 (/system/etc/init/flags_health_check.rc:11) took 113ms and succeeded
[  503.239623][    T1] init: starting service 'zygote'...
[  503.255892][    T1] init: Created socket '/dev/socket/zygote', mode 660, user 0, group 1000
[  503.263870][    T1] init: Created socket '/dev/socket/usap_pool_primary', mode 660, user 0, group 1000
[  503.307064][    T1] libprocessgroup: Created cgroup /sys/fs/cgroup/system/uid_0/pid_1175
[  503.329915][    T1] init: ... started service 'zygote' has pid 1175
[  503.336543][    T1] init: starting service 'audioserver'...
[  503.445692][    T1] libprocessgroup: Created cgroup /sys/fs/cgroup/system/uid_1041/pid_1176
[  503.505344][    T1] init: ... started service 'audioserver' has pid 1176
[  503.532841][    T1] init: starting service 'cameraserver'...
[  503.621898][    T1] libprocessgroup: Created cgroup /sys/fs/cgroup/system/uid_1047/pid_1177
[  503.719488][    T1] init: ... started service 'cameraserver' has pid 1177
[  503.768040][    T1] init: starting service 'media'...
[  503.862111][    T1] libprocessgroup: Created cgroup /sys/fs/cgroup/system/uid_1013/pid_1178
[  503.941732][    T1] init: ... started service 'media' has pid 1178
[  503.963495][    T1] init: starting service 'netd'...
[  503.996977][    T1] init: Created socket '/dev/socket/dnsproxyd', mode 660, user 0, group 3003
[  504.015101][    T1] init: Created socket '/dev/socket/mdns', mode 660, user 0, group 1000
[  504.054103][    T1] init: Created socket '/dev/socket/fwmarkd', mode 660, user 0, group 3003
[  504.189640][    T1] libprocessgroup: Created cgroup /sys/fs/cgroup/system/uid_0/pid_1180
[  504.307134][    T1] init: ... started service 'netd' has pid 1180
[  504.338778][    T1] init: starting service 'surfaceflinger'...
[  504.476742][    T1] libprocessgroup: Created cgroup /sys/fs/cgroup/system/uid_1000/pid_1181
[  504.555448][    T1] init: ... started service 'surfaceflinger' has pid 1181
[  504.582418][    T1] init: starting service 'vendor.audio-hal-aidl'...
[  504.687791][    T1] libprocessgroup: Created cgroup /sys/fs/cgroup/system/uid_1041/pid_1182
[  504.796527][    T1] init: ... started service 'vendor.audio-hal-aidl' has pid 1182
[  504.936117][    T1] init: starting service 'vendor.audio-effect-hal-aidl'...
[  505.050528][    T1] libprocessgroup: Created cgroup /sys/fs/cgroup/system/uid_1041/pid_1183
[  505.162788][    T1] init: ... started service 'vendor.audio-effect-hal-aidl' has pid 1183
[  505.179943][    T1] init: Service 'exec 27 (/system/bin/flags_health_check UPDATABLE_CRASHING)' (pid 1174) exited with status 0 waiting took 2.033000 seconds
[  505.216706][    T1] init: Sending SIGKILL to service 'exec 27 (/system/bin/flags_health_check UPDATABLE_CRASHING)' (pid 1174) process group...
[  505.272652][    T1] libprocessgroup: Removed cgroup /sys/fs/cgroup/system/uid_1000/pid_1174
[  505.294620][    T1] init: processing action (init.svc.media=*) from (/system/etc/init/mediaserver.rc:1)
[  505.411516][    T1] init: processing action (init.svc.media=*) from (/system/etc/init/mediaserver.rc:1)
[  505.482969][    T1] init: processing action (init.svc.audioserver=running) from (/system/etc/init/audioserver.rc:43)
[  505.529533][    T1] init: Command 'start vendor.audio-hal' action=init.svc.audioserver=running (/system/etc/init/audioserver.rc:44) took 4ms and failed: service vendor.audio-hal not found
[  505.569311][    T1] init: service 'vendor.audio-hal-aidl' requested start, but it is already running (flags: 4, pid: 1182, started 901ms ago)
[  505.602361][    T1] init: service 'vendor.audio-effect-hal-aidl' requested start, but it is already running (flags: 4, pid: 1183, started 564ms ago)
[  505.619619][    T1] init: Command 'start vendor.audio-hal-4-0-msd' action=init.svc.audioserver=running (/system/etc/init/audioserver.rc:47) took 0ms and failed: service vendor.audio-hal-4-0-msd not found
[  505.674293][    T1] init: Command 'start audio_proxy_service' action=init.svc.audioserver=running (/system/etc/init/audioserver.rc:48) took 0ms and failed: service audio_proxy_service not found
[  505.704925][    T1] init: processing action (init.svc.media=*) from (/system/etc/init/mediaserver.rc:1)
[  506.856172][  T411] servicemanager: Caller(pid=1176,uid=1041,sid=u:r:audioserver:s0) Found android.hardware.audio.core.IModule/default in device VINTF manifest.
[  506.951269][  T411] servicemanager: Caller(pid=1176,uid=1041,sid=u:r:audioserver:s0) Found android.hardware.audio.effect.IFactory/default in device VINTF manifest.
[  507.112482][  T425] type=1325 audit(1791396158.436:510): table=filter family=2 entries=81 op=xt_replace subj=u:r:netd:s0 comm="iptables-restor"
[  507.182538][  T425] type=1300 audit(1791396158.436:510): arch=c00000b7 syscall=208 success=yes exit=0 a0=4 a1=0 a2=40 a3=b400007dfde0d010 items=0 ppid=1180 auid=4294967295 uid=0 gid=0 euid=0 suid=0 fsuid=0 egid=0 sgid=0 fsgid=0 tty=(none) ses=4294967295 comm="iptables-restor" exe="/system/bin/iptables" subj=u:r:netd:s0 key=(null)
[  507.229330][  T425] type=1327 audit(1791396158.436:510): proctitle=2F73797374656D2F62696E2F69707461626C65732D726573746F7265002D2D6E6F666C757368002D77002D76
[  507.257390][  T425] type=1320 audit(1791396158.436:510): 
[  507.302302][  T425] type=1325 audit(1791396158.628:511): table=filter family=10 entries=81 op=xt_replace subj=u:r:netd:s0 comm="ip6tables-resto"
[  507.358418][  T425] type=1300 audit(1791396158.628:511): arch=c00000b7 syscall=208 success=yes exit=0 a0=4 a1=29 a2=40 a3=b4000072f0c18940 items=0 ppid=1180 auid=4294967295 uid=0 gid=0 euid=0 suid=0 fsuid=0 egid=0 sgid=0 fsgid=0 tty=(none) ses=4294967295 comm="ip6tables-resto" exe="/system/bin/iptables" subj=u:r:netd:s0 key=(null)
[  507.419559][  T425] type=1327 audit(1791396158.628:511): proctitle=2F73797374656D2F62696E2F6970367461626C65732D726573746F7265002D2D6E6F666C757368002D77002D76
[  507.460890][  T425] type=1320 audit(1791396158.628:511): 
[  507.495486][  T425] type=1325 audit(1791396158.656:512): table=filter family=2 entries=77 op=xt_replace subj=u:r:netd:s0 comm="iptables-restor"
[  507.537109][  T425] type=1300 audit(1791396158.656:512): arch=c00000b7 syscall=208 success=yes exit=0 a0=4 a1=0 a2=40 a3=b400007dfde0d010 items=0 ppid=1180 auid=4294967295 uid=0 gid=0 euid=0 suid=0 fsuid=0 egid=0 sgid=0 fsgid=0 tty=(none) ses=4294967295 comm="iptables-restor" exe="/system/bin/iptables" subj=u:r:netd:s0 key=(null)
[  507.578589][  T425] type=1327 audit(1791396158.656:512): proctitle=2F73797374656D2F62696E2F69707461626C65732D726573746F7265002D2D6E6F666C757368002D77002D76
[  507.608359][  T425] type=1320 audit(1791396158.656:512): 
[  507.631350][  T425] type=1325 audit(1791396158.664:513): table=filter family=10 entries=77 op=xt_replace subj=u:r:netd:s0 comm="ip6tables-resto"
[  507.678677][  T425] type=1300 audit(1791396158.664:513): arch=c00000b7 syscall=208 success=yes exit=0 a0=4 a1=29 a2=40 a3=b4000072f0c18940 items=0 ppid=1180 auid=4294967295 uid=0 gid=0 euid=0 suid=0 fsuid=0 egid=0 sgid=0 fsgid=0 tty=(none) ses=4294967295 comm="ip6tables-resto" exe="/system/bin/iptables" subj=u:r:netd:s0 key=(null)
[  507.685350][  T411] servicemanager: Caller(pid=1176,uid=1041,sid=u:r:audioserver:s0) Since 'android.hardware.audio.core.IConfig/default' could not be found trying to start it as a lazy AIDL service. (if it's not configured to be a lazy service, it may be stuck starting or still starting).
[  507.760331][  T425] type=1327 audit(1791396158.664:513): proctitle=2F73797374656D2F62696E2F6970367461626C65732D726573746F7265002D2D6E6F666C757368002D77002D76
[  507.776411][    T1] init: Control message: Could not find 'aidl/android.hardware.audio.core.IConfig/default' for ctl.interface_start from pid: 411 (/system/bin/servicemanager)
[  507.782786][ T1190] servicemanager: Caller(pid=1176,uid=1041,sid=u:r:audioserver:s0) Tried to start aidl service android.hardware.audio.core.IConfig/default as a lazy service, but was unable to. Usually this happens when a service is not installed, but if the service is intended to be used as a lazy service, then it may be configured incorrectly.
[  507.897191][  T425] type=1320 audit(1791396158.664:513): 
[  507.960501][  T425] type=1325 audit(1791396158.680:514): table=raw family=2 entries=16 op=xt_replace subj=u:r:netd:s0 comm="iptables-restor"
[  508.001082][  T425] type=1300 audit(1791396158.680:514): arch=c00000b7 syscall=208 success=yes exit=0 a0=4 a1=0 a2=40 a3=b400007ddde0da20 items=0 ppid=1180 auid=4294967295 uid=0 gid=0 euid=0 suid=0 fsuid=0 egid=0 sgid=0 fsgid=0 tty=(none) ses=4294967295 comm="iptables-restor" exe="/system/bin/iptables" subj=u:r:netd:s0 key=(null)
[  508.130342][  T425] type=1327 audit(1791396158.680:514): proctitle=2F73797374656D2F62696E2F69707461626C65732D726573746F7265002D2D6E6F666C757368002D77002D76
[  508.173180][  T425] type=1320 audit(1791396158.680:514): 
[  508.210041][  T425] type=1325 audit(1791396158.696:515): table=raw family=10 entries=16 op=xt_replace subj=u:r:netd:s0 comm="ip6tables-resto"
[  508.259155][  T425] type=1300 audit(1791396158.696:515): arch=c00000b7 syscall=208 success=yes exit=0 a0=4 a1=29 a2=40 a3=b400007300c100d0 items=0 ppid=1180 auid=4294967295 uid=0 gid=0 euid=0 suid=0 fsuid=0 egid=0 sgid=0 fsgid=0 tty=(none) ses=4294967295 comm="ip6tables-resto" exe="/system/bin/iptables" subj=u:r:netd:s0 key=(null)
[  508.376444][  T425] type=1327 audit(1791396158.696:515): proctitle=2F73797374656D2F62696E2F6970367461626C65732D726573746F7265002D2D6E6F666C757368002D77002D76
[  508.444244][  T425] type=1320 audit(1791396158.696:515): 
[  508.486583][  T425] type=1325 audit(1791396158.704:516): table=mangle family=2 entries=37 op=xt_replace subj=u:r:netd:s0 comm="iptables-restor"
[  508.523922][  T425] type=1300 audit(1791396158.704:516): arch=c00000b7 syscall=208 success=yes exit=0 a0=4 a1=0 a2=40 a3=b400007ecde06be0 items=0 ppid=1180 auid=4294967295 uid=0 gid=0 euid=0 suid=0 fsuid=0 egid=0 sgid=0 fsgid=0 tty=(none) ses=4294967295 comm="iptables-restor" exe="/system/bin/iptables" subj=u:r:netd:s0 key=(null)
[  508.589113][  T425] type=1327 audit(1791396158.704:516): proctitle=2F73797374656D2F62696E2F69707461626C65732D726573746F7265002D2D6E6F666C757368002D77002D76
[  508.630543][  T425] type=1320 audit(1791396158.704:516): 
[  508.666915][  T425] type=1325 audit(1791396158.732:517): table=mangle family=10 entries=36 op=xt_replace subj=u:r:netd:s0 comm="ip6tables-resto"
[  508.717473][  T411] servicemanager: Caller(pid=1183,uid=1041,sid=u:r:hal_audio_default:s0) Found android.hardware.audio.effect.IFactory/default in device VINTF manifest.
[  508.762960][  T411] servicemanager: Caller(pid=1180,uid=0,sid=u:r:netd:s0) Found android.system.net.netd.INetd/default in framework VINTF manifest.
[  508.766252][  T411] servicemanager: Caller(pid=1176,uid=1041,sid=u:r:audioserver:s0) Since 'android.hardware.audio.core.IConfig/default' could not be found trying to start it as a lazy AIDL service. (if it's not configured to be a lazy service, it may be stuck starting or still starting).
[  508.772423][    T1] init: Control message: Could not find 'aidl/android.hardware.audio.core.IConfig/default' for ctl.interface_start from pid: 411 (/system/bin/servicemanager)
[  508.774378][ T1202] servicemanager: Caller(pid=1176,uid=1041,sid=u:r:audioserver:s0) Tried to start aidl service android.hardware.audio.core.IConfig/default as a lazy service, but was unable to. Usually this happens when a service is not installed, but if the service is intended to be used as a lazy service, then it may be configured incorrectly.
[  509.017690][  T411] servicemanager: Caller(pid=1182,uid=1041,sid=u:r:hal_audio_default:s0) Found android.hardware.audio.core.IConfig/default in device VINTF manifest.
[  509.023167][  T411] libbinder.BpBinder: onLastStrongRef automatically unlinking death recipients for binder (0xb40000704e417220) with descriptor: '(not cached)'
[  509.026301][  T411] servicemanager: Caller(pid=1182,uid=1041,sid=u:r:hal_audio_default:s0) Found android.hardware.audio.core.IModule/default in device VINTF manifest.
[  509.028608][  T411] servicemanager: Caller(pid=1182,uid=1041,sid=u:r:hal_audio_default:s0) Found android.hardware.audio.core.IModule/r_submix in device VINTF manifest.
[  509.034640][  T411] servicemanager: Caller(pid=1176,uid=1041,sid=u:r:audioserver:s0) Found android.hardware.audio.effect.IFactory/default in device VINTF manifest.
[  509.034692][  T411] servicemanager: Caller(pid=1176,uid=1041,sid=u:r:audioserver:s0) Found android.hardware.audio.core.IModule/default in device VINTF manifest.
[  509.047874][  T411] servicemanager: Caller(pid=1182,uid=1041,sid=u:r:hal_audio_default:s0) Found android.hardware.bluetooth.audio.IBluetoothAudioProviderFactory/default in device VINTF manifest.
[  509.229741][  T411] servicemanager: Caller(pid=1182,uid=1041,sid=u:r:hal_audio_default:s0) Found android.hardware.audio.core.IModule/bluetooth in device VINTF manifest.
[  509.292508][  T425] type=1300 audit(1791396158.732:517): arch=c00000b7 syscall=208 success=yes exit=0 a0=4 a1=29 a2=40 a3=b400007400c0c8c0 items=0 ppid=1180 auid=4294967295 uid=0 gid=0 euid=0 suid=0 fsuid=0 egid=0 sgid=0 fsgid=0 tty=(none) ses=4294967295 comm="ip6tables-resto" exe="/system/bin/iptables" subj=u:r:netd:s0 key=(null)
[  509.309490][  T425] type=1327 audit(1791396158.732:517): proctitle=2F73797374656D2F62696E2F6970367461626C65732D726573746F7265002D2D6E6F666C757368002D77002D76
[  509.321972][  T425] type=1320 audit(1791396158.732:517): 
[  509.326214][  T425] type=1325 audit(1791396158.740:518): table=mangle family=2 entries=36 op=xt_replace subj=u:r:netd:s0 comm="iptables-restor"
[  509.338022][  T425] type=1300 audit(1791396158.740:518): arch=c00000b7 syscall=208 success=yes exit=0 a0=4 a1=0 a2=40 a3=b400007ecde06be0 items=0 ppid=1180 auid=4294967295 uid=0 gid=0 euid=0 suid=0 fsuid=0 egid=0 sgid=0 fsgid=0 tty=(none) ses=4294967295 comm="iptables-restor" exe="/system/bin/iptables" subj=u:r:netd:s0 key=(null)
[  509.370374][  T425] type=1327 audit(1791396158.740:518): proctitle=2F73797374656D2F62696E2F69707461626C65732D726573746F7265002D2D6E6F666C757368002D77002D76
[  509.381945][  T425] type=1320 audit(1791396158.740:518): 
[  509.385648][  T425] type=1325 audit(1791396158.780:519): table=mangle family=10 entries=36 op=xt_replace subj=u:r:netd:s0 comm="ip6tables-resto"
[  509.393617][  T425] type=1300 audit(1791396158.780:519): arch=c00000b7 syscall=208 success=yes exit=0 a0=4 a1=29 a2=40 a3=b400007420c10430 items=0 ppid=1180 auid=4294967295 uid=0 gid=0 euid=0 suid=0 fsuid=0 egid=0 sgid=0 fsgid=0 tty=(none) ses=4294967295 comm="ip6tables-resto" exe="/system/bin/iptables" subj=u:r:netd:s0 key=(null)
[  509.401682][  T425] type=1327 audit(1791396158.780:519): proctitle=2F73797374656D2F62696E2F6970367461626C65732D726573746F7265002D2D6E6F666C757368002D77002D76
[  509.405554][  T425] type=1320 audit(1791396158.780:519): 
[  509.409504][  T425] type=1325 audit(1791396158.800:520): table=mangle family=2 entries=35 op=xt_replace subj=u:r:netd:s0 comm="iptables-restor"
[  509.413266][  T425] type=1300 audit(1791396158.800:520): arch=c00000b7 syscall=208 success=yes exit=0 a0=4 a1=0 a2=40 a3=b400007ecde06be0 items=0 ppid=1180 auid=4294967295 uid=0 gid=0 euid=0 suid=0 fsuid=0 egid=0 sgid=0 fsgid=0 tty=(none) ses=4294967295 comm="iptables-restor" exe="/system/bin/iptables" subj=u:r:netd:s0 key=(null)
[  509.427914][  T425] type=1327 audit(1791396158.800:520): proctitle=2F73797374656D2F62696E2F69707461626C65732D726573746F7265002D2D6E6F666C757368002D77002D76
[  509.449393][  T425] type=1320 audit(1791396158.800:520): 
[  509.458096][  T425] type=1325 audit(1791396158.804:521): table=mangle family=10 entries=35 op=xt_replace subj=u:r:netd:s0 comm="ip6tables-resto"
[  509.489075][  T425] type=1300 audit(1791396158.804:521): arch=c00000b7 syscall=208 success=yes exit=0 a0=4 a1=29 a2=40 a3=b400007420c12640 items=0 ppid=1180 auid=4294967295 uid=0 gid=0 euid=0 suid=0 fsuid=0 egid=0 sgid=0 fsgid=0 tty=(none) ses=4294967295 comm="ip6tables-resto" exe="/system/bin/iptables" subj=u:r:netd:s0 key=(null)
[  509.543512][  T425] type=1327 audit(1791396158.804:521): proctitle=2F73797374656D2F62696E2F6970367461626C65732D726573746F7265002D2D6E6F666C757368002D77002D76
[  509.560875][  T425] type=1320 audit(1791396158.804:521): 
[  509.578247][  T425] type=1325 audit(1791396158.816:522): table=nat family=2 entries=11 op=xt_replace subj=u:r:netd:s0 comm="iptables-restor"
[  509.596833][  T425] type=1300 audit(1791396158.816:522): arch=c00000b7 syscall=208 success=yes exit=0 a0=4 a1=0 a2=40 a3=b400007ddde08840 items=0 ppid=1180 auid=4294967295 uid=0 gid=0 euid=0 suid=0 fsuid=0 egid=0 sgid=0 fsgid=0 tty=(none) ses=4294967295 comm="iptables-restor" exe="/system/bin/iptables" subj=u:r:netd:s0 key=(null)
[  509.627648][  T425] type=1327 audit(1791396158.816:522): proctitle=2F73797374656D2F62696E2F69707461626C65732D726573746F7265002D2D6E6F666C757368002D77002D76
[  509.641146][  T425] type=1320 audit(1791396158.816:522): 
[  509.643216][  T425] type=1325 audit(1791396158.824:523): table=nat family=2 entries=11 op=xt_replace subj=u:r:netd:s0 comm="iptables-restor"
[  509.663415][  T425] type=1300 audit(1791396158.824:523): arch=c00000b7 syscall=208 success=yes exit=0 a0=4 a1=0 a2=40 a3=b400007ddde08840 items=0 ppid=1180 auid=4294967295 uid=0 gid=0 euid=0 suid=0 fsuid=0 egid=0 sgid=0 fsgid=0 tty=(none) ses=4294967295 comm="iptables-restor" exe="/system/bin/iptables" subj=u:r:netd:s0 key=(null)
[  509.702048][  T425] type=1327 audit(1791396158.824:523): proctitle=2F73797374656D2F62696E2F69707461626C65732D726573746F7265002D2D6E6F666C757368002D77002D76
[  509.713780][  T425] type=1320 audit(1791396158.824:523): 
[  509.727057][  T425] type=1325 audit(1791396158.844:524): table=filter family=2 entries=76 op=xt_replace subj=u:r:netd:s0 comm="iptables-restor"
[  509.755143][  T425] type=1300 audit(1791396158.844:524): arch=c00000b7 syscall=208 success=yes exit=0 a0=4 a1=0 a2=40 a3=b400007dfde0d010 items=0 ppid=1180 auid=4294967295 uid=0 gid=0 euid=0 suid=0 fsuid=0 egid=0 sgid=0 fsgid=0 tty=(none) ses=4294967295 comm="iptables-restor" exe="/system/bin/iptables" subj=u:r:netd:s0 key=(null)
[  509.793644][  T425] type=1327 audit(1791396158.844:524): proctitle=2F73797374656D2F62696E2F69707461626C65732D726573746F7265002D2D6E6F666C757368002D77002D76
[  509.801304][  T425] type=1320 audit(1791396158.844:524): 
[  509.815903][  T425] type=1325 audit(1791396158.852:525): table=filter family=10 entries=77 op=xt_replace subj=u:r:netd:s0 comm="ip6tables-resto"
[  509.838075][  T425] type=1300 audit(1791396158.852:525): arch=c00000b7 syscall=208 success=yes exit=0 a0=4 a1=29 a2=40 a3=b4000072f0c18940 items=0 ppid=1180 auid=4294967295 uid=0 gid=0 euid=0 suid=0 fsuid=0 egid=0 sgid=0 fsgid=0 tty=(none) ses=4294967295 comm="ip6tables-resto" exe="/system/bin/iptables" subj=u:r:netd:s0 key=(null)
[  509.883806][  T425] type=1327 audit(1791396158.852:525): proctitle=2F73797374656D2F62696E2F6970367461626C65732D726573746F7265002D2D6E6F666C757368002D77002D76
[  509.897345][  T425] type=1320 audit(1791396158.852:525): 
[  509.901382][  T425] type=1325 audit(1791396158.872:526): table=mangle family=2 entries=34 op=xt_replace subj=u:r:netd:s0 comm="iptables-restor"
[  509.909227][  T425] type=1300 audit(1791396158.872:526): arch=c00000b7 syscall=208 success=yes exit=0 a0=4 a1=0 a2=40 a3=b400007ecde06be0 items=0 ppid=1180 auid=4294967295 uid=0 gid=0 euid=0 suid=0 fsuid=0 egid=0 sgid=0 fsgid=0 tty=(none) ses=4294967295 comm="iptables-restor" exe="/system/bin/iptables" subj=u:r:netd:s0 key=(null)
[  509.937867][  T425] type=1327 audit(1791396158.872:526): proctitle=2F73797374656D2F62696E2F69707461626C65732D726573746F7265002D2D6E6F666C757368002D77002D76
[  509.957150][  T425] type=1320 audit(1791396158.872:526): 
[  509.965305][  T425] type=1325 audit(1791396158.888:527): table=mangle family=10 entries=34 op=xt_replace subj=u:r:netd:s0 comm="ip6tables-resto"
[  509.980285][  T425] type=1300 audit(1791396158.888:527): arch=c00000b7 syscall=208 success=yes exit=0 a0=4 a1=29 a2=40 a3=b4000072e0c057b0 items=0 ppid=1180 auid=4294967295 uid=0 gid=0 euid=0 suid=0 fsuid=0 egid=0 sgid=0 fsgid=0 tty=(none) ses=4294967295 comm="ip6tables-resto" exe="/system/bin/iptables" subj=u:r:netd:s0 key=(null)
[  510.013677][  T425] type=1327 audit(1791396158.888:527): proctitle=2F73797374656D2F62696E2F6970367461626C65732D726573746F7265002D2D6E6F666C757368002D77002D76
[  510.022377][  T425] type=1320 audit(1791396158.888:527): 
[  510.029595][  T425] type=1325 audit(1791396158.904:528): table=filter family=2 entries=75 op=xt_replace subj=u:r:netd:s0 comm="iptables-restor"
[  510.041251][  T425] type=1300 audit(1791396158.904:528): arch=c00000b7 syscall=208 success=yes exit=0 a0=4 a1=0 a2=40 a3=b400007dfde0d010 items=0 ppid=1180 auid=4294967295 uid=0 gid=0 euid=0 suid=0 fsuid=0 egid=0 sgid=0 fsgid=0 tty=(none) ses=4294967295 comm="iptables-restor" exe="/system/bin/iptables" subj=u:r:netd:s0 key=(null)
[  510.072374][  T425] type=1327 audit(1791396158.904:528): proctitle=2F73797374656D2F62696E2F69707461626C65732D726573746F7265002D2D6E6F666C757368002D77002D76
[  510.089204][  T425] type=1320 audit(1791396158.904:528): 
[  510.092349][  T425] type=1325 audit(1791396158.908:529): table=filter family=10 entries=75 op=xt_replace subj=u:r:netd:s0 comm="ip6tables-resto"
[  510.107446][  T425] type=1300 audit(1791396158.908:529): arch=c00000b7 syscall=208 success=yes exit=0 a0=4 a1=29 a2=40 a3=b4000072f0c18940 items=0 ppid=1180 auid=4294967295 uid=0 gid=0 euid=0 suid=0 fsuid=0 egid=0 sgid=0 fsgid=0 tty=(none) ses=4294967295 comm="ip6tables-resto" exe="/system/bin/iptables" subj=u:r:netd:s0 key=(null)
[  510.154610][  T425] type=1327 audit(1791396158.908:529): proctitle=2F73797374656D2F62696E2F6970367461626C65732D726573746F7265002D2D6E6F666C757368002D77002D76
[  510.185569][  T425] type=1320 audit(1791396158.908:529): 
[  510.189332][  T425] type=1325 audit(1791396158.916:530): table=filter family=2 entries=75 op=xt_replace subj=u:r:netd:s0 comm="iptables-restor"
[  510.241106][  T425] type=1300 audit(1791396158.916:530): arch=c00000b7 syscall=208 success=yes exit=0 a0=4 a1=0 a2=40 a3=b400007dfde0d010 items=0 ppid=1180 auid=4294967295 uid=0 gid=0 euid=0 suid=0 fsuid=0 egid=0 sgid=0 fsgid=0 tty=(none) ses=4294967295 comm="iptables-restor" exe="/system/bin/iptables" subj=u:r:netd:s0 key=(null)
[  510.256904][  T425] type=1327 audit(1791396158.916:530): proctitle=2F73797374656D2F62696E2F69707461626C65732D726573746F7265002D2D6E6F666C757368002D77002D76
[  510.261086][  T425] type=1320 audit(1791396158.916:530): 
[  510.263032][  T425] type=1325 audit(1791396158.916:531): table=nat family=2 entries=11 op=xt_replace subj=u:r:netd:s0 comm="iptables-restor"
[  510.387033][  T411] servicemanager: Caller(pid=1176,uid=1041,sid=u:r:audioserver:s0) Found android.hardware.audio.effect.IFactory/default in device VINTF manifest.
[  510.395318][  T411] servicemanager: Caller(pid=1176,uid=1041,sid=u:r:audioserver:s0) Found android.hardware.audio.core.IModule/default in device VINTF manifest.
[  510.455341][  T425] type=1300 audit(1791396158.916:531): arch=c00000b7 syscall=208 success=yes exit=0 a0=4 a1=0 a2=40 a3=b400007ddde08840 items=0 ppid=1180 auid=4294967295 uid=0 gid=0 euid=0 suid=0 fsuid=0 egid=0 sgid=0 fsgid=0 tty=(none) ses=4294967295 comm="iptables-restor" exe="/system/bin/iptables" subj=u:r:netd:s0 key=(null)
[  510.481879][  T425] type=1327 audit(1791396158.916:531): proctitle=2F73797374656D2F62696E2F69707461626C65732D726573746F7265002D2D6E6F666C757368002D77002D76
[  510.493299][  T425] type=1320 audit(1791396158.916:531): 
[  510.496594][  T425] type=1325 audit(1791396158.924:532): table=filter family=10 entries=76 op=xt_replace subj=u:r:netd:s0 comm="ip6tables-resto"
[  510.509598][  T425] type=1300 audit(1791396158.924:532): arch=c00000b7 syscall=208 success=yes exit=0 a0=4 a1=29 a2=40 a3=b4000072f0c18940 items=0 ppid=1180 auid=4294967295 uid=0 gid=0 euid=0 suid=0 fsuid=0 egid=0 sgid=0 fsgid=0 tty=(none) ses=4294967295 comm="ip6tables-resto" exe="/system/bin/iptables" subj=u:r:netd:s0 key=(null)
[  510.515489][  T411] servicemanager: Caller(pid=1176,uid=1041,sid=u:r:audioserver:s0) Found android.system.suspend.ISystemSuspend/default in framework VINTF manifest.
[  510.522130][  T425] type=1327 audit(1791396158.924:532): proctitle=2F73797374656D2F62696E2F6970367461626C65732D726573746F7265002D2D6E6F666C757368002D77002D76
[  510.522135][  T425] type=1320 audit(1791396158.924:532): 
[  510.522143][  T425] type=1325 audit(1791396158.932:533): table=raw family=10 entries=12 op=xt_replace subj=u:r:netd:s0 comm="ip6tables-resto"
[  510.522150][  T425] type=1300 audit(1791396158.932:533): arch=c00000b7 syscall=208 success=yes exit=0 a0=4 a1=29 a2=40 a3=b400007300c0e870 items=0 ppid=1180 auid=4294967295 uid=0 gid=0 euid=0 suid=0 fsuid=0 egid=0 sgid=0 fsgid=0 tty=(none) ses=4294967295 comm="ip6tables-resto" exe="/system/bin/iptables" subj=u:r:netd:s0 key=(null)
[  510.523258][  T425] type=1327 audit(1791396158.932:533): proctitle=2F73797374656D2F62696E2F6970367461626C65732D726573746F7265002D2D6E6F666C757368002D77002D76
[  510.523265][  T425] type=1320 audit(1791396158.932:533): 
[  510.523273][  T425] type=1325 audit(1791396158.976:534): table=mangle family=2 entries=30 op=xt_replace subj=u:r:netd:s0 comm="iptables-restor"
[  510.523279][  T425] type=1300 audit(1791396158.976:534): arch=c00000b7 syscall=208 success=yes exit=0 a0=4 a1=0 a2=40 a3=b400007ecde06be0 items=0 ppid=1180 auid=4294967295 uid=0 gid=0 euid=0 suid=0 fsuid=0 egid=0 sgid=0 fsgid=0 tty=(none) ses=4294967295 comm="iptables-restor" exe="/system/bin/iptables" subj=u:r:netd:s0 key=(null)
[  510.523284][  T425] type=1327 audit(1791396158.976:534): proctitle=2F73797374656D2F62696E2F69707461626C65732D726573746F7265002D2D6E6F666C757368002D77002D76
[  510.523288][  T425] type=1320 audit(1791396158.976:534): 
[  510.523293][  T425] type=1325 audit(1791396158.988:535): table=filter family=2 entries=76 op=xt_replace subj=u:r:netd:s0 comm="iptables-restor"
[  510.523298][  T425] type=1300 audit(1791396158.988:535): arch=c00000b7 syscall=208 success=yes exit=0 a0=4 a1=0 a2=40 a3=b400007dfde0d010 items=0 ppid=1180 auid=4294967295 uid=0 gid=0 euid=0 suid=0 fsuid=0 egid=0 sgid=0 fsgid=0 tty=(none) ses=4294967295 comm="iptables-restor" exe="/system/bin/iptables" subj=u:r:netd:s0 key=(null)
[  510.523304][  T425] type=1327 audit(1791396158.988:535): proctitle=2F73797374656D2F62696E2F69707461626C65732D726573746F7265002D2D6E6F666C757368002D77002D76
[  510.523307][  T425] type=1320 audit(1791396158.988:535): 
[  510.523311][  T425] type=1325 audit(1791396158.992:536): table=filter family=10 entries=76 op=xt_replace subj=u:r:netd:s0 comm="ip6tables-resto"
[  510.523316][  T425] type=1300 audit(1791396158.992:536): arch=c00000b7 syscall=208 success=yes exit=0 a0=4 a1=29 a2=40 a3=b4000072f0c18940 items=0 ppid=1180 auid=4294967295 uid=0 gid=0 euid=0 suid=0 fsuid=0 egid=0 sgid=0 fsgid=0 tty=(none) ses=4294967295 comm="ip6tables-resto" exe="/system/bin/iptables" subj=u:r:netd:s0 key=(null)
[  510.523320][  T425] type=1327 audit(1791396158.992:536): proctitle=2F73797374656D2F62696E2F6970367461626C65732D726573746F7265002D2D6E6F666C757368002D77002D76
[  510.523324][  T425] type=1320 audit(1791396158.992:536): 
[  510.524082][  T425] type=1325 audit(1791396159.020:537): table=filter family=2 entries=76 op=xt_replace subj=u:r:netd:s0 comm="iptables-restor"
[  510.634594][  T425] type=1300 audit(1791396159.020:537): arch=c00000b7 syscall=208 success=yes exit=0 a0=4 a1=0 a2=40 a3=b400007e0de18840 items=0 ppid=1180 auid=4294967295 uid=0 gid=0 euid=0 suid=0 fsuid=0 egid=0 sgid=0 fsgid=0 tty=(none) ses=4294967295 comm="iptables-restor" exe="/system/bin/iptables" subj=u:r:netd:s0 key=(null)
[  510.659871][  T425] type=1327 audit(1791396159.020:537): proctitle=2F73797374656D2F62696E2F69707461626C65732D726573746F7265002D2D6E6F666C757368002D77002D76
[  510.674546][  T425] type=1320 audit(1791396159.020:537): 
[  510.681415][  T425] type=1325 audit(1791396159.024:538): table=raw family=2 entries=12 op=xt_replace subj=u:r:netd:s0 comm="iptables-restor"
[  510.692218][  T425] type=1300 audit(1791396159.024:538): arch=c00000b7 syscall=208 success=yes exit=0 a0=4 a1=0 a2=40 a3=b400007ddde08840 items=0 ppid=1180 auid=4294967295 uid=0 gid=0 euid=0 suid=0 fsuid=0 egid=0 sgid=0 fsgid=0 tty=(none) ses=4294967295 comm="iptables-restor" exe="/system/bin/iptables" subj=u:r:netd:s0 key=(null)
[  510.719419][  T425] type=1327 audit(1791396159.024:538): proctitle=2F73797374656D2F62696E2F69707461626C65732D726573746F7265002D2D6E6F666C757368002D77002D76
[  510.737264][  T425] type=1320 audit(1791396159.024:538): 
[  510.740376][  T425] type=1325 audit(1791396159.028:539): table=mangle family=2 entries=31 op=xt_replace subj=u:r:netd:s0 comm="iptables-restor"
[  510.752010][  T425] type=1300 audit(1791396159.028:539): arch=c00000b7 syscall=208 success=yes exit=0 a0=4 a1=0 a2=40 a3=b400007ecde06be0 items=0 ppid=1180 auid=4294967295 uid=0 gid=0 euid=0 suid=0 fsuid=0 egid=0 sgid=0 fsgid=0 tty=(none) ses=4294967295 comm="iptables-restor" exe="/system/bin/iptables" subj=u:r:netd:s0 key=(null)
[  510.768482][  T425] type=1327 audit(1791396159.028:539): proctitle=2F73797374656D2F62696E2F69707461626C65732D726573746F7265002D2D6E6F666C757368002D77002D76
[  510.784194][  T425] type=1320 audit(1791396159.028:539): 
[  510.788947][  T425] type=1325 audit(1791396159.044:540): table=filter family=10 entries=76 op=xt_replace subj=u:r:netd:s0 comm="ip6tables-resto"
[  510.805446][  T425] type=1300 audit(1791396159.044:540): arch=c00000b7 syscall=208 success=yes exit=0 a0=4 a1=29 a2=40 a3=b400007320c0da20 items=0 ppid=1180 auid=4294967295 uid=0 gid=0 euid=0 suid=0 fsuid=0 egid=0 sgid=0 fsgid=0 tty=(none) ses=4294967295 comm="ip6tables-resto" exe="/system/bin/iptables" subj=u:r:netd:s0 key=(null)
[  510.842476][  T425] type=1327 audit(1791396159.044:540): proctitle=2F73797374656D2F62696E2F6970367461626C65732D726573746F7265002D2D6E6F666C757368002D77002D76
[  510.851012][  T425] type=1320 audit(1791396159.044:540): 
[  510.862009][  T425] type=1325 audit(1791396159.052:541): table=raw family=10 entries=12 op=xt_replace subj=u:r:netd:s0 comm="ip6tables-resto"
[  510.878424][  T425] type=1300 audit(1791396159.052:541): arch=c00000b7 syscall=208 success=yes exit=0 a0=4 a1=29 a2=40 a3=b400007300c0e870 items=0 ppid=1180 auid=4294967295 uid=0 gid=0 euid=0 suid=0 fsuid=0 egid=0 sgid=0 fsgid=0 tty=(none) ses=4294967295 comm="ip6tables-resto" exe="/system/bin/iptables" subj=u:r:netd:s0 key=(null)
[  510.933849][  T425] type=1327 audit(1791396159.052:541): proctitle=2F73797374656D2F62696E2F6970367461626C65732D726573746F7265002D2D6E6F666C757368002D77002D76
[  510.972633][  T425] type=1320 audit(1791396159.052:541): 
[  510.979195][  T425] type=1325 audit(1791396159.060:542): table=mangle family=10 entries=30 op=xt_replace subj=u:r:netd:s0 comm="ip6tables-resto"
[  510.991210][  T425] type=1300 audit(1791396159.060:542): arch=c00000b7 syscall=208 success=yes exit=0 a0=4 a1=29 a2=40 a3=b4000072e0c03be0 items=0 ppid=1180 auid=4294967295 uid=0 gid=0 euid=0 suid=0 fsuid=0 egid=0 sgid=0 fsgid=0 tty=(none) ses=4294967295 comm="ip6tables-resto" exe="/system/bin/iptables" subj=u:r:netd:s0 key=(null)
[  511.029354][  T425] type=1327 audit(1791396159.060:542): proctitle=2F73797374656D2F62696E2F6970367461626C65732D726573746F7265002D2D6E6F666C757368002D77002D76
[  511.038288][  T425] type=1320 audit(1791396159.060:542): 
[  511.042867][  T425] type=1325 audit(1791396159.084:543): table=filter family=2 entries=70 op=xt_replace subj=u:r:netd:s0 comm="iptables-restor"
[  511.061932][  T425] type=1300 audit(1791396159.084:543): arch=c00000b7 syscall=208 success=yes exit=0 a0=4 a1=0 a2=40 a3=b400007e7de10b30 items=0 ppid=1180 auid=4294967295 uid=0 gid=0 euid=0 suid=0 fsuid=0 egid=0 sgid=0 fsgid=0 tty=(none) ses=4294967295 comm="iptables-restor" exe="/system/bin/iptables" subj=u:r:netd:s0 key=(null)
[  511.089299][  T425] type=1327 audit(1791396159.084:543): proctitle=2F73797374656D2F62696E2F69707461626C65732D726573746F7265002D2D6E6F666C757368002D77002D76
[  511.121239][  T425] type=1320 audit(1791396159.084:543): 
[  511.127816][  T425] type=1325 audit(1791396159.104:544): table=filter family=10 entries=70 op=xt_replace subj=u:r:netd:s0 comm="ip6tables-resto"
[  511.141737][  T425] type=1300 audit(1791396159.104:544): arch=c00000b7 syscall=208 success=yes exit=0 a0=4 a1=29 a2=40 a3=b400007440c0d7a0 items=0 ppid=1180 auid=4294967295 uid=0 gid=0 euid=0 suid=0 fsuid=0 egid=0 sgid=0 fsgid=0 tty=(none) ses=4294967295 comm="ip6tables-resto" exe="/system/bin/iptables" subj=u:r:netd:s0 key=(null)
[  511.173360][  T425] type=1327 audit(1791396159.104:544): proctitle=2F73797374656D2F62696E2F6970367461626C65732D726573746F7265002D2D6E6F666C757368002D77002D76
[  511.192896][  T425] type=1320 audit(1791396159.104:544): 
[  511.205131][  T425] type=1325 audit(1791396159.160:545): table=filter family=2 entries=58 op=xt_replace subj=u:r:netd:s0 comm="iptables-restor"
[  511.220148][  T425] type=1300 audit(1791396159.160:545): arch=c00000b7 syscall=208 success=yes exit=0 a0=4 a1=0 a2=40 a3=b400007e0de18840 items=0 ppid=1180 auid=4294967295 uid=0 gid=0 euid=0 suid=0 fsuid=0 egid=0 sgid=0 fsgid=0 tty=(none) ses=4294967295 comm="iptables-restor" exe="/system/bin/iptables" subj=u:r:netd:s0 key=(null)
[  511.249495][  T425] type=1327 audit(1791396159.160:545): proctitle=2F73797374656D2F62696E2F69707461626C65732D726573746F7265002D2D6E6F666C757368002D77002D76
[  511.257379][  T425] type=1320 audit(1791396159.160:545): 
[  511.263240][  T425] type=1325 audit(1791396159.204:546): table=filter family=10 entries=58 op=xt_replace subj=u:r:netd:s0 comm="ip6tables-resto"
[  511.273183][  T425] type=1300 audit(1791396159.204:546): arch=c00000b7 syscall=208 success=yes exit=0 a0=4 a1=29 a2=40 a3=b400007320c0da20 items=0 ppid=1180 auid=4294967295 uid=0 gid=0 euid=0 suid=0 fsuid=0 egid=0 sgid=0 fsgid=0 tty=(none) ses=4294967295 comm="ip6tables-resto" exe="/system/bin/iptables" subj=u:r:netd:s0 key=(null)
[  511.313745][  T425] type=1327 audit(1791396159.204:546): proctitle=2F73797374656D2F62696E2F6970367461626C65732D726573746F7265002D2D6E6F666C757368002D77002D76
[  511.329088][  T425] type=1320 audit(1791396159.204:546): 
[  511.334194][  T425] type=1325 audit(1791396159.204:547): table=mangle family=2 entries=31 op=xt_replace subj=u:r:netd:s0 comm="iptables-restor"
[  511.361462][  T425] type=1300 audit(1791396159.204:547): arch=c00000b7 syscall=208 success=yes exit=0 a0=4 a1=0 a2=40 a3=b400007ecde06be0 items=0 ppid=1180 auid=4294967295 uid=0 gid=0 euid=0 suid=0 fsuid=0 egid=0 sgid=0 fsgid=0 tty=(none) ses=4294967295 comm="iptables-restor" exe="/system/bin/iptables" subj=u:r:netd:s0 key=(null)
[  511.389639][  T425] type=1327 audit(1791396159.204:547): proctitle=2F73797374656D2F62696E2F69707461626C65732D726573746F7265002D2D6E6F666C757368002D77002D76
[  511.429299][  T425] type=1320 audit(1791396159.204:547): 
[  511.433348][  T425] type=1325 audit(1791396159.220:548): table=mangle family=10 entries=30 op=xt_replace subj=u:r:netd:s0 comm="ip6tables-resto"
[  511.444353][  T425] type=1300 audit(1791396159.220:548): arch=c00000b7 syscall=208 success=yes exit=0 a0=4 a1=29 a2=40 a3=b4000072e0c03be0 items=0 ppid=1180 auid=4294967295 uid=0 gid=0 euid=0 suid=0 fsuid=0 egid=0 sgid=0 fsgid=0 tty=(none) ses=4294967295 comm="ip6tables-resto" exe="/system/bin/iptables" subj=u:r:netd:s0 key=(null)
[  511.462353][  T411] servicemanager: Notifying media.codeclist.generator they do (previously: don't) have clients when service is guaranteed to be in use
[  511.710117][  T425] type=1327 audit(1791396159.220:548): proctitle=2F73797374656D2F62696E2F6970367461626C65732D726573746F7265002D2D6E6F666C757368002D77002D76
[  511.745596][  T425] type=1320 audit(1791396159.220:548): 
[  511.774253][  T425] type=1325 audit(1791396159.256:549): table=filter family=2 entries=70 op=xt_replace subj=u:r:netd:s0 comm="iptables-restor"
[  511.807331][  T425] type=1300 audit(1791396159.256:549): arch=c00000b7 syscall=208 success=yes exit=0 a0=4 a1=0 a2=40 a3=b400007e0de14030 items=0 ppid=1180 auid=4294967295 uid=0 gid=0 euid=0 suid=0 fsuid=0 egid=0 sgid=0 fsgid=0 tty=(none) ses=4294967295 comm="iptables-restor" exe="/system/bin/iptables" subj=u:r:netd:s0 key=(null)
[  511.875930][  T425] type=1327 audit(1791396159.256:549): proctitle=2F73797374656D2F62696E2F69707461626C65732D726573746F7265002D2D6E6F666C757368002D77002D76
[  511.885296][  T425] type=1320 audit(1791396159.256:549): 
[  511.889330][  T425] type=1325 audit(1791396159.260:550): table=raw family=2 entries=12 op=xt_replace subj=u:r:netd:s0 comm="iptables-restor"
[  511.907649][  T425] type=1300 audit(1791396159.260:550): arch=c00000b7 syscall=208 success=yes exit=0 a0=4 a1=0 a2=40 a3=b400007ddde08840 items=0 ppid=1180 auid=4294967295 uid=0 gid=0 euid=0 suid=0 fsuid=0 egid=0 sgid=0 fsgid=0 tty=(none) ses=4294967295 comm="iptables-restor" exe="/system/bin/iptables" subj=u:r:netd:s0 key=(null)
[  511.923581][  T425] type=1327 audit(1791396159.260:550): proctitle=2F73797374656D2F62696E2F69707461626C65732D726573746F7265002D2D6E6F666C757368002D77002D76
[  511.933205][  T425] type=1320 audit(1791396159.260:550): 
[  511.938166][  T425] type=1325 audit(1791396159.260:551): table=mangle family=2 entries=33 op=xt_replace subj=u:r:netd:s0 comm="iptables-restor"
[  511.945861][  T425] type=1300 audit(1791396159.260:551): arch=c00000b7 syscall=208 success=yes exit=0 a0=4 a1=0 a2=40 a3=b400007ecde06be0 items=0 ppid=1180 auid=4294967295 uid=0 gid=0 euid=0 suid=0 fsuid=0 egid=0 sgid=0 fsgid=0 tty=(none) ses=4294967295 comm="iptables-restor" exe="/system/bin/iptables" subj=u:r:netd:s0 key=(null)
[  511.967078][  T425] type=1327 audit(1791396159.260:551): proctitle=2F73797374656D2F62696E2F69707461626C65732D726573746F7265002D2D6E6F666C757368002D77002D76
[  512.021581][  T425] type=1320 audit(1791396159.260:551): 
[  512.038812][  T425] type=1325 audit(1791396159.276:552): table=filter family=10 entries=70 op=xt_replace subj=u:r:netd:s0 comm="ip6tables-resto"
[  512.078487][  T425] type=1300 audit(1791396159.276:552): arch=c00000b7 syscall=208 success=yes exit=0 a0=4 a1=29 a2=40 a3=b400007320c08010 items=0 ppid=1180 auid=4294967295 uid=0 gid=0 euid=0 suid=0 fsuid=0 egid=0 sgid=0 fsgid=0 tty=(none) ses=4294967295 comm="ip6tables-resto" exe="/system/bin/iptables" subj=u:r:netd:s0 key=(null)
[  512.125368][  T425] type=1327 audit(1791396159.276:552): proctitle=2F73797374656D2F62696E2F6970367461626C65732D726573746F7265002D2D6E6F666C757368002D77002D76
[  512.153904][  T425] type=1320 audit(1791396159.276:552): 
[  512.189088][  T425] type=1325 audit(1791396159.284:553): table=raw family=10 entries=12 op=xt_replace subj=u:r:netd:s0 comm="ip6tables-resto"
[  512.228830][  T425] type=1300 audit(1791396159.284:553): arch=c00000b7 syscall=208 success=yes exit=0 a0=4 a1=29 a2=40 a3=b400007300c0e870 items=0 ppid=1180 auid=4294967295 uid=0 gid=0 euid=0 suid=0 fsuid=0 egid=0 sgid=0 fsgid=0 tty=(none) ses=4294967295 comm="ip6tables-resto" exe="/system/bin/iptables" subj=u:r:netd:s0 key=(null)
[  512.278158][  T425] type=1327 audit(1791396159.284:553): proctitle=2F73797374656D2F62696E2F6970367461626C65732D726573746F7265002D2D6E6F666C757368002D77002D76
[  512.301412][  T425] type=1320 audit(1791396159.284:553): 
[  512.324615][  T425] type=1325 audit(1791396159.284:554): table=mangle family=10 entries=32 op=xt_replace subj=u:r:netd:s0 comm="ip6tables-resto"
[  512.353389][  T425] type=1300 audit(1791396159.284:554): arch=c00000b7 syscall=208 success=yes exit=0 a0=4 a1=29 a2=40 a3=b4000072e0c03be0 items=0 ppid=1180 auid=4294967295 uid=0 gid=0 euid=0 suid=0 fsuid=0 egid=0 sgid=0 fsgid=0 tty=(none) ses=4294967295 comm="ip6tables-resto" exe="/system/bin/iptables" subj=u:r:netd:s0 key=(null)
[  512.481291][  T425] type=1327 audit(1791396159.284:554): proctitle=2F73797374656D2F62696E2F6970367461626C65732D726573746F7265002D2D6E6F666C757368002D77002D76
[  512.489883][  T425] type=1320 audit(1791396159.284:554): 
[  512.498168][  T425] type=1325 audit(1791396159.288:555): table=filter family=2 entries=70 op=xt_replace subj=u:r:netd:s0 comm="iptables-restor"
[  512.504830][  T425] type=1300 audit(1791396159.288:555): arch=c00000b7 syscall=208 success=yes exit=0 a0=4 a1=0 a2=40 a3=b400007dfde18430 items=0 ppid=1180 auid=4294967295 uid=0 gid=0 euid=0 suid=0 fsuid=0 egid=0 sgid=0 fsgid=0 tty=(none) ses=4294967295 comm="iptables-restor" exe="/system/bin/iptables" subj=u:r:netd:s0 key=(null)
[  512.529755][  T425] type=1327 audit(1791396159.288:555): proctitle=2F73797374656D2F62696E2F69707461626C65732D726573746F7265002D2D6E6F666C757368002D77002D76
[  512.541046][  T425] type=1320 audit(1791396159.288:555): 
[  512.545855][  T425] type=1325 audit(1791396159.296:556): table=raw family=2 entries=12 op=xt_replace subj=u:r:netd:s0 comm="iptables-restor"
[  512.555826][  T425] type=1300 audit(1791396159.296:556): arch=c00000b7 syscall=208 success=yes exit=0 a0=4 a1=0 a2=40 a3=b400007d9de06030 items=0 ppid=1180 auid=4294967295 uid=0 gid=0 euid=0 suid=0 fsuid=0 egid=0 sgid=0 fsgid=0 tty=(none) ses=4294967295 comm="iptables-restor" exe="/system/bin/iptables" subj=u:r:netd:s0 key=(null)
[  512.590004][  T425] type=1327 audit(1791396159.296:556): proctitle=2F73797374656D2F62696E2F69707461626C65732D726573746F7265002D2D6E6F666C757368002D77002D76
[  512.601278][  T425] type=1320 audit(1791396159.296:556): 
[  512.605115][  T425] type=1325 audit(1791396159.296:557): table=mangle family=2 entries=33 op=xt_replace subj=u:r:netd:s0 comm="iptables-restor"
[  512.613221][  T425] type=1300 audit(1791396159.296:557): arch=c00000b7 syscall=208 success=yes exit=0 a0=4 a1=0 a2=40 a3=b400007ecde06be0 items=0 ppid=1180 auid=4294967295 uid=0 gid=0 euid=0 suid=0 fsuid=0 egid=0 sgid=0 fsgid=0 tty=(none) ses=4294967295 comm="iptables-restor" exe="/system/bin/iptables" subj=u:r:netd:s0 key=(null)
[  512.641568][  T425] type=1327 audit(1791396159.296:557): proctitle=2F73797374656D2F62696E2F69707461626C65732D726573746F7265002D2D6E6F666C757368002D77002D76
[  512.650196][  T425] type=1320 audit(1791396159.296:557): 
[  512.652310][  T425] type=1325 audit(1791396159.304:558): table=filter family=10 entries=70 op=xt_replace subj=u:r:netd:s0 comm="ip6tables-resto"
[  512.660296][  T425] type=1300 audit(1791396159.304:558): arch=c00000b7 syscall=208 success=yes exit=0 a0=4 a1=29 a2=40 a3=b4000072f0c03010 items=0 ppid=1180 auid=4294967295 uid=0 gid=0 euid=0 suid=0 fsuid=0 egid=0 sgid=0 fsgid=0 tty=(none) ses=4294967295 comm="ip6tables-resto" exe="/system/bin/iptables" subj=u:r:netd:s0 key=(null)
[  512.676014][  T425] type=1327 audit(1791396159.304:558): proctitle=2F73797374656D2F62696E2F6970367461626C65732D726573746F7265002D2D6E6F666C757368002D77002D76
[  512.688033][  T425] type=1320 audit(1791396159.304:558): 
[  512.693140][  T425] type=1325 audit(1791396159.308:559): table=raw family=10 entries=12 op=xt_replace subj=u:r:netd:s0 comm="ip6tables-resto"
[  512.701106][  T425] type=1300 audit(1791396159.308:559): arch=c00000b7 syscall=208 success=yes exit=0 a0=4 a1=29 a2=40 a3=b4000073e0c03430 items=0 ppid=1180 auid=4294967295 uid=0 gid=0 euid=0 suid=0 fsuid=0 egid=0 sgid=0 fsgid=0 tty=(none) ses=4294967295 comm="ip6tables-resto" exe="/system/bin/iptables" subj=u:r:netd:s0 key=(null)
[  512.721235][  T425] type=1327 audit(1791396159.308:559): proctitle=2F73797374656D2F62696E2F6970367461626C65732D726573746F7265002D2D6E6F666C757368002D77002D76
[  512.733981][  T425] type=1320 audit(1791396159.308:559): 
[  512.737431][  T425] type=1325 audit(1791396159.316:560): table=mangle family=10 entries=32 op=xt_replace subj=u:r:netd:s0 comm="ip6tables-resto"
[  512.749081][  T425] type=1300 audit(1791396159.316:560): arch=c00000b7 syscall=208 success=yes exit=0 a0=4 a1=29 a2=40 a3=b400007400c06da0 items=0 ppid=1180 auid=4294967295 uid=0 gid=0 euid=0 suid=0 fsuid=0 egid=0 sgid=0 fsgid=0 tty=(none) ses=4294967295 comm="ip6tables-resto" exe="/system/bin/iptables" subj=u:r:netd:s0 key=(null)
[  512.764766][  T425] type=1327 audit(1791396159.316:560): proctitle=2F73797374656D2F62696E2F6970367461626C65732D726573746F7265002D2D6E6F666C757368002D77002D76
[  512.773286][  T425] type=1320 audit(1791396159.316:560): 
[  513.262491][  T411] servicemanager: Caller(pid=1173,uid=1013,sid=u:r:mediacodeclist_generator:s0) Found android.hardware.media.c2.IComponentStore/software in framework VINTF manifest.
[  514.349189][  T411] servicemanager: Caller(pid=1176,uid=1041,sid=u:r:audioserver:s0) Found android.hardware.audio.effect.IFactory/default in device VINTF manifest.
[  514.400990][  T411] servicemanager: Caller(pid=1176,uid=1041,sid=u:r:audioserver:s0) Found android.hardware.audio.core.IModule/default in device VINTF manifest.
[  514.953953][  T411] servicemanager: Caller(pid=1176,uid=1041,sid=u:r:audioserver:s0) Since 'activity' could not be found trying to start it as a lazy AIDL service. (if it's not configured to be a lazy service, it may be stuck starting or still starting).
[  515.140424][    T1] init: Control message: Could not find 'aidl/activity' for ctl.interface_start from pid: 411 (/system/bin/servicemanager)
[  515.156075][ T1244] servicemanager: Caller(pid=1176,uid=1041,sid=u:r:audioserver:s0) Tried to start aidl service activity as a lazy service, but was unable to. Usually this happens when a service is not installed, but if the service is intended to be used as a lazy service, then it may be configured incorrectly.
[  516.254334][  T411] servicemanager: Caller(pid=1176,uid=1041,sid=u:r:audioserver:s0) Since 'activity' could not be found trying to start it as a lazy AIDL service. (if it's not configured to be a lazy service, it may be stuck starting or still starting).
[  516.691944][    T1] init: Control message: Could not find 'aidl/activity' for ctl.interface_start from pid: 411 (/system/bin/servicemanager)
[  516.732442][ T1245] servicemanager: Caller(pid=1176,uid=1041,sid=u:r:audioserver:s0) Tried to start aidl service activity as a lazy service, but was unable to. Usually this happens when a service is not installed, but if the service is intended to be used as a lazy service, then it may be configured incorrectly.
[  517.960020][  T411] servicemanager: Caller(pid=1176,uid=1041,sid=u:r:audioserver:s0) Since 'activity' could not be found trying to start it as a lazy AIDL service. (if it's not configured to be a lazy service, it may be stuck starting or still starting).
[  518.176322][    T1] init: Control message: Could not find 'aidl/activity' for ctl.interface_start from pid: 411 (/system/bin/servicemanager)
[  518.193304][ T1246] servicemanager: Caller(pid=1176,uid=1041,sid=u:r:audioserver:s0) Tried to start aidl service activity as a lazy service, but was unable to. Usually this happens when a service is not installed, but if the service is intended to be used as a lazy service, then it may be configured incorrectly.
[  519.113775][  T411] servicemanager: Caller(pid=1176,uid=1041,sid=u:r:audioserver:s0) Since 'activity' could not be found trying to start it as a lazy AIDL service. (if it's not configured to be a lazy service, it may be stuck starting or still starting).
[  519.301545][    T1] init: Control message: Could not find 'aidl/activity' for ctl.interface_start from pid: 411 (/system/bin/servicemanager)
[  519.355676][ T1248] servicemanager: Caller(pid=1176,uid=1041,sid=u:r:audioserver:s0) Tried to start aidl service activity as a lazy service, but was unable to. Usually this happens when a service is not installed, but if the service is intended to be used as a lazy service, then it may be configured incorrectly.
[  520.309772][  T411] servicemanager: Caller(pid=1176,uid=1041,sid=u:r:audioserver:s0) Since 'activity' could not be found trying to start it as a lazy AIDL service. (if it's not configured to be a lazy service, it may be stuck starting or still starting).
[  520.430770][    T1] init: Control message: Could not find 'aidl/activity' for ctl.interface_start from pid: 411 (/system/bin/servicemanager)
[  520.441940][ T1251] servicemanager: Caller(pid=1176,uid=1041,sid=u:r:audioserver:s0) Tried to start aidl service activity as a lazy service, but was unable to. Usually this happens when a service is not installed, but if the service is intended to be used as a lazy service, then it may be configured incorrectly.
[  520.444415][  T411] servicemanager: Notifying media.codeclist.generator they don't (previously: do) have clients when we now have no record of a client
[  520.464749][  T411] servicemanager: Caller(pid=1173,uid=1013,sid=u:r:mediacodeclist_generator:s0) Unregistering media.codeclist.generator
[  520.465742][  T411] libbinder.BpBinder: onLastStrongRef automatically unlinking death recipients for binder (0xb40000704e412cb0) with descriptor: '(not cached)'
[  520.653756][  T421] logd: logdr: UID=1000 GID=1003 PID=1221 n tail=500 logMask=8 pid=1181 start=0ns deadline=0ns
[  521.033087][  T421] logd: logdr: UID=1000 GID=1003 PID=1221 n tail=500 logMask=1 pid=1181 start=0ns deadline=0ns
[  521.548612][  T411] servicemanager: Caller(pid=1176,uid=1041,sid=u:r:audioserver:s0) Since 'activity' could not be found trying to start it as a lazy AIDL service. (if it's not configured to be a lazy service, it may be stuck starting or still starting).
[  521.628855][    T1] init: Service 'media.codeclist.generator' (pid 1173) exited with status 0 oneshot service took 18.600000 seconds in background
[  521.647133][    T1] init: Sending SIGKILL to service 'media.codeclist.generator' (pid 1173) process group...
[  521.656781][  T411] servicemanager: Caller(pid=1177,uid=1047,sid=u:r:cameraserver:s0) Found android.frameworks.cameraservice.service.ICameraService/default in framework VINTF manifest.
[  521.671064][    T1] libprocessgroup: Removed cgroup /sys/fs/cgroup/system/uid_1013/pid_1173
[  521.681093][  T411] servicemanager: Caller(pid=1177,uid=1047,sid=u:r:cameraserver:s0) Found android.frameworks.cameraservice.service.ICameraService/default in framework VINTF manifest.
[  521.858671][    T1] init: Control message: Could not find 'aidl/activity' for ctl.interface_start from pid: 411 (/system/bin/servicemanager)
[  521.905553][ T1254] servicemanager: Caller(pid=1176,uid=1041,sid=u:r:audioserver:s0) Tried to start aidl service activity as a lazy service, but was unable to. Usually this happens when a service is not installed, but if the service is intended to be used as a lazy service, then it may be configured incorrectly.
[  522.032831][  T425] type=1701 audit(1791396173.436:561): auid=4294967295 uid=1000 gid=1003 ses=4294967295 subj=u:r:surfaceflinger:s0 comm="surfaceflinger" exe="/system/bin/surfaceflinger" sig=6 res=1
[  522.143086][    T1] init: Untracked process (pid: 1221 name: (crash_dump64) ppid: 1 pgrp: 1218 state: Z) exited with status 0
[  522.149420][    T1] init: Untracked process (pid: 1221 name: (crash_dump64) ppid: 1 pgrp: 1218 state: Z) did not have an associated service entry and will not be reaped
[  522.165582][    T1] init: Service 'surfaceflinger' (pid 1181) received SIGABRT
[  522.172713][    T1] init: Sending SIGKILL to service 'surfaceflinger' (pid 1181) process group...
[  522.209790][    T1] libprocessgroup: Removed cgroup /sys/fs/cgroup/system/uid_1000/pid_1181
[  522.217224][    T1] init: process with updatable components 'surfaceflinger' exited 4 times before boot completed
[  522.238794][    T1] init: Sending SIGKILL to service 'zygote' (pid 1175) process group...
[  522.405164][    T1] libprocessgroup: Removed cgroup /sys/fs/cgroup/system/uid_0/pid_1175
[  522.407490][    T1] init: Command 'restart --only-if-running zygote' action=onrestart (<Service 'surfaceflinger' onrestart>:1) took 170ms and succeeded
[  522.419349][    T1] init: Service 'zygote' (pid 1175) received SIGKILL
[  522.419595][    T1] init: Sending SIGKILL to service 'zygote' (pid 1175) process group...
[  522.420075][    T1] libprocessgroup: Failed to write 1 to /sys/fs/cgroup/system/uid_0/pid_1175/cgroup.kill: No such file or directory
[  522.428015][    T1] libprocessgroup: Removing /sys/fs/cgroup/system/uid_9999/pid_648
[  522.429803][    T1] libprocessgroup: Removing /sys/fs/cgroup/system/uid_9999/pid_449
[  522.431248][    T1] libprocessgroup: Removing /sys/fs/cgroup/system/uid_9999/pid_656
[  522.432515][    T1] libprocessgroup: Removing /sys/fs/cgroup/system/uid_9999/pid_684
[  522.433810][    T1] libprocessgroup: Removing /sys/fs/cgroup/system/uid_9999/pid_664
[  522.435120][    T1] libprocessgroup: Removing /sys/fs/cgroup/system/uid_9999/pid_749
[  522.436011][    T1] libprocessgroup: Removing /sys/fs/cgroup/system/uid_9999/pid_654
[  522.436943][    T1] libprocessgroup: Removing /sys/fs/cgroup/system/uid_9999/pid_639
[  522.438167][    T1] libprocessgroup: Removing /sys/fs/cgroup/system/uid_9999/pid_751
[  522.439654][    T1] libprocessgroup: Removing /sys/fs/cgroup/system/uid_9999/pid_657
[  522.440659][    T1] libprocessgroup: Removing /sys/fs/cgroup/system/uid_9999/pid_683
[  522.442106][    T1] libprocessgroup: Removing /sys/fs/cgroup/system/uid_9999/pid_653
[  522.445895][    T1] libprocessgroup: Removing /sys/fs/cgroup/system/uid_9999/pid_643
[  522.447108][    T1] libprocessgroup: Removing /sys/fs/cgroup/system/uid_9999/pid_651
[  522.448032][    T1] libprocessgroup: Removing /sys/fs/cgroup/system/uid_9999/pid_641
[  522.449517][    T1] libprocessgroup: Removing /sys/fs/cgroup/system/uid_1001/pid_811
[  522.451204][    T1] libprocessgroup: Removing /sys/fs/cgroup/system/uid_1058/pid_478
[  522.453408][    T1] libprocessgroup: Removing /sys/fs/cgroup/system/uid_1076/pid_691
[  522.454934][    T1] libprocessgroup: Removing /sys/fs/cgroup/system/uid_1066/pid_606
[  522.456750][    T1] libprocessgroup: Removing /sys/fs/cgroup/system/uid_1084/pid_658
[  522.458818][    T1] libprocessgroup: Removing /sys/fs/cgroup/system/uid_1046/pid_810
[  522.460129][    T1] libprocessgroup: Removing /sys/fs/cgroup/system/uid_1036/pid_409
[  522.460957][    T1] libprocessgroup: Removing /sys/fs/cgroup/system/uid_1036/pid_798
[  522.462613][    T1] libprocessgroup: Removing /sys/fs/cgroup/system/uid_1064/pid_686
[  522.464101][    T1] libprocessgroup: Removing /sys/fs/cgroup/system/uid_1064/pid_622
[  522.466090][    T1] libprocessgroup: Removing /sys/fs/cgroup/system/uid_1092/pid_400
[  522.468894][    T1] libprocessgroup: Removing /sys/fs/cgroup/system/uid_1072/pid_697
[  522.470916][    T1] libprocessgroup: Removing /sys/fs/cgroup/system/uid_1080/pid_617
[  522.472047][    T1] libprocessgroup: Removing /sys/fs/cgroup/system/uid_1080/pid_633
[  522.473456][    T1] libprocessgroup: Removing /sys/fs/cgroup/system/uid_1040/pid_793
[  522.474720][    T1] libprocessgroup: Removing /sys/fs/cgroup/system/uid_1069/pid_410
[  522.476450][    T1] libprocessgroup: Removing /sys/fs/cgroup/system/uid_1002/pid_666
[  522.477592][    T1] libprocessgroup: Removing /sys/fs/cgroup/system/uid_1002/pid_674
[  522.478956][    T1] libprocessgroup: Removing /sys/fs/cgroup/system/uid_1002/pid_679
[  522.482837][    T1] libprocessgroup: Removing /sys/fs/cgroup/system/uid_1002/pid_667
[  522.484664][    T1] libprocessgroup: Removing /sys/fs/cgroup/system/uid_1002/pid_675
[  522.485869][    T1] libprocessgroup: Removing /sys/fs/cgroup/system/uid_1002/pid_678
[  522.487098][    T1] libprocessgroup: Removing /sys/fs/cgroup/system/uid_1002/pid_668
[  522.488632][    T1] libprocessgroup: Removing /sys/fs/cgroup/system/uid_1010/pid_665
[  522.489889][    T1] libprocessgroup: Removing /sys/fs/cgroup/system/uid_1067/pid_791
[  522.492979][    T1] libprocessgroup: Removing /sys/fs/cgroup/system/uid_1000/pid_646
[  522.493888][    T1] libprocessgroup: Removing /sys/fs/cgroup/system/uid_1000/pid_710
[  522.494695][    T1] libprocessgroup: Removing /sys/fs/cgroup/system/uid_1000/pid_616
[  522.495435][    T1] libprocessgroup: Removing /sys/fs/cgroup/system/uid_1000/pid_680
[  522.496576][    T1] libprocessgroup: Removing /sys/fs/cgroup/system/uid_1000/pid_642
[  522.497578][    T1] libprocessgroup: Removing /sys/fs/cgroup/system/uid_1000/pid_650
[  522.498520][    T1] libprocessgroup: Removing /sys/fs/cgroup/system/uid_1000/pid_640
[  522.499102][    T1] libprocessgroup: Removing /sys/fs/cgroup/system/uid_1000/pid_659
[  522.500035][    T1] libprocessgroup: Removing /sys/fs/cgroup/system/uid_1000/pid_649
[  522.500976][    T1] libprocessgroup: Removing /sys/fs/cgroup/system/uid_1000/pid_411
[  522.502338][    T1] libprocessgroup: Removing /sys/fs/cgroup/system/uid_1000/pid_647
[  522.503521][    T1] libprocessgroup: Removing /sys/fs/cgroup/system/uid_1000/pid_788
[  522.504213][    T1] libprocessgroup: Removing /sys/fs/cgroup/system/uid_1000/pid_448
[  522.505533][    T1] libprocessgroup: Removing /sys/fs/cgroup/system/uid_1000/pid_645
[  522.506187][    T1] libprocessgroup: Removing /sys/fs/cgroup/system/uid_1000/pid_597
[  522.507332][    T1] libprocessgroup: Removing /sys/fs/cgroup/system/uid_1000/pid_681
[  522.508032][    T1] libprocessgroup: Removing /sys/fs/cgroup/system/uid_1000/pid_812
[  522.508841][    T1] libprocessgroup: Removing /sys/fs/cgroup/system/uid_1000/pid_442
[  522.510419][    T1] libprocessgroup: Removing /sys/fs/cgroup/system/uid_1019/pid_730
[  522.511727][    T1] libprocessgroup: Removing /sys/fs/cgroup/system/uid_1047/pid_1177
[  522.512822][    T1] libprocessgroup: Removing /sys/fs/cgroup/system/uid_1047/pid_687
[  522.514400][    T1] libprocessgroup: Removing /sys/fs/cgroup/system/uid_1027/pid_685
[  522.515405][    T1] libprocessgroup: Removing /sys/fs/cgroup/system/uid_1083/pid_662
[  522.516923][    T1] libprocessgroup: Removing /sys/fs/cgroup/system/uid_1017/pid_443
[  522.518673][    T1] libprocessgroup: Removing /sys/fs/cgroup/system/uid_0/pid_704
[  522.519549][    T1] libprocessgroup: Removing /sys/fs/cgroup/system/uid_0/pid_815
[  522.520455][    T1] libprocessgroup: Removing /sys/fs/cgroup/system/uid_0/pid_644
[  522.521487][    T1] libprocessgroup: Removing /sys/fs/cgroup/system/uid_0/pid_795
[  522.522404][    T1] libprocessgroup: Removing /sys/fs/cgroup/system/uid_0/pid_813
[  522.523456][    T1] libprocessgroup: Removing /sys/fs/cgroup/system/uid_0/pid_483
[  522.524365][    T1] libprocessgroup: Removing /sys/fs/cgroup/system/uid_0/pid_116
[  522.525526][    T1] libprocessgroup: Removing /sys/fs/cgroup/system/uid_0/pid_446
[  522.527146][    T1] libprocessgroup: Removing /sys/fs/cgroup/system/uid_0/pid_426
[  522.528109][    T1] libprocessgroup: Removing /sys/fs/cgroup/system/uid_0/pid_444
[  522.528882][    T1] libprocessgroup: Removing /sys/fs/cgroup/system/uid_0/pid_1180
[  522.529944][    T1] libprocessgroup: Removing /sys/fs/cgroup/system/uid_0/pid_792
[  522.530781][    T1] libprocessgroup: Removing /sys/fs/cgroup/system/uid_0/pid_716
[  522.532400][    T1] libprocessgroup: Removing /sys/fs/cgroup/system/uid_1013/pid_628
[  522.533101][    T1] libprocessgroup: Removing /sys/fs/cgroup/system/uid_1013/pid_1178
[  522.534089][    T1] libprocessgroup: Removing /sys/fs/cgroup/system/uid_1013/pid_637
[  522.535188][    T1] libprocessgroup: Removing /sys/fs/cgroup/system/uid_1013/pid_794
[  522.536819][    T1] libprocessgroup: Removing /sys/fs/cgroup/system/uid_1041/pid_1183
[  522.537705][    T1] libprocessgroup: Removing /sys/fs/cgroup/system/uid_1041/pid_612
[  522.538804][    T1] libprocessgroup: Removing /sys/fs/cgroup/system/uid_1041/pid_1176
[  522.539683][    T1] libprocessgroup: Removing /sys/fs/cgroup/system/uid_1041/pid_1182
[  522.546736][    T1] init: starting service 'exec 28 (/system/bin/vdc volume abort_fuse)'...
[  522.604102][  T411] servicemanager: Caller(pid=1176,uid=1041,sid=u:r:audioserver:s0) Since 'activity' could not be found trying to start it as a lazy AIDL service. (if it's not configured to be a lazy service, it may be stuck starting or still starting).
[  522.637965][    T1] libprocessgroup: Created cgroup /sys/fs/cgroup/system/uid_1000/pid_1258
[  522.652261][    T1] init: ... started service 'exec 28 (/system/bin/vdc volume abort_fuse)' has pid 1258
[  522.655725][    T1] init: Command 'exec_background - system system -- /system/bin/vdc volume abort_fuse' action=onrestart (<Service 'zygote' onrestart>:1) took 115ms and succeeded
[  522.670555][    T1] init: Command 'write /sys/power/state on' action=onrestart (<Service 'zygote' onrestart>:2) took 11ms and failed: Unable to write to file '/sys/power/state': Unable to write file contents: Invalid argument
[  522.677719][    T1] init: Sending SIGKILL to service 'audioserver' (pid 1176) process group...
[  522.856884][    T1] libprocessgroup: Removed cgroup /sys/fs/cgroup/system/uid_1041/pid_1176
[  522.875224][    T1] init: Command 'restart audioserver' action=onrestart (<Service 'zygote' onrestart>:4) took 197ms and succeeded
[  522.896408][    T1] init: Sending SIGKILL to service 'cameraserver' (pid 1177) process group...
[  522.956080][ T1258] libbinder.BackendUnifiedServiceManager: Thread Pool max thread count is 0. Cannot cache binder as linkToDeath cannot be implemented. serviceName: vold
[  523.021638][    T1] libprocessgroup: Removed cgroup /sys/fs/cgroup/system/uid_1047/pid_1177
[  523.029991][    T1] init: Command 'restart cameraserver' action=onrestart (<Service 'zygote' onrestart>:5) took 133ms and succeeded
[  523.030701][    T1] init: Sending SIGKILL to service 'media' (pid 1178) process group...
[  523.080961][    T1] libprocessgroup: Removed cgroup /sys/fs/cgroup/system/uid_1013/pid_1178
[  523.082041][    T1] init: Command 'restart media' action=onrestart (<Service 'zygote' onrestart>:6) took 51ms and succeeded
[  523.082595][    T1] init: Command 'restart --only-if-running media.tuner' action=onrestart (<Service 'zygote' onrestart>:7) took 0ms and failed: service media.tuner not found
[  523.083138][    T1] init: Sending SIGKILL to service 'netd' (pid 1180) process group...
[  523.172357][    T1] libprocessgroup: Removed cgroup /sys/fs/cgroup/system/uid_0/pid_1180
[  523.173152][    T1] init: Command 'restart netd' action=onrestart (<Service 'zygote' onrestart>:8) took 90ms and succeeded
[  523.173532][    T1] init: Command 'restart wificond' action=onrestart (<Service 'zygote' onrestart>:9) took 0ms and failed: service wificond not found
[  523.205544][    T1] init: Service 'audioserver' (pid 1176) received SIGKILL
[  523.205905][    T1] init: Sending SIGKILL to service 'audioserver' (pid 1176) process group...
[  523.206225][    T1] libprocessgroup: Failed to write 1 to /sys/fs/cgroup/system/uid_1041/pid_1176/cgroup.kill: No such file or directory
[  523.207161][    T1] init: Command 'restart vendor.audio-hal' action=onrestart (<Service 'audioserver' onrestart>:1) took 0ms and failed: service vendor.audio-hal not found
[  523.207669][    T1] init: Sending SIGKILL to service 'vendor.audio-hal-aidl' (pid 1182) process group...
[  523.235443][    T1] libprocessgroup: Removed cgroup /sys/fs/cgroup/system/uid_1041/pid_1182
[  523.237181][    T1] init: Sending SIGKILL to service 'vendor.audio-effect-hal-aidl' (pid 1183) process group...
[  523.258528][    T1] libprocessgroup: Removed cgroup /sys/fs/cgroup/system/uid_1041/pid_1183
[  523.259974][    T1] init: Command 'restart vendor.audio-hal-4-0-msd' action=onrestart (<Service 'audioserver' onrestart>:4) took 0ms and failed: service vendor.audio-hal-4-0-msd not found
[  523.260785][    T1] init: Command 'restart audio_proxy_service' action=onrestart (<Service 'audioserver' onrestart>:5) took 0ms and failed: service audio_proxy_service not found
[  523.270577][    T1] init: Service 'cameraserver' (pid 1177) received SIGKILL
[  523.270950][    T1] init: Sending SIGKILL to service 'cameraserver' (pid 1177) process group...
[  523.271479][    T1] libprocessgroup: Failed to write 1 to /sys/fs/cgroup/system/uid_1047/pid_1177/cgroup.kill: No such file or directory
[  523.280804][    T1] init: Service 'media' (pid 1178) received SIGKILL
[  523.281100][    T1] init: Sending SIGKILL to service 'media' (pid 1178) process group...
[  523.281428][    T1] libprocessgroup: Failed to write 1 to /sys/fs/cgroup/system/uid_1013/pid_1178/cgroup.kill: No such file or directory
[  523.293933][    T1] init: Service 'netd' (pid 1180) received SIGKILL
[  523.294165][    T1] init: Sending SIGKILL to service 'netd' (pid 1180) process group...
[  523.294474][    T1] libprocessgroup: Failed to write 1 to /sys/fs/cgroup/system/uid_0/pid_1180/cgroup.kill: No such file or directory
[  523.295720][    T1] init: Command 'restart zygote_secondary' action=onrestart (<Service 'netd' onrestart>:2) took 0ms and failed: service zygote_secondary not found
[  523.299811][    T1] init: Service 'vendor.audio-hal-aidl' (pid 1182) received SIGKILL
[  523.300389][    T1] init: Sending SIGKILL to service 'vendor.audio-hal-aidl' (pid 1182) process group...
[  523.300697][    T1] libprocessgroup: Failed to write 1 to /sys/fs/cgroup/system/uid_1041/pid_1182/cgroup.kill: No such file or directory
[  523.311551][    T1] init: Service 'vendor.audio-effect-hal-aidl' (pid 1183) received SIGKILL
[  523.311883][    T1] init: Sending SIGKILL to service 'vendor.audio-effect-hal-aidl' (pid 1183) process group...
[  523.312215][    T1] libprocessgroup: Failed to write 1 to /sys/fs/cgroup/system/uid_1041/pid_1183/cgroup.kill: No such file or directory
[  523.314313][    T1] init: Untracked process (pid: 1224 name: (surfaceflinger) ppid: 1 pgrp: 1224 state: Z) exited with status 0
[  523.314694][    T1] init: Untracked process (pid: 1224 name: (surfaceflinger) ppid: 1 pgrp: 1224 state: Z) did not have an associated service entry and will not be reaped
[  523.315596][    T1] init: Service 'exec 28 (/system/bin/vdc volume abort_fuse)' (pid 1258) exited with status 0 oneshot service took 0.691000 seconds in background
[  523.316043][    T1] init: Sending SIGKILL to service 'exec 28 (/system/bin/vdc volume abort_fuse)' (pid 1258) process group...
[  523.316548][    T1] libprocessgroup: Removed cgroup /sys/fs/cgroup/system/uid_1000/pid_1258
[  523.317328][    T1] init: Untracked process (pid: 1184 name: (iptables-restor) ppid: 1 pgrp: 1180 state: Z) received SIGKILL
[  523.317797][    T1] init: Untracked process (pid: 1184 name: (iptables-restor) ppid: 1 pgrp: 1180 state: Z) did not have an associated service entry and will not be reaped
[  523.318907][    T1] init: Untracked process (pid: 1185 name: (ip6tables-resto) ppid: 1 pgrp: 1180 state: Z) received SIGKILL
[  523.319580][    T1] init: Untracked process (pid: 1185 name: (ip6tables-resto) ppid: 1 pgrp: 1180 state: Z) did not have an associated service entry and will not be reaped
[  523.320160][    T1] init: Control message: Could not find 'aidl/activity' for ctl.interface_start from pid: 411 (/system/bin/servicemanager)
[  523.321718][    T1] init: processing action (sys.init.updatable_crashing=1) from (/system/etc/init/flags_health_check.rc:10)
[  523.322050][ T1257] servicemanager: Caller(pid=1176,uid=1041,sid=u:r:audioserver:s0) Tried to start aidl service activity as a lazy service, but was unable to. Usually this happens when a service is not installed, but if the service is intended to be used as a lazy service, then it may be configured incorrectly.
[  523.323821][    T1] init: starting service 'exec 29 (/system/bin/flags_health_check UPDATABLE_CRASHING)'...
[  523.335938][    T1] libprocessgroup: Created cgroup /sys/fs/cgroup/system/uid_1000/pid_1260
[  523.367233][    T1] init: ... started service 'exec 29 (/system/bin/flags_health_check UPDATABLE_CRASHING)' has pid 1260
[  523.368509][    T1] init: SVC_EXEC service 'exec 29 (/system/bin/flags_health_check UPDATABLE_CRASHING)' pid 1260 (uid 1000 gid 1000+0 context default) started; waiting...
[  523.371991][    T1] init: starting service 'zygote'...
[  523.374785][    T1] init: Created socket '/dev/socket/zygote', mode 660, user 0, group 1000
[  523.375708][    T1] init: Created socket '/dev/socket/usap_pool_primary', mode 660, user 0, group 1000
[  523.395634][    T1] libprocessgroup: Created cgroup /sys/fs/cgroup/system/uid_0/pid_1261
[  523.427209][    T1] init: ... started service 'zygote' has pid 1261
[  523.433467][    T1] init: starting service 'audioserver'...
[  523.465615][    T1] libprocessgroup: Created cgroup /sys/fs/cgroup/system/uid_1041/pid_1262
[  523.481678][    T1] init: ... started service 'audioserver' has pid 1262
[  523.487744][    T1] init: starting service 'cameraserver'...
[  523.519012][    T1] libprocessgroup: Created cgroup /sys/fs/cgroup/system/uid_1047/pid_1263
[  523.545800][    T1] init: ... started service 'cameraserver' has pid 1263
[  523.551939][    T1] init: starting service 'media'...
[  523.571680][    T1] libprocessgroup: Created cgroup /sys/fs/cgroup/system/uid_1013/pid_1264
[  523.594741][    T1] init: ... started service 'media' has pid 1264
[  523.597957][    T1] init: starting service 'netd'...
[  523.600803][    T1] init: Created socket '/dev/socket/dnsproxyd', mode 660, user 0, group 3003
[  523.605535][    T1] init: Created socket '/dev/socket/mdns', mode 660, user 0, group 1000
[  523.611548][    T1] init: Created socket '/dev/socket/fwmarkd', mode 660, user 0, group 3003
[  523.627554][    T1] libprocessgroup: Created cgroup /sys/fs/cgroup/system/uid_0/pid_1265
[  523.643344][    T1] init: ... started service 'netd' has pid 1265
[  523.648890][    T1] init: starting service 'surfaceflinger'...
[  523.680721][    T1] libprocessgroup: Created cgroup /sys/fs/cgroup/system/uid_1000/pid_1266
[  523.716840][    T1] init: ... started service 'surfaceflinger' has pid 1266
[  523.723792][    T1] init: starting service 'vendor.audio-hal-aidl'...
[  523.743025][    T1] libprocessgroup: Created cgroup /sys/fs/cgroup/system/uid_1041/pid_1267
[  523.771769][    T1] init: ... started service 'vendor.audio-hal-aidl' has pid 1267
[  523.779802][    T1] init: starting service 'vendor.audio-effect-hal-aidl'...
[  523.788586][    T1] libprocessgroup: Created cgroup /sys/fs/cgroup/system/uid_1041/pid_1268
[  523.810253][    T1] init: ... started service 'vendor.audio-effect-hal-aidl' has pid 1268
[  523.814344][    T1] init: Service 'exec 29 (/system/bin/flags_health_check UPDATABLE_CRASHING)' (pid 1260) exited with status 0 waiting took 0.480000 seconds
[  523.824780][    T1] init: Sending SIGKILL to service 'exec 29 (/system/bin/flags_health_check UPDATABLE_CRASHING)' (pid 1260) process group...
[  523.832848][    T1] libprocessgroup: Removed cgroup /sys/fs/cgroup/system/uid_1000/pid_1260
[  523.841922][    T1] init: processing action (init.svc.media=*) from (/system/etc/init/mediaserver.rc:1)
[  523.847550][    T1] init: processing action (init.svc.media=*) from (/system/etc/init/mediaserver.rc:1)
[  523.853962][    T1] init: processing action (init.svc.audioserver=running) from (/system/etc/init/audioserver.rc:43)
[  523.860101][    T1] init: Command 'start vendor.audio-hal' action=init.svc.audioserver=running (/system/etc/init/audioserver.rc:44) took 1ms and failed: service vendor.audio-hal not found
[  523.869092][    T1] init: service 'vendor.audio-hal-aidl' requested start, but it is already running (flags: 4, pid: 1267, started 127ms ago)
[  523.878604][    T1] init: service 'vendor.audio-effect-hal-aidl' requested start, but it is already running (flags: 4, pid: 1268, started 92ms ago)
[  523.890798][    T1] init: Command 'start vendor.audio-hal-4-0-msd' action=init.svc.audioserver=running (/system/etc/init/audioserver.rc:47) took 0ms and failed: service vendor.audio-hal-4-0-msd not found
[  523.900765][    T1] init: Command 'start audio_proxy_service' action=init.svc.audioserver=running (/system/etc/init/audioserver.rc:48) took 0ms and failed: service audio_proxy_service not found
[  523.910569][    T1] init: processing action (init.svc.media=*) from (/system/etc/init/mediaserver.rc:1)
[  525.331644][  T425] type=1325 audit(1791396176.732:562): table=filter family=2 entries=81 op=xt_replace subj=u:r:netd:s0 comm="iptables-restor"
[  525.350830][  T425] type=1300 audit(1791396176.732:562): arch=c00000b7 syscall=208 success=yes exit=0 a0=4 a1=0 a2=40 a3=b4000078be811430 items=0 ppid=1265 auid=4294967295 uid=0 gid=0 euid=0 suid=0 fsuid=0 egid=0 sgid=0 fsgid=0 tty=(none) ses=4294967295 comm="iptables-restor" exe="/system/bin/iptables" subj=u:r:netd:s0 key=(null)
[  525.384803][  T425] type=1327 audit(1791396176.732:562): proctitle=2F73797374656D2F62696E2F69707461626C65732D726573746F7265002D2D6E6F666C757368002D77002D76
[  525.407676][  T425] type=1320 audit(1791396176.732:562): 
[  525.721739][  T425] type=1325 audit(1791396177.128:563): table=filter family=10 entries=81 op=xt_replace subj=u:r:netd:s0 comm="ip6tables-resto"
[  525.768891][  T425] type=1300 audit(1791396177.128:563): arch=c00000b7 syscall=208 success=yes exit=0 a0=4 a1=29 a2=40 a3=b400007194816630 items=0 ppid=1265 auid=4294967295 uid=0 gid=0 euid=0 suid=0 fsuid=0 egid=0 sgid=0 fsgid=0 tty=(none) ses=4294967295 comm="ip6tables-resto" exe="/system/bin/iptables" subj=u:r:netd:s0 key=(null)
[  525.793134][  T425] type=1327 audit(1791396177.128:563): proctitle=2F73797374656D2F62696E2F6970367461626C65732D726573746F7265002D2D6E6F666C757368002D77002D76
[  525.805089][  T425] type=1320 audit(1791396177.128:563): 
[  525.862838][  T425] type=1325 audit(1791396177.264:564): table=filter family=2 entries=77 op=xt_replace subj=u:r:netd:s0 comm="iptables-restor"
[  525.881100][  T425] type=1300 audit(1791396177.264:564): arch=c00000b7 syscall=208 success=yes exit=0 a0=4 a1=0 a2=40 a3=b4000078be811430 items=0 ppid=1265 auid=4294967295 uid=0 gid=0 euid=0 suid=0 fsuid=0 egid=0 sgid=0 fsgid=0 tty=(none) ses=4294967295 comm="iptables-restor" exe="/system/bin/iptables" subj=u:r:netd:s0 key=(null)
[  525.904675][  T425] type=1327 audit(1791396177.264:564): proctitle=2F73797374656D2F62696E2F69707461626C65732D726573746F7265002D2D6E6F666C757368002D77002D76
[  525.914472][  T425] type=1320 audit(1791396177.264:564): 
[  525.917600][  T425] type=1325 audit(1791396177.276:565): table=filter family=10 entries=77 op=xt_replace subj=u:r:netd:s0 comm="ip6tables-resto"
[  525.932664][  T425] type=1300 audit(1791396177.276:565): arch=c00000b7 syscall=208 success=yes exit=0 a0=4 a1=29 a2=40 a3=b400007194816630 items=0 ppid=1265 auid=4294967295 uid=0 gid=0 euid=0 suid=0 fsuid=0 egid=0 sgid=0 fsgid=0 tty=(none) ses=4294967295 comm="ip6tables-resto" exe="/system/bin/iptables" subj=u:r:netd:s0 key=(null)
[  525.962970][  T425] type=1327 audit(1791396177.276:565): proctitle=2F73797374656D2F62696E2F6970367461626C65732D726573746F7265002D2D6E6F666C757368002D77002D76
[  525.969600][  T425] type=1320 audit(1791396177.276:565): 
[  525.973411][  T425] type=1325 audit(1791396177.284:566): table=raw family=2 entries=16 op=xt_replace subj=u:r:netd:s0 comm="iptables-restor"
[  525.984954][  T425] type=1300 audit(1791396177.284:566): arch=c00000b7 syscall=208 success=yes exit=0 a0=4 a1=0 a2=40 a3=b4000079ce8088a0 items=0 ppid=1265 auid=4294967295 uid=0 gid=0 euid=0 suid=0 fsuid=0 egid=0 sgid=0 fsgid=0 tty=(none) ses=4294967295 comm="iptables-restor" exe="/system/bin/iptables" subj=u:r:netd:s0 key=(null)
[  526.007869][  T425] type=1327 audit(1791396177.284:566): proctitle=2F73797374656D2F62696E2F69707461626C65732D726573746F7265002D2D6E6F666C757368002D77002D76
[  526.018769][  T425] type=1320 audit(1791396177.284:566): 
[  526.020708][  T425] type=1325 audit(1791396177.296:567): table=raw family=10 entries=16 op=xt_replace subj=u:r:netd:s0 comm="ip6tables-resto"
[  526.029935][  T425] type=1300 audit(1791396177.296:567): arch=c00000b7 syscall=208 success=yes exit=0 a0=4 a1=29 a2=40 a3=b4000071b48040d0 items=0 ppid=1265 auid=4294967295 uid=0 gid=0 euid=0 suid=0 fsuid=0 egid=0 sgid=0 fsgid=0 tty=(none) ses=4294967295 comm="ip6tables-resto" exe="/system/bin/iptables" subj=u:r:netd:s0 key=(null)
[  526.052666][  T425] type=1327 audit(1791396177.296:567): proctitle=2F73797374656D2F62696E2F6970367461626C65732D726573746F7265002D2D6E6F666C757368002D77002D76
[  526.081249][  T425] type=1320 audit(1791396177.296:567): 
[  526.089978][  T425] type=1325 audit(1791396177.304:568): table=mangle family=2 entries=37 op=xt_replace subj=u:r:netd:s0 comm="iptables-restor"
[  526.102737][  T425] type=1300 audit(1791396177.304:568): arch=c00000b7 syscall=208 success=yes exit=0 a0=4 a1=0 a2=40 a3=b40000794e8117b0 items=0 ppid=1265 auid=4294967295 uid=0 gid=0 euid=0 suid=0 fsuid=0 egid=0 sgid=0 fsgid=0 tty=(none) ses=4294967295 comm="iptables-restor" exe="/system/bin/iptables" subj=u:r:netd:s0 key=(null)
[  526.263044][  T425] type=1327 audit(1791396177.304:568): proctitle=2F73797374656D2F62696E2F69707461626C65732D726573746F7265002D2D6E6F666C757368002D77002D76
[  526.281217][  T425] type=1320 audit(1791396177.304:568): 
[  526.284279][  T425] type=1325 audit(1791396177.320:569): table=mangle family=10 entries=36 op=xt_replace subj=u:r:netd:s0 comm="ip6tables-resto"
[  526.293499][  T425] type=1300 audit(1791396177.320:569): arch=c00000b7 syscall=208 success=yes exit=0 a0=4 a1=29 a2=40 a3=b40000705480a8c0 items=0 ppid=1265 auid=4294967295 uid=0 gid=0 euid=0 suid=0 fsuid=0 egid=0 sgid=0 fsgid=0 tty=(none) ses=4294967295 comm="ip6tables-resto" exe="/system/bin/iptables" subj=u:r:netd:s0 key=(null)
[  526.313069][  T425] type=1327 audit(1791396177.320:569): proctitle=2F73797374656D2F62696E2F6970367461626C65732D726573746F7265002D2D6E6F666C757368002D77002D76
[  526.341237][  T425] type=1320 audit(1791396177.320:569): 
[  526.345773][  T425] type=1325 audit(1791396177.324:570): table=mangle family=2 entries=36 op=xt_replace subj=u:r:netd:s0 comm="iptables-restor"
[  526.367607][  T425] type=1300 audit(1791396177.324:570): arch=c00000b7 syscall=208 success=yes exit=0 a0=4 a1=0 a2=40 a3=b40000794e8117b0 items=0 ppid=1265 auid=4294967295 uid=0 gid=0 euid=0 suid=0 fsuid=0 egid=0 sgid=0 fsgid=0 tty=(none) ses=4294967295 comm="iptables-restor" exe="/system/bin/iptables" subj=u:r:netd:s0 key=(null)
[  526.387017][  T425] type=1327 audit(1791396177.324:570): proctitle=2F73797374656D2F62696E2F69707461626C65732D726573746F7265002D2D6E6F666C757368002D77002D76
[  526.396580][  T425] type=1320 audit(1791396177.324:570): 
[  526.401103][  T425] type=1325 audit(1791396177.332:571): table=mangle family=10 entries=36 op=xt_replace subj=u:r:netd:s0 comm="ip6tables-resto"
[  526.413242][  T425] type=1300 audit(1791396177.332:571): arch=c00000b7 syscall=208 success=yes exit=0 a0=4 a1=29 a2=40 a3=b4000070e480d640 items=0 ppid=1265 auid=4294967295 uid=0 gid=0 euid=0 suid=0 fsuid=0 egid=0 sgid=0 fsgid=0 tty=(none) ses=4294967295 comm="ip6tables-resto" exe="/system/bin/iptables" subj=u:r:netd:s0 key=(null)
[  526.435788][  T425] type=1327 audit(1791396177.332:571): proctitle=2F73797374656D2F62696E2F6970367461626C65732D726573746F7265002D2D6E6F666C757368002D77002D76
[  526.444452][  T425] type=1320 audit(1791396177.332:571): 
[  526.447742][  T425] type=1325 audit(1791396177.336:572): table=mangle family=2 entries=35 op=xt_replace subj=u:r:netd:s0 comm="iptables-restor"
[  526.460769][  T425] type=1300 audit(1791396177.336:572): arch=c00000b7 syscall=208 success=yes exit=0 a0=4 a1=0 a2=40 a3=b40000794e8117b0 items=0 ppid=1265 auid=4294967295 uid=0 gid=0 euid=0 suid=0 fsuid=0 egid=0 sgid=0 fsgid=0 tty=(none) ses=4294967295 comm="iptables-restor" exe="/system/bin/iptables" subj=u:r:netd:s0 key=(null)
[  526.475707][  T425] type=1327 audit(1791396177.336:572): proctitle=2F73797374656D2F62696E2F69707461626C65732D726573746F7265002D2D6E6F666C757368002D77002D76
[  526.483119][  T425] type=1320 audit(1791396177.336:572): 
[  526.487783][  T425] type=1325 audit(1791396177.336:573): table=mangle family=10 entries=35 op=xt_replace subj=u:r:netd:s0 comm="ip6tables-resto"
[  526.495269][  T425] type=1300 audit(1791396177.336:573): arch=c00000b7 syscall=208 success=yes exit=0 a0=4 a1=29 a2=40 a3=b4000070e4807010 items=0 ppid=1265 auid=4294967295 uid=0 gid=0 euid=0 suid=0 fsuid=0 egid=0 sgid=0 fsgid=0 tty=(none) ses=4294967295 comm="ip6tables-resto" exe="/system/bin/iptables" subj=u:r:netd:s0 key=(null)
[  526.511782][  T425] type=1327 audit(1791396177.336:573): proctitle=2F73797374656D2F62696E2F6970367461626C65732D726573746F7265002D2D6E6F666C757368002D77002D76
[  526.522627][  T425] type=1320 audit(1791396177.336:573): 
[  526.525435][  T425] type=1325 audit(1791396177.352:574): table=nat family=2 entries=11 op=xt_replace subj=u:r:netd:s0 comm="iptables-restor"
[  526.535370][  T425] type=1300 audit(1791396177.352:574): arch=c00000b7 syscall=208 success=yes exit=0 a0=4 a1=0 a2=40 a3=b4000079ce807010 items=0 ppid=1265 auid=4294967295 uid=0 gid=0 euid=0 suid=0 fsuid=0 egid=0 sgid=0 fsgid=0 tty=(none) ses=4294967295 comm="iptables-restor" exe="/system/bin/iptables" subj=u:r:netd:s0 key=(null)
[  526.555569][  T425] type=1327 audit(1791396177.352:574): proctitle=2F73797374656D2F62696E2F69707461626C65732D726573746F7265002D2D6E6F666C757368002D77002D76
[  526.563817][  T425] type=1320 audit(1791396177.352:574): 
[  526.567752][  T425] type=1325 audit(1791396177.356:575): table=nat family=2 entries=11 op=xt_replace subj=u:r:netd:s0 comm="iptables-restor"
[  526.576580][  T425] type=1300 audit(1791396177.356:575): arch=c00000b7 syscall=208 success=yes exit=0 a0=4 a1=0 a2=40 a3=b4000079ce807010 items=0 ppid=1265 auid=4294967295 uid=0 gid=0 euid=0 suid=0 fsuid=0 egid=0 sgid=0 fsgid=0 tty=(none) ses=4294967295 comm="iptables-restor" exe="/system/bin/iptables" subj=u:r:netd:s0 key=(null)
[  526.589468][  T425] type=1327 audit(1791396177.356:575): proctitle=2F73797374656D2F62696E2F69707461626C65732D726573746F7265002D2D6E6F666C757368002D77002D76
[  526.599258][  T425] type=1320 audit(1791396177.356:575): 
[  526.600131][  T425] type=1325 audit(1791396177.364:576): table=filter family=2 entries=76 op=xt_replace subj=u:r:netd:s0 comm="iptables-restor"
[  526.606599][  T425] type=1300 audit(1791396177.364:576): arch=c00000b7 syscall=208 success=yes exit=0 a0=4 a1=0 a2=40 a3=b4000078be811430 items=0 ppid=1265 auid=4294967295 uid=0 gid=0 euid=0 suid=0 fsuid=0 egid=0 sgid=0 fsgid=0 tty=(none) ses=4294967295 comm="iptables-restor" exe="/system/bin/iptables" subj=u:r:netd:s0 key=(null)
[  526.624763][  T425] type=1327 audit(1791396177.364:576): proctitle=2F73797374656D2F62696E2F69707461626C65732D726573746F7265002D2D6E6F666C757368002D77002D76
[  526.635094][  T425] type=1320 audit(1791396177.364:576): 
[  526.637784][  T425] type=1325 audit(1791396177.372:577): table=filter family=10 entries=77 op=xt_replace subj=u:r:netd:s0 comm="ip6tables-resto"
[  526.646765][  T425] type=1300 audit(1791396177.372:577): arch=c00000b7 syscall=208 success=yes exit=0 a0=4 a1=29 a2=40 a3=b400007194816630 items=0 ppid=1265 auid=4294967295 uid=0 gid=0 euid=0 suid=0 fsuid=0 egid=0 sgid=0 fsgid=0 tty=(none) ses=4294967295 comm="ip6tables-resto" exe="/system/bin/iptables" subj=u:r:netd:s0 key=(null)
[  526.681178][  T425] type=1327 audit(1791396177.372:577): proctitle=2F73797374656D2F62696E2F6970367461626C65732D726573746F7265002D2D6E6F666C757368002D77002D76
[  526.693736][  T425] type=1320 audit(1791396177.372:577): 
[  526.696067][  T425] type=1325 audit(1791396177.380:578): table=mangle family=2 entries=34 op=xt_replace subj=u:r:netd:s0 comm="iptables-restor"
[  526.713228][  T425] type=1300 audit(1791396177.380:578): arch=c00000b7 syscall=208 success=yes exit=0 a0=4 a1=0 a2=40 a3=b40000794e8117b0 items=0 ppid=1265 auid=4294967295 uid=0 gid=0 euid=0 suid=0 fsuid=0 egid=0 sgid=0 fsgid=0 tty=(none) ses=4294967295 comm="iptables-restor" exe="/system/bin/iptables" subj=u:r:netd:s0 key=(null)
[  526.733376][  T425] type=1327 audit(1791396177.380:578): proctitle=2F73797374656D2F62696E2F69707461626C65732D726573746F7265002D2D6E6F666C757368002D77002D76
[  526.740777][  T425] type=1320 audit(1791396177.380:578): 
[  526.744478][  T425] type=1325 audit(1791396177.388:579): table=mangle family=10 entries=34 op=xt_replace subj=u:r:netd:s0 comm="ip6tables-resto"
[  526.754913][  T425] type=1300 audit(1791396177.388:579): arch=c00000b7 syscall=208 success=yes exit=0 a0=4 a1=29 a2=40 a3=b40000720480e010 items=0 ppid=1265 auid=4294967295 uid=0 gid=0 euid=0 suid=0 fsuid=0 egid=0 sgid=0 fsgid=0 tty=(none) ses=4294967295 comm="ip6tables-resto" exe="/system/bin/iptables" subj=u:r:netd:s0 key=(null)
[  526.778589][  T425] type=1327 audit(1791396177.388:579): proctitle=2F73797374656D2F62696E2F6970367461626C65732D726573746F7265002D2D6E6F666C757368002D77002D76
[  526.782622][  T425] type=1320 audit(1791396177.388:579): 
[  526.787571][  T425] type=1325 audit(1791396177.388:580): table=filter family=2 entries=75 op=xt_replace subj=u:r:netd:s0 comm="iptables-restor"
[  526.797648][  T425] type=1300 audit(1791396177.388:580): arch=c00000b7 syscall=208 success=yes exit=0 a0=4 a1=0 a2=40 a3=b4000078be811430 items=0 ppid=1265 auid=4294967295 uid=0 gid=0 euid=0 suid=0 fsuid=0 egid=0 sgid=0 fsgid=0 tty=(none) ses=4294967295 comm="iptables-restor" exe="/system/bin/iptables" subj=u:r:netd:s0 key=(null)
[  526.814510][  T425] type=1327 audit(1791396177.388:580): proctitle=2F73797374656D2F62696E2F69707461626C65732D726573746F7265002D2D6E6F666C757368002D77002D76
[  526.818667][  T425] type=1320 audit(1791396177.388:580): 
[  526.824609][  T425] type=1325 audit(1791396177.392:581): table=filter family=10 entries=75 op=xt_replace subj=u:r:netd:s0 comm="ip6tables-resto"
[  526.833686][  T425] type=1300 audit(1791396177.392:581): arch=c00000b7 syscall=208 success=yes exit=0 a0=4 a1=29 a2=40 a3=b400007194816630 items=0 ppid=1265 auid=4294967295 uid=0 gid=0 euid=0 suid=0 fsuid=0 egid=0 sgid=0 fsgid=0 tty=(none) ses=4294967295 comm="ip6tables-resto" exe="/system/bin/iptables" subj=u:r:netd:s0 key=(null)
[  526.853401][  T425] type=1327 audit(1791396177.392:581): proctitle=2F73797374656D2F62696E2F6970367461626C65732D726573746F7265002D2D6E6F666C757368002D77002D76
[  526.861525][  T425] type=1320 audit(1791396177.392:581): 
[  526.865508][  T425] type=1325 audit(1791396177.392:582): table=filter family=2 entries=75 op=xt_replace subj=u:r:netd:s0 comm="iptables-restor"
[  526.873479][  T425] type=1300 audit(1791396177.392:582): arch=c00000b7 syscall=208 success=yes exit=0 a0=4 a1=0 a2=40 a3=b4000078be811430 items=0 ppid=1265 auid=4294967295 uid=0 gid=0 euid=0 suid=0 fsuid=0 egid=0 sgid=0 fsgid=0 tty=(none) ses=4294967295 comm="iptables-restor" exe="/system/bin/iptables" subj=u:r:netd:s0 key=(null)
[  526.896130][  T425] type=1327 audit(1791396177.392:582): proctitle=2F73797374656D2F62696E2F69707461626C65732D726573746F7265002D2D6E6F666C757368002D77002D76
[  526.904575][  T425] type=1320 audit(1791396177.392:582): 
[  526.905773][  T425] type=1325 audit(1791396177.392:583): table=nat family=2 entries=11 op=xt_replace subj=u:r:netd:s0 comm="iptables-restor"
[  526.921127][  T425] type=1300 audit(1791396177.392:583): arch=c00000b7 syscall=208 success=yes exit=0 a0=4 a1=0 a2=40 a3=b4000079ce807010 items=0 ppid=1265 auid=4294967295 uid=0 gid=0 euid=0 suid=0 fsuid=0 egid=0 sgid=0 fsgid=0 tty=(none) ses=4294967295 comm="iptables-restor" exe="/system/bin/iptables" subj=u:r:netd:s0 key=(null)
[  526.955180][  T425] type=1327 audit(1791396177.392:583): proctitle=2F73797374656D2F62696E2F69707461626C65732D726573746F7265002D2D6E6F666C757368002D77002D76
[  526.965286][  T425] type=1320 audit(1791396177.392:583): 
[  526.972810][  T425] type=1325 audit(1791396177.392:584): table=filter family=10 entries=76 op=xt_replace subj=u:r:netd:s0 comm="ip6tables-resto"
[  526.982549][  T425] type=1300 audit(1791396177.392:584): arch=c00000b7 syscall=208 success=yes exit=0 a0=4 a1=29 a2=40 a3=b400007194816630 items=0 ppid=1265 auid=4294967295 uid=0 gid=0 euid=0 suid=0 fsuid=0 egid=0 sgid=0 fsgid=0 tty=(none) ses=4294967295 comm="ip6tables-resto" exe="/system/bin/iptables" subj=u:r:netd:s0 key=(null)
[  527.007452][  T425] type=1327 audit(1791396177.392:584): proctitle=2F73797374656D2F62696E2F6970367461626C65732D726573746F7265002D2D6E6F666C757368002D77002D76
[  527.018449][  T425] type=1320 audit(1791396177.392:584): 
[  527.024968][  T425] type=1325 audit(1791396177.396:585): table=raw family=10 entries=12 op=xt_replace subj=u:r:netd:s0 comm="ip6tables-resto"
[  527.033620][  T425] type=1300 audit(1791396177.396:585): arch=c00000b7 syscall=208 success=yes exit=0 a0=4 a1=29 a2=40 a3=b4000071b4806560 items=0 ppid=1265 auid=4294967295 uid=0 gid=0 euid=0 suid=0 fsuid=0 egid=0 sgid=0 fsgid=0 tty=(none) ses=4294967295 comm="ip6tables-resto" exe="/system/bin/iptables" subj=u:r:netd:s0 key=(null)
[  527.068810][  T425] type=1327 audit(1791396177.396:585): proctitle=2F73797374656D2F62696E2F6970367461626C65732D726573746F7265002D2D6E6F666C757368002D77002D76
[  527.081727][  T425] type=1320 audit(1791396177.396:585): 
[  527.088420][  T425] type=1325 audit(1791396177.412:586): table=mangle family=2 entries=30 op=xt_replace subj=u:r:netd:s0 comm="iptables-restor"
[  527.104793][  T425] type=1300 audit(1791396177.412:586): arch=c00000b7 syscall=208 success=yes exit=0 a0=4 a1=0 a2=40 a3=b40000794e8117b0 items=0 ppid=1265 auid=4294967295 uid=0 gid=0 euid=0 suid=0 fsuid=0 egid=0 sgid=0 fsgid=0 tty=(none) ses=4294967295 comm="iptables-restor" exe="/system/bin/iptables" subj=u:r:netd:s0 key=(null)
[  527.125841][  T425] type=1327 audit(1791396177.412:586): proctitle=2F73797374656D2F62696E2F69707461626C65732D726573746F7265002D2D6E6F666C757368002D77002D76
[  527.137543][  T425] type=1320 audit(1791396177.412:586): 
[  527.141710][  T425] type=1325 audit(1791396177.416:587): table=filter family=2 entries=76 op=xt_replace subj=u:r:netd:s0 comm="iptables-restor"
[  527.149594][  T425] type=1300 audit(1791396177.416:587): arch=c00000b7 syscall=208 success=yes exit=0 a0=4 a1=0 a2=40 a3=b4000078be811430 items=0 ppid=1265 auid=4294967295 uid=0 gid=0 euid=0 suid=0 fsuid=0 egid=0 sgid=0 fsgid=0 tty=(none) ses=4294967295 comm="iptables-restor" exe="/system/bin/iptables" subj=u:r:netd:s0 key=(null)
[  527.172457][  T425] type=1327 audit(1791396177.416:587): proctitle=2F73797374656D2F62696E2F69707461626C65732D726573746F7265002D2D6E6F666C757368002D77002D76
[  527.182641][  T425] type=1320 audit(1791396177.416:587): 
[  527.188072][  T425] type=1325 audit(1791396177.420:588): table=filter family=10 entries=76 op=xt_replace subj=u:r:netd:s0 comm="ip6tables-resto"
[  527.196612][  T425] type=1300 audit(1791396177.420:588): arch=c00000b7 syscall=208 success=yes exit=0 a0=4 a1=29 a2=40 a3=b400007194816630 items=0 ppid=1265 auid=4294967295 uid=0 gid=0 euid=0 suid=0 fsuid=0 egid=0 sgid=0 fsgid=0 tty=(none) ses=4294967295 comm="ip6tables-resto" exe="/system/bin/iptables" subj=u:r:netd:s0 key=(null)
[  527.221739][  T425] type=1327 audit(1791396177.420:588): proctitle=2F73797374656D2F62696E2F6970367461626C65732D726573746F7265002D2D6E6F666C757368002D77002D76
[  527.231075][  T425] type=1320 audit(1791396177.420:588): 
[  527.235209][  T425] type=1325 audit(1791396177.428:589): table=filter family=2 entries=76 op=xt_replace subj=u:r:netd:s0 comm="iptables-restor"
[  527.247671][  T425] type=1300 audit(1791396177.428:589): arch=c00000b7 syscall=208 success=yes exit=0 a0=4 a1=0 a2=40 a3=b40000785e815030 items=0 ppid=1265 auid=4294967295 uid=0 gid=0 euid=0 suid=0 fsuid=0 egid=0 sgid=0 fsgid=0 tty=(none) ses=4294967295 comm="iptables-restor" exe="/system/bin/iptables" subj=u:r:netd:s0 key=(null)
[  527.269702][  T425] type=1327 audit(1791396177.428:589): proctitle=2F73797374656D2F62696E2F69707461626C65732D726573746F7265002D2D6E6F666C757368002D77002D76
[  527.291688][  T425] type=1320 audit(1791396177.428:589): 
[  527.294661][  T425] type=1325 audit(1791396177.432:590): table=raw family=2 entries=12 op=xt_replace subj=u:r:netd:s0 comm="iptables-restor"
[  527.305472][  T425] type=1300 audit(1791396177.432:590): arch=c00000b7 syscall=208 success=yes exit=0 a0=4 a1=0 a2=40 a3=b4000079ce807010 items=0 ppid=1265 auid=4294967295 uid=0 gid=0 euid=0 suid=0 fsuid=0 egid=0 sgid=0 fsgid=0 tty=(none) ses=4294967295 comm="iptables-restor" exe="/system/bin/iptables" subj=u:r:netd:s0 key=(null)
[  527.331848][  T425] type=1327 audit(1791396177.432:590): proctitle=2F73797374656D2F62696E2F69707461626C65732D726573746F7265002D2D6E6F666C757368002D77002D76
[  527.340706][  T425] type=1320 audit(1791396177.432:590): 
[  527.348756][  T425] type=1325 audit(1791396177.432:591): table=mangle family=2 entries=31 op=xt_replace subj=u:r:netd:s0 comm="iptables-restor"
[  527.360453][  T425] type=1300 audit(1791396177.432:591): arch=c00000b7 syscall=208 success=yes exit=0 a0=4 a1=0 a2=40 a3=b40000794e8117b0 items=0 ppid=1265 auid=4294967295 uid=0 gid=0 euid=0 suid=0 fsuid=0 egid=0 sgid=0 fsgid=0 tty=(none) ses=4294967295 comm="iptables-restor" exe="/system/bin/iptables" subj=u:r:netd:s0 key=(null)
[  527.393066][  T425] type=1327 audit(1791396177.432:591): proctitle=2F73797374656D2F62696E2F69707461626C65732D726573746F7265002D2D6E6F666C757368002D77002D76
[  527.408681][  T425] type=1320 audit(1791396177.432:591): 
[  527.410729][  T425] type=1325 audit(1791396177.436:592): table=filter family=10 entries=76 op=xt_replace subj=u:r:netd:s0 comm="ip6tables-resto"
[  527.421491][  T425] type=1300 audit(1791396177.436:592): arch=c00000b7 syscall=208 success=yes exit=0 a0=4 a1=29 a2=40 a3=b400007174814e40 items=0 ppid=1265 auid=4294967295 uid=0 gid=0 euid=0 suid=0 fsuid=0 egid=0 sgid=0 fsgid=0 tty=(none) ses=4294967295 comm="ip6tables-resto" exe="/system/bin/iptables" subj=u:r:netd:s0 key=(null)
[  527.446630][  T425] type=1327 audit(1791396177.436:592): proctitle=2F73797374656D2F62696E2F6970367461626C65732D726573746F7265002D2D6E6F666C757368002D77002D76
[  527.454641][  T425] type=1320 audit(1791396177.436:592): 
[  527.456631][  T425] type=1325 audit(1791396177.440:593): table=raw family=10 entries=12 op=xt_replace subj=u:r:netd:s0 comm="ip6tables-resto"
[  527.465219][  T425] type=1300 audit(1791396177.440:593): arch=c00000b7 syscall=208 success=yes exit=0 a0=4 a1=29 a2=40 a3=b4000071b4806560 items=0 ppid=1265 auid=4294967295 uid=0 gid=0 euid=0 suid=0 fsuid=0 egid=0 sgid=0 fsgid=0 tty=(none) ses=4294967295 comm="ip6tables-resto" exe="/system/bin/iptables" subj=u:r:netd:s0 key=(null)
[  527.499924][  T425] type=1327 audit(1791396177.440:593): proctitle=2F73797374656D2F62696E2F6970367461626C65732D726573746F7265002D2D6E6F666C757368002D77002D76
[  527.508804][  T425] type=1320 audit(1791396177.440:593): 
[  527.513522][  T425] type=1325 audit(1791396177.440:594): table=mangle family=10 entries=30 op=xt_replace subj=u:r:netd:s0 comm="ip6tables-resto"
[  527.524557][  T425] type=1300 audit(1791396177.440:594): arch=c00000b7 syscall=208 success=yes exit=0 a0=4 a1=29 a2=40 a3=b4000072048117b0 items=0 ppid=1265 auid=4294967295 uid=0 gid=0 euid=0 suid=0 fsuid=0 egid=0 sgid=0 fsgid=0 tty=(none) ses=4294967295 comm="ip6tables-resto" exe="/system/bin/iptables" subj=u:r:netd:s0 key=(null)
[  527.549709][  T425] type=1327 audit(1791396177.440:594): proctitle=2F73797374656D2F62696E2F6970367461626C65732D726573746F7265002D2D6E6F666C757368002D77002D76
[  527.558596][  T425] type=1320 audit(1791396177.440:594): 
[  527.565564][  T425] type=1325 audit(1791396177.452:595): table=filter family=2 entries=70 op=xt_replace subj=u:r:netd:s0 comm="iptables-restor"
[  527.576251][  T425] type=1300 audit(1791396177.452:595): arch=c00000b7 syscall=208 success=yes exit=0 a0=4 a1=0 a2=40 a3=b4000078fe8178c0 items=0 ppid=1265 auid=4294967295 uid=0 gid=0 euid=0 suid=0 fsuid=0 egid=0 sgid=0 fsgid=0 tty=(none) ses=4294967295 comm="iptables-restor" exe="/system/bin/iptables" subj=u:r:netd:s0 key=(null)
[  527.600389][  T425] type=1327 audit(1791396177.452:595): proctitle=2F73797374656D2F62696E2F69707461626C65732D726573746F7265002D2D6E6F666C757368002D77002D76
[  527.608521][  T425] type=1320 audit(1791396177.452:595): 
[  527.615071][  T425] type=1325 audit(1791396177.460:596): table=filter family=10 entries=70 op=xt_replace subj=u:r:netd:s0 comm="ip6tables-resto"
[  527.623518][  T425] type=1300 audit(1791396177.460:596): arch=c00000b7 syscall=208 success=yes exit=0 a0=4 a1=29 a2=40 a3=b4000070648117a0 items=0 ppid=1265 auid=4294967295 uid=0 gid=0 euid=0 suid=0 fsuid=0 egid=0 sgid=0 fsgid=0 tty=(none) ses=4294967295 comm="ip6tables-resto" exe="/system/bin/iptables" subj=u:r:netd:s0 key=(null)
[  527.647916][  T425] type=1327 audit(1791396177.460:596): proctitle=2F73797374656D2F62696E2F6970367461626C65732D726573746F7265002D2D6E6F666C757368002D77002D76
[  527.657383][  T425] type=1320 audit(1791396177.460:596): 
[  527.661657][  T425] type=1325 audit(1791396177.472:597): table=filter family=2 entries=58 op=xt_replace subj=u:r:netd:s0 comm="iptables-restor"
[  527.684733][  T425] type=1300 audit(1791396177.472:597): arch=c00000b7 syscall=208 success=yes exit=0 a0=4 a1=0 a2=40 a3=b40000785e815030 items=0 ppid=1265 auid=4294967295 uid=0 gid=0 euid=0 suid=0 fsuid=0 egid=0 sgid=0 fsgid=0 tty=(none) ses=4294967295 comm="iptables-restor" exe="/system/bin/iptables" subj=u:r:netd:s0 key=(null)
[  527.715584][  T425] type=1327 audit(1791396177.472:597): proctitle=2F73797374656D2F62696E2F69707461626C65732D726573746F7265002D2D6E6F666C757368002D77002D76
[  527.723915][  T425] type=1320 audit(1791396177.472:597): 
[  527.726777][  T425] type=1325 audit(1791396177.516:598): table=filter family=10 entries=58 op=xt_replace subj=u:r:netd:s0 comm="ip6tables-resto"
[  527.734602][  T425] type=1300 audit(1791396177.516:598): arch=c00000b7 syscall=208 success=yes exit=0 a0=4 a1=29 a2=40 a3=b400007174814e40 items=0 ppid=1265 auid=4294967295 uid=0 gid=0 euid=0 suid=0 fsuid=0 egid=0 sgid=0 fsgid=0 tty=(none) ses=4294967295 comm="ip6tables-resto" exe="/system/bin/iptables" subj=u:r:netd:s0 key=(null)
[  527.755746][  T425] type=1327 audit(1791396177.516:598): proctitle=2F73797374656D2F62696E2F6970367461626C65732D726573746F7265002D2D6E6F666C757368002D77002D76
[  527.764841][  T425] type=1320 audit(1791396177.516:598): 
[  527.771308][  T425] type=1325 audit(1791396177.520:599): table=mangle family=2 entries=31 op=xt_replace subj=u:r:netd:s0 comm="iptables-restor"
[  527.783713][  T425] type=1300 audit(1791396177.520:599): arch=c00000b7 syscall=208 success=yes exit=0 a0=4 a1=0 a2=40 a3=b40000794e8117b0 items=0 ppid=1265 auid=4294967295 uid=0 gid=0 euid=0 suid=0 fsuid=0 egid=0 sgid=0 fsgid=0 tty=(none) ses=4294967295 comm="iptables-restor" exe="/system/bin/iptables" subj=u:r:netd:s0 key=(null)
[  527.809378][  T425] type=1327 audit(1791396177.520:599): proctitle=2F73797374656D2F62696E2F69707461626C65732D726573746F7265002D2D6E6F666C757368002D77002D76
[  527.817216][  T425] type=1320 audit(1791396177.520:599): 
[  527.820574][  T425] type=1325 audit(1791396177.524:600): table=mangle family=10 entries=30 op=xt_replace subj=u:r:netd:s0 comm="ip6tables-resto"
[  527.831694][  T425] type=1300 audit(1791396177.524:600): arch=c00000b7 syscall=208 success=yes exit=0 a0=4 a1=29 a2=40 a3=b4000072048117b0 items=0 ppid=1265 auid=4294967295 uid=0 gid=0 euid=0 suid=0 fsuid=0 egid=0 sgid=0 fsgid=0 tty=(none) ses=4294967295 comm="ip6tables-resto" exe="/system/bin/iptables" subj=u:r:netd:s0 key=(null)
[  527.858253][  T425] type=1327 audit(1791396177.524:600): proctitle=2F73797374656D2F62696E2F6970367461626C65732D726573746F7265002D2D6E6F666C757368002D77002D76
[  527.867708][  T425] type=1320 audit(1791396177.524:600): 
[  527.871558][  T425] type=1325 audit(1791396177.528:601): table=filter family=2 entries=70 op=xt_replace subj=u:r:netd:s0 comm="iptables-restor"
[  527.886607][  T425] type=1300 audit(1791396177.528:601): arch=c00000b7 syscall=208 success=yes exit=0 a0=4 a1=0 a2=40 a3=b40000785e819840 items=0 ppid=1265 auid=4294967295 uid=0 gid=0 euid=0 suid=0 fsuid=0 egid=0 sgid=0 fsgid=0 tty=(none) ses=4294967295 comm="iptables-restor" exe="/system/bin/iptables" subj=u:r:netd:s0 key=(null)
[  527.916825][  T425] type=1327 audit(1791396177.528:601): proctitle=2F73797374656D2F62696E2F69707461626C65732D726573746F7265002D2D6E6F666C757368002D77002D76
[  527.925210][  T425] type=1320 audit(1791396177.528:601): 
[  527.929214][  T425] type=1325 audit(1791396177.532:602): table=raw family=2 entries=12 op=xt_replace subj=u:r:netd:s0 comm="iptables-restor"
[  527.940789][  T425] type=1300 audit(1791396177.532:602): arch=c00000b7 syscall=208 success=yes exit=0 a0=4 a1=0 a2=40 a3=b4000079ce807010 items=0 ppid=1265 auid=4294967295 uid=0 gid=0 euid=0 suid=0 fsuid=0 egid=0 sgid=0 fsgid=0 tty=(none) ses=4294967295 comm="iptables-restor" exe="/system/bin/iptables" subj=u:r:netd:s0 key=(null)
[  527.964614][  T425] type=1327 audit(1791396177.532:602): proctitle=2F73797374656D2F62696E2F69707461626C65732D726573746F7265002D2D6E6F666C757368002D77002D76
[  527.979265][  T425] type=1320 audit(1791396177.532:602): 
[  527.990213][  T425] type=1325 audit(1791396177.536:603): table=mangle family=2 entries=33 op=xt_replace subj=u:r:netd:s0 comm="iptables-restor"
[  528.006479][  T425] type=1300 audit(1791396177.536:603): arch=c00000b7 syscall=208 success=yes exit=0 a0=4 a1=0 a2=40 a3=b40000794e8117b0 items=0 ppid=1265 auid=4294967295 uid=0 gid=0 euid=0 suid=0 fsuid=0 egid=0 sgid=0 fsgid=0 tty=(none) ses=4294967295 comm="iptables-restor" exe="/system/bin/iptables" subj=u:r:netd:s0 key=(null)
[  528.021463][  T411] servicemanager: Caller(pid=1267,uid=1041,sid=u:r:hal_audio_default:s0) Found android.hardware.audio.core.IConfig/default in device VINTF manifest.
[  528.041485][  T425] type=1327 audit(1791396177.536:603): proctitle=2F73797374656D2F62696E2F69707461626C65732D726573746F7265002D2D6E6F666C757368002D77002D76
[  528.053462][  T425] type=1320 audit(1791396177.536:603): 
[  528.055080][  T411] servicemanager: Caller(pid=1267,uid=1041,sid=u:r:hal_audio_default:s0) Found android.hardware.audio.core.IModule/default in device VINTF manifest.
[  528.056265][  T425] type=1325 audit(1791396177.544:604): table=filter family=10 entries=70 op=xt_replace subj=u:r:netd:s0 comm="ip6tables-resto"
[  528.078055][  T411] servicemanager: Caller(pid=1267,uid=1041,sid=u:r:hal_audio_default:s0) Found android.hardware.audio.core.IModule/r_submix in device VINTF manifest.
[  528.093123][  T425] type=1300 audit(1791396177.544:604): arch=c00000b7 syscall=208 success=yes exit=0 a0=4 a1=29 a2=40 a3=b40000717480f430 items=0 ppid=1265 auid=4294967295 uid=0 gid=0 euid=0 suid=0 fsuid=0 egid=0 sgid=0 fsgid=0 tty=(none) ses=4294967295 comm="ip6tables-resto" exe="/system/bin/iptables" subj=u:r:netd:s0 key=(null)
[  528.093130][  T425] type=1327 audit(1791396177.544:604): proctitle=2F73797374656D2F62696E2F6970367461626C65732D726573746F7265002D2D6E6F666C757368002D77002D76
[  528.093135][  T425] type=1320 audit(1791396177.544:604): 
[  528.093140][  T425] type=1325 audit(1791396177.544:605): table=raw family=10 entries=12 op=xt_replace subj=u:r:netd:s0 comm="ip6tables-resto"
[  528.093145][  T425] type=1300 audit(1791396177.544:605): arch=c00000b7 syscall=208 success=yes exit=0 a0=4 a1=29 a2=40 a3=b4000071b4806560 items=0 ppid=1265 auid=4294967295 uid=0 gid=0 euid=0 suid=0 fsuid=0 egid=0 sgid=0 fsgid=0 tty=(none) ses=4294967295 comm="ip6tables-resto" exe="/system/bin/iptables" subj=u:r:netd:s0 key=(null)
[  528.093150][  T425] type=1327 audit(1791396177.544:605): proctitle=2F73797374656D2F62696E2F6970367461626C65732D726573746F7265002D2D6E6F666C757368002D77002D76
[  528.093154][  T425] type=1320 audit(1791396177.544:605): 
[  528.093158][  T425] type=1325 audit(1791396177.552:606): table=mangle family=10 entries=32 op=xt_replace subj=u:r:netd:s0 comm="ip6tables-resto"
[  528.093162][  T425] type=1300 audit(1791396177.552:606): arch=c00000b7 syscall=208 success=yes exit=0 a0=4 a1=29 a2=40 a3=b4000072048117b0 items=0 ppid=1265 auid=4294967295 uid=0 gid=0 euid=0 suid=0 fsuid=0 egid=0 sgid=0 fsgid=0 tty=(none) ses=4294967295 comm="ip6tables-resto" exe="/system/bin/iptables" subj=u:r:netd:s0 key=(null)
[  528.093166][  T425] type=1327 audit(1791396177.552:606): proctitle=2F73797374656D2F62696E2F6970367461626C65732D726573746F7265002D2D6E6F666C757368002D77002D76
[  528.093170][  T425] type=1320 audit(1791396177.552:606): 
[  528.093176][  T425] type=1325 audit(1791396177.556:607): table=filter family=2 entries=70 op=xt_replace subj=u:r:netd:s0 comm="iptables-restor"
[  528.093181][  T425] type=1300 audit(1791396177.556:607): arch=c00000b7 syscall=208 success=yes exit=0 a0=4 a1=0 a2=40 a3=b4000078be80ba20 items=0 ppid=1265 auid=4294967295 uid=0 gid=0 euid=0 suid=0 fsuid=0 egid=0 sgid=0 fsgid=0 tty=(none) ses=4294967295 comm="iptables-restor" exe="/system/bin/iptables" subj=u:r:netd:s0 key=(null)
[  528.093185][  T425] type=1327 audit(1791396177.556:607): proctitle=2F73797374656D2F62696E2F69707461626C65732D726573746F7265002D2D6E6F666C757368002D77002D76
[  528.093188][  T425] type=1320 audit(1791396177.556:607): 
[  528.093192][  T425] type=1325 audit(1791396177.556:608): table=raw family=2 entries=12 op=xt_replace subj=u:r:netd:s0 comm="iptables-restor"
[  528.093197][  T425] type=1300 audit(1791396177.556:608): arch=c00000b7 syscall=208 success=yes exit=0 a0=4 a1=0 a2=40 a3=b40000796e809010 items=0 ppid=1265 auid=4294967295 uid=0 gid=0 euid=0 suid=0 fsuid=0 egid=0 sgid=0 fsgid=0 tty=(none) ses=4294967295 comm="iptables-restor" exe="/system/bin/iptables" subj=u:r:netd:s0 key=(null)
[  528.093201][  T425] type=1327 audit(1791396177.556:608): proctitle=2F73797374656D2F62696E2F69707461626C65732D726573746F7265002D2D6E6F666C757368002D77002D76
[  528.093204][  T425] type=1320 audit(1791396177.556:608): 
[  528.093208][  T425] type=1325 audit(1791396177.560:609): table=mangle family=2 entries=33 op=xt_replace subj=u:r:netd:s0 comm="iptables-restor"
[  528.093213][  T425] type=1300 audit(1791396177.560:609): arch=c00000b7 syscall=208 success=yes exit=0 a0=4 a1=0 a2=40 a3=b40000794e8117b0 items=0 ppid=1265 auid=4294967295 uid=0 gid=0 euid=0 suid=0 fsuid=0 egid=0 sgid=0 fsgid=0 tty=(none) ses=4294967295 comm="iptables-restor" exe="/system/bin/iptables" subj=u:r:netd:s0 key=(null)
[  528.093217][  T425] type=1327 audit(1791396177.560:609): proctitle=2F73797374656D2F62696E2F69707461626C65732D726573746F7265002D2D6E6F666C757368002D77002D76
[  528.380616][  T425] type=1320 audit(1791396177.560:609): 
[  528.389060][  T425] type=1325 audit(1791396177.572:610): table=filter family=10 entries=70 op=xt_replace subj=u:r:netd:s0 comm="ip6tables-resto"
[  528.401721][  T425] type=1300 audit(1791396177.572:610): arch=c00000b7 syscall=208 success=yes exit=0 a0=4 a1=29 a2=40 a3=b40000719481d940 items=0 ppid=1265 auid=4294967295 uid=0 gid=0 euid=0 suid=0 fsuid=0 egid=0 sgid=0 fsgid=0 tty=(none) ses=4294967295 comm="ip6tables-resto" exe="/system/bin/iptables" subj=u:r:netd:s0 key=(null)
[  528.425810][  T425] type=1327 audit(1791396177.572:610): proctitle=2F73797374656D2F62696E2F6970367461626C65732D726573746F7265002D2D6E6F666C757368002D77002D76
[  528.445376][  T425] type=1320 audit(1791396177.572:610): 
[  528.453494][  T425] type=1325 audit(1791396177.572:611): table=raw family=10 entries=12 op=xt_replace subj=u:r:netd:s0 comm="ip6tables-resto"
[  528.464387][  T425] type=1300 audit(1791396177.572:611): arch=c00000b7 syscall=208 success=yes exit=0 a0=4 a1=29 a2=40 a3=b400007144804220 items=0 ppid=1265 auid=4294967295 uid=0 gid=0 euid=0 suid=0 fsuid=0 egid=0 sgid=0 fsgid=0 tty=(none) ses=4294967295 comm="ip6tables-resto" exe="/system/bin/iptables" subj=u:r:netd:s0 key=(null)
[  528.495304][  T425] type=1327 audit(1791396177.572:611): proctitle=2F73797374656D2F62696E2F6970367461626C65732D726573746F7265002D2D6E6F666C757368002D77002D76
[  528.514696][  T425] type=1320 audit(1791396177.572:611): 
[  528.525391][  T425] type=1325 audit(1791396177.576:612): table=mangle family=10 entries=32 op=xt_replace subj=u:r:netd:s0 comm="ip6tables-resto"
[  528.545592][  T425] type=1300 audit(1791396177.576:612): arch=c00000b7 syscall=208 success=yes exit=0 a0=4 a1=29 a2=40 a3=b400007054804da0 items=0 ppid=1265 auid=4294967295 uid=0 gid=0 euid=0 suid=0 fsuid=0 egid=0 sgid=0 fsgid=0 tty=(none) ses=4294967295 comm="ip6tables-resto" exe="/system/bin/iptables" subj=u:r:netd:s0 key=(null)
[  528.589661][  T425] type=1327 audit(1791396177.576:612): proctitle=2F73797374656D2F62696E2F6970367461626C65732D726573746F7265002D2D6E6F666C757368002D77002D76
[  528.603450][  T425] type=1320 audit(1791396177.576:612): 
[  528.658031][  T411] servicemanager: Caller(pid=1268,uid=1041,sid=u:r:hal_audio_default:s0) Found android.hardware.audio.effect.IFactory/default in device VINTF manifest.
[  528.791572][  T411] servicemanager: Caller(pid=1267,uid=1041,sid=u:r:hal_audio_default:s0) Found android.hardware.bluetooth.audio.IBluetoothAudioProviderFact