

U-Boot 2024.04-g3fe964757589-ab15108624 (Mar 27 2026 - 21:26:21 +0000)

DRAM:  4 GiB
Core:  8 devices, 5 uclasses, devicetree: board
Net:   eth0: virtio-net#1, eth1: virtio-net#2
No QEMU firmware device
Falling back to U-Boot generated SMBIOS tables
Driver                    uid uclass               Devices
----------------------------------------------------------
blk_partition             083 partition            virtio-blk#24:1          
                                                   virtio-blk#24:2          
                                                   virtio-blk#24:3          
                                                   virtio-blk#24:4          
                                                   virtio-blk#24:5          
                                                   virtio-blk#24:6          
                                                   virtio-blk#24:7          
                                                   virtio-blk#24:8          
                                                   virtio-blk#24:9          
                                                   virtio-blk#24:10         
                                                   virtio-blk#24:11         
                                                   virtio-blk#24:12         
                                                   virtio-blk#24:13         
                                                   virtio-blk#24:14         
                                                   virtio-blk#24:15         
                                                   virtio-blk#24:16         
                                                   virtio-blk#24:17         
                                                   virtio-blk#24:18         
                                                   virtio-blk#24:19         
                                                   virtio-blk#25:1          
                                                   virtio-blk#25:2          
                                                   virtio-blk#25:3          
                                                   virtio-blk#25:4          
                                                   virtio-blk#26:1          
bochs_video               129 video                <none>
bootmeth_qfw              026 <no uclass>          
efi_blk                   022 blk                  <none>
EFI block driver          038 efi                  <none>
ns16550_serial            108 serial               U6_16550A@3f8            
                                                   U6_16550A@2f8            
                                                   U6_16550A@3e8            
                                                   U6_16550A@2e8            
pci_bridge_drv            085 pci                  <none>
pci_generic_drv           087 pci_generic          pci_0:0.0                
                                                   pci_0:1.7                
pci_generic_ecam          085 pci                  pci                      
psci                      045 firmware             psci                     
psci-sysreset             119 sysreset             psci-sysreset            
qfw_bootdev               025 <no uclass>          
qfw_mmio                  096 qfw                  <none>
root_driver               000 root                 root_driver              
rtc-pl031                 104 rtc                  <none>
serial_pl01x              108 serial               <none>
smccc-trng                103 rng                  <none>
vidconsole0               131 vidconsole0          <none>
virtio-blk                022 blk                  virtio-blk#24            
                                                   virtio-blk#25            
                                                   virtio-blk#26            
virtio_bootdev            025 <no uclass>          
virtio-console            108 serial               virtio-console#0         
                                                   virtio-console#8         
                                                   virtio-console#9         
                                                   virtio-console#10        
                                                   virtio-console#11        
                                                   virtio-console#12        
                                                   virtio-console#13        
                                                   virtio-console#14        
                                                   virtio-console#15        
                                                   virtio-console#16        
                                                   virtio-console#17        
                                                   virtio-console#18        
                                                   virtio-console#19        
                                                   virtio-console#20        
                                                   virtio-console#21        
                                                   virtio-console#22        
                                                   virtio-console#23        
                                                   virtio-console#27        
                                                   virtio-console#28        
                                                   virtio-console#29        
virtio-console-port       108 serial               <none>
virtio-mmio               133 virtio               <none>
virtio-net                040 ethernet             virtio-net#1             
                                                   virtio-net#2             
virtio-pci.m              133 virtio               virtio-pci.m#0           
                                                   virtio-pci.m#1           
                                                   virtio-pci.m#2           
                                                   virtio-pci.m#3           
                                                   virtio-pci.m#4           
                                                   virtio-pci.m#5           
                                                   virtio-pci.m#6           
                                                   virtio-pci.m#7           
                                                   virtio-pci.m#8           
                                                   virtio-pci.m#9           
                                                   virtio-pci.m#10          
                                                   virtio-pci.m#11          
                                                   virtio-pci.m#12          
                                                   virtio-pci.m#13          
                                                   virtio-pci.m#14          
                                                   virtio-pci.m#15          
                                                   virtio-pci.m#16          
                                                   virtio-pci.m#17          
                                                   virtio-pci.m#18          
                                                   virtio-pci.m#19          
                                                   virtio-pci.m#20          
                                                   virtio-pci.m#21          
                                                   virtio-pci.m#22          
                                                   virtio-pci.m#23          
                                                   virtio-pci.m#24          
                                                   virtio-pci.m#25          
                                                   virtio-pci.m#26          
                                                   virtio-pci.m#27          
                                                   virtio-pci.m#28          
                                                   virtio-pci.m#29          
                                                   virtio-pci.m#30          
                                                   virtio-pci.m#31          
                                                   virtio-pci.m#32          
                                                   virtio-pci.m#33          
                                                   virtio-pci.m#34          
                                                   virtio-pci.m#35          
                                                   virtio-pci.m#36          
virtio-rng                103 rng                  virtio-rng#32            
## Android Verified Boot 2.0 version 1.2.0
Writing 8 bytes to virtio-console#17 console
Reading 8 bytes from virtio-console#17 console
Writing 8 bytes to virtio-console#17 console
Reading 8 bytes from virtio-console#17 console
Verification passed successfully
Imported supplementary environment
Unknown command 'mtrr' - try 'help'
ANDROID: reboot reason: "(none)"
ANDROID: Invalid CRC-32 (expected 807077e9, found 00000000),re-initializing A/B metadata.
ANDROID: Attempting slot a, tries remaining 3
## Android Verified Boot 2.0 version 1.2.0
Writing 8 bytes to virtio-console#17 console
Reading 8 bytes from virtio-console#17 console
Writing 8 bytes to virtio-console#17 console
Reading 8 bytes from virtio-console#17 console
Verification passed successfully
## Android Verified Boot 2.0 version 1.2.0
Writing 8 bytes to virtio-console#17 console
Reading 8 bytes from virtio-console#17 console
Writing 8 bytes to virtio-console#17 console
Reading 8 bytes from virtio-console#17 console
Verification passed successfully
ANDROID: Loading ramdisk from "init_boot_a", partition 4.
ANDROID: Loading kernel from "boot_a", partition 1.
ANDROID: Loading vendor ramdisk from "vendor_boot_a", partition 18.
Booting kernel at 0x80200000 with fdt at 80000000 ramdisk 0x84200000:0x014ccf2b...


## Flattened Device Tree blob at 80000000
   Booting using the fdt blob at 0x80000000
   Loading Ramdisk to 17c132000, end 17d5fef2b ... OK
   Loading Device Tree to 000000017c12d000, end 000000017c13125e ... OK

Starting kernel ...

[    0.000000][    T0] Booting Linux on physical CPU 0x0000000000 [0x610f0000]
[    0.000000][    T0] Linux version 6.12.74-android16-6-g3ec022196c4e-ab15076761-4k (kleaf@build-host) (Android (14043575, +pgo, +bolt, +lto, +mlgo, based on r536225) clang version 19.0.1 (https://android.googlesource.com/toolchain/llvm-project b3a530ec6537146650e42be89f1089e9a3588460), LLD 19.0.1) #1 SMP PREEMPT Tue Mar 24 05:36:21 UTC 2026
[    0.000000][    T0] KASLR enabled
[    0.000000][    T0] random: crng init done
[    0.000000][    T0] Machine model: linux,dummy-virt
[    0.000000][    T0] KVM is not available. Ignoring kvm-arm.mode
[    0.000000][    T0] earlycon: uart8250 at MMIO 0x00000000000003f8 (options '')
[    0.000000][    T0] printk: legacy bootconsole [uart8250] enabled
[    0.000000][    T0] efi: UEFI not found.
[    0.000000][    T0] OF: reserved mem: Reserved memory: No reserved-memory node in the DT
[    0.000000][    T0] Zone ranges:
[    0.000000][    T0]   DMA32    [mem 0x0000000080000000-0x00000000ffffffff]
[    0.000000][    T0]   Normal   [mem 0x0000000100000000-0x000000017fffffff]
[    0.000000][    T0] Movable zone start for each node
[    0.000000][    T0] Early memory node ranges
[    0.000000][    T0]   node   0: [mem 0x0000000080000000-0x000000017fffffff]
[    0.000000][    T0] Initmem setup node 0 [mem 0x0000000080000000-0x000000017fffffff]
[    0.000000][    T0] psci: probing for conduit method from DT.
[    0.000000][    T0] psci: PSCIv1.1 detected in firmware.
[    0.000000][    T0] psci: Using standard PSCI v0.2 function IDs
[    0.000000][    T0] psci: Trusted OS migration not required
[    0.000000][    T0] psci: SMC Calling Convention v1.1
[    0.000000][    T0] smccc: KVM: hypervisor services detected (0x00000000 0x00000000 0x00000000 0x00000003)
[    0.000000][    T0] Load bootconfig: 2488 bytes 120 nodes
[    0.000000][    T0] percpu: Embedded 81 pages/cpu s169432 r131072 d31272 u331776
[    0.000000][    T0] Detected PIPT I-cache on CPU0
[    0.000000][    T0] CPU features: detected: Address authentication (IMP DEF algorithm)
[    0.000000][    T0] CPU features: detected: GIC system register CPU interface
[    0.000000][    T0] CPU features: detected: Spectre-v4
[    0.000000][    T0] CPU features: detected: Spectre-BHB
[    0.000000][    T0] alternatives: applying boot alternatives
[    0.000000][    T0] Kernel command line: vmw_vsock_virtio_transport_common.virtio_transport_max_vsock_pkt_buf_size=16384 console=ttynull stack_depot_disable=on cgroup_disable=pressure kasan.stacktrace=off kvm-arm.mode=protected bootconfig  printk.devkmsg=on audit=1 panic=-1 8250.nr_uarts=1 binder.impl=rust cma=0 firmware_class.path=/vendor/etc/ loop.max_part=7 init=/init bootconfig panic=-1 console=hvc0 earlycon=uart8250,mmio,0x3f8 ramoops.mem_address=0x1c0000000 ramoops.mem_size=0x200000
[    0.000000][    T0] cgroup: Disabling pressure control group feature
[    0.000000][    T0] audit: enabled (after initialization)
[    0.000000][    T0] printk: log buffer data + meta data: 131072 + 458752 = 589824 bytes
[    0.000000][    T0] Dentry cache hash table entries: 524288 (order: 10, 4194304 bytes, linear)
[    0.000000][    T0] Inode-cache hash table entries: 262144 (order: 9, 2097152 bytes, linear)
[    0.000000][    T0] Built 1 zonelists, mobility grouping on.  Total pages: 1048576
[    0.000000][    T0] mem auto-init: stack:all(zero), heap alloc:on, heap free:off
[    0.000000][    T0] stackdepot: disabled
[    0.000000][    T0] software IO TLB: area num 4.
[    0.000000][    T0] software IO TLB: mapped [mem 0x00000000fbfff000-0x00000000fffff000] (64MB)
[    0.000000][    T0] SLUB: HWalign=64, Order=0-3, MinObjects=0, CPUs=4, Nodes=1
[    0.000000][    T0] rcu: Preemptible hierarchical RCU implementation.
[    0.000000][    T0] rcu: 	RCU event tracing is enabled.
[    0.000000][    T0] rcu: 	RCU restricting CPUs from NR_CPUS=32 to nr_cpu_ids=4.
[    0.000000][    T0] rcu: 	RCU priority boosting: priority 1 delay 500 ms.
[    0.000000][    T0] 	Trampoline variant of Tasks RCU enabled.
[    0.000000][    T0] 	Tracing variant of Tasks RCU enabled.
[    0.000000][    T0] rcu: RCU calculated value of scheduler-enlistment delay is 25 jiffies.
[    0.000000][    T0] rcu: Adjusting geometry for rcu_fanout_leaf=16, nr_cpu_ids=4
[    0.000000][    T0] RCU Tasks: Setting shift to 2 and lim to 1 rcu_task_cb_adjust=1 rcu_task_cpu_ids=4.
[    0.000000][    T0] RCU Tasks Trace: Setting shift to 2 and lim to 1 rcu_task_cb_adjust=1 rcu_task_cpu_ids=4.
[    0.000000][    T0] NR_IRQS: 64, nr_irqs: 64, preallocated irqs: 0
[    0.000000][    T0] GICv3: 32 SPIs implemented
[    0.000000][    T0] GICv3: 0 Extended SPIs implemented
[    0.000000][    T0] Root IRQ handler: gic_handle_irq
[    0.000000][    T0] GICv3: GICv3 features: 16 PPIs, DirectLPI
[    0.000000][    T0] GICv3: GICD_CTRL.DS=1, SCR_EL3.FIQ=0
[    0.000000][    T0] GICv3: CPU0: found redistributor 0 region 0:0x000000003ff70000
[    0.000000][    T0] rcu: 	Offload RCU callbacks from CPUs: 0-3.
[    0.000000][    T0] rcu: srcu_init: Setting srcu_struct sizes based on contention.
[    0.000000][    T0] arch_timer: cp15 timer(s) running at 24.00MHz (virt).
[    0.000000][    T0] clocksource: arch_sys_counter: mask: 0xffffffffffffff max_cycles: 0x588fe9dc0, max_idle_ns: 440795202592 ns
[    0.000856][    T0] sched_clock: 56 bits at 24MHz, resolution 41ns, wraps every 4398046511097ns
[    0.027087][    T0] arm-pv: using stolen time PV
[    0.066423][    T0] kfence: initialized - using 524288 bytes for 63 objects at 0x(____ptrval____)-0x(____ptrval____)
[    0.196612][    T0] Calibrating delay loop (skipped), value calculated using timer frequency.. 48.00 BogoMIPS (lpj=96000)
[    0.219373][    T0] pid_max: default: 32768 minimum: 301
[    0.252893][    T0] LSM: initializing lsm=capability,landlock,safesetid,selinux,bpf
[    0.293671][    T0] landlock: Up and running.
[    0.302151][    T0] SELinux:  Initializing.
[    0.349835][    T0] LSM support for eBPF active
[    0.397622][    T0] Mount-cache hash table entries: 8192 (order: 4, 65536 bytes, linear)
[    0.411746][    T0] Mountpoint-cache hash table entries: 8192 (order: 4, 65536 bytes, linear)
[    1.036533][    T1] cacheinfo: Unable to detect cache hierarchy for CPU 0
[    1.314068][    T1] rcu: Hierarchical SRCU implementation.
[    1.324366][    T1] rcu: 	Max phase no-delay instances is 1000.
[    1.447109][    T1] Timer migration: 1 hierarchy levels; 8 children per group; 1 crossnode level
[    1.529959][    T1] dyndbg: Ignore empty _ddebug table in a CONFIG_DYNAMIC_DEBUG_CORE build
[    1.591836][    T1] EFI services will not be available.
[    1.683734][    T1] smp: Bringing up secondary CPUs ...
[    2.825189][    T0] Detected PIPT I-cache on CPU1
[    2.829731][    T0] GICv3: CPU1: found redistributor 1 region 0:0x000000003ff90000
[    2.832865][    T0] CPU1: Booted secondary processor 0x0000000001 [0x610f0000]
[    3.332260][    T0] Detected PIPT I-cache on CPU2
[    3.335622][    T0] GICv3: CPU2: found redistributor 2 region 0:0x000000003ffb0000
[    3.338053][    T0] CPU2: Booted secondary processor 0x0000000002 [0x610f0000]
[    3.453013][    T0] Detected PIPT I-cache on CPU3
[    3.453480][    T0] GICv3: CPU3: found redistributor 3 region 0:0x000000003ffd0000
[    3.454212][    T0] CPU3: Booted secondary processor 0x0000000003 [0x610f0000]
[    3.455111][    T1] smp: Brought up 1 node, 4 CPUs
[    3.542900][    T1] SMP: Total of 4 processors activated.
[    3.550533][    T1] CPU: All CPU(s) started at EL1
[    3.567530][    T1] CPU features: detected: Branch Target Identification
[    3.593875][    T1] CPU features: detected: ARMv8.4 Translation Table Level
[    3.606022][    T1] CPU features: detected: Data cache clean to the PoU not required for I/D coherence
[    3.619248][    T1] CPU features: detected: Common not Private translations
[    3.629442][    T1] CPU features: detected: CRC32 instructions
[    3.637783][    T1] CPU features: detected: Data cache clean to Point of Deep Persistence
[    3.649143][    T1] CPU features: detected: Data cache clean to Point of Persistence
[    3.659909][    T1] CPU features: detected: Data independent timing control (DIT)
[    3.670316][    T1] CPU features: detected: E0PD
[    3.676475][    T1] CPU features: detected: Enhanced Privileged Access Never
[    3.686417][    T1] CPU features: detected: Generic authentication (IMP DEF algorithm)
[    3.700167][    T1] CPU features: detected: RCpc load-acquire (LDAPR)
[    3.716267][    T1] CPU features: detected: LSE atomic instructions
[    3.725187][    T1] CPU features: detected: Privileged Access Never
[    3.733833][    T1] CPU features: detected: RAS Extension Support
[    3.742881][    T1] CPU features: detected: Speculation barrier (SB)
[    3.751605][    T1] CPU features: detected: TLB range maintenance instructions
[    3.781948][    T1] alternatives: applying system-wide alternatives
[    4.226537][    T1] Memory: 3977732K/4194304K available (19328K kernel code, 2390K rwdata, 14484K rodata, 4672K init, 657K bss, 211348K reserved, 0K cma-reserved)
[    4.802529][    T1] setend instruction emulation is not supported on this system
[    4.850989][    T1] clocksource: jiffies: mask: 0xffffffff max_cycles: 0xffffffff, max_idle_ns: 7645041785100000 ns
[    4.869374][    T1] futex hash table entries: 1024 (order: 4, 65536 bytes, linear)
[    4.912608][    T1] 22320 pages in range for non-PLT usage
[    4.913921][    T1] 513840 pages in range for PLT usage
[    5.030630][    T1] pinctrl core: initialized pinctrl subsystem
[    5.616085][    T1] NET: Registered PF_NETLINK/PF_ROUTE protocol family
[    5.798760][    T1] DMA: preallocated 512 KiB GFP_KERNEL pool for atomic allocations
[    5.845433][    T1] DMA: preallocated 512 KiB GFP_KERNEL|GFP_DMA32 pool for atomic allocations
[    5.877552][    T1] audit: initializing netlink subsys (enabled)
[    5.973148][   T53] audit: type=2000 audit(2.480:1): state=initialized audit_enabled=1 res=1
[    5.991720][    T1] ramoops: using module parameters
[    6.254363][    T1] pstore: Using crash dump compression: deflate
[    6.269239][    T1] printk: legacy console [ramoops-1] enabled
[    6.326607][    T1] pstore: Registered ramoops as persistent store backend
[    6.338391][    T1] ramoops: using 0x200000@0x1c0000000, ecc: 0
[    6.443130][    T1] thermal_sys: Registered thermal governor 'bang_bang'
[    6.444694][    T1] thermal_sys: Registered thermal governor 'step_wise'
[    6.461652][    T1] thermal_sys: Registered thermal governor 'user_space'
[    6.471828][    T1] thermal_sys: Registered thermal governor 'power_allocator'
[    6.502817][    T1] cpuidle: using governor menu
[    6.582235][    T1] hw-breakpoint: found 6 breakpoint and 4 watchpoint registers.
[    6.614982][    T1] ASID allocator initialised with 65536 entries
[    6.703399][    T1] Serial: <SERIAL> PL011 UART driver
[    7.307748][    T1] iommu: Default domain type: Translated
[    7.317594][    T1] iommu: DMA domain TLB invalidation policy: strict mode
[    7.501608][    T1] SCSI subsystem initialized
[    7.578804][    T1] usbcore: registered new interface driver usbfs
[    7.614187][    T1] usbcore: registered new interface driver hub
[    7.627363][    T1] usbcore: registered new device driver usb
[    7.640127][    T1] mc: Linux media interface: v0.10
[    7.649550][    T1] videodev: Linux video capture interface: v2.00
[    7.704139][    T1] EDAC MC: Ver: 3.0.0
[    7.785854][    T1] scmi_core: SCMI protocol bus registered
[    7.883287][    T1] Advanced Linux Sound Architecture Driver Initialized.
[    8.318455][    T1] clocksource: Switched to clocksource arch_sys_counter
[    8.625208][    C0] hrtimer: interrupt took 12846291 ns
[    8.776558][    T1] VFS: Disk quotas dquot_6.6.0
[    8.792637][    T1] VFS: Dquot-cache hash table entries: 512 (order 0, 4096 bytes)
[    8.929314][    T1] NET: Registered PF_INET protocol family
[    9.004208][    T1] IP idents hash table entries: 65536 (order: 7, 524288 bytes, linear)
[    9.651448][    T1] tcp_listen_portaddr_hash hash table entries: 2048 (order: 3, 32768 bytes, linear)
[    9.675301][    T1] Table-perturb hash table entries: 65536 (order: 6, 262144 bytes, linear)
[    9.689482][    T1] TCP established hash table entries: 32768 (order: 6, 262144 bytes, linear)
[    9.719191][    T1] TCP bind hash table entries: 32768 (order: 8, 1048576 bytes, linear)
[    9.740229][    T1] TCP: Hash tables configured (established 32768 bind 32768)
[    9.774020][    T1] UDP hash table entries: 2048 (order: 4, 65536 bytes, linear)
[    9.799331][    T1] UDP-Lite hash table entries: 2048 (order: 4, 65536 bytes, linear)
[    9.907323][    T1] NET: Registered PF_UNIX/PF_LOCAL protocol family
[    9.952847][    T1] NET: Registered PF_XDP protocol family
[    9.976816][    T1] PCI: CLS 0 bytes, default 64
[   10.186467][    T1] kvm [1]: HYP mode not available
[   10.396445][   T11] Trying to unpack rootfs image as initramfs...
[   11.636267][   T11] Freeing initrd memory: 21296K
[   11.810108][    T1] Initialise system trusted keyrings
[   11.893260][    T1] workingset: timestamp_bits=46 max_order=20 bucket_order=0
[   12.001778][    T1] fuse: init (API version 7.41)
[   12.206793][    T1] Key type asymmetric registered
[   12.218353][    T1] Asymmetric key parser 'x509' registered
[   12.245202][    T1] Block layer SCSI generic (bsg) driver version 0.4 loaded (major 240)
[   12.287027][    T1] io scheduler mq-deadline registered
[   12.301610][    T1] io scheduler kyber registered
[   12.320244][    T1] io scheduler bfq registered
[   12.469562][    T1] pci-host-generic 10000.pci: host bridge /pci ranges:
[   12.499608][    T1] pci-host-generic 10000.pci:      MEM 0x0002000000..0x0003ffffff -> 0x0002000000
[   12.547383][    T1] pci-host-generic 10000.pci:      MEM 0x01c0200000..0xffffffffff -> 0x01c0200000
[   12.581568][    T1] pci-host-generic 10000.pci: ECAM at [mem 0x00010000-0x0100ffff] for [bus 00]
[   12.637056][    T1] pci-host-generic 10000.pci: PCI host bridge to bus 0000:00
[   12.651571][    T1] pci_bus 0000:00: root bus resource [bus 00]
[   12.662703][    T1] pci_bus 0000:00: root bus resource [mem 0x02000000-0x03ffffff]
[   12.673939][    T1] pci_bus 0000:00: root bus resource [mem 0x1c0200000-0xffffffffff pref]
[   12.734788][    T1] pci 0000:00:00.0: [8086:1237] type 00 class 0x060000 conventional PCI endpoint
[   12.940636][    T1] pci 0000:00:01.0: [1af4:1043] type 00 class 0x078000 conventional PCI endpoint
[   12.956951][    T1] pci 0000:00:01.0: BAR 0 [mem 0x02008000-0x0200ffff]
[   12.978263][    T1] pci 0000:00:01.1: [1af4:1041] type 00 class 0x028000 conventional PCI endpoint
[   12.992547][    T1] pci 0000:00:01.1: BAR 0 [mem 0x020e0000-0x020e7fff]
[   13.003968][    T1] pci 0000:00:01.2: [1af4:1041] type 00 class 0x028000 conventional PCI endpoint
[   13.016886][    T1] pci 0000:00:01.2: BAR 0 [mem 0x020e8000-0x020effff]
[   13.031080][    T1] pci 0000:00:01.3: [1af4:1052] type 00 class 0x098000 conventional PCI endpoint
[   13.044635][    T1] pci 0000:00:01.3: BAR 0 [mem 0x02108000-0x0210ffff]
[   13.056735][    T1] pci 0000:00:01.4: [1af4:1052] type 00 class 0x098000 conventional PCI endpoint
[   13.070393][    T1] pci 0000:00:01.4: BAR 0 [mem 0x02110000-0x02117fff]
[   13.081521][    T1] pci 0000:00:01.5: [1af4:1052] type 00 class 0x098000 conventional PCI endpoint
[   13.094853][    T1] pci 0000:00:01.5: BAR 0 [mem 0x02118000-0x0211ffff]
[   13.106307][    T1] pci 0000:00:01.6: [1af4:1053] type 00 class 0x028000 conventional PCI endpoint
[   13.119947][    T1] pci 0000:00:01.6: BAR 0 [mem 0x02120000-0x02127fff]
[   13.131451][    T1] pci 0000:00:01.7: [1b36:0011] type 00 class 0xffff00 conventional PCI endpoint
[   13.144731][    T1] pci 0000:00:01.7: BAR 0 [mem 0x02128000-0x0212800f]
[   13.155793][    T1] pci 0000:00:02.0: [1af4:1050] type 00 class 0x038000 conventional PCI endpoint
[   13.169982][    T1] pci 0000:00:02.0: BAR 0 [mem 0x02000000-0x02007fff]
[   13.180376][    T1] pci 0000:00:02.0: BAR 2 [mem 0x200000000-0x3ffffffff 64bit pref]
[   13.192736][    T1] pci 0000:00:03.0: [1af4:1043] type 00 class 0x078000 conventional PCI endpoint
[   13.206476][    T1] pci 0000:00:03.0: BAR 0 [mem 0x02010000-0x02017fff]
[   13.217385][    T1] pci 0000:00:04.0: [1af4:1043] type 00 class 0x078000 conventional PCI endpoint
[   13.230372][    T1] pci 0000:00:04.0: BAR 0 [mem 0x02018000-0x0201ffff]
[   13.241216][    T1] pci 0000:00:05.0: [1af4:1043] type 00 class 0x078000 conventional PCI endpoint
[   13.254229][    T1] pci 0000:00:05.0: BAR 0 [mem 0x02020000-0x02027fff]
[   13.265744][    T1] pci 0000:00:06.0: [1af4:1043] type 00 class 0x078000 conventional PCI endpoint
[   13.280869][    T1] pci 0000:00:06.0: BAR 0 [mem 0x02028000-0x0202ffff]
[   13.291710][    T1] pci 0000:00:07.0: [1af4:1043] type 00 class 0x078000 conventional PCI endpoint
[   13.305460][    T1] pci 0000:00:07.0: BAR 0 [mem 0x02030000-0x02037fff]
[   13.317376][    T1] pci 0000:00:08.0: [1af4:1043] type 00 class 0x078000 conventional PCI endpoint
[   13.330842][    T1] pci 0000:00:08.0: BAR 0 [mem 0x02038000-0x0203ffff]
[   13.342392][    T1] pci 0000:00:09.0: [1af4:1043] type 00 class 0x078000 conventional PCI endpoint
[   13.356107][    T1] pci 0000:00:09.0: BAR 0 [mem 0x02040000-0x02047fff]
[   13.367539][    T1] pci 0000:00:0a.0: [1af4:1043] type 00 class 0x078000 conventional PCI endpoint
[   13.380975][    T1] pci 0000:00:0a.0: BAR 0 [mem 0x02048000-0x0204ffff]
[   13.392633][    T1] pci 0000:00:0b.0: [1af4:1043] type 00 class 0x078000 conventional PCI endpoint
[   13.406569][    T1] pci 0000:00:0b.0: BAR 0 [mem 0x02050000-0x02057fff]
[   13.418468][    T1] pci 0000:00:0c.0: [1af4:1043] type 00 class 0x078000 conventional PCI endpoint
[   13.431657][    T1] pci 0000:00:0c.0: BAR 0 [mem 0x02058000-0x0205ffff]
[   13.442356][    T1] pci 0000:00:0d.0: [1af4:1043] type 00 class 0x078000 conventional PCI endpoint
[   13.455451][    T1] pci 0000:00:0d.0: BAR 0 [mem 0x02060000-0x02067fff]
[   13.467349][    T1] pci 0000:00:0e.0: [1af4:1043] type 00 class 0x078000 conventional PCI endpoint
[   13.481039][    T1] pci 0000:00:0e.0: BAR 0 [mem 0x02068000-0x0206ffff]
[   13.492239][    T1] pci 0000:00:0f.0: [1af4:1043] type 00 class 0x078000 conventional PCI endpoint
[   13.505783][    T1] pci 0000:00:0f.0: BAR 0 [mem 0x02070000-0x02077fff]
[   13.517179][    T1] pci 0000:00:10.0: [1af4:1043] type 00 class 0x078000 conventional PCI endpoint
[   13.530973][    T1] pci 0000:00:10.0: BAR 0 [mem 0x02078000-0x0207ffff]
[   13.543387][    T1] pci 0000:00:11.0: [1af4:1043] type 00 class 0x078000 conventional PCI endpoint
[   13.559811][    T1] pci 0000:00:11.0: BAR 0 [mem 0x02080000-0x02087fff]
[   13.573854][    T1] pci 0000:00:12.0: [1af4:1043] type 00 class 0x078000 conventional PCI endpoint
[   13.587464][    T1] pci 0000:00:12.0: BAR 0 [mem 0x02088000-0x0208ffff]
[   13.598482][    T1] pci 0000:00:13.0: [1af4:1042] type 00 class 0x018000 conventional PCI endpoint
[   13.611678][    T1] pci 0000:00:13.0: BAR 0 [mem 0x020a8000-0x020affff]
[   13.623120][    T1] pci 0000:00:14.0: [1af4:1042] type 00 class 0x018000 conventional PCI endpoint
[   13.637377][    T1] pci 0000:00:14.0: BAR 0 [mem 0x020b0000-0x020b7fff]
[   13.648620][    T1] pci 0000:00:15.0: [1af4:1042] type 00 class 0x018000 conventional PCI endpoint
[   13.663010][    T1] pci 0000:00:15.0: BAR 0 [mem 0x020b8000-0x020bffff]
[   13.675175][    T1] pci 0000:00:16.0: [1af4:1043] type 00 class 0x078000 conventional PCI endpoint
[   13.688001][    T1] pci 0000:00:16.0: BAR 0 [mem 0x02090000-0x02097fff]
[   13.698356][    T1] pci 0000:00:17.0: [1af4:1043] type 00 class 0x078000 conventional PCI endpoint
[   13.711118][    T1] pci 0000:00:17.0: BAR 0 [mem 0x02098000-0x0209ffff]
[   13.721811][    T1] pci 0000:00:18.0: [1af4:1043] type 00 class 0x078000 conventional PCI endpoint
[   13.734400][    T1] pci 0000:00:18.0: BAR 0 [mem 0x020a0000-0x020a7fff]
[   13.775323][    T1] pci 0000:00:19.0: [1af4:105b] type 00 class 0x010800 conventional PCI endpoint
[   13.788508][    T1] pci 0000:00:19.0: BAR 0 [mem 0x020c0000-0x020c7fff]
[   13.799573][    T1] pci 0000:00:1a.0: [1af4:105b] type 00 class 0x010800 conventional PCI endpoint
[   13.812495][    T1] pci 0000:00:1a.0: BAR 0 [mem 0x020c8000-0x020cffff]
[   13.822824][    T1] pci 0000:00:1b.0: [1af4:1044] type 00 class 0x088000 conventional PCI endpoint
[   13.835567][    T1] pci 0000:00:1b.0: BAR 0 [mem 0x020d0000-0x020d7fff]
[   13.846252][    T1] pci 0000:00:1c.0: [1af4:1045] type 00 class 0x088000 conventional PCI endpoint
[   13.860390][    T1] pci 0000:00:1c.0: BAR 0 [mem 0x020d8000-0x020dffff]
[   13.870850][    T1] pci 0000:00:1d.0: [1af4:1059] type 00 class 0x040100 conventional PCI endpoint
[   13.883942][    T1] pci 0000:00:1d.0: BAR 0 [mem 0x020f0000-0x020f7fff]
[   13.894403][    T1] pci 0000:00:1e.0: [1af4:105d] type 00 class 0x0d8000 conventional PCI endpoint
[   13.907220][    T1] pci 0000:00:1e.0: BAR 0 [mem 0x020f8000-0x020fffff]
[   13.917836][    T1] pci 0000:00:1f.0: [1af4:1052] type 00 class 0x098000 conventional PCI endpoint
[   13.930641][    T1] pci 0000:00:1f.0: BAR 0 [mem 0x02100000-0x02107fff]
[   13.957507][    T1] pci_bus 0000:00: resource 4 [mem 0x02000000-0x03ffffff]
[   13.973225][    T1] pci_bus 0000:00: resource 5 [mem 0x1c0200000-0xffffffffff pref]
[   14.000502][    T1] pci 0000:00:00.0: Limiting direct PCI/PCI transfers
[   14.017481][    T1] pci 0000:00:00.0: quirk_natoma+0x0/0x50 took 19962 usecs
[   14.159161][    T1] Serial: <SERIAL> driver, 1 ports, IRQ sharing disabled
[   14.532486][    T1] 3f8.U6_16550A: ttyS0 at MMIO 0x3f8 (irq = 13, base_baud = 115200) is a 16550A
[   14.596534][    T1] 2f8.U6_16550A: ttyS1 at MMIO 0x2f8 (irq = 14, base_baud = 115200) is a 16550A
[   14.611517][    T1] 3e8.U6_16550A: ttyS2 at MMIO 0x3e8 (irq = 13, base_baud = 115200) is a 16550A
[   14.624947][    T1] 2e8.U6_16550A: ttyS3 at MMIO 0x2e8 (irq = 14, base_baud = 115200) is a 16550A
[   14.656542][    T1] printk: legacy console [ttynull0] enabled
[   15.057036][    T1] brd: module loaded
[   15.310442][    T1] loop: module loaded
[   15.407994][    T1] wireguard: WireGuard 1.0.0 loaded. See www.wireguard.com for information.
[   15.422480][    T1] wireguard: Copyright (C) 2015-2019 Jason A. Donenfeld <Jason@zx2c4.com>. All Rights Reserved.
[   15.518165][    T1] tun: Universal TUN/TAP device driver, 1.6
[   15.564882][    T1] VFIO - User Level meta-driver version: 0.3
[   15.660786][    T1] usbcore: registered new interface driver uas
[   15.691210][    T1] usbcore: registered new interface driver usb-storage
[   15.864774][    T1] usbcore: registered new interface driver xpad
[   15.995673][    T1] rtc-pl030 2000.rtc: registered as rtc0
[   16.017055][    T1] rtc-pl030 2000.rtc: setting system clock to 2026-10-02T18:03:27 UTC (1790964207)
[   16.051345][    T1] gspca_main: v2.14.0 registered
[   16.086393][    T1] usbcore: registered new interface driver uvcvideo
[   16.111602][    T1] device-mapper: uevent: version 1.0.3
[   16.150956][    T1] device-mapper: ioctl: 4.48.0-ioctl (2023-03-01) initialised: dm-devel@lists.linux.dev
[   16.251822][    T1] sdhci: Secure Digital Host Controller Interface driver
[   16.264555][    T1] sdhci: Copyright(c) Pierre Ossman
[   16.272539][    T1] sdhci-pltfm: SDHCI platform and OF driver helper
[   16.405740][    T1] hid: raw HID events driver (C) Jiri Kosina
[   16.476250][    T1] usbcore: registered new interface driver usbhid
[   16.487373][    T1] usbhid: USB HID core driver
[   16.515268][    T1] ashmem: Using Rust implementation.
[   16.608747][   T50] watchdog: NMI not fully supported
[   16.757512][    T1] usbcore: registered new interface driver snd-usb-audio
[   16.762666][   T50] watchdog: Hard watchdog permanently disabled
[   16.856245][    T1] GACT probability on
[   16.878592][    T1] Mirror/redirect action on
[   16.915535][    T1] netem: version 1.3
[   16.925052][    T1] u32 classifier
[   16.930254][    T1]     input device check on
[   16.936640][    T1]     Actions configured
[   17.238878][    T1] xt_time: kernel timezone is -0000
[   17.268928][    T1] ipip: IPv4 and MPLS over IPv4 tunneling driver
[   17.376445][    T1] gre: GRE over IPv4 demultiplexor driver
[   17.388060][    T1] ip_gre: GRE over IPv4 tunneling driver
[   17.488580][    T1] IPv4 over IPsec tunneling driver
[   17.606714][    T1] Initializing XFRM netlink socket
[   17.628022][    T1] IPsec XFRM device driver
[   17.671555][    T1] NET: Registered PF_INET6 protocol family
[   18.199437][    T1] Segment Routing with IPv6
[   18.219056][    T1] In-situ OAM (IOAM) with IPv6
[   18.254438][    T1] mip6: Mobile IPv6
[   18.388285][    T1] sit: IPv6, IPv4 and MPLS over IPv4 tunneling driver
[   18.494967][    T1] ip6_gre: GRE over IPv6 tunneling driver
[   18.570901][    T1] NET: Registered PF_PACKET protocol family
[   18.591811][    T1] NET: Registered PF_KEY protocol family
[   18.628218][    T1] NET: Registered PF_VSOCK protocol family
[   18.738879][    T1] registered taskstats version 1
[   18.840519][    T1] Loading compiled-in X.509 certificates
[   19.189035][    T1] Loaded X.509 cert 'Build time autogenerated kernel key: eb8f544ae1808a88ed2844ba9772e9caf881a105'
[   19.284671][    T1] page_owner is disabled
[   19.294775][    T1] Key type .fscrypt registered
[   19.301188][    T1] Key type fscrypt-provisioning registered
[   19.727292][    T1] clk: Disabling unused clocks
[   19.744926][    T1] PM: genpd: Disabling unused power domains
[   19.779313][    T1] ALSA device list:
[   19.843696][    T1]   No soundcards found.
[   20.302302][    T1] Freeing unused kernel memory: 4672K
[   20.331713][    T1] Run /init as init process
[   22.343203][    T1] init: init first stage started!
[   22.627864][    T1] init: Loading module /lib/modules/failover.ko with args ''
[   22.882287][    T1] init: Loaded kernel module /lib/modules/failover.ko
[   22.900161][    T1] init: Loading module /lib/modules/nd_virtio.ko with args ''
[   22.939803][    T1] init: Loaded kernel module /lib/modules/nd_virtio.ko
[   22.949284][    T1] init: Loading module /lib/modules/net_failover.ko with args ''
[   23.021542][    T1] init: Loaded kernel module /lib/modules/net_failover.ko
[   23.033363][    T1] init: Loading module /lib/modules/virtio_dma_buf.ko with args ''
[   23.049908][    T1] init: Loaded kernel module /lib/modules/virtio_dma_buf.ko
[   23.060399][    T1] init: Loading module /lib/modules/virtio-gpu.ko with args ''
[   23.102890][    T1] init: Loaded kernel module /lib/modules/virtio-gpu.ko
[   23.117300][    T1] init: Loading module /lib/modules/virtio_input.ko with args ''
[   23.145825][    T1] init: Loaded kernel module /lib/modules/virtio_input.ko
[   23.158632][    T1] init: Loading module /lib/modules/virtio_net.ko with args ''
[   23.191969][    T1] init: Loaded kernel module /lib/modules/virtio_net.ko
[   23.206830][    T1] init: Loading module /lib/modules/virtio-rng.ko with args ''
[   23.232005][    T1] init: Loaded kernel module /lib/modules/virtio-rng.ko
[   23.244246][    T1] init: Loading module /lib/modules/libarc4.ko with args ''
[   23.300205][    T1] init: Loaded kernel module /lib/modules/libarc4.ko
[   23.314513][    T1] init: Loading module /lib/modules/rfkill.ko with args ''
[   23.359856][    T1] init: Loaded kernel module /lib/modules/rfkill.ko
[   23.373796][    T1] init: Loading module /lib/modules/cfg80211.ko with args ''
[   23.528353][    T1] cfg80211: Loading compiled-in X.509 certificates for regulatory database
[   23.542803][    T1] Loaded X.509 cert 'sforshee: 00b28ddf47aef9cea7'
[   23.557178][    T1] Loaded X.509 cert 'wens: 61c038651aabdcf94bd0ac7ff06c7248db18c600'
[   23.605948][   T31] platform regulatory.0: Direct firmware load for regulatory.db failed with error -2
[   23.614002][    T1] init: Loaded kernel module /lib/modules/cfg80211.ko
[   23.629428][   T31] cfg80211: failed to load regulatory.db
[   23.642353][    T1] init: Loading module /lib/modules/mac80211.ko with args ''
[   23.783038][    T1] init: Loaded kernel module /lib/modules/mac80211.ko
[   23.796735][    T1] init: Loading module /lib/modules/mac80211_hwsim.ko with args 'radios=0'
[   23.832017][    T1] mac80211_hwsim: initializing netlink
[   23.870547][    T1] init: Loaded kernel module /lib/modules/mac80211_hwsim.ko
[   23.883330][    T1] init: Loading module /lib/modules/virtio_blk.ko with args ''
[   23.923091][    T1] init: Loaded kernel module /lib/modules/virtio_blk.ko
[   23.934887][    T1] init: Loading module /lib/modules/virtio_console.ko with args ''
[   23.960582][    T1] init: Loaded kernel module /lib/modules/virtio_console.ko
[   23.972787][    T1] init: Loading module /lib/modules/virtio_pci_modern_dev.ko with args ''
[   23.990842][    T1] init: Loaded kernel module /lib/modules/virtio_pci_modern_dev.ko
[   24.001991][    T1] init: Loading module /lib/modules/virtio_pci_legacy_dev.ko with args ''
[   24.015994][    T1] init: Loaded kernel module /lib/modules/virtio_pci_legacy_dev.ko
[   24.027837][    T1] init: Loading module /lib/modules/virtio_pci.ko with args ''
[   24.177761][    T1] printk: legacy console [hvc0] enabled
[   24.186290][    T1] printk: legacy bootconsole [uart8250] disabled
[   24.360050][    T1] input: Cuttlefish Vhost User Rotary 0 as /devices/platform/10000.pci/pci0000:00/0000:00:01.3/virtio3/input/input0
[   24.426298][    T1] input: Cuttlefish Vhost User Keyboard 0 as /devices/platform/10000.pci/pci0000:00/0000:00:01.4/virtio4/input/input1
[   24.477857][    T1] input: Cuttlefish Vhost User Switches 0 as /devices/platform/10000.pci/pci0000:00/0000:00:01.5/virtio5/input/input2
[   24.505159][    T1] [drm] pci: virtio-gpu-pci detected at 0000:00:02.0
[   24.518727][    T1] [drm] Host memory window: 0x200000000 +0x200000000
[   24.520817][    T1] [drm] features: -virgl +edid +resource_blob +host_visible
[   24.520855][    T1] [drm] features: -context_init
[   24.531552][    T1] [drm] number of scanouts: 16
[   24.532585][    T1] [drm] number of cap sets: 0
[   24.670204][    T1] [drm] Initialized virtio_gpu 0.1.0 for 0000:00:02.0 on minor 0
[   25.034693][    T1] virtio_blk virtio24: 4/0/0 default/read/poll queues
[   25.061873][    T1] virtio_blk virtio24: [vda] 34247808 512-byte logical blocks (17.5 GB/16.3 GiB)
[   25.124588][    T1]  vda: vda1 vda2 vda3 vda4 vda5 vda6 vda7 vda8 vda9 vda10 vda11 vda12 vda13 vda14 vda15 vda16 vda17 vda18 vda19
[   25.160980][    T1] virtio_blk virtio25: 4/0/0 default/read/poll queues
[   25.176196][    T1] virtio_blk virtio25: [vdb] 2560 512-byte logical blocks (1.31 MB/1.25 MiB)
[   25.193560][    T1]  vdb: vdb1 vdb2 vdb3 vdb4
[   25.196277][    T1] virtio_blk virtio26: 4/0/0 default/read/poll queues
[   25.205834][    T1] virtio_blk virtio26: [vdc] 4194304 512-byte logical blocks (2.15 GB/2.00 GiB)
[   25.213728][    T1]  vdc: vdc1
[   27.242179][    T1] input: Cuttlefish Vhost User Multitouch Touchscreen 0 as /devices/platform/10000.pci/pci0000:00/0000:00:1f.0/virtio36/input/input3
[   27.260205][    T1] init: Loaded kernel module /lib/modules/virtio_pci.ko
[   27.265131][    T1] init: Loading module /lib/modules/vmw_vsock_virtio_transport.ko with args ''
[   27.328540][    T1] init: Loaded kernel module /lib/modules/vmw_vsock_virtio_transport.ko
[   27.357518][    T1] init: Loaded 19 modules from /lib/modules
[   27.379407][    T1] init: Loaded 19 kernel modules took 4997 ms
[   27.444288][    T1] init: Copied ramdisk prop to /second_stage_resources/system/etc/ramdisk/build.prop
[   27.452064][    T1] init: Using generic ramdisk copy of snapuserd /system/bin/snapuserd_ramdisk
[   27.453577][    T1] init: hard linking /system/bin/snapuserd_ramdisk to /first_stage_ramdisk/system/bin/snapuserd succeeded
[   27.493212][    T1] init: Switching root to '/first_stage_ramdisk'
[   27.514808][    T1] init: [libfstab] Using Android DT directory /proc/device-tree/firmware/android/
[   27.898439][    T1] init: [libfs_mgr] Invalid ext4 superblock on '/dev/block/by-name/metadata'
[   27.920378][    T1] init: [libfs_mgr] Invalid ext4 superblock on '/dev/block/by-name/metadata'
[   28.183473][    T1] init: [libfs_mgr] Created logical partition product_a on device /dev/block/dm-0
[   28.198677][    T1] init: [libfs_mgr] Skipping zero-length logical partition: product_b
[   28.233963][    T1] init: [libfs_mgr] Created logical partition system_a on device /dev/block/dm-1
[   28.239070][    T1] init: [libfs_mgr] Created logical partition system_b on device /dev/block/dm-2
[   28.242374][    T1] init: [libfs_mgr] Created logical partition system_ext_a on device /dev/block/dm-3
[   28.242802][    T1] init: [libfs_mgr] Skipping zero-length logical partition: system_ext_b
[   28.246481][    T1] init: [libfs_mgr] Created logical partition system_dlkm_a on device /dev/block/dm-4
[   28.246841][    T1] init: [libfs_mgr] Skipping zero-length logical partition: system_dlkm_b
[   28.250534][    T1] init: [libfs_mgr] Created logical partition odm_a on device /dev/block/dm-5
[   28.250899][    T1] init: [libfs_mgr] Skipping zero-length logical partition: odm_b
[   28.253946][    T1] init: [libfs_mgr] Created logical partition vendor_a on device /dev/block/dm-6
[   28.254311][    T1] init: [libfs_mgr] Skipping zero-length logical partition: vendor_b
[   28.257150][    T1] init: [libfs_mgr] Created logical partition vendor_dlkm_a on device /dev/block/dm-7
[   28.257506][    T1] init: [libfs_mgr] Skipping zero-length logical partition: vendor_dlkm_b
[   28.260694][    T1] init: [libfs_mgr] Created logical partition odm_dlkm_a on device /dev/block/dm-8
[   28.261052][    T1] init: [libfs_mgr] Skipping zero-length logical partition: odm_dlkm_b
[   28.269677][    T1] init: DSU not detected, proceeding with normal boot
[   28.428448][    T1] init: [libfs_avb] Returning avb_handle with status: Success
[   28.473296][    T1] init: [libfs_avb] : Error verifying vbmeta image: OK_NOT_SIGNED
[   28.485568][    T1] init: [libfs_avb] public key data shouldn't be empty for /system
[   28.485986][    T1] init: [libfs_avb] Found unknown public key used to sign /system
[   28.486551][    T1] init: [libfs_avb] Returning avb_handle for '/system' with status: VerificationError
[   28.496866][    T1] init: [libfs_avb] Built verity table: '1 /dev/block/dm-1 /dev/block/dm-1 4096 4096 229741 229741 sha256 aac42fd78ca6a47ae9678c953124264681128ca1f8ad2a4876de34ea6051a506 16b6a5f2fb07bc9ff4d92dc782d830af4eb572c1213156e732d0bcf67fbc162e 10 use_fec_from_device /dev/block/dm-1 fec_roots 2 fec_blocks 231552 fec_start 231552 restart_on_corruption ignore_zero_blocks'
[   28.545597][    T1] device-mapper: verity: sha256 using shash "sha256-ce" (multibuffer)
[   28.808937][    T1] erofs: (device dm-9): initialized per-cpu workers successfully.
[   28.835424][    T1] erofs: (device dm-9): mounted with root inode @ nid 55.
[   28.842767][    T1] init: [libfs_mgr] __mount(source=/dev/block/dm-9,target=/system,type=erofs)=0: Success
[   28.938021][    T1] init: Switching root to '/system'
[   28.997250][    T1] init: [libfs_avb] Built verity table: '1 /dev/block/dm-5 /dev/block/dm-5 4096 4096 105 105 sha256 8c68f2a2610fb5a4e3fccacdf62c2c1925f34ca50f9d7963c8f13ba69223f64a 16b6a5f2fb07bc9ff4d92dc782d830af4eb572c1213156e732d0bcf67fbc162e 10 use_fec_from_device /dev/block/dm-5 fec_roots 2 fec_blocks 106 fec_start 106 restart_on_corruption ignore_zero_blocks'
[   29.018999][    T1] device-mapper: verity: sha256 using shash "sha256-ce" (multibuffer)
[   29.052153][    T1] erofs: (device dm-10): mounted with root inode @ nid 38.
[   29.053719][    T1] init: [libfs_mgr] __mount(source=/dev/block/dm-10,target=/odm,type=erofs)=0: Success
[   29.058207][    T1] init: [libfs_avb] Built verity table: '1 /dev/block/dm-0 /dev/block/dm-0 4096 4096 55596 55596 sha256 70dd7120546301852d0535811d2896b573ff4a77a25af6273c75c3ddf34e5f62 16b6a5f2fb07bc9ff4d92dc782d830af4eb572c1213156e732d0bcf67fbc162e 10 use_fec_from_device /dev/block/dm-0 fec_roots 2 fec_blocks 56036 fec_start 56036 restart_on_corruption ignore_zero_blocks'
[   29.062015][    T1] device-mapper: verity: sha256 using shash "sha256-ce" (multibuffer)
[   29.081675][    T1] erofs: (device dm-11): mounted with root inode @ nid 40.
[   29.082170][    T1] init: [libfs_mgr] __mount(source=/dev/block/dm-11,target=/product,type=erofs)=0: Success
[   29.083808][    T1] init: [libfs_avb] Built verity table: '1 /dev/block/dm-3 /dev/block/dm-3 4096 4096 61830 61830 blake2b-256 b9d156218e1319f8adb3d5ccaddabd574152504877352d58c821b5313573efbb 16b6a5f2fb07bc9ff4d92dc782d830af4eb572c1213156e732d0bcf67fbc162e 10 use_fec_from_device /dev/block/dm-3 fec_roots 2 fec_blocks 62319 fec_start 62319 restart_on_corruption ignore_zero_blocks'
[   29.087269][    T1] device-mapper: verity: blake2b-256 using shash "blake2b-256-generic"
[   29.156643][    T1] erofs: (device dm-12): mounted with root inode @ nid 39.
[   29.158502][    T1] init: [libfs_mgr] __mount(source=/dev/block/dm-12,target=/system_ext,type=erofs)=0: Success
[   29.160276][    T1] init: [libfs_avb] Built verity table: '1 /dev/block/dm-6 /dev/block/dm-6 4096 4096 69747 69747 sha256 d8895f6a3dc07758a60bddc6de96b416d02a3e93da4e2a8cf63d0ea6bd783a5a 16b6a5f2fb07bc9ff4d92dc782d830af4eb572c1213156e732d0bcf67fbc162e 10 use_fec_from_device /dev/block/dm-6 fec_roots 2 fec_blocks 70298 fec_start 70298 restart_on_corruption ignore_zero_blocks'
[   29.165674][    T1] device-mapper: verity: sha256 using shash "sha256-ce" (multibuffer)
[   29.183803][    T1] erofs: (device dm-13): mounted with root inode @ nid 48.
[   29.184262][    T1] init: [libfs_mgr] __mount(source=/dev/block/dm-13,target=/vendor,type=erofs)=0: Success
[   29.186973][    T1] init: [libfs_avb] Built verity table: '1 /dev/block/dm-7 /dev/block/dm-7 4096 4096 385 385 sha256 5897fa181af216a9d41a801f8b145e579c08f10e0093f2eebd6ddf3e9193c5e4 16b6a5f2fb07bc9ff4d92dc782d830af4eb572c1213156e732d0bcf67fbc162e 10 use_fec_from_device /dev/block/dm-7 fec_roots 2 fec_blocks 390 fec_start 390 restart_on_corruption ignore_zero_blocks'
[   29.189868][    T1] device-mapper: verity: sha256 using shash "sha256-ce" (multibuffer)
[   29.201908][    T1] erofs: (device dm-14): mounted with root inode @ nid 39.
[   29.202233][    T1] init: [libfs_mgr] __mount(source=/dev/block/dm-14,target=/vendor_dlkm,type=erofs)=0: Success
[   29.203591][    T1] init: [libfs_avb] Built verity table: '1 /dev/block/dm-8 /dev/block/dm-8 4096 4096 2 2 sha256 08323ce005ea92a9cfc8240b4afc7e8721ad15e8bf7221cb7f16dec45c0fdf3b 16b6a5f2fb07bc9ff4d92dc782d830af4eb572c1213156e732d0bcf67fbc162e 10 use_fec_from_device /dev/block/dm-8 fec_roots 2 fec_blocks 3 fec_start 3 restart_on_corruption ignore_zero_blocks'
[   29.206429][    T1] device-mapper: verity: sha256 using shash "sha256-ce" (multibuffer)
[   29.218919][    T1] erofs: (device dm-15): mounted with root inode @ nid 38.
[   29.219244][    T1] init: [libfs_mgr] __mount(source=/dev/block/dm-15,target=/odm_dlkm,type=erofs)=0: Success
[   29.222661][    T1] init: [libfs_avb] : Error verifying vbmeta image: OK_NOT_SIGNED
[   29.223915][    T1] init: [libfs_avb] public key data shouldn't be empty for /system_dlkm
[   29.224260][    T1] init: [libfs_avb] Found unknown public key used to sign /system_dlkm
[   29.224516][    T1] init: [libfs_avb] Returning avb_handle for '/system_dlkm' with status: VerificationError
[   29.224909][    T1] init: Image rollback detected for /system_dlkm, SPL switches from '' to ''
[   29.225230][    T1] init: Allowing rollbacked standalone image when the device is unlocked
[   29.225510][    T1] init: [libfs_avb] Built verity table: '1 /dev/block/dm-4 /dev/block/dm-4 4096 4096 2031 2031 sha256 5c56217d20147954b242731d05656416572b6c947f31f76063d5bca8521c0dac 16b6a5f2fb07bc9ff4d92dc782d830af4eb572c1213156e732d0bcf67fbc162e 10 use_fec_from_device /dev/block/dm-4 fec_roots 2 fec_blocks 2048 fec_start 2048 restart_on_corruption ignore_zero_blocks'
[   29.227389][    T1] device-mapper: verity: sha256 using shash "sha256-ce" (multibuffer)
[   29.244027][    T1] erofs: (device dm-16): mounted with root inode @ nid 38.
[   29.244466][    T1] init: [libfs_mgr] __mount(source=/dev/block/dm-16,target=/system_dlkm,type=erofs)=0: Success
[   29.462671][    T1] init: Skipped setting INIT_AVB_VERSION (not in recovery mode)
[   31.338382][    T1] init: [libfstab] Using Android DT directory /proc/device-tree/firmware/android/
[   31.471069][    T1] init: Opening SELinux policy
[   31.584509][    T1] init: Loading SELinux policy
[   31.805169][    T1] SELinux:  policy capability network_peer_controls=1
[   31.807855][    T1] SELinux:  policy capability open_perms=1
[   31.808313][    T1] SELinux:  policy capability extended_socket_class=1
[   31.808753][    T1] SELinux:  policy capability always_check_network=0
[   31.809335][    T1] SELinux:  policy capability cgroup_seclabel=0
[   31.809706][    T1] SELinux:  policy capability nnp_nosuid_transition=1
[   31.810021][    T1] SELinux:  policy capability genfs_seclabel_symlinks=0
[   31.810394][    T1] SELinux:  policy capability ioctl_skip_cloexec=0
[   31.810723][    T1] SELinux:  policy capability userspace_initial_context=0
[   31.811036][    T1] SELinux: policy capability memfd_class=1
[   31.811455][    T1] SELinux: policy capability genfs_seclabel_wildcard=0
[   31.811783][    T1] SELinux:  unknown policy capability 9
[   31.812032][    T1] SELinux:  unknown policy capability 12
[   31.942983][   T53] audit: type=1403 audit(1790964223.080:2): auid=4294967295 ses=4294967295 lsm=selinux res=1
[   31.959203][   T53] audit: type=1300 audit(1790964223.080:2): arch=c00000b7 syscall=64 success=yes exit=911737 a0=4 a1=b400007d1f520680 a2=de979 a3=ffffffffffffffff items=0 ppid=0 pid=1 auid=4294967295 uid=0 gid=0 euid=0 suid=0 fsuid=0 egid=0 sgid=0 fsgid=0 tty=(none) ses=4294967295 comm="init" exe="/system/bin/init" subj=u:r:kernel:s0 key=(null)
[   31.976446][   T53] audit: type=1309 audit(1790964223.080:2): argc=1 a0="/system/bin/init"
[   31.982983][   T53] audit: type=1327 audit(1790964223.080:2): proctitle=2F73797374656D2F62696E2F696E69740073656C696E75785F7365747570
[   32.046581][   T53] audit: type=1404 audit(1790964223.524:3): enforcing=1 old_enforcing=0 auid=4294967295 ses=4294967295 enabled=1 old-enabled=1 lsm=selinux res=1
[   32.064703][   T53] audit: type=1300 audit(1790964223.524:3): arch=c00000b7 syscall=64 success=yes exit=1 a0=4 a1=7fe4c14890 a2=1 a3=14 items=0 ppid=0 pid=1 auid=4294967295 uid=0 gid=0 euid=0 suid=0 fsuid=0 egid=0 sgid=0 fsgid=0 tty=(none) ses=4294967295 comm="init" exe="/system/bin/init" subj=u:r:kernel:s0 key=(null)
[   32.080999][   T53] audit: type=1327 audit(1790964223.524:3): proctitle=2F73797374656D2F62696E2F696E69740073656C696E75785F7365747570
[   32.195539][    T1] selinux: SELinux: Loaded file context from:
[   32.196887][    T1] selinux: 		/system/etc/selinux/plat_file_contexts
[   32.197436][    T1] selinux: 		/system_ext/etc/selinux/system_ext_file_contexts
[   32.197964][    T1] selinux: 		/product/etc/selinux/product_file_contexts
[   32.198551][    T1] selinux: 		/vendor/etc/selinux/vendor_file_contexts
[   32.198911][    T1] selinux: 		/odm/etc/selinux/odm_file_contexts
[   32.584475][    T1] init: init second stage started!
[   32.974591][    T1] selinux: SELinux: Loaded file context from:
[   32.977301][    T1] selinux: 		/system/etc/selinux/plat_file_contexts
[   32.977813][    T1] selinux: 		/system_ext/etc/selinux/system_ext_file_contexts
[   32.978151][    T1] selinux: 		/product/etc/selinux/product_file_contexts
[   32.978458][    T1] selinux: 		/vendor/etc/selinux/vendor_file_contexts
[   32.978820][    T1] selinux: 		/odm/etc/selinux/odm_file_contexts
[   33.211610][    T1] init: [libfstab] Using Android DT directory /proc/device-tree/firmware/android/
[   33.477189][    T1] init: Overriding previous property 'ro.build.display.id':'generic_system-userdebug 17 CP2A.260605.016 16373615 test-keys' with new value 'aosp_cf_arm64_only_phone-userdebug 17 CP2A.260605.016 16373615 test-keys'
[   33.480106][    T1] init: Overriding previous property 'ro.build.flavor':'generic_system-userdebug' with new value 'aosp_cf_arm64_only_phone-userdebug'
[   33.480693][    T1] init: Overriding previous property 'ro.build.description':'generic_system-userdebug 17 CP2A.260605.016 16373615 test-keys' with new value 'aosp_cf_arm64_only_phone-userdebug 17 CP2A.260605.016 16373615 test-keys'
[   33.482236][    T1] init: Overriding previous property 'ro.config.notification_sound':'OnTheHunt.ogg' with new value 'pixiedust.ogg'
[   33.482803][    T1] init: Overriding previous property 'ro.com.android.dataroaming':'false' with new value 'true'
[   33.498189][    T1] init: Setting product property ro.product.brand to 'generic' (from ro.product.product.brand)
[   33.498689][    T1] init: Setting product property ro.product.device to 'vsoc_arm64_only' (from ro.product.product.device)
[   33.499100][    T1] init: Setting product property ro.product.manufacturer to 'Google' (from ro.product.product.manufacturer)
[   33.499714][    T1] init: Setting product property ro.product.model to 'Cuttlefish arm64 phone 64-bit only' (from ro.product.product.model)
[   33.500325][    T1] init: Setting product property ro.product.name to 'aosp_cf_arm64_only_phone' (from ro.product.product.name)
[   33.521280][    T1] init: Setting property 'ro.build.fingerprint' to 'generic/aosp_cf_arm64_only_phone/vsoc_arm64_only:17/CP2A.260605.016/16373615:userdebug/test-keys'
[   33.525161][    T1] init: Setting property 'ro.product.cpu.abilist' to 'arm64-v8a'
[   33.526073][    T1] init: Setting property 'ro.product.cpu.abilist32' to ''
[   33.526348][    T1] init: Setting property 'ro.product.cpu.abilist64' to 'arm64-v8a'
[   33.590023][    T1] init: Running restorecon...
[   33.968728][    T1] init: Created socket '/dev/socket/property_service_for_system', mode 660, user 0, group 1000
[   34.044819][    T1] init: Created socket '/dev/socket/property_service', mode 666, user 0, group 0
[   34.178871][    T1] init: [libfs_mgr] vendor overlay: vndk version not defined
[   34.340167][    T1] init: SetupMountNamespaces done
[   34.443152][    T1] init: Forked subcontext for 'u:r:vendor_init:s0' with pid 116
[   34.595057][    T1] init: Parsing file /system/etc/init/hw/init.rc...
[   34.632348][    T1] init: Added '/init.environ.rc' to import list
[   34.643850][    T1] init: Added '/system/etc/init/hw/init.usb.rc' to import list
[   34.649038][    T1] init: Added '/init.cutf_cvm.rc' to import list
[   34.651974][    T1] init: Added '/vendor/etc/init/hw/init.cutf_cvm.rc' to import list
[   34.654570][    T1] init: Added '/system/etc/init/hw/init.usb.configfs.rc' to import list
[   34.659461][    T1] init: Added '/system/etc/init/hw/init.zygote64.rc' to import list
[   34.724728][    T1] init: Added '/system/etc/init/hw/init.boringssl.zygote64.rc' to import list
[   34.801529][    T1] init: Added '/system/etc/init/init-perfetto.rc' to import list
[   34.860078][    T1] init: Parsing file /init.environ.rc...
[   34.877487][    T1] init: Parsing file /system/etc/init/hw/init.usb.rc...
[   34.899671][    T1] init: Parsing file /init.cutf_cvm.rc...
[   34.900965][    T1] init: Unable to read config file '/init.cutf_cvm.rc': open() failed: No such file or directory
[   34.915745][    T1] init: Parsing file /vendor/etc/init/hw/init.cutf_cvm.rc...
[   34.918732][    T1] init: Unable to read config file '/vendor/etc/init/hw/init.cutf_cvm.rc': open() failed: No such file or directory
[   34.927741][    T1] init: Parsing file /system/etc/init/hw/init.usb.configfs.rc...
[   34.947712][    T1] init: Parsing file /system/etc/init/hw/init.zygote64.rc...
[   34.950718][    T1] init: Parsing file /system/etc/init/hw/init.boringssl.zygote64.rc...
[   34.962571][    T1] init: Parsing file /system/etc/init/init-perfetto.rc...
[   34.968071][    T1] init: Parsing directory /system/etc/init...
[   34.997277][    T1] init: Parsing file /system/etc/init/aconfigd.rc...
[   35.041144][    T1] init: Parsing file /system/etc/init/aisealhostservice.rc...
[   35.048205][    T1] init: Parsing file /system/etc/init/android.system.suspend-service.rc...
[   35.053800][    T1] init: Parsing file /system/etc/init/aoad.rc...
[   35.057998][    T1] init: Parsing file /system/etc/init/apexd.rc...
[   35.068257][    T1] init: Parsing file /system/etc/init/atrace.rc...
[   35.112669][    T1] init: Parsing file /system/etc/init/atrace_userdebug.rc...
[   35.117206][    T1] init: Parsing file /system/etc/init/audioserver.rc...
[   35.141333][    T1] init: Parsing file /system/etc/init/blank_screen.rc...
[   35.150708][    T1] init: Parsing file /system/etc/init/bootanim.rc...
[   35.152413][    T1] init: Parsing file /system/etc/init/bootstat-debug.rc...
[   35.153041][    T1] init: Parsing file /system/etc/init/bootstat.rc...
[   35.161159][    T1] init: Parsing file /system/etc/init/cameraserver.rc...
[   35.162255][    T1] init: Parsing file /system/etc/init/casefolding_remover.rc...
[   35.163213][    T1] init: Parsing file /system/etc/init/clean_scratch_files.rc...
[   35.164051][    T1] init: Parsing file /system/etc/init/cppreopts.rc...
[   35.166470][    T1] init: Parsing file /system/etc/init/credstore.rc...
[   35.167286][    T1] init: Parsing file /system/etc/init/dmesgd.rc...
[   35.168484][    T1] init: Parsing file /system/etc/init/drmserver.rc...
[   35.169271][    T1] init: Parsing file /system/etc/init/dumpstate.rc...
[   35.170075][    T1] init: Parsing file /system/etc/init/flags_health_check.rc...
[   35.171126][    T1] init: Parsing file /system/etc/init/gatekeeperd.rc...
[   35.171971][    T1] init: Parsing file /system/etc/init/gpuservice.rc...
[   35.172781][    T1] init: Parsing file /system/etc/init/gsid.rc...
[   35.173831][    T1] init: Parsing file /system/etc/init/heapprofd.rc...
[   35.174785][    T1] init: Parsing file /system/etc/init/hidservice.rc...
[   35.175435][    T1] init: Parsing file /system/etc/init/idmap2d.rc...
[   35.176083][    T1] init: Parsing file /system/etc/init/incidentd.rc...
[   35.177112][    T1] init: Parsing file /system/etc/init/init-debug.rc...
[   35.177953][    T1] init: Parsing file /system/etc/init/init-perfetto.rc...
[   35.178591][    T1] init: Parsing file /system/etc/init/installd.rc...
[   35.183085][    T1] init: Parsing file /system/etc/init/kcmdlinectrl.rc...
[   35.183896][    T1] init: Parsing file /system/etc/init/kcmdlinemodprobe.rc...
[   35.184568][    T1] init: Parsing file /system/etc/init/keystore2.rc...
[   35.186448][    T1] init: Parsing file /system/etc/init/llkd-debuggable.rc...
[   35.187439][    T1] init: Parsing file /system/etc/init/llkd.rc...
[   35.188225][    T1] init: Parsing file /system/etc/init/lmkd.rc...
[   35.189845][    T1] init: Parsing file /system/etc/init/logcatd.rc...
[   35.201230][    T1] init: Parsing file /system/etc/init/logd.rc...
[   35.212634][    T1] init: Parsing file /system/etc/init/logtagd.rc...
[   35.213384][    T1] init: Parsing file /system/etc/init/lpdumpd.rc...
[   35.215797][    T1] init: Parsing file /system/etc/init/mdnsd.rc...
[   35.216643][    T1] init: Parsing file /system/etc/init/media.codeclist.generator.rc...
[   35.217467][    T1] init: Parsing file /system/etc/init/mediaextractor.rc...
[   35.218050][    T1] init: Parsing file /system/etc/init/mediametrics.rc...
[   35.218982][    T1] init: Parsing file /system/etc/init/mediaserver.rc...
[   35.219664][    T1] init: Parsing file /system/etc/init/misctrl.rc...
[   35.220246][    T1] init: Parsing file /system/etc/init/mmd.rc...
[   35.226318][    T1] init: Parsing file /system/etc/init/mtectrl.rc...
[   35.227344][    T1] init: Parsing file /system/etc/init/netbpfload.rc...
[   35.229362][    T1] init: Parsing file /system/etc/init/netd.rc...
[   35.230673][    T1] init: Parsing file /system/etc/init/odsign.rc...
[   35.231330][    T1] init: Parsing file /system/etc/init/perfetto.rc...
[   35.234778][    T1] init: Parsing file /system/etc/init/pmgd.rc...
[   35.235265][    T1] init: Parsing file /system/etc/init/prefetch.rc...
[   35.236880][    T1] init: Parsing file /system/etc/init/prng_seeder.rc...
[   35.237306][    T1] init: Parsing file /system/etc/init/profcollectd.rc...
[   35.238069][    T1] init: Parsing file /system/etc/init/recovery-persist.rc...
[   35.238711][    T1] init: Parsing file /system/etc/init/recovery-refresh.rc...
[   35.239784][    T1] init: Parsing file /system/etc/init/rss_hwm_reset.rc...
[   35.241098][    T1] init: Parsing file /system/etc/init/servicemanager.rc...
[   35.241786][    T1] init: Parsing file /system/etc/init/simpleperf.rc...
[   35.242284][    T1] init: Parsing file /system/etc/init/snapuserd.rc...
[   35.242963][    T1] init: Parsing file /system/etc/init/storaged.rc...
[   35.243573][    T1] init: Parsing file /system/etc/init/surfaceflinger.rc...
[   35.244246][    T1] init: Parsing file /system/etc/init/tombstoned.rc...
[   35.244925][    T1] init: Parsing file /system/etc/init/traced_perf.rc...
[   35.246331][    T1] init: Parsing file /system/etc/init/tradeinmode.rc...
[   35.246949][    T1] init: Parsing file /system/etc/init/uncrypt.rc...
[   35.247564][    T1] init: Parsing file /system/etc/init/update_engine.rc...
[   35.248262][    T1] init: Parsing file /system/etc/init/update_verifier.rc...
[   35.248892][    T1] init: Parsing file /system/etc/init/usbd.rc...
[   35.249409][    T1] init: Parsing file /system/etc/init/virtual_camera.hal.rc...
[   35.250016][    T1] init: Parsing file /system/etc/init/vold.rc...
[   35.250684][    T1] init: Parsing file /system/etc/init/wifi.rc...
[   35.251718][    T1] init: Parsing file /system/etc/init/zygote_next.rc...
[   35.253363][    T1] init: Parsing directory /system_ext/etc/init...
[   35.254255][    T1] init: Parsing file /system_ext/etc/init/aidl_lazy_cb_test_server.rc...
[   35.255240][    T1] init: Parsing file /system_ext/etc/init/aidl_lazy_test_server.rc...
[   35.258657][    T1] init: Parsing file /system_ext/etc/init/android.hardware.audio.parameter_parser.example_service.rc...
[   35.259693][    T1] init: Parsing file /system_ext/etc/init/android.hidl.allocator@1.0-service.rc...
[   35.260351][    T1] init: Parsing file /system_ext/etc/init/hwservicemanager.rc...
[   35.260887][    T1] init: Parsing file /system_ext/etc/init/rpmb_dev.system.rc...
[   35.262945][    T1] init: Parsing file /system_ext/etc/init/rpmb_dev.test.system.rc...
[   35.264705][    T1] init: Parsing file /system_ext/etc/init/set_adb.rc...
[   35.265138][    T1] init: Parsing file /system_ext/etc/init/trusty_security_vm_launcher.rc...
[   35.266251][    T1] init: Parsing directory /vendor/etc/init...
[   35.266893][    T1] init: Parsing file /vendor/etc/init/android.hardware.security.keymint-service.cf_trusty_system_vm.rc...
[   35.280458][    T1] init: Parsing file /vendor/etc/init/android.hardware.security.keymint-service.trusty_tee.cpp.rc...
[   35.282355][    T1] init: Parsing file /vendor/etc/init/android.hardware.security.keymint-service.trusty_tee.nonsecure.rc...
[   35.283916][    T1] init: Parsing file /vendor/etc/init/android.hardware.sensors-service-multihal.rc...
[   35.286005][    T1] init: Parsing file /vendor/etc/init/boringssl_self_test.rc...
[   35.287261][    T1] init: Added '/vendor/etc/boringssl_self_test.zygote64.rc' to import list
[   35.289897][    T1] init: Parsing file /vendor/etc/boringssl_self_test.zygote64.rc...
[   35.293754][    T1] init: Parsing file /vendor/etc/init/face-default.rc...
[   35.294522][    T1] init: Parsing file /vendor/etc/init/fingerprint-default.rc...
[   35.296613][    T1] init: Parsing file /vendor/etc/init/init.cutf_cvm.rc...
[   35.303300][    T1] init: Parsing file /vendor/etc/init/init_graphics.vendor.rc...
[   35.304616][    T1] init: Parsing file /vendor/etc/init/motioncontext-service-default.rc...
[   35.305674][    T1] init: Parsing file /vendor/etc/init/seriallogging.rc...
[   35.306949][    T1] init: Parsing file /odm/etc/init...
[   35.307494][    T1] init: Unable to read config file '/odm/etc/init': open() failed: No such file or directory
[   35.309333][    T1] init: Parsing directory /product/etc/init...
[   35.310009][    T1] init: Parsing file /product/etc/init/init.rc...
[   35.367373][    T1] init: processing action (SetupCgroups) from (<Builtin Action>:0)
[   35.610913][    T1] libprocessgroup: Using system/app isolation under: /sys/fs/cgroup
[   35.680489][    T1] init: Command 'SetupCgroups' action=SetupCgroups (<Builtin Action>:0) took 303ms and succeeded
[   35.866625][    T1] init: processing action (early-init) from (/system/etc/init/hw/init.rc:15)
[   36.033821][    T1] init: Command 'write /proc/sys/kernel/sysrq 0' action=early-init (/system/etc/init/hw/init.rc:21) took 83ms and succeeded
[   36.219451][    T1] init: starting service 'ueventd'...
[   36.360037][    T1] libprocessgroup: Created cgroup /sys/fs/cgroup/system/uid_0
[   36.399738][    T1] libprocessgroup: Created cgroup /sys/fs/cgroup/system/uid_0/pid_117
[   36.517097][    T1] libprocessgroup: A JoinCgroup action in the SystemMemoryProcess profile is used for controller memory in the cgroup v2 hierarchy and will be ignored
[   36.725129][    T1] init: ... started service 'ueventd' has pid 117
[   36.768267][    T1] init: Command 'start ueventd' action=early-init (/system/etc/init/hw/init.rc:77) took 564ms and succeeded
[   36.955753][    T1] init: starting service 'init_dev_config'...
[   37.052011][    T1] libprocessgroup: Created cgroup /sys/fs/cgroup/system/uid_1000
[   37.071544][    T1] libprocessgroup: Created cgroup /sys/fs/cgroup/system/uid_1000/pid_118
[   37.221421][    T1] init: ... started service 'init_dev_config' has pid 118
[   37.228824][    T1] init: SVC_EXEC service 'init_dev_config' pid 118 (uid 1000 gid 0+0 context u:r:init_dev_config:s0) started; waiting...
[   37.259124][    T1] init: Command 'exec_start init_dev_config' action=early-init (/system/etc/init/hw/init.rc:83) took 386ms and succeeded
[   37.331926][  T117] ueventd: ueventd started!
[   37.411995][  T117] selinux: SELinux: Loaded file context from:
[   37.413760][  T117] selinux: 		/system/etc/selinux/plat_file_contexts
[   37.415731][  T117] selinux: 		/system_ext/etc/selinux/system_ext_file_contexts
[   37.419520][  T117] selinux: 		/product/etc/selinux/product_file_contexts
[   37.420749][  T117] selinux: 		/vendor/etc/selinux/vendor_file_contexts
[   37.422082][  T117] selinux: 		/odm/etc/selinux/odm_file_contexts
[   37.504468][  T117] ueventd: Parsing file /system/etc/ueventd.rc...
[   37.510277][  T117] ueventd: Added '/vendor/etc/ueventd.rc' to import list
[   37.512578][  T117] ueventd: Added '/odm/etc/ueventd.rc' to import list
[   37.614735][  T117] ueventd: Parsing file /vendor/etc/ueventd.rc...
[   37.646922][  T117] ueventd: Parsing file /odm/etc/ueventd.rc...
[   37.664519][  T117] ueventd: Unable to read config file '/odm/etc/ueventd.rc': open() failed: No such file or directory
[   37.838625][    T1] init: Service 'init_dev_config' (pid 118) exited with status 0 waiting took 0.707000 seconds
[   37.848450][    T1] init: Sending SIGKILL to service 'init_dev_config' (pid 118) process group...
[   37.945966][    T1] libprocessgroup: Removed cgroup /sys/fs/cgroup/system/uid_1000/pid_118
[   38.129336][    T1] init: starting service 'apexd-bootstrap'...
[   38.207207][    T1] libprocessgroup: Created cgroup /sys/fs/cgroup/system/uid_0/pid_119
[   38.284371][    T1] init: ... started service 'apexd-bootstrap' has pid 119
[   38.288535][    T1] init: SVC_EXEC service 'apexd-bootstrap' pid 119 (uid 0 gid 1000+0 context default) started; waiting...
[   38.293211][    T1] init: Command 'exec_start apexd-bootstrap' action=early-init (/system/etc/init/hw/init.rc:91) took 206ms and succeeded
[   41.821881][  T119] apexd: Started. subcommand = --bootstrap
[   42.000639][  T119] erofs: (device erofs): mounted with root inode @ nid 36.
[   42.170843][  T119] apexd: File-backed mount is enabled (detected via test mount)
[   42.349224][  T119] apexd-bootstrap: Scanning /system/apex for pre-installed ApexFiles
[   42.397733][  T119] apexd-bootstrap: Found pre-installed APEX /system/apex/com.android.adbd.apex
[   42.404583][  T119] apexd-bootstrap: Found pre-installed APEX /system/apex/com.android.adservices.apex
[   42.407890][  T119] apexd-bootstrap: Found pre-installed APEX /system/apex/com.android.apex.cts.shim.apex
[   42.409503][  T119] apexd-bootstrap: Found pre-installed APEX /system/apex/com.android.appsearch.apex
[   42.413581][  T119] apexd-bootstrap: Found pre-installed APEX /system/apex/com.android.art.apex
[   42.416151][  T119] apexd-bootstrap: Found pre-installed APEX /system/apex/com.android.bt.apex
[   42.418471][  T119] apexd-bootstrap: Found pre-installed APEX /system/apex/com.android.cellbroadcast.apex
[   42.420530][  T119] apexd-bootstrap: Found pre-installed APEX /system/apex/com.android.configinfrastructure.apex
[   42.422590][  T119] apexd-bootstrap: Found pre-installed APEX /system/apex/com.android.conscrypt.apex
[   42.425274][  T119] apexd-bootstrap: Found pre-installed APEX /system/apex/com.android.crashrecovery.apex
[   42.428079][  T119] apexd-bootstrap: Found pre-installed APEX /system/apex/com.android.devicelock.apex
[   42.431082][  T119] apexd-bootstrap: Found pre-installed APEX /system/apex/com.android.extservices.apex
[   42.433095][  T119] apexd-bootstrap: Found pre-installed APEX /system/apex/com.android.healthfitness.apex
[   42.433822][  T119] apexd-bootstrap: Found pre-installed APEX /system/apex/com.android.i18n.apex
[   42.435131][  T119] apexd-bootstrap: Found pre-installed APEX /system/apex/com.android.ipsec.apex
[   42.438333][  T119] apexd-bootstrap: Found pre-installed APEX /system/apex/com.android.media.apex
[   42.442294][  T119] apexd-bootstrap: Found pre-installed APEX /system/apex/com.android.media.swcodec.apex
[   42.445291][  T119] apexd-bootstrap: Found pre-installed APEX /system/apex/com.android.mediaprovider.apex
[   42.448715][  T119] apexd-bootstrap: Found pre-installed APEX /system/apex/com.android.neuralnetworks.apex
[   42.450213][  T119] apexd-bootstrap: Found pre-installed APEX /system/apex/com.android.nfcservices.apex
[   42.451890][  T119] apexd-bootstrap: Found pre-installed APEX /system/apex/com.android.npumanager.apex
[   42.452891][  T119] apexd-bootstrap: Found pre-installed APEX /system/apex/com.android.ondevicepersonalization.apex
[   42.455156][  T119] apexd-bootstrap: Found pre-installed APEX /system/apex/com.android.os.statsd.apex
[   42.457603][  T119] apexd-bootstrap: Found pre-installed APEX /system/apex/com.android.permission.apex
[   42.460512][  T119] apexd-bootstrap: Found pre-installed APEX /system/apex/com.android.profiling.apex
[   42.462728][  T119] apexd-bootstrap: Found pre-installed APEX /system/apex/com.android.resolv.apex
[   42.463334][  T119] apexd-bootstrap: Found pre-installed APEX /system/apex/com.android.rkpd.apex
[   42.464985][  T119] apexd-bootstrap: Found pre-installed APEX /system/apex/com.android.runtime.apex
[   42.468114][  T119] apexd-bootstrap: Found pre-installed APEX /system/apex/com.android.scheduling.apex
[   42.469805][  T119] apexd-bootstrap: Found pre-installed APEX /system/apex/com.android.sdkext.apex
[   42.470322][  T119] apexd-bootstrap: Found pre-installed APEX /system/apex/com.android.telephonycore.apex
[   42.472115][  T119] apexd-bootstrap: Found pre-installed APEX /system/apex/com.android.tethering.apex
[   42.473797][  T119] apexd-bootstrap: Found pre-installed APEX /system/apex/com.android.tzdata.apex
[   42.475810][  T119] apexd-bootstrap: Found pre-installed APEX /system/apex/com.android.uprobestats.apex
[   42.478878][  T119] apexd-bootstrap: Found pre-installed APEX /system/apex/com.android.uwb.apex
[   42.481594][  T119] apexd-bootstrap: Found pre-installed APEX /system/apex/com.android.virt.apex
[   42.483963][  T119] apexd-bootstrap: Found pre-installed APEX /system/apex/com.android.webapp.apex
[   42.485867][  T119] apexd-bootstrap: Found pre-installed APEX /system/apex/com.android.wifi.apex
[   42.486808][  T119] apexd-bootstrap: Scanning /system_ext/apex for pre-installed ApexFiles
[   42.492924][  T119] apexd-bootstrap: Found pre-installed APEX /system_ext/apex/com.android.compos.apex
[   42.494602][  T119] apexd-bootstrap: Found pre-installed APEX /system_ext/apex/com.android.hardware.biometrics.face.virtual.apex
[   42.497269][  T119] apexd-bootstrap: Found pre-installed APEX /system_ext/apex/com.android.hardware.biometrics.fingerprint.virtual.apex
[   42.498148][  T119] apexd-bootstrap: Found pre-installed APEX /system_ext/apex/com.android.vndk.v31.apex
[   42.499944][  T119] apexd-bootstrap: Found pre-installed APEX /system_ext/apex/com.android.vndk.v32.apex
[   42.501419][  T119] apexd-bootstrap: Found pre-installed APEX /system_ext/apex/com.android.vndk.v33.apex
[   42.502476][  T119] apexd-bootstrap: Found pre-installed APEX /system_ext/apex/com.android.vndk.v34.apex
[   42.504620][  T119] apexd-bootstrap: Scanning /product/apex for pre-installed ApexFiles
[   42.507816][  T119] apexd-bootstrap: /product/apex does not exist. Skipping
[   42.508561][  T119] apexd-bootstrap: Scanning /vendor/apex for pre-installed ApexFiles
[   42.511232][  T119] apexd-bootstrap: Found pre-installed APEX /vendor/apex/com.android.hardware.audio.apex
[   42.513602][  T119] apexd-bootstrap: Found pre-installed APEX /vendor/apex/com.android.hardware.authsecret.apex
[   42.514581][  T119] apexd-bootstrap: Found pre-installed APEX /vendor/apex/com.android.hardware.boot.apex
[   42.515705][  T119] apexd-bootstrap: Found pre-installed APEX /vendor/apex/com.android.hardware.cas.apex
[   42.517630][  T119] apexd-bootstrap: Found pre-installed APEX /vendor/apex/com.android.hardware.contexthub.apex
[   42.519454][  T119] apexd-bootstrap: Found pre-installed APEX /vendor/apex/com.android.hardware.drm.clearkey.apex
[   42.520662][  T119] apexd-bootstrap: Found pre-installed APEX /vendor/apex/com.android.hardware.dumpstate.apex
[   42.521918][  T119] apexd-bootstrap: Found pre-installed APEX /vendor/apex/com.android.hardware.gatekeeper.cf_remote.apex
[   42.523507][  T119] apexd-bootstrap: Found pre-installed APEX /vendor/apex/com.android.hardware.gatekeeper.nonsecure.apex
[   42.525156][  T119] apexd-bootstrap: Found pre-installed APEX /vendor/apex/com.android.hardware.gnss.apex
[   42.526943][  T119] apexd-bootstrap: Found pre-installed APEX /vendor/apex/com.android.hardware.graphics.composer.drm_hwcomposer.apex
[   42.528457][  T119] apexd-bootstrap: Found pre-installed APEX /vendor/apex/com.android.hardware.graphics.composer.ranchu.apex
[   42.529734][  T119] apexd-bootstrap: Found pre-installed APEX /vendor/apex/com.android.hardware.input.processor.apex
[   42.530405][  T119] apexd-bootstrap: Found pre-installed APEX /vendor/apex/com.android.hardware.keymint.rust_cf_guest_trusty_nonsecure.apex
[   42.532719][  T119] apexd-bootstrap: Found pre-installed APEX /vendor/apex/com.android.hardware.keymint.rust_cf_remote.apex
[   42.533649][  T119] apexd-bootstrap: Found pre-installed APEX /vendor/apex/com.android.hardware.keymint.rust_nonsecure.apex
[   42.534890][  T119] apexd-bootstrap: Found pre-installed APEX /vendor/apex/com.android.hardware.memtrack.apex
[   42.536530][  T119] apexd-bootstrap: Found pre-installed APEX /vendor/apex/com.android.hardware.net.nlinterceptor.apex
[   42.537369][  T119] apexd-bootstrap: Found pre-installed APEX /vendor/apex/com.android.hardware.neuralnetworks.apex
[   42.539435][  T119] apexd-bootstrap: Found pre-installed APEX /vendor/apex/com.android.hardware.power.apex
[   42.541223][  T119] apexd-bootstrap: Found pre-installed APEX /vendor/apex/com.android.hardware.rebootescrow.apex
[   42.541783][  T119] apexd-bootstrap: Found pre-installed APEX /vendor/apex/com.android.hardware.secure_element.apex
[   42.542848][  T119] apexd-bootstrap: Found pre-installed APEX /vendor/apex/com.android.hardware.security.authgraph.apex
[   42.544905][  T119] apexd-bootstrap: Found pre-installed APEX /vendor/apex/com.android.hardware.security.secretkeeper.apex
[   42.552657][  T119] apexd-bootstrap: Found pre-installed APEX /vendor/apex/com.android.hardware.tetheroffload.apex
[   42.553908][  T119] apexd-bootstrap: Found pre-installed APEX /vendor/apex/com.android.hardware.thermal.apex
[   42.558997][  T119] apexd-bootstrap: Found pre-installed APEX /vendor/apex/com.android.hardware.threadnetwork.apex
[   42.562134][  T119] apexd-bootstrap: Found pre-installed APEX /vendor/apex/com.android.hardware.usb.apex
[   42.565448][  T119] apexd-bootstrap: Found pre-installed APEX /vendor/apex/com.android.hardware.uwb.apex
[   42.571349][  T119] apexd-bootstrap: Found pre-installed APEX /vendor/apex/com.android.hardware.vibrator.apex
[   42.573685][  T119] apexd-bootstrap: Found pre-installed APEX /vendor/apex/com.android.hardware.wifi.apex
[   42.574053][  T119] apexd-bootstrap: Found pre-installed APEX /vendor/apex/com.google.cf.bt.apex
[   42.574466][  T119] apexd-bootstrap: Found pre-installed APEX /vendor/apex/com.google.cf.confirmationui.apex
[   42.574856][  T119] apexd-bootstrap: Found pre-installed APEX /vendor/apex/com.google.cf.disabled.apex
[   42.575285][  T119] apexd-bootstrap: Found pre-installed APEX /vendor/apex/com.google.cf.gralloc.apex
[   42.575575][  T119] apexd-bootstrap: Found pre-installed APEX /vendor/apex/com.google.cf.health.apex
[   42.575932][  T119] apexd-bootstrap: Found pre-installed APEX /vendor/apex/com.google.cf.identity.apex
[   42.576389][  T119] apexd-bootstrap: Found pre-installed APEX /vendor/apex/com.google.cf.input.config.apex
[   42.577222][  T119] apexd-bootstrap: Found pre-installed APEX /vendor/apex/com.google.cf.ir.apex
[   42.581914][  T119] apexd-bootstrap: Found pre-installed APEX /vendor/apex/com.google.cf.light.apex
[   42.587153][  T119] apexd-bootstrap: Found pre-installed APEX /vendor/apex/com.google.cf.nfc.apex
[   42.592718][  T119] apexd-bootstrap: Found pre-installed APEX /vendor/apex/com.google.cf.oemlock.apex
[   42.599228][  T119] apexd-bootstrap: Found pre-installed APEX /vendor/apex/com.google.cf.rild.apex
[   42.603634][  T119] apexd-bootstrap: Found pre-installed APEX /vendor/apex/com.google.cf.vulkan.apex
[   42.621545][  T119] apexd-bootstrap: Found pre-installed APEX /vendor/apex/com.google.cf.wifi.apex
[   42.622862][  T117] ueventd: Coldboot took 4.784 seconds
[   42.632233][  T119] apexd-bootstrap: Found pre-installed APEX /vendor/apex/com.google.cf.wpa_supplicant.apex
[   42.638398][  T119] apexd-bootstrap: Found pre-installed APEX /vendor/apex/com.google.emulated.camera.provider.hal.apex
[   42.645127][  T119] apexd-bootstrap: Found pre-installed APEX /vendor/apex/com.google.emulated.camera.provider.hal.v4l2.apex
[   42.666994][  T119] apexd-bootstrap: Scanning /odm/apex for pre-installed ApexFiles
[   42.669492][  T119] apexd-bootstrap: /odm/apex does not exist. Skipping
[   43.903533][  T119] apexd-bootstrap: Skipping APEX at path /vendor/apex/com.android.hardware.gatekeeper.cf_remote.apex because it does not match expected multi-install APEX property for com.android.hardware.gatekeeper
[   43.910615][  T119] apexd-bootstrap: Skipping APEX at path /vendor/apex/com.android.hardware.graphics.composer.drm_hwcomposer.apex because it does not match expected multi-install APEX property for com.android.hardware.graphics.composer
[   43.911908][  T119] apexd-bootstrap: Skipping APEX at path /vendor/apex/com.android.hardware.keymint.rust_cf_guest_trusty_nonsecure.apex because it does not match expected multi-install APEX property for com.android.hardware.keymint
[   43.912788][  T119] apexd-bootstrap: Skipping APEX at path /vendor/apex/com.android.hardware.keymint.rust_cf_remote.apex because it does not match expected multi-install APEX property for com.android.hardware.keymint
[   43.914437][  T119] apexd-bootstrap: Skipping APEX at path /vendor/apex/com.google.cf.disabled.apex because it's disabled via sysprop.
[   43.916451][  T119] apexd-bootstrap: Skipping APEX at path /vendor/apex/com.google.emulated.camera.provider.hal.v4l2.apex because it does not match expected multi-install APEX property for com.google.emulated.camera.provider.hal
[   43.918235][  T119] apexd-bootstrap: Successfully scanned 87 preinstalled APEXes duration=1580ms
[   43.940234][  T119] apexd-bootstrap: No sessions to revert/activate.
[   43.969596][  T119] apexd-bootstrap: Successfully scanned 0 data APEXes duration=14ms
[   44.345119][  T227] loop7: detected capacity change from 0 to 6432
[   44.345807][  T225] loop6: detected capacity change from 0 to 992
[   44.347294][  T224] loop8: detected capacity change from 0 to 984
[   44.362150][  T222] loop2: detected capacity change from 0 to 29520
[   44.402348][  T220] loop1: detected capacity change from 0 to 1048
[   44.412310][  T228] loop9: detected capacity change from 0 to 3752
[   44.414296][  T223] loop4: detected capacity change from 0 to 536
[   44.419538][  T226] loop5: detected capacity change from 0 to 5560
[   44.423897][  T229] loop10: detected capacity change from 0 to 7384
[   44.428661][  T233] loop15: detected capacity change from 0 to 784
[   45.267045][  T255] erofs: (device erofs): mounted with root inode @ nid 39.
[   48.723950][  T224] EXT4-fs (loop8): mounted filesystem 7d1522e1-9dfa-5edb-a43e-98e3a4d20250 ro without journal. Quota mode: none.
[   49.359369][  T272] set_capacity_and_notify: 33 callbacks suppressed
[   49.361604][  T273] loop49: detected capacity change from 0 to 536
[   49.365467][  T272] loop47: detected capacity change from 0 to 31744
[   49.377121][  T277] loop56: detected capacity change from 0 to 752
[   49.377717][  T266] loop41: detected capacity change from 0 to 9392
[   49.380151][  T258] loop34: detected capacity change from 0 to 8688
[   49.381572][  T302] loop78: detected capacity change from 0 to 744
[   49.381857][  T284] loop60: detected capacity change from 0 to 1760
[   49.396856][  T288] loop64: detected capacity change from 0 to 47488
[   49.399048][  T264] loop40: detected capacity change from 0 to 528
[   49.400348][  T265] loop42: detected capacity change from 0 to 536
[   49.489337][  T287] EXT4-fs (loop63): mounted filesystem 7d1522e1-9dfa-5edb-a43e-98e3a4d20250 ro without journal. Quota mode: none.
[   49.490958][  T251] EXT4-fs (loop26): mounted filesystem 7d1522e1-9dfa-5edb-a43e-98e3a4d20250 ro without journal. Quota mode: none.
[   49.500824][  T233] EXT4-fs (loop15): mounted filesystem 7d1522e1-9dfa-5edb-a43e-98e3a4d20250 ro without journal. Quota mode: none.
[   49.555755][  T239] EXT4-fs (loop21): mounted filesystem 7d1522e1-9dfa-5edb-a43e-98e3a4d20250 ro without journal. Quota mode: none.
[   49.609149][  T229] EXT4-fs (loop10): mounted filesystem 7d1522e1-9dfa-5edb-a43e-98e3a4d20250 ro without journal. Quota mode: none.
[   49.687397][  T290] EXT4-fs (loop66): mounted filesystem 7d1522e1-9dfa-5edb-a43e-98e3a4d20250 ro without journal. Quota mode: none.
[   49.715835][  T298] EXT4-fs (loop73): mounted filesystem 7d1522e1-9dfa-5edb-a43e-98e3a4d20250 ro without journal. Quota mode: none.
[   49.748861][  T311] EXT4-fs (loop86): mounted filesystem 7d1522e1-9dfa-5edb-a43e-98e3a4d20250 ro without journal. Quota mode: none.
[   49.765510][  T260] EXT4-fs (loop36): mounted filesystem 7d1522e1-9dfa-5edb-a43e-98e3a4d20250 ro without journal. Quota mode: none.
[   49.780137][  T310] EXT4-fs (loop85): mounted filesystem 7d1522e1-9dfa-5edb-a43e-98e3a4d20250 ro without journal. Quota mode: none.
[   49.799790][  T286] EXT4-fs (loop62): mounted filesystem 7d1522e1-9dfa-5edb-a43e-98e3a4d20250 ro without journal. Quota mode: none.
[   49.808768][  T300] EXT4-fs (loop76): mounted filesystem 7d1522e1-9dfa-5edb-a43e-98e3a4d20250 ro without journal. Quota mode: none.
[   49.828846][  T273] EXT4-fs (loop49): mounted filesystem 7d1522e1-9dfa-5edb-a43e-98e3a4d20250 ro without journal. Quota mode: none.
[   49.829106][  T292] EXT4-fs (loop67): mounted filesystem 7d1522e1-9dfa-5edb-a43e-98e3a4d20250 ro without journal. Quota mode: none.
[   49.830477][  T309] EXT4-fs (loop84): mounted filesystem 7d1522e1-9dfa-5edb-a43e-98e3a4d20250 ro without journal. Quota mode: none.
[   49.843020][  T266] EXT4-fs (loop41): mounted filesystem 7d1522e1-9dfa-5edb-a43e-98e3a4d20250 ro without journal. Quota mode: none.
[   49.845837][  T248] EXT4-fs (loop25): mounted filesystem 7d1522e1-9dfa-5edb-a43e-98e3a4d20250 ro without journal. Quota mode: none.
[   49.855261][  T296] EXT4-fs (loop72): mounted filesystem 7d1522e1-9dfa-5edb-a43e-98e3a4d20250 ro without journal. Quota mode: none.
[   49.859445][  T256] EXT4-fs (loop31): mounted filesystem 7d1522e1-9dfa-5edb-a43e-98e3a4d20250 ro without journal. Quota mode: none.
[   49.861975][  T236] EXT4-fs (loop17): mounted filesystem 7d1522e1-9dfa-5edb-a43e-98e3a4d20250 ro without journal. Quota mode: none.
[   49.869540][  T280] EXT4-fs (loop55): mounted filesystem 7d1522e1-9dfa-5edb-a43e-98e3a4d20250 ro without journal. Quota mode: none.
[   49.869507][  T259] EXT4-fs (loop35): mounted filesystem 7d1522e1-9dfa-5edb-a43e-98e3a4d20250 ro without journal. Quota mode: none.
[   49.873401][  T283] EXT4-fs (loop59): mounted filesystem 7d1522e1-9dfa-5edb-a43e-98e3a4d20250 ro without journal. Quota mode: none.
[   49.876401][  T288] EXT4-fs (loop64): mounted filesystem 7d1522e1-9dfa-5edb-a43e-98e3a4d20250 ro without journal. Quota mode: none.
[   49.883525][  T281] EXT4-fs (loop57): mounted filesystem 7d1522e1-9dfa-5edb-a43e-98e3a4d20250 ro without journal. Quota mode: none.
[   49.891502][  T270] EXT4-fs (loop46): mounted filesystem 7d1522e1-9dfa-5edb-a43e-98e3a4d20250 ro without journal. Quota mode: none.
[   49.899375][  T274] EXT4-fs (loop50): mounted filesystem 7d1522e1-9dfa-5edb-a43e-98e3a4d20250 ro without journal. Quota mode: none.
[   49.907130][  T240] EXT4-fs (loop23): mounted filesystem 7d1522e1-9dfa-5edb-a43e-98e3a4d20250 ro without journal. Quota mode: none.
[   49.907203][  T279] EXT4-fs (loop54): mounted filesystem 7d1522e1-9dfa-5edb-a43e-98e3a4d20250 ro without journal. Quota mode: none.
[   49.907880][  T238] EXT4-fs (loop16): mounted filesystem 7d1522e1-9dfa-5edb-a43e-98e3a4d20250 ro without journal. Quota mode: none.
[   49.916304][  T265] EXT4-fs (loop42): mounted filesystem 7d1522e1-9dfa-5edb-a43e-98e3a4d20250 ro without journal. Quota mode: none.
[   49.927355][  T223] EXT4-fs (loop4): mounted filesystem 7d1522e1-9dfa-5edb-a43e-98e3a4d20250 ro without journal. Quota mode: none.
[   49.930016][  T263] EXT4-fs (loop39): mounted filesystem 7d1522e1-9dfa-5edb-a43e-98e3a4d20250 ro without journal. Quota mode: none.
[   49.937257][  T219] EXT4-fs (loop0): mounted filesystem 7d1522e1-9dfa-5edb-a43e-98e3a4d20250 ro without journal. Quota mode: none.
[   50.133046][  T306] EXT4-fs (loop83): mounted filesystem 7d1522e1-9dfa-5edb-a43e-98e3a4d20250 ro without journal. Quota mode: none.
[   50.135027][  T226] EXT4-fs (loop5): mounted filesystem 7d1522e1-9dfa-5edb-a43e-98e3a4d20250 ro without journal. Quota mode: none.
[   50.152510][  T269] EXT4-fs (loop45): mounted filesystem 7d1522e1-9dfa-5edb-a43e-98e3a4d20250 ro without journal. Quota mode: none.
[   50.155912][  T275] EXT4-fs (loop52): mounted filesystem 7d1522e1-9dfa-5edb-a43e-98e3a4d20250 ro without journal. Quota mode: none.
[   50.202429][  T276] EXT4-fs (loop51): mounted filesystem 7d1522e1-9dfa-5edb-a43e-98e3a4d20250 ro without journal. Quota mode: none.
[   50.211878][  T250] EXT4-fs (loop27): mounted filesystem 7d1522e1-9dfa-5edb-a43e-98e3a4d20250 ro without journal. Quota mode: none.
[   50.215321][  T271] EXT4-fs (loop48): mounted filesystem 7d1522e1-9dfa-5edb-a43e-98e3a4d20250 ro without journal. Quota mode: none.
[   50.245751][  T235] EXT4-fs (loop18): mounted filesystem 7d1522e1-9dfa-5edb-a43e-98e3a4d20250 ro without journal. Quota mode: none.
[   50.252408][  T227] EXT4-fs (loop7): mounted filesystem 7d1522e1-9dfa-5edb-a43e-98e3a4d20250 ro without journal. Quota mode: none.
[   50.262437][  T285] EXT4-fs (loop61): mounted filesystem 7d1522e1-9dfa-5edb-a43e-98e3a4d20250 ro without journal. Quota mode: none.
[   50.270151][  T277] EXT4-fs (loop56): mounted filesystem 7d1522e1-9dfa-5edb-a43e-98e3a4d20250 ro without journal. Quota mode: none.
[   50.272258][  T282] EXT4-fs (loop58): mounted filesystem 7d1522e1-9dfa-5edb-a43e-98e3a4d20250 ro without journal. Quota mode: none.
[   50.272643][  T302] EXT4-fs (loop78): mounted filesystem 7d1522e1-9dfa-5edb-a43e-98e3a4d20250 ro without journal. Quota mode: none.
[   50.273287][  T225] EXT4-fs (loop6): mounted filesystem 7d1522e1-9dfa-5edb-a43e-98e3a4d20250 ro without journal. Quota mode: none.
[   50.274141][  T258] EXT4-fs (loop34): mounted filesystem 7d1522e1-9dfa-5edb-a43e-98e3a4d20250 ro without journal. Quota mode: none.
[   50.274896][  T264] EXT4-fs (loop40): mounted filesystem 7d1522e1-9dfa-5edb-a43e-98e3a4d20250 ro without journal. Quota mode: none.
[   50.354360][  T243] EXT4-fs (loop22): mounted filesystem 7d1522e1-9dfa-5edb-a43e-98e3a4d20250 ro without journal. Quota mode: none.
[   50.359817][  T297] EXT4-fs (loop74): mounted filesystem 7d1522e1-9dfa-5edb-a43e-98e3a4d20250 ro without journal. Quota mode: none.
[   50.375994][  T253] EXT4-fs (loop29): mounted filesystem 7d1522e1-9dfa-5edb-a43e-98e3a4d20250 ro without journal. Quota mode: none.
[   50.421843][  T307] EXT4-fs (loop81): mounted filesystem 7d1522e1-9dfa-5edb-a43e-98e3a4d20250 ro without journal. Quota mode: none.
[   50.441149][  T241] EXT4-fs (loop20): mounted filesystem 7d1522e1-9dfa-5edb-a43e-98e3a4d20250 ro without journal. Quota mode: none.
[   50.485997][  T245] EXT4-fs (loop24): mounted filesystem 7d1522e1-9dfa-5edb-a43e-98e3a4d20250 ro without journal. Quota mode: none.
[   50.531040][  T294] EXT4-fs (loop70): mounted filesystem 7d1522e1-9dfa-5edb-a43e-98e3a4d20250 ro without journal. Quota mode: none.
[   50.531558][  T268] EXT4-fs (loop43): mounted filesystem 7d1522e1-9dfa-5edb-a43e-98e3a4d20250 ro without journal. Quota mode: none.
[   50.532563][  T230] EXT4-fs (loop11): mounted filesystem 7d1522e1-9dfa-5edb-a43e-98e3a4d20250 ro without journal. Quota mode: none.
[   50.542394][  T261] EXT4-fs (loop37): mounted filesystem 7d1522e1-9dfa-5edb-a43e-98e3a4d20250 ro without journal. Quota mode: none.
[   50.545451][  T305] EXT4-fs (loop79): mounted filesystem 7d1522e1-9dfa-5edb-a43e-98e3a4d20250 ro without journal. Quota mode: none.
[   50.559089][  T257] EXT4-fs (loop33): mounted filesystem 7d1522e1-9dfa-5edb-a43e-98e3a4d20250 ro without journal. Quota mode: none.
[   50.591728][  T293] EXT4-fs (loop69): mounted filesystem 7d1522e1-9dfa-5edb-a43e-98e3a4d20250 ro without journal. Quota mode: none.
[   50.874610][  T119] apexd-bootstrap: Activated 87 packages. duration=6892ms
[   51.011478][  T119] apexd-bootstrap: OnBootstrap done, duration=8699
[   51.397750][    T1] init: Service 'apexd-bootstrap' (pid 119) exited with status 0 waiting took 13.195000 seconds
[   51.401231][    T1] init: Sending SIGKILL to service 'apexd-bootstrap' (pid 119) process group...
[   51.418992][    T1] libprocessgroup: Removed cgroup /sys/fs/cgroup/system/uid_0/pid_119
[   52.054391][    T1] init: Parsing file /apex/com.android.adbd/etc/init.rc...
[   52.080133][    T1] init: Parsing file /apex/com.android.art/etc/init.rc...
[   52.087312][    T1] init: Parsing file /apex/com.android.compos/etc/init.rc...
[   52.092563][    T1] init: Parsing file /apex/com.android.configinfrastructure/etc/com.android.configinfrastrcture.init.rc...
[   52.096928][    T1] init: Parsing file /apex/com.android.hardware.audio/etc/android.hardware.audio.service-aidl.example.rc...
[   52.103998][    T1] init: Parsing file /apex/com.android.hardware.authsecret/etc/android.hardware.authsecret-service.example.rc...
[   52.107635][    T1] init: Parsing file /apex/com.android.hardware.biometrics.face.virtual/etc/face-virtual-apex.rc...
[   52.111492][    T1] init: Parsing file /apex/com.android.hardware.biometrics.fingerprint.virtual/etc/fingerprint-virtual.rc...
[   52.115391][    T1] init: Parsing file /apex/com.android.hardware.boot/etc/android.hardware.boot-service.default.rc...
[   52.119223][    T1] init: Parsing file /apex/com.android.hardware.cas/etc/cas-default.rc...
[   52.122166][    T1] init: Parsing file /apex/com.android.hardware.contexthub/etc/android.hardware.contexthub-service.example.rc...
[   52.127007][    T1] init: Parsing file /apex/com.android.hardware.drm.clearkey/etc/android.hardware.drm-service.clearkey.apex.rc...
[   52.131061][    T1] init: Parsing file /apex/com.android.hardware.dumpstate/etc/dumpstate-default.rc...
[   52.134297][    T1] init: Parsing file /apex/com.android.hardware.gatekeeper/etc/android.hardware.gatekeeper-service.nonsecure.rc...
[   52.137259][    T1] init: Parsing file /apex/com.android.hardware.gnss/etc/gnss-default.rc...
[   52.140344][    T1] init: Parsing file /apex/com.android.hardware.graphics.composer/etc/hwc3-apex.rc...
[   52.143285][    T1] init: Parsing file /apex/com.android.hardware.input.processor/etc/inputprocessor-default.rc...
[   52.146225][    T1] init: Parsing file /apex/com.android.hardware.ir/etc/android.hardware.ir-service.example.rc...
[   52.149940][    T1] init: Parsing file /apex/com.android.hardware.keymint/etc/android.hardware.security.keymint-service.nonsecure.apex.rc...
[   52.153332][    T1] init: Parsing file /apex/com.android.hardware.memtrack/etc/memtrack-default-apex.rc...
[   52.156094][    T1] init: Parsing file /apex/com.android.hardware.net.nlinterceptor/etc/nlinterceptor.rc...
[   52.158968][    T1] init: Parsing file /apex/com.android.hardware.neuralnetworks/etc/android.hardware.neuralnetworks-service-sample-all.rc...
[   52.161688][    T1] init: Parsing file /apex/com.android.hardware.neuralnetworks/etc/android.hardware.neuralnetworks-service-sample-limited.rc...
[   52.163297][    T1] init: Parsing file /apex/com.android.hardware.neuralnetworks/etc/android.hardware.neuralnetworks-shim-service-sample.rc...
[   52.164918][    T1] init: Parsing file /apex/com.android.hardware.power/etc/com.android.hardware.power.rc...
[   52.168245][    T1] init: Parsing file /apex/com.android.hardware.rebootescrow/etc/rebootescrow-default.rc...
[   52.170995][    T1] init: Parsing file /apex/com.android.hardware.secure_element/etc/secure_element.rc...
[   52.173555][    T1] init: Parsing file /apex/com.android.hardware.security.authgraph/etc/authgraph.rc...
[   52.176434][    T1] init: Parsing file /apex/com.android.hardware.security.secretkeeper/etc/secretkeeper.rc...
[   52.179391][    T1] init: Parsing file /apex/com.android.hardware.tetheroffload/etc/tetheroffload-example.rc...
[   52.181875][    T1] init: Parsing file /apex/com.android.hardware.thermal/etc/android.hardware.thermal.example.rc...
[   52.184520][    T1] init: Parsing file /apex/com.android.hardware.threadnetwork/etc/threadnetwork-service.rc...
[   52.187174][    T1] init: Parsing file /apex/com.android.hardware.usb/etc/com.android.hardware.usb.rc...
[   52.189961][    T1] init: Parsing file /apex/com.android.hardware.uwb/etc/uwb-service.rc...
[   52.192394][    T1] init: Parsing file /apex/com.android.hardware.vibrator/etc/com.android.hardware.vibrator.rc...
[   52.194587][    T1] init: Parsing file /apex/com.android.hardware.wifi/etc/com.android.hardware.wifi.rc...
[   52.197403][    T1] init: Parsing file /apex/com.android.media.swcodec/etc/mediaswcodec.32rc...
[   52.200044][    T1] init: Parsing file /apex/com.android.media/etc/mediatranscoding.32rc...
[   52.204556][    T1] init: Parsing file /apex/com.android.os.statsd/etc/init.rc...
[   52.208325][    T1] init: Parsing file /apex/com.android.sdkext/etc/derive_classpath.rc...
[   52.211824][    T1] init: Parsing file /apex/com.android.sdkext/etc/derive_sdk.rc...
[   52.213444][    T1] init: Parsing file /apex/com.android.tethering/etc/netbpfload.35rc...
[   52.217979][    T1] init: Parsing file /apex/com.android.tethering/etc/ot-daemon.34rc...
[   52.219992][    T1] init: Parsing file /apex/com.android.uprobestats/etc/init.rc...
[   52.222663][    T1] init: Parsing file /apex/com.android.virt/etc/vfio_handler.rc...
[   52.224308][    T1] init: Parsing file /apex/com.android.virt/etc/virtualizationservice.rc...
[   52.224918][    T1] init: Parsing file /apex/com.android.virt/etc/vmnic.rc...
[   52.225479][    T1] init: Parsing file /apex/com.android.wifi/etc/mainline_supplicant.rc...
[   52.227396][    T1] init: Parsing file /apex/com.google.cf.bt/etc/com.google.cf.bt.default.rc...
[   52.229350][    T1] init: Parsing file /apex/com.google.cf.bt/etc/com.google.cf.bt.lpp.rc...
[   52.230471][    T1] init: Parsing file /apex/com.google.cf.confirmationui/etc/android.hardware.confirmationui-service.cuttlefish.rc...
[   52.233858][    T1] init: Parsing file /apex/com.google.cf.gralloc/etc/com.google.cf.gralloc.rc...
[   52.236107][    T1] init: Parsing file /apex/com.google.cf.health/etc/android.hardware.health-service.cuttlefish.rc...
[   52.238439][    T1] init: Parsing file /apex/com.google.cf.identity/etc/android.hardware.identity-service.remote.rc...
[   52.240619][    T1] init: Parsing file /apex/com.google.cf.input.config/etc/com.google.cf.input.config.rc...
[   52.251470][    T1] init: Parsing file /apex/com.google.cf.light/etc/lights-cuttlefish.rc...
[   52.253712][    T1] init: Parsing file /apex/com.google.cf.nfc/etc/nfc-service-cuttlefish.rc...
[   52.255857][    T1] init: Parsing file /apex/com.google.cf.oemlock/etc/android.hardware.oemlock-service.remote.rc...
[   52.258846][    T1] init: Parsing file /apex/com.google.cf.rild/etc/com.google.cf.rild.rc...
[   52.261132][    T1] init: Parsing file /apex/com.google.cf.vulkan/etc/com.google.cf.vulkan.rc...
[   52.263530][    T1] init: Parsing file /apex/com.google.cf.wifi/etc/com.google.cf.wifi.rc...
[   52.266061][    T1] init: Parsing file /apex/com.google.cf.wpa_supplicant/etc/com.google.cf.wpa_supplicant.rc...
[   52.269060][    T1] init: Parsing file /apex/com.google.emulated.camera.provider.hal/etc/com.google.emulated.camera.provider.hal.rc...
[   55.119147][    T1] init: linkerconfig generated /linkerconfig with mounted APEX modules info
[   55.129009][    T1] init: Command 'perform_apex_config' action=early-init (/system/etc/init/hw/init.rc:92) took 3664ms and succeeded
[   55.268717][    T1] init: processing action (ro.boot.bootchart.enabled= && early-init) from (/system/etc/init/hw/init.rc:113)
[   55.270419][    T1] init: processing action (early-init) from (/init.environ.rc:2)
[   55.271882][    T1] init: processing action (early-init) from (/system/etc/init/aconfigd.rc:26)
[   55.276276][    T1] init: Command 'mkdir /metadata/aconfig 0775 root system' action=early-init (/system/etc/init/aconfigd.rc:27) took 3ms and failed: mkdir() failed on /metadata/aconfig: Read-only file system
[   55.293605][    T1] init: starting service 'early_system_aconfigd_platform_init'...
[   55.364450][    T1] libprocessgroup: Created cgroup /sys/fs/cgroup/system/uid_1000/pid_400
[   55.472678][    T1] init: ... started service 'early_system_aconfigd_platform_init' has pid 400
[   55.476392][    T1] init: SVC_EXEC service 'early_system_aconfigd_platform_init' pid 400 (uid 1000 gid 1000+0 context default) started; waiting...
[   55.477806][    T1] init: Command 'exec_start early_system_aconfigd_platform_init' action=early-init (/system/etc/init/aconfigd.rc:31) took 200ms and succeeded
[   56.591374][  T400] main[400]: Starting aconfigd_system command: EarlyPlatformInit
[   56.597286][  T400] main[400]: Starting early-init platform init
[   56.657477][  T400] aconfigd_rust::utils[400]: build fingerprint is: generic/aosp_cf_arm64_only_phone/vsoc_arm64_only:17/CP2A.260605.016/16373615:userdebug/test-keys
[   56.661279][  T400] aconfigd_rust::aconfigd[400]: device build fingerprint generic/aosp_cf_arm64_only_phone/vsoc_arm64_only:17/CP2A.260605.016/16373615:userdebug/test-keys
[   56.663746][  T400] aconfigd_rust::utils[400]: security patch date is: 2026-06-05
[   56.664232][  T400] aconfigd_rust::aconfigd[400]: device security patch 2026-06-05
[   56.691250][  T400] aconfigd_rust::aconfigd[400]: start initialize system flags
[   56.741994][  T400] aconfigd_rust::storage_files[400]: create storage files object from container system
[   56.840794][  T400] aconfigd_rust::storage_files[400]: copy system storage files to persist and boot directories
[   56.897507][  T400] main[400]: Failed to initialize platform storage in early init: failed to copy file from /system/etc/aconfig/package.map to /metadata/aconfig/maps/system.package.new: Os { code: 2, kind: NotFound, message: "No such file or directory" }
[   57.005601][    T1] init: Service 'early_system_aconfigd_platform_init' (pid 400) exited with status 5 waiting took 1.651000 seconds
[   57.009299][    T1] init: Sending SIGKILL to service 'early_system_aconfigd_platform_init' (pid 400) process group...
[   57.021320][    T1] libprocessgroup: Removed cgroup /sys/fs/cgroup/system/uid_1000/pid_400
[   57.065670][    T1] init: processing action (ro.product.debugfs_restrictions.enabled=true && early-init) from (/system/etc/init/init-debug.rc:10)
[   57.126104][    T1] init: processing action (early-init) from (/system/etc/init/kcmdlinemodprobe.rc:16)
[   57.164134][    T1] init: starting service 'exec 1 (/system/bin/kcmdlinemodprobe)'...
[   57.228358][    T1] libprocessgroup: Created cgroup /sys/fs/cgroup/system/uid_0/pid_401
[   57.256393][    T1] init: ... started service 'exec 1 (/system/bin/kcmdlinemodprobe)' has pid 401
[   57.265022][    T1] init: SVC_EXEC service 'exec 1 (/system/bin/kcmdlinemodprobe)' pid 401 (uid 0 gid 0+0 context default) started; waiting...
[   57.272164][    T1] init: Command 'exec -- /system/bin/kcmdlinemodprobe' action=early-init (/system/etc/init/kcmdlinemodprobe.rc:17) took 143ms and succeeded
[   57.757811][  T401] rust_binder: Loaded Rust Binder.
[   57.891207][    T1] init: Service 'exec 1 (/system/bin/kcmdlinemodprobe)' (pid 401) exited with status 0 waiting took 0.672000 seconds
[   57.895446][    T1] init: Sending SIGKILL to service 'exec 1 (/system/bin/kcmdlinemodprobe)' (pid 401) process group...
[   57.913346][    T1] libprocessgroup: Removed cgroup /sys/fs/cgroup/system/uid_0/pid_401
[   57.920685][    T1] init: processing action (early-init) from (/system/etc/init/prng_seeder.rc:5)
[   57.973373][    T1] init: starting service 'prng_seeder'...
[   57.990691][    T1] init: Created socket '/dev/socket/prng_seeder', mode 666, user 1092, group 1092
[   58.051055][    T1] libprocessgroup: Created cgroup /sys/fs/cgroup/system/uid_1092
[   58.064730][    T1] libprocessgroup: Created cgroup /sys/fs/cgroup/system/uid_1092/pid_403
[   58.113873][    T1] init: ... started service 'prng_seeder' has pid 403
[   58.115917][    T1] init: Command 'start prng_seeder' action=early-init (/system/etc/init/prng_seeder.rc:6) took 194ms and succeeded
[   58.116871][    T1] init: processing action (ro.product.cpu.abilist64=* && early-init) from (/vendor/etc/boringssl_self_test.zygote64.rc:1)
[   58.320885][    T1] init: starting service 'boringssl_self_test64_vendor'...
[   58.448849][    T1] libprocessgroup: Created cgroup /sys/fs/cgroup/system/uid_0/pid_404
[   58.526391][    T1] init: ... started service 'boringssl_self_test64_vendor' has pid 404
[   58.533495][    T1] init: SVC_EXEC service 'boringssl_self_test64_vendor' pid 404 (uid 0 gid 0+0 context default) started; waiting...
[   58.545960][    T1] init: Command 'exec_start boringssl_self_test64_vendor' action=ro.product.cpu.abilist64=* && early-init (/vendor/etc/boringssl_self_test.zygote64.rc:2) took 425ms and succeeded
[   60.045597][    T1] init: Service 'boringssl_self_test64_vendor' (pid 404) exited with status 0 waiting took 1.606000 seconds
[   60.053170][    T1] init: Sending SIGKILL to service 'boringssl_self_test64_vendor' (pid 404) process group...
[   60.083088][    T1] libprocessgroup: Removed cgroup /sys/fs/cgroup/system/uid_0/pid_404
[   60.123007][    T1] init: processing action (early-init) from (/vendor/etc/init/init.cutf_cvm.rc:1)
[   60.192535][    T1] init: Command 'setprop ro.hw_timeout_multiplier ${ro.boot.hw_timeout_multiplier}' action=early-init (/vendor/etc/init/init.cutf_cvm.rc:4) took 64ms and succeeded
[   60.208322][    T1] init: Command 'setprop hypervisor.memory_reclaim.supported ${ro.boot.hypervisor.vm.supported}' action=early-init (/vendor/etc/init/init.cutf_cvm.rc:5) took 7ms and failed: property 'ro.boot.hypervisor.vm.supported' doesn't exist while expanding '${ro.boot.hypervisor.vm.supported}'
[   60.241665][    T1] init: starting service 'vendor.dlkm_loader'...
[   60.304649][    T1] libprocessgroup: Created cgroup /sys/fs/cgroup/system/uid_0/pid_405
[   60.344621][    T1] init: ... started service 'vendor.dlkm_loader' has pid 405
[   60.348248][    T1] init: Command 'start vendor.dlkm_loader' action=early-init (/vendor/etc/init/init.cutf_cvm.rc:9) took 124ms and succeeded
[   60.378799][    T1] init: starting service 'exec 2 (/system/bin/modprobe -a -d /system/lib/modules zram.ko)'...
[   60.421682][    T1] libprocessgroup: Created cgroup /sys/fs/cgroup/system/uid_0/pid_406
[   60.459536][    T1] init: ... started service 'exec 2 (/system/bin/modprobe -a -d /system/lib/modules zram.ko)' has pid 406
[   60.470001][    T1] init: SVC_EXEC service 'exec 2 (/system/bin/modprobe -a -d /system/lib/modules zram.ko)' pid 406 (uid 0 gid 0+0 context u:r:modprobe:s0) started; waiting...
[   60.481776][    T1] init: Command 'exec u:r:modprobe:s0 -- /system/bin/modprobe -a -d /system/lib/modules zram.ko' action=early-init (/vendor/etc/init/init.cutf_cvm.rc:11) took 127ms and succeeded
[   60.664218][  T405] dlkm_loader: dlkm loader successfully initialized
[   60.991130][  T405] dlkm_loader: Loading module /vendor/lib/modules/ambakmi.ko with args ''
[   61.102019][  T405] dlkm_loader: Loaded kernel module /vendor/lib/modules/ambakmi.ko
[   61.140617][  T405] dlkm_loader: Loading module /vendor/lib/modules/armmmci.ko with args ''
[   61.277995][  T405] dlkm_loader: Loaded kernel module /vendor/lib/modules/armmmci.ko
[   61.424316][  T405] dlkm_loader: Loading module /system/lib/modules/rfkill.ko with args ''
[   61.566877][  T405] dlkm_loader: Loading module /system/lib/modules/bluetooth.ko with args ''
[   61.897152][  T405] Bluetooth: Core ver 2.22
[   61.916449][  T405] NET: Registered PF_BLUETOOTH protocol family
[   61.920545][  T405] Bluetooth: HCI device and connection manager initialized
[   61.943174][  T405] Bluetooth: HCI socket layer initialized
[   61.948714][  T405] Bluetooth: L2CAP socket layer initialized
[   61.965113][  T405] Bluetooth: SCO socket layer initialized
[   61.995844][  T405] dlkm_loader: Loaded kernel module /system/lib/modules/bluetooth.ko
[   62.001260][  T405] dlkm_loader: Loading module /vendor/lib/modules/btintel.ko with args ''
[   62.110312][  T406] zram: Added device: zram0
[   62.130471][  T405] dlkm_loader: Loaded kernel module /vendor/lib/modules/btintel.ko
[   62.190578][  T405] dlkm_loader: Loading module /vendor/lib/modules/btrtl.ko with args ''
[   62.278030][    T1] init: Service 'exec 2 (/system/bin/modprobe -a -d /system/lib/modules zram.ko)' (pid 406) exited with status 0 waiting took 1.852000 seconds
[   62.282915][  T405] dlkm_loader: Loaded kernel module /vendor/lib/modules/btrtl.ko
[   62.283800][    T1] init: Sending SIGKILL to service 'exec 2 (/system/bin/modprobe -a -d /system/lib/modules zram.ko)' (pid 406) process group...
[   62.290700][  T405] dlkm_loader: Loading module /system/lib/modules/btbcm.ko with args ''
[   62.327513][    T1] libprocessgroup: Removed cgroup /sys/fs/cgroup/system/uid_0/pid_406
[   62.426699][  T116] init: wait for '/dev/dri/card0' took 39ms
[   62.444975][  T405] dlkm_loader: Loaded kernel module /system/lib/modules/btbcm.ko
[   62.449288][  T405] dlkm_loader: Loading module /vendor/lib/modules/btusb.ko with args ''
[   62.484058][    T1] init: Command 'wait /dev/dri/card0' action=early-init (/vendor/etc/init/init.cutf_cvm.rc:13) took 125ms and succeeded
[   62.526921][  T405] usbcore: registered new interface driver btusb
[   62.555817][  T405] dlkm_loader: Loaded kernel module /vendor/lib/modules/btusb.ko
[   62.577628][  T405] dlkm_loader: Loading module /vendor/lib/modules/vexpress-config.ko with args ''
[   62.595143][    T1] init: starting service 'exec 3 (/vendor/bin/modprobe -d /vendor/lib/modules vkms.ko create_default_dev=0)'...
[   62.688315][  T405] dlkm_loader: Loaded kernel module /vendor/lib/modules/vexpress-config.ko
[   62.695994][  T405] dlkm_loader: Loading module /vendor/lib/modules/clk-vexpress-osc.ko with args ''
[   62.805898][  T405] dlkm_loader: Loaded kernel module /vendor/lib/modules/clk-vexpress-osc.ko
[   62.827139][  T405] dlkm_loader: Loading module /vendor/lib/modules/drm_dma_helper.ko with args ''
[   62.827191][    T1] libprocessgroup: Created cgroup /sys/fs/cgroup/system/uid_0/pid_408
[   62.864866][  T405] dlkm_loader: Loaded kernel module /vendor/lib/modules/drm_dma_helper.ko
[   62.869977][  T405] dlkm_loader: module dummy_cpufreq is blocklisted
[   62.875629][  T405] dlkm_loader: LoadWithAliases was unable to load dummy_cpufreq, tried: dummy_cpufreq
[   62.877619][    T1] init: ... started service 'exec 3 (/vendor/bin/modprobe -d /vendor/lib/modules vkms.ko create_default_dev=0)' has pid 408
[   62.878567][  T405] dlkm_loader: Loading module /vendor/lib/modules/dummy_hcd.ko with args ''
[   62.881207][    T1] init: SVC_EXEC service 'exec 3 (/vendor/bin/modprobe -d /vendor/lib/modules vkms.ko create_default_dev=0)' pid 408 (uid 0 gid 0+0 context u:r:vendor_modprobe:s0) started; waiting...
[   62.895932][    T1] init: Command 'exec u:r:vendor_modprobe:s0 -- /vendor/bin/modprobe -d /vendor/lib/modules vkms.ko create_default_dev=0' action=early-init (/vendor/etc/init/init.cutf_cvm.rc:14) took 400ms and succeeded
[   62.981779][  T405] dummy_hcd dummy_hcd.0: USB Host+Gadget Emulator, driver 02 May 2005
[   63.016333][  T405] dummy_hcd dummy_hcd.0: Dummy host controller
[   63.038788][  T405] dummy_hcd dummy_hcd.0: new USB bus registered, assigned bus number 1
[   63.257633][  T405] usb usb1: New USB device found, idVendor=1d6b, idProduct=0002, bcdDevice= 6.12
[   63.268109][  T405] usb usb1: New USB device strings: Mfr=3, Product=2, SerialNumber=<SERIAL>
[   63.272614][  T405] usb usb1: Product: Dummy host controller
[   63.275699][  T405] usb usb1: Manufacturer: Linux 6.12.74-android16-6-g3ec022196c4e-ab15076761-4k dummy_hcd
[   63.280048][  T405] usb usb1: SerialNumber: <SERIAL>
[   63.455967][  T405] hub 1-0:1.0: USB hub found
[   63.497370][  T405] hub 1-0:1.0: 1 port detected
[   63.748787][  T405] dlkm_loader: Loaded kernel module /vendor/lib/modules/dummy_hcd.ko
[   63.780726][  T405] dlkm_loader: Loading module /vendor/lib/modules/goldfish_address_space.ko with args ''
[   63.828352][  T405] goldfish_address_space: loading out-of-tree module taints kernel.
[   63.927559][  T405] dlkm_loader: Loaded kernel module /vendor/lib/modules/goldfish_address_space.ko
[   63.941884][  T405] dlkm_loader: Loading module /vendor/lib/modules/goldfish_battery.ko with args ''
[   63.996198][  T405] dlkm_loader: Loaded kernel module /vendor/lib/modules/goldfish_battery.ko
[   64.001053][  T405] dlkm_loader: Loading module /vendor/lib/modules/goldfish_pipe.ko with args ''
[   64.073285][  T405] dlkm_loader: Loaded kernel module /vendor/lib/modules/goldfish_pipe.ko
[   64.129338][  T405] dlkm_loader: Loading module /vendor/lib/modules/goldfish_sync.ko with args ''
[   64.246256][  T405] dlkm_loader: Loaded kernel module /vendor/lib/modules/goldfish_sync.ko
[   64.485183][  T405] dlkm_loader: Loading module /system/lib/modules/can-dev.ko with args ''
[   64.686552][  T405] CAN device driver interface
[   64.730962][  T405] dlkm_loader: Loaded kernel module /system/lib/modules/can-dev.ko
[   64.782156][  T405] dlkm_loader: Loading module /vendor/lib/modules/gs_usb.ko with args ''
[   64.863838][  T405] usbcore: registered new interface driver gs_usb
[   64.900941][  T405] dlkm_loader: Loaded kernel module /vendor/lib/modules/gs_usb.ko
[   64.965747][  T405] dlkm_loader: Loading module /vendor/lib/modules/hci_vhci.ko with args ''
[   65.047547][    T1] init: Service 'exec 3 (/vendor/bin/modprobe -d /vendor/lib/modules vkms.ko create_default_dev=0)' (pid 408) exited with status 0 waiting took 2.299000 seconds
[   65.049278][    T1] init: Sending SIGKILL to service 'exec 3 (/vendor/bin/modprobe -d /vendor/lib/modules vkms.ko create_default_dev=0)' (pid 408) process group...
[   65.070581][  T405] dlkm_loader: Loaded kernel module /vendor/lib/modules/hci_vhci.ko
[   65.075841][  T405] dlkm_loader: Loading module /vendor/lib/modules/kfifo_buf.ko with args ''
[   65.082121][    T1] libprocessgroup: Removed cgroup /sys/fs/cgroup/system/uid_0/pid_408
[   65.113831][  T405] dlkm_loader: Loaded kernel module /vendor/lib/modules/kfifo_buf.ko
[   65.122362][    T1] init: processing action (early-init) from (/vendor/etc/init/init.cutf_cvm.rc:132)
[   65.122542][  T405] dlkm_loader: Loading module /vendor/lib/modules/mt76.ko with args ''
[   65.161509][    T1] init: processing action (early-init) from (/vendor/etc/init/init.cutf_cvm.rc:135)
[   65.186712][    T1] init: Command 'setprop ro.vendor.cuttlefish_service_bluetooth_checker ${ro.boot.cuttlefish_service_bluetooth_checker}' action=early-init (/vendor/etc/init/init.cutf_cvm.rc:136) took 10ms and failed: property 'ro.boot.cuttlefish_service_bluetooth_checker' doesn't exist while expanding '${ro.boot.cuttlefish_service_bluetooth_checker}'
[   65.191234][    T1] init: processing action (early-init) from (/vendor/etc/init/init_graphics.vendor.rc:1)
[   65.214254][  T405] dlkm_loader: Loaded kernel module /vendor/lib/modules/mt76.ko
[   65.214943][  T405] dlkm_loader: Loading module /vendor/lib/modules/mt76-usb.ko with args ''
[   65.228721][  T405] dlkm_loader: Loaded kernel module /vendor/lib/modules/mt76-usb.ko
[   65.230382][  T405] dlkm_loader: Loading module /vendor/lib/modules/mt76x02-lib.ko with args ''
[   65.238326][    T1] init: Command 'setprop ro.vendor.hwcomposer.mode ${ro.boot.hardware.hwcomposer.mode}' action=early-init (/vendor/etc/init/init_graphics.vendor.rc:11) took 0ms and failed: property 'ro.boot.hardware.hwcomposer.mode' doesn't exist while expanding '${ro.boot.hardware.hwcomposer.mode}'
[   65.247306][  T405] dlkm_loader: Loaded kernel module /vendor/lib/modules/mt76x02-lib.ko
[   65.248193][  T405] dlkm_loader: Loading module /vendor/lib/modules/mt76x0-common.ko with args ''
[   65.252046][    T1] init: Command 'setprop debug.hwui.renderer ${ro.boot.hardware.guest_hwui_renderer}' action=early-init (/vendor/etc/init/init_graphics.vendor.rc:17) took 4ms and failed: property 'ro.boot.hardware.guest_hwui_renderer' doesn't exist while expanding '${ro.boot.hardware.guest_hwui_renderer}'
[   65.253895][    T1] init: Command 'setprop ro.zygote.disable_gl_preload ${ro.boot.hardware.guest_disable_renderer_preload}' action=early-init (/vendor/etc/init/init_graphics.vendor.rc:18) took 0ms and failed: property 'ro.boot.hardware.guest_disable_renderer_preload' doesn't exist while expanding '${ro.boot.hardware.guest_disable_renderer_preload}'
[   65.255849][    T1] init: processing action (ConnectEarlyStageSnapuserd) from (<Builtin Action>:0)
[   65.257088][    T1] init: processing action (wait_for_coldboot_done) from (<Builtin Action>:0)
[   65.258062][    T1] init: start_waiting_for_property("ro.cold_boot_done", "true"): already set
[   65.260770][    T1] init: processing action (CheckTradeInModeStatus) from (<Builtin Action>:0)
[   65.261034][  T405] dlkm_loader: Loaded kernel module /vendor/lib/modules/mt76x0-common.ko
[   65.264195][    T1] init: processing action (SetMmapRndBits) from (<Builtin Action>:0)
[   65.265560][  T405] dlkm_loader: Loading module /vendor/lib/modules/mt76x02-usb.ko with args ''
[   65.272581][    T1] init: processing action (KeychordInit) from (<Builtin Action>:0)
[   65.458849][    T1] init: EVIOCSMASK not supported: Invalid argument
[   65.518775][  T405] dlkm_loader: Loaded kernel module /vendor/lib/modules/mt76x02-usb.ko
[   65.529009][  T405] dlkm_loader: Loading module /vendor/lib/modules/mt76x0u.ko with args ''
[   65.618866][  T405] usbcore: registered new interface driver mt76x0u
[   65.629981][  T405] dlkm_loader: Loaded kernel module /vendor/lib/modules/mt76x0u.ko
[   65.632261][  T405] dlkm_loader: Loading module /vendor/lib/modules/mt76x2-common.ko with args ''
[   65.643725][    T1] init: Command 'KeychordInit' action=KeychordInit (<Builtin Action>:0) took 368ms and succeeded
[   65.648825][    T1] init: processing action (init) from (/system/etc/init/hw/init.rc:116)
[   65.768338][  T405] dlkm_loader: Loaded kernel module /vendor/lib/modules/mt76x2-common.ko
[   65.793445][  T405] dlkm_loader: Loading module /vendor/lib/modules/mt76x2u.ko with args ''
[   65.871946][  T405] usbcore: registered new interface driver mt76x2u
[   65.914272][  T405] dlkm_loader: Loaded kernel module /vendor/lib/modules/mt76x2u.ko
[   65.924956][    T1] init: Command 'mkdir /dev/blkio/background' action=init (/system/etc/init/hw/init.rc:207) took 63ms and succeeded
[   65.931286][    T1] init: Command 'write /dev/blkio/blkio.weight 1000' action=init (/system/etc/init/hw/init.rc:218) took 0ms and failed: Unable to write to file '/dev/blkio/blkio.weight': open() failed: Permission denied
[   65.931513][    T1] init: Command 'write /dev/blkio/background/blkio.weight 200' action=init (/system/etc/init/hw/init.rc:219) took 0ms and failed: Unable to write to file '/dev/blkio/background/blkio.weight': open() failed: Permission denied
[   65.932417][    T1] init: Command 'write /dev/blkio/blkio.group_idle 0' action=init (/system/etc/init/hw/init.rc:221) took 0ms and failed: Unable to write to file '/dev/blkio/blkio.group_idle': open() failed: Permission denied
[   65.942417][  T405] dlkm_loader: Loading module /vendor/lib/modules/pl111_drm.ko with args ''
[   65.943800][    T1] init: Command 'write /dev/blkio/background/blkio.group_idle 0' action=init (/system/etc/init/hw/init.rc:222) took 0ms and failed: Unable to write to file '/dev/blkio/background/blkio.group_idle': open() failed: Permission denied
[   66.053051][  T405] dlkm_loader: Loaded kernel module /vendor/lib/modules/pl111_drm.ko
[   66.096074][  T405] dlkm_loader: Loading module /vendor/lib/modules/psmouse.ko with args ''
[   66.243898][  T405] dlkm_loader: Loaded kernel module /vendor/lib/modules/psmouse.ko
[   66.246634][    T1] init: Command 'mkdir /dev/binderfs' action=init (/system/etc/init/hw/init.rc:232) took 61ms and succeeded
[   66.266142][  T405] dlkm_loader: Loading module /vendor/lib/modules/pulse8-cec.ko with args ''
[   66.351130][    T1] init: Command 'mount binder binder /dev/binderfs stats=global' action=init (/system/etc/init/hw/init.rc:233) took 86ms and succeeded
[   66.479022][  T405] dlkm_loader: Loaded kernel module /vendor/lib/modules/pulse8-cec.ko
[   66.511368][  T405] dlkm_loader: Loading module /vendor/lib/modules/rtc-test.ko with args ''
[   66.680211][  T405] rtc-test rtc-test.0: registered as rtc1
[   66.760509][  T405] rtc-test rtc-test.1: registered as rtc2
[   66.784097][  T405] rtc-test rtc-test.2: registered as rtc3
[   66.824585][  T405] dlkm_loader: Loaded kernel module /vendor/lib/modules/rtc-test.ko
[   66.870673][  T405] dlkm_loader: Loading module /vendor/lib/modules/scmi_iio.ko with args ''
[   67.033648][  T405] dlkm_loader: Loaded kernel module /vendor/lib/modules/scmi_iio.ko
[   67.045147][  T405] dlkm_loader: module snd_aloop is blocklisted
[   67.049127][  T405] dlkm_loader: LoadWithAliases was unable to load snd_aloop, tried: snd_aloop
[   67.059333][  T405] dlkm_loader: Loading module /vendor/lib/modules/system_heap.ko with args ''
[   67.185509][    T1] init: Command 'copy /dev/cpuset/mems /dev/cpuset/foreground/mems' action=init (/system/etc/init/hw/init.rc:330) took 51ms and succeeded
[   67.224125][  T405] dlkm_loader: Loaded kernel module /vendor/lib/modules/system_heap.ko
[   67.259123][  T405] dlkm_loader: Loading module /vendor/lib/modules/usbip-core.ko with args ''
[   67.451270][  T405] dlkm_loader: Loaded kernel module /vendor/lib/modules/usbip-core.ko
[   67.473342][  T405] dlkm_loader: Loading module /vendor/lib/modules/v4l2-tpg.ko with args ''
[   67.585113][  T405] dlkm_loader: Loaded kernel module /vendor/lib/modules/v4l2-tpg.ko
[   67.594195][  T405] dlkm_loader: Loading module /vendor/lib/modules/v4l2loopback.ko with args ''
[   67.769403][  T405] v4l2loopback driver version 0.12.7 loaded
[   67.801522][  T405] dlkm_loader: Loaded kernel module /vendor/lib/modules/v4l2loopback.ko
[   67.820628][  T405] dlkm_loader: Loading module /vendor/lib/modules/vexpress-sysreg.ko with args ''
[   67.909190][  T405] dlkm_loader: Loaded kernel module /vendor/lib/modules/vexpress-sysreg.ko
[   67.931518][  T405] dlkm_loader: Loading module /vendor/lib/modules/vhci-hcd.ko with args ''
[   67.994333][  T405] vhci_hcd vhci_hcd.0: USB/IP Virtual Host Controller
[   68.000628][  T405] vhci_hcd vhci_hcd.0: new USB bus registered, assigned bus number 2
[   68.025538][  T405] vhci_hcd: created sysfs vhci_hcd.0
[   68.043504][  T405] usb usb2: New USB device found, idVendor=1d6b, idProduct=0002, bcdDevice= 6.12
[   68.047198][  T405] usb usb2: New USB device strings: Mfr=3, Product=2, SerialNumber=<SERIAL>
[   68.048597][  T405] usb usb2: Product: USB/IP Virtual Host Controller
[   68.049994][  T405] usb usb2: Manufacturer: Linux 6.12.74-android16-6-g3ec022196c4e-ab15076761-4k vhci_hcd
[   68.050937][  T405] usb usb2: SerialNumber: <SERIAL>
[   68.069148][  T405] hub 2-0:1.0: USB hub found
[   68.075949][  T405] hub 2-0:1.0: 8 ports detected
[   68.136117][  T405] vhci_hcd vhci_hcd.0: USB/IP Virtual Host Controller
[   68.140466][  T405] vhci_hcd vhci_hcd.0: new USB bus registered, assigned bus number 3
[   68.149066][  T405] usb usb3: We don't know the algorithms for LPM for this host, disabling LPM.
[   68.153973][    T1] init: Command 'mount pstore pstore /sys/fs/pstore nodev noexec nosuid' action=init (/system/etc/init/hw/init.rc:414) took 609ms and succeeded
[   68.158763][  T405] usb usb3: New USB device found, idVendor=1d6b, idProduct=0003, bcdDevice= 6.12
[   68.172285][  T405] usb usb3: New USB device strings: Mfr=3, Product=2, SerialNumber=<SERIAL>
[   68.174880][  T405] usb usb3: Product: USB/IP Virtual Host Controller
[   68.178892][  T405] usb usb3: Manufacturer: Linux 6.12.74-android16-6-g3ec022196c4e-ab15076761-4k vhci_hcd
[   68.186660][  T405] usb usb3: SerialNumber: <SERIAL>
[   68.208080][  T405] hub 3-0:1.0: USB hub found
[   68.210901][  T405] hub 3-0:1.0: 8 ports detected
[   68.262797][  T405] dlkm_loader: Loaded kernel module /vendor/lib/modules/vhci-hcd.ko
[   68.278161][  T405] dlkm_loader: Loading module /vendor/lib/modules/virt_wifi.ko with args ''
[   68.350179][    T1] init: Command 'write /dev/cpu_variant:${ro.bionic.2nd_arch} ${ro.bionic.2nd_cpu_variant}' action=init (/system/etc/init/hw/init.rc:440) took 0ms and failed: property 'ro.bionic.2nd_arch' doesn't exist while expanding '/dev/cpu_variant:${ro.bionic.2nd_arch}'
[   68.366239][    T1] init: Command 'chmod 0444 /dev/cpu_variant:${ro.bionic.2nd_arch}' action=init (/system/etc/init/hw/init.rc:441) took 0ms and failed: property 'ro.bionic.2nd_arch' doesn't exist while expanding '/dev/cpu_variant:${ro.bionic.2nd_arch}'
[   68.396745][    T1] init: starting service 'logd'...
[   68.420088][    T1] init: Created socket '/dev/socket/logd', mode 666, user 1036, group 1036
[   68.610619][    T1] init: Created socket '/dev/socket/logdr', mode 666, user 1036, group 1036
[   68.710212][  T405] dlkm_loader: Loaded kernel module /vendor/lib/modules/virt_wifi.ko
[   68.734261][  T405] dlkm_loader: Loading module /vendor/lib/modules/virtio-media.ko with args ''
[   68.736616][    T1] init: Created socket '/dev/socket/logdw', mode 222, user 1036, group 1036
[   68.951904][  T405] dlkm_loader: Loaded kernel module /vendor/lib/modules/virtio-media.ko
[   68.995188][  T405] dlkm_loader: Loading module /vendor/lib/modules/virtio_mmio.ko with args ''
[   68.999389][    T1] libprocessgroup: Created cgroup /sys/fs/cgroup/system/uid_1036
[   69.035376][    T1] libprocessgroup: Created cgroup /sys/fs/cgroup/system/uid_1036/pid_411
[   69.144810][  T405] dlkm_loader: Loaded kernel module /vendor/lib/modules/virtio_mmio.ko
[   69.162785][  T405] dlkm_loader: Loading module /vendor/lib/modules/virtio_pmem.ko with args ''
[   69.256763][    T1] init: ... started service 'logd' has pid 411
[   69.300708][    T1] init: Command 'start logd' action=init (/system/etc/init/hw/init.rc:454) took 901ms and succeeded
[   69.593338][    T1] init: Command 'write /proc/sys/vm/watermark_boost_factor 0' action=init (/system/etc/init/hw/init.rc:456) took 228ms and succeeded
[   69.820796][   T57] nd_pmem namespace0.0: unable to guarantee persistence of writes
[   69.828343][    T1] init: starting service 'lmkd'...
[   69.861533][    T1] init: Created socket '/dev/socket/lmkd', mode 660, user 1000, group 1000
[   70.024205][    T1] libprocessgroup: Created cgroup /sys/fs/cgroup/system/uid_1069
[   70.039838][  T247] nd_pmem namespace1.0: unable to guarantee persistence of writes
[   70.054715][  T405] dlkm_loader: Loaded kernel module /vendor/lib/modules/virtio_pmem.ko
[   70.072204][  T405] dlkm_loader: Loading module /vendor/lib/modules/virtio_snd.ko with args ''
[   70.154916][    T1] libprocessgroup: Created cgroup /sys/fs/cgroup/system/uid_1069/pid_412
[   70.454268][    T1] init: ... started service 'lmkd' has pid 412
[   70.478232][    T1] init: Command 'start lmkd' action=init (/system/etc/init/hw/init.rc:461) took 794ms and succeeded
[   70.538580][    T1] init: starting service 'servicemanager'...
[   71.334190][  T405] dlkm_loader: Loaded kernel module /vendor/lib/modules/virtio_snd.ko
[   71.432410][  T405] dlkm_loader: Loading module /vendor/lib/modules/virtual-cpufreq.ko with args ''
[   71.508546][    T1] libprocessgroup: Created cgroup /sys/fs/cgroup/system/uid_1000/pid_413
[   72.008462][  T405] dlkm_loader: Loaded kernel module /vendor/lib/modules/virtual-cpufreq.ko
[   72.044998][  T405] dlkm_loader: module vivid is blocklisted
[   72.070411][  T405] dlkm_loader: LoadWithAliases was unable to load vivid, tried: vivid
[   72.084459][  T405] dlkm_loader: module vkms is blocklisted
[   72.092332][  T405] dlkm_loader: LoadWithAliases was unable to load vkms, tried: vkms
[   72.338488][  T405] dlkm_loader: module load count is 44
[   72.439703][    T1] init: ... started service 'servicemanager' has pid 413
[   72.466091][    T1] init: Command 'start servicemanager' action=init (/system/etc/init/hw/init.rc:464) took 1969ms and succeeded
[   72.557087][    T1] init: starting service 'hwservicemanager'...
[   72.843572][    T1] libprocessgroup: Created cgroup /sys/fs/cgroup/system/uid_1000/pid_414
[   72.954666][    T1] init: ... started service 'hwservicemanager' has pid 414
[   72.985258][    T1] init: Command 'start hwservicemanager' action=init (/system/etc/init/hw/init.rc:465) took 486ms and succeeded
[   73.008081][    T1] init: Service 'vendor.dlkm_loader' (pid 405) exited with status 0 oneshot service took 12.716000 seconds in background
[   73.077784][    T1] init: Sending SIGKILL to service 'vendor.dlkm_loader' (pid 405) process group...
[   73.426960][    T1] libprocessgroup: Removed cgroup /sys/fs/cgroup/system/uid_0/pid_405
[   73.751369][    T1] init: Command 'start vndservicemanager' action=init (/system/etc/init/hw/init.rc:466) took 38ms and failed: service vndservicemanager not found
[   74.095563][    T1] init: Command 'mkdir <HOST_PATH> 0755 root root' action=init (/system/etc/init/hw/init.rc:469) took 132ms and succeeded
[   74.248857][    T1] init: Command 'mount tmpfs tmpfs <HOST_PATH> nosuid nodev noexec rw' action=init (/system/etc/init/hw/init.rc:470) took 89ms and succeeded
[   74.974817][    T1] init: Command 'restorecon <HOST_PATH>' action=init (/system/etc/init/hw/init.rc:471) took 107ms and succeeded
[   75.347205][    T1] init: Command 'chmod 0770 <HOST_PATH>' action=init (/system/etc/init/hw/init.rc:473) took 124ms and succeeded
[   75.557002][    T1] init: Command 'mkdir <HOST_PATH> 0770 system system' action=init (/system/etc/init/hw/init.rc:474) took 153ms and succeeded
[   75.571535][    T1] init: processing action (ro.debuggable=1 && init) from (/system/etc/init/hw/init.rc:1306)
[   75.610016][    T1] init: starting service 'console'...
[   75.837914][    T1] libprocessgroup: Created cgroup /sys/fs/cgroup/system/uid_2000
[   75.934018][    T1] libprocessgroup: Created cgroup /sys/fs/cgroup/system/uid_2000/pid_420
[   78.462015][  T413] servicemanager: Starting sm instance on /dev/binder
[   79.273828][    T1] init: ... started service 'console' has pid 420
[   79.310185][    T1] init: Command 'start console' action=ro.debuggable=1 && init (/system/etc/init/hw/init.rc:1307) took 3720ms and succeeded
[   79.333346][    T1] init: processing action (ro.product.cpu.abilist64=* && init) from (/system/etc/init/hw/init.boringssl.zygote64.rc:1)
[   79.382749][    T1] init: starting service 'boringssl_self_test64'...
[   79.512416][  T413] SELinux: Multiple same specifications for android.hardware.secure_element.ISecureElement/eSE1.
[   79.688180][  T413] SELinux: SELinux: Loaded service context from:
[   79.698265][  T413] SELinux: 		/system/etc/selinux/plat_service_contexts
[   79.783094][  T413] SELinux: 		/system_ext/etc/selinux/system_ext_service_contexts
[   79.803092][  T413] SELinux: 		/product/etc/selinux/product_service_contexts
[   79.821354][  T413] SELinux: 		/vendor/etc/selinux/vendor_service_contexts
[   79.839880][  T413] SELinux: 		/odm/etc/selinux/odm_service_contexts
[   79.848224][    T1] libprocessgroup: Created cgroup /sys/fs/cgroup/system/uid_9999
[   80.573539][    T1] libprocessgroup: Created cgroup /sys/fs/cgroup/system/uid_9999/pid_422
[   81.819167][    T1] init: ... started service 'boringssl_self_test64' has pid 422
[   81.845143][    T1] init: SVC_EXEC service 'boringssl_self_test64' pid 422 (uid 9999 gid 0+0 context default) started; waiting...
[   81.918070][    T1] init: Command 'exec_start boringssl_self_test64' action=ro.product.cpu.abilist64=* && init (/system/etc/init/hw/init.boringssl.zygote64.rc:2) took 2539ms and succeeded
[   82.090220][  T411] logd: libprocessgroup: A JoinCgroup action in the SystemMemoryProcess profile is used for controller memory in the cgroup v2 hierarchy and will be ignored
[   85.629932][  T411] logd.auditd: start
[   85.653834][  T411] logd.klogd: 81173654994
[   85.701902][    T1] init: Service 'console' (pid 420) exited with status 0
[   85.708717][    T1] init: Sending SIGKILL to service 'console' (pid 420) process group...
[   85.837888][    T1] libprocessgroup: Removed cgroup /sys/fs/cgroup/system/uid_2000/pid_420
[   86.228380][  T411] logd: Loaded bug_map file: /system_ext/etc/selinux/bug_map
[   86.316354][  T411] logd: Loaded bug_map file: /vendor/etc/selinux/selinux_denial_metadata
[   86.337833][  T411] logd: Loaded bug_map file: /system/etc/selinux/bug_map
[   86.962380][    T1] init: Service 'boringssl_self_test64' (pid 422) exited with status 0 waiting took 7.141000 seconds
[   86.974028][    T1] init: Sending SIGKILL to service 'boringssl_self_test64' (pid 422) process group...
[   87.011599][    T1] libprocessgroup: Removed cgroup /sys/fs/cgroup/system/uid_9999/pid_422
[   87.340725][  T427] type=1403 audit(1790964223.080:2): auid=4294967295 ses=4294967295 lsm=selinux res=1
[   87.353907][    T1] init: processing action (ro.board.api_level=202604 && init) from (/system/etc/init/android.system.suspend-service.rc:7)
[   87.365499][  T427] type=1300 audit(1790964223.080:2): arch=c00000b7 syscall=64 success=yes exit=911737 a0=4 a1=b400007d1f520680 a2=de979 a3=ffffffffffffffff items=0 ppid=0 auid=4294967295 uid=0 gid=0 euid=0 suid=0 fsuid=0 egid=0 sgid=0 fsgid=0 tty=(none) ses=4294967295 comm="init" exe="/system/bin/init" subj=u:r:kernel:s0 key=(null)
[   87.383781][    T1] init: processing action (init) from (/system/etc/init/audioserver.rc:66)
[   87.386057][  T427] type=1309 audit(1790964223.080:2): argc=1 a0="/system/bin/init"
[   87.399928][  T427] type=1327 audit(1790964223.080:2): proctitle=2F73797374656D2F62696E2F696E69740073656C696E75785F7365747570
[   87.422339][  T427] type=1320 audit(1790964223.080:2): 
[   87.424890][  T427] type=1404 audit(1790964223.524:3): enforcing=1 old_enforcing=0 auid=4294967295 ses=4294967295 enabled=1 old-enabled=1 lsm=selinux res=1
[   87.434393][  T427] type=1300 audit(1790964223.524:3): arch=c00000b7 syscall=64 success=yes exit=1 a0=4 a1=7fe4c14890 a2=1 a3=14 items=0 ppid=0 auid=4294967295 uid=0 gid=0 euid=0 suid=0 fsuid=0 egid=0 sgid=0 fsgid=0 tty=(none) ses=4294967295 comm="init" exe="/system/bin/init" subj=u:r:kernel:s0 key=(null)
[   87.441538][    T1] init: processing action (init) from (/system/etc/init/perfetto.rc:163)
[   87.444220][  T427] type=1327 audit(1790964223.524:3): proctitle=2F73797374656D2F62696E2F696E69740073656C696E75785F7365747570
[   87.452356][  T427] type=1320 audit(1790964223.524:3): 
[   87.457062][  T427] type=1305 audit(1790964276.636:4): op=set audit_pid=411 old=0 auid=4294967295 ses=4294967295 subj=u:r:logd:s0 res=1
[   87.460450][  T427] type=1300 audit(1790964276.636:4): arch=c00000b7 syscall=206 success=yes exit=60 a0=9 a1=7fc2e0c870 a2=3c a3=0 items=0 ppid=1 auid=4294967295 uid=1036 gid=1036 euid=1036 suid=1036 fsuid=1036 egid=1036 sgid=1036 fsgid=1036 tty=(none) ses=4294967295 comm="logd" exe="/system/bin/logd" subj=u:r:logd:s0 key=(null)
[   87.461453][    T1] init: processing action (init) from (/vendor/etc/init/init.cutf_cvm.rc:23)
[   87.463339][  T427] type=1327 audit(1790964276.636:4): proctitle="/system/bin/logd"
[   87.471861][  T427] type=1320 audit(1790964276.636:4): 
[   87.584254][    T1] init: Command 'write /sys/block/zram0/comp_algorithm lz4' action=init (/vendor/etc/init/init.cutf_cvm.rc:25) took 105ms and succeeded
[   87.674044][    T1] init: processing action (init) from (/apex/com.google.cf.vulkan/etc/com.google.cf.vulkan.rc:4)
[   87.703287][    T1] init: processing action (CopyRollbackLogs) from (<Builtin Action>:0)
[   87.708298][    T1] init: processing action (late-init) from (/system/etc/init/hw/init.rc:518)
[   87.713038][    T1] init: processing action (late-init) from (/system/etc/init/atrace.rc:3)
[   88.104824][    T1] init: Command 'copy /system/etc/ftrace_synthetic_events.conf /sys/kernel/tracing/synthetic_events' action=late-init (/system/etc/init/atrace.rc:290) took 107ms and succeeded
[   88.177294][    T1] init: Command 'copy /system/etc/ftrace_synthetic_events.conf /sys/kernel/debug/tracing/synthetic_events' action=late-init (/system/etc/init/atrace.rc:291) took 61ms and succeeded
[   88.190447][    T1] init: processing action (ro.boot.fastboot.boottrace= && late-init) from (/system/etc/init/atrace.rc:309)
[   88.242803][    T1] init: processing action (queue_property_triggers) from (<Builtin Action>:0)
[   88.252789][    T1] init: processing action (early-fs) from (/system/etc/init/hw/init.rc:551)
[   88.280893][    T1] init: starting service 'vold'...
[   88.384093][    T1] libprocessgroup: Created cgroup /sys/fs/cgroup/system/uid_0/pid_428
[   88.456960][    T1] init: ... started service 'vold' has pid 428
[   88.465887][    T1] init: Command 'start vold' action=early-fs (/system/etc/init/hw/init.rc:553) took 203ms and succeeded
[   88.488348][    T1] init: processing action (fs) from (/system/etc/init/logd.rc:29)
[   88.547036][    T1] init: processing action (fs) from (/system/etc/init/wifi.rc:25)
[   88.596062][    T1] init: processing action (fs) from (/vendor/etc/init/init.cutf_cvm.rc:48)
[   88.994765][    T1] init: [libfs_mgr] Invalid ext4 superblock on '/dev/block/by-name/metadata'
[   89.099403][    T1] init: [libfs_mgr] mount_with_alternatives(): skipping mount due to invalid magic, mountpoint=/metadata blk_dev=/dev/block/vda6 rec[7].fs_type=ext4
[   89.128595][    T1] init: [libfs_mgr] Invalid ext4 superblock on '/dev/block/by-name/metadata'
[   89.136436][    T1] init: [libfs_mgr] mount_with_alternatives(): skipping mount due to invalid magic, mountpoint=/metadata blk_dev=/dev/block/vda6 rec[8].fs_type=ext4
[   89.171961][    T1] init: [libfs_mgr] fs_mgr_mount_all(): /dev/block/vda6 is wiped and /metadata ext4 is formattable. Format it.
[   89.214813][    T1] init: [libfs_mgr] fs_mgr_do_format: Format /dev/block/by-name/metadata as 'ext4'
[   90.244050][    T1] mke2fs: mke2fs 1.47.2 (1-Jan-2025)
[   90.815850][    T1] mke2fs: Discarding device blocks:     0/16384           done                            
[   91.004748][    T1] mke2fs: Creating filesystem with 16384 4k blocks and 16384 inodes
[   91.023693][    T1] mke2fs: 
[   91.055572][    T1] mke2fs: Allocating group tables: 0/1   done                            
[   91.132728][    T1] mke2fs: Writing inode tables: 0/1   done                            
[   91.366891][    T1] mke2fs: Creating journal (1024 blocks): done
[   91.565183][    T1] mke2fs: Writing superblocks and filesystem accounting information: 0/1   done
[   91.582927][    T1] mke2fs: 
[   93.502772][    T1] e2fsdroid: Created filesystem with 11/16384 inodes and 3081/16384 blocks
[   94.049403][  T428] hw-ProcessState: HwBinder is not supported on this device but this process is calling setThreadPoolConfiguration
[   94.119978][    T1] init: [libfs_mgr] superblock s_max_mnt_count:65535,/dev/block/by-name/metadata
[   94.809087][    T1] EXT4-fs mount: 22 callbacks suppressed
[   94.844771][    T1] EXT4-fs (vda6): mounted filesystem 61c9341d-a8e4-42e6-8b91-e6e3c715001c r/w with ordered data mode. Quota mode: none.
[   94.934291][    T1] init: [libfs_mgr] check_fs(): mount(/dev/block/by-name/metadata,/metadata,ext4)=0: Success
[   95.176871][    T1] EXT4-fs (vda6): unmounting filesystem 61c9341d-a8e4-42e6-8b91-e6e3c715001c.
[   95.475320][  T428] libbinder.BackendUnifiedServiceManager: Thread Pool max thread count is 0. Cannot cache binder as linkToDeath cannot be implemented. serviceName: vold
[   95.499860][    T1] init: [libfs_mgr] umount_retry(): unmount(/metadata) succeeded
[   95.648416][    T1] init: [libfs_mgr] Running /system/bin/e2fsck on /dev/block/vda6
[   95.699107][  T413] servicemanager: getDeviceHalManifest: Reading VINTF information.
[   95.781981][  T413] servicemanager: Loaded APEX Infos from /apex/apex-info-list.xml
[   95.946081][  T413] servicemanager: Loaded APEX Infos from /apex/apex-info-list.xml
[   95.949971][  T413] servicemanager: getDeviceHalManifest: Successfully processed VINTF information
[   95.953231][  T413] servicemanager: getFrameworkHalManifest: Reading VINTF information.
[   95.974708][  T413] servicemanager: Loaded APEX Infos from /apex/apex-info-list.xml
[   96.000389][  T413] servicemanager: getFrameworkHalManifest: Successfully processed VINTF information
[   96.017155][  T413] servicemanager: Caller(pid=428,uid=0,sid=u:r:vold:s0) Found android.system.vold.IVold/default in framework VINTF manifest.
[   96.149813][  T413] servicemanager: Caller(pid=428,uid=0,sid=u:r:vold:s0) Found android.system.vold.IVold/default in framework VINTF manifest.
[   96.739022][    T1] e2fsck: /dev/block/by-name/metadata: clean, 11/16384 files, 3081/16384 blocks
[   96.949283][    T1] init: [libfs_mgr] fsck on /metadata took 2806ms
[   96.954673][    T1] init: [libfs_mgr] superblock s_max_mnt_count:65535,/dev/block/by-name/metadata
[   96.997416][    T1] init: [libfs_mgr] Enabling ext4 verity on /dev/block/by-name/metadata
[   97.561688][    T1] tune2fs: tune2fs 1.47.2 (1-Jan-2025)
[   97.813131][    T1] EXT4-fs (vda6): mounted filesystem 61c9341d-a8e4-42e6-8b91-e6e3c715001c r/w with ordered data mode. Quota mode: none.
[   97.829246][    T1] init: [libfs_mgr] __mount(source=/dev/block/by-name/metadata,target=/metadata,type=ext4)=0: Success
[   97.860364][    T1] init: [libfs_mgr] mount_with_alternatives(): skipping fstab dup mountpoint=/metadata rec[8].fs_type=ext4 already mounted as ext4
[   98.130006][    T1] virtio-fs: tag <shared> not found
[   98.159505][    T1] init: [libfs_mgr] __mount(source=shared,target=<HOST_PATH>,type=virtiofs)=-1: Invalid argument
[   98.213654][    T1] init: [libfs_mgr] fsck on <HOST_PATH> took 46ms
[   98.222919][    T1] virtio-fs: tag <shared> not found
[   98.233692][    T1] init: [libfs_mgr] __mount(source=shared,target=<HOST_PATH>,type=virtiofs)=-1: Invalid argument
[   98.242984][    T1] init: [libfs_mgr] Ignoring failure to mount an un-encryptable, interrupted, or wiped partition on shared at <HOST_PATH> options: : No such file or directory
[   98.248033][    T1] init: Command 'mount_all --early' action=fs (/vendor/etc/init/init.cutf_cvm.rc:52) took 9622ms and succeeded
[   98.723144][    T1] init: processing action (post-fs) from (/system/etc/init/hw/init.rc:555)
[   98.766175][    T1] init: starting service 'exec 4 (/system/bin/vdc checkpoint markBootAttempt)'...
[   98.846940][    T1] libprocessgroup: Created cgroup /sys/fs/cgroup/system/uid_1000/pid_441
[   98.876406][    T1] init: ... started service 'exec 4 (/system/bin/vdc checkpoint markBootAttempt)' has pid 441
[   98.883745][    T1] init: SVC_EXEC service 'exec 4 (/system/bin/vdc checkpoint markBootAttempt)' pid 441 (uid 1000 gid 1000+0 context default) started; waiting...
[   98.892232][    T1] init: Command 'exec - system system -- /system/bin/vdc checkpoint markBootAttempt' action=post-fs (/system/etc/init/hw/init.rc:556) took 152ms and succeeded
[   99.200951][  T441] libbinder.BackendUnifiedServiceManager: Thread Pool max thread count is 0. Cannot cache binder as linkToDeath cannot be implemented. serviceName: vold
[   99.418727][    T1] init: Service 'exec 4 (/system/bin/vdc checkpoint markBootAttempt)' (pid 441) exited with status 0 waiting took 0.582000 seconds
[   99.422648][    T1] init: Sending SIGKILL to service 'exec 4 (/system/bin/vdc checkpoint markBootAttempt)' (pid 441) process group...
[   99.450182][    T1] libprocessgroup: Removed cgroup /sys/fs/cgroup/system/uid_1000/pid_441
[   99.611906][    T1] init: Command 'chown system cache /cache' action=post-fs (/system/etc/init/hw/init.rc:571) took 1ms and failed: lchown() failed: Read-only file system
[   99.612675][    T1] init: Command 'chmod 0770 /cache' action=post-fs (/system/etc/init/hw/init.rc:572) took 0ms and failed: fchmodat() failed: Read-only file system
[   99.719013][    T1] init: Command 'restorecon_recursive /metadata' action=post-fs (/system/etc/init/hw/init.rc:611) took 89ms and succeeded
[   99.997848][    T1] init: Command 'mkdir /metadata/vold' action=post-fs (/system/etc/init/hw/init.rc:612) took 274ms and succeeded
[  100.057751][    T1] init: processing action (post-fs) from (/system/etc/init/aconfigd.rc:33)
[  100.085671][    T1] init: starting service 'system_aconfigd_platform_init'...
[  100.156719][    T1] libprocessgroup: Created cgroup /sys/fs/cgroup/system/uid_1000/pid_442
[  100.215678][    T1] init: ... started service 'system_aconfigd_platform_init' has pid 442
[  100.216420][    T1] init: SVC_EXEC service 'system_aconfigd_platform_init' pid 442 (uid 1000 gid 1000+0 context default) started; waiting...
[  100.217380][    T1] init: Command 'exec_start system_aconfigd_platform_init' action=post-fs (/system/etc/init/aconfigd.rc:38) took 137ms and succeeded
[  101.389606][    T1] init: Service 'system_aconfigd_platform_init' (pid 442) exited with status 0 waiting took 1.242000 seconds
[  101.394656][    T1] init: Sending SIGKILL to service 'system_aconfigd_platform_init' (pid 442) process group...
[  101.421043][    T1] libprocessgroup: Removed cgroup /sys/fs/cgroup/system/uid_1000/pid_442
[  101.474833][    T1] init: processing action (post-fs) from (/system/etc/init/atrace_userdebug.rc:7)
[  101.502207][    T1] init: processing action (post-fs) from (/system/etc/init/gsid.rc:8)
[  101.526636][    T1] init: processing action (post-fs) from (/system/etc/init/recovery-refresh.rc:1)
[  101.545918][    T1] init: starting service 'exec 5 (/system/bin/recovery-refresh)'...
[  101.616718][    T1] libprocessgroup: Created cgroup /sys/fs/cgroup/system/uid_1000/pid_443
[  101.640069][    T1] init: ... started service 'exec 5 (/system/bin/recovery-refresh)' has pid 443
[  101.644866][    T1] init: Command 'exec_background - system log -- /system/bin/recovery-refresh' action=post-fs (/system/etc/init/recovery-refresh.rc:2) took 116ms and succeeded
[  101.652869][    T1] init: processing action (late-fs) from (/system/etc/init/hw/init.rc:635)
[  101.669944][    T1] init: starting service 'system_suspend'...
[  101.721785][    T1] libprocessgroup: Created cgroup /sys/fs/cgroup/system/uid_1000/pid_444
[  101.787690][    T1] init: ... started service 'system_suspend' has pid 444
[  101.797069][    T1] init: starting service 'keystore2'...
[  101.848330][    T1] libprocessgroup: Created cgroup /sys/fs/cgroup/system/uid_1017
[  101.873589][    T1] libprocessgroup: Created cgroup /sys/fs/cgroup/system/uid_1017/pid_445
[  102.135700][    T1] init: ... started service 'keystore2' has pid 445
[  102.216026][    T1] init: starting service 'suspend_blocker'...
[  102.322453][    T1] libprocessgroup: Created cgroup /sys/fs/cgroup/system/uid_0/pid_446
[  102.387505][    T1] init: ... started service 'suspend_blocker' has pid 446
[  102.438392][    T1] init: starting service 'vendor.boot-default'...
[  102.715378][    T1] libprocessgroup: Created cgroup /sys/fs/cgroup/system/uid_0/pid_447
[  102.955826][    T1] init: ... started service 'vendor.boot-default' has pid 447
[  103.475998][    T1] init: starting service 'vendor.gatekeeper_nonsecure'...
[  103.493557][  T413] servicemanager: Caller(pid=444,uid=1000,sid=u:r:system_suspend:s0) Found android.system.suspend.ISystemSuspend/default in framework VINTF manifest.
[  103.770084][    T1] libprocessgroup: Created cgroup /sys/fs/cgroup/system/uid_1000/pid_450
[  104.185706][    T1] init: ... started service 'vendor.gatekeeper_nonsecure' has pid 450
[  104.654635][    T1] init: starting service 'vendor.keymint-default'...
[  104.946190][  T447] android.hardware.boot-service.default: [libfstab] Using Android DT directory /proc/device-tree/firmware/android/
[  105.654407][    T1] libprocessgroup: Created cgroup /sys/fs/cgroup/system/uid_9999/pid_451
[  106.145085][  T413] servicemanager: Caller(pid=447,uid=0,sid=u:r:hal_bootctl_default:s0) Found android.hardware.boot.IBootControl/default in device VINTF manifest.
[  106.160795][  T413] servicemanager: Caller(pid=446,uid=0,sid=u:r:suspend_blocker:s0) Found android.system.suspend.ISystemSuspend/default in framework VINTF manifest.
[  106.171255][  T447] libbinder.BackendUnifiedServiceManager: Thread Pool max thread count is 0. Cannot cache binder as linkToDeath cannot be implemented. serviceName: android.hardware.boot.IBootControl/default
[  106.281166][  T447] android.hardware.boot-service.default: IBootControl AIDL service running...
[  106.385710][    T1] init: ... started service 'vendor.keymint-default' has pid 451
[  106.424682][    T1] init: Command 'class_start early_hal' action=late-fs (/system/etc/init/hw/init.rc:642) took 4752ms and succeeded
[  106.453870][    T1] init: Service 'exec 5 (/system/bin/recovery-refresh)' (pid 443) exited with status 254 oneshot service took 4.847000 seconds in background
[  106.462982][    T1] init: Sending SIGKILL to service 'exec 5 (/system/bin/recovery-refresh)' (pid 443) process group...
[  106.531496][    T1] libprocessgroup: Removed cgroup /sys/fs/cgroup/system/uid_1000/pid_443
[  106.763451][    T1] init: processing action (late-fs) from (/system/etc/init/hw/init.rc:649)
[  106.954524][    T1] init: Command 'setprop bootreceiver.enable ${bootreceiver.enable:-1}' action=late-fs (/system/etc/init/hw/init.rc:651) took 156ms and succeeded
[  106.970946][    T1] init: processing action (late-fs) from (/vendor/etc/init/init.cutf_cvm.rc:71)
[  107.480807][    T1] init: Calling: /system/bin/vdc checkpoint needsCheckpoint
[  108.652930][  T452] libbinder.BackendUnifiedServiceManager: Thread Pool max thread count is 0. Cannot cache binder as linkToDeath cannot be implemented. serviceName: vold
[  109.261138][  T413] servicemanager: Caller(pid=428,uid=0,sid=u:r:vold:s0) Found android.hardware.boot.IBootControl/default in device VINTF manifest.
[  110.991997][  T428] libbinder.Binder: Binder transaction to android.os.IVold, function: needsCheckpoint, code: 54, took 2096ms. Data bytes: 52 Reply bytes: 8 Flags: 48
[  111.650208][    T1] vdc: vdc terminated by exit(1)
[  111.653192][    T1] vdc: 
[  111.891439][    T1] init: [libfs_mgr] Running /system/bin/fsck.f2fs -a -c 10000 --debug-cache /dev/block/by-name/userdata
[  118.689939][    T1] fsck.f2fs: Info: Automatic fix mode enabled.
[  120.975877][    T1] fsck.f2fs: Info: not exist /proc/version!
[  121.290862][    T1] fsck.f2fs: Info: MKFS version
[  121.326365][    T1] fsck.f2fs:   "6.17.0-1008-gcp"
[  121.330509][    T1] fsck.f2fs: Info: FSCK version
[  121.333370][    T1] fsck.f2fs:   from "6.17.0-1008-gcp"
[  121.336215][    T1] fsck.f2fs:     to "6.12.74-android16-6-g3ec022196c4e-ab15076761-4k"
[  121.344482][    T1] fsck.f2fs: Info: superblock features = 3499 :  encrypt extra_attr project_quota quota verity casefold compression
[  121.372892][    T1] fsck.f2fs: Info: superblock encrypt level = 0, salt = 00000000000000000000000000000000
[  121.380749][    T1] fsck.f2fs: Info: Segments per section = 1
[  121.386534][    T1] fsck.f2fs: Info: Sections per zone = 1
[  121.392389][    T1] fsck.f2fs: Info: total FS sectors = 16777216 (8192 MB)
[  121.967540][    T1] fsck.f2fs: Info: CKPT version = 7847aff1
[  122.123110][    T1] fsck.f2fs: Info: Casefold: linear_lookup [disable]
[  122.206875][    T1] fsck.f2fs: Info: version timestamp cur: 0, prev: 0
[  122.243982][    T1] fsck.f2fs: [update_superblock: 935] Info: Done to update superblock
[  122.567575][    T1] fsck.f2fs: Info: checkpoint state = 81 :  nat_bits unmount
[  122.660064][    T1] fsck.f2fs: Info: No error was reported
[  122.686065][    T1] fsck.f2fs: 
[  122.791305][    T1] fsck.f2fs: c, u, RA, CH, CM, Repl=
[  122.851048][    T1] fsck.f2fs: 10000 10 10 0 10 0
[  123.256534][    T1] init: [libfs_mgr] fsck on /data took 11432ms
[  123.282298][    T1] init: Mount point /dev/block/by-name/userdata @ /data uses metadata encryption, which means we need to unmount it later and call encryptFstab/encrypt_inplace. To avoid file operations before encryption, we will mount it as read-only first
[  123.550153][    T1] F2FS-fs (vda9): Using encoding defined by superblock: utf8-12.1.0 with flags 0x2
[  124.614826][    T1] F2FS-fs (vda9): checkpoint=disable on readonly fs
[  124.722739][  T413] servicemanager: Caller(pid=450,uid=1000,sid=u:r:hal_gatekeeper_default:s0) Found android.hardware.security.sharedsecret.ISharedSecret/gatekeeper in device VINTF manifest.
[  124.921775][  T450] libbinder.BackendUnifiedServiceManager: Thread Pool max thread count is 0. Cannot cache binder as linkToDeath cannot be implemented. serviceName: android.hardware.security.sharedsecret.ISharedSecret/gatekeeper
[  125.042061][    T1] init: [libfs_mgr] Kernel does not support ,nodiscard,checkpoint=disable:0%, trying without.: Invalid argument
[  125.083734][  T413] servicemanager: Caller(pid=450,uid=1000,sid=u:r:hal_gatekeeper_default:s0) Found android.hardware.gatekeeper.IGatekeeper/default in device VINTF manifest.
[  125.116366][  T450] libbinder.BackendUnifiedServiceManager: Thread Pool max thread count is 0. Cannot cache binder as linkToDeath cannot be implemented. serviceName: android.hardware.gatekeeper.IGatekeeper/default
[  125.149073][  T413] servicemanager: Caller(pid=451,uid=9999,sid=u:r:hal_keymint_default:s0) Found android.hardware.security.keymint.IKeyMintDevice/default in device VINTF manifest.
[  125.149198][    T1] F2FS-fs (vda9): Using encoding defined by superblock: utf8-12.1.0 with flags 0x2
[  125.295338][  T413] servicemanager: Caller(pid=451,uid=9999,sid=u:r:hal_keymint_default:s0) Found android.hardware.security.keymint.IRemotelyProvisionedComponent/default in device VINTF manifest.
[  125.663906][    T1] F2FS-fs (vda9): checkpoint=disable on readonly fs
[  125.835205][    T1] init: [libfs_mgr] Kernel does not support ,nodiscard,checkpoint=disable, trying without.: Invalid argument
[  125.915754][  T413] servicemanager: Caller(pid=451,uid=9999,sid=u:r:hal_keymint_default:s0) Found android.hardware.security.secureclock.ISecureClock/default in device VINTF manifest.
[  126.013106][    T1] F2FS-fs (vda9): Using encoding defined by superblock: utf8-12.1.0 with flags 0x2
[  126.372079][  T413] servicemanager: Caller(pid=451,uid=9999,sid=u:r:hal_keymint_default:s0) Found android.hardware.security.sharedsecret.ISharedSecret/default in device VINTF manifest.
[  126.651480][    T1] F2FS-fs (vda9): Mounted with checkpoint version = 7847aff1
[  126.756773][    T1] init: [libfs_mgr] __mount(source=/dev/block/by-name/userdata,target=/data,type=f2fs)=0: Success
[  127.055711][    T1] init: [libfs_mgr] mount_with_alternatives(): skipping fstab dup mountpoint=/data rec[6].fs_type=ext4 already mounted as f2fs
[  127.426100][    T1] init: [libfs_mgr] umount_retry(): unmount(/data) succeeded
[  127.432506][  T413] servicemanager: Caller(pid=445,uid=1017,sid=u:r:keystore:s0) Found android.system.keystore2.IKeystoreService/default in framework VINTF manifest.
[  127.441092][    T1] init: Calling: /system/bin/vdc cryptfs encryptFstab /dev/block/by-name/userdata /data false f2fs false 0  
[  127.542842][  T450] android.hardware.gatekeeper-service.nonsecure: Presented shared secret parameters with seed size 32 and nonce size 32
[  128.021475][  T450] android.hardware.gatekeeper-service.nonsecure: Computing shared secret
[  128.797031][  T463] libbinder.BackendUnifiedServiceManager: Thread Pool max thread count is 0. Cannot cache binder as linkToDeath cannot be implemented. serviceName: vold
[  130.284483][  T428] vold: keystore2 Keystore generateKey returned service specific error: -67
[  130.289035][  T428] vold: Failed to generate rollback-resistant key.  This is expected if keystore doesn't support rollback resistance.  Falling back to non-rollback-resistant key.
[  134.489675][  T428] fsck.f2fs: Info: Automatic fix mode enabled.
[  134.555568][  T428] fsck.f2fs: Info: not exist /proc/version!
[  134.562337][  T428] fsck.f2fs: Info: MKFS version
[  134.565085][  T428] fsck.f2fs:   "6.17.0-1008-gcp"
[  134.566454][  T428] fsck.f2fs: Info: FSCK version
[  134.567373][  T428] fsck.f2fs:   from "6.12.74-android16-6-g3ec022196c4e-ab15076761-4k"
[  134.568806][  T428] fsck.f2fs:     to "6.12.74-android16-6-g3ec022196c4e-ab15076761-4k"
[  134.576240][  T428] fsck.f2fs: Info: superblock features = 3499 :  encrypt extra_attr project_quota quota verity casefold compression
[  134.577997][  T428] fsck.f2fs: Info: superblock encrypt level = 0, salt = 00000000000000000000000000000000
[  134.583401][  T428] fsck.f2fs: [update_superblock: 935] Info: Done to update superblock
[  134.585848][  T428] fsck.f2fs: Info: Segments per section = 1
[  134.586760][  T428] fsck.f2fs: Info: Sections per zone = 1
[  134.587300][  T428] fsck.f2fs: Info: total FS sectors = 2097152 (8192 MB)
[  134.587988][  T428] fsck.f2fs: Info: CKPT version = 7847aff1
[  134.588690][  T428] fsck.f2fs: Info: Casefold: linear_lookup [disable]
[  134.589312][  T428] fsck.f2fs: Info: version timestamp cur: 0, prev: 0
[  134.589874][  T428] fsck.f2fs: [update_superblock: 935] Info: Done to update superblock
[  134.590515][  T428] fsck.f2fs: Info: checkpoint state = 81 :  nat_bits unmount
[  134.591187][  T428] fsck.f2fs: Info: No error was reported
[  134.591874][  T428] fsck.f2fs: 
[  134.592597][  T428] fsck.f2fs: c, u, RA, CH, CM, Repl=
[  134.593153][  T428] fsck.f2fs: 10000 10 10 0 10 0
[  134.625972][  T115] init: Unable to set property 'ro.boottime.init.fsck.data' from uid:0 gid:0 pid:428: Read-only property was already set
[  134.688839][  T428] F2FS-fs (dm-17): Using encoding defined by superblock: utf8-12.1.0 with flags 0x2
[  134.816496][  T428] F2FS-fs (dm-17): Start checkpoint disabled!
[  134.895011][  T428] F2FS-fs (dm-17): f2fs_disable_checkpoint() finish, err:0
[  134.905649][  T428] F2FS-fs (dm-17): Mounted with checkpoint version = 7847aff2
[  134.945767][  T115] init: Unable to set property 'ro.boottime.init.mount.data' from uid:0 gid:0 pid:428: Read-only property was already set
[  135.029723][  T428] libbinder.Binder: Binder transaction to android.os.IVold, function: encryptFstab, code: 41, took 6128ms. Data bytes: 168 Reply bytes: 4 Flags: 48
[  135.336015][    T1] init: Command 'mount_all --late' action=late-fs (/vendor/etc/init/init.cutf_cvm.rc:73) took 28359ms and succeeded
[  135.489333][  T116] GUEST_BUILD_FINGERPRINT: generic/aosp_cf_arm64_only_phone/vsoc_arm64_only:17/CP2A.260605.016/16373615:userdebug/test-keys
[  135.492070][    T1] init: processing action (post-fs-data) from (/system/etc/init/hw/init.rc:663)
[  135.500539][    T1] init: starting service 'exec 6 (/system/bin/vdc checkpoint prepareCheckpoint)'...
[  135.575541][    T1] libprocessgroup: Created cgroup /sys/fs/cgroup/system/uid_1000/pid_474
[  135.599025][    T1] init: ... started service 'exec 6 (/system/bin/vdc checkpoint prepareCheckpoint)' has pid 474
[  135.602207][    T1] init: SVC_EXEC service 'exec 6 (/system/bin/vdc checkpoint prepareCheckpoint)' pid 474 (uid 1000 gid 1000+0 context default) started; waiting...
[  135.607658][    T1] init: Command 'exec - system system -- /system/bin/vdc checkpoint prepareCheckpoint' action=post-fs-data (/system/etc/init/hw/init.rc:666) took 113ms and succeeded
[  135.755195][  T474] libbinder.BackendUnifiedServiceManager: Thread Pool max thread count is 0. Cannot cache binder as linkToDeath cannot be implemented. serviceName: vold
[  135.953762][    T1] init: Service 'exec 6 (/system/bin/vdc checkpoint prepareCheckpoint)' (pid 474) exited with status 0 waiting took 0.378000 seconds
[  135.958182][    T1] init: Sending SIGKILL to service 'exec 6 (/system/bin/vdc checkpoint prepareCheckpoint)' (pid 474) process group...
[  135.967573][    T1] libprocessgroup: Removed cgroup /sys/fs/cgroup/system/uid_1000/pid_474
[  136.142395][    T1] init: starting service 'exec 7 (/system/bin/vdc --wait cryptfs enablefilecrypto)'...
[  136.243790][    T1] libprocessgroup: Created cgroup /sys/fs/cgroup/system/uid_0/pid_476
[  136.272122][    T1] init: ... started service 'exec 7 (/system/bin/vdc --wait cryptfs enablefilecrypto)' has pid 476
[  136.278803][    T1] init: SVC_EXEC service 'exec 7 (/system/bin/vdc --wait cryptfs enablefilecrypto)' pid 476 (uid 0 gid 0+0 context default) started; waiting...
[  136.287430][    T1] init: Command 'installkey /data' action=post-fs-data (/system/etc/init/hw/init.rc:675) took 212ms and succeeded
[  136.450805][  T476] libbinder.BackendUnifiedServiceManager: Thread Pool max thread count is 0. Cannot cache binder as linkToDeath cannot be implemented. serviceName: vold
[  136.747712][  T428] vold: keystore2 Keystore generateKey returned service specific error: -67
[  136.750536][  T428] vold: Failed to generate rollback-resistant key.  This is expected if keystore doesn't support rollback resistance.  Falling back to non-rollback-resistant key.
[  137.002534][    T1] init: Service 'exec 7 (/system/bin/vdc --wait cryptfs enablefilecrypto)' (pid 476) exited with status 0 waiting took 0.775000 seconds
[  137.008069][    T1] init: Sending SIGKILL to service 'exec 7 (/system/bin/vdc --wait cryptfs enablefilecrypto)' (pid 476) process group...
[  137.025480][    T1] libprocessgroup: Removed cgroup /sys/fs/cgroup/system/uid_0/pid_476
[  137.168413][    T1] init: Encryption policy of /data/bootchart set to a91d93d8a7123f97db0fcea106a65389 v2 modes 1/10 flags 0xa
[  137.177461][    T1] init: Command 'mkdir /data/bootchart 0755 shell shell encryption=Require' action=post-fs-data (/system/etc/init/hw/init.rc:679) took 145ms and succeeded
[  137.228344][    T1] fscrypt: AES-256-HCTR2 using implementation "hctr2_base(xctr-aes-ce,polyval-ce)"
[  137.240390][    T1] init: Command 'copy /data/system/entropy.dat /dev/urandom' action=post-fs-data (/system/etc/init/hw/init.rc:683) took 2ms and failed: Could not read input file '/data/system/entropy.dat': open() failed: No such file or directory
[  137.267521][    T1] init: Encryption policy of /data/vendor set to a91d93d8a7123f97db0fcea106a65389 v2 modes 1/10 flags 0xa
[  137.274047][    T1] init: Encryption policy of /data/anr set to a91d93d8a7123f97db0fcea106a65389 v2 modes 1/10 flags 0xa
[  137.276211][    T1] init: Encryption policy of /data/tombstones set to a91d93d8a7123f97db0fcea106a65389 v2 modes 1/10 flags 0xa
[  137.289476][    T1] init: starting service 'tombstoned'...
[  137.300332][    T1] init: Created socket '/dev/socket/tombstoned_crash', mode 666, user 1000, group 1000
[  137.301950][    T1] init: Created socket '/dev/socket/tombstoned_intercept', mode 666, user 1000, group 1000
[  137.303569][    T1] init: Created socket '/dev/socket/tombstoned_java_trace', mode 666, user 1000, group 1000
[  137.389949][    T1] libprocessgroup: Created cgroup /sys/fs/cgroup/system/uid_1058
[  137.399842][    T1] libprocessgroup: Created cgroup /sys/fs/cgroup/system/uid_1058/pid_479
[  137.548404][    T1] init: ... started service 'tombstoned' has pid 479
[  137.558636][    T1] init: Command 'start tombstoned' action=post-fs-data (/system/etc/init/hw/init.rc:693) took 277ms and succeeded
[  137.566084][    T1] init: Command 'enter_default_mount_ns' action=post-fs-data (/system/etc/init/hw/init.rc:696) took 3ms and failed: Failed to switch to default mount namespace.: Invalid argument
[  137.590969][    T1] init: Encryption policy of /data/misc set to a91d93d8a7123f97db0fcea106a65389 v2 modes 1/10 flags 0xa
[  137.618439][    T1] init: starting service 'exec 8 (/system/bin/vdc keymaster earlyBootEnded)'...
[  137.693450][    T1] libprocessgroup: Created cgroup /sys/fs/cgroup/system/uid_1000/pid_480
[  137.736630][    T1] init: ... started service 'exec 8 (/system/bin/vdc keymaster earlyBootEnded)' has pid 480
[  137.741878][    T1] init: SVC_EXEC service 'exec 8 (/system/bin/vdc keymaster earlyBootEnded)' pid 480 (uid 1000 gid 1000+0 context default) started; waiting...
[  137.746589][    T1] init: Command 'exec - system system -- /system/bin/vdc keymaster earlyBootEnded' action=post-fs-data (/system/etc/init/hw/init.rc:715) took 131ms and succeeded
[  138.243447][  T480] libbinder.BackendUnifiedServiceManager: Thread Pool max thread count is 0. Cannot cache binder as linkToDeath cannot be implemented. serviceName: vold
[  139.887536][  T481] fscrypt: AES-256-XTS using blk-crypto-fallback
[  142.592022][  T428] libbinder.Binder: Binder transaction to android.os.IVold, function: earlyBootEnded, code: 68, took 4287ms. Data bytes: 52 Reply bytes: 4 Flags: 48
[  142.662434][    T1] init: Service 'exec 8 (/system/bin/vdc keymaster earlyBootEnded)' (pid 480) exited with status 0 waiting took 4.975000 seconds
[  142.663937][    T1] init: Sending SIGKILL to service 'exec 8 (/system/bin/vdc keymaster earlyBootEnded)' (pid 480) process group...
[  142.677021][    T1] libprocessgroup: Removed cgroup /sys/fs/cgroup/system/uid_1000/pid_480
[  142.744372][    T1] init: Encryption policy of /data/property set to a91d93d8a7123f97db0fcea106a65389 v2 modes 1/10 flags 0xa
[  142.745360][    T1] init: Command 'mkdir /data/property 0700 root root encryption=Require' action=post-fs-data (/system/etc/init/hw/init.rc:721) took 61ms and succeeded
[  142.816617][  T114] init: Could not load single persistent property file, trying legacy directory: Unable to read persistent property file: open() failed: No such file or directory
[  142.886487][  T114] init: Wait for property 'ro.persistent_properties.ready=true' took 113ms
[  142.903476][    T1] init: starting service 'logd-reinit'...
[  142.981721][    T1] libprocessgroup: Created cgroup /sys/fs/cgroup/system/uid_1036/pid_483
[  143.043252][    T1] init: ... started service 'logd-reinit' has pid 483
[  143.049323][    T1] init: Command 'start logd-reinit' action=post-fs-data (/system/etc/init/hw/init.rc:724) took 155ms and succeeded
[  143.067190][    T1] init: Not setting encryption policy on: /data/apex
[  143.110847][    T1] init: Encryption policy of /data/apex/decompressed set to a91d93d8a7123f97db0fcea106a65389 v2 modes 1/10 flags 0xa
[  143.117996][    T1] init: Encryption policy of /data/app-staging set to a91d93d8a7123f97db0fcea106a65389 v2 modes 1/10 flags 0xa
[  143.123921][    T1] init: Encryption policy of /data/apex/ota_reserved set to a91d93d8a7123f97db0fcea106a65389 v2 modes 1/10 flags 0xa
[  143.144050][    T1] init: starting service 'apexd'...
[  143.358410][    T1] libprocessgroup: Created cgroup /sys/fs/cgroup/system/uid_0/pid_484
[  143.482447][    T1] init: ... started service 'apexd' has pid 484
[  143.486770][    T1] init: Command 'restart apexd' action=post-fs-data (/system/etc/init/hw/init.rc:751) took 347ms and succeeded
[  143.553446][  T425] logd: logd reinit
[  143.589505][  T425] logd: Cannot read /data/misc/logd/event-log-tags
[  143.637394][    T1] init: Command 'mkdir /data/misc/recovery 0770 system log' action=post-fs-data (/system/etc/init/hw/init.rc:754) took 102ms and succeeded
[  143.658408][    T1] init: Command 'copy /data/misc/recovery/ro.build.fingerprint /data/misc/recovery/ro.build.fingerprint.1' action=post-fs-data (/system/etc/init/hw/init.rc:755) took 0ms and failed: Could not read input file '/data/misc/recovery/ro.build.fingerprint': open() failed: No such file or directory
[  143.676540][    T1] init: Command 'copy /data/misc/recovery/proc/version /data/misc/recovery/proc/version.1' action=post-fs-data (/system/etc/init/hw/init.rc:762) took 0ms and failed: Could not read input file '/data/misc/recovery/proc/version': open() failed: No such file or directory
[  143.688251][  T425] logd: FrameworkListener: read() failed (Connection reset by peer)
[  143.709739][    T1] init: Service 'logd-reinit' (pid 483) exited with status 0 oneshot service took 0.742000 seconds in background
[  143.714159][    T1] init: Sending SIGKILL to service 'logd-reinit' (pid 483) process group...
[  143.733182][    T1] libprocessgroup: Removed cgroup /sys/fs/cgroup/system/uid_1036/pid_483
[  143.854950][    T1] init: Encryption policy of /data/local set to a91d93d8a7123f97db0fcea106a65389 v2 modes 1/10 flags 0xa
[  143.918180][    T1] init: starting service 'exec 9 (/bin/rm -rf /data/misc/virtualizationservice)'...
[  143.996202][    T1] libprocessgroup: Created cgroup /sys/fs/cgroup/system/uid_1081
[  144.017457][    T1] libprocessgroup: Created cgroup /sys/fs/cgroup/system/uid_1081/pid_485
[  144.055375][    T1] init: ... started service 'exec 9 (/bin/rm -rf /data/misc/virtualizationservice)' has pid 485
[  144.063274][    T1] init: SVC_EXEC service 'exec 9 (/bin/rm -rf /data/misc/virtualizationservice)' pid 485 (uid 1081 gid 1000+0 context default) started; waiting...
[  144.080036][    T1] init: Command 'exec - virtualizationservice system -- /bin/rm -rf /data/misc/virtualizationservice' action=post-fs-data (/system/etc/init/hw/init.rc:844) took 172ms and succeeded
[  144.096481][  T484] apexd: Started. subcommand = (null)
[  144.167867][  T484] libbinder.BackendUnifiedServiceManager: Thread Pool max thread count is 0. Cannot cache binder as linkToDeath cannot be implemented. serviceName: vold
[  144.271480][  T484] apexd: Scanning /system/apex for pre-installed ApexFiles
[  144.288020][  T484] apexd: Found pre-installed APEX /system/apex/com.android.adbd.apex
[  144.290698][  T484] apexd: Found pre-installed APEX /system/apex/com.android.adservices.apex
[  144.294850][  T484] apexd: Found pre-installed APEX /system/apex/com.android.apex.cts.shim.apex
[  144.299725][  T484] apexd: Found pre-installed APEX /system/apex/com.android.appsearch.apex
[  144.302145][  T484] apexd: Found pre-installed APEX /system/apex/com.android.art.apex
[  144.304139][  T484] apexd: Found pre-installed APEX /system/apex/com.android.bt.apex
[  144.307179][  T484] apexd: Found pre-installed APEX /system/apex/com.android.cellbroadcast.apex
[  144.312700][  T484] apexd: Found pre-installed APEX /system/apex/com.android.configinfrastructure.apex
[  144.317114][  T484] apexd: Found pre-installed APEX /system/apex/com.android.conscrypt.apex
[  144.321992][  T484] apexd: Found pre-installed APEX /system/apex/com.android.crashrecovery.apex
[  144.322845][  T484] apexd: Found pre-installed APEX /system/apex/com.android.devicelock.apex
[  144.323313][  T484] apexd: Found pre-installed APEX /system/apex/com.android.extservices.apex
[  144.323872][  T484] apexd: Found pre-installed APEX /system/apex/com.android.healthfitness.apex
[  144.324413][  T484] apexd: Found pre-installed APEX /system/apex/com.android.i18n.apex
[  144.324800][  T484] apexd: Found pre-installed APEX /system/apex/com.android.ipsec.apex
[  144.325233][  T484] apexd: Found pre-installed APEX /system/apex/com.android.media.apex
[  144.325699][  T484] apexd: Found pre-installed APEX /system/apex/com.android.media.swcodec.apex
[  144.328086][  T484] apexd: Found pre-installed APEX /system/apex/com.android.mediaprovider.apex
[  144.335050][  T484] apexd: Found pre-installed APEX /system/apex/com.android.neuralnetworks.apex
[  144.340463][  T484] apexd: Found pre-installed APEX /system/apex/com.android.nfcservices.apex
[  144.344172][  T484] apexd: Found pre-installed APEX /system/apex/com.android.npumanager.apex
[  144.347075][  T484] apexd: Found pre-installed APEX /system/apex/com.android.ondevicepersonalization.apex
[  144.348921][  T484] apexd: Found pre-installed APEX /system/apex/com.android.os.statsd.apex
[  144.349298][  T484] apexd: Found pre-installed APEX /system/apex/com.android.permission.apex
[  144.349814][  T484] apexd: Found pre-installed APEX /system/apex/com.android.profiling.apex
[  144.350210][  T484] apexd: Found pre-installed APEX /system/apex/com.android.resolv.apex
[  144.350684][  T484] apexd: Found pre-installed APEX /system/apex/com.android.rkpd.apex
[  144.351188][  T484] apexd: Found pre-installed APEX /system/apex/com.android.runtime.apex
[  144.351565][  T484] apexd: Found pre-installed APEX /system/apex/com.android.scheduling.apex
[  144.352114][  T484] apexd: Found pre-installed APEX /system/apex/com.android.sdkext.apex
[  144.352711][  T484] apexd: Found pre-installed APEX /system/apex/com.android.telephonycore.apex
[  144.375181][  T484] apexd: Found pre-installed APEX /system/apex/com.android.tethering.apex
[  144.381903][  T484] apexd: Found pre-installed APEX /system/apex/com.android.tzdata.apex
[  144.461239][  T484] apexd: Found pre-installed APEX /system/apex/com.android.uprobestats.apex
[  144.514252][  T484] apexd: Found pre-installed APEX /system/apex/com.android.uwb.apex
[  144.515061][  T484] apexd: Found pre-installed APEX /system/apex/com.android.virt.apex
[  144.515585][  T484] apexd: Found pre-installed APEX /system/apex/com.android.webapp.apex
[  144.516141][  T484] apexd: Found pre-installed APEX /system/apex/com.android.wifi.apex
[  144.516958][  T484] apexd: Scanning /system_ext/apex for pre-installed ApexFiles
[  144.522446][  T484] apexd: Found pre-installed APEX /system_ext/apex/com.android.compos.apex
[  144.523149][  T484] apexd: Found pre-installed APEX /system_ext/apex/com.android.hardware.biometrics.face.virtual.apex
[  144.524893][  T484] apexd: Found pre-installed APEX /system_ext/apex/com.android.hardware.biometrics.fingerprint.virtual.apex
[  144.525575][  T484] apexd: Found pre-installed APEX /system_ext/apex/com.android.vndk.v31.apex
[  144.526082][  T484] apexd: Found pre-installed APEX /system_ext/apex/com.android.vndk.v32.apex
[  144.526524][  T484] apexd: Found pre-installed APEX /system_ext/apex/com.android.vndk.v33.apex
[  144.526991][  T484] apexd: Found pre-installed APEX /system_ext/apex/com.android.vndk.v34.apex
[  144.527406][  T484] apexd: Scanning /product/apex for pre-installed ApexFiles
[  144.528791][  T484] apexd: /product/apex does not exist. Skipping
[  144.529104][  T484] apexd: Scanning /vendor/apex for pre-installed ApexFiles
[  144.533991][  T484] apexd: Found pre-installed APEX /vendor/apex/com.android.hardware.audio.apex
[  144.534439][  T484] apexd: Found pre-installed APEX /vendor/apex/com.android.hardware.authsecret.apex
[  144.534802][  T484] apexd: Found pre-installed APEX /vendor/apex/com.android.hardware.boot.apex
[  144.535333][  T484] apexd: Found pre-installed APEX /vendor/apex/com.android.hardware.cas.apex
[  144.535832][  T484] apexd: Found pre-installed APEX /vendor/apex/com.android.hardware.contexthub.apex
[  144.536569][  T484] apexd: Found pre-installed APEX /vendor/apex/com.android.hardware.drm.clearkey.apex
[  144.537175][  T484] apexd: Found pre-installed APEX /vendor/apex/com.android.hardware.dumpstate.apex
[  144.574836][  T484] apexd: Found pre-installed APEX /vendor/apex/com.android.hardware.gatekeeper.cf_remote.apex
[  144.583994][  T484] apexd: Found pre-installed APEX /vendor/apex/com.android.hardware.gatekeeper.nonsecure.apex
[  144.590261][  T484] apexd: Found pre-installed APEX /vendor/apex/com.android.hardware.gnss.apex
[  144.595782][  T484] apexd: Found pre-installed APEX /vendor/apex/com.android.hardware.graphics.composer.drm_hwcomposer.apex
[  144.603818][  T484] apexd: Found pre-installed APEX /vendor/apex/com.android.hardware.graphics.composer.ranchu.apex
[  144.615355][  T484] apexd: Found pre-installed APEX /vendor/apex/com.android.hardware.input.processor.apex
[  144.618013][    T1] init: Service 'exec 9 (/bin/rm -rf /data/misc/virtualizationservice)' (pid 485) exited with status 0 waiting took 0.622000 seconds
[  144.618753][  T484] apexd: Found pre-installed APEX /vendor/apex/com.android.hardware.keymint.rust_cf_guest_trusty_nonsecure.apex
[  144.620537][    T1] init: Sending SIGKILL to service 'exec 9 (/bin/rm -rf /data/misc/virtualizationservice)' (pid 485) process group...
[  144.621485][  T484] apexd: Found pre-installed APEX /vendor/apex/com.android.hardware.keymint.rust_cf_remote.apex
[  144.627734][  T484] apexd: Found pre-installed APEX /vendor/apex/com.android.hardware.keymint.rust_nonsecure.apex
[  144.635734][  T484] apexd: Found pre-installed APEX /vendor/apex/com.android.hardware.memtrack.apex
[  144.636941][    T1] libprocessgroup: Removed cgroup /sys/fs/cgroup/system/uid_1081/pid_485
[  144.637498][  T484] apexd: Found pre-installed APEX /vendor/apex/com.android.hardware.net.nlinterceptor.apex
[  144.646742][  T484] apexd: Found pre-installed APEX /vendor/apex/com.android.hardware.neuralnetworks.apex
[  144.658075][  T484] apexd: Found pre-installed APEX /vendor/apex/com.android.hardware.power.apex
[  144.664177][  T484] apexd: Found pre-installed APEX /vendor/apex/com.android.hardware.rebootescrow.apex
[  144.672113][  T484] apexd: Found pre-installed APEX /vendor/apex/com.android.hardware.secure_element.apex
[  144.675443][    T1] init: Not setting encryption policy on: /data/preloads
[  144.676504][  T484] apexd: Found pre-installed APEX /vendor/apex/com.android.hardware.security.authgraph.apex
[  144.680884][  T484] apexd: Found pre-installed APEX /vendor/apex/com.android.hardware.security.secretkeeper.apex
[  144.685754][  T484] apexd: Found pre-installed APEX /vendor/apex/com.android.hardware.tetheroffload.apex
[  144.689971][    T1] init: Encryption policy of /data/app-private set to a91d93d8a7123f97db0fcea106a65389 v2 modes 1/10 flags 0xa
[  144.690464][  T484] apexd: Found pre-installed APEX /vendor/apex/com.android.hardware.thermal.apex
[  144.692753][    T1] init: Encryption policy of /data/app-ephemeral set to a91d93d8a7123f97db0fcea106a65389 v2 modes 1/10 flags 0xa
[  144.693043][  T484] apexd: Found pre-installed APEX /vendor/apex/com.android.hardware.threadnetwork.apex
[  144.694781][    T1] init: Encryption policy of /data/app-asec set to a91d93d8a7123f97db0fcea106a65389 v2 modes 1/10 flags 0xa
[  144.695358][  T484] apexd: Found pre-installed APEX /vendor/apex/com.android.hardware.usb.apex
[  144.696912][    T1] init: Encryption policy of /data/app-lib set to a91d93d8a7123f97db0fcea106a65389 v2 modes 1/10 flags 0xa
[  144.697097][  T484] apexd: Found pre-installed APEX /vendor/apex/com.android.hardware.uwb.apex
[  144.698917][    T1] init: Encryption policy of /data/app set to a91d93d8a7123f97db0fcea106a65389 v2 modes 1/10 flags 0xa
[  144.699149][  T484] apexd: Found pre-installed APEX /vendor/apex/com.android.hardware.vibrator.apex
[  144.701604][    T1] init: Encryption policy of /data/app-metadata set to a91d93d8a7123f97db0fcea106a65389 v2 modes 1/10 flags 0xa
[  144.702050][  T484] apexd: Found pre-installed APEX /vendor/apex/com.android.hardware.wifi.apex
[  144.703152][    T1] init: Encryption policy of /data/fonts set to a91d93d8a7123f97db0fcea106a65389 v2 modes 1/10 flags 0xa
[  144.703523][  T484] apexd: Found pre-installed APEX /vendor/apex/com.google.cf.bt.apex
[  144.707562][  T484] apexd: Found pre-installed APEX /vendor/apex/com.google.cf.confirmationui.apex
[  144.709992][  T484] apexd: Found pre-installed APEX /vendor/apex/com.google.cf.disabled.apex
[  144.711206][    T1] init: Encryption policy of /data/dalvik-cache set to a91d93d8a7123f97db0fcea106a65389 v2 modes 1/10 flags 0xa
[  144.711803][  T484] apexd: Found pre-installed APEX /vendor/apex/com.google.cf.gralloc.apex
[  144.724890][    T1] init: Encryption policy of /data/ota set to a91d93d8a7123f97db0fcea106a65389 v2 modes 1/10 flags 0xa
[  144.725778][  T484] apexd: Found pre-installed APEX /vendor/apex/com.google.cf.health.apex
[  144.750303][    T1] init: Encryption policy of /data/ota_package set to a91d93d8a7123f97db0fcea106a65389 v2 modes 1/10 flags 0xa
[  144.752953][  T484] apexd: Found pre-installed APEX /vendor/apex/com.google.cf.identity.apex
[  144.754640][    T1] init: Encryption policy of /data/resource-cache set to a91d93d8a7123f97db0fcea106a65389 v2 modes 1/10 flags 0xa
[  144.754755][  T484] apexd: Found pre-installed APEX /vendor/apex/com.google.cf.input.config.apex
[  144.754756][  T484] apexd: Found pre-installed APEX /vendor/apex/com.google.cf.ir.apex
[  144.754757][  T484] apexd: Found pre-installed APEX /vendor/apex/com.google.cf.light.apex
[  144.754758][  T484] apexd: Found pre-installed APEX /vendor/apex/com.google.cf.nfc.apex
[  144.754758][  T484] apexd: Found pre-installed APEX /vendor/apex/com.google.cf.oemlock.apex
[  144.754759][  T484] apexd: Found pre-installed APEX /vendor/apex/com.google.cf.rild.apex
[  144.754760][  T484] apexd: Found pre-installed APEX /vendor/apex/com.google.cf.vulkan.apex
[  144.754760][  T484] apexd: Found pre-installed APEX /vendor/apex/com.google.cf.wifi.apex
[  144.754761][  T484] apexd: Found pre-installed APEX /vendor/apex/com.google.cf.wpa_supplicant.apex
[  144.754762][  T484] apexd: Found pre-installed APEX /vendor/apex/com.google.emulated.camera.provider.hal.apex
[  144.754763][  T484] apexd: Found pre-installed APEX /vendor/apex/com.google.emulated.camera.provider.hal.v4l2.apex
[  144.754880][  T484] apexd: Scanning /odm/apex for pre-installed ApexFiles
[  144.756018][    T1] init: Not setting encryption policy on: /data/lost+found
[  144.757179][  T484] apexd: /odm/apex does not exist. Skipping
[  144.760512][    T1] init: Encryption policy of /data/drm set to a91d93d8a7123f97db0fcea106a65389 v2 modes 1/10 flags 0xa
[  144.919322][    T1] init: Command 'mkdir /data/drm 0770 drm drm encryption=Require' action=post-fs-data (/system/etc/init/hw/init.rc:902) took 160ms and succeeded
[  145.046364][    T1] init: Encryption policy of /data/mediadrm set to a91d93d8a7123f97db0fcea106a65389 v2 modes 1/10 flags 0xa
[  145.108306][    T1] init: Command 'mkdir /data/mediadrm 0770 mediadrm mediadrm encryption=Require' action=post-fs-data (/system/etc/init/hw/init.rc:906) took 174ms and succeeded
[  145.210095][    T1] init: Encryption policy of /data/nfc set to a91d93d8a7123f97db0fcea106a65389 v2 modes 1/10 flags 0xa
[  145.240966][    T1] init: Command 'mkdir /data/nfc 0770 nfc nfc encryption=Require' action=post-fs-data (/system/etc/init/hw/init.rc:909) took 66ms and succeeded
[  145.257951][    T1] init: Encryption policy of /data/backup set to a91d93d8a7123f97db0fcea106a65389 v2 modes 1/10 flags 0xa
[  145.267542][    T1] init: Encryption policy of /data/ss set to a91d93d8a7123f97db0fcea106a65389 v2 modes 1/10 flags 0xa
[  145.276840][    T1] init: Encryption policy of /data/system set to a91d93d8a7123f97db0fcea106a65389 v2 modes 1/10 flags 0xa
[  145.306646][    T1] init: Not setting encryption policy on: /data/media
[  145.322413][    T1] init: Not setting encryption policy on: /data/misc_ce
[  145.333548][    T1] init: Not setting encryption policy on: /data/misc_de
[  145.334581][    T1] init: Not setting encryption policy on: /data/system_ce
[  145.337091][    T1] init: Not setting encryption policy on: /data/system_de
[  145.340244][    T1] init: Not setting encryption policy on: /data/user
[  145.344850][    T1] init: Not setting encryption policy on: /data/user_de
[  145.350324][    T1] init: Not setting encryption policy on: /data/vendor_ce
[  145.354607][    T1] init: Not setting encryption policy on: /data/vendor_de
[  145.357455][    T1] init: Not setting encryption policy on: /data/storage_area
[  145.371409][    T1] init: starting service 'casefolding_remover'...
[  145.416237][  T484] apexd: Skipping APEX at path /vendor/apex/com.android.hardware.gatekeeper.cf_remote.apex because it does not match expected multi-install APEX property for com.android.hardware.gatekeeper
[  145.427765][  T484] apexd: Skipping APEX at path /vendor/apex/com.android.hardware.graphics.composer.drm_hwcomposer.apex because it does not match expected multi-install APEX property for com.android.hardware.graphics.composer
[  145.438777][  T484] apexd: Skipping APEX at path /vendor/apex/com.android.hardware.keymint.rust_cf_guest_trusty_nonsecure.apex because it does not match expected multi-install APEX property for com.android.hardware.keymint
[  145.448822][  T484] apexd: Skipping APEX at path /vendor/apex/com.android.hardware.keymint.rust_cf_remote.apex because it does not match expected multi-install APEX property for com.android.hardware.keymint
[  145.452540][    T1] libprocessgroup: Created cgroup /sys/fs/cgroup/system/uid_1023
[  145.452836][  T484] apexd: Skipping APEX at path /vendor/apex/com.google.cf.disabled.apex because it's disabled via sysprop.
[  145.456793][  T484] apexd: Skipping APEX at path /vendor/apex/com.google.emulated.camera.provider.hal.v4l2.apex because it does not match expected multi-install APEX property for com.google.emulated.camera.provider.hal
[  145.462769][    T1] libprocessgroup: Created cgroup /sys/fs/cgroup/system/uid_1023/pid_579
[  145.463894][  T484] apexd: Successfully scanned 87 preinstalled APEXes duration=1194ms
[  145.478594][  T484] apexd: Populating APEX database from mounts...
[  145.565253][  T484] apexd: Found "/apex/com.android.virt@370399999" backed by file /system/apex/com.android.virt.apex
[  145.638518][  T484] apexd: Found "/apex/com.google.cf.confirmationui@1" backed by file /vendor/apex/com.google.cf.confirmationui.apex
[  145.653198][  T484] apexd: Found "/apex/com.google.cf.wpa_supplicant@1" backed by file /vendor/apex/com.google.cf.wpa_supplicant.apex
[  145.669574][  T484] apexd: Found "/apex/com.android.hardware.audio@1" backed by file /vendor/apex/com.android.hardware.audio.apex
[  145.686682][  T484] apexd: Found "/apex/com.android.hardware.tetheroffload@1" backed by file /vendor/apex/com.android.hardware.tetheroffload.apex
[  145.690645][    T1] init: ... started service 'casefolding_remover' has pid 579
[  145.693390][  T484] apexd: Found "/apex/com.google.cf.wifi@1" backed by file /vendor/apex/com.google.cf.wifi.apex
[  145.697350][    T1] init: Command 'start casefolding_remover' action=post-fs-data (/system/etc/init/hw/init.rc:960) took 337ms and succeeded
[  145.699498][  T484] apexd: Found "/apex/com.android.hardware.usb@1" backed by file /vendor/apex/com.android.hardware.usb.apex
[  145.708198][  T484] apexd: Found "/apex/com.android.devicelock@1" backed by file /system/apex/com.android.devicelock.apex
[  145.710420][  T484] apexd: Found "/apex/com.android.profiling@370399999" backed by file /system/apex/com.android.profiling.apex
[  145.713163][  T484] apexd: Found "/apex/com.android.appsearch@370399999" backed by file /system/apex/com.android.appsearch.apex
[  145.716000][  T484] apexd: Found "/apex/com.android.vndk.v34@1" backed by file /system_ext/apex/com.android.vndk.v34.apex
[  145.718123][  T484] apexd: Found "/apex/com.android.i18n@1" backed by file /system/apex/com.android.i18n.apex
[  145.728944][  T484] apexd: Found "/apex/com.android.tethering@370399999" backed by file /system/apex/com.android.tethering.apex
[  145.745203][  T484] apexd: Found "/apex/com.android.hardware.security.secretkeeper@1" backed by file /vendor/apex/com.android.hardware.security.secretkeeper.apex
[  145.757529][  T484] apexd: Found "/apex/com.android.hardware.authsecret@1" backed by file /vendor/apex/com.android.hardware.authsecret.apex
[  145.772067][  T484] apexd: Found "/apex/com.android.hardware.cas@1" backed by file /vendor/apex/com.android.hardware.cas.apex
[  145.777939][  T484] apexd: Found "/apex/com.android.npumanager@370399999" backed by file /system/apex/com.android.npumanager.apex
[  145.780686][  T484] apexd: Found "/apex/com.android.compos@370399999" backed by file /system_ext/apex/com.android.compos.apex
[  145.783282][  T484] apexd: Found "/apex/com.android.conscrypt@370399999" backed by file /system/apex/com.android.conscrypt.apex
[  145.786863][  T484] apexd: Found "/apex/com.android.hardware.power@1" backed by file /vendor/apex/com.android.hardware.power.apex
[  145.789179][  T484] apexd: Found "/apex/com.android.os.statsd@370399999" backed by file /system/apex/com.android.os.statsd.apex
[  145.791310][  T484] apexd: Found "/apex/com.android.art@370399999" backed by file /system/apex/com.android.art.apex
[  145.793613][  T484] apexd: Found "/apex/com.android.uprobestats@370399999" backed by file /system/apex/com.android.uprobestats.apex
[  145.795782][  T484] apexd: Found "/apex/com.android.vndk.v31@1" backed by file /system_ext/apex/com.android.vndk.v31.apex
[  145.802224][  T484] apexd: Found "/apex/com.android.runtime@1" backed by file /system/apex/com.android.runtime.apex
[  145.811037][  T484] apexd: Found "/apex/com.android.hardware.memtrack@1" backed by file /vendor/apex/com.android.hardware.memtrack.apex
[  145.821181][  T484] apexd: Found "/apex/com.android.adbd@370399999" backed by file /system/apex/com.android.adbd.apex
[  145.826257][  T484] apexd: Found "/apex/com.android.neuralnetworks@370399999" backed by file /system/apex/com.android.neuralnetworks.apex
[  145.843091][  T484] apexd: Found "/apex/com.android.rkpd@370399999" backed by file /system/apex/com.android.rkpd.apex
[  145.851077][  T484] apexd: Found "/apex/com.android.hardware.security.authgraph@1" backed by file /vendor/apex/com.android.hardware.security.authgraph.apex
[  145.857942][  T484] apexd: Found "/apex/com.android.hardware.drm.clearkey@1" backed by file /vendor/apex/com.android.hardware.drm.clearkey.apex
[  145.867234][  T484] apexd: Found "/apex/com.android.apex.cts.shim@1" backed by file /system/apex/com.android.apex.cts.shim.apex
[  145.875087][  T484] apexd: Found "/apex/com.android.cellbroadcast@370399999" backed by file /system/apex/com.android.cellbroadcast.apex
[  145.883485][  T484] apexd: Found "/apex/com.google.cf.input.config@1" backed by file /vendor/apex/com.google.cf.input.config.apex
[  145.891395][  T484] apexd: Found "/apex/com.android.scheduling@370399999" backed by file /system/apex/com.android.scheduling.apex
[  145.901945][  T484] apexd: Found "/apex/com.google.cf.vulkan@1" backed by file /vendor/apex/com.google.cf.vulkan.apex
[  145.904410][  T484] apexd: Found "/apex/com.google.cf.identity@1" backed by file /vendor/apex/com.google.cf.identity.apex
[  145.906584][  T484] apexd: Found "/apex/com.android.uwb@370399999" backed by file /system/apex/com.android.uwb.apex
[  145.908406][  T484] apexd: Found "/apex/com.android.media@370399999" backed by file /system/apex/com.android.media.apex
[  145.910202][  T484] apexd: Found "/apex/com.google.cf.bt@1" backed by file /vendor/apex/com.google.cf.bt.apex
[  145.913561][  T484] apexd: Found "/apex/com.android.hardware.biometrics.face.virtual@2" backed by file /system_ext/apex/com.android.hardware.biometrics.face.virtual.apex
[  145.915939][  T484] apexd: Found "/apex/com.android.wifi@370399999" backed by file /system/apex/com.android.wifi.apex
[  145.917880][  T484] apexd: Found "/apex/com.android.vndk.v33@1" backed by file /system_ext/apex/com.android.vndk.v33.apex
[  145.921319][  T484] apexd: Found "/apex/com.android.hardware.neuralnetworks@1" backed by file /vendor/apex/com.android.hardware.neuralnetworks.apex
[  145.922550][  T484] apexd: Found "/apex/com.google.cf.gralloc@1" backed by file /vendor/apex/com.google.cf.gralloc.apex
[  145.924607][  T484] apexd: Found "/apex/com.android.hardware.secure_element@1" backed by file /vendor/apex/com.android.hardware.secure_element.apex
[  145.926385][  T484] apexd: Found "/apex/com.android.crashrecovery@370399999" backed by file /system/apex/com.android.crashrecovery.apex
[  145.928021][  T484] apexd: Found "/apex/com.google.cf.health@1" backed by file /vendor/apex/com.google.cf.health.apex
[  145.930411][  T484] apexd: Found "/apex/com.android.resolv@370399999" backed by file /system/apex/com.android.resolv.apex
[  145.932696][  T484] apexd: Found "/apex/com.android.mediaprovider@370399999" backed by file /system/apex/com.android.mediaprovider.apex
[  145.935022][  T484] apexd: Found "/apex/com.android.hardware.input.processor@1" backed by file /vendor/apex/com.android.hardware.input.processor.apex
[  145.937681][  T484] apexd: Found "/apex/com.android.hardware.gnss@1" backed by file /vendor/apex/com.android.hardware.gnss.apex
[  145.944233][  T484] apexd: Found "/apex/com.android.hardware.gatekeeper@1" backed by file /vendor/apex/com.android.hardware.gatekeeper.nonsecure.apex
[  145.946389][  T484] apexd: Found "/apex/com.android.hardware.wifi@1" backed by file /vendor/apex/com.android.hardware.wifi.apex
[  145.953276][  T484] apexd: Found "/apex/com.android.hardware.dumpstate@1" backed by file /vendor/apex/com.android.hardware.dumpstate.apex
[  145.955841][  T484] apexd: Found "/apex/com.android.hardware.keymint@1" backed by file /vendor/apex/com.android.hardware.keymint.rust_nonsecure.apex
[  145.958677][  T484] apexd: Found "/apex/com.android.hardware.graphics.composer@1" backed by file /vendor/apex/com.android.hardware.graphics.composer.ranchu.apex
[  145.967489][  T484] apexd: Found "/apex/com.android.hardware.contexthub@1" backed by file /vendor/apex/com.android.hardware.contexthub.apex
[  145.978165][  T484] apexd: Found "/apex/com.android.hardware.vibrator@1" backed by file /vendor/apex/com.android.hardware.vibrator.apex
[  145.981084][  T484] apexd: Found "/apex/com.android.telephonycore@370399999" backed by file /system/apex/com.android.telephonycore.apex
[  145.982572][  T484] apexd: Found "/apex/com.android.sdkext@370399999" backed by file /system/apex/com.android.sdkext.apex
[  145.984198][  T484] apexd: Found "/apex/com.android.hardware.rebootescrow@1" backed by file /vendor/apex/com.android.hardware.rebootescrow.apex
[  145.992405][  T484] apexd: Found "/apex/com.android.media.swcodec@370399999" backed by file /system/apex/com.android.media.swcodec.apex
[  145.998914][  T484] apexd: Found "/apex/com.google.cf.nfc@1" backed by file /vendor/apex/com.google.cf.nfc.apex
[  146.005335][  T484] apexd: Found "/apex/com.google.emulated.camera.provider.hal@1" backed by file /vendor/apex/com.google.emulated.camera.provider.hal.apex
[  146.010967][  T484] apexd: Found "/apex/com.android.configinfrastructure@370399999" backed by file /system/apex/com.android.configinfrastructure.apex
[  146.016287][  T484] apexd: Found "/apex/com.android.webapp@370399999" backed by file /system/apex/com.android.webapp.apex
[  146.019422][  T484] apexd: Found "/apex/com.android.ipsec@370399999" backed by file /system/apex/com.android.ipsec.apex
[  146.021769][  T484] apexd: Found "/apex/com.android.hardware.net.nlinterceptor@1" backed by file /vendor/apex/com.android.hardware.net.nlinterceptor.apex
[  146.026976][  T484] apexd: Found "/apex/com.android.permission@370399999" backed by file /system/apex/com.android.permission.apex
[  146.036327][  T484] apexd: Found "/apex/com.android.hardware.threadnetwork@1" backed by file /vendor/apex/com.android.hardware.threadnetwork.apex
[  146.047077][  T484] apexd: Found "/apex/com.android.hardware.thermal@1" backed by file /vendor/apex/com.android.hardware.thermal.apex
[  146.057003][  T484] apexd: Found "/apex/com.android.hardware.uwb@1" backed by file /vendor/apex/com.android.hardware.uwb.apex
[  146.062157][  T484] apexd: Found "/apex/com.android.bt@370399999" backed by file /system/apex/com.android.bt.apex
[  146.068149][  T484] apexd: Found "/apex/com.android.adservices@370399999" backed by file /system/apex/com.android.adservices.apex
[  146.075687][  T484] apexd: Found "/apex/com.android.hardware.biometrics.fingerprint.virtual@1" backed by file /system_ext/apex/com.android.hardware.biometrics.fingerprint.virtual.apex
[  146.105960][  T484] apexd: Found "/apex/com.android.healthfitness@370399999" backed by file /system/apex/com.android.healthfitness.apex
[  146.158538][  T484] apexd: Found "/apex/com.android.hardware.ir@1" backed by file /vendor/apex/com.google.cf.ir.apex
[  146.211517][  T484] apexd: Found "/apex/com.android.tzdata@370399999" backed by file /system/apex/com.android.tzdata.apex
[  146.222628][  T484] apexd: Found "/apex/com.google.cf.oemlock@1" backed by file /vendor/apex/com.google.cf.oemlock.apex
[  146.237172][  T484] apexd: Found "/apex/com.android.ondevicepersonalization@370399999" backed by file /system/apex/com.android.ondevicepersonalization.apex
[  146.247458][  T484] apexd: Found "/apex/com.android.hardware.boot@1" backed by file /vendor/apex/com.android.hardware.boot.apex
[  146.358461][  T484] apexd: Found "/apex/com.google.cf.rild@1" backed by file /vendor/apex/com.google.cf.rild.apex
[  146.373711][  T484] apexd: Found "/apex/com.google.cf.light@1" backed by file /vendor/apex/com.google.cf.light.apex
[  146.376342][  T484] apexd: Found "/apex/com.android.extservices@370399999" backed by file /system/apex/com.android.extservices.apex
[  146.379065][  T484] apexd: Found "/apex/com.android.nfcservices@370399999" backed by file /system/apex/com.android.nfcservices.apex
[  146.381275][  T484] apexd: Found "/apex/com.android.vndk.v32@1" backed by file /system_ext/apex/com.android.vndk.v32.apex
[  146.385527][  T484] apexd: 87 packages restored.
[  146.410101][  T484] apexd: Marking APEXd as starting
[  146.477898][  T115] init: Wait for property 'ro.casefolding.adjusted=1' took 768ms
[  146.543277][    T1] init: Command 'mount tmpfs tmpfs /data_mirror nodev noexec nosuid mode=0700,uid=0,gid=1000' action=post-fs-data (/system/etc/init/hw/init.rc:966) took 55ms and succeeded
[  146.588696][  T484] apexd: OnStart done, duration=168
[  146.620066][  T484] libbinder.AidlLazyServiceRegistrar: Registering service apexservice
[  146.777735][  T484] apexd: Marking APEXd as activated
[  146.849753][    T1] init: Service 'casefolding_remover' (pid 579) exited with status 0 oneshot service took 1.396000 seconds in background
[  146.850742][  T413] servicemanager: Notifying apexservice they do (previously: don't) have clients when service is guaranteed to be in use
[  146.852302][    T1] init: Sending SIGKILL to service 'casefolding_remover' (pid 579) process group...
[  146.904747][  T580] libbinder.AidlLazyServiceRegistrar: Process has 1 (of 1 available) client(s) in use after notification apexservice has clients: 1
[  146.940597][  T580] libbinder.AidlLazyServiceRegistrar: Shutdown prevented by forcePersist override flag.
[  147.042930][    T1] libprocessgroup: Removed cgroup /sys/fs/cgroup/system/uid_1023/pid_579
[  147.169512][  T580] apexd: getActivePackages received by ApexService
[  147.995195][    T1] init: Encryption policy of /data/cache set to a91d93d8a7123f97db0fcea106a65389 v2 modes 1/10 flags 0xa
[  148.000168][    T1] init: Command 'mkdir /data/cache 0770 system cache encryption=Require' action=post-fs-data (/system/etc/init/hw/init.rc:1001) took 201ms and succeeded
[  148.181150][    T1] init: Command 'mkdir /data/cache/recovery 0770 system cache' action=post-fs-data (/system/etc/init/hw/init.rc:1002) took 152ms and succeeded
[  148.301804][    T1] init: Encryption policy of /data/rollback set to a91d93d8a7123f97db0fcea106a65389 v2 modes 1/10 flags 0xa
[  148.303441][    T1] init: Encryption policy of /data/rollback-observer set to a91d93d8a7123f97db0fcea106a65389 v2 modes 1/10 flags 0xa
[  148.304712][    T1] init: Encryption policy of /data/rollback-history set to a91d93d8a7123f97db0fcea106a65389 v2 modes 1/10 flags 0xa
[  148.306537][    T1] init: Encryption policy of /data/incremental set to a91d93d8a7123f97db0fcea106a65389 v2 modes 1/10 flags 0xa
[  148.457358][    T1] init: start_waiting_for_property("apexd.status", "activated"): already set
[  148.457818][    T1] init: start_waiting_for_property("keystore.module_hash.sent", "true"): already set
[  148.508719][    T1] init: starting service 'system_aconfigd_socket_service'...
[  148.512745][    T1] init: Created socket '/dev/socket/aconfigd_system', mode 666, user 1000, group 1000
[  148.609439][    T1] libprocessgroup: Created cgroup /sys/fs/cgroup/system/uid_1000/pid_582
[  148.655751][    T1] init: ... started service 'system_aconfigd_socket_service' has pid 582
[  148.657855][    T1] init: Command 'start system_aconfigd_socket_service' action=post-fs-data (/system/etc/init/hw/init.rc:1033) took 154ms and succeeded
[  148.703260][    T1] init: starting service 'mainline_aconfigd_init'...
[  148.768394][    T1] libprocessgroup: Created cgroup /sys/fs/cgroup/system/uid_1000/pid_583
[  148.821623][    T1] init: ... started service 'mainline_aconfigd_init' has pid 583
[  148.827188][    T1] init: SVC_EXEC service 'mainline_aconfigd_init' pid 583 (uid 1000 gid 1000+0 context default) started; waiting...
[  148.832384][    T1] init: Command 'exec_start mainline_aconfigd_init' action=post-fs-data (/system/etc/init/hw/init.rc:1034) took 167ms and succeeded
[  149.399294][    T1] init: Service 'system_aconfigd_socket_service' (pid 582) exited with status 0 oneshot service took 0.780000 seconds in background
[  149.403378][    T1] init: Sending SIGKILL to service 'system_aconfigd_socket_service' (pid 582) process group...
[  149.437095][    T1] libprocessgroup: Removed cgroup /sys/fs/cgroup/system/uid_1000/pid_582
[  150.953316][  T413] servicemanager: Notifying apexservice they don't (previously: do) have clients when we now have no record of a client
[  150.977316][  T580] libbinder.AidlLazyServiceRegistrar: Process has 0 (of 1 available) client(s) in use after notification apexservice has clients: 0
[  150.979159][  T580] libbinder.AidlLazyServiceRegistrar: Shutdown prevented by forcePersist override flag.
[  152.081506][    T1] init: Service 'mainline_aconfigd_init' (pid 583) exited with status 0 waiting took 3.310000 seconds
[  152.085824][    T1] init: Sending SIGKILL to service 'mainline_aconfigd_init' (pid 583) process group...
[  152.113681][    T1] libprocessgroup: Removed cgroup /sys/fs/cgroup/system/uid_1000/pid_583
[  152.206445][    T1] init: starting service 'mainline_aconfigd_socket_service'...
[  152.230783][    T1] init: Created socket '/dev/socket/aconfigd_mainline', mode 666, user 1000, group 1000
[  152.326354][    T1] libprocessgroup: Created cgroup /sys/fs/cgroup/system/uid_1000/pid_584
[  152.379729][    T1] init: ... started service 'mainline_aconfigd_socket_service' has pid 584
[  152.385337][    T1] init: Command 'start mainline_aconfigd_socket_service' action=post-fs-data (/system/etc/init/hw/init.rc:1035) took 229ms and succeeded
[  152.451540][    T1] init: Command 'mkdir /data/misc/bootanim 0755 system system' action=post-fs-data (/system/etc/init/hw/init.rc:1038) took 55ms and succeeded
[  152.478910][    T1] init: starting service 'derive_sdk'...
[  152.535087][    T1] libprocessgroup: Created cgroup /sys/fs/cgroup/system/uid_9999/pid_585
[  152.572617][    T1] init: ... started service 'derive_sdk' has pid 585
[  152.577412][    T1] init: SVC_EXEC service 'derive_sdk' pid 585 (uid 9999 gid 9999+0 context default) started; waiting...
[  152.584446][    T1] init: Command 'exec_start derive_sdk' action=post-fs-data (/system/etc/init/hw/init.rc:1040) took 128ms and succeeded
[  152.596350][    T1] init: Service 'mainline_aconfigd_socket_service' (pid 584) exited with status 0 oneshot service took 0.287000 seconds in background
[  152.598720][    T1] init: Sending SIGKILL to service 'mainline_aconfigd_socket_service' (pid 584) process group...
[  152.600639][    T1] libprocessgroup: Removed cgroup /sys/fs/cgroup/system/uid_1000/pid_584
[  153.087555][    T1] init: Service 'derive_sdk' (pid 585) exited with status 0 waiting took 0.560000 seconds
[  153.090351][    T1] init: Sending SIGKILL to service 'derive_sdk' (pid 585) process group...
[  153.111215][    T1] libprocessgroup: Removed cgroup /sys/fs/cgroup/system/uid_9999/pid_585
[  153.134534][    T1] init: starting service 'exec 10 (/system/bin/vdc --wait cryptfs init_user0)'...
[  153.276625][    T1] libprocessgroup: Created cgroup /sys/fs/cgroup/system/uid_0/pid_586
[  153.297634][    T1] init: ... started service 'exec 10 (/system/bin/vdc --wait cryptfs init_user0)' has pid 586
[  153.302943][    T1] init: SVC_EXEC service 'exec 10 (/system/bin/vdc --wait cryptfs init_user0)' pid 586 (uid 0 gid 0+0 context default) started; waiting...
[  153.313762][    T1] init: Command 'init_user0' action=post-fs-data (/system/etc/init/hw/init.rc:1042) took 189ms and succeeded
[  153.479685][  T586] libbinder.BackendUnifiedServiceManager: Thread Pool max thread count is 0. Cannot cache binder as linkToDeath cannot be implemented. serviceName: vold
[  153.736976][  T428] vold: keystore2 Keystore generateKey returned service specific error: -67
[  153.738571][  T428] vold: Failed to generate rollback-resistant key.  This is expected if keystore doesn't support rollback resistance.  Falling back to non-rollback-resistant key.
[  155.133778][    T1] init: Service 'exec 10 (/system/bin/vdc --wait cryptfs init_user0)' (pid 586) exited with status 0 waiting took 1.862000 seconds
[  155.137785][    T1] init: Sending SIGKILL to service 'exec 10 (/system/bin/vdc --wait cryptfs init_user0)' (pid 586) process group...
[  155.158013][    T1] libprocessgroup: Removed cgroup /sys/fs/cgroup/system/uid_0/pid_586
[  155.292392][    T1] selinux: SELinux: Skipping restorecon on directory(/data/system/shutdown-checkpoints)
[  155.314768][    T1] init: Command 'restorecon --recursive --skip-ce /data' action=post-fs-data (/system/etc/init/hw/init.rc:1045) took 150ms and succeeded
[  155.326683][    T1] init: starting service 'derive_classpath'...
[  155.399449][    T1] libprocessgroup: Created cgroup /sys/fs/cgroup/system/uid_1000/pid_590
[  155.461018][    T1] init: ... started service 'derive_classpath' has pid 590
[  155.463155][    T1] init: SVC_EXEC service 'derive_classpath' pid 590 (uid 1000 gid 1000+1 context default) started; waiting...
[  155.465967][    T1] init: Command 'exec_start derive_classpath' action=post-fs-data (/system/etc/init/hw/init.rc:1049) took 150ms and succeeded
[  156.484988][    T1] init: Service 'derive_classpath' (pid 590) exited with status 0 waiting took 1.092000 seconds
[  156.488632][    T1] init: Sending SIGKILL to service 'derive_classpath' (pid 590) process group...
[  156.513569][    T1] libprocessgroup: Removed cgroup /sys/fs/cgroup/system/uid_1000/pid_590
[  156.620108][    T1] init: starting service 'art_boot'...
[  156.722237][    T1] libprocessgroup: Created cgroup /sys/fs/cgroup/system/uid_0/pid_591
[  156.787947][    T1] init: ... started service 'art_boot' has pid 591
[  156.789714][    T1] init: SVC_EXEC service 'art_boot' pid 591 (uid 0 gid 0+0 context default) started; waiting...
[  156.790772][    T1] init: Command 'exec_start art_boot' action=post-fs-data (/system/etc/init/hw/init.rc:1055) took 188ms and succeeded
[  157.409152][    T1] init: Service 'art_boot' (pid 591) exited with status 0 waiting took 0.696000 seconds
[  157.412221][    T1] init: Sending SIGKILL to service 'art_boot' (pid 591) process group...
[  157.437482][    T1] libprocessgroup: Removed cgroup /sys/fs/cgroup/system/uid_0/pid_591
[  157.530783][    T1] init: starting service 'odsign'...
[  157.622983][    T1] libprocessgroup: Created cgroup /sys/fs/cgroup/system/uid_0/pid_592
[  157.670271][    T1] init: ... started service 'odsign' has pid 592
[  157.672368][    T1] init: Command 'start odsign' action=post-fs-data (/system/etc/init/hw/init.rc:1060) took 185ms and succeeded
[  165.332699][  T592] fs-verity: sha256 using implementation "sha256-ce" (multibuffer)
[  165.682807][  T115] init: Wait for property 'odsign.key.done=1' took 8001ms
[  165.758838][    T1] init: Sending SIGKILL to service 'odsign' (pid 592) process group...
[  165.911202][    T1] libprocessgroup: Removed cgroup /sys/fs/cgroup/system/uid_0/pid_592
[  165.983949][    T1] init: Control message: Processed ctl.stop for 'odsign' from pid: 592 (/system/bin/odsign)
[  166.085553][    T1] init: starting service 'apexd-snapshotde'...
[  166.161336][    T1] libprocessgroup: Created cgroup /sys/fs/cgroup/system/uid_0/pid_595
[  166.206163][    T1] init: ... started service 'apexd-snapshotde' has pid 595
[  166.208439][    T1] init: SVC_EXEC service 'apexd-snapshotde' pid 595 (uid 0 gid 1000+0 context default) started; waiting...
[  166.213377][    T1] init: Command 'exec_start apexd-snapshotde' action=post-fs-data (/system/etc/init/hw/init.rc:1074) took 181ms and succeeded
[  166.229556][    T1] init: Service 'odsign' (pid 592) received SIGKILL
[  166.232534][    T1] init: Sending SIGKILL to service 'odsign' (pid 592) process group...
[  166.239191][    T1] libprocessgroup: Failed to write 1 to /sys/fs/cgroup/system/uid_0/pid_592/cgroup.kill: No such file or directory
[  166.447876][  T595] apexd: Started. subcommand = --snapshotde
[  166.479608][  T595] libbinder.BackendUnifiedServiceManager: Thread Pool max thread count is 0. Cannot cache binder as linkToDeath cannot be implemented. serviceName: vold
[  166.514633][  T595] apexd-snapshotde: Marking APEXd as ready
[  166.605479][    T1] init: Service 'apexd-snapshotde' (pid 595) exited with status 0 waiting took 0.458000 seconds
[  166.606681][    T1] init: Sending SIGKILL to service 'apexd-snapshotde' (pid 595) process group...
[  166.619316][    T1] libprocessgroup: Removed cgroup /sys/fs/cgroup/system/uid_0/pid_595
[  166.696283][    T1] init: Command 'setprop persist.sys.fuse true' action=post-fs-data (/system/etc/init/hw/init.rc:1081) took 56ms and succeeded
[  166.827704][    T1] init: Command 'verity_update_state' action=post-fs-data (/system/etc/init/hw/init.rc:1084) took 124ms and succeeded
[  166.836373][    T1] init: processing action (post-fs-data) from (/system/etc/init/hw/init.usb.rc:6)
[  166.884828][    T1] init: Encryption policy of /data/adb set to a91d93d8a7123f97db0fcea106a65389 v2 modes 1/10 flags 0xa
[  166.885670][    T1] init: processing action (post-fs-data) from (/system/etc/init/bootstat.rc:9)
[  166.893030][    T1] init: processing action (ro.boot.dynamic_partitions=true && ro.debuggable=1 && post-fs-data) from (/system/etc/init/clean_scratch_files.rc:1)
[  166.901045][    T1] init: starting service 'exec 11 (/system/bin/clean_scratch_files)'...
[  166.981979][    T1] libprocessgroup: Created cgroup /sys/fs/cgroup/system/uid_0/pid_596
[  167.017335][    T1] init: ... started service 'exec 11 (/system/bin/clean_scratch_files)' has pid 596
[  167.022619][    T1] init: Command 'exec_background - root root -- /system/bin/clean_scratch_files' action=ro.boot.dynamic_partitions=true && ro.debuggable=1 && post-fs-data (/system/etc/init/clean_scratch_files.rc:2) took 127ms and succeeded
[  167.032706][    T1] init: processing action (post-fs-data) from (/system/etc/init/gsid.rc:17)
[  167.037763][    T1] init: Not setting encryption policy on: /data/gsi
[  167.041649][    T1] init: processing action (post-fs-data) from (/system/etc/init/incidentd.rc:21)
[  167.045921][    T1] init: processing action (post-fs-data) from (/system/etc/init/logtagd.rc:4)
[  167.056778][    T1] init: processing action (post-fs-data) from (/system/etc/init/perfetto.rc:104)
[  167.060211][    T1] init: Command 'rm /data/misc/perfetto-traces/.guardraildata' action=post-fs-data (/system/etc/init/perfetto.rc:105) took 0ms and failed: unlink() failed: No such file or directory
[  167.066781][    T1] init: processing action (post-fs-data) from (/system/etc/init/pmgd.rc:28)
[  167.075514][    T1] init: processing action (post-fs-data) from (/system/etc/init/profcollectd.rc:23)
[  167.091226][    T1] init: processing action (post-fs-data) from (/system/etc/init/recovery-persist.rc:1)
[  167.102127][    T1] init: starting service 'exec 12 (/system/bin/recovery-persist)'...
[  167.185269][    T1] libprocessgroup: Created cgroup /sys/fs/cgroup/system/uid_1000/pid_597
[  167.222717][    T1] init: ... started service 'exec 12 (/system/bin/recovery-persist)' has pid 597
[  167.230908][    T1] init: Command 'exec_background - system log -- /system/bin/recovery-persist' action=post-fs-data (/system/etc/init/recovery-persist.rc:3) took 135ms and succeeded
[  167.236074][    T1] init: processing action (post-fs-data) from (/system/etc/init/wifi.rc:18)
[  167.256628][    T1] selinux: SELinux: Skipping restorecon on directory(/data/misc/apexdata/com.android.wifi)
[  167.261691][    T1] init: processing action (post-fs-data) from (/system_ext/etc/init/rpmb_dev.test.system.rc:37)
[  167.326626][    T1] init: Top-level directory needs encryption action, eg mkdir /data/secure_storage_test_system <mode> <uid> <gid> encryption=Require
[  167.337375][    T1] init: Encryption policy of /data/secure_storage_test_system set to a91d93d8a7123f97db0fcea106a65389 v2 modes 1/10 flags 0xa
[  167.354374][    T1] init: starting service 'rpmb_mock_init_test_system'...
[  167.430385][    T1] libprocessgroup: Created cgroup /sys/fs/cgroup/system/uid_1000/pid_598
[  168.166677][    T1] init: ... started service 'rpmb_mock_init_test_system' has pid 598
[  168.239990][    T1] init: SVC_EXEC service 'rpmb_mock_init_test_system' pid 598 (uid 1000 gid 1000+0 context default) started; waiting...
[  168.366999][    T1] init: Command 'exec_start rpmb_mock_init_test_system' action=post-fs-data (/system_ext/etc/init/rpmb_dev.test.system.rc:59) took 939ms and succeeded
[  168.418517][    T1] init: Service 'exec 11 (/system/bin/clean_scratch_files)' (pid 596) exited with status 0 oneshot service took 1.448000 seconds in background
[  168.420960][    T1] init: Sending SIGKILL to service 'exec 11 (/system/bin/clean_scratch_files)' (pid 596) process group...
[  168.450412][    T1] libprocessgroup: Removed cgroup /sys/fs/cgroup/system/uid_0/pid_596
[  168.458712][    T1] init: Service 'exec 12 (/system/bin/recovery-persist)' (pid 597) exited with status 0 oneshot service took 1.285000 seconds in background
[  168.467998][    T1] init: Sending SIGKILL to service 'exec 12 (/system/bin/recovery-persist)' (pid 597) process group...
[  168.484911][    T1] libprocessgroup: Removed cgroup /sys/fs/cgroup/system/uid_1000/pid_597
[  168.716468][    T1] init: Service 'rpmb_mock_init_test_system' (pid 598) exited with status 0 waiting took 1.285000 seconds
[  168.718646][    T1] init: Sending SIGKILL to service 'rpmb_mock_init_test_system' (pid 598) process group...
[  168.739538][    T1] libprocessgroup: Removed cgroup /sys/fs/cgroup/system/uid_1000/pid_598
[  168.803690][    T1] init: starting service 'rpmb_mock_test_system'...
[  168.817382][    T1] init: Created socket '/dev/socket/rpmb_mock_test_system', mode 660, user 1000, group 1000
[  168.907178][    T1] libprocessgroup: Created cgroup /sys/fs/cgroup/system/uid_1000/pid_599
[  168.941926][    T1] init: ... started service 'rpmb_mock_test_system' has pid 599
[  168.947583][    T1] init: Command 'start rpmb_mock_test_system' action=post-fs-data (/system_ext/etc/init/rpmb_dev.test.system.rc:60) took 168ms and succeeded
[  168.955774][    T1] init: processing action (ro.vendor.disable_rename_eth0= && post-fs-data) from (/vendor/etc/init/init.cutf_cvm.rc:57)
[  169.005039][  T116] init: wait for '/sys/class/net/eth0' took 28ms
[  169.035288][    T1] init: starting service 'rename_eth0'...
[  169.091245][    T1] libprocessgroup: Created cgroup /sys/fs/cgroup/system/uid_0/pid_600
[  169.149775][    T1] init: ... started service 'rename_eth0' has pid 600
[  169.153246][    T1] init: Command 'start rename_eth0' action=ro.vendor.disable_rename_eth0= && post-fs-data (/vendor/etc/init/init.cutf_cvm.rc:61) took 143ms and succeeded
[  169.154136][    T1] init: processing action (post-fs-data) from (/vendor/etc/init/init.cutf_cvm.rc:67)
[  169.209999][    T1] init: processing action (ro.boot.wifi_impl=mac80211_hwsim_virtio && post-fs-data) from (/vendor/etc/init/init.cutf_cvm.rc:77)
[  169.219232][    T1] init: starting service 'init_wifi_sh'...
[  169.250644][    T1] libprocessgroup: Created cgroup /sys/fs/cgroup/system/uid_0/pid_601
[  169.275279][    T1] init: ... started service 'init_wifi_sh' has pid 601
[  169.277630][    T1] init: Command 'start init_wifi_sh' action=ro.boot.wifi_impl=mac80211_hwsim_virtio && post-fs-data (/vendor/etc/init/init.cutf_cvm.rc:81) took 59ms and succeeded
[  169.280399][    T1] init: processing action (load-bpf-programs) from (/system/etc/init/init-perfetto.rc:6)
[  169.299922][    T1] init: processing action (load-bpf-programs) from (/system/etc/init/init-perfetto.rc:6)
[  169.302208][    T1] init: processing action (load-bpf-programs) from (/system/etc/init/netbpfload.rc:38)
[  169.319366][    T1] init: starting service 'bpfloader'...
[  169.375064][    T1] libprocessgroup: Created cgroup /sys/fs/cgroup/system/uid_0/pid_602
[  170.235463][    T1] init: ... started service 'bpfloader' has pid 602
[  170.373000][    T1] init: SVC_EXEC service 'bpfloader' pid 602 (uid 0 gid 0+7 context default) started; waiting...
[  170.381346][    T1] init: Command 'exec_start bpfloader' action=load-bpf-programs (/system/etc/init/netbpfload.rc:47) took 1071ms and succeeded
[  171.865902][  T600] virtio_net virtio1 buried_eth0: renamed from eth0
[  172.264453][    T1] init: Service 'rename_eth0' (pid 600) exited with status 0 oneshot service took 3.147000 seconds in background
[  172.280815][    T1] init: Sending SIGKILL to service 'rename_eth0' (pid 600) process group...
[  172.360363][    T1] libprocessgroup: Removed cgroup /sys/fs/cgroup/system/uid_0/pid_600
[  173.507054][  T602] NetBpfLoad: /apex/com.android.tethering/bin/netbpfload api:37/3700 kver:60c004a (64-on-aarch64:4k) libbpf: v1.4 uid:0 rc:01 user:010
[  173.657515][  T602] NetBpfLoad: Tethering APEX version 370399999 (system: 370399999)
[  173.721976][  T602] NetBpfLoad: detected 5 of 5: 2026Q2 api:37.0.0=3700
[  174.662250][  T427] type=1334 audit(1790964365.684:5): prog-id=1 op=LOAD
[  174.821184][  T427] type=1300 audit(1790964365.684:5): arch=c00000b7 syscall=280 success=yes exit=3 a0=5 a1=7fc5b69688 a2=74 a3=0 items=0 ppid=1 auid=4294967295 uid=0 gid=0 euid=0 suid=0 fsuid=0 egid=0 sgid=0 fsgid=0 tty=(none) ses=4294967295 comm="netbpfload" exe="/apex/com.android.tethering/bin/netbpfload" subj=u:r:bpfloader:s0 key=(null)
[  174.947078][  T427] type=1327 audit(1790964365.684:5): proctitle="/apex/com.android.tethering/bin/netbpfload"
[  175.049244][  T427] type=1320 audit(1790964365.684:5): 
[  175.161656][  T427] type=1334 audit(1790964366.068:6): prog-id=1 op=UNLOAD
[  175.198959][  T427] type=1300 audit(1790964366.068:6): arch=c00000b7 syscall=57 success=yes exit=0 a0=3 a1=0 a2=7142cc14d0 a3=0 items=0 ppid=1 auid=4294967295 uid=0 gid=0 euid=0 suid=0 fsuid=0 egid=0 sgid=0 fsgid=0 tty=(none) ses=4294967295 comm="netbpfload" exe="/apex/com.android.tethering/bin/netbpfload" subj=u:r:bpfloader:s0 key=(null)
[  175.269689][  T427] type=1327 audit(1790964366.068:6): proctitle="/apex/com.android.tethering/bin/netbpfload"
[  175.389763][  T427] type=1320 audit(1790964366.068:6): 
[  176.187969][  T427] type=1334 audit(1790964367.304:7): prog-id=2 op=LOAD
[  176.298077][  T427] type=1300 audit(1790964367.304:7): arch=c00000b7 syscall=280 success=yes exit=3 a0=5 a1=7fc5b69b10 a2=98 a3=b400006f7aa010dc items=0 ppid=1 auid=4294967295 uid=0 gid=0 euid=0 suid=0 fsuid=0 egid=0 sgid=0 fsgid=0 tty=(none) ses=4294967295 comm="netbpfload" exe="/apex/com.android.tethering/bin/netbpfload" subj=u:r:bpfloader:s0 key=(null)
[  176.351911][  T427] type=1327 audit(1790964367.304:7): proctitle="/apex/com.android.tethering/bin/netbpfload"
[  176.401868][  T427] type=1320 audit(1790964367.304:7): 
[  176.405971][  T427] type=1334 audit(1790964367.760:8): prog-id=3 op=LOAD
[  176.415760][  T427] type=1300 audit(1790964367.760:8): arch=c00000b7 syscall=280 success=yes exit=13 a0=5 a1=7fc5b69b10 a2=98 a3=b400006f7aa011cc items=0 ppid=1 auid=4294967295 uid=0 gid=0 euid=0 suid=0 fsuid=0 egid=0 sgid=0 fsgid=0 tty=(none) ses=4294967295 comm="netbpfload" exe="/apex/com.android.tethering/bin/netbpfload" subj=u:r:bpfloader:s0 key=(null)
[  176.431857][  T427] type=1327 audit(1790964367.760:8): proctitle="/apex/com.android.tethering/bin/netbpfload"
[  176.436560][  T427] type=1320 audit(1790964367.760:8): 
[  176.458419][    T1] init: Service 'init_wifi_sh' (pid 601) exited with status 0 oneshot service took 7.208000 seconds in background
[  176.458439][  T427] type=1334 audit(1790964367.900:9): prog-id=4 op=LOAD
[  176.461129][    T1] init: Sending SIGKILL to service 'init_wifi_sh' (pid 601) process group...
[  176.461389][  T427] type=1300 audit(1790964367.900:9): arch=c00000b7 syscall=280 success=yes exit=14 a0=5 a1=7fc5b69b10 a2=98 a3=b400006f7aa0149c items=0 ppid=1 auid=4294967295 uid=0 gid=0 euid=0 suid=0 fsuid=0 egid=0 sgid=0 fsgid=0 tty=(none) ses=4294967295 comm="netbpfload" exe="/apex/com.android.tethering/bin/netbpfload" subj=u:r:bpfloader:s0 key=(null)
[  176.476800][  T427] type=1327 audit(1790964367.900:9): proctitle="/apex/com.android.tethering/bin/netbpfload"
[  176.480873][  T427] type=1320 audit(1790964367.900:9): 
[  176.482680][  T427] type=1334 audit(1790964367.944:10): prog-id=5 op=LOAD
[  176.487424][  T427] type=1300 audit(1790964367.944:10): arch=c00000b7 syscall=280 success=yes exit=15 a0=5 a1=7fc5b69b10 a2=98 a3=b400006f7aa0158c items=0 ppid=1 auid=4294967295 uid=0 gid=0 euid=0 suid=0 fsuid=0 egid=0 sgid=0 fsgid=0 tty=(none) ses=4294967295 comm="netbpfload" exe="/apex/com.android.tethering/bin/netbpfload" subj=u:r:bpfloader:s0 key=(null)
[  176.487581][    T1] libprocessgroup: Removed cgroup /sys/fs/cgroup/system/uid_0/pid_601
[  176.490359][  T427] type=1327 audit(1790964367.944:10): proctitle="/apex/com.android.tethering/bin/netbpfload"
[  176.490435][  T427] type=1320 audit(1790964367.944:10): 
[  176.491094][  T427] type=1334 audit(1790964367.948:11): prog-id=6 op=LOAD
[  176.491105][  T427] type=1300 audit(1790964367.948:11): arch=c00000b7 syscall=280 success=yes exit=16 a0=5 a1=7fc5b69b10 a2=98 a3=b400006f7aa01a3c items=0 ppid=1 auid=4294967295 uid=0 gid=0 euid=0 suid=0 fsuid=0 egid=0 sgid=0 fsgid=0 tty=(none) ses=4294967295 comm="netbpfload" exe="/apex/com.android.tethering/bin/netbpfload" subj=u:r:bpfloader:s0 key=(null)
[  176.491110][  T427] type=1327 audit(1790964367.948:11): proctitle="/apex/com.android.tethering/bin/netbpfload"
[  176.491114][  T427] type=1320 audit(1790964367.948:11): 
[  176.525007][  T427] type=1334 audit(1790964368.008:12): prog-id=7 op=LOAD
[  176.525827][  T427] type=1300 audit(1790964368.008:12): arch=c00000b7 syscall=280 success=yes exit=17 a0=5 a1=7fc5b69b10 a2=98 a3=b400006f7aa01b2c items=0 ppid=1 auid=4294967295 uid=0 gid=0 euid=0 suid=0 fsuid=0 egid=0 sgid=0 fsgid=0 tty=(none) ses=4294967295 comm="netbpfload" exe="/apex/com.android.tethering/bin/netbpfload" subj=u:r:bpfloader:s0 key=(null)
[  176.529691][  T427] type=1327 audit(1790964368.008:12): proctitle="/apex/com.android.tethering/bin/netbpfload"
[  176.530712][  T427] type=1320 audit(1790964368.008:12): 
[  176.531109][  T427] type=1334 audit(1790964368.012:13): prog-id=8 op=LOAD
[  176.531503][  T427] type=1300 audit(1790964368.012:13): arch=c00000b7 syscall=280 success=yes exit=18 a0=5 a1=7fc5b69b10 a2=98 a3=b400006f7aa01c1c items=0 ppid=1 auid=4294967295 uid=0 gid=0 euid=0 suid=0 fsuid=0 egid=0 sgid=0 fsgid=0 tty=(none) ses=4294967295 comm="netbpfload" exe="/apex/com.android.tethering/bin/netbpfload" subj=u:r:bpfloader:s0 key=(null)
[  176.533440][  T427] type=1327 audit(1790964368.012:13): proctitle="/apex/com.android.tethering/bin/netbpfload"
[  176.533445][  T427] type=1320 audit(1790964368.012:13): 
[  176.533449][  T427] type=1334 audit(1790964368.016:14): prog-id=9 op=LOAD
[  176.534543][  T427] type=1300 audit(1790964368.016:14): arch=c00000b7 syscall=280 success=yes exit=19 a0=5 a1=7fc5b69b10 a2=98 a3=b400006f7aa01d0c items=0 ppid=1 auid=4294967295 uid=0 gid=0 euid=0 suid=0 fsuid=0 egid=0 sgid=0 fsgid=0 tty=(none) ses=4294967295 comm="netbpfload" exe="/apex/com.android.tethering/bin/netbpfload" subj=u:r:bpfloader:s0 key=(null)
[  176.537195][  T427] type=1327 audit(1790964368.016:14): proctitle="/apex/com.android.tethering/bin/netbpfload"
[  176.537200][  T427] type=1320 audit(1790964368.016:14): 
[  176.793689][  T427] type=1334 audit(1790964368.256:15): prog-id=10 op=LOAD
[  176.855202][  T427] type=1300 audit(1790964368.256:15): arch=c00000b7 syscall=280 success=yes exit=3 a0=5 a1=7fc5b681b0 a2=94 a3=2 items=0 ppid=1 auid=4294967295 uid=0 gid=0 euid=0 suid=0 fsuid=0 egid=0 sgid=0 fsgid=0 tty=(none) ses=4294967295 comm="netbpfload" exe="/apex/com.android.tethering/bin/netbpfload" subj=u:r:bpfloader:s0 key=(null)
[  176.922410][  T427] type=1327 audit(1790964368.256:15): proctitle="/apex/com.android.tethering/bin/netbpfload"
[  176.925878][  T427] type=1320 audit(1790964368.256:15): 
[  176.926263][  T427] type=1334 audit(1790964368.284:16): prog-id=10 op=UNLOAD
[  176.945955][  T427] type=1300 audit(1790964368.284:16): arch=c00000b7 syscall=57 success=yes exit=0 a0=3 a1=0 a2=7142cc14d0 a3=2 items=0 ppid=1 auid=4294967295 uid=0 gid=0 euid=0 suid=0 fsuid=0 egid=0 sgid=0 fsgid=0 tty=(none) ses=4294967295 comm="netbpfload" exe="/apex/com.android.tethering/bin/netbpfload" subj=u:r:bpfloader:s0 key=(null)
[  176.979755][  T427] type=1327 audit(1790964368.284:16): proctitle="/apex/com.android.tethering/bin/netbpfload"
[  176.982996][  T427] type=1320 audit(1790964368.284:16): 
[  176.984032][  T427] type=1334 audit(1790964368.400:17): prog-id=11 op=LOAD
[  176.986588][  T427] type=1300 audit(1790964368.400:17): arch=c00000b7 syscall=280 success=yes exit=9 a0=5 a1=7fc5b680a8 a2=40 a3=0 items=0 ppid=1 auid=4294967295 uid=0 gid=0 euid=0 suid=0 fsuid=0 egid=0 sgid=0 fsgid=0 tty=(none) ses=4294967295 comm="netbpfload" exe="/apex/com.android.tethering/bin/netbpfload" subj=u:r:bpfloader:s0 key=(null)
[  176.988036][  T427] type=1327 audit(1790964368.400:17): proctitle="/apex/com.android.tethering/bin/netbpfload"
[  176.988042][  T427] type=1320 audit(1790964368.400:17): 
[  176.988046][  T427] type=1334 audit(1790964368.420:18): prog-id=11 op=UNLOAD
[  176.988052][  T427] type=1300 audit(1790964368.420:18): arch=c00000b7 syscall=57 success=yes exit=0 a0=9 a1=0 a2=7142cc1500 a3=0 items=0 ppid=1 auid=4294967295 uid=0 gid=0 euid=0 suid=0 fsuid=0 egid=0 sgid=0 fsgid=0 tty=(none) ses=4294967295 comm="netbpfload" exe="/apex/com.android.tethering/bin/netbpfload" subj=u:r:bpfloader:s0 key=(null)
[  176.988057][  T427] type=1327 audit(1790964368.420:18): proctitle="/apex/com.android.tethering/bin/netbpfload"
[  176.988060][  T427] type=1320 audit(1790964368.420:18): 
[  177.110655][  T427] type=1334 audit(1790964368.572:19): prog-id=12 op=LOAD
[  177.167495][  T427] type=1300 audit(1790964368.572:19): arch=c00000b7 syscall=280 success=yes exit=3 a0=5 a1=7fc5b681b0 a2=94 a3=2 items=0 ppid=1 auid=4294967295 uid=0 gid=0 euid=0 suid=0 fsuid=0 egid=0 sgid=0 fsgid=0 tty=(none) ses=4294967295 comm="netbpfload" exe="/apex/com.android.tethering/bin/netbpfload" subj=u:r:bpfloader:s0 key=(null)
[  177.175358][  T427] type=1327 audit(1790964368.572:19): proctitle="/apex/com.android.tethering/bin/netbpfload"
[  177.176503][  T427] type=1320 audit(1790964368.572:19): 
[  177.177195][  T427] type=1334 audit(1790964368.588:20): prog-id=12 op=UNLOAD
[  177.177598][  T427] type=1300 audit(1790964368.588:20): arch=c00000b7 syscall=57 success=yes exit=0 a0=3 a1=0 a2=7142cc14d0 a3=2 items=0 ppid=1 auid=4294967295 uid=0 gid=0 euid=0 suid=0 fsuid=0 egid=0 sgid=0 fsgid=0 tty=(none) ses=4294967295 comm="netbpfload" exe="/apex/com.android.tethering/bin/netbpfload" subj=u:r:bpfloader:s0 key=(null)
[  177.184083][  T427] type=1327 audit(1790964368.588:20): proctitle="/apex/com.android.tethering/bin/netbpfload"
[  177.186653][  T427] type=1320 audit(1790964368.588:20): 
[  177.187514][  T427] type=1334 audit(1790964368.600:21): prog-id=13 op=LOAD
[  177.189866][  T427] type=1300 audit(1790964368.600:21): arch=c00000b7 syscall=280 success=yes exit=6 a0=5 a1=7fc5b68030 a2=94 a3=4 items=0 ppid=1 auid=4294967295 uid=0 gid=0 euid=0 suid=0 fsuid=0 egid=0 sgid=0 fsgid=0 tty=(none) ses=4294967295 comm="netbpfload" exe="/apex/com.android.tethering/bin/netbpfload" subj=u:r:bpfloader:s0 key=(null)
[  177.195723][  T427] type=1327 audit(1790964368.600:21): proctitle="/apex/com.android.tethering/bin/netbpfload"
[  177.196296][  T427] type=1320 audit(1790964368.600:21): 
[  177.196790][  T427] type=1334 audit(1790964368.668:22): prog-id=13 op=UNLOAD
[  177.197218][  T427] type=1300 audit(1790964368.668:22): arch=c00000b7 syscall=57 success=yes exit=0 a0=6 a1=0 a2=7142cc14e8 a3=4 items=0 ppid=1 auid=4294967295 uid=0 gid=0 euid=0 suid=0 fsuid=0 egid=0 sgid=0 fsgid=0 tty=(none) ses=4294967295 comm="netbpfload" exe="/apex/com.android.tethering/bin/netbpfload" subj=u:r:bpfloader:s0 key=(null)
[  177.198834][  T427] type=1327 audit(1790964368.668:22): proctitle="/apex/com.android.tethering/bin/netbpfload"
[  177.199864][  T427] type=1320 audit(1790964368.668:22): 
[  177.200599][  T427] type=1334 audit(1790964368.672:23): prog-id=14 op=LOAD
[  177.202264][  T427] type=1300 audit(1790964368.672:23): arch=c00000b7 syscall=280 success=yes exit=6 a0=5 a1=7fc5b681b0 a2=94 a3=17f items=0 ppid=1 auid=4294967295 uid=0 gid=0 euid=0 suid=0 fsuid=0 egid=0 sgid=0 fsgid=0 tty=(none) ses=4294967295 comm="netbpfload" exe="/apex/com.android.tethering/bin/netbpfload" subj=u:r:bpfloader:s0 key=(null)
[  177.212101][  T427] type=1327 audit(1790964368.672:23): proctitle="/apex/com.android.tethering/bin/netbpfload"
[  177.212792][  T427] type=1320 audit(1790964368.672:23): 
[  177.213128][  T427] type=1334 audit(1790964368.684:24): prog-id=15 op=LOAD
[  177.213794][  T427] type=1300 audit(1790964368.684:24): arch=c00000b7 syscall=280 success=yes exit=7 a0=5 a1=7fc5b681b0 a2=94 a3=12e items=0 ppid=1 auid=4294967295 uid=0 gid=0 euid=0 suid=0 fsuid=0 egid=0 sgid=0 fsgid=0 tty=(none) ses=4294967295 comm="netbpfload" exe="/apex/com.android.tethering/bin/netbpfload" subj=u:r:bpfloader:s0 key=(null)
[  177.219239][  T427] type=1327 audit(1790964368.684:24): proctitle="/apex/com.android.tethering/bin/netbpfload"
[  177.224087][  T427] type=1320 audit(1790964368.684:24): 
[  177.225584][  T427] type=1334 audit(1790964368.684:25): prog-id=16 op=LOAD
[  177.228211][  T427] type=1300 audit(1790964368.684:25): arch=c00000b7 syscall=280 success=yes exit=8 a0=5 a1=7fc5b681b0 a2=94 a3=f7 items=0 ppid=1 auid=4294967295 uid=0 gid=0 euid=0 suid=0 fsuid=0 egid=0 sgid=0 fsgid=0 tty=(none) ses=4294967295 comm="netbpfload" exe="/apex/com.android.tethering/bin/netbpfload" subj=u:r:bpfloader:s0 key=(null)
[  177.237202][  T427] type=1327 audit(1790964368.684:25): proctitle="/apex/com.android.tethering/bin/netbpfload"
[  177.237795][  T427] type=1320 audit(1790964368.684:25): 
[  177.248586][  T427] type=1334 audit(1790964368.732:26): prog-id=17 op=LOAD
[  177.275488][  T427] type=1300 audit(1790964368.732:26): arch=c00000b7 syscall=280 success=yes exit=3 a0=5 a1=7fc5b681b0 a2=94 a3=2 items=0 ppid=1 auid=4294967295 uid=0 gid=0 euid=0 suid=0 fsuid=0 egid=0 sgid=0 fsgid=0 tty=(none) ses=4294967295 comm="netbpfload" exe="/apex/com.android.tethering/bin/netbpfload" subj=u:r:bpfloader:s0 key=(null)
[  177.283039][  T427] type=1327 audit(1790964368.732:26): proctitle="/apex/com.android.tethering/bin/netbpfload"
[  177.283758][  T427] type=1320 audit(1790964368.732:26): 
[  177.283964][  T427] type=1334 audit(1790964368.732:27): prog-id=17 op=UNLOAD
[  177.284340][  T427] type=1300 audit(1790964368.732:27): arch=c00000b7 syscall=57 success=yes exit=0 a0=3 a1=0 a2=7142cc14d0 a3=2 items=0 ppid=1 auid=4294967295 uid=0 gid=0 euid=0 suid=0 fsuid=0 egid=0 sgid=0 fsgid=0 tty=(none) ses=4294967295 comm="netbpfload" exe="/apex/com.android.tethering/bin/netbpfload" subj=u:r:bpfloader:s0 key=(null)
[  177.296270][  T427] type=1327 audit(1790964368.732:27): proctitle="/apex/com.android.tethering/bin/netbpfload"
[  177.297589][  T427] type=1320 audit(1790964368.732:27): 
[  177.297988][  T427] type=1334 audit(1790964368.736:28): prog-id=18 op=LOAD
[  177.300607][  T427] type=1300 audit(1790964368.736:28): arch=c00000b7 syscall=280 success=yes exit=7 a0=5 a1=7fc5b681b0 a2=94 a3=1eb items=0 ppid=1 auid=4294967295 uid=0 gid=0 euid=0 suid=0 fsuid=0 egid=0 sgid=0 fsgid=0 tty=(none) ses=4294967295 comm="netbpfload" exe="/apex/com.android.tethering/bin/netbpfload" subj=u:r:bpfloader:s0 key=(null)
[  177.316466][  T427] type=1327 audit(1790964368.736:28): proctitle="/apex/com.android.tethering/bin/netbpfload"
[  177.317678][  T427] type=1320 audit(1790964368.736:28): 
[  177.370785][  T427] type=1334 audit(1790964368.856:29): prog-id=19 op=LOAD
[  177.372689][  T427] type=1300 audit(1790964368.856:29): arch=c00000b7 syscall=280 success=yes exit=3 a0=5 a1=7fc5b681b0 a2=94 a3=2 items=0 ppid=1 auid=4294967295 uid=0 gid=0 euid=0 suid=0 fsuid=0 egid=0 sgid=0 fsgid=0 tty=(none) ses=4294967295 comm="netbpfload" exe="/apex/com.android.tethering/bin/netbpfload" subj=u:r:bpfloader:s0 key=(null)
[  177.396699][  T427] type=1327 audit(1790964368.856:29): proctitle="/apex/com.android.tethering/bin/netbpfload"
[  177.406894][  T427] type=1320 audit(1790964368.856:29): 
[  177.414596][  T427] type=1334 audit(1790964368.856:30): prog-id=19 op=UNLOAD
[  177.422073][  T427] type=1300 audit(1790964368.856:30): arch=c00000b7 syscall=57 success=yes exit=0 a0=3 a1=0 a2=7142cc14d0 a3=2 items=0 ppid=1 auid=4294967295 uid=0 gid=0 euid=0 suid=0 fsuid=0 egid=0 sgid=0 fsgid=0 tty=(none) ses=4294967295 comm="netbpfload" exe="/apex/com.android.tethering/bin/netbpfload" subj=u:r:bpfloader:s0 key=(null)
[  177.447789][  T427] type=1327 audit(1790964368.856:30): proctitle="/apex/com.android.tethering/bin/netbpfload"
[  177.460630][  T427] type=1320 audit(1790964368.856:30): 
[  177.683039][  T427] type=1334 audit(1790964369.124:31): prog-id=20 op=LOAD
[  177.703810][  T427] type=1300 audit(1790964369.124:31): arch=c00000b7 syscall=280 success=yes exit=41 a0=5 a1=7fc5b681b0 a2=94 a3=50 items=0 ppid=1 auid=4294967295 uid=0 gid=0 euid=0 suid=0 fsuid=0 egid=0 sgid=0 fsgid=0 tty=(none) ses=4294967295 comm="netbpfload" exe="/apex/com.android.tethering/bin/netbpfload" subj=u:r:bpfloader:s0 key=(null)
[  177.705707][  T427] type=1327 audit(1790964369.124:31): proctitle="/apex/com.android.tethering/bin/netbpfload"
[  177.706249][  T427] type=1320 audit(1790964369.124:31): 
[  177.707258][  T427] type=1334 audit(1790964369.172:32): prog-id=21 op=LOAD
[  177.707719][  T427] type=1300 audit(1790964369.172:32): arch=c00000b7 syscall=280 success=yes exit=42 a0=5 a1=7fc5b681b0 a2=94 a3=7c items=0 ppid=1 auid=4294967295 uid=0 gid=0 euid=0 suid=0 fsuid=0 egid=0 sgid=0 fsgid=0 tty=(none) ses=4294967295 comm="netbpfload" exe="/apex/com.android.tethering/bin/netbpfload" subj=u:r:bpfloader:s0 key=(null)
[  177.709305][  T427] type=1327 audit(1790964369.172:32): proctitle="/apex/com.android.tethering/bin/netbpfload"
[  177.739073][  T427] type=1320 audit(1790964369.172:32): 
[  177.742892][  T427] type=1334 audit(1790964369.192:33): prog-id=22 op=LOAD
[  177.750315][  T427] type=1300 audit(1790964369.192:33): arch=c00000b7 syscall=280 success=yes exit=43 a0=5 a1=7fc5b681b0 a2=94 a3=7c items=0 ppid=1 auid=4294967295 uid=0 gid=0 euid=0 suid=0 fsuid=0 egid=0 sgid=0 fsgid=0 tty=(none) ses=4294967295 comm="netbpfload" exe="/apex/com.android.tethering/bin/netbpfload" subj=u:r:bpfloader:s0 key=(null)
[  177.762907][  T427] type=1327 audit(1790964369.192:33): proctitle="/apex/com.android.tethering/bin/netbpfload"
[  177.767690][  T427] type=1320 audit(1790964369.192:33): 
[  177.846059][  T427] type=1334 audit(1790964369.196:34): prog-id=23 op=LOAD
[  177.861823][  T427] type=1300 audit(1790964369.196:34): arch=c00000b7 syscall=280 success=yes exit=44 a0=5 a1=7fc5b681b0 a2=94 a3=587 items=0 ppid=1 auid=4294967295 uid=0 gid=0 euid=0 suid=0 fsuid=0 egid=0 sgid=0 fsgid=0 tty=(none) ses=4294967295 comm="netbpfload" exe="/apex/com.android.tethering/bin/netbpfload" subj=u:r:bpfloader:s0 key=(null)
[  177.876688][  T427] type=1327 audit(1790964369.196:34): proctitle="/apex/com.android.tethering/bin/netbpfload"
[  177.883692][  T427] type=1320 audit(1790964369.196:34): 
[  177.928511][  T427] type=1334 audit(1790964369.328:35): prog-id=24 op=LOAD
[  177.929066][  T427] type=1300 audit(1790964369.328:35): arch=c00000b7 syscall=280 success=yes exit=45 a0=5 a1=7fc5b681b0 a2=94 a3=6c2 items=0 ppid=1 auid=4294967295 uid=0 gid=0 euid=0 suid=0 fsuid=0 egid=0 sgid=0 fsgid=0 tty=(none) ses=4294967295 comm="netbpfload" exe="/apex/com.android.tethering/bin/netbpfload" subj=u:r:bpfloader:s0 key=(null)
[  177.930756][  T427] type=1327 audit(1790964369.328:35): proctitle="/apex/com.android.tethering/bin/netbpfload"
[  177.931363][  T427] type=1320 audit(1790964369.328:35): 
[  177.931748][  T427] type=1334 audit(1790964369.416:36): prog-id=25 op=LOAD
[  177.932259][  T427] type=1300 audit(1790964369.416:36): arch=c00000b7 syscall=280 success=yes exit=46 a0=5 a1=7fc5b681b0 a2=94 a3=46 items=0 ppid=1 auid=4294967295 uid=0 gid=0 euid=0 suid=0 fsuid=0 egid=0 sgid=0 fsgid=0 tty=(none) ses=4294967295 comm="netbpfload" exe="/apex/com.android.tethering/bin/netbpfload" subj=u:r:bpfloader:s0 key=(null)
[  177.933625][  T427] type=1327 audit(1790964369.416:36): proctitle="/apex/com.android.tethering/bin/netbpfload"
[  177.934225][  T427] type=1320 audit(1790964369.416:36): 
[  177.934472][  T427] type=1334 audit(1790964369.416:37): prog-id=26 op=LOAD
[  177.934859][  T427] type=1300 audit(1790964369.416:37): arch=c00000b7 syscall=280 success=yes exit=47 a0=5 a1=7fc5b681b0 a2=94 a3=35 items=0 ppid=1 auid=4294967295 uid=0 gid=0 euid=0 suid=0 fsuid=0 egid=0 sgid=0 fsgid=0 tty=(none) ses=4294967295 comm="netbpfload" exe="/apex/com.android.tethering/bin/netbpfload" subj=u:r:bpfloader:s0 key=(null)
[  177.936509][  T427] type=1327 audit(1790964369.416:37): proctitle="/apex/com.android.tethering/bin/netbpfload"
[  177.937080][  T427] type=1320 audit(1790964369.416:37): 
[  177.937373][  T427] type=1334 audit(1790964369.420:38): prog-id=27 op=LOAD
[  177.937737][  T427] type=1300 audit(1790964369.420:38): arch=c00000b7 syscall=280 success=yes exit=48 a0=5 a1=7fc5b681b0 a2=94 a3=37 items=0 ppid=1 auid=4294967295 uid=0 gid=0 euid=0 suid=0 fsuid=0 egid=0 sgid=0 fsgid=0 tty=(none) ses=4294967295 comm="netbpfload" exe="/apex/com.android.tethering/bin/netbpfload" subj=u:r:bpfloader:s0 key=(null)
[  177.939122][  T427] type=1327 audit(1790964369.420:38): proctitle="/apex/com.android.tethering/bin/netbpfload"
[  177.940044][  T427] type=1320 audit(1790964369.420:38): 
[  177.940321][  T427] type=1334 audit(1790964369.420:39): prog-id=28 op=LOAD
[  177.940731][  T427] type=1300 audit(1790964369.420:39): arch=c00000b7 syscall=280 success=yes exit=49 a0=5 a1=7fc5b681b0 a2=94 a3=1c items=0 ppid=1 auid=4294967295 uid=0 gid=0 euid=0 suid=0 fsuid=0 egid=0 sgid=0 fsgid=0 tty=(none) ses=4294967295 comm="netbpfload" exe="/apex/com.android.tethering/bin/netbpfload" subj=u:r:bpfloader:s0 key=(null)
[  177.942147][  T427] type=1327 audit(1790964369.420:39): proctitle="/apex/com.android.tethering/bin/netbpfload"
[  177.943068][  T427] type=1320 audit(1790964369.420:39): 
[  177.943383][  T427] type=1334 audit(1790964369.420:40): prog-id=29 op=LOAD
[  177.944089][  T427] type=1300 audit(1790964369.420:40): arch=c00000b7 syscall=280 success=yes exit=50 a0=5 a1=7fc5b681b0 a2=94 a3=10 items=0 ppid=1 auid=4294967295 uid=0 gid=0 euid=0 suid=0 fsuid=0 egid=0 sgid=0 fsgid=0 tty=(none) ses=4294967295 comm="netbpfload" exe="/apex/com.android.tethering/bin/netbpfload" subj=u:r:bpfloader:s0 key=(null)
[  177.945698][  T427] type=1327 audit(1790964369.420:40): proctitle="/apex/com.android.tethering/bin/netbpfload"
[  177.946669][  T427] type=1320 audit(1790964369.420:40): 
[  177.946934][  T427] type=1334 audit(1790964369.424:41): prog-id=30 op=LOAD
[  177.947337][  T427] type=1300 audit(1790964369.424:41): arch=c00000b7 syscall=280 success=yes exit=51 a0=5 a1=7fc5b681b0 a2=94 a3=5b items=0 ppid=1 auid=4294967295 uid=0 gid=0 euid=0 suid=0 fsuid=0 egid=0 sgid=0 fsgid=0 tty=(none) ses=4294967295 comm="netbpfload" exe="/apex/com.android.tethering/bin/netbpfload" subj=u:r:bpfloader:s0 key=(null)
[  177.948821][  T427] type=1327 audit(1790964369.424:41): proctitle="/apex/com.android.tethering/bin/netbpfload"
[  177.949422][  T427] type=1320 audit(1790964369.424:41): 
[  177.949784][  T427] type=1334 audit(1790964369.424:42): prog-id=31 op=LOAD
[  177.950145][  T427] type=1300 audit(1790964369.424:42): arch=c00000b7 syscall=280 success=yes exit=52 a0=5 a1=7fc5b681b0 a2=94 a3=a items=0 ppid=1 auid=4294967295 uid=0 gid=0 euid=0 suid=0 fsuid=0 egid=0 sgid=0 fsgid=0 tty=(none) ses=4294967295 comm="netbpfload" exe="/apex/com.android.tethering/bin/netbpfload" subj=u:r:bpfloader:s0 key=(null)
[  177.952276][  T427] type=1327 audit(1790964369.424:42): proctitle="/apex/com.android.tethering/bin/netbpfload"
[  177.953400][  T427] type=1320 audit(1790964369.424:42): 
[  177.953722][  T427] type=1334 audit(1790964369.424:43): prog-id=32 op=LOAD
[  177.954283][  T427] type=1300 audit(1790964369.424:43): arch=c00000b7 syscall=280 success=yes exit=53 a0=5 a1=7fc5b681b0 a2=94 a3=63 items=0 ppid=1 auid=4294967295 uid=0 gid=0 euid=0 suid=0 fsuid=0 egid=0 sgid=0 fsgid=0 tty=(none) ses=4294967295 comm="netbpfload" exe="/apex/com.android.tethering/bin/netbpfload" subj=u:r:bpfloader:s0 key=(null)
[  177.955940][  T427] type=1327 audit(1790964369.424:43): proctitle="/apex/com.android.tethering/bin/netbpfload"
[  177.961719][  T427] type=1320 audit(1790964369.424:43): 
[  177.962216][  T427] type=1334 audit(1790964369.428:44): prog-id=33 op=LOAD
[  177.963315][  T427] type=1300 audit(1790964369.428:44): arch=c00000b7 syscall=280 success=yes exit=54 a0=5 a1=7fc5b681b0 a2=94 a3=63 items=0 ppid=1 auid=4294967295 uid=0 gid=0 euid=0 suid=0 fsuid=0 egid=0 sgid=0 fsgid=0 tty=(none) ses=4294967295 comm="netbpfload" exe="/apex/com.android.tethering/bin/netbpfload" subj=u:r:bpfloader:s0 key=(null)
[  177.965362][  T427] type=1327 audit(1790964369.428:44): proctitle="/apex/com.android.tethering/bin/netbpfload"
[  177.965965][  T427] type=1320 audit(1790964369.428:44): 
[  177.966364][  T427] type=1334 audit(1790964369.428:45): prog-id=34 op=LOAD
[  177.966810][  T427] type=1300 audit(1790964369.428:45): arch=c00000b7 syscall=280 success=yes exit=55 a0=5 a1=7fc5b681b0 a2=94 a3=2 items=0 ppid=1 auid=4294967295 uid=0 gid=0 euid=0 suid=0 fsuid=0 egid=0 sgid=0 fsgid=0 tty=(none) ses=4294967295 comm="netbpfload" exe="/apex/com.android.tethering/bin/netbpfload" subj=u:r:bpfloader:s0 key=(null)
[  177.968655][  T427] type=1327 audit(1790964369.428:45): proctitle="/apex/com.android.tethering/bin/netbpfload"
[  177.969189][  T427] type=1320 audit(1790964369.428:45): 
[  177.969591][  T427] type=1334 audit(1790964369.428:46): prog-id=35 op=LOAD
[  177.969968][  T427] type=1300 audit(1790964369.428:46): arch=c00000b7 syscall=280 success=yes exit=56 a0=5 a1=7fc5b681b0 a2=94 a3=2 items=0 ppid=1 auid=4294967295 uid=0 gid=0 euid=0 suid=0 fsuid=0 egid=0 sgid=0 fsgid=0 tty=(none) ses=4294967295 comm="netbpfload" exe="/apex/com.android.tethering/bin/netbpfload" subj=u:r:bpfloader:s0 key=(null)
[  177.971424][  T427] type=1327 audit(1790964369.428:46): proctitle="/apex/com.android.tethering/bin/netbpfload"
[  177.972098][  T427] type=1320 audit(1790964369.428:46): 
[  177.972477][  T427] type=1334 audit(1790964369.432:47): prog-id=36 op=LOAD
[  177.972949][  T427] type=1300 audit(1790964369.432:47): arch=c00000b7 syscall=280 success=yes exit=57 a0=5 a1=7fc5b681b0 a2=94 a3=2 items=0 ppid=1 auid=4294967295 uid=0 gid=0 euid=0 suid=0 fsuid=0 egid=0 sgid=0 fsgid=0 tty=(none) ses=4294967295 comm="netbpfload" exe="/apex/com.android.tethering/bin/netbpfload" subj=u:r:bpfloader:s0 key=(null)
[  177.974345][  T427] type=1327 audit(1790964369.432:47): proctitle="/apex/com.android.tethering/bin/netbpfload"
[  177.975115][  T427] type=1320 audit(1790964369.432:47): 
[  177.976957][  T427] type=1334 audit(1790964369.432:48): prog-id=37 op=LOAD
[  177.977341][  T427] type=1300 audit(1790964369.432:48): arch=c00000b7 syscall=280 success=yes exit=58 a0=5 a1=7fc5b681b0 a2=94 a3=2 items=0 ppid=1 auid=4294967295 uid=0 gid=0 euid=0 suid=0 fsuid=0 egid=0 sgid=0 fsgid=0 tty=(none) ses=4294967295 comm="netbpfload" exe="/apex/com.android.tethering/bin/netbpfload" subj=u:r:bpfloader:s0 key=(null)
[  177.978835][  T427] type=1327 audit(1790964369.432:48): proctitle="/apex/com.android.tethering/bin/netbpfload"
[  177.979473][  T427] type=1320 audit(1790964369.432:48): 
[  177.980206][  T427] type=1334 audit(1790964369.436:49): prog-id=38 op=LOAD
[  177.980805][  T427] type=1300 audit(1790964369.436:49): arch=c00000b7 syscall=280 success=yes exit=59 a0=5 a1=7fc5b681b0 a2=94 a3=2 items=0 ppid=1 auid=4294967295 uid=0 gid=0 euid=0 suid=0 fsuid=0 egid=0 sgid=0 fsgid=0 tty=(none) ses=4294967295 comm="netbpfload" exe="/apex/com.android.tethering/bin/netbpfload" subj=u:r:bpfloader:s0 key=(null)
[  177.980809][  T427] type=1327 audit(1790964369.436:49): proctitle="/apex/com.android.tethering/bin/netbpfload"
[  177.980813][  T427] type=1320 audit(1790964369.436:49): 
[  177.980816][  T427] type=1334 audit(1790964369.436:50): prog-id=39 op=LOAD
[  177.980820][  T427] type=1300 audit(1790964369.436:50): arch=c00000b7 syscall=280 success=yes exit=60 a0=5 a1=7fc5b681b0 a2=94 a3=2 items=0 ppid=1 auid=4294967295 uid=0 gid=0 euid=0 suid=0 fsuid=0 egid=0 sgid=0 fsgid=0 tty=(none) ses=4294967295 comm="netbpfload" exe="/apex/com.android.tethering/bin/netbpfload" subj=u:r:bpfloader:s0 key=(null)
[  177.980929][  T427] type=1327 audit(1790964369.436:50): proctitle="/apex/com.android.tethering/bin/netbpfload"
[  177.981005][  T427] type=1320 audit(1790964369.436:50): 
[  177.981009][  T427] type=1334 audit(1790964369.440:51): prog-id=40 op=LOAD
[  177.983270][  T427] type=1300 audit(1790964369.440:51): arch=c00000b7 syscall=280 success=yes exit=61 a0=5 a1=7fc5b681b0 a2=94 a3=50 items=0 ppid=1 auid=4294967295 uid=0 gid=0 euid=0 suid=0 fsuid=0 egid=0 sgid=0 fsgid=0 tty=(none) ses=4294967295 comm="netbpfload" exe="/apex/com.android.tethering/bin/netbpfload" subj=u:r:bpfloader:s0 key=(null)
[  177.984294][  T427] type=1327 audit(1790964369.440:51): proctitle="/apex/com.android.tethering/bin/netbpfload"
[  177.986365][  T427] type=1320 audit(1790964369.440:51): 
[  177.986967][  T427] type=1334 audit(1790964369.440:52): prog-id=41 op=LOAD
[  177.989124][  T427] type=1300 audit(1790964369.440:52): arch=c00000b7 syscall=280 success=yes exit=62 a0=5 a1=7fc5b681b0 a2=94 a3=43 items=0 ppid=1 auid=4294967295 uid=0 gid=0 euid=0 suid=0 fsuid=0 egid=0 sgid=0 fsgid=0 tty=(none) ses=4294967295 comm="netbpfload" exe="/apex/com.android.tethering/bin/netbpfload" subj=u:r:bpfloader:s0 key=(null)
[  177.989843][  T427] type=1327 audit(1790964369.440:52): proctitle="/apex/com.android.tethering/bin/netbpfload"
[  177.991796][  T427] type=1320 audit(1790964369.440:52): 
[  178.012136][  T602] NetBpfLoad: done, transferring control to uprobestatsbpfload.
[  178.475307][  T602] UprobeStatsBpfLoad: UprobeStatsBpfLoad loading optional ELF object /apex/com.android.uprobestats/etc/bpf/uprobestats/BitmapAllocation.o with license GPL
[  178.645970][  T427] type=1334 audit(1790964370.116:53): prog-id=42 op=LOAD
[  178.649729][  T427] type=1300 audit(1790964370.116:53): arch=c00000b7 syscall=280 success=yes exit=8 a0=5 a1=7fc16de060 a2=a8 a3=b4000076fd20e8df items=0 ppid=1 auid=4294967295 uid=0 gid=0 euid=0 suid=0 fsuid=0 egid=0 sgid=0 fsgid=0 tty=(none) ses=4294967295 comm="uprobestatsbpfl" exe="/apex/com.android.uprobestats/bin/uprobestatsbpfload" subj=u:r:bpfloader:s0 key=(null)
[  178.652875][  T427] type=1327 audit(1790964370.116:53): proctitle="/apex/com.android.tethering/bin/netbpfload"
[  178.654461][  T427] type=1320 audit(1790964370.116:53): 
[  178.654856][  T427] type=1334 audit(1790964370.128:54): prog-id=43 op=LOAD
[  178.655444][  T427] type=1300 audit(1790964370.128:54): arch=c00000b7 syscall=280 success=yes exit=9 a0=5 a1=7fc16de060 a2=a8 a3=b40000782d20e780 items=0 ppid=1 auid=4294967295 uid=0 gid=0 euid=0 suid=0 fsuid=0 egid=0 sgid=0 fsgid=0 tty=(none) ses=4294967295 comm="uprobestatsbpfl" exe="/apex/com.android.uprobestats/bin/uprobestatsbpfload" subj=u:r:bpfloader:s0 key=(null)
[  178.658212][  T427] type=1327 audit(1790964370.128:54): proctitle="/apex/com.android.tethering/bin/netbpfload"
[  178.658902][  T427] type=1320 audit(1790964370.128:54): 
[  178.659310][  T427] type=1334 audit(1790964370.140:55): prog-id=44 op=LOAD
[  178.660169][  T427] type=1300 audit(1790964370.140:55): arch=c00000b7 syscall=280 success=yes exit=10 a0=5 a1=7fc16de060 a2=a8 a3=b4000076fd20e31f items=0 ppid=1 auid=4294967295 uid=0 gid=0 euid=0 suid=0 fsuid=0 egid=0 sgid=0 fsgid=0 tty=(none) ses=4294967295 comm="uprobestatsbpfl" exe="/apex/com.android.uprobestats/bin/uprobestatsbpfload" subj=u:r:bpfloader:s0 key=(null)
[  178.662143][  T427] type=1327 audit(1790964370.140:55): proctitle="/apex/com.android.tethering/bin/netbpfload"
[  178.662810][  T427] type=1320 audit(1790964370.140:55): 
[  178.663437][  T427] type=1334 audit(1790964370.140:56): prog-id=45 op=LOAD
[  178.663944][  T427] type=1300 audit(1790964370.140:56): arch=c00000b7 syscall=280 success=yes exit=11 a0=5 a1=7fc16de060 a2=a8 a3=b4000076fd20eb5f items=0 ppid=1 auid=4294967295 uid=0 gid=0 euid=0 suid=0 fsuid=0 egid=0 sgid=0 fsgid=0 tty=(none) ses=4294967295 comm="uprobestatsbpfl" exe="/apex/com.android.uprobestats/bin/uprobestatsbpfload" subj=u:r:bpfloader:s0 key=(null)
[  178.665999][  T427] type=1327 audit(1790964370.140:56): proctitle="/apex/com.android.tethering/bin/netbpfload"
[  178.674174][  T427] type=1320 audit(1790964370.140:56): 
[  178.676708][  T427] type=1334 audit(1790964370.144:57): prog-id=46 op=LOAD
[  178.679860][  T427] type=1300 audit(1790964370.144:57): arch=c00000b7 syscall=280 success=yes exit=12 a0=5 a1=7fc16de060 a2=a8 a3=b4000076fd20e41f items=0 ppid=1 auid=4294967295 uid=0 gid=0 euid=0 suid=0 fsuid=0 egid=0 sgid=0 fsgid=0 tty=(none) ses=4294967295 comm="uprobestatsbpfl" exe="/apex/com.android.uprobestats/bin/uprobestatsbpfload" subj=u:r:bpfloader:s0 key=(null)
[  178.682881][  T427] type=1327 audit(1790964370.144:57): proctitle="/apex/com.android.tethering/bin/netbpfload"
[  178.683528][  T427] type=1320 audit(1790964370.144:57): 
[  178.683885][  T427] type=1334 audit(1790964370.148:58): prog-id=47 op=LOAD
[  178.684290][  T427] type=1300 audit(1790964370.148:58): arch=c00000b7 syscall=280 success=yes exit=13 a0=5 a1=7fc16de060 a2=a8 a3=b4000076fd20ea1f items=0 ppid=1 auid=4294967295 uid=0 gid=0 euid=0 suid=0 fsuid=0 egid=0 sgid=0 fsgid=0 tty=(none) ses=4294967295 comm="uprobestatsbpfl" exe="/apex/com.android.uprobestats/bin/uprobestatsbpfload" subj=u:r:bpfloader:s0 key=(null)
[  178.685528][  T602] UprobeStatsBpfLoad: UprobeStatsBpfLoad loading optional ELF object /apex/com.android.uprobestats/etc/bpf/uprobestats/Binder.o with license GPL
[  178.686591][  T427] type=1327 audit(1790964370.148:58): proctitle="/apex/com.android.tethering/bin/netbpfload"
[  178.689682][  T427] type=1320 audit(1790964370.148:58): 
[  178.729720][  T427] type=1334 audit(1790964370.208:59): prog-id=48 op=LOAD
[  178.730592][  T427] type=1300 audit(1790964370.208:59): arch=c00000b7 syscall=280 success=yes exit=7 a0=5 a1=7fc16de060 a2=a8 a3=b4000076fd20e8df items=0 ppid=1 auid=4294967295 uid=0 gid=0 euid=0 suid=0 fsuid=0 egid=0 sgid=0 fsgid=0 tty=(none) ses=4294967295 comm="uprobestatsbpfl" exe="/apex/com.android.uprobestats/bin/uprobestatsbpfload" subj=u:r:bpfloader:s0 key=(null)
[  178.731549][  T602] UprobeStatsBpfLoad: UprobeStatsBpfLoad loading optional ELF object /apex/com.android.uprobestats/etc/bpf/uprobestats/Accessibility.o with license GPL
[  178.732423][  T427] type=1327 audit(1790964370.208:59): proctitle="/apex/com.android.tethering/bin/netbpfload"
[  178.733885][  T427] type=1320 audit(1790964370.208:59): 
[  178.735934][  T427] type=1334 audit(1790964370.224:60): prog-id=49 op=LOAD
[  178.736860][  T427] type=1300 audit(1790964370.224:60): arch=c00000b7 syscall=280 success=yes exit=6 a0=5 a1=7fc16de060 a2=a8 a3=b4000076fd20e31f items=0 ppid=1 auid=4294967295 uid=0 gid=0 euid=0 suid=0 fsuid=0 egid=0 sgid=0 fsgid=0 tty=(none) ses=4294967295 comm="uprobestatsbpfl" exe="/apex/com.android.uprobestats/bin/uprobestatsbpfload" subj=u:r:bpfloader:s0 key=(null)
[  178.738723][  T427] type=1327 audit(1790964370.224:60): proctitle="/apex/com.android.tethering/bin/netbpfload"
[  178.739310][  T427] type=1320 audit(1790964370.224:60): 
[  178.740792][  T427] type=1334 audit(1790964370.224:61): prog-id=50 op=LOAD
[  178.741856][  T427] type=1300 audit(1790964370.224:61): arch=c00000b7 syscall=280 success=yes exit=7 a0=5 a1=7fc16de060 a2=a8 a3=b4000076fd20eb5f items=0 ppid=1 auid=4294967295 uid=0 gid=0 euid=0 suid=0 fsuid=0 egid=0 sgid=0 fsgid=0 tty=(none) ses=4294967295 comm="uprobestatsbpfl" exe="/apex/com.android.uprobestats/bin/uprobestatsbpfload" subj=u:r:bpfloader:s0 key=(null)
[  178.743393][  T602] UprobeStatsBpfLoad: UprobeStatsBpfLoad loading optional ELF object /apex/com.android.uprobestats/etc/bpf/uprobestats/ArtTest.o with license GPL
[  178.743696][  T427] type=1327 audit(1790964370.224:61): proctitle="/apex/com.android.tethering/bin/netbpfload"
[  178.743701][  T427] type=1320 audit(1790964370.224:61): 
[  178.747547][  T427] type=1334 audit(1790964370.232:62): prog-id=51 op=LOAD
[  178.747969][  T427] type=1300 audit(1790964370.232:62): arch=c00000b7 syscall=280 success=yes exit=7 a0=5 a1=7fc16de060 a2=a8 a3=b4000076fd20e71f items=0 ppid=1 auid=4294967295 uid=0 gid=0 euid=0 suid=0 fsuid=0 egid=0 sgid=0 fsgid=0 tty=(none) ses=4294967295 comm="uprobestatsbpfl" exe="/apex/com.android.uprobestats/bin/uprobestatsbpfload" subj=u:r:bpfloader:s0 key=(null)
[  178.749779][  T427] type=1327 audit(1790964370.232:62): proctitle="/apex/com.android.tethering/bin/netbpfload"
[  178.750228][  T427] type=1320 audit(1790964370.232:62): 
[  178.751538][  T427] type=1334 audit(1790964370.232:63): prog-id=52 op=LOAD
[  178.752278][  T427] type=1300 audit(1790964370.232:63): arch=c00000b7 syscall=280 success=yes exit=8 a0=5 a1=7fc16de060 a2=a8 a3=b4000076fd20e41f items=0 ppid=1 auid=4294967295 uid=0 gid=0 euid=0 suid=0 fsuid=0 egid=0 sgid=0 fsgid=0 tty=(none) ses=4294967295 comm="uprobestatsbpfl" exe="/apex/com.android.uprobestats/bin/uprobestatsbpfload" subj=u:r:bpfloader:s0 key=(null)
[  178.754027][  T427] type=1327 audit(1790964370.232:63): proctitle="/apex/com.android.tethering/bin/netbpfload"
[  178.754281][  T602] UprobeStatsBpfLoad: UprobeStatsBpfLoad loading optional ELF object /apex/com.android.uprobestats/etc/bpf/uprobestats/GenericInstrumentation.o with license GPL
[  178.754755][  T427] type=1320 audit(1790964370.232:63): 
[  178.761307][  T427] type=1334 audit(1790964370.244:64): prog-id=53 op=LOAD
[  178.761733][  T427] type=1300 audit(1790964370.244:64): arch=c00000b7 syscall=280 success=yes exit=7 a0=5 a1=7fc16de060 a2=a8 a3=b40000782d20e6c8 items=0 ppid=1 auid=4294967295 uid=0 gid=0 euid=0 suid=0 fsuid=0 egid=0 sgid=0 fsgid=0 tty=(none) ses=4294967295 comm="uprobestatsbpfl" exe="/apex/com.android.uprobestats/bin/uprobestatsbpfload" subj=u:r:bpfloader:s0 key=(null)
[  178.763546][  T427] type=1327 audit(1790964370.244:64): proctitle="/apex/com.android.tethering/bin/netbpfload"
[  178.764669][  T427] type=1320 audit(1790964370.244:64): 
[  178.764991][  T427] type=1334 audit(1790964370.248:65): prog-id=54 op=LOAD
[  178.765343][  T427] type=1300 audit(1790964370.248:65): arch=c00000b7 syscall=280 success=yes exit=8 a0=5 a1=7fc16de060 a2=a8 a3=b40000782d20e780 items=0 ppid=1 auid=4294967295 uid=0 gid=0 euid=0 suid=0 fsuid=0 egid=0 sgid=0 fsgid=0 tty=(none) ses=4294967295 comm="uprobestatsbpfl" exe="/apex/com.android.uprobestats/bin/uprobestatsbpfload" subj=u:r:bpfloader:s0 key=(null)
[  178.767327][  T427] type=1327 audit(1790964370.248:65): proctitle="/apex/com.android.tethering/bin/netbpfload"
[  178.767972][  T427] type=1320 audit(1790964370.248:65): 
[  178.768182][  T427] type=1334 audit(1790964370.252:66): prog-id=55 op=LOAD
[  178.768815][  T427] type=1300 audit(1790964370.252:66): arch=c00000b7 syscall=280 success=yes exit=9 a0=5 a1=7fc16de060 a2=a8 a3=b4000076fd20e71f items=0 ppid=1 auid=4294967295 uid=0 gid=0 euid=0 suid=0 fsuid=0 egid=0 sgid=0 fsgid=0 tty=(none) ses=4294967295 comm="uprobestatsbpfl" exe="/apex/com.android.uprobestats/bin/uprobestatsbpfload" subj=u:r:bpfloader:s0 key=(null)
[  178.770700][  T427] type=1327 audit(1790964370.252:66): proctitle="/apex/com.android.tethering/bin/netbpfload"
[  178.771289][  T427] type=1320 audit(1790964370.252:66): 
[  178.771816][  T427] type=1334 audit(1790964370.252:67): prog-id=56 op=LOAD
[  178.772241][  T427] type=1300 audit(1790964370.252:67): arch=c00000b7 syscall=280 success=yes exit=10 a0=5 a1=7fc16de060 a2=a8 a3=b4000076fd20e41f items=0 ppid=1 auid=4294967295 uid=0 gid=0 euid=0 suid=0 fsuid=0 egid=0 sgid=0 fsgid=0 tty=(none) ses=4294967295 comm="uprobestatsbpfl" exe="/apex/com.android.uprobestats/bin/uprobestatsbpfload" subj=u:r:bpfloader:s0 key=(null)
[  178.774148][  T427] type=1327 audit(1790964370.252:67): proctitle="/apex/com.android.tethering/bin/netbpfload"
[  178.775137][  T427] type=1320 audit(1790964370.252:67): 
[  178.775450][  T427] type=1334 audit(1790964370.256:68): prog-id=57 op=LOAD
[  178.775922][  T427] type=1300 audit(1790964370.256:68): arch=c00000b7 syscall=280 success=yes exit=11 a0=5 a1=7fc16de060 a2=a8 a3=b4000076fd20e31f items=0 ppid=1 auid=4294967295 uid=0 gid=0 euid=0 suid=0 fsuid=0 egid=0 sgid=0 fsgid=0 tty=(none) ses=4294967295 comm="uprobestatsbpfl" exe="/apex/com.android.uprobestats/bin/uprobestatsbpfload" subj=u:r:bpfloader:s0 key=(null)
[  178.778119][  T427] type=1327 audit(1790964370.256:68): proctitle="/apex/com.android.tethering/bin/netbpfload"
[  178.779168][  T427] type=1320 audit(1790964370.256:68): 
[  178.779525][  T427] type=1334 audit(1790964370.256:69): prog-id=58 op=LOAD
[  178.780283][  T427] type=1300 audit(1790964370.256:69): arch=c00000b7 syscall=280 success=yes exit=12 a0=5 a1=7fc16de060 a2=a8 a3=b4000076fd20e8df items=0 ppid=1 auid=4294967295 uid=0 gid=0 euid=0 suid=0 fsuid=0 egid=0 sgid=0 fsgid=0 tty=(none) ses=4294967295 comm="uprobestatsbpfl" exe="/apex/com.android.uprobestats/bin/uprobestatsbpfload" subj=u:r:bpfloader:s0 key=(null)
[  178.780686][  T602] UprobeStatsBpfLoad: UprobeStatsBpfLoad loading optional ELF object /apex/com.android.uprobestats/etc/bpf/uprobestats/ProcessManagement.o with license GPL
[  178.782441][  T427] type=1327 audit(1790964370.256:69): proctitle="/apex/com.android.tethering/bin/netbpfload"
[  178.785131][  T427] type=1320 audit(1790964370.256:69): 
[  178.785901][  T427] type=1334 audit(1790964370.260:70): prog-id=59 op=LOAD
[  178.786717][  T427] type=1300 audit(1790964370.260:70): arch=c00000b7 syscall=280 success=yes exit=13 a0=5 a1=7fc16de060 a2=a8 a3=b4000076fd20eb5f items=0 ppid=1 auid=4294967295 uid=0 gid=0 euid=0 suid=0 fsuid=0 egid=0 sgid=0 fsgid=0 tty=(none) ses=4294967295 comm="uprobestatsbpfl" exe="/apex/com.android.uprobestats/bin/uprobestatsbpfload" subj=u:r:bpfloader:s0 key=(null)
[  178.790188][  T427] type=1327 audit(1790964370.260:70): proctitle="/apex/com.android.tethering/bin/netbpfload"
[  178.791413][  T427] type=1320 audit(1790964370.260:70): 
[  178.792792][  T427] type=1334 audit(1790964370.280:71): prog-id=60 op=LOAD
[  178.793113][  T427] type=1300 audit(1790964370.280:71): arch=c00000b7 syscall=280 success=yes exit=8 a0=5 a1=7fc16de060 a2=a8 a3=b4000076fd20e31f items=0 ppid=1 auid=4294967295 uid=0 gid=0 euid=0 suid=0 fsuid=0 egid=0 sgid=0 fsgid=0 tty=(none) ses=4294967295 comm="uprobestatsbpfl" exe="/apex/com.android.uprobestats/bin/uprobestatsbpfload" subj=u:r:bpfloader:s0 key=(null)
[  178.795300][  T427] type=1327 audit(1790964370.280:71): proctitle="/apex/com.android.tethering/bin/netbpfload"
[  178.796320][  T427] type=1320 audit(1790964370.280:71): 
[  178.796725][  T427] type=1334 audit(1790964370.280:72): prog-id=61 op=LOAD
[  178.797203][  T427] type=1300 audit(1790964370.280:72): arch=c00000b7 syscall=280 success=yes exit=9 a0=5 a1=7fc16de060 a2=a8 a3=b4000076fd20e41f items=0 ppid=1 auid=4294967295 uid=0 gid=0 euid=0 suid=0 fsuid=0 egid=0 sgid=0 fsgid=0 tty=(none) ses=4294967295 comm="uprobestatsbpfl" exe="/apex/com.android.uprobestats/bin/uprobestatsbpfload" subj=u:r:bpfloader:s0 key=(null)
[  178.799169][  T427] type=1327 audit(1790964370.280:72): proctitle="/apex/com.android.tethering/bin/netbpfload"
[  178.800215][  T427] type=1320 audit(1790964370.280:72): 
[  178.800559][  T427] type=1334 audit(1790964370.280:73): prog-id=62 op=LOAD
[  178.801236][  T427] type=1300 audit(1790964370.280:73): arch=c00000b7 syscall=280 success=yes exit=10 a0=5 a1=7fc16de060 a2=a8 a3=b40000782d20e838 items=0 ppid=1 auid=4294967295 uid=0 gid=0 euid=0 suid=0 fsuid=0 egid=0 sgid=0 fsgid=0 tty=(none) ses=4294967295 comm="uprobestatsbpfl" exe="/apex/com.android.uprobestats/bin/uprobestatsbpfload" subj=u:r:bpfloader:s0 key=(null)
[  178.803583][  T427] type=1327 audit(1790964370.280:73): proctitle="/apex/com.android.tethering/bin/netbpfload"
[  178.804183][  T602] UprobeStatsBpfLoad: UprobeStatsBpfLoad loading optional ELF object /apex/com.android.uprobestats/etc/bpf/uprobestats/DisruptiveApp.o with license GPL
[  178.804268][  T427] type=1320 audit(1790964370.280:73): 
[  178.805596][  T427] type=1334 audit(1790964370.284:74): prog-id=63 op=LOAD
[  178.806181][  T427] type=1300 audit(1790964370.284:74): arch=c00000b7 syscall=280 success=yes exit=11 a0=5 a1=7fc16de060 a2=a8 a3=b40000782d20e8f0 items=0 ppid=1 auid=4294967295 uid=0 gid=0 euid=0 suid=0 fsuid=0 egid=0 sgid=0 fsgid=0 tty=(none) ses=4294967295 comm="uprobestatsbpfl" exe="/apex/com.android.uprobestats/bin/uprobestatsbpfload" subj=u:r:bpfloader:s0 key=(null)
[  178.808307][  T427] type=1327 audit(1790964370.284:74): proctitle="/apex/com.android.tethering/bin/netbpfload"
[  178.811557][  T427] type=1320 audit(1790964370.284:74): 
[  178.812047][  T427] type=1334 audit(1790964370.284:75): prog-id=64 op=LOAD
[  178.812650][  T427] type=1300 audit(1790964370.284:75): arch=c00000b7 syscall=280 success=yes exit=12 a0=5 a1=7fc16de060 a2=a8 a3=b4000076fd20eb5f items=0 ppid=1 auid=4294967295 uid=0 gid=0 euid=0 suid=0 fsuid=0 egid=0 sgid=0 fsgid=0 tty=(none) ses=4294967295 comm="uprobestatsbpfl" exe="/apex/com.android.uprobestats/bin/uprobestatsbpfload" subj=u:r:bpfloader:s0 key=(null)
[  178.815458][  T427] type=1327 audit(1790964370.284:75): proctitle="/apex/com.android.tethering/bin/netbpfload"
[  178.817778][  T427] type=1320 audit(1790964370.284:75): 
[  178.823587][  T427] type=1334 audit(1790964370.296:76): prog-id=65 op=LOAD
[  178.823947][  T427] type=1300 audit(1790964370.296:76): arch=c00000b7 syscall=280 success=yes exit=7 a0=5 a1=7fc16de060 a2=a8 a3=b4000076fd20e31f items=0 ppid=1 auid=4294967295 uid=0 gid=0 euid=0 suid=0 fsuid=0 egid=0 sgid=0 fsgid=0 tty=(none) ses=4294967295 comm="uprobestatsbpfl" exe="/apex/com.android.uprobestats/bin/uprobestatsbpfload" subj=u:r:bpfloader:s0 key=(null)
[  178.825669][  T427] type=1327 audit(1790964370.296:76): proctitle="/apex/com.android.tethering/bin/netbpfload"
[  178.826321][  T427] type=1320 audit(1790964370.296:76): 
[  178.826662][  T427] type=1334 audit(1790964370.300:77): prog-id=66 op=LOAD
[  178.827023][  T427] type=1300 audit(1790964370.300:77): arch=c00000b7 syscall=280 success=yes exit=8 a0=5 a1=7fc16de060 a2=a8 a3=b4000076fd20e71f items=0 ppid=1 auid=4294967295 uid=0 gid=0 euid=0 suid=0 fsuid=0 egid=0 sgid=0 fsgid=0 tty=(none) ses=4294967295 comm="uprobestatsbpfl" exe="/apex/com.android.uprobestats/bin/uprobestatsbpfload" subj=u:r:bpfloader:s0 key=(null)
[  178.828728][  T427] type=1327 audit(1790964370.300:77): proctitle="/apex/com.android.tethering/bin/netbpfload"
[  178.829307][  T427] type=1320 audit(1790964370.300:77): 
[  179.491346][  T427] type=1334 audit(1790964370.948:78): prog-id=67 op=LOAD
[  179.506858][  T427] type=1300 audit(1790964370.948:78): arch=c00000b7 syscall=280 success=yes exit=4 a0=5 a1=7fc98dfce8 a2=74 a3=200 items=0 ppid=1 auid=4294967295 uid=0 gid=0 euid=0 suid=0 fsuid=0 egid=0 sgid=0 fsgid=0 tty=(none) ses=4294967295 comm="bpfloader" exe="/system/bin/bpfloader" subj=u:r:bpfloader:s0 key=(null)
[  179.521260][  T427] type=1327 audit(1790964370.948:78): proctitle="/apex/com.android.tethering/bin/netbpfload"
[  179.524091][  T427] type=1320 audit(1790964370.948:78): 
[  179.527104][  T427] type=1334 audit(1790964370.960:79): prog-id=67 op=UNLOAD
[  179.529767][  T427] type=1300 audit(1790964370.960:79): arch=c00000b7 syscall=57 success=yes exit=0 a0=4 a1=0 a2=78aabdb4d8 a3=200 items=0 ppid=1 auid=4294967295 uid=0 gid=0 euid=0 suid=0 fsuid=0 egid=0 sgid=0 fsgid=0 tty=(none) ses=4294967295 comm="bpfloader" exe="/system/bin/bpfloader" subj=u:r:bpfloader:s0 key=(null)
[  179.549634][  T427] type=1327 audit(1790964370.960:79): proctitle="/apex/com.android.tethering/bin/netbpfload"
[  179.556769][  T427] type=1320 audit(1790964370.960:79): 
[  179.558935][  T427] type=1334 audit(1790964370.968:80): prog-id=68 op=LOAD
[  179.566836][  T427] type=1300 audit(1790964370.968:80): arch=c00000b7 syscall=280 success=yes exit=4 a0=5 a1=7fc98dfd40 a2=94 a3=2 items=0 ppid=1 auid=4294967295 uid=0 gid=0 euid=0 suid=0 fsuid=0 egid=0 sgid=0 fsgid=0 tty=(none) ses=4294967295 comm="bpfloader" exe="/system/bin/bpfloader" subj=u:r:bpfloader:s0 key=(null)
[  179.584854][  T427] type=1327 audit(1790964370.968:80): proctitle="/apex/com.android.tethering/bin/netbpfload"
[  179.594280][  T427] type=1320 audit(1790964370.968:80): 
[  179.605728][  T427] type=1334 audit(1790964370.992:81): prog-id=68 op=UNLOAD
[  179.609214][  T427] type=1300 audit(1790964370.992:81): arch=c00000b7 syscall=57 success=yes exit=0 a0=4 a1=0 a2=78aabdb4d8 a3=2 items=0 ppid=1 auid=4294967295 uid=0 gid=0 euid=0 suid=0 fsuid=0 egid=0 sgid=0 fsgid=0 tty=(none) ses=4294967295 comm="bpfloader" exe="/system/bin/bpfloader" subj=u:r:bpfloader:s0 key=(null)
[  179.626043][  T427] type=1327 audit(1790964370.992:81): proctitle="/apex/com.android.tethering/bin/netbpfload"
[  179.631376][  T427] type=1320 audit(1790964370.992:81): 
[  180.168983][  T427] type=1334 audit(1790964371.636:82): prog-id=69 op=LOAD
[  180.177804][  T427] type=1300 audit(1790964371.636:82): arch=c00000b7 syscall=280 success=yes exit=20 a0=5 a1=7fc98dfa58 a2=40 a3=4 items=0 ppid=1 auid=4294967295 uid=0 gid=0 euid=0 suid=0 fsuid=0 egid=0 sgid=0 fsgid=0 tty=(none) ses=4294967295 comm="bpfloader" exe="/system/bin/bpfloader" subj=u:r:bpfloader:s0 key=(null)
[  180.181213][  T427] type=1327 audit(1790964371.636:82): proctitle="/apex/com.android.tethering/bin/netbpfload"
[  180.229487][  T427] type=1320 audit(1790964371.636:82): 
[  180.234831][  T427] type=1334 audit(1790964371.644:83): prog-id=69 op=UNLOAD
[  180.248516][  T427] type=1300 audit(1790964371.644:83): arch=c00000b7 syscall=57 success=yes exit=0 a0=14 a1=0 a2=78aabdb558 a3=4 items=0 ppid=1 auid=4294967295 uid=0 gid=0 euid=0 suid=0 fsuid=0 egid=0 sgid=0 fsgid=0 tty=(none) ses=4294967295 comm="bpfloader" exe="/system/bin/bpfloader" subj=u:r:bpfloader:s0 key=(null)
[  180.267938][  T427] type=1327 audit(1790964371.644:83): proctitle="/apex/com.android.tethering/bin/netbpfload"
[  180.279988][  T427] type=1320 audit(1790964371.644:83): 
[  180.288481][  T427] type=1334 audit(1790964371.644:84): prog-id=70 op=LOAD
[  180.292898][  T427] type=1300 audit(1790964371.644:84): arch=c00000b7 syscall=280 success=yes exit=20 a0=5 a1=7fc98dfbc0 a2=94 a3=7fc98dfcd0 items=0 ppid=1 auid=4294967295 uid=0 gid=0 euid=0 suid=0 fsuid=0 egid=0 sgid=0 fsgid=0 tty=(none) ses=4294967295 comm="bpfloader" exe="/system/bin/bpfloader" subj=u:r:bpfloader:s0 key=(null)
[  180.310386][  T427] type=1327 audit(1790964371.644:84): proctitle="/apex/com.android.tethering/bin/netbpfload"
[  180.316471][  T427] type=1320 audit(1790964371.644:84): 
[  180.320784][  T427] type=1334 audit(1790964371.668:85): prog-id=70 op=UNLOAD
[  180.326798][  T427] type=1300 audit(1790964371.668:85): arch=c00000b7 syscall=57 success=yes exit=0 a0=14 a1=0 a2=78aabdb558 a3=7fc98dfcd0 items=0 ppid=1 auid=4294967295 uid=0 gid=0 euid=0 suid=0 fsuid=0 egid=0 sgid=0 fsgid=0 tty=(none) ses=4294967295 comm="bpfloader" exe="/system/bin/bpfloader" subj=u:r:bpfloader:s0 key=(null)
[  180.347936][  T427] type=1327 audit(1790964371.668:85): proctitle="/apex/com.android.tethering/bin/netbpfload"
[  180.361842][  T427] type=1320 audit(1790964371.668:85): 
[  180.421169][  T427] type=1334 audit(1790964371.884:86): prog-id=71 op=LOAD
[  180.440860][  T427] type=1300 audit(1790964371.884:86): arch=c00000b7 syscall=280 success=yes exit=20 a0=5 a1=7fc98dfc40 a2=94 a3=6 items=0 ppid=1 auid=4294967295 uid=0 gid=0 euid=0 suid=0 fsuid=0 egid=0 sgid=0 fsgid=0 tty=(none) ses=4294967295 comm="bpfloader" exe="/system/bin/bpfloader" subj=u:r:bpfloader:s0 key=(null)
[  180.460861][  T427] type=1327 audit(1790964371.884:86): proctitle="/apex/com.android.tethering/bin/netbpfload"
[  180.466359][  T427] type=1320 audit(1790964371.884:86): 
[  180.466896][  T427] type=1334 audit(1790964371.900:87): prog-id=71 op=UNLOAD
[  180.468089][  T427] type=1300 audit(1790964371.900:87): arch=c00000b7 syscall=57 success=yes exit=0 a0=14 a1=0 a2=78aabdb558 a3=6 items=0 ppid=1 auid=4294967295 uid=0 gid=0 euid=0 suid=0 fsuid=0 egid=0 sgid=0 fsgid=0 tty=(none) ses=4294967295 comm="bpfloader" exe="/system/bin/bpfloader" subj=u:r:bpfloader:s0 key=(null)
[  180.470448][  T427] type=1327 audit(1790964371.900:87): proctitle="/apex/com.android.tethering/bin/netbpfload"
[  180.471218][  T427] type=1320 audit(1790964371.900:87): 
[  180.472198][  T427] type=1334 audit(1790964371.904:88): prog-id=72 op=LOAD
[  180.509140][  T427] type=1300 audit(1790964371.904:88): arch=c00000b7 syscall=280 success=yes exit=20 a0=5 a1=7fc98dfd40 a2=94 a3=375 items=0 ppid=1 auid=4294967295 uid=0 gid=0 euid=0 suid=0 fsuid=0 egid=0 sgid=0 fsgid=0 tty=(none) ses=4294967295 comm="bpfloader" exe="/system/bin/bpfloader" subj=u:r:bpfloader:s0 key=(null)
[  180.520601][  T427] type=1327 audit(1790964371.904:88): proctitle="/apex/com.android.tethering/bin/netbpfload"
[  180.525847][  T427] type=1320 audit(1790964371.904:88): 
[  180.539223][  T427] type=1334 audit(1790964371.956:89): prog-id=73 op=LOAD
[  180.542125][  T427] type=1300 audit(1790964371.956:89): arch=c00000b7 syscall=280 success=yes exit=21 a0=5 a1=7fc98dfd40 a2=94 a3=1f items=0 ppid=1 auid=4294967295 uid=0 gid=0 euid=0 suid=0 fsuid=0 egid=0 sgid=0 fsgid=0 tty=(none) ses=4294967295 comm="bpfloader" exe="/system/bin/bpfloader" subj=u:r:bpfloader:s0 key=(null)
[  180.553815][  T427] type=1327 audit(1790964371.956:89): proctitle="/apex/com.android.tethering/bin/netbpfload"
[  180.586179][  T427] type=1320 audit(1790964371.956:89): 
[  180.592078][  T427] type=1334 audit(1790964371.956:90): prog-id=74 op=LOAD
[  180.625045][  T427] type=1300 audit(1790964371.956:90): arch=c00000b7 syscall=280 success=yes exit=22 a0=5 a1=7fc98dfd40 a2=94 a3=98 items=0 ppid=1 auid=4294967295 uid=0 gid=0 euid=0 suid=0 fsuid=0 egid=0 sgid=0 fsgid=0 tty=(none) ses=4294967295 comm="bpfloader" exe="/system/bin/bpfloader" subj=u:r:bpfloader:s0 key=(null)
[  180.678345][  T427] type=1327 audit(1790964371.956:90): proctitle="/apex/com.android.tethering/bin/netbpfload"
[  180.689126][  T427] type=1320 audit(1790964371.956:90): 
[  180.711497][  T427] type=1334 audit(1790964372.180:91): prog-id=75 op=LOAD
[  180.715433][  T427] type=1300 audit(1790964372.180:91): arch=c00000b7 syscall=280 success=yes exit=4 a0=5 a1=7fc98dfd40 a2=94 a3=2 items=0 ppid=1 auid=4294967295 uid=0 gid=0 euid=0 suid=0 fsuid=0 egid=0 sgid=0 fsgid=0 tty=(none) ses=4294967295 comm="bpfloader" exe="/system/bin/bpfloader" subj=u:r:bpfloader:s0 key=(null)
[  180.719886][  T427] type=1327 audit(1790964372.180:91): proctitle="/apex/com.android.tethering/bin/netbpfload"
[  180.720583][  T427] type=1320 audit(1790964372.180:91): 
[  180.722817][  T427] type=1334 audit(1790964372.196:92): prog-id=75 op=UNLOAD
[  180.760393][  T427] type=1300 audit(1790964372.196:92): arch=c00000b7 syscall=57 success=yes exit=0 a0=4 a1=0 a2=78aabdb4d8 a3=2 items=0 ppid=1 auid=4294967295 uid=0 gid=0 euid=0 suid=0 fsuid=0 egid=0 sgid=0 fsgid=0 tty=(none) ses=4294967295 comm="bpfloader" exe="/system/bin/bpfloader" subj=u:r:bpfloader:s0 key=(null)
[  180.794135][  T427] type=1327 audit(1790964372.196:92): proctitle="/apex/com.android.tethering/bin/netbpfload"
[  180.801322][  T427] type=1320 audit(1790964372.196:92): 
[  180.802326][  T427] type=1334 audit(1790964372.204:93): prog-id=76 op=LOAD
[  180.805204][  T427] type=1300 audit(1790964372.204:93): arch=c00000b7 syscall=280 success=yes exit=7 a0=5 a1=7fc98dfb70 a2=94 a3=5 items=0 ppid=1 auid=4294967295 uid=0 gid=0 euid=0 suid=0 fsuid=0 egid=0 sgid=0 fsgid=0 tty=(none) ses=4294967295 comm="bpfloader" exe="/system/bin/bpfloader" subj=u:r:bpfloader:s0 key=(null)
[  180.807891][  T427] type=1327 audit(1790964372.204:93): proctitle="/apex/com.android.tethering/bin/netbpfload"
[  180.808924][  T427] type=1320 audit(1790964372.204:93): 
[  180.810300][  T427] type=1334 audit(1790964372.208:94): prog-id=76 op=UNLOAD
[  180.827013][  T427] type=1300 audit(1790964372.208:94): arch=c00000b7 syscall=57 success=yes exit=0 a0=7 a1=0 a2=78aabdb4f0 a3=5 items=0 ppid=1 auid=4294967295 uid=0 gid=0 euid=0 suid=0 fsuid=0 egid=0 sgid=0 fsgid=0 tty=(none) ses=4294967295 comm="bpfloader" exe="/system/bin/bpfloader" subj=u:r:bpfloader:s0 key=(null)
[  180.837543][  T427] type=1327 audit(1790964372.208:94): proctitle="/apex/com.android.tethering/bin/netbpfload"
[  180.843872][  T427] type=1320 audit(1790964372.208:94): 
[  180.851885][  T427] type=1334 audit(1790964372.208:95): prog-id=77 op=LOAD
[  180.890637][  T427] type=1300 audit(1790964372.208:95): arch=c00000b7 syscall=280 success=yes exit=6 a0=5 a1=7fc98dfd40 a2=94 a3=2f items=0 ppid=1 auid=4294967295 uid=0 gid=0 euid=0 suid=0 fsuid=0 egid=0 sgid=0 fsgid=0 tty=(none) ses=4294967295 comm="bpfloader" exe="/system/bin/bpfloader" subj=u:r:bpfloader:s0 key=(null)
[  180.911849][  T427] type=1327 audit(1790964372.208:95): proctitle="/apex/com.android.tethering/bin/netbpfload"
[  180.921876][  T427] type=1320 audit(1790964372.208:95): 
[  180.923928][  T427] type=1334 audit(1790964372.308:96): prog-id=78 op=LOAD
[  180.928941][  T427] type=1300 audit(1790964372.308:96): arch=c00000b7 syscall=280 success=yes exit=8 a0=5 a1=7fc98dfb80 a2=94 a3=2 items=0 ppid=1 auid=4294967295 uid=0 gid=0 euid=0 suid=0 fsuid=0 egid=0 sgid=0 fsgid=0 tty=(none) ses=4294967295 comm="bpfloader" exe="/system/bin/bpfloader" subj=u:r:bpfloader:s0 key=(null)
[  180.940249][  T427] type=1327 audit(1790964372.308:96): proctitle="/apex/com.android.tethering/bin/netbpfload"
[  180.946827][  T427] type=1320 audit(1790964372.308:96): 
[  180.951157][  T427] type=1334 audit(1790964372.368:97): prog-id=78 op=UNLOAD
[  180.953956][  T427] type=1300 audit(1790964372.368:97): arch=c00000b7 syscall=57 success=yes exit=0 a0=8 a1=0 a2=78aabdb4f8 a3=7fc98dfc98 items=0 ppid=1 auid=4294967295 uid=0 gid=0 euid=0 suid=0 fsuid=0 egid=0 sgid=0 fsgid=0 tty=(none) ses=4294967295 comm="bpfloader" exe="/system/bin/bpfloader" subj=u:r:bpfloader:s0 key=(null)
[  180.955826][  T427] type=1327 audit(1790964372.368:97): proctitle="/apex/com.android.tethering/bin/netbpfload"
[  180.960858][  T427] type=1320 audit(1790964372.368:97): 
[  180.963977][  T427] type=1334 audit(1790964372.420:98): prog-id=79 op=LOAD
[  180.964686][  T427] type=1300 audit(1790964372.420:98): arch=c00000b7 syscall=280 success=yes exit=4 a0=5 a1=7fc98dfd40 a2=94 a3=2 items=0 ppid=1 auid=4294967295 uid=0 gid=0 euid=0 suid=0 fsuid=0 egid=0 sgid=0 fsgid=0 tty=(none) ses=4294967295 comm="bpfloader" exe="/system/bin/bpfloader" subj=u:r:bpfloader:s0 key=(null)
[  180.967325][  T427] type=1327 audit(1790964372.420:98): proctitle="/apex/com.android.tethering/bin/netbpfload"
[  180.968130][  T427] type=1320 audit(1790964372.420:98): 
[  180.968331][  T427] type=1334 audit(1790964372.432:99): prog-id=79 op=UNLOAD
[  180.968710][  T427] type=1300 audit(1790964372.432:99): arch=c00000b7 syscall=57 success=yes exit=0 a0=4 a1=0 a2=78aabdb4d8 a3=2 items=0 ppid=1 auid=4294967295 uid=0 gid=0 euid=0 suid=0 fsuid=0 egid=0 sgid=0 fsgid=0 tty=(none) ses=4294967295 comm="bpfloader" exe="/system/bin/bpfloader" subj=u:r:bpfloader:s0 key=(null)
[  180.970001][  T427] type=1327 audit(1790964372.432:99): proctitle="/apex/com.android.tethering/bin/netbpfload"
[  180.970620][  T427] type=1320 audit(1790964372.432:99): 
[  180.970877][  T427] type=1334 audit(1790964372.436:100): prog-id=80 op=LOAD
[  180.971267][  T427] type=1300 audit(1790964372.436:100): arch=c00000b7 syscall=280 success=yes exit=6 a0=5 a1=7fc98dfd40 a2=94 a3=20 items=0 ppid=1 auid=4294967295 uid=0 gid=0 euid=0 suid=0 fsuid=0 egid=0 sgid=0 fsgid=0 tty=(none) ses=4294967295 comm="bpfloader" exe="/system/bin/bpfloader" subj=u:r:bpfloader:s0 key=(null)
[  180.975073][  T427] type=1327 audit(1790964372.436:100): proctitle="/apex/com.android.tethering/bin/netbpfload"
[  180.976066][  T427] type=1320 audit(1790964372.436:100): 
[  180.979302][  T427] type=1334 audit(1790964372.464:101): prog-id=81 op=LOAD
[  180.980704][  T427] type=1300 audit(1790964372.464:101): arch=c00000b7 syscall=280 success=yes exit=4 a0=5 a1=7fc98dfd40 a2=94 a3=2 items=0 ppid=1 auid=4294967295 uid=0 gid=0 euid=0 suid=0 fsuid=0 egid=0 sgid=0 fsgid=0 tty=(none) ses=4294967295 comm="bpfloader" exe="/system/bin/bpfloader" subj=u:r:bpfloader:s0 key=(null)
[  180.982652][  T427] type=1327 audit(1790964372.464:101): proctitle="/apex/com.android.tethering/bin/netbpfload"
[  180.984812][  T427] type=1320 audit(1790964372.464:101): 
[  180.985061][  T427] type=1334 audit(1790964372.464:102): prog-id=81 op=UNLOAD
[  180.985643][  T427] type=1300 audit(1790964372.464:102): arch=c00000b7 syscall=57 success=yes exit=0 a0=4 a1=0 a2=78aabdb4d8 a3=2 items=0 ppid=1 auid=4294967295 uid=0 gid=0 euid=0 suid=0 fsuid=0 egid=0 sgid=0 fsgid=0 tty=(none) ses=4294967295 comm="bpfloader" exe="/system/bin/bpfloader" subj=u:r:bpfloader:s0 key=(null)
[  180.989606][  T427] type=1327 audit(1790964372.464:102): proctitle="/apex/com.android.tethering/bin/netbpfload"
[  180.990283][  T427] type=1320 audit(1790964372.464:102): 
[  180.992521][  T427] type=1334 audit(1790964372.464:103): prog-id=82 op=LOAD
[  180.993219][  T427] type=1300 audit(1790964372.464:103): arch=c00000b7 syscall=280 success=yes exit=7 a0=5 a1=7fc98dfd40 a2=94 a3=55 items=0 ppid=1 auid=4294967295 uid=0 gid=0 euid=0 suid=0 fsuid=0 egid=0 sgid=0 fsgid=0 tty=(none) ses=4294967295 comm="bpfloader" exe="/system/bin/bpfloader" subj=u:r:bpfloader:s0 key=(null)
[  181.004256][  T427] type=1327 audit(1790964372.464:103): proctitle="/apex/com.android.tethering/bin/netbpfload"
[  181.009888][  T427] type=1320 audit(1790964372.464:103): 
[  181.010335][  T427] type=1334 audit(1790964372.476:104): prog-id=83 op=LOAD
[  181.010808][  T427] type=1300 audit(1790964372.476:104): arch=c00000b7 syscall=280 success=yes exit=4 a0=5 a1=7fc98dfd40 a2=94 a3=2 items=0 ppid=1 auid=4294967295 uid=0 gid=0 euid=0 suid=0 fsuid=0 egid=0 sgid=0 fsgid=0 tty=(none) ses=4294967295 comm="bpfloader" exe="/system/bin/bpfloader" subj=u:r:bpfloader:s0 key=(null)
[  181.012787][  T427] type=1327 audit(1790964372.476:104): proctitle="/apex/com.android.tethering/bin/netbpfload"
[  181.013562][  T427] type=1320 audit(1790964372.476:104): 
[  181.013981][  T427] type=1334 audit(1790964372.476:105): prog-id=83 op=UNLOAD
[  181.014928][  T427] type=1300 audit(1790964372.476:105): arch=c00000b7 syscall=57 success=yes exit=0 a0=4 a1=0 a2=78aabdb4d8 a3=2 items=0 ppid=1 auid=4294967295 uid=0 gid=0 euid=0 suid=0 fsuid=0 egid=0 sgid=0 fsgid=0 tty=(none) ses=4294967295 comm="bpfloader" exe="/system/bin/bpfloader" subj=u:r:bpfloader:s0 key=(null)
[  181.016777][  T427] type=1327 audit(1790964372.476:105): proctitle="/apex/com.android.tethering/bin/netbpfload"
[  181.018007][  T427] type=1320 audit(1790964372.476:105): 
[  181.018344][  T427] type=1334 audit(1790964372.480:106): prog-id=84 op=LOAD
[  181.022001][  T427] type=1300 audit(1790964372.480:106): arch=c00000b7 syscall=280 success=yes exit=7 a0=5 a1=7fc98dfd40 a2=94 a3=2e items=0 ppid=1 auid=4294967295 uid=0 gid=0 euid=0 suid=0 fsuid=0 egid=0 sgid=0 fsgid=0 tty=(none) ses=4294967295 comm="bpfloader" exe="/system/bin/bpfloader" subj=u:r:bpfloader:s0 key=(null)
[  181.027953][  T427] type=1327 audit(1790964372.480:106): proctitle="/apex/com.android.tethering/bin/netbpfload"
[  181.028847][  T427] type=1320 audit(1790964372.480:106): 
[  181.029049][  T427] type=1334 audit(1790964372.484:107): prog-id=85 op=LOAD
[  181.029885][  T427] type=1300 audit(1790964372.484:107): arch=c00000b7 syscall=280 success=yes exit=8 a0=5 a1=7fc98dfd40 a2=94 a3=e items=0 ppid=1 auid=4294967295 uid=0 gid=0 euid=0 suid=0 fsuid=0 egid=0 sgid=0 fsgid=0 tty=(none) ses=4294967295 comm="bpfloader" exe="/system/bin/bpfloader" subj=u:r:bpfloader:s0 key=(null)
[  181.033253][  T427] type=1327 audit(1790964372.484:107): proctitle="/apex/com.android.tethering/bin/netbpfload"
[  181.033908][  T427] type=1320 audit(1790964372.484:107): 
[  181.034941][  T427] type=1334 audit(1790964372.500:108): prog-id=86 op=LOAD
[  181.035440][  T427] type=1300 audit(1790964372.500:108): arch=c00000b7 syscall=280 success=yes exit=9 a0=5 a1=7fc98dfd40 a2=94 a3=f items=0 ppid=1 auid=4294967295 uid=0 gid=0 euid=0 suid=0 fsuid=0 egid=0 sgid=0 fsgid=0 tty=(none) ses=4294967295 comm="bpfloader" exe="/system/bin/bpfloader" subj=u:r:bpfloader:s0 key=(null)
[  181.038101][  T427] type=1327 audit(1790964372.500:108): proctitle="/apex/com.android.tethering/bin/netbpfload"
[  181.038705][  T427] type=1320 audit(1790964372.500:108): 
[  181.039362][  T427] type=1334 audit(1790964372.500:109): prog-id=87 op=LOAD
[  181.039906][  T427] type=1300 audit(1790964372.500:109): arch=c00000b7 syscall=280 success=yes exit=10 a0=5 a1=7fc98dfd40 a2=94 a3=16 items=0 ppid=1 auid=4294967295 uid=0 gid=0 euid=0 suid=0 fsuid=0 egid=0 sgid=0 fsgid=0 tty=(none) ses=4294967295 comm="bpfloader" exe="/system/bin/bpfloader" subj=u:r:bpfloader:s0 key=(null)
[  181.041839][  T427] type=1327 audit(1790964372.500:109): proctitle="/apex/com.android.tethering/bin/netbpfload"
[  181.042467][  T427] type=1320 audit(1790964372.500:109): 
[  181.043114][  T427] type=1334 audit(1790964372.500:110): prog-id=88 op=LOAD
[  181.043552][  T427] type=1300 audit(1790964372.500:110): arch=c00000b7 syscall=280 success=yes exit=11 a0=5 a1=7fc98dfd40 a2=94 a3=12 items=0 ppid=1 auid=4294967295 uid=0 gid=0 euid=0 suid=0 fsuid=0 egid=0 sgid=0 fsgid=0 tty=(none) ses=4294967295 comm="bpfloader" exe="/system/bin/bpfloader" subj=u:r:bpfloader:s0 key=(null)
[  181.045808][  T427] type=1327 audit(1790964372.500:110): proctitle="/apex/com.android.tethering/bin/netbpfload"
[  181.046456][  T427] type=1320 audit(1790964372.500:110): 
[  181.046972][  T427] type=1334 audit(1790964372.500:111): prog-id=89 op=LOAD
[  181.047310][  T427] type=1300 audit(1790964372.500:111): arch=c00000b7 syscall=280 success=yes exit=12 a0=5 a1=7fc98dfd40 a2=94 a3=19 items=0 ppid=1 auid=4294967295 uid=0 gid=0 euid=0 suid=0 fsuid=0 egid=0 sgid=0 fsgid=0 tty=(none) ses=4294967295 comm="bpfloader" exe="/system/bin/bpfloader" subj=u:r:bpfloader:s0 key=(null)
[  181.048993][  T427] type=1327 audit(1790964372.500:111): proctitle="/apex/com.android.tethering/bin/netbpfload"
[  181.050925][  T427] type=1320 audit(1790964372.500:111): 
[  181.052633][  T427] type=1334 audit(1790964372.504:112): prog-id=90 op=LOAD
[  181.052972][  T427] type=1300 audit(1790964372.504:112): arch=c00000b7 syscall=280 success=yes exit=13 a0=5 a1=7fc98dfd40 a2=94 a3=f items=0 ppid=1 auid=4294967295 uid=0 gid=0 euid=0 suid=0 fsuid=0 egid=0 sgid=0 fsgid=0 tty=(none) ses=4294967295 comm="bpfloader" exe="/system/bin/bpfloader" subj=u:r:bpfloader:s0 key=(null)
[  181.054121][  T427] type=1327 audit(1790964372.504:112): proctitle="/apex/com.android.tethering/bin/netbpfload"
[  181.055089][  T427] type=1320 audit(1790964372.504:112): 
[  181.055426][  T427] type=1334 audit(1790964372.516:113): prog-id=91 op=LOAD
[  181.057195][  T427] type=1300 audit(1790964372.516:113): arch=c00000b7 syscall=280 success=yes exit=4 a0=5 a1=7fc98dfd40 a2=94 a3=2 items=0 ppid=1 auid=4294967295 uid=0 gid=0 euid=0 suid=0 fsuid=0 egid=0 sgid=0 fsgid=0 tty=(none) ses=4294967295 comm="bpfloader" exe="/system/bin/bpfloader" subj=u:r:bpfloader:s0 key=(null)
[  181.058716][  T427] type=1327 audit(1790964372.516:113): proctitle="/apex/com.android.tethering/bin/netbpfload"
[  181.059936][  T427] type=1320 audit(1790964372.516:113): 
[  181.060170][  T427] type=1334 audit(1790964372.520:114): prog-id=91 op=UNLOAD
[  181.060466][  T427] type=1300 audit(1790964372.520:114): arch=c00000b7 syscall=57 success=yes exit=0 a0=4 a1=0 a2=78aabdb4d8 a3=2 items=0 ppid=1 auid=4294967295 uid=0 gid=0 euid=0 suid=0 fsuid=0 egid=0 sgid=0 fsgid=0 tty=(none) ses=4294967295 comm="bpfloader" exe="/system/bin/bpfloader" subj=u:r:bpfloader:s0 key=(null)
[  181.062550][  T427] type=1327 audit(1790964372.520:114): proctitle="/apex/com.android.tethering/bin/netbpfload"
[  181.063179][  T427] type=1320 audit(1790964372.520:114): 
[  181.064893][  T427] type=1334 audit(1790964372.520:115): prog-id=92 op=LOAD
[  181.065284][  T427] type=1300 audit(1790964372.520:115): arch=c00000b7 syscall=280 success=yes exit=7 a0=5 a1=7fc98dfd40 a2=94 a3=2e items=0 ppid=1 auid=4294967295 uid=0 gid=0 euid=0 suid=0 fsuid=0 egid=0 sgid=0 fsgid=0 tty=(none) ses=4294967295 comm="bpfloader" exe="/system/bin/bpfloader" subj=u:r:bpfloader:s0 key=(null)
[  181.066683][  T427] type=1327 audit(1790964372.520:115): proctitle="/apex/com.android.tethering/bin/netbpfload"
[  181.067376][  T427] type=1320 audit(1790964372.520:115): 
[  181.067698][  T427] type=1334 audit(1790964372.520:116): prog-id=93 op=LOAD
[  181.149140][  T427] type=1300 audit(1790964372.520:116): arch=c00000b7 syscall=280 success=yes exit=8 a0=5 a1=7fc98dfd40 a2=94 a3=38 items=0 ppid=1 auid=4294967295 uid=0 gid=0 euid=0 suid=0 fsuid=0 egid=0 sgid=0 fsgid=0 tty=(none) ses=4294967295 comm="bpfloader" exe="/system/bin/bpfloader" subj=u:r:bpfloader:s0 key=(null)
[  181.188250][  T427] type=1327 audit(1790964372.520:116): proctitle="/apex/com.android.tethering/bin/netbpfload"
[  181.194236][  T427] type=1320 audit(1790964372.520:116): 
[  181.197936][  T427] type=1334 audit(1790964372.524:117): prog-id=94 op=LOAD
[  181.204671][  T427] type=1300 audit(1790964372.524:117): arch=c00000b7 syscall=280 success=yes exit=9 a0=5 a1=7fc98dfd40 a2=94 a3=e items=0 ppid=1 auid=4294967295 uid=0 gid=0 euid=0 suid=0 fsuid=0 egid=0 sgid=0 fsgid=0 tty=(none) ses=4294967295 comm="bpfloader" exe="/system/bin/bpfloader" subj=u:r:bpfloader:s0 key=(null)
[  181.219702][  T427] type=1327 audit(1790964372.524:117): proctitle="/apex/com.android.tethering/bin/netbpfload"
[  181.220442][  T427] type=1320 audit(1790964372.524:117): 
[  181.221371][  T427] type=1334 audit(1790964372.528:118): prog-id=95 op=LOAD
[  181.221679][  T427] type=1300 audit(1790964372.528:118): arch=c00000b7 syscall=280 success=yes exit=10 a0=5 a1=7fc98dfd40 a2=94 a3=f items=0 ppid=1 auid=4294967295 uid=0 gid=0 euid=0 suid=0 fsuid=0 egid=0 sgid=0 fsgid=0 tty=(none) ses=4294967295 comm="bpfloader" exe="/system/bin/bpfloader" subj=u:r:bpfloader:s0 key=(null)
[  181.223061][  T427] type=1327 audit(1790964372.528:118): proctitle="/apex/com.android.tethering/bin/netbpfload"
[  181.223548][  T427] type=1320 audit(1790964372.528:118): 
[  181.223874][  T427] type=1334 audit(1790964372.528:119): prog-id=96 op=LOAD
[  181.224189][  T427] type=1300 audit(1790964372.528:119): arch=c00000b7 syscall=280 success=yes exit=11 a0=5 a1=7fc98dfd40 a2=94 a3=13 items=0 ppid=1 auid=4294967295 uid=0 gid=0 euid=0 suid=0 fsuid=0 egid=0 sgid=0 fsgid=0 tty=(none) ses=4294967295 comm="bpfloader" exe="/system/bin/bpfloader" subj=u:r:bpfloader:s0 key=(null)
[  181.225859][  T427] type=1327 audit(1790964372.528:119): proctitle="/apex/com.android.tethering/bin/netbpfload"
[  181.227453][  T427] type=1320 audit(1790964372.528:119): 
[  181.230048][  T427] type=1334 audit(1790964372.528:120): prog-id=97 op=LOAD
[  181.231851][  T427] type=1300 audit(1790964372.528:120): arch=c00000b7 syscall=280 success=yes exit=12 a0=5 a1=7fc98dfd40 a2=94 a3=11 items=0 ppid=1 auid=4294967295 uid=0 gid=0 euid=0 suid=0 fsuid=0 egid=0 sgid=0 fsgid=0 tty=(none) ses=4294967295 comm="bpfloader" exe="/system/bin/bpfloader" subj=u:r:bpfloader:s0 key=(null)
[  181.236095][  T427] type=1327 audit(1790964372.528:120): proctitle="/apex/com.android.tethering/bin/netbpfload"
[  181.240347][  T427] type=1320 audit(1790964372.528:120): 
[  181.241428][  T427] type=1334 audit(1790964372.532:121): prog-id=98 op=LOAD
[  181.241802][  T427] type=1300 audit(1790964372.532:121): arch=c00000b7 syscall=280 success=yes exit=13 a0=5 a1=7fc98dfd40 a2=94 a3=13 items=0 ppid=1 auid=4294967295 uid=0 gid=0 euid=0 suid=0 fsuid=0 egid=0 sgid=0 fsgid=0 tty=(none) ses=4294967295 comm="bpfloader" exe="/system/bin/bpfloader" subj=u:r:bpfloader:s0 key=(null)
[  181.242975][  T427] type=1327 audit(1790964372.532:121): proctitle="/apex/com.android.tethering/bin/netbpfload"
[  181.244591][  T427] type=1320 audit(1790964372.532:121): 
[  181.244835][  T427] type=1334 audit(1790964372.532:122): prog-id=99 op=LOAD
[  181.245167][  T427] type=1300 audit(1790964372.532:122): arch=c00000b7 syscall=280 success=yes exit=14 a0=5 a1=7fc98dfd40 a2=94 a3=11 items=0 ppid=1 auid=4294967295 uid=0 gid=0 euid=0 suid=0 fsuid=0 egid=0 sgid=0 fsgid=0 tty=(none) ses=4294967295 comm="bpfloader" exe="/system/bin/bpfloader" subj=u:r:bpfloader:s0 key=(null)
[  181.248580][  T427] type=1327 audit(1790964372.532:122): proctitle="/apex/com.android.tethering/bin/netbpfload"
[  181.251688][  T427] type=1320 audit(1790964372.532:122): 
[  181.252717][  T427] type=1334 audit(1790964372.540:123): prog-id=100 op=LOAD
[  181.254192][  T427] type=1300 audit(1790964372.540:123): arch=c00000b7 syscall=280 success=yes exit=4 a0=5 a1=7fc98dfd40 a2=94 a3=2 items=0 ppid=1 auid=4294967295 uid=0 gid=0 euid=0 suid=0 fsuid=0 egid=0 sgid=0 fsgid=0 tty=(none) ses=4294967295 comm="bpfloader" exe="/system/bin/bpfloader" subj=u:r:bpfloader:s0 key=(null)
[  181.255337][  T427] type=1327 audit(1790964372.540:123): proctitle="/apex/com.android.tethering/bin/netbpfload"
[  181.255974][  T427] type=1320 audit(1790964372.540:123): 
[  181.257421][  T427] type=1334 audit(1790964372.540:124): prog-id=100 op=UNLOAD
[  181.263918][  T427] type=1300 audit(1790964372.540:124): arch=c00000b7 syscall=57 success=yes exit=0 a0=4 a1=0 a2=78aabdb4d8 a3=2 items=0 ppid=1 auid=4294967295 uid=0 gid=0 euid=0 suid=0 fsuid=0 egid=0 sgid=0 fsgid=0 tty=(none) ses=4294967295 comm="bpfloader" exe="/system/bin/bpfloader" subj=u:r:bpfloader:s0 key=(null)
[  181.281807][  T427] type=1327 audit(1790964372.540:124): proctitle="/apex/com.android.tethering/bin/netbpfload"
[  181.291692][  T427] type=1320 audit(1790964372.540:124): 
[  181.294845][  T427] type=1334 audit(1790964372.544:125): prog-id=101 op=LOAD
[  181.299866][  T427] type=1300 audit(1790964372.544:125): arch=c00000b7 syscall=280 success=yes exit=6 a0=5 a1=7fc98dfd40 a2=94 a3=f items=0 ppid=1 auid=4294967295 uid=0 gid=0 euid=0 suid=0 fsuid=0 egid=0 sgid=0 fsgid=0 tty=(none) ses=4294967295 comm="bpfloader" exe="/system/bin/bpfloader" subj=u:r:bpfloader:s0 key=(null)
[  181.324843][  T427] type=1327 audit(1790964372.544:125): proctitle="/apex/com.android.tethering/bin/netbpfload"
[  181.336088][  T427] type=1320 audit(1790964372.544:125): 
[  181.338289][  T427] type=1334 audit(1790964372.548:126): prog-id=102 op=LOAD
[  181.341091][  T427] type=1300 audit(1790964372.548:126): arch=c00000b7 syscall=280 success=yes exit=4 a0=5 a1=7fc98dfd40 a2=94 a3=2 items=0 ppid=1 auid=4294967295 uid=0 gid=0 euid=0 suid=0 fsuid=0 egid=0 sgid=0 fsgid=0 tty=(none) ses=4294967295 comm="bpfloader" exe="/system/bin/bpfloader" subj=u:r:bpfloader:s0 key=(null)
[  181.351997][  T427] type=1327 audit(1790964372.548:126): proctitle="/apex/com.android.tethering/bin/netbpfload"
[  181.360981][  T427] type=1320 audit(1790964372.548:126): 
[  181.364950][  T427] type=1334 audit(1790964372.548:127): prog-id=102 op=UNLOAD
[  181.372572][  T427] type=1300 audit(1790964372.548:127): arch=c00000b7 syscall=57 success=yes exit=0 a0=4 a1=0 a2=78aabdb4d8 a3=2 items=0 ppid=1 auid=4294967295 uid=0 gid=0 euid=0 suid=0 fsuid=0 egid=0 sgid=0 fsgid=0 tty=(none) ses=4294967295 comm="bpfloader" exe="/system/bin/bpfloader" subj=u:r:bpfloader:s0 key=(null)
[  181.390262][  T427] type=1327 audit(1790964372.548:127): proctitle="/apex/com.android.tethering/bin/netbpfload"
[  181.399641][  T427] type=1320 audit(1790964372.548:127): 
[  181.407857][  T427] type=1334 audit(1790964372.548:128): prog-id=103 op=LOAD
[  181.421172][  T427] type=1300 audit(1790964372.548:128): arch=c00000b7 syscall=280 success=yes exit=7 a0=5 a1=7fc98dfd40 a2=94 a3=40 items=0 ppid=1 auid=4294967295 uid=0 gid=0 euid=0 suid=0 fsuid=0 egid=0 sgid=0 fsgid=0 tty=(none) ses=4294967295 comm="bpfloader" exe="/system/bin/bpfloader" subj=u:r:bpfloader:s0 key=(null)
[  181.451659][  T427] type=1327 audit(1790964372.548:128): proctitle="/apex/com.android.tethering/bin/netbpfload"
[  181.462898][  T427] type=1320 audit(1790964372.548:128): 
[  181.467710][  T427] type=1334 audit(1790964372.556:129): prog-id=104 op=LOAD
[  181.478889][  T427] type=1300 audit(1790964372.556:129): arch=c00000b7 syscall=280 success=yes exit=8 a0=5 a1=7fc98dfd40 a2=94 a3=42 items=0 ppid=1 auid=4294967295 uid=0 gid=0 euid=0 suid=0 fsuid=0 egid=0 sgid=0 fsgid=0 tty=(none) ses=4294967295 comm="bpfloader" exe="/system/bin/bpfloader" subj=u:r:bpfloader:s0 key=(null)
[  181.501902][  T427] type=1327 audit(1790964372.556:129): proctitle="/apex/com.android.tethering/bin/netbpfload"
[  181.511721][  T427] type=1320 audit(1790964372.556:129): 
[  181.517917][  T427] type=1334 audit(1790964372.716:130): prog-id=105 op=LOAD
[  181.528010][  T427] type=1300 audit(1790964372.716:130): arch=c00000b7 syscall=280 success=yes exit=4 a0=5 a1=7fc98dfd40 a2=94 a3=2 items=0 ppid=1 auid=4294967295 uid=0 gid=0 euid=0 suid=0 fsuid=0 egid=0 sgid=0 fsgid=0 tty=(none) ses=4294967295 comm="bpfloader" exe="/system/bin/bpfloader" subj=u:r:bpfloader:s0 key=(null)
[  181.555037][  T427] type=1327 audit(1790964372.716:130): proctitle="/apex/com.android.tethering/bin/netbpfload"
[  181.568285][  T427] type=1320 audit(1790964372.716:130): 
[  181.569898][  T427] type=1334 audit(1790964372.724:131): prog-id=105 op=UNLOAD
[  181.582189][  T427] type=1300 audit(1790964372.724:131): arch=c00000b7 syscall=57 success=yes exit=0 a0=4 a1=0 a2=78aabdb4d8 a3=2 items=0 ppid=1 auid=4294967295 uid=0 gid=0 euid=0 suid=0 fsuid=0 egid=0 sgid=0 fsgid=0 tty=(none) ses=4294967295 comm="bpfloader" exe="/system/bin/bpfloader" subj=u:r:bpfloader:s0 key=(null)
[  181.602966][  T427] type=1327 audit(1790964372.724:131): proctitle="/apex/com.android.tethering/bin/netbpfload"
[  181.612432][  T427] type=1320 audit(1790964372.724:131): 
[  181.616008][  T427] type=1334 audit(1790964372.732:132): prog-id=106 op=LOAD
[  181.621120][  T427] type=1300 audit(1790964372.732:132): arch=c00000b7 syscall=280 success=yes exit=7 a0=5 a1=7fc98dfd40 a2=94 a3=40 items=0 ppid=1 auid=4294967295 uid=0 gid=0 euid=0 suid=0 fsuid=0 egid=0 sgid=0 fsgid=0 tty=(none) ses=4294967295 comm="bpfloader" exe="/system/bin/bpfloader" subj=u:r:bpfloader:s0 key=(null)
[  181.633142][  T427] type=1327 audit(1790964372.732:132): proctitle="/apex/com.android.tethering/bin/netbpfload"
[  181.641989][  T427] type=1320 audit(1790964372.732:132): 
[  181.644178][  T427] type=1334 audit(1790964372.732:133): prog-id=107 op=LOAD
[  181.650931][  T427] type=1300 audit(1790964372.732:133): arch=c00000b7 syscall=280 success=yes exit=8 a0=5 a1=7fc98dfd40 a2=94 a3=42 items=0 ppid=1 auid=4294967295 uid=0 gid=0 euid=0 suid=0 fsuid=0 egid=0 sgid=0 fsgid=0 tty=(none) ses=4294967295 comm="bpfloader" exe="/system/bin/bpfloader" subj=u:r:bpfloader:s0 key=(null)
[  181.666987][  T427] type=1327 audit(1790964372.732:133): proctitle="/apex/com.android.tethering/bin/netbpfload"
[  181.679344][  T427] type=1320 audit(1790964372.732:133): 
[  181.682110][  T427] type=1334 audit(1790964372.740:134): prog-id=108 op=LOAD
[  181.687725][  T427] type=1300 audit(1790964372.740:134): arch=c00000b7 syscall=280 success=yes exit=4 a0=5 a1=7fc98dfd40 a2=94 a3=2 items=0 ppid=1 auid=4294967295 uid=0 gid=0 euid=0 suid=0 fsuid=0 egid=0 sgid=0 fsgid=0 tty=(none) ses=4294967295 comm="bpfloader" exe="/system/bin/bpfloader" subj=u:r:bpfloader:s0 key=(null)
[  181.711885][  T427] type=1327 audit(1790964372.740:134): proctitle="/apex/com.android.tethering/bin/netbpfload"
[  181.718882][  T427] type=1320 audit(1790964372.740:134): 
[  181.722925][  T427] type=1334 audit(1790964372.744:135): prog-id=108 op=UNLOAD
[  181.726151][  T427] type=1300 audit(1790964372.744:135): arch=c00000b7 syscall=57 success=yes exit=0 a0=4 a1=0 a2=78aabdb4d8 a3=2 items=0 ppid=1 auid=4294967295 uid=0 gid=0 euid=0 suid=0 fsuid=0 egid=0 sgid=0 fsgid=0 tty=(none) ses=4294967295 comm="bpfloader" exe="/system/bin/bpfloader" subj=u:r:bpfloader:s0 key=(null)
[  181.740481][  T427] type=1327 audit(1790964372.744:135): proctitle="/apex/com.android.tethering/bin/netbpfload"
[  181.746638][  T427] type=1320 audit(1790964372.744:135): 
[  181.923059][  T427] type=1334 audit(1790964373.376:136): prog-id=109 op=LOAD
[  181.943758][  T427] type=1300 audit(1790964373.376:136): arch=c00000b7 syscall=280 success=yes exit=6 a0=5 a1=7fc98dfd40 a2=94 a3=66 items=0 ppid=1 auid=4294967295 uid=0 gid=0 euid=0 suid=0 fsuid=0 egid=0 sgid=0 fsgid=0 tty=(none) ses=4294967295 comm="bpfloader" exe="/system/bin/bpfloader" subj=u:r:bpfloader:s0 key=(null)
[  181.987994][  T427] type=1327 audit(1790964373.376:136): proctitle="/apex/com.android.tethering/bin/netbpfload"
[  181.997066][  T427] type=1320 audit(1790964373.376:136): 
[  182.053225][  T602] BpfLoader: Platform BpfLoader loading critical for healthd ELF object /vendor/etc/bpf/filterPowerSupplyEvents.o with license Apache 2.0
[  182.098835][  T602] BpfLoader: No maps section could be found in elf object
[  182.207978][  T427] type=1334 audit(1790964373.636:137): prog-id=110 op=LOAD
[  182.226371][  T427] type=1300 audit(1790964373.636:137): arch=c00000b7 syscall=280 success=yes exit=6 a0=5 a1=7fc98e1880 a2=a8 a3=b400007796205288 items=0 ppid=1 auid=4294967295 uid=0 gid=0 euid=0 suid=0 fsuid=0 egid=0 sgid=0 fsgid=0 tty=(none) ses=4294967295 comm="bpfloader" exe="/system/bin/bpfloader" subj=u:r:bpfloader:s0 key=(null)
[  182.239572][  T427] type=1327 audit(1790964373.636:137): proctitle="/apex/com.android.tethering/bin/netbpfload"
[  182.243968][  T427] type=1320 audit(1790964373.636:137): 
[  182.449137][  T602] NetBpfLoad: success.
[  182.601739][    T1] init: Service 'bpfloader' (pid 602) exited with status 0 waiting took 13.225000 seconds
[  182.612444][    T1] init: Sending SIGKILL to service 'bpfloader' (pid 602) process group...
[  182.658095][    T1] libprocessgroup: Removed cgroup /sys/fs/cgroup/system/uid_0/pid_602
[  182.714865][    T1] init: start_waiting_for_property("bpf.progs_loaded", "1"): already set
[  182.739675][    T1] init: starting service 'netd1shot'...
[  182.833308][    T1] libprocessgroup: Created cgroup /sys/fs/cgroup/system/uid_0/pid_605
[  182.871906][    T1] init: ... started service 'netd1shot' has pid 605
[  182.876797][    T1] init: SVC_EXEC service 'netd1shot' pid 605 (uid 0 gid 0+1 context default) started; waiting...
[  182.885281][    T1] init: Command 'exec_start netd1shot' action=load-bpf-programs (/system/etc/init/netbpfload.rc:58) took 156ms and succeeded
[  185.436216][    T1] init: Service 'netd1shot' (pid 605) exited with status 0 waiting took 2.609000 seconds
[  185.440846][    T1] init: Sending SIGKILL to service 'netd1shot' (pid 605) process group...
[  185.478389][    T1] libprocessgroup: Removed cgroup /sys/fs/cgroup/system/uid_0/pid_605
[  185.552606][    T1] init: starting service 'netd'...
[  185.569430][    T1] init: Created socket '/dev/socket/dnsproxyd', mode 660, user 0, group 3003
[  185.571507][    T1] init: Created socket '/dev/socket/mdns', mode 660, user 0, group 1000
[  185.573079][    T1] init: Created socket '/dev/socket/fwmarkd', mode 660, user 0, group 3003
[  185.647257][    T1] libprocessgroup: Created cgroup /sys/fs/cgroup/system/uid_0/pid_606
[  185.694578][    T1] init: ... started service 'netd' has pid 606
[  185.697864][    T1] init: Command 'start netd' action=load-bpf-programs (/system/etc/init/netbpfload.rc:59) took 152ms and succeeded
[  185.713852][    T1] init: processing action (zygote-start) from (/system/etc/init/hw/init.rc:1091)
[  185.721736][    T1] init: start_waiting_for_property("odsign.verification.done", "1"): already set
[  185.760738][    T1] init: starting service 'statsd'...
[  185.767194][    T1] init: Created socket '/dev/socket/statsdw', mode 222, user 1066, group 1066
[  185.815840][    T1] libprocessgroup: Created cgroup /sys/fs/cgroup/system/uid_1066
[  185.839275][    T1] libprocessgroup: Created cgroup /sys/fs/cgroup/system/uid_1066/pid_607
[  185.903466][    T1] init: ... started service 'statsd' has pid 607
[  185.905769][    T1] init: Command 'start statsd' action=zygote-start (/system/etc/init/hw/init.rc:1093) took 181ms and succeeded
[  185.924388][    T1] init: starting service 'zygote'...
[  185.947374][    T1] init: Created socket '/dev/socket/zygote', mode 660, user 0, group 1000
[  185.951292][    T1] init: Created socket '/dev/socket/usap_pool_primary', mode 660, user 0, group 1000
[  186.057606][    T1] libprocessgroup: Created cgroup /sys/fs/cgroup/system/uid_0/pid_608
[  186.113496][    T1] init: ... started service 'zygote' has pid 608
[  186.116935][    T1] init: Command 'start zygote' action=zygote-start (/system/etc/init/hw/init.rc:1094) took 206ms and succeeded
[  186.126575][    T1] init: Command 'start zygote_secondary' action=zygote-start (/system/etc/init/hw/init.rc:1095) took 1ms and failed: service zygote_secondary not found
[  186.132637][    T1] init: processing action (firmware_mounts_complete) from (/system/etc/init/hw/init.rc:514)
[  186.142265][    T1] init: processing action (early-boot) from (/system/etc/init/installd.rc:7)
[  186.199019][    T1] init: processing action (early-boot) from (/system/etc/init/kcmdlinectrl.rc:17)
[  186.204586][    T1] init: starting service 'exec 13 (/system/bin/kcmdlinectrl update-props)'...
[  186.595686][    T1] libprocessgroup: Created cgroup /sys/fs/cgroup/system/uid_0/pid_609
[  186.810052][    T1] init: ... started service 'exec 13 (/system/bin/kcmdlinectrl update-props)' has pid 609
[  186.849968][    T1] init: Command 'exec_background -- /system/bin/kcmdlinectrl update-props' action=early-boot (/system/etc/init/kcmdlinectrl.rc:18) took 631ms and succeeded
[  186.925305][    T1] init: processing action (boot) from (/system/etc/init/hw/init.rc:1112)
[  187.059828][    T1] init: Command 'hostname localhost' action=boot (/system/etc/init/hw/init.rc:1115) took 72ms and succeeded
[  187.414995][    T1] init: Command 'mkdir /dev/sys/fs/by-name 0755 system system' action=boot (/system/etc/init/hw/init.rc:1134) took 276ms and succeeded
[  187.748478][    T1] init: Command 'symlink /sys/fs/f2fs/${dev.mnt.dev.data} /dev/sys/fs/by-name/userdata' action=boot (/system/etc/init/hw/init.rc:1135) took 284ms and succeeded
[  188.100248][    T1] init: Command 'mkdir /dev/sys/block/by-name 0755 system system' action=boot (/system/etc/init/hw/init.rc:1139) took 264ms and succeeded
[  188.507817][    T1] init: Command 'symlink /sys/block/${dev.mnt.dev.data} /dev/sys/block/by-name/userdata' action=boot (/system/etc/init/hw/init.rc:1140) took 273ms and succeeded
[  189.271167][    T1] init: Command 'symlink /sys/block/${dev.mnt.rootdisk.data} /dev/sys/block/by-name/rootdisk' action=boot (/system/etc/init/hw/init.rc:1141) took 444ms and succeeded
[  189.570721][    T1] init: Command 'write /dev/sys/fs/by-name/userdata/cp_interval 30' action=boot (/system/etc/init/hw/init.rc:1147) took 171ms and succeeded
[  189.966994][    T1] init: Command 'write /dev/sys/fs/by-name/userdata/gc_urgent_sleep_time 50' action=boot (/system/etc/init/hw/init.rc:1148) took 289ms and succeeded
[  190.909866][    T1] init: Command 'write /dev/sys/fs/by-name/userdata/seq_file_ra_mul 128' action=boot (/system/etc/init/hw/init.rc:1151) took 769ms and succeeded
[  192.270043][    T1] init: Command 'write /dev/sys/block/by-name/userdata/queue/discard_max_bytes 134217728' action=boot (/system/etc/init/hw/init.rc:1156) took 1197ms and succeeded
[  192.794281][    T1] init: Command 'write /dev/sys/block/by-name/rootdisk/queue/discard_max_bytes 134217728' action=boot (/system/etc/init/hw/init.rc:1157) took 274ms and succeeded
[  193.327788][    T1] init: Command 'chown system system /sys/power/autosleep' action=boot (/system/etc/init/hw/init.rc:1160) took 144ms and succeeded
[  193.818856][    T1] init: Command 'chown system system /sys/devices/system/cpu/cpufreq/interactive/timer_rate' action=boot (/system/etc/init/hw/init.rc:1162) took 233ms and succeeded
[  194.156401][    T1] init: Command 'chown system system /sys/module/sco/parameters/disable_esco' action=boot (/system/etc/init/hw/init.rc:1202) took 52ms and succeeded
[  194.667453][    T1] init: Command 'setprop net.tcp_def_init_rwnd 60' action=boot (/system/etc/init/hw/init.rc:1216) took 226ms and succeeded
[  194.958948][    T1] init: starting service 'audio_parameter_parser_service'...
[  195.664997][    T1] libprocessgroup: Created cgroup /sys/fs/cgroup/system/uid_1041
[  195.851526][    T1] libprocessgroup: Created cgroup /sys/fs/cgroup/system/uid_1041/pid_615
[  195.855078][  T427] type=1325 audit(1790964386.128:138): table=filter family=2 entries=0 op=xt_register subj=u:r:netd:s0 comm="iptables-restor"
[  196.232936][  T427] type=1300 audit(1790964386.128:138): arch=c00000b7 syscall=209 success=yes exit=0 a0=4 a1=0 a2=40 a3=7fc9101fe0 items=0 ppid=606 auid=4294967295 uid=0 gid=0 euid=0 suid=0 fsuid=0 egid=0 sgid=0 fsgid=0 tty=(none) ses=4294967295 comm="iptables-restor" exe="/system/bin/iptables" subj=u:r:netd:s0 key=(null)
[  196.435942][  T427] type=1327 audit(1790964386.128:138): proctitle=2F73797374656D2F62696E2F69707461626C65732D726573746F7265002D2D6E6F666C757368002D77002D76
[  196.510982][  T427] type=1320 audit(1790964386.128:138): 
[  196.555417][  T427] type=1325 audit(1790964387.056:139): table=filter family=2 entries=4 op=xt_replace subj=u:r:netd:s0 comm="iptables-restor"
[  196.593946][  T427] type=1300 audit(1790964387.056:139): arch=c00000b7 syscall=208 success=yes exit=0 a0=4 a1=0 a2=40 a3=b40000720280d260 items=0 ppid=606 auid=4294967295 uid=0 gid=0 euid=0 suid=0 fsuid=0 egid=0 sgid=0 fsgid=0 tty=(none) ses=4294967295 comm="iptables-restor" exe="/system/bin/iptables" subj=u:r:netd:s0 key=(null)
[  196.612661][  T427] type=1327 audit(1790964387.056:139): proctitle=2F73797374656D2F62696E2F69707461626C65732D726573746F7265002D2D6E6F666C757368002D77002D76
[  196.625860][  T427] type=1320 audit(1790964387.056:139): 
[  196.628934][  T427] type=1325 audit(1790964387.460:140): table=filter family=10 entries=0 op=xt_register subj=u:r:netd:s0 comm="ip6tables-resto"
[  196.636349][  T427] type=1300 audit(1790964387.460:140): arch=c00000b7 syscall=209 success=yes exit=0 a0=4 a1=29 a2=40 a3=7fc52414e0 items=0 ppid=606 auid=4294967295 uid=0 gid=0 euid=0 suid=0 fsuid=0 egid=0 sgid=0 fsgid=0 tty=(none) ses=4294967295 comm="ip6tables-resto" exe="/system/bin/iptables" subj=u:r:netd:s0 key=(null)
[  196.678157][  T427] type=1327 audit(1790964387.460:140): proctitle=2F73797374656D2F62696E2F6970367461626C65732D726573746F7265002D2D6E6F666C757368002D77002D76
[  196.705830][  T427] type=1320 audit(1790964387.460:140): 
[  196.718047][  T427] type=1325 audit(1790964387.884:141): table=filter family=10 entries=4 op=xt_replace subj=u:r:netd:s0 comm="ip6tables-resto"
[  196.738196][  T427] type=1300 audit(1790964387.884:141): arch=c00000b7 syscall=208 success=yes exit=0 a0=4 a1=29 a2=40 a3=b4000075a3a0c930 items=0 ppid=606 auid=4294967295 uid=0 gid=0 euid=0 suid=0 fsuid=0 egid=0 sgid=0 fsgid=0 tty=(none) ses=4294967295 comm="ip6tables-resto" exe="/system/bin/iptables" subj=u:r:netd:s0 key=(null)
[  196.749461][    T1] init: ... started service 'audio_parameter_parser_service' has pid 615
[  196.775358][    T1] init: starting service 'hidl_memory'...
[  196.798996][  T427] type=1327 audit(1790964387.884:141): proctitle=2F73797374656D2F62696E2F6970367461626C65732D726573746F7265002D2D6E6F666C757368002D77002D76
[  196.811875][  T427] type=1320 audit(1790964387.884:141): 
[  196.815125][  T427] type=1325 audit(1790964388.124:142): table=filter family=2 entries=13 op=xt_replace subj=u:r:netd:s0 comm="iptables-restor"
[  196.822769][  T427] type=1300 audit(1790964388.124:142): arch=c00000b7 syscall=208 success=yes exit=0 a0=4 a1=0 a2=40 a3=b4000070d2808040 items=0 ppid=606 auid=4294967295 uid=0 gid=0 euid=0 suid=0 fsuid=0 egid=0 sgid=0 fsgid=0 tty=(none) ses=4294967295 comm="iptables-restor" exe="/system/bin/iptables" subj=u:r:netd:s0 key=(null)
[  196.915576][  T427] type=1327 audit(1790964388.124:142): proctitle=2F73797374656D2F62696E2F69707461626C65732D726573746F7265002D2D6E6F666C757368002D77002D76
[  196.947101][  T427] type=1320 audit(1790964388.124:142): 
[  196.960251][  T427] type=1325 audit(1790964388.184:143): table=filter family=10 entries=13 op=xt_replace subj=u:r:netd:s0 comm="ip6tables-resto"
[  197.084905][  T427] type=1300 audit(1790964388.184:143): arch=c00000b7 syscall=208 success=yes exit=0 a0=4 a1=29 a2=40 a3=b400007453a0abe0 items=0 ppid=606 auid=4294967295 uid=0 gid=0 euid=0 suid=0 fsuid=0 egid=0 sgid=0 fsgid=0 tty=(none) ses=4294967295 comm="ip6tables-resto" exe="/system/bin/iptables" subj=u:r:netd:s0 key=(null)
[  197.221573][  T427] type=1327 audit(1790964388.184:143): proctitle=2F73797374656D2F62696E2F6970367461626C65732D726573746F7265002D2D6E6F666C757368002D77002D76
[  197.254432][  T427] type=1320 audit(1790964388.184:143): 
[  197.279549][  T427] type=1325 audit(1790964388.212:144): table=raw family=2 entries=0 op=xt_register subj=u:r:netd:s0 comm="iptables-restor"
[  197.326913][  T427] type=1300 audit(1790964388.212:144): arch=c00000b7 syscall=209 success=yes exit=0 a0=4 a1=0 a2=40 a3=7fc9101fe0 items=0 ppid=606 auid=4294967295 uid=0 gid=0 euid=0 suid=0 fsuid=0 egid=0 sgid=0 fsgid=0 tty=(none) ses=4294967295 comm="iptables-restor" exe="/system/bin/iptables" subj=u:r:netd:s0 key=(null)
[  197.355096][    T1] libprocessgroup: Created cgroup /sys/fs/cgroup/system/uid_1000/pid_618
[  197.390354][  T427] type=1327 audit(1790964388.212:144): proctitle=2F73797374656D2F62696E2F69707461626C65732D726573746F7265002D2D6E6F666C757368002D77002D76
[  197.408994][  T427] type=1320 audit(1790964388.212:144): 
[  197.427424][  T427] type=1325 audit(1790964388.252:145): table=raw family=2 entries=3 op=xt_replace subj=u:r:netd:s0 comm="iptables-restor"
[  197.445026][  T427] type=1300 audit(1790964388.252:145): arch=c00000b7 syscall=208 success=yes exit=0 a0=4 a1=0 a2=40 a3=b40000722280d070 items=0 ppid=606 auid=4294967295 uid=0 gid=0 euid=0 suid=0 fsuid=0 egid=0 sgid=0 fsgid=0 tty=(none) ses=4294967295 comm="iptables-restor" exe="/system/bin/iptables" subj=u:r:netd:s0 key=(null)
[  197.526203][  T427] type=1327 audit(1790964388.252:145): proctitle=2F73797374656D2F62696E2F69707461626C65732D726573746F7265002D2D6E6F666C757368002D77002D76
[  197.555064][  T427] type=1320 audit(1790964388.252:145): 
[  197.575924][  T427] type=1325 audit(1790964388.260:146): table=raw family=10 entries=0 op=xt_register subj=u:r:netd:s0 comm="ip6tables-resto"
[  197.616640][  T427] type=1300 audit(1790964388.260:146): arch=c00000b7 syscall=209 success=yes exit=0 a0=4 a1=29 a2=40 a3=7fc52414e0 items=0 ppid=606 auid=4294967295 uid=0 gid=0 euid=0 suid=0 fsuid=0 egid=0 sgid=0 fsgid=0 tty=(none) ses=4294967295 comm="ip6tables-resto" exe="/system/bin/iptables" subj=u:r:netd:s0 key=(null)
[  197.657001][  T427] type=1327 audit(1790964388.260:146): proctitle=2F73797374656D2F62696E2F6970367461626C65732D726573746F7265002D2D6E6F666C757368002D77002D76
[  197.689206][  T427] type=1320 audit(1790964388.260:146): 
[  197.708216][    T1] init: ... started service 'hidl_memory' has pid 618
[  197.865210][    T1] init: starting service 'vendor.sensors-hal-multihal'...
[  198.004456][  T427] type=1325 audit(1790964388.264:147): table=raw family=10 entries=3 op=xt_replace subj=u:r:netd:s0 comm="ip6tables-resto"
[  198.023463][  T427] type=1300 audit(1790964388.264:147): arch=c00000b7 syscall=208 success=yes exit=0 a0=4 a1=29 a2=40 a3=b4000075a3a0c930 items=0 ppid=606 auid=4294967295 uid=0 gid=0 euid=0 suid=0 fsuid=0 egid=0 sgid=0 fsgid=0 tty=(none) ses=4294967295 comm="ip6tables-resto" exe="/system/bin/iptables" subj=u:r:netd:s0 key=(null)
[  198.058442][  T427] type=1327 audit(1790964388.264:147): proctitle=2F73797374656D2F62696E2F6970367461626C65732D726573746F7265002D2D6E6F666C757368002D77002D76
[  198.077635][  T427] type=1320 audit(1790964388.264:147): 
[  198.093875][  T427] type=1325 audit(1790964388.276:148): table=mangle family=2 entries=0 op=xt_register subj=u:r:netd:s0 comm="iptables-restor"
[  198.124108][  T427] type=1300 audit(1790964388.276:148): arch=c00000b7 syscall=209 success=yes exit=0 a0=4 a1=0 a2=40 a3=7fc9101fe0 items=0 ppid=606 auid=4294967295 uid=0 gid=0 euid=0 suid=0 fsuid=0 egid=0 sgid=0 fsgid=0 tty=(none) ses=4294967295 comm="iptables-restor" exe="/system/bin/iptables" subj=u:r:netd:s0 key=(null)
[  198.152652][  T427] type=1327 audit(1790964388.276:148): proctitle=2F73797374656D2F62696E2F69707461626C65732D726573746F7265002D2D6E6F666C757368002D77002D76
[  198.164410][  T427] type=1320 audit(1790964388.276:148): 
[  198.167381][  T427] type=1325 audit(1790964388.276:149): table=mangle family=2 entries=6 op=xt_replace subj=u:r:netd:s0 comm="iptables-restor"
[  198.182672][  T427] type=1300 audit(1790964388.276:149): arch=c00000b7 syscall=208 success=yes exit=0 a0=4 a1=0 a2=40 a3=b400007062804d20 items=0 ppid=606 auid=4294967295 uid=0 gid=0 euid=0 suid=0 fsuid=0 egid=0 sgid=0 fsgid=0 tty=(none) ses=4294967295 comm="iptables-restor" exe="/system/bin/iptables" subj=u:r:netd:s0 key=(null)
[  198.322512][    T1] libprocessgroup: Created cgroup /sys/fs/cgroup/system/uid_1000/pid_619
[  198.330219][  T427] type=1327 audit(1790964388.276:149): proctitle=2F73797374656D2F62696E2F69707461626C65732D726573746F7265002D2D6E6F666C757368002D77002D76
[  198.381186][  T427] type=1320 audit(1790964388.276:149): 
[  198.389368][  T427] type=1325 audit(1790964388.288:150): table=mangle family=10 entries=0 op=xt_register subj=u:r:netd:s0 comm="ip6tables-resto"
[  198.396336][  T427] type=1300 audit(1790964388.288:150): arch=c00000b7 syscall=209 success=yes exit=0 a0=4 a1=29 a2=40 a3=7fc52414e0 items=0 ppid=606 auid=4294967295 uid=0 gid=0 euid=0 suid=0 fsuid=0 egid=0 sgid=0 fsgid=0 tty=(none) ses=4294967295 comm="ip6tables-resto" exe="/system/bin/iptables" subj=u:r:netd:s0 key=(null)
[  198.466448][  T427] type=1327 audit(1790964388.288:150): proctitle=2F73797374656D2F62696E2F6970367461626C65732D726573746F7265002D2D6E6F666C757368002D77002D76
[  198.474049][  T427] type=1320 audit(1790964388.288:150): 
[  198.479941][  T427] type=1325 audit(1790964388.288:151): table=mangle family=10 entries=6 op=xt_replace subj=u:r:netd:s0 comm="ip6tables-resto"
[  198.485316][  T427] type=1300 audit(1790964388.288:151): arch=c00000b7 syscall=208 success=yes exit=0 a0=4 a1=29 a2=40 a3=b4000074c3a05840 items=0 ppid=606 auid=4294967295 uid=0 gid=0 euid=0 suid=0 fsuid=0 egid=0 sgid=0 fsgid=0 tty=(none) ses=4294967295 comm="ip6tables-resto" exe="/system/bin/iptables" subj=u:r:netd:s0 key=(null)
[  198.505862][  T427] type=1327 audit(1790964388.288:151): proctitle=2F73797374656D2F62696E2F6970367461626C65732D726573746F7265002D2D6E6F666C757368002D77002D76
[  198.515864][  T427] type=1320 audit(1790964388.288:151): 
[  198.520976][  T427] type=1325 audit(1790964388.300:152): table=mangle family=2 entries=9 op=xt_replace subj=u:r:netd:s0 comm="iptables-restor"
[  198.585519][  T427] type=1300 audit(1790964388.300:152): arch=c00000b7 syscall=208 success=yes exit=0 a0=4 a1=0 a2=40 a3=b400007082808c40 items=0 ppid=606 auid=4294967295 uid=0 gid=0 euid=0 suid=0 fsuid=0 egid=0 sgid=0 fsgid=0 tty=(none) ses=4294967295 comm="iptables-restor" exe="/system/bin/iptables" subj=u:r:netd:s0 key=(null)
[  198.738066][  T427] type=1327 audit(1790964388.300:152): proctitle=2F73797374656D2F62696E2F69707461626C65732D726573746F7265002D2D6E6F666C757368002D77002D76
[  198.771574][  T427] type=1320 audit(1790964388.300:152): 
[  198.776173][  T427] type=1325 audit(1790964388.308:153): table=mangle family=10 entries=9 op=xt_replace subj=u:r:netd:s0 comm="ip6tables-resto"
[  198.782022][  T427] type=1300 audit(1790964388.308:153): arch=c00000b7 syscall=208 success=yes exit=0 a0=4 a1=29 a2=40 a3=b400007413a12030 items=0 ppid=606 auid=4294967295 uid=0 gid=0 euid=0 suid=0 fsuid=0 egid=0 sgid=0 fsgid=0 tty=(none) ses=4294967295 comm="ip6tables-resto" exe="/system/bin/iptables" subj=u:r:netd:s0 key=(null)
[  198.920704][  T427] type=1327 audit(1790964388.308:153): proctitle=2F73797374656D2F62696E2F6970367461626C65732D726573746F7265002D2D6E6F666C757368002D77002D76
[  199.001463][  T427] type=1320 audit(1790964388.308:153): 
[  199.010666][  T427] type=1325 audit(1790964388.308:154): table=mangle family=2 entries=18 op=xt_replace subj=u:r:netd:s0 comm="iptables-restor"
[  199.020846][  T427] type=1300 audit(1790964388.308:154): arch=c00000b7 syscall=208 success=yes exit=0 a0=4 a1=0 a2=40 a3=b4000070d2808040 items=0 ppid=606 auid=4294967295 uid=0 gid=0 euid=0 suid=0 fsuid=0 egid=0 sgid=0 fsgid=0 tty=(none) ses=4294967295 comm="iptables-restor" exe="/system/bin/iptables" subj=u:r:netd:s0 key=(null)
[  199.053690][  T427] type=1327 audit(1790964388.308:154): proctitle=2F73797374656D2F62696E2F69707461626C65732D726573746F7265002D2D6E6F666C757368002D77002D76
[  199.061629][    T1] init: ... started service 'vendor.sensors-hal-multihal' has pid 619
[  199.062700][  T427] type=1320 audit(1790964388.308:154): 
[  199.069301][  T427] type=1325 audit(1790964388.312:155): table=mangle family=10 entries=18 op=xt_replace subj=u:r:netd:s0 comm="ip6tables-resto"
[  199.078041][  T427] type=1300 audit(1790964388.312:155): arch=c00000b7 syscall=208 success=yes exit=0 a0=4 a1=29 a2=40 a3=b400007503a0a220 items=0 ppid=606 auid=4294967295 uid=0 gid=0 euid=0 suid=0 fsuid=0 egid=0 sgid=0 fsgid=0 tty=(none) ses=4294967295 comm="ip6tables-resto" exe="/system/bin/iptables" subj=u:r:netd:s0 key=(null)
[  199.090162][    T1] init: starting service 'vendor.motioncontext-default'...
[  199.099599][  T427] type=1327 audit(1790964388.312:155): proctitle=2F73797374656D2F62696E2F6970367461626C65732D726573746F7265002D2D6E6F666C757368002D77002D76
[  199.114491][  T427] type=1320 audit(1790964388.312:155): 
[  199.120163][  T427] type=1325 audit(1790964388.312:156): table=nat family=2 entries=0 op=xt_register subj=u:r:netd:s0 comm="iptables-restor"
[  199.134387][  T427] type=1300 audit(1790964388.312:156): arch=c00000b7 syscall=209 success=yes exit=0 a0=4 a1=0 a2=40 a3=7fc9101fe0 items=0 ppid=606 auid=4294967295 uid=0 gid=0 euid=0 suid=0 fsuid=0 egid=0 sgid=0 fsgid=0 tty=(none) ses=4294967295 comm="iptables-restor" exe="/system/bin/iptables" subj=u:r:netd:s0 key=(null)
[  199.163208][  T427] type=1327 audit(1790964388.312:156): proctitle=2F73797374656D2F62696E2F69707461626C65732D726573746F7265002D2D6E6F666C757368002D77002D76
[  199.172466][  T427] type=1320 audit(1790964388.312:156): 
[  199.178714][  T427] type=1325 audit(1790964388.420:157): table=nat family=2 entries=5 op=xt_replace subj=u:r:netd:s0 comm="iptables-restor"
[  199.186959][  T427] type=1300 audit(1790964388.420:157): arch=c00000b7 syscall=208 success=yes exit=0 a0=4 a1=0 a2=40 a3=b400007062804d20 items=0 ppid=606 auid=4294967295 uid=0 gid=0 euid=0 suid=0 fsuid=0 egid=0 sgid=0 fsgid=0 tty=(none) ses=4294967295 comm="iptables-restor" exe="/system/bin/iptables" subj=u:r:netd:s0 key=(null)
[  199.192048][    T1] libprocessgroup: Created cgroup /sys/fs/cgroup/system/uid_1080
[  199.278107][  T427] type=1327 audit(1790964388.420:157): proctitle=2F73797374656D2F62696E2F69707461626C65732D726573746F7265002D2D6E6F666C757368002D77002D76
[  199.310405][  T427] type=1320 audit(1790964388.420:157): 
[  199.319705][  T427] type=1325 audit(1790964388.448:158): table=nat family=2 entries=8 op=xt_replace subj=u:r:netd:s0 comm="iptables-restor"
[  199.332214][  T427] type=1300 audit(1790964388.448:158): arch=c00000b7 syscall=208 success=yes exit=0 a0=4 a1=0 a2=40 a3=b40000722280d070 items=0 ppid=606 auid=4294967295 uid=0 gid=0 euid=0 suid=0 fsuid=0 egid=0 sgid=0 fsgid=0 tty=(none) ses=4294967295 comm="iptables-restor" exe="/system/bin/iptables" subj=u:r:netd:s0 key=(null)
[  199.356307][  T427] type=1327 audit(1790964388.448:158): proctitle=2F73797374656D2F62696E2F69707461626C65732D726573746F7265002D2D6E6F666C757368002D77002D76
[  199.363963][    T1] libprocessgroup: Created cgroup /sys/fs/cgroup/system/uid_1080/pid_620
[  199.367955][  T427] type=1320 audit(1790964388.448:158): 
[  199.368146][  T427] type=1325 audit(1790964388.812:159): table=filter family=2 entries=25 op=xt_replace subj=u:r:netd:s0 comm="iptables-restor"
[  199.368243][  T427] type=1300 audit(1790964388.812:159): arch=c00000b7 syscall=208 success=yes exit=0 a0=4 a1=0 a2=40 a3=b400007092807380 items=0 ppid=606 auid=4294967295 uid=0 gid=0 euid=0 suid=0 fsuid=0 egid=0 sgid=0 fsgid=0 tty=(none) ses=4294967295 comm="iptables-restor" exe="/system/bin/iptables" subj=u:r:netd:s0 key=(null)
[  199.410117][    T1] init: ... started service 'vendor.motioncontext-default' has pid 620
[  199.425442][  T427] type=1327 audit(1790964388.812:159): proctitle=2F73797374656D2F62696E2F69707461626C65732D726573746F7265002D2D6E6F666C757368002D77002D76
[  199.439417][  T427] type=1320 audit(1790964388.812:159): 
[  199.475080][  T427] type=1325 audit(1790964388.880:160): table=filter family=10 entries=25 op=xt_replace subj=u:r:netd:s0 comm="ip6tables-resto"
[  199.482561][  T427] type=1300 audit(1790964388.880:160): arch=c00000b7 syscall=208 success=yes exit=0 a0=4 a1=29 a2=40 a3=b4000074a3a02010 items=0 ppid=606 auid=4294967295 uid=0 gid=0 euid=0 suid=0 fsuid=0 egid=0 sgid=0 fsgid=0 tty=(none) ses=4294967295 comm="ip6tables-resto" exe="/system/bin/iptables" subj=u:r:netd:s0 key=(null)
[  199.502178][  T427] type=1327 audit(1790964388.880:160): proctitle=2F73797374656D2F62696E2F6970367461626C65732D726573746F7265002D2D6E6F666C757368002D77002D76
[  199.507960][  T427] type=1320 audit(1790964388.880:160): 
[  199.510447][  T427] type=1325 audit(1790964388.880:161): table=mangle family=2 entries=21 op=xt_replace subj=u:r:netd:s0 comm="iptables-restor"
[  199.622740][  T427] type=1300 audit(1790964388.880:161): arch=c00000b7 syscall=208 success=yes exit=0 a0=4 a1=0 a2=40 a3=b400007092807380 items=0 ppid=606 auid=4294967295 uid=0 gid=0 euid=0 suid=0 fsuid=0 egid=0 sgid=0 fsgid=0 tty=(none) ses=4294967295 comm="iptables-restor" exe="/system/bin/iptables" subj=u:r:netd:s0 key=(null)
[  199.805317][  T427] type=1327 audit(1790964388.880:161): proctitle=2F73797374656D2F62696E2F69707461626C65732D726573746F7265002D2D6E6F666C757368002D77002D76
[  199.824459][  T427] type=1320 audit(1790964388.880:161): 
[  199.834644][  T427] type=1325 audit(1790964388.896:162): table=mangle family=10 entries=21 op=xt_replace subj=u:r:netd:s0 comm="ip6tables-resto"
[  199.864523][  T427] type=1300 audit(1790964388.896:162): arch=c00000b7 syscall=208 success=yes exit=0 a0=4 a1=29 a2=40 a3=b400007453a0abe0 items=0 ppid=606 auid=4294967295 uid=0 gid=0 euid=0 suid=0 fsuid=0 egid=0 sgid=0 fsgid=0 tty=(none) ses=4294967295 comm="ip6tables-resto" exe="/system/bin/iptables" subj=u:r:netd:s0 key=(null)
[  199.893338][  T427] type=1327 audit(1790964388.896:162): proctitle=2F73797374656D2F62696E2F6970367461626C65732D726573746F7265002D2D6E6F666C757368002D77002D76
[  199.911801][  T427] type=1320 audit(1790964388.896:162): 
[  199.918464][  T427] type=1325 audit(1790964388.924:163): table=filter family=2 entries=37 op=xt_replace subj=u:r:netd:s0 comm="iptables-restor"
[  199.931697][  T427] type=1300 audit(1790964388.924:163): arch=c00000b7 syscall=208 success=yes exit=0 a0=4 a1=0 a2=40 a3=b4000070928057b0 items=0 ppid=606 auid=4294967295 uid=0 gid=0 euid=0 suid=0 fsuid=0 egid=0 sgid=0 fsgid=0 tty=(none) ses=4294967295 comm="iptables-restor" exe="/system/bin/iptables" subj=u:r:netd:s0 key=(null)
[  200.069477][  T427] type=1327 audit(1790964388.924:163): proctitle=2F73797374656D2F62696E2F69707461626C65732D726573746F7265002D2D6E6F666C757368002D77002D76
[  200.090533][  T427] type=1320 audit(1790964388.924:163): 
[  200.103585][  T427] type=1325 audit(1790964388.932:164): table=filter family=10 entries=37 op=xt_replace subj=u:r:netd:s0 comm="ip6tables-resto"
[  200.305420][  T427] type=1300 audit(1790964388.932:164): arch=c00000b7 syscall=208 success=yes exit=0 a0=4 a1=29 a2=40 a3=b4000074a3a08640 items=0 ppid=606 auid=4294967295 uid=0 gid=0 euid=0 suid=0 fsuid=0 egid=0 sgid=0 fsgid=0 tty=(none) ses=4294967295 comm="ip6tables-resto" exe="/system/bin/iptables" subj=u:r:netd:s0 key=(null)
[  200.408234][  T427] type=1327 audit(1790964388.932:164): proctitle=2F73797374656D2F62696E2F6970367461626C65732D726573746F7265002D2D6E6F666C757368002D77002D76
[  200.430467][  T427] type=1320 audit(1790964388.932:164): 
[  200.456425][  T427] type=1325 audit(1790964389.040:165): table=filter family=2 entries=37 op=xt_replace subj=u:r:netd:s0 comm="iptables-restor"
[  200.493225][  T427] type=1300 audit(1790964389.040:165): arch=c00000b7 syscall=208 success=yes exit=0 a0=4 a1=0 a2=40 a3=b4000070928057b0 items=0 ppid=606 auid=4294967295 uid=0 gid=0 euid=0 suid=0 fsuid=0 egid=0 sgid=0 fsgid=0 tty=(none) ses=4294967295 comm="iptables-restor" exe="/system/bin/iptables" subj=u:r:netd:s0 key=(null)
[  200.560615][  T427] type=1327 audit(1790964389.040:165): proctitle=2F73797374656D2F62696E2F69707461626C65732D726573746F7265002D2D6E6F666C757368002D77002D76
[  200.576401][    T1] init: starting service 'vendor.audio-hal-aidl'...
[  200.601688][  T427] type=1320 audit(1790964389.040:165): 
[  201.039038][  T427] type=1325 audit(1790964389.040:166): table=nat family=2 entries=11 op=xt_replace subj=u:r:netd:s0 comm="iptables-restor"
[  201.681590][  T427] type=1300 audit(1790964389.040:166): arch=c00000b7 syscall=208 success=yes exit=0 a0=4 a1=0 a2=40 a3=b40000722280c010 items=0 ppid=606 auid=4294967295 uid=0 gid=0 euid=0 suid=0 fsuid=0 egid=0 sgid=0 fsgid=0 tty=(none) ses=4294967295 comm="iptables-restor" exe="/system/bin/iptables" subj=u:r:netd:s0 key=(null)
[  201.930588][  T427] type=1327 audit(1790964389.040:166): proctitle=2F73797374656D2F62696E2F69707461626C65732D726573746F7265002D2D6E6F666C757368002D77002D76
[  201.969368][  T427] type=1320 audit(1790964389.040:166): 
[  201.997268][    T1] libprocessgroup: Created cgroup /sys/fs/cgroup/system/uid_1041/pid_621
[  202.017782][  T427] type=1325 audit(1790964389.084:167): table=filter family=10 entries=38 op=xt_replace subj=u:r:netd:s0 comm="ip6tables-resto"
[  202.044762][  T427] type=1300 audit(1790964389.084:167): arch=c00000b7 syscall=208 success=yes exit=0 a0=4 a1=29 a2=40 a3=b4000074a3a08640 items=0 ppid=606 auid=4294967295 uid=0 gid=0 euid=0 suid=0 fsuid=0 egid=0 sgid=0 fsgid=0 tty=(none) ses=4294967295 comm="ip6tables-resto" exe="/system/bin/iptables" subj=u:r:netd:s0 key=(null)
[  202.124116][  T427] type=1327 audit(1790964389.084:167): proctitle=2F73797374656D2F62696E2F6970367461626C65732D726573746F7265002D2D6E6F666C757368002D77002D76
[  202.149481][  T427] type=1320 audit(1790964389.084:167): 
[  202.170578][  T427] type=1325 audit(1790964389.100:168): table=raw family=10 entries=12 op=xt_replace subj=u:r:netd:s0 comm="ip6tables-resto"
[  202.661316][  T427] type=1300 audit(1790964389.100:168): arch=c00000b7 syscall=208 success=yes exit=0 a0=4 a1=29 a2=40 a3=b4000075a3a0a4a0 items=0 ppid=606 auid=4294967295 uid=0 gid=0 euid=0 suid=0 fsuid=0 egid=0 sgid=0 fsgid=0 tty=(none) ses=4294967295 comm="ip6tables-resto" exe="/system/bin/iptables" subj=u:r:netd:s0 key=(null)
[  202.756092][  T427] type=1327 audit(1790964389.100:168): proctitle=2F73797374656D2F62696E2F6970367461626C65732D726573746F7265002D2D6E6F666C757368002D77002D76
[  202.764258][  T427] type=1320 audit(1790964389.100:168): 
[  202.769646][  T427] type=1325 audit(1790964389.356:169): table=mangle family=2 entries=30 op=xt_replace subj=u:r:netd:s0 comm="iptables-restor"
[  202.776589][  T427] type=1300 audit(1790964389.356:169): arch=c00000b7 syscall=208 success=yes exit=0 a0=4 a1=0 a2=40 a3=b4000070928057b0 items=0 ppid=606 auid=4294967295 uid=0 gid=0 euid=0 suid=0 fsuid=0 egid=0 sgid=0 fsgid=0 tty=(none) ses=4294967295 comm="iptables-restor" exe="/system/bin/iptables" subj=u:r:netd:s0 key=(null)
[  202.793341][  T427] type=1327 audit(1790964389.356:169): proctitle=2F73797374656D2F62696E2F69707461626C65732D726573746F7265002D2D6E6F666C757368002D77002D76
[  202.801302][  T427] type=1320 audit(1790964389.356:169): 
[  202.807500][  T427] type=1325 audit(1790964389.516:170): table=filter family=2 entries=38 op=xt_replace subj=u:r:netd:s0 comm="iptables-restor"
[  202.816178][  T427] type=1300 audit(1790964389.516:170): arch=c00000b7 syscall=208 success=yes exit=0 a0=4 a1=0 a2=40 a3=b4000070928057b0 items=0 ppid=606 auid=4294967295 uid=0 gid=0 euid=0 suid=0 fsuid=0 egid=0 sgid=0 fsgid=0 tty=(none) ses=4294967295 comm="iptables-restor" exe="/system/bin/iptables" subj=u:r:netd:s0 key=(null)
[  202.830737][  T427] type=1327 audit(1790964389.516:170): proctitle=2F73797374656D2F62696E2F69707461626C65732D726573746F7265002D2D6E6F666C757368002D77002D76
[  202.838236][  T427] type=1320 audit(1790964389.516:170): 
[  202.841499][  T427] type=1325 audit(1790964389.580:171): table=filter family=10 entries=38 op=xt_replace subj=u:r:netd:s0 comm="ip6tables-resto"
[  202.894818][  T427] type=1300 audit(1790964389.580:171): arch=c00000b7 syscall=208 success=yes exit=0 a0=4 a1=29 a2=40 a3=b400007593a0e8c0 items=0 ppid=606 auid=4294967295 uid=0 gid=0 euid=0 suid=0 fsuid=0 egid=0 sgid=0 fsgid=0 tty=(none) ses=4294967295 comm="ip6tables-resto" exe="/system/bin/iptables" subj=u:r:netd:s0 key=(null)
[  202.913335][  T427] type=1327 audit(1790964389.580:171): proctitle=2F73797374656D2F62696E2F6970367461626C65732D726573746F7265002D2D6E6F666C757368002D77002D76
[  203.132367][  T427] type=1320 audit(1790964389.580:171): 
[  203.244896][  T427] type=1325 audit(1790964389.632:172): table=filter family=2 entries=40 op=xt_replace subj=u:r:netd:s0 comm="iptables-restor"
[  203.307293][  T427] type=1300 audit(1790964389.632:172): arch=c00000b7 syscall=208 success=yes exit=0 a0=4 a1=0 a2=40 a3=b4000070f280d640 items=0 ppid=606 auid=4294967295 uid=0 gid=0 euid=0 suid=0 fsuid=0 egid=0 sgid=0 fsgid=0 tty=(none) ses=4294967295 comm="iptables-restor" exe="/system/bin/iptables" subj=u:r:netd:s0 key=(null)
[  203.342293][  T427] type=1327 audit(1790964389.632:172): proctitle=2F73797374656D2F62696E2F69707461626C65732D726573746F7265002D2D6E6F666C757368002D77002D76
[  203.351280][  T427] type=1320 audit(1790964389.632:172): 
[  203.364217][  T427] type=1325 audit(1790964389.656:173): table=raw family=2 entries=12 op=xt_replace subj=u:r:netd:s0 comm="iptables-restor"
[  203.374583][    T1] init: ... started service 'vendor.audio-hal-aidl' has pid 621
[  203.374636][  T427] type=1300 audit(1790964389.656:173): arch=c00000b7 syscall=208 success=yes exit=0 a0=4 a1=0 a2=40 a3=b40000722280c010 items=0 ppid=606 auid=4294967295 uid=0 gid=0 euid=0 suid=0 fsuid=0 egid=0 sgid=0 fsgid=0 tty=(none) ses=4294967295 comm="iptables-restor" exe="/system/bin/iptables" subj=u:r:netd:s0 key=(null)
[  203.398454][    T1] init: starting service 'vendor.audio-effect-hal-aidl'...
[  203.399221][  T427] type=1327 audit(1790964389.656:173): proctitle=2F73797374656D2F62696E2F69707461626C65732D726573746F7265002D2D6E6F666C757368002D77002D76
[  203.419746][  T427] type=1320 audit(1790964389.656:173): 
[  203.422887][  T427] type=1325 audit(1790964389.656:174): table=mangle family=2 entries=31 op=xt_replace subj=u:r:netd:s0 comm="iptables-restor"
[  203.432276][  T427] type=1300 audit(1790964389.656:174): arch=c00000b7 syscall=208 success=yes exit=0 a0=4 a1=0 a2=40 a3=b4000070928057b0 items=0 ppid=606 auid=4294967295 uid=0 gid=0 euid=0 suid=0 fsuid=0 egid=0 sgid=0 fsgid=0 tty=(none) ses=4294967295 comm="iptables-restor" exe="/system/bin/iptables" subj=u:r:netd:s0 key=(null)
[  203.469581][  T427] type=1327 audit(1790964389.656:174): proctitle=2F73797374656D2F62696E2F69707461626C65732D726573746F7265002D2D6E6F666C757368002D77002D76
[  203.480222][  T427] type=1320 audit(1790964389.656:174): 
[  203.484347][  T427] type=1325 audit(1790964389.656:175): table=filter family=10 entries=40 op=xt_replace subj=u:r:netd:s0 comm="ip6tables-resto"
[  203.494439][  T427] type=1300 audit(1790964389.656:175): arch=c00000b7 syscall=208 success=yes exit=0 a0=4 a1=29 a2=40 a3=b400007593a0e8c0 items=0 ppid=606 auid=4294967295 uid=0 gid=0 euid=0 suid=0 fsuid=0 egid=0 sgid=0 fsgid=0 tty=(none) ses=4294967295 comm="ip6tables-resto" exe="/system/bin/iptables" subj=u:r:netd:s0 key=(null)
[  203.511728][  T427] type=1327 audit(1790964389.656:175): proctitle=2F73797374656D2F62696E2F6970367461626C65732D726573746F7265002D2D6E6F666C757368002D77002D76
[  203.527816][  T427] type=1320 audit(1790964389.656:175): 
[  203.533142][  T427] type=1325 audit(1790964389.668:176): table=raw family=10 entries=12 op=xt_replace subj=u:r:netd:s0 comm="ip6tables-resto"
[  203.544346][  T427] type=1300 audit(1790964389.668:176): arch=c00000b7 syscall=208 success=yes exit=0 a0=4 a1=29 a2=40 a3=b4000075a3a0a4a0 items=0 ppid=606 auid=4294967295 uid=0 gid=0 euid=0 suid=0 fsuid=0 egid=0 sgid=0 fsgid=0 tty=(none) ses=4294967295 comm="ip6tables-resto" exe="/system/bin/iptables" subj=u:r:netd:s0 key=(null)
[  203.548216][    T1] libprocessgroup: Created cgroup /sys/fs/cgroup/system/uid_1041/pid_622
[  203.555923][  T427] type=1327 audit(1790964389.668:176): proctitle=2F73797374656D2F62696E2F6970367461626C65732D726573746F7265002D2D6E6F666C757368002D77002D76
[  203.560257][  T427] type=1320 audit(1790964389.668:176): 
[  203.563892][  T427] type=1325 audit(1790964389.688:177): table=mangle family=10 entries=30 op=xt_replace subj=u:r:netd:s0 comm="ip6tables-resto"
[  203.568447][  T427] type=1300 audit(1790964389.688:177): arch=c00000b7 syscall=208 success=yes exit=0 a0=4 a1=29 a2=40 a3=b400007453a0c7b0 items=0 ppid=606 auid=4294967295 uid=0 gid=0 euid=0 suid=0 fsuid=0 egid=0 sgid=0 fsgid=0 tty=(none) ses=4294967295 comm="ip6tables-resto" exe="/system/bin/iptables" subj=u:r:netd:s0 key=(null)
[  203.570436][    T1] init: ... started service 'vendor.audio-effect-hal-aidl' has pid 622
[  203.578592][  T427] type=1327 audit(1790964389.688:177): proctitle=2F73797374656D2F62696E2F6970367461626C65732D726573746F7265002D2D6E6F666C757368002D77002D76
[  203.585900][  T427] type=1320 audit(1790964389.688:177): 
[  203.586226][  T427] type=1325 audit(1790964389.860:178): table=filter family=2 entries=50 op=xt_replace subj=u:r:netd:s0 comm="iptables-restor"
[  203.586895][  T427] type=1300 audit(1790964389.860:178): arch=c00000b7 syscall=208 success=yes exit=0 a0=4 a1=0 a2=40 a3=b400007162809010 items=0 ppid=606 auid=4294967295 uid=0 gid=0 euid=0 suid=0 fsuid=0 egid=0 sgid=0 fsgid=0 tty=(none) ses=4294967295 comm="iptables-restor" exe="/system/bin/iptables" subj=u:r:netd:s0 key=(null)
[  203.592621][  T427] type=1327 audit(1790964389.860:178): proctitle=2F73797374656D2F62696E2F69707461626C65732D726573746F7265002D2D6E6F666C757368002D77002D76
[  203.598621][  T427] type=1320 audit(1790964389.860:178): 
[  203.600066][  T427] type=1325 audit(1790964389.888:179): table=filter family=10 entries=50 op=xt_replace subj=u:r:netd:s0 comm="ip6tables-resto"
[  203.608432][  T427] type=1300 audit(1790964389.888:179): arch=c00000b7 syscall=208 success=yes exit=0 a0=4 a1=29 a2=40 a3=b400007443a0e010 items=0 ppid=606 auid=4294967295 uid=0 gid=0 euid=0 suid=0 fsuid=0 egid=0 sgid=0 fsgid=0 tty=(none) ses=4294967295 comm="ip6tables-resto" exe="/system/bin/iptables" subj=u:r:netd:s0 key=(null)
[  203.624075][  T427] type=1327 audit(1790964389.888:179): proctitle=2F73797374656D2F62696E2F6970367461626C65732D726573746F7265002D2D6E6F666C757368002D77002D76
[  203.628431][  T427] type=1320 audit(1790964389.888:179): 
[  203.632242][  T427] type=1325 audit(1790964390.484:180): table=filter family=2 entries=58 op=xt_replace subj=u:r:netd:s0 comm="iptables-restor"
[  203.639720][  T427] type=1300 audit(1790964390.484:180): arch=c00000b7 syscall=208 success=yes exit=0 a0=4 a1=0 a2=40 a3=b400007132812840 items=0 ppid=606 auid=4294967295 uid=0 gid=0 euid=0 suid=0 fsuid=0 egid=0 sgid=0 fsgid=0 tty=(none) ses=4294967295 comm="iptables-restor" exe="/system/bin/iptables" subj=u:r:netd:s0 key=(null)
[  203.649468][  T427] type=1327 audit(1790964390.484:180): proctitle=2F73797374656D2F62696E2F69707461626C65732D726573746F7265002D2D6E6F666C757368002D77002D76
[  203.654250][  T427] type=1320 audit(1790964390.484:180): 
[  203.659194][  T427] type=1325 audit(1790964390.880:181): table=filter family=10 entries=58 op=xt_replace subj=u:r:netd:s0 comm="ip6tables-resto"
[  203.667945][  T427] type=1300 audit(1790964390.880:181): arch=c00000b7 syscall=208 success=yes exit=0 a0=4 a1=29 a2=40 a3=b4000075d3a18e40 items=0 ppid=606 auid=4294967295 uid=0 gid=0 euid=0 suid=0 fsuid=0 egid=0 sgid=0 fsgid=0 tty=(none) ses=4294967295 comm="ip6tables-resto" exe="/system/bin/iptables" subj=u:r:netd:s0 key=(null)
[  203.715246][  T427] type=1327 audit(1790964390.880:181): proctitle=2F73797374656D2F62696E2F6970367461626C65732D726573746F7265002D2D6E6F666C757368002D77002D76
[  203.721373][  T427] type=1320 audit(1790964390.880:181): 
[  203.777085][  T427] type=1325 audit(1790964390.912:182): table=mangle family=2 entries=31 op=xt_replace subj=u:r:netd:s0 comm="iptables-restor"
[  203.789422][  T427] type=1300 audit(1790964390.912:182): arch=c00000b7 syscall=208 success=yes exit=0 a0=4 a1=0 a2=40 a3=b4000070928057b0 items=0 ppid=606 auid=4294967295 uid=0 gid=0 euid=0 suid=0 fsuid=0 egid=0 sgid=0 fsgid=0 tty=(none) ses=4294967295 comm="iptables-restor" exe="/system/bin/iptables" subj=u:r:netd:s0 key=(null)
[  203.958948][  T427] type=1327 audit(1790964390.912:182): proctitle=2F73797374656D2F62696E2F69707461626C65732D726573746F7265002D2D6E6F666C757368002D77002D76
[  203.997164][  T427] type=1320 audit(1790964390.912:182): 
[  204.009316][  T427] type=1325 audit(1790964390.920:183): table=mangle family=10 entries=30 op=xt_replace subj=u:r:netd:s0 comm="ip6tables-resto"
[  204.021655][  T427] type=1300 audit(1790964390.920:183): arch=c00000b7 syscall=208 success=yes exit=0 a0=4 a1=29 a2=40 a3=b400007453a0c7b0 items=0 ppid=606 auid=4294967295 uid=0 gid=0 euid=0 suid=0 fsuid=0 egid=0 sgid=0 fsgid=0 tty=(none) ses=4294967295 comm="ip6tables-resto" exe="/system/bin/iptables" subj=u:r:netd:s0 key=(null)
[  204.039403][  T427] type=1327 audit(1790964390.920:183): proctitle=2F73797374656D2F62696E2F6970367461626C65732D726573746F7265002D2D6E6F666C757368002D77002D76
[  204.050553][  T427] type=1320 audit(1790964390.920:183): 
[  204.052865][  T427] type=1325 audit(1790964390.972:184): table=filter family=2 entries=70 op=xt_replace subj=u:r:netd:s0 comm="iptables-restor"
[  204.079668][  T427] type=1300 audit(1790964390.972:184): arch=c00000b7 syscall=208 success=yes exit=0 a0=4 a1=0 a2=40 a3=b400007132805010 items=0 ppid=606 auid=4294967295 uid=0 gid=0 euid=0 suid=0 fsuid=0 egid=0 sgid=0 fsgid=0 tty=(none) ses=4294967295 comm="iptables-restor" exe="/system/bin/iptables" subj=u:r:netd:s0 key=(null)
[  204.103977][  T427] type=1327 audit(1790964390.972:184): proctitle=2F73797374656D2F62696E2F69707461626C65732D726573746F7265002D2D6E6F666C757368002D77002D76
[  204.277394][  T427] type=1320 audit(1790964390.972:184): 
[  204.333253][  T427] type=1325 audit(1790964390.984:185): table=raw family=2 entries=12 op=xt_replace subj=u:r:netd:s0 comm="iptables-restor"
[  205.450350][    T1] init: starting service 'vendor.authsecret_default'...
[  205.531416][  T427] type=1300 audit(1790964390.984:185): arch=c00000b7 syscall=208 success=yes exit=0 a0=4 a1=0 a2=40 a3=b40000722280c010 items=0 ppid=606 auid=4294967295 uid=0 gid=0 euid=0 suid=0 fsuid=0 egid=0 sgid=0 fsgid=0 tty=(none) ses=4294967295 comm="iptables-restor" exe="/system/bin/iptables" subj=u:r:netd:s0 key=(null)
[  206.038934][  T427] type=1327 audit(1790964390.984:185): proctitle=2F73797374656D2F62696E2F69707461626C65732D726573746F7265002D2D6E6F666C757368002D77002D76
[  206.487103][  T427] type=1320 audit(1790964390.984:185): 
[  206.575088][  T427] type=1325 audit(1790964390.992:186): table=mangle family=2 entries=33 op=xt_replace subj=u:r:netd:s0 comm="iptables-restor"
[  206.882779][    T1] libprocessgroup: Created cgroup /sys/fs/cgroup/system/uid_1064
[  206.893805][  T427] type=1300 audit(1790964390.992:186): arch=c00000b7 syscall=208 success=yes exit=0 a0=4 a1=0 a2=40 a3=b4000070928057b0 items=0 ppid=606 auid=4294967295 uid=0 gid=0 euid=0 suid=0 fsuid=0 egid=0 sgid=0 fsgid=0 tty=(none) ses=4294967295 comm="iptables-restor" exe="/system/bin/iptables" subj=u:r:netd:s0 key=(null)
[  206.929103][  T427] type=1327 audit(1790964390.992:186): proctitle=2F73797374656D2F62696E2F69707461626C65732D726573746F7265002D2D6E6F666C757368002D77002D76
[  207.014845][  T427] type=1320 audit(1790964390.992:186): 
[  207.026871][  T427] type=1325 audit(1790964390.996:187): table=filter family=10 entries=70 op=xt_replace subj=u:r:netd:s0 comm="ip6tables-resto"
[  207.038359][  T427] type=1300 audit(1790964390.996:187): arch=c00000b7 syscall=208 success=yes exit=0 a0=4 a1=29 a2=40 a3=b4000075d3a0da20 items=0 ppid=606 auid=4294967295 uid=0 gid=0 euid=0 suid=0 fsuid=0 egid=0 sgid=0 fsgid=0 tty=(none) ses=4294967295 comm="ip6tables-resto" exe="/system/bin/iptables" subj=u:r:netd:s0 key=(null)
[  207.063994][  T427] type=1327 audit(1790964390.996:187): proctitle=2F73797374656D2F62696E2F6970367461626C65732D726573746F7265002D2D6E6F666C757368002D77002D76
[  207.104141][  T427] type=1320 audit(1790964390.996:187): 
[  207.112755][  T427] type=1325 audit(1790964390.996:188): table=raw family=10 entries=12 op=xt_replace subj=u:r:netd:s0 comm="ip6tables-resto"
[  207.131822][  T427] type=1300 audit(1790964390.996:188): arch=c00000b7 syscall=208 success=yes exit=0 a0=4 a1=29 a2=40 a3=b4000075a3a0a4a0 items=0 ppid=606 auid=4294967295 uid=0 gid=0 euid=0 suid=0 fsuid=0 egid=0 sgid=0 fsgid=0 tty=(none) ses=4294967295 comm="ip6tables-resto" exe="/system/bin/iptables" subj=u:r:netd:s0 key=(null)
[  207.138871][    T1] libprocessgroup: Created cgroup /sys/fs/cgroup/system/uid_1064/pid_628
[  207.162585][  T427] type=1327 audit(1790964390.996:188): proctitle=2F73797374656D2F62696E2F6970367461626C65732D726573746F7265002D2D6E6F666C757368002D77002D76
[  207.168086][  T427] type=1320 audit(1790964390.996:188): 
[  207.169459][  T427] type=1325 audit(1790964390.996:189): table=mangle family=10 entries=32 op=xt_replace subj=u:r:netd:s0 comm="ip6tables-resto"
[  207.174529][  T427] type=1300 audit(1790964390.996:189): arch=c00000b7 syscall=208 success=yes exit=0 a0=4 a1=29 a2=40 a3=b400007453a0c7b0 items=0 ppid=606 auid=4294967295 uid=0 gid=0 euid=0 suid=0 fsuid=0 egid=0 sgid=0 fsgid=0 tty=(none) ses=4294967295 comm="ip6tables-resto" exe="/system/bin/iptables" subj=u:r:netd:s0 key=(null)
[  207.185571][  T427] type=1327 audit(1790964390.996:189): proctitle=2F73797374656D2F62696E2F6970367461626C65732D726573746F7265002D2D6E6F666C757368002D77002D76
[  207.191911][  T427] type=1320 audit(1790964390.996:189): 
[  207.196123][  T427] type=1325 audit(1790964391.380:190): table=filter family=2 entries=70 op=xt_replace subj=u:r:netd:s0 comm="iptables-restor"
[  207.206573][  T427] type=1300 audit(1790964391.380:190): arch=c00000b7 syscall=208 success=yes exit=0 a0=4 a1=0 a2=40 a3=b400007192818e40 items=0 ppid=606 auid=4294967295 uid=0 gid=0 euid=0 suid=0 fsuid=0 egid=0 sgid=0 fsgid=0 tty=(none) ses=4294967295 comm="iptables-restor" exe="/system/bin/iptables" subj=u:r:netd:s0 key=(null)
[  207.223133][  T413] servicemanager: Caller(pid=620,uid=1080,sid=u:r:hal_motioncontext_default:s0) Found android.hardware.motioncontext.IMotionContext/default in device VINTF manifest.
[  207.223466][  T427] type=1327 audit(1790964391.380:190): proctitle=2F73797374656D2F62696E2F69707461626C65732D726573746F7265002D2D6E6F666C757368002D77002D76
[  207.228999][  T427] type=1320 audit(1790964391.380:190): 
[  207.231564][  T427] type=1325 audit(1790964391.696:191): table=raw family=2 entries=12 op=xt_replace subj=u:r:netd:s0 comm="iptables-restor"
[  207.239750][  T427] type=1300 audit(1790964391.696:191): arch=c00000b7 syscall=208 success=yes exit=0 a0=4 a1=0 a2=40 a3=b4000070d2808040 items=0 ppid=606 auid=4294967295 uid=0 gid=0 euid=0 suid=0 fsuid=0 egid=0 sgid=0 fsgid=0 tty=(none) ses=4294967295 comm="iptables-restor" exe="/system/bin/iptables" subj=u:r:netd:s0 key=(null)
[  207.248648][  T427] type=1327 audit(1790964391.696:191): proctitle=2F73797374656D2F62696E2F69707461626C65732D726573746F7265002D2D6E6F666C757368002D77002D76
[  207.485400][  T427] type=1320 audit(1790964391.696:191): 
[  207.542526][  T427] type=1325 audit(1790964391.936:192): table=mangle family=2 entries=33 op=xt_replace subj=u:r:netd:s0 comm="iptables-restor"
[  207.550584][  T427] type=1300 audit(1790964391.936:192): arch=c00000b7 syscall=208 success=yes exit=0 a0=4 a1=0 a2=40 a3=b4000070928057b0 items=0 ppid=606 auid=4294967295 uid=0 gid=0 euid=0 suid=0 fsuid=0 egid=0 sgid=0 fsgid=0 tty=(none) ses=4294967295 comm="iptables-restor" exe="/system/bin/iptables" subj=u:r:netd:s0 key=(null)
[  208.374929][  T427] type=1327 audit(1790964391.936:192): proctitle=2F73797374656D2F62696E2F69707461626C65732D726573746F7265002D2D6E6F666C757368002D77002D76
[  208.387870][    T1] init: ... started service 'vendor.authsecret_default' has pid 628
[  208.593558][  T427] type=1320 audit(1790964391.936:192): 
[  208.676098][  T427] type=1325 audit(1790964391.996:193): table=filter family=10 entries=70 op=xt_replace subj=u:r:netd:s0 comm="ip6tables-resto"
[  208.718612][  T427] type=1300 audit(1790964391.996:193): arch=c00000b7 syscall=208 success=yes exit=0 a0=4 a1=29 a2=40 a3=b400007513a06010 items=0 ppid=606 auid=4294967295 uid=0 gid=0 euid=0 suid=0 fsuid=0 egid=0 sgid=0 fsgid=0 tty=(none) ses=4294967295 comm="ip6tables-resto" exe="/system/bin/iptables" subj=u:r:netd:s0 key=(null)
[  208.783093][  T427] type=1327 audit(1790964391.996:193): proctitle=2F73797374656D2F62696E2F6970367461626C65732D726573746F7265002D2D6E6F666C757368002D77002D76
[  209.089154][  T427] type=1320 audit(1790964391.996:193): 
[  209.485520][  T427] type=1325 audit(1790964392.016:194): table=raw family=10 entries=12 op=xt_replace subj=u:r:netd:s0 comm="ip6tables-resto"
[  209.495972][    T1] init: starting service 'vendor.cas-default'...
[  209.630992][  T427] type=1300 audit(1790964392.016:194): arch=c00000b7 syscall=208 success=yes exit=0 a0=4 a1=29 a2=40 a3=b400007503a0a220 items=0 ppid=606 auid=4294967295 uid=0 gid=0 euid=0 suid=0 fsuid=0 egid=0 sgid=0 fsgid=0 tty=(none) ses=4294967295 comm="ip6tables-resto" exe="/system/bin/iptables" subj=u:r:netd:s0 key=(null)
[  209.672786][  T427] type=1327 audit(1790964392.016:194): proctitle=2F73797374656D2F62696E2F6970367461626C65732D726573746F7265002D2D6E6F666C757368002D77002D76
[  209.695812][  T427] type=1320 audit(1790964392.016:194): 
[  209.712030][  T427] type=1325 audit(1790964392.036:195): table=mangle family=10 entries=32 op=xt_replace subj=u:r:netd:s0 comm="ip6tables-resto"
[  209.756001][  T427] type=1300 audit(1790964392.036:195): arch=c00000b7 syscall=208 success=yes exit=0 a0=4 a1=29 a2=40 a3=b400007593a0e8c0 items=0 ppid=606 auid=4294967295 uid=0 gid=0 euid=0 suid=0 fsuid=0 egid=0 sgid=0 fsgid=0 tty=(none) ses=4294967295 comm="ip6tables-resto" exe="/system/bin/iptables" subj=u:r:netd:s0 key=(null)
[  209.857699][  T427] type=1327 audit(1790964392.036:195): proctitle=2F73797374656D2F62696E2F6970367461626C65732D726573746F7265002D2D6E6F666C757368002D77002D76
[  209.995466][  T427] type=1320 audit(1790964392.036:195): 
[  210.425663][    T1] libprocessgroup: Created cgroup /sys/fs/cgroup/system/uid_1013
[  210.581253][    T1] libprocessgroup: Created cgroup /sys/fs/cgroup/system/uid_1013/pid_633
[  211.015264][  T413] servicemanager: Caller(pid=606,uid=0,sid=u:r:netd:s0) Found android.system.net.netd.INetd/default in framework VINTF manifest.
[  211.253802][    T1] init: ... started service 'vendor.cas-default' has pid 633
[  211.345162][    T1] init: starting service 'vendor.contexthub-default'...
[  212.627316][    T1] libprocessgroup: Created cgroup /sys/fs/cgroup/system/uid_1080/pid_635
[  213.208219][  T413] servicemanager: Caller(pid=628,uid=1064,sid=u:r:hal_authsecret_default:<REDACTED> Found android.hardware.authsecret.IAuthSecret/default in device VINTF manifest.
[  213.241391][    T1] init: ... started service 'vendor.contexthub-default' has pid 635
[  213.326038][    T1] init: starting service 'vendor.drm-clearkey-service'...
[  213.604497][    T1] libprocessgroup: Created cgroup /sys/fs/cgroup/system/uid_1013/pid_636
[  214.557461][    T1] init: ... started service 'vendor.drm-clearkey-service' has pid 636
[  215.252569][    T1] init: starting service 'vendor.gnss-default'...
[  216.771117][    T1] libprocessgroup: Created cgroup /sys/fs/cgroup/system/uid_9999/pid_640
[  216.806259][  T413] servicemanager: Caller(pid=633,uid=1013,sid=u:r:hal_cas_default:s0) Found android.hardware.cas.IMediaCasService/default in device VINTF manifest.
[  217.134189][    T1] init: ... started service 'vendor.gnss-default' has pid 640
[  217.174405][  T413] servicemanager: Caller(pid=619,uid=1000,sid=u:r:hal_sensors_default:s0) Found android.hardware.sensors.ISensors/default in device VINTF manifest.
[  217.222270][    T1] init: starting service 'vendor.hwcomposer-3'...
[  217.490109][    T1] libprocessgroup: Created cgroup /sys/fs/cgroup/system/uid_1000/pid_641
[  218.397041][    T1] init: ... started service 'vendor.hwcomposer-3' has pid 641
[  218.733435][    T1] init: starting service 'vendor.inputprocessor-default'...
[  219.936368][    T1] libprocessgroup: Created cgroup /sys/fs/cgroup/system/uid_9999/pid_642
[  220.962220][    T1] init: ... started service 'vendor.inputprocessor-default' has pid 642
[  221.178485][    T1] init: starting service 'vendor.ir-default'...
[  221.281308][  T413] servicemanager: Caller(pid=635,uid=1080,sid=u:r:hal_contexthub_default:s0) Found android.hardware.contexthub.IContextHub/default in device VINTF manifest.
[  221.949618][    T1] libprocessgroup: Created cgroup /sys/fs/cgroup/system/uid_1000/pid_643
[  224.737918][    T1] init: ... started service 'vendor.ir-default' has pid 643
[  225.798864][    T1] init: starting service 'vendor.memtrack-default'...
[  227.307939][    T1] libprocessgroup: Created cgroup /sys/fs/cgroup/system/uid_9999/pid_644
[  231.405472][    T1] init: ... started service 'vendor.memtrack-default' has pid 644
[  233.103465][  T413] servicemanager: Caller(pid=636,uid=1013,sid=u:r:hal_drm_clearkey_aidl:s0) Found android.hardware.drm.IDrmFactory/clearkey in device VINTF manifest.
[  233.104789][    T1] init: starting service 'nlinterceptor'...
[  233.440726][  T413] libbinder.Binder: Binder transaction to android.os.IServiceManager, function: addService, code: 5, took 1049ms. Data bytes: 196 Reply bytes: 4 Flags: 16
[  234.560104][    T1] libprocessgroup: Created cgroup /sys/fs/cgroup/system/uid_0/pid_645
[  234.577346][  T413] servicemanager: Caller(pid=642,uid=9999,sid=u:r:hal_input_processor_default:s0) Found android.hardware.input.processor.IInputProcessor/default in device VINTF manifest.
[  234.682567][  T413] libbinder.Binder: Binder transaction to android.os.IServiceManager, function: addService, code: 5, took 1041ms. Data bytes: 228 Reply bytes: 4 Flags: 16
[  236.470089][    T1] init: ... started service 'nlinterceptor' has pid 645
[  236.625503][    T1] init: starting service 'neuralnetworks_hal_service_aidl_sample_all'...
[  237.658956][    T1] libprocessgroup: Created cgroup /sys/fs/cgroup/system/uid_1000/pid_646
[  240.029381][  T413] libbinder.Binder: Binder transaction to android.os.IServiceManager, function: addService, code: 5, took 1172ms. Data bytes: 224 Reply bytes: 4 Flags: 16
[  241.761196][    T1] init: ... started service 'neuralnetworks_hal_service_aidl_sample_all' has pid 646
[  242.033668][    T1] init: starting service 'neuralnetworks_hal_service_aidl_sample_limited'...
[  243.258975][  T413] servicemanager: Caller(pid=644,uid=9999,sid=u:r:hal_memtrack_default:s0) Found android.hardware.memtrack.IMemtrack/default in device VINTF manifest.
[  244.491360][    T1] libprocessgroup: Created cgroup /sys/fs/cgroup/system/uid_1000/pid_647
[  245.194742][  T413] servicemanager: Caller(pid=643,uid=1000,sid=u:r:hal_ir_default:s0) Found android.hardware.ir.IConsumerIr/default in device VINTF manifest.
[  245.540017][  T413] libbinder.Binder: Binder transaction to android.os.IServiceManager, function: addService, code: 5, took 1550ms. Data bytes: 192 Reply bytes: 4 Flags: 16
[  246.241940][    T1] init: ... started service 'neuralnetworks_hal_service_aidl_sample_limited' has pid 647
[  246.372753][    T1] init: starting service 'neuralnetworks_hal_service_shim_sample'...
[  247.682726][    T1] libprocessgroup: Created cgroup /sys/fs/cgroup/system/uid_1000/pid_648
[  249.555182][    T1] init: ... started service 'neuralnetworks_hal_service_shim_sample' has pid 648
[  250.448723][    T1] init: starting service 'vendor.power-default'...
[  252.396249][    T1] libprocessgroup: Created cgroup /sys/fs/cgroup/system/uid_9999/pid_649
[  255.010938][    T1] init: ... started service 'vendor.power-default' has pid 649
[  255.230461][  T413] servicemanager: Caller(pid=640,uid=9999,sid=u:r:hal_gnss_default:s0) Found android.hardware.gnss.IGnss/default in device VINTF manifest.
[  255.886143][    T1] init: starting service 'vendor.power.stats-default'...
[  258.266471][    T1] libprocessgroup: Created cgroup /sys/fs/cgroup/system/uid_1000/pid_651
[  261.790619][    T1] init: ... started service 'vendor.power.stats-default' has pid 651
[  262.103909][    T1] init: starting service 'vendor.rebootescrow-default'...
[  263.536620][  T413] servicemanager: Caller(pid=645,uid=0,sid=u:r:hal_nlinterceptor_default:s0) Found android.hardware.net.nlinterceptor.IInterceptor/default in device VINTF manifest.
[  263.632639][    T1] libprocessgroup: Created cgroup /sys/fs/cgroup/system/uid_1000/pid_652
[  266.941808][    T1] init: ... started service 'vendor.rebootescrow-default' has pid 652
[  267.711818][    T1] init: starting service 'vendor.secure_element'...
[  270.217814][    T1] libprocessgroup: Created cgroup /sys/fs/cgroup/system/uid_9999/pid_653
[  274.627390][    T1] init: ... started service 'vendor.secure_element' has pid 653
[  276.093330][    T1] init: starting service 'vendor.authgraph'...
[  277.274351][    T1] libprocessgroup: Created cgroup /sys/fs/cgroup/system/uid_9999/pid_654
[  280.951043][    T1] init: ... started service 'vendor.authgraph' has pid 654
[  284.911671][    T1] init: starting service 'vendor.secretkeeper'...
[  288.759759][    T1] libprocessgroup: Created cgroup /sys/fs/cgroup/system/uid_9999/pid_655
[  291.983024][    T1] init: ... started service 'vendor.secretkeeper' has pid 655
[  295.434269][    T1] init: starting service 'vendor.tetheroffload-example'...
[  301.753430][    T1] libprocessgroup: Created cgroup /sys/fs/cgroup/system/uid_9999/pid_657
[  305.445665][  T413] servicemanager: Caller(pid=647,uid=1000,sid=u:r:hal_neuralnetworks_sample:s0) Found android.hardware.neuralnetworks.IDevice/nnapi-sample_quant in device VINTF manifest.
[  305.665639][  T413] libbinder.Binder: Binder transaction to android.os.IServiceManager, function: addService, code: 5, took 5259ms. Data bytes: 232 Reply bytes: 4 Flags: 16
[  307.809586][  T413] servicemanager: Caller(pid=649,uid=9999,sid=u:r:hal_power_default:s0) Found android.hardware.power.IPower/default in device VINTF manifest.
[  308.206026][  T413] libbinder.Binder: Binder transaction to android.os.IServiceManager, function: addService, code: 5, took 2168ms. Data bytes: 188 Reply bytes: 4 Flags: 16
[  309.771883][    T1] init: ... started service 'vendor.tetheroffload-example' has pid 657
[  310.105651][  T413] servicemanager: Caller(pid=651,uid=1000,sid=u:r:hal_power_stats_default:s0) Found android.hardware.power.stats.IPowerStats/default in device VINTF manifest.
[  310.260839][  T413] libbinder.Binder: Binder transaction to android.os.IServiceManager, function: addService, code: 5, took 1364ms. Data bytes: 212 Reply bytes: 4 Flags: 16
[  311.428204][    T1] init: starting service 'vendor.thermal-example'...
[  311.934111][  T413] servicemanager: Caller(pid=641,uid=1000,sid=u:r:hal_graphics_composer_default:s0) Found android.hardware.graphics.composer3.IComposer/default in device VINTF manifest.
[  312.506861][  T413] libbinder.Binder: Binder transaction to android.os.IServiceManager, function: addService, code: 5, took 1648ms. Data bytes: 220 Reply bytes: 4 Flags: 16
[  313.797316][    T1] libprocessgroup: Created cgroup /sys/fs/cgroup/system/uid_9999/pid_659
[  313.929397][  T413] servicemanager: Caller(pid=652,uid=1000,sid=u:r:hal_rebootescrow_default:s0) Found android.hardware.rebootescrow.IRebootEscrow/default in device VINTF manifest.
[  314.635851][  T413] servicemanager: Caller(pid=648,uid=1000,sid=u:r:hal_neuralnetworks_sample:s0) Found android.hardware.neuralnetworks.IDevice/nnapi-sample_sl_shim in device VINTF manifest.
[  314.765152][  T413] servicemanager: Caller(pid=646,uid=1000,sid=u:r:hal_neuralnetworks_sample:s0) Found android.hardware.neuralnetworks.IDevice/nnapi-sample_all in device VINTF manifest.
[  315.567366][    T1] init: ... started service 'vendor.thermal-example' has pid 659
[  316.682903][  T413] servicemanager: Caller(pid=653,uid=9999,sid=u:r:hal_secure_element_default:s0) Found android.hardware.secure_element.ISecureElement/eSE1 in device VINTF manifest.
[  316.683521][    T1] init: starting service 'vendor.threadnetwork_hal'...
[  317.768174][    T1] libprocessgroup: Created cgroup /sys/fs/cgroup/system/uid_1084
[  319.163209][    T1] libprocessgroup: Created cgroup /sys/fs/cgroup/system/uid_1084/pid_660
[  321.682425][    T1] init: ... started service 'vendor.threadnetwork_hal' has pid 660
[  323.098786][    T1] init: starting service 'vendor.usb_default'...
[  325.707992][    T1] libprocessgroup: Created cgroup /sys/fs/cgroup/system/uid_1000/pid_664
[  325.788436][  T413] servicemanager: Caller(pid=657,uid=9999,sid=u:r:hal_tetheroffload_default:s0) Found android.hardware.tetheroffload.IOffload/default in device VINTF manifest.
[  325.877706][  T413] libbinder.Binder: Binder transaction to android.os.IServiceManager, function: addService, code: 5, took 1258ms. Data bytes: 208 Reply bytes: 4 Flags: 16
[  326.444854][    T1] init: ... started service 'vendor.usb_default' has pid 664
[  326.956871][    T1] init: starting service 'vendor.uwb_hal'...
[  326.995216][  T413] servicemanager: Caller(pid=654,uid=9999,sid=u:r:hal_authgraph_default:s0) Found android.hardware.security.authgraph.IAuthGraphKeyExchange/nonsecure in device VINTF manifest.
[  327.197303][  T413] libbinder.Binder: Binder transaction to android.os.IServiceManager, function: addService, code: 5, took 1194ms. Data bytes: 248 Reply bytes: 4 Flags: 16
[  327.980384][    T1] libprocessgroup: Created cgroup /sys/fs/cgroup/system/uid_1083
[  328.290830][  T413] servicemanager: Caller(pid=655,uid=9999,sid=u:r:hal_secretkeeper_default:<REDACTED> Found android.hardware.security.secretkeeper.ISecretkeeper/nonsecure in device VINTF manifest.
[  329.579504][    T1] libprocessgroup: Created cgroup /sys/fs/cgroup/system/uid_1083/pid_665
[  329.870660][  T413] servicemanager: Caller(pid=660,uid=1084,sid=u:r:hal_threadnetwork_default:s0) Found android.hardware.threadnetwork.IThreadChip/chip0 in device VINTF manifest.
[  330.752771][  T413] servicemanager: Caller(pid=659,uid=9999,sid=u:r:hal_thermal_default:s0) Found android.hardware.thermal.IThermal/default in device VINTF manifest.
[  330.762747][    T1] init: ... started service 'vendor.uwb_hal' has pid 665
[  331.063024][    T1] init: starting service 'vendor.vibrator-default'...
[  331.733698][    T1] libprocessgroup: Created cgroup /sys/fs/cgroup/system/uid_9999/pid_666
[  333.648824][    T1] init: ... started service 'vendor.vibrator-default' has pid 666
[  334.166165][    T1] init: starting service 'vendor.wifi_hal_legacy'...
[  334.967931][    T1] libprocessgroup: Created cgroup /sys/fs/cgroup/system/uid_1010
[  335.012763][    T1] libprocessgroup: Created cgroup /sys/fs/cgroup/system/uid_1010/pid_667
[  335.193240][  T413] servicemanager: Caller(pid=621,uid=1041,sid=u:r:hal_audio_default:s0) Found android.hardware.audio.core.IConfig/default in device VINTF manifest.
[  335.987860][  T413] servicemanager: Caller(pid=621,uid=1041,sid=u:r:hal_audio_default:s0) Found android.hardware.audio.core.IModule/default in device VINTF manifest.
[  336.097086][    T1] init: ... started service 'vendor.wifi_hal_legacy' has pid 667
[  336.386803][    T1] init: starting service 'bt_hci'...
[  336.715657][  T413] servicemanager: Caller(pid=621,uid=1041,sid=u:r:hal_audio_default:s0) Found android.hardware.audio.core.IModule/r_submix in device VINTF manifest.
[  337.222971][    T1] libprocessgroup: Created cgroup /sys/fs/cgroup/system/uid_1002
[  337.428865][  T413] servicemanager: Caller(pid=621,uid=1041,sid=u:r:hal_audio_default:s0) Found android.hardware.bluetooth.audio.IBluetoothAudioProviderFactory/default in device VINTF manifest.
[  337.463947][    T1] libprocessgroup: Created cgroup /sys/fs/cgroup/system/uid_1002/pid_668
[  338.914981][    T1] init: ... started service 'bt_hci' has pid 668
[  338.931398][  T413] servicemanager: Caller(pid=621,uid=1041,sid=u:r:hal_audio_default:s0) Found android.hardware.audio.core.IModule/bluetooth in device VINTF manifest.
[  339.136796][    T1] init: starting service 'bt_finder'...
[  339.346136][  T413] libbinder.Binder: Binder transaction to android.os.IServiceManager, function: addService, code: 5, took 1087ms. Data bytes: 204 Reply bytes: 4 Flags: 16
[  341.095140][    T1] libprocessgroup: Created cgroup /sys/fs/cgroup/system/uid_1002/pid_669
[  343.384048][    T1] init: ... started service 'bt_finder' has pid 669
[  344.205378][    T1] init: starting service 'bt_ranging'...
[  345.505186][  T413] servicemanager: Caller(pid=664,uid=1000,sid=u:r:hal_usb_default:s0) Found android.hardware.usb.IUsb/default in device VINTF manifest.
[  345.707180][  T413] servicemanager: Caller(pid=665,uid=1083,sid=u:r:hal_uwb_default:s0) Found android.hardware.uwb.IUwb/default in device VINTF manifest.
[  345.761198][    T1] libprocessgroup: Created cgroup /sys/fs/cgroup/system/uid_1002/pid_675
[  346.997266][    T1] init: ... started service 'bt_ranging' has pid 675
[  347.943464][    T1] init: starting service 'bt_lmp_event'...
[  349.600803][  T413] servicemanager: Caller(pid=622,uid=1041,sid=u:r:hal_audio_default:s0) Found android.hardware.audio.effect.IFactory/default in device VINTF manifest.
[  349.653231][    T1] libprocessgroup: Created cgroup /sys/fs/cgroup/system/uid_1002/pid_676
[  349.691256][  T413] libbinder.Binder: Binder transaction to android.os.IServiceManager, function: addService, code: 5, took 1393ms. Data bytes: 208 Reply bytes: 4 Flags: 16
[  350.439542][    T1] init: ... started service 'bt_lmp_event' has pid 676
[  350.475879][    T1] init: starting service 'bt_socket'...
[  351.569572][    T1] libprocessgroup: Created cgroup /sys/fs/cgroup/system/uid_1002/pid_679
[  351.614635][  T413] servicemanager: Caller(pid=666,uid=9999,sid=u:r:hal_vibrator_default:s0) Found android.hardware.vibrator.IVibrator/default in device VINTF manifest.
[  351.875333][  T413] servicemanager: Caller(pid=668,uid=1002,sid=u:r:hal_bluetooth_default:s0) Found android.hardware.bluetooth.IBluetoothHci/default in device VINTF manifest.
[  352.177890][    T1] init: ... started service 'bt_socket' has pid 679
[  352.257756][    T1] init: starting service 'bt_socket_lpp'...
[  352.385590][  T413] servicemanager: Caller(pid=666,uid=9999,sid=u:r:hal_vibrator_default:s0) Found android.hardware.vibrator.IVibratorManager/default in device VINTF manifest.
[  352.701057][    T1] libprocessgroup: Created cgroup /sys/fs/cgroup/system/uid_1002/pid_680
[  355.180047][    T1] init: ... started service 'bt_socket_lpp' has pid 680
[  355.938722][    T1] init: starting service 'bt_gatt_lpp'...
[  358.136298][    T1] libprocessgroup: Created cgroup /sys/fs/cgroup/system/uid_1002/pid_681
[  359.534764][    T1] init: ... started service 'bt_gatt_lpp' has pid 681
[  359.667768][    T1] init: starting service 'vendor.graphics.allocator'...
[  359.747756][  T413] servicemanager: Caller(pid=669,uid=1002,sid=u:r:hal_bluetooth_btlinux:s0) Found android.hardware.bluetooth.finder.IBluetoothFinder/default in device VINTF manifest.
[  360.105951][  T413] servicemanager: Caller(pid=667,uid=1010,sid=u:r:hal_wifi_default:s0) Found android.hardware.wifi.IWifi/default in device VINTF manifest.
[  360.106903][    T1] libprocessgroup: Created cgroup /sys/fs/cgroup/system/uid_1000/pid_682
[  360.235192][  T413] servicemanager: Caller(pid=675,uid=1002,sid=u:r:hal_bluetooth_btlinux:s0) Found android.hardware.bluetooth.ranging.IBluetoothChannelSounding/default in device VINTF manifest.
[  360.278054][  T413] servicemanager: Caller(pid=669,uid=1002,sid=u:r:hal_bluetooth_btlinux:s0) Found android.hardware.bluetooth.finder.IBluetoothFinder/default in device VINTF manifest.
[  360.334860][    T1] init: ... started service 'vendor.graphics.allocator' has pid 682
[  360.826836][    T1] init: starting service 'vendor.health-cuttlefish'...
[  360.855370][  T413] servicemanager: Caller(pid=675,uid=1002,sid=u:r:hal_bluetooth_btlinux:s0) Found android.hardware.bluetooth.ranging.IBluetoothChannelSounding/default in device VINTF manifest.
[  361.904388][  T413] servicemanager: Caller(pid=679,uid=1002,sid=u:r:hal_bluetooth_btlinux:s0) Found android.hardware.bluetooth.socket.IBluetoothSocket/default in device VINTF manifest.
[  362.508009][    T1] libprocessgroup: Created cgroup /sys/fs/cgroup/system/uid_1000/pid_684
[  363.282266][    T1] init: ... started service 'vendor.health-cuttlefish' has pid 684
[  364.295322][    T1] init: starting service 'vendor.identity-remote'...
[  365.079978][  T413] servicemanager: Caller(pid=680,uid=1002,sid=u:r:hal_bluetooth_lpp_default:s0) Found android.hardware.bluetooth.socket.IBluetoothSocket/lpp in device VINTF manifest.
[  365.345992][  T413] servicemanager: Caller(pid=681,uid=1002,sid=u:r:hal_bluetooth_lpp_default:s0) Found android.hardware.bluetooth.gatt.IBluetoothGatt/default in device VINTF manifest.
[  365.384723][  T413] servicemanager: Caller(pid=676,uid=1002,sid=u:r:hal_bluetooth_btlinux:s0) Found android.hardware.bluetooth.lmp_event.IBluetoothLmpEvent/default in device VINTF manifest.
[  365.434622][  T413] servicemanager: Caller(pid=676,uid=1002,sid=u:r:hal_bluetooth_btlinux:s0) Found android.hardware.bluetooth.lmp_event.IBluetoothLmpEvent/default in device VINTF manifest.
[  365.497985][    T1] libprocessgroup: Created cgroup /sys/fs/cgroup/system/uid_9999/pid_685
[  365.689300][    T1] init: ... started service 'vendor.identity-remote' has pid 685
[  365.802470][    T1] init: starting service 'vendor.light-cuttlefish'...
[  366.730902][    T1] libprocessgroup: Created cgroup /sys/fs/cgroup/system/uid_9999/pid_686
[  367.172444][  T684] healthd: Failed to lookup glob /sys/devices/platform/*gcdd/system_dev_stat: -3
[  367.247983][  T684] healthd: No battery devices found
[  367.752148][    T1] init: ... started service 'vendor.light-cuttlefish' has pid 686
[  367.964994][    T1] init: starting service 'nfc_hal_service'...
[  367.984602][  T413] servicemanager: Caller(pid=684,uid=1000,sid=u:r:hal_health_default:s0) Found android.hardware.health.IHealth/default in device VINTF manifest.
[  368.456629][  T684] HealthLoop: Successfully attached the BPF filter to the uevent socket
[  368.905434][  T684] healthd: battery none chg=
[  369.074303][    T1] libprocessgroup: Created cgroup /sys/fs/cgroup/system/uid_1027
[  369.145170][    T1] libprocessgroup: Created cgroup /sys/fs/cgroup/system/uid_1027/pid_687
[  369.757361][    T1] init: ... started service 'nfc_hal_service' has pid 687
[  370.404269][    T1] init: starting service 'vendor.oemlock_default'...
[  371.252223][    T1] libprocessgroup: Created cgroup /sys/fs/cgroup/system/uid_1064/pid_688
[  372.527351][    T1] init: ... started service 'vendor.oemlock_default' has pid 688
[  373.302535][    T1] init: starting service 'vendor.camera-provider-2-7-google'...
[  374.534808][    T1] libprocessgroup: Created cgroup /sys/fs/cgroup/system/uid_1047
[  374.787308][    T1] libprocessgroup: Created cgroup /sys/fs/cgroup/system/uid_1047/pid_689
[  376.805986][  T413] servicemanager: Caller(pid=685,uid=9999,sid=u:r:hal_identity_remote:s0) Found android.hardware.identity.IIdentityCredentialStore/default in device VINTF manifest.
[  377.515957][    T1] init: ... started service 'vendor.camera-provider-2-7-google' has pid 689
[  377.525792][  T413] servicemanager: Caller(pid=686,uid=9999,sid=u:r:hal_light_cuttlefish:s0) Found android.hardware.light.ILights/default in device VINTF manifest.
[  377.686279][    T1] init: Command 'class_start hal' action=boot (/system/etc/init/hw/init.rc:1219) took 182860ms and succeeded
[  378.218579][    T1] init: Service 'exec 13 (/system/bin/kcmdlinectrl update-props)' (pid 609) exited with status 0 oneshot service took 191.828995 seconds in background
[  378.238484][    T1] init: Sending SIGKILL to service 'exec 13 (/system/bin/kcmdlinectrl update-props)' (pid 609) process group...
[  378.765819][    T1] libprocessgroup: Removed cgroup /sys/fs/cgroup/system/uid_0/pid_609
[  379.310703][    T1] init: Service 'hidl_memory' (pid 618) exited with status 0
[  379.506916][    T1] init: Sending SIGKILL to service 'hidl_memory' (pid 618) process group...
[  380.492931][    T1] libprocessgroup: Removed cgroup /sys/fs/cgroup/system/uid_1000/pid_618
[  381.786815][    T1] init: service 'ueventd' requested start, but it is already running (flags: 2084, pid: 117, started 345497ms ago)
[  381.820022][    T1] init: service 'apexd' requested start, but it is already running (flags: 134, pid: 484, started 238503ms ago)
[  381.977046][  T413] servicemanager: Caller(pid=682,uid=1000,sid=u:r:hal_graphics_allocator_default:s0) Found android.hardware.graphics.allocator.IAllocator/default in device VINTF manifest.
[  381.986243][    T1] init: starting service 'audioserver'...
[  383.153063][    T1] libprocessgroup: Created cgroup /sys/fs/cgroup/system/uid_1041/pid_692
[  384.870137][    T1] init: ... started service 'audioserver' has pid 692
[  385.133145][    T1] init: starting service 'credstore'...
[  385.430998][  T413] servicemanager: Caller(pid=688,uid=1064,sid=u:r:hal_oemlock_remote:s0) Found android.hardware.oemlock.IOemLock/default in device VINTF manifest.
[  385.730305][  T413] libbinder.Binder: Binder transaction to android.os.IServiceManager, function: addService, code: 5, took 1225ms. Data bytes: 196 Reply bytes: 4 Flags: 16
[  385.996486][  T688] libbinder.BackendUnifiedServiceManager: Thread Pool max thread count is 0. Cannot cache binder as linkToDeath cannot be implemented. serviceName: android.hardware.oemlock.IOemLock/default
[  386.998971][    T1] libprocessgroup: Created cgroup /sys/fs/cgroup/system/uid_1076
[  387.112418][    T1] libprocessgroup: Created cgroup /sys/fs/cgroup/system/uid_1076/pid_699
[  387.275058][  T413] servicemanager: Caller(pid=687,uid=1027,sid=u:r:hal_nfc_default:s0) Found android.hardware.nfc.INfc/default in device VINTF manifest.
[  387.354286][    T1] init: ... started service 'credstore' has pid 699
[  387.443113][    T1] init: starting service 'gpu'...
[  387.702947][    T1] libprocessgroup: Created cgroup /sys/fs/cgroup/system/uid_1072
[  387.725533][    T1] libprocessgroup: Created cgroup /sys/fs/cgroup/system/uid_1072/pid_700
[  387.789214][    T1] init: ... started service 'gpu' has pid 700
[  387.801509][    T1] init: service 'lmkd' requested start, but it is already running (flags: 36, pid: 412, started 317815ms ago)
[  387.829928][    T1] init: starting service 'misctrl'...
[  387.866783][    T1] libprocessgroup: Created cgroup /sys/fs/cgroup/system/uid_0/pid_701
[  387.917686][    T1] init: ... started service 'misctrl' has pid 701
[  387.933250][    T1] init: service 'servicemanager' requested start, but it is already running (flags: 2084, pid: 413, started 316452ms ago)
[  387.983897][    T1] init: starting service 'surfaceflinger'...
[  388.094403][    T1] libprocessgroup: Created cgroup /sys/fs/cgroup/system/uid_1000/pid_702
[  388.161421][    T1] init: ... started service 'surfaceflinger' has pid 702
[  388.169535][    T1] init: service 'vold' requested start, but it is already running (flags: 2052, pid: 428, started 299806ms ago)
[  388.193330][    T1] init: Command 'class_start core' action=boot (/system/etc/init/hw/init.rc:1221) took 6450ms and succeeded
[  388.211372][    T1] init: starting service 'hidl_memory'...
[  388.330144][    T1] libprocessgroup: Created cgroup /sys/fs/cgroup/system/uid_1000/pid_703
[  388.642150][    T1] init: ... started service 'hidl_memory' has pid 703
[  388.699051][    T1] init: processing action (ro.debuggable=1 && boot) from (/system/etc/init/hw/init.rc:1223)
[  388.982157][    T1] init: Command 'write /dev/sys/fs/by-name/userdata/iostat_period_ms 1000' action=ro.debuggable=1 && boot (/system/etc/init/hw/init.rc:1224) took 248ms and succeeded
[  389.041149][    T1] init: processing action (persist.sys.usb.config=* && boot) from (/system/etc/init/hw/init.usb.rc:104)
[  389.089419][    T1] init: processing action (boot) from (/system/etc/init/dumpstate.rc:1)
[  389.145124][    T1] init: processing action (boot) from (/system/etc/init/gsid.rc:25)
[  389.186651][    T1] init: starting service 'exec 14 (/system/bin/gsid run-startup-tasks)'...
[  389.474405][    T1] libprocessgroup: Created cgroup /sys/fs/cgroup/system/uid_0/pid_704
[  390.230106][    T1] init: ... started service 'exec 14 (/system/bin/gsid run-startup-tasks)' has pid 704
[  390.255472][    T1] init: Command 'exec_background - root root -- /system/bin/gsid run-startup-tasks' action=boot (/system/etc/init/gsid.rc:26) took 1096ms and succeeded
[  390.499498][    T1] init: Service 'misctrl' (pid 701) exited with status 1 oneshot service took 2.605000 seconds in background
[  390.518461][    T1] init: Sending SIGKILL to service 'misctrl' (pid 701) process group...
[  390.618165][    T1] libprocessgroup: Removed cgroup /sys/fs/cgroup/system/uid_0/pid_701
[  390.991317][    T1] init: processing action (boot) from (/vendor/etc/init/init.cutf_cvm.rc:83)
[  391.083384][    T1] init: Command 'chmod 0770 /dev/cpuctl' action=boot (/vendor/etc/init/init.cutf_cvm.rc:84) took 72ms and succeeded
[  391.238131][    T1] init: starting service 'socket_vsock_proxy'...
[  393.088294][    T1] libprocessgroup: Created cgroup /sys/fs/cgroup/system/uid_0/pid_705
[  394.463559][    T1] init: ... started service 'socket_vsock_proxy' has pid 705
[  394.490341][    T1] init: Command 'start socket_vsock_proxy' action=boot (/vendor/etc/init/init.cutf_cvm.rc:88) took 3277ms and succeeded
[  394.760734][    T1] init: Command 'setprop ro.hardware.audio.primary goldfish' action=boot (/vendor/etc/init/init.cutf_cvm.rc:89) took 218ms and succeeded
[  394.913262][    T1] init: Command 'symlink /dev/hvc6 /dev/gnss0' action=boot (/vendor/etc/init/init.cutf_cvm.rc:90) took 117ms and succeeded
[  394.955276][    T1] init: processing action (ro.boot.enable_confirmationui=* && boot) from (/apex/com.google.cf.confirmationui/etc/android.hardware.confirmationui-service.cuttlefish.rc:9)
[  396.154664][    T1] init: starting service 'vendor.confirmationui_default'...
[  397.969901][    T1] libprocessgroup: Created cgroup /sys/fs/cgroup/system/uid_1000/pid_712
[  398.260196][    T1] init: ... started service 'vendor.confirmationui_default' has pid 712
[  398.281652][    T1] init: Command 'enable vendor.confirmationui_default' action=ro.boot.enable_confirmationui=* && boot (/apex/com.google.cf.confirmationui/etc/android.hardware.confirmationui-service.cuttlefish.rc:10) took 3282ms and succeeded
[  398.337760][    T1] init: Service 'hidl_memory' (pid 703) exited with status 0
[  398.342348][    T1] init: Sending SIGKILL to service 'hidl_memory' (pid 703) process group...
[  398.457582][    T1] libprocessgroup: Removed cgroup /sys/fs/cgroup/system/uid_1000/pid_703
[  398.686953][    T1] init: service 'vendor.confirmationui_default' requested start, but it is already running (flags: 4, pid: 712, started 852ms ago)
[  398.740535][    T1] init: Command 'start vendor.confirmationui_default' action=ro.boot.enable_confirmationui=* && boot (/apex/com.google.cf.confirmationui/etc/android.hardware.confirmationui-service.cuttlefish.rc:11) took 118ms and succeeded
[  399.389277][    T1] init: starting service 'hidl_memory'...
[  400.657964][    T1] libprocessgroup: Created cgroup /sys/fs/cgroup/system/uid_1000/pid_714
[  401.213654][    T1] init: ... started service 'hidl_memory' has pid 714
[  401.338749][    T1] init: Service 'exec 14 (/system/bin/gsid run-startup-tasks)' (pid 704) exited with status 0 oneshot service took 11.853000 seconds in background
[  401.383980][    T1] init: Sending SIGKILL to service 'exec 14 (/system/bin/gsid run-startup-tasks)' (pid 704) process group...
[  401.784645][    T1] libprocessgroup: Removed cgroup /sys/fs/cgroup/system/uid_0/pid_704
[  402.184307][    T1] init: processing action (enable_property_trigger) from (<Builtin Action>:0)
[  402.936426][    T1] init: processing action (bootreceiver.enable=1 && ro.product.cpu.abilist64=*) from (/system/etc/init/hw/init.rc:653)
[  412.934001][    T1] init: Command 'mkdir /sys/kernel/tracing/instances/bootreceiver 0700 system system' action=bootreceiver.enable=1 && ro.product.cpu.abilist64=* (/system/etc/init/hw/init.rc:657) took 9801ms and succeeded
[  414.341531][    T1] init: Command 'restorecon_recursive /sys/kernel/tracing/instances/bootreceiver' action=bootreceiver.enable=1 && ro.product.cpu.abilist64=* (/system/etc/init/hw/init.rc:658) took 797ms and succeeded
[  414.708320][  T413] servicemanager: Caller(pid=712,uid=1000,sid=u:r:hal_confirmationui_cuttlefish:s0) Found android.hardware.confirmationui.IConfirmationUI/default in device VINTF manifest.
[  414.934313][  T413] libbinder.Binder: Binder transaction to android.os.IServiceManager, function: addService, code: 5, took 1492ms. Data bytes: 224 Reply bytes: 4 Flags: 16
[  415.303461][    T1] init: Command 'write /sys/kernel/tracing/instances/bootreceiver/buffer_size_kb 1' action=bootreceiver.enable=1 && ro.product.cpu.abilist64=* (/system/etc/init/hw/init.rc:659) took 504ms and succeeded
[  415.659223][    T1] init: Command 'write /sys/kernel/tracing/instances/bootreceiver/trace_options disable_on_free' action=bootreceiver.enable=1 && ro.product.cpu.abilist64=* (/system/etc/init/hw/init.rc:660) took 179ms and succeeded
[  416.284249][    T1] init: Command 'write /sys/kernel/tracing/instances/bootreceiver/events/error_report/error_report_end/enable 1' action=bootreceiver.enable=1 && ro.product.cpu.abilist64=* (/system/etc/init/hw/init.rc:661) took 361ms and succeeded
[  416.293486][  T427] type=1400 audit(1790964607.336:196): avc:  denied  { write } for  comm="init" name="error_report_end" dev="tracefs" ino=11523 scontext=u:r:init:s0 tcontext=u:object_r:debugfs_bootreceiver_tracing:s0 tclass=dir permissive=0 bug=b/340399580
[  416.593383][    T1] init: Service 'hidl_memory' (pid 714) exited with status 0
[  416.603222][    T1] init: Sending SIGKILL to service 'hidl_memory' (pid 714) process group...
[  416.630811][  T427] type=1300 audit(1790964607.336:196): arch=c00000b7 syscall=56 success=yes exit=20 a0=ffffff9c a1=b400007f0b637c10 a2=88241 a3=180 items=1 ppid=0 auid=4294967295 uid=0 gid=0 euid=0 suid=0 fsuid=0 egid=0 sgid=0 fsgid=0 tty=(none) ses=4294967295 comm="init" exe="/system/bin/init" subj=u:r:init:s0 key=(null)
[  417.057405][  T427] type=1307 audit(1790964607.336:196): cwd="/"
[  417.067843][  T427] type=1302 audit(1790964607.336:196): item=0 name="/sys/kernel/tracing/instances/bootreceiver/events/error_report/error_report_end/enable" inode=19680823 dev=00:0c mode=0100640 ouid=0 ogid=3012 rdev=00:00 obj=u:object_r:debugfs_bootreceiver_tracing:s0 nametype=NORMAL cap_fp=0 cap_fi=0 cap_fe=0 cap_fver=0 cap_frootid=0
[  417.191488][    T1] libprocessgroup: Removed cgroup /sys/fs/cgroup/system/uid_1000/pid_714
[  417.687532][  T427] type=1327 audit(1790964607.336:196): proctitle=2F73797374656D2F62696E2F696E69740073656C696E75785F7365747570
[  417.870661][    T1] init: processing action (net.tcp_def_init_rwnd=*) from (/system/etc/init/hw/init.rc:1255)
[  418.251950][  T427] type=1320 audit(1790964607.336:196): 
[  418.388239][    T1] init: Command 'write /proc/sys/net/ipv4/tcp_default_init_rwnd ${net.tcp_def_init_rwnd}' action=net.tcp_def_init_rwnd=* (/system/etc/init/hw/init.rc:1256) took 327ms and succeeded
[  418.867577][    T1] init: starting service 'hidl_memory'...
[  419.995570][    T1] libprocessgroup: Created cgroup /sys/fs/cgroup/system/uid_1000/pid_717
[  422.596372][    T1] init: ... started service 'hidl_memory' has pid 717
[  422.773918][    T1] init: processing action (ro.debuggable=1) from (/system/etc/init/hw/init.rc:1295)
[  422.875810][    T1] init: Command 'chmod 0773 /data/misc/trace' action=ro.debuggable=1 (/system/etc/init/hw/init.rc:1299) took 84ms and succeeded
[  422.986477][    T1] init: Command 'chmod 0777 /data/misc/wmtrace' action=ro.debuggable=1 (/system/etc/init/hw/init.rc:1302) took 53ms and succeeded
[  423.391851][    T1] init: Command 'chmod 0775 /data/misc/a11ytrace' action=ro.debuggable=1 (/system/etc/init/hw/init.rc:1304) took 248ms and succeeded
[  423.467509][    T1] init: processing action (sys.usb.config=adb && sys.usb.configfs=0) from (/system/etc/init/hw/init.usb.rc:36)
[  424.019841][    T1] init: Command 'write /sys/class/android_usb/android0/enable 0' action=sys.usb.config=adb && sys.usb.configfs=0 (/system/etc/init/hw/init.usb.rc:37) took 443ms and succeeded
[  424.962962][    T1] init: Command 'write /sys/class/android_usb/android0/idVendor 18d1' action=sys.usb.config=adb && sys.usb.configfs=0 (/system/etc/init/hw/init.usb.rc:38) took 598ms and succeeded
[  425.591435][    T1] init: Command 'write /sys/class/android_usb/android0/idProduct 4EE7' action=sys.usb.config=adb && sys.usb.configfs=0 (/system/etc/init/hw/init.usb.rc:39) took 153ms and succeeded
[  425.944847][    T1] init: Command 'write /sys/class/android_usb/android0/functions ${sys.usb.config}' action=sys.usb.config=adb && sys.usb.configfs=0 (/system/etc/init/hw/init.usb.rc:40) took 55ms and succeeded
[  426.437756][    T1] init: Command 'write /sys/class/android_usb/android0/enable 1' action=sys.usb.config=adb && sys.usb.configfs=0 (/system/etc/init/hw/init.usb.rc:41) took 198ms and succeeded
[  427.276823][    T1] init: starting service 'adbd'...
[  427.888051][    T1] init: Created socket '/dev/socket/adbd', mode 660, user 1000, group 1000
[  429.432422][    T1] libprocessgroup: Created cgroup /sys/fs/cgroup/system/uid_0/pid_720
[  431.226103][    T1] init: ... started service 'adbd' has pid 720
[  431.309001][    T1] init: Command 'start adbd' action=sys.usb.config=adb && sys.usb.configfs=0 (/system/etc/init/hw/init.usb.rc:42) took 4577ms and succeeded
[  431.524796][    T1] init: Command 'setprop sys.usb.state ${sys.usb.config}' action=sys.usb.config=adb && sys.usb.configfs=0 (/system/etc/init/hw/init.usb.rc:43) took 73ms and succeeded
[  431.609553][    T1] init: processing action (apexd.status=ready && ro.product.cpu.abilist64=*) from (/system/etc/init/hw/init.boringssl.zygote64.rc:3)
[  432.027803][    T1] init: starting service 'boringssl_self_test_apex64'...
[  433.154028][    T1] libprocessgroup: Created cgroup /sys/fs/cgroup/system/uid_9999/pid_721
[  434.495158][    T1] init: ... started service 'boringssl_self_test_apex64' has pid 721
[  434.570317][    T1] init: SVC_EXEC service 'boringssl_self_test_apex64' pid 721 (uid 9999 gid 0+0 context default) started; waiting...
[  434.586889][    T1] init: Command 'exec_start boringssl_self_test_apex64' action=apexd.status=ready && ro.product.cpu.abilist64=* (/system/etc/init/hw/init.boringssl.zygote64.rc:4) took 2962ms and succeeded
[  435.549400][    T1] init: Service 'hidl_memory' (pid 717) exited with status 0
[  435.961345][    T1] init: Sending SIGKILL to service 'hidl_memory' (pid 717) process group...
[  436.361220][    T1] libprocessgroup: Removed cgroup /sys/fs/cgroup/system/uid_1000/pid_717
[  436.761379][    T1] init: starting service 'hidl_memory'...
[  438.183145][    T1] libprocessgroup: Created cgroup /sys/fs/cgroup/system/uid_1000/pid_723
[  439.238317][    T1] init: ... started service 'hidl_memory' has pid 723
[  448.612589][    T1] init: Service 'hidl_memory' (pid 723) exited with status 0
[  448.635724][    T1] init: Sending SIGKILL to service 'hidl_memory' (pid 723) process group...
[  449.222560][    T1] libprocessgroup: Removed cgroup /sys/fs/cgroup/system/uid_1000/pid_723
[  450.197459][    T1] init: starting service 'hidl_memory'...
[  451.801979][    T1] libprocessgroup: Created cgroup /sys/fs/cgroup/system/uid_1000/pid_724
[  453.534990][    T1] init: ... started service 'hidl_memory' has pid 724
[  453.666565][    T1] init: Service 'boringssl_self_test_apex64' (pid 721) exited with status 0 waiting took 20.915001 seconds
[  453.681526][    T1] init: Sending SIGKILL to service 'boringssl_self_test_apex64' (pid 721) process group...
[  453.811853][    T1] libprocessgroup: Removed cgroup /sys/fs/cgroup/system/uid_9999/pid_721
[  454.632538][    T1] init: processing action (security.perf_harden=1) from (/system/etc/init/init-perfetto.rc:19)
[  454.982728][    T1] init: Command 'write /proc/sys/kernel/perf_event_max_sample_rate 100000' action=security.perf_harden=1 (/system/etc/init/init-perfetto.rc:20) took 254ms and succeeded
[  456.073773][    T1] init: Command 'write /proc/sys/kernel/perf_cpu_time_max_percent 25' action=security.perf_harden=1 (/system/etc/init/init-perfetto.rc:21) took 349ms and succeeded
[  456.838951][    T1] init: Command 'write /proc/sys/kernel/perf_event_mlock_kb 516' action=security.perf_harden=1 (/system/etc/init/init-perfetto.rc:22) took 394ms and succeeded
[  457.267703][    T1] init: processing action (init.svc.audioserver=running) from (/system/etc/init/audioserver.rc:43)
[  457.699880][    T1] init: Command 'start vendor.audio-hal' action=init.svc.audioserver=running (/system/etc/init/audioserver.rc:44) took 95ms and failed: service vendor.audio-hal not found
[  458.021661][    T1] init: service 'vendor.audio-hal-aidl' requested start, but it is already running (flags: 4, pid: 621, started 256336ms ago)
[  458.132119][    T1] init: Command 'start vendor.audio-hal-aidl' action=init.svc.audioserver=running (/system/etc/init/audioserver.rc:45) took 262ms and succeeded
[  458.158849][    T1] init: service 'vendor.audio-effect-hal-aidl' requested start, but it is already running (flags: 4, pid: 622, started 254650ms ago)
[  458.166663][    T1] init: Command 'start vendor.audio-hal-4-0-msd' action=init.svc.audioserver=running (/system/etc/init/audioserver.rc:47) took 0ms and failed: service vendor.audio-hal-4-0-msd not found
[  458.496431][    T1] init: Command 'start audio_proxy_service' action=init.svc.audioserver=running (/system/etc/init/audioserver.rc:48) took 127ms and failed: service audio_proxy_service not found
[  458.537970][    T1] init: processing action (ro.persistent_properties.ready=true) from (/system/etc/init/bootstat.rc:57)
[  458.782564][    T1] init: Command 'setprop sys.bootstat.first_boot_completed 0' action=ro.persistent_properties.ready=true (/system/etc/init/bootstat.rc:58) took 147ms and succeeded
[  458.840549][    T1] init: processing action (ro.persistent_properties.ready=true) from (/system/etc/init/bootstat.rc:61)
[  459.200933][    T1] init: starting service 'exec 15 (/system/bin/bootstat --set_system_boot_reason)'...
[  461.316282][    T1] libprocessgroup: Created cgroup /sys/fs/cgroup/system/uid_1000/pid_725
[  463.800874][    T1] init: ... started service 'exec 15 (/system/bin/bootstat --set_system_boot_reason)' has pid 725
[  463.875139][    T1] init: Command 'exec_background - system log -- /system/bin/bootstat --set_system_boot_reason' action=ro.persistent_properties.ready=true (/system/etc/init/bootstat.rc:64) took 4970ms and succeeded
[  464.146056][    T1] init: processing action (bootreceiver.enable=1 && ro.product.cpu.abilist64=*) from (/system/etc/init/dmesgd.rc:7)
[  464.586408][    T1] init: Command 'mkdir /data/misc/dmesgd 0700 dmesgd system' action=bootreceiver.enable=1 && ro.product.cpu.abilist64=* (/system/etc/init/dmesgd.rc:8) took 372ms and succeeded
[  464.971277][    T1] init: Command 'rm /data/misc/dmesgd/sent_reports.txt' action=bootreceiver.enable=1 && ro.product.cpu.abilist64=* (/system/etc/init/dmesgd.rc:9) took 52ms and failed: unlink() failed: No such file or directory
[  465.322078][    T1] init: processing action (drm.service.enabled=true) from (/system/etc/init/drmserver.rc:8)
[  466.472992][    T1] init: starting service 'drm'...
[  467.817424][    T1] libprocessgroup: Created cgroup /sys/fs/cgroup/system/uid_1019
[  468.475511][    T1] libprocessgroup: Created cgroup /sys/fs/cgroup/system/uid_1019/pid_730
[  469.175307][    T1] init: ... started service 'drm' has pid 730
[  469.217963][    T1] init: Command 'start drm' action=drm.service.enabled=true (/system/etc/init/drmserver.rc:9) took 3690ms and succeeded
[  469.420374][    T1] init: Service 'hidl_memory' (pid 724) exited with status 0
[  469.456582][    T1] init: Sending SIGKILL to service 'hidl_memory' (pid 724) process group...
[  469.686154][    T1] libprocessgroup: Removed cgroup /sys/fs/cgroup/system/uid_1000/pid_724
[  470.109382][    T1] init: processing action (persist.heapprofd.enable= && traced.lazy.heapprofd=) from (/system/etc/init/heapprofd.rc:49)
[  470.549323][    T1] init: Command 'stop heapprofd' action=persist.heapprofd.enable= && traced.lazy.heapprofd= (/system/etc/init/heapprofd.rc:50) took 377ms and succeeded
[  470.745326][    T1] init: starting service 'hidl_memory'...
[  472.774146][    T1] libprocessgroup: Created cgroup /sys/fs/cgroup/system/uid_1000/pid_736
[  474.423891][    T1] init: ... started service 'hidl_memory' has pid 736
[  474.541280][    T1] init: processing action (security.perf_harden=1) from (/system/etc/init/init-perfetto.rc:19)
[  474.932438][    T1] init: Command 'write /proc/sys/kernel/perf_event_max_sample_rate 100000' action=security.perf_harden=1 (/system/etc/init/init-perfetto.rc:20) took 284ms and succeeded
[  475.625867][    T1] init: Command 'write /proc/sys/kernel/perf_cpu_time_max_percent 25' action=security.perf_harden=1 (/system/etc/init/init-perfetto.rc:21) took 195ms and succeeded
[  475.938405][    T1] init: Service 'exec 15 (/system/bin/bootstat --set_system_boot_reason)' (pid 725) exited with status 0 oneshot service took 15.544000 seconds in background
[  475.981299][    T1] init: Sending SIGKILL to service 'exec 15 (/system/bin/bootstat --set_system_boot_reason)' (pid 725) process group...
[  476.571205][    T1] libprocessgroup: Removed cgroup /sys/fs/cgroup/system/uid_1000/pid_725
[  478.069396][    T1] init: Command 'write /proc/sys/kernel/perf_event_mlock_kb 516' action=security.perf_harden=1 (/system/etc/init/init-perfetto.rc:22) took 382ms and succeeded
[  478.355330][    T1] init: processing action (kcmdline.binder=*) from (/system/etc/init/kcmdlinectrl.rc:20)
[  478.402044][    T1] init: start_waiting_for_property("kcmdline.loaded", "1"): already set
[  479.538491][    T1] init: starting service 'exec 16 (/system/bin/kcmdlinectrl store binder unset)'...
[  480.896748][    T1] libprocessgroup: Created cgroup /sys/fs/cgroup/system/uid_0/pid_742
[  481.903569][    T1] init: ... started service 'exec 16 (/system/bin/kcmdlinectrl store binder unset)' has pid 742
[  481.941112][    T1] init: SVC_EXEC service 'exec 16 (/system/bin/kcmdlinectrl store binder unset)' pid 742 (uid 0 gid 0+0 context default) started; waiting...
[  481.993793][    T1] init: Command 'exec -- /system/bin/kcmdlinectrl store binder ${kcmdline.binder:-c}' action=kcmdline.binder=* (/system/etc/init/kcmdlinectrl.rc:22) took 3415ms and succeeded
[  483.247645][    T1] init: Service 'hidl_memory' (pid 736) exited with status 0
[  483.266242][    T1] init: Sending SIGKILL to service 'hidl_memory' (pid 736) process group...
[  483.472661][    T1] libprocessgroup: Removed cgroup /sys/fs/cgroup/system/uid_1000/pid_736
[  483.987013][    T1] init: starting service 'hidl_memory'...
[  486.455685][    T1] libprocessgroup: Created cgroup /sys/fs/cgroup/system/uid_1000/pid_745
[  488.738976][    T1] init: ... started service 'hidl_memory' has pid 745
[  492.917279][    T1] init: Service 'exec 16 (/system/bin/kcmdlinectrl store binder unset)' (pid 742) exited with status 0 waiting took 12.421000 seconds
[  492.945806][    T1] init: Sending SIGKILL to service 'exec 16 (/system/bin/kcmdlinectrl store binder unset)' (pid 742) process group...
[  493.001893][    T1] libprocessgroup: Removed cgroup /sys/fs/cgroup/system/uid_0/pid_742
[  493.044489][    T1] init: processing action (ro.debuggable=1) from (/system/etc/init/llkd-debuggable.rc:1)
[  493.575987][    T1] init: Command 'setprop llk.enable ${ro.llk.enable:-0}' action=ro.debuggable=1 (/system/etc/init/llkd-debuggable.rc:2) took 414ms and succeeded
[  493.644375][    T1] init: processing action (ro.debuggable=*) from (/system/etc/init/llkd.rc:2)
[  493.678129][    T1] init: processing action (debug.atrace.user_initiated= && persist.traced.enable=1) from (/system/etc/init/perfetto.rc:64)
[  493.762726][    T1] init: starting service 'traced_probes'...
[  494.873518][    T1] libprocessgroup: Created cgroup /sys/fs/cgroup/system/uid_9999/pid_753
[  496.088538][    T1] init: ... started service 'traced_probes' has pid 753
[  496.120353][    T1] init: Command 'start traced_probes' action=debug.atrace.user_initiated= && persist.traced.enable=1 (/system/etc/init/perfetto.rc:65) took 2427ms and succeeded
[  496.261736][    T1] init: processing action (persist.traced.enable=1) from (/system/etc/init/perfetto.rc:76)
[  496.684382][    T1] init: Command 'mkdir /data/misc/perfetto-traces 0773 root shell' action=persist.traced.enable=1 (/system/etc/init/perfetto.rc:80) took 362ms and succeeded
[  496.991864][    T1] init: Service 'hidl_memory' (pid 745) exited with status 0
[  497.014266][    T1] init: Sending SIGKILL to service 'hidl_memory' (pid 745) process group...
[  497.313745][    T1] libprocessgroup: Removed cgroup /sys/fs/cgroup/system/uid_1000/pid_745
[  497.863116][    T1] init: Command 'mkdir /data/misc/perfetto-traces/bugreport 0773 root shell' action=persist.traced.enable=1 (/system/etc/init/perfetto.rc:84) took 159ms and succeeded
[  498.188336][    T1] init: starting service 'hidl_memory'...
[  499.198424][    T1] libprocessgroup: Created cgroup /sys/fs/cgroup/system/uid_1000/pid_757
[  500.464403][    T1] init: ... started service 'hidl_memory' has pid 757
[  501.192219][    T1] init: Command 'mkdir /data/misc/perfetto-traces/profiling 0777 root shell' action=persist.traced.enable=1 (/system/etc/init/perfetto.rc:87) took 628ms and succeeded
[  502.401413][    T1] init: Command 'mkdir /data/misc/perfetto-configs 0775 root shell' action=persist.traced.enable=1 (/system/etc/init/perfetto.rc:92) took 1081ms and succeeded
[  503.677433][    T1] init: Command 'stop traced_relay' action=persist.traced.enable=1 (/system/etc/init/perfetto.rc:94) took 936ms and succeeded
[  503.885821][    T1] init: starting service 'traced'...
[  504.330561][    T1] init: Created socket '/dev/socket/traced_consumer', mode 666, user 0, group 0
[  504.619524][    T1] init: Created socket '/dev/socket/traced_producer', mode 666, user 0, group 0
[  506.747352][    T1] libprocessgroup: Created cgroup /sys/fs/cgroup/system/uid_9999/pid_760
[  509.442883][    T1] init: ... started service 'traced' has pid 760
[  509.456972][    T1] init: Command 'start traced' action=persist.traced.enable=1 (/system/etc/init/perfetto.rc:95) took 5702ms and succeeded
[  509.502916][    T1] init: service 'traced_probes' requested start, but it is already running (flags: 132, pid: 753, started 14882ms ago)
[  509.524759][    T1] init: processing action (ro.persistent_properties.ready=true) from (/system/etc/init/perfetto.rc:129)
[  509.541560][    T1] init: processing action (persist.debug.perfetto.persistent_sysui_tracing_for_bugreport=) from (/system/etc/init/perfetto.rc:188)
[  509.588868][    T1] init: processing action (persist.traced_perf.enable= && sys.init.perf_lsm_hooks=1 && traced.lazy.traced_perf=) from (/system/etc/init/traced_perf.rc:44)
[  509.773897][    T1] init: Command 'stop traced_perf' action=persist.traced_perf.enable= && sys.init.perf_lsm_hooks=1 && traced.lazy.traced_perf= (/system/etc/init/traced_perf.rc:45) took 148ms and succeeded
[  509.897022][    T1] init: processing action (ro.boot.slot_suffix=*) from (/system/etc/init/update_engine.rc:9)
[  509.912573][    T1] init: processing action (hidl_memory.disabled=true) from (/system_ext/etc/init/android.hidl.allocator@1.0-service.rc:6)
[  509.939601][    T1] init: Sending SIGKILL to service 'hidl_memory' (pid 757) process group...
[  512.521464][    T1] libprocessgroup: Removed cgroup /sys/fs/cgroup/system/uid_1000/pid_757
[  512.820357][    T1] init: Command 'stop hidl_memory' action=hidl_memory.disabled=true (/system_ext/etc/init/android.hidl.allocator@1.0-service.rc:7) took 2861ms and succeeded
[  513.386736][    T1] init: Service 'hidl_memory' (pid 757) received SIGKILL
[  513.763818][    T1] init: Sending SIGKILL to service 'hidl_memory' (pid 757) process group...
[  514.243065][    T1] libprocessgroup: Failed to write 1 to /sys/fs/cgroup/system/uid_1000/pid_757/cgroup.kill: No such file or directory
[  514.803460][    T1] init: processing action (hwservicemanager.disabled=true) from (/system_ext/etc/init/hwservicemanager.rc:14)
[  514.885213][    T1] init: Sending SIGKILL to service 'hwservicemanager' (pid 414) process group...
[  517.316445][    T1] libprocessgroup: Still waiting on process(es) to exit for cgroup /sys/fs/cgroup/system/uid_1000/pid_414 after 1633 ms
[  517.775641][    T1] libprocessgroup: Unable to remove cgroup /sys/fs/cgroup/system/uid_1000/pid_414: Device or resource busy
[  518.123757][    T1] init: Command 'stop hwservicemanager' action=hwservicemanager.disabled=true (/system_ext/etc/init/hwservicemanager.rc:15) took 3232ms and succeeded
[  518.277957][    T1] init: processing action (apex.all.ready=true) from (/apex/com.google.cf.input.config/etc/com.google.cf.input.config.rc:1)
[  520.246047][    T1] init: Command 'setprop input_device.config_file.apex com.google.cf.input.config' action=apex.all.ready=true (/apex/com.google.cf.input.config/etc/com.google.cf.input.config.rc:2) took 1336ms and succeeded
[  520.654384][    T1] init: Service 'hwservicemanager' (pid 414) received SIGKILL
[  520.666659][    T1] init: Sending SIGKILL to service 'hwservicemanager' (pid 414) process group...
[  520.987978][    T1] libprocessgroup: Removed cgroup /sys/fs/cgroup/system/uid_1000/pid_414
[  522.502745][    T1] init: processing action (nonencrypted) from (/system/etc/init/hw/init.rc:1227)
[  523.020887][    T1] init: service 'zygote' requested start, but it is already running (flags: 4, pid: 608, started 336902ms ago)
[  524.345929][    T1] init: starting service 'cameraserver'...
[  527.945188][    T1] libprocessgroup: Created cgroup /sys/fs/cgroup/system/uid_1047/pid_769
[  534.796822][    T1] init: ... started service 'cameraserver' has pid 769
[  535.139157][    T1] init: service 'drm' requested start, but it is already running (flags: 132, pid: 730, started 67711ms ago)
[  536.964922][    T1] init: starting service 'idmap2d'...
[  540.578695][    T1] libprocessgroup: Created cgroup /sys/fs/cgroup/system/uid_1000/pid_774
[  543.849808][    T1] init: ... started service 'idmap2d' has pid 774
[  544.377633][    T1] init: starting service 'incidentd'...
[  547.089933][    T1] libprocessgroup: Created cgroup /sys/fs/cgroup/system/uid_1067
[  555.817438][  T413] servicemanager: Caller(pid=702,uid=1000,sid=u:r:surfaceflinger:s0) Found android.hardware.graphics.allocator.IAllocator/default in device VINTF manifest.
[  556.040059][    T1] libprocessgroup: Created cgroup /sys/fs/cgroup/system/uid_1067/pid_780
[  556.349183][  T413] servicemanager: Caller(pid=702,uid=1000,sid=u:r:surfaceflinger:s0) Found android.hardware.graphics.allocator.IAllocator/default in device VINTF manifest.
[  556.877797][  T413] servicemanager: Caller(pid=702,uid=1000,sid=u:r:surfaceflinger:s0) Found mapper/minigbm in device VINTF manifest.
[  557.128597][    T1] init: ... started service 'incidentd' has pid 780
[  557.197348][    T1] init: starting service 'installd'...
[  564.318735][    T1] libprocessgroup: Created cgroup /sys/fs/cgroup/system/uid_0/pid_791
[  574.047785][    T1] init: ... started service 'installd' has pid 791
[  574.123600][    T1] init: starting service 'mediaextractor'...
[  576.646177][    T1] libprocessgroup: Created cgroup /sys/fs/cgroup/system/uid_1040
[  577.948868][    T1] libprocessgroup: Created cgroup /sys/fs/cgroup/system/uid_1040/pid_798
[  578.305697][  T413] servicemanager: Caller(pid=702,uid=1000,sid=u:r:surfaceflinger:s0) Found android.hardware.graphics.composer3.IComposer/default in device VINTF manifest.
[  578.890162][    T1] init: ... started service 'mediaextractor' has pid 798
[  579.299764][  T413] servicemanager: Caller(pid=641,uid=1000,sid=u:r:hal_graphics_composer_default:s0) Found android.hardware.graphics.allocator.IAllocator/default in device VINTF manifest.
[  579.629823][  T413] servicemanager: Caller(pid=641,uid=1000,sid=u:r:hal_graphics_composer_default:s0) Found android.hardware.graphics.allocator.IAllocator/default in device VINTF manifest.
[  579.713982][    T1] init: starting service 'mediametrics'...
[  579.725706][  T413] servicemanager: Caller(pid=641,uid=1000,sid=u:r:hal_graphics_composer_default:s0) Found mapper/minigbm in device VINTF manifest.
[  582.861879][  T413] libbinder.Binder: Binder transaction to android.os.IServiceManager, function: addService, code: 5, took 1864ms. Data bytes: 124 Reply bytes: 4 Flags: 16
[  583.247537][    T1] libprocessgroup: Created cgroup /sys/fs/cgroup/system/uid_1013/pid_804
[  584.973376][    T1] init: ... started service 'mediametrics' has pid 804
[  585.526134][    T1] init: starting service 'media'...
[  589.083153][  T658] VIRTUAL_DEVICE_DISPLAY_POWER_MODE_CHANGED display=0 mode=ON
[  590.453990][    T1] libprocessgroup: Created cgroup /sys/fs/cgroup/system/uid_1013/pid_808
[  593.648682][    T1] init: ... started service 'media' has pid 808
[  593.686337][    T1] init: service 'netd' requested start, but it is already running (flags: 132, pid: 606, started 408030ms ago)
[  594.281567][    T1] init: starting service 'storaged'...
[  596.845280][    T1] libprocessgroup: Created cgroup /sys/fs/cgroup/system/uid_0/pid_813
[  599.271408][    T1] init: ... started service 'storaged' has pid 813
[  599.485433][    T1] init: starting service 'seriallogging'...
[  602.023887][    T1] libprocessgroup: Created cgroup /sys/fs/cgroup/system/uid_1036/pid_818
[  603.825765][    T1] init: ... started service 'seriallogging' has pid 818
[  604.594777][    T1] init: starting service 'media.swcodec'...
[  606.712502][    T1] libprocessgroup: Created cgroup /sys/fs/cgroup/system/uid_1046
[  608.034089][    T1] libprocessgroup: Created cgroup /sys/fs/cgroup/system/uid_1046/pid_821
[  609.554194][    T1] init: ... started service 'media.swcodec' has pid 821
[  609.614054][    T1] init: service 'statsd' requested start, but it is already running (flags: 4, pid: 607, started 423798ms ago)
[  610.306784][    T1] init: starting service 'vendor.ril-daemon'...
[  612.270662][    T1] libprocessgroup: Created cgroup /sys/fs/cgroup/system/uid_1001
[  614.525064][    T1] libprocessgroup: Created cgroup /sys/fs/cgroup/system/uid_1001/pid_828
[  616.823993][    T1] init: ... started service 'vendor.ril-daemon' has pid 828
[  617.359280][    T1] init: Command 'class_start main' action=nonencrypted (/system/etc/init/hw/init.rc:1228) took 94284ms and succeeded
[  618.239335][    T1] init: starting service 'gatekeeperd'...
[  620.674325][    T1] libprocessgroup: Created cgroup /sys/fs/cgroup/system/uid_1000/pid_833
[  622.091230][    T1] init: ... started service 'gatekeeperd' has pid 833
[  622.208968][    T1] init: service 'traced' requested start, but it is already running (flags: 132, pid: 760, started 116056ms ago)
[  622.381538][    T1] init: service 'traced_probes' requested start, but it is already running (flags: 132, pid: 753, started 127706ms ago)
[  622.587881][    T1] init: starting service 'update_engine'...
[  623.327480][  T423] logd: logdr: UID=1036 GID=0 PID=818 b tail=0 logMask=bf pid=0 start=0ns deadline=0ns
[  627.330144][    T1] libprocessgroup: Created cgroup /sys/fs/cgroup/system/uid_0/pid_838
[  630.565499][    T1] init: ... started service 'update_engine' has pid 838
[  631.029360][    T1] init: starting service 'usbd'...
[  634.424154][    T1] libprocessgroup: Created cgroup /sys/fs/cgroup/system/uid_0/pid_842
[  635.575480][    T1] init: ... started service 'usbd' has pid 842
[  636.502264][    T1] init: starting service 'tombstone_transmit'...
[  638.542797][    T1] libprocessgroup: Created cgroup /sys/fs/cgroup/system/uid_0/pid_848
[  640.235547][  T658] VIRTUAL_DEVICE_DISPLAY_POWER_MODE_CHANGED display=0 mode=ON
[  642.487519][    T1] init: ... started service 'tombstone_transmit' has pid 848
[  642.601014][    T1] init: Command 'class_start late_start' action=nonencrypted (/system/etc/init/hw/init.rc:1229) took 24866ms and succeeded
[  643.621646][    T1] init: starting service 'bootanim'...
[  645.765521][    T1] libprocessgroup: Created cgroup /sys/fs/cgroup/system/uid_1003
[  646.818936][    T1] libprocessgroup: Created cgroup /sys/fs/cgroup/system/uid_1003/pid_854
[  648.277787][    T1] init: ... started service 'bootanim' has pid 854
[  648.293756][    T1] init: Control message: Processed ctl.start for 'bootanim' from pid: 702 (/system/bin/surfaceflinger)
[  648.334280][    T1] init: processing action (load_persist_props_action) from (/system/etc/init/flags_health_check.rc:1)
[  648.552296][  T413] servicemanager: Caller(pid=833,uid=1000,sid=u:r:gatekeeperd:s0) Found android.hardware.gatekeeper.IGatekeeper/default in device VINTF manifest.
[  648.668955][    T1] init: Encryption policy of /data/server_configurable_flags set to a91d93d8a7123f97db0fcea106a65389 v2 modes 1/10 flags 0xa
[  648.783277][    T1] init: Command 'mkdir /data/server_configurable_flags 0775 system system encryption=Require' action=load_persist_props_action (/system/etc/init/flags_health_check.rc:4) took 372ms and succeeded
[  652.207376][    T1] init: starting service 'exec 17 (/system/bin/flags_health_check BOOT_FAILURE)'...
[  656.422429][    T1] libprocessgroup: Created cgroup /sys/fs/cgroup/system/uid_1000/pid_856
[  659.234247][    T1] init: ... started service 'exec 17 (/system/bin/flags_health_check BOOT_FAILURE)' has pid 856
[  659.422614][    T1] init: SVC_EXEC service 'exec 17 (/system/bin/flags_health_check BOOT_FAILURE)' pid 856 (uid 1000 gid 1000+0 context default) started; waiting...
[  659.536497][    T1] init: Command 'exec - system system -- /system/bin/flags_health_check BOOT_FAILURE' action=load_persist_props_action (/system/etc/init/flags_health_check.rc:5) took 9740ms and succeeded
[  660.249394][    T1] init: service 'adbd' requested start, but it is already running (flags: 132, pid: 720, started 231090ms ago)
[  660.423171][    T1] init: Control message: Processed ctl.start for 'adbd' from pid: 842 (/system/bin/usbd)
[  665.240158][  T413] servicemanager: Caller(pid=842,uid=0,sid=u:r:usbd:s0) Could not find android.hardware.usb.gadget.IUsbGadget/default in the VINTF manifest. No alternative instances declared in VINTF.
[  665.804721][  T413] libbinder.Binder: Binder transaction to android.os.IServiceManager, function: isDeclared, code: 9, took 1492ms. Data bytes: 172 Reply bytes: 8 Flags: 16
[  671.191863][    T1] init: Service 'usbd' (pid 842) exited with status 0 oneshot service took 36.780998 seconds in background
[  671.849487][    T1] init: Sending SIGKILL to service 'usbd' (pid 842) process group...
[  673.239475][    T1] libprocessgroup: Removed cgroup /sys/fs/cgroup/system/uid_0/pid_842
[  683.848078][  T413] servicemanager: Caller(pid=689,uid=1047,sid=u:r:hal_camera_default:s0) Found android.hardware.camera.provider.ICameraProvider/internal/0 in device VINTF manifest.
[  684.283856][    T1] init: Service 'exec 17 (/system/bin/flags_health_check BOOT_FAILURE)' (pid 856) exited with status 0 waiting took 28.774000 seconds
[  684.296786][  T413] libbinder.Binder: Binder transaction to android.os.IServiceManager, function: addService, code: 5, took 1917ms. Data bytes: 232 Reply bytes: 4 Flags: 16
[  684.309052][    T1] init: Sending SIGKILL to service 'exec 17 (/system/bin/flags_health_check BOOT_FAILURE)' (pid 856) process group...
[  685.443208][    T1] libprocessgroup: Removed cgroup /sys/fs/cgroup/system/uid_1000/pid_856
[  686.543500][    T1] init: processing action (load_persist_props_action) from (/system/etc/init/logcatd.rc:29)
[  686.816903][    T1] init: Command 'setprop logd.logpersistd.enable true' action=load_persist_props_action (/system/etc/init/logcatd.rc:30) took 218ms and succeeded
[  686.928978][    T1] init: processing action (hidl_memory.disabled=true) from (/system_ext/etc/init/android.hidl.allocator@1.0-service.rc:6)
[  686.954133][    T1] init: processing action (hidl_memory.disabled=true) from (/system_ext/etc/init/android.hidl.allocator@1.0-service.rc:6)
[  686.962218][    T1] init: processing action (hidl_memory.disabled=true) from (/system_ext/etc/init/android.hidl.allocator@1.0-service.rc:6)
[  686.977835][    T1] init: processing action (hidl_memory.disabled=true) from (/system_ext/etc/init/android.hidl.allocator@1.0-service.rc:6)
[  687.314180][    T1] init: processing action (hidl_memory.disabled=true) from (/system_ext/etc/init/android.hidl.allocator@1.0-service.rc:6)
[  687.802905][    T1] init: Command 'stop hidl_memory' action=hidl_memory.disabled=true (/system_ext/etc/init/android.hidl.allocator@1.0-service.rc:7) took 357ms and succeeded
[  687.930835][    T1] init: processing action (llk.enable=0) from (/system/etc/init/llkd.rc:12)
[  687.948409][    T1] init: processing action (khungtask.enable=1) from (/system/etc/init/llkd.rc:18)
[  687.956935][    T1] init: processing action (llk.enable=0) from (/system/etc/init/llkd.rc:12)
[  687.965021][    T1] init: processing action (khungtask.enable=0) from (/system/etc/init/llkd.rc:21)
[  687.973030][    T1] init: processing action (hidl_memory.disabled=true) from (/system_ext/etc/init/android.hidl.allocator@1.0-service.rc:6)
[  687.989327][    T1] init: processing action (init.svc.media=*) from (/system/etc/init/mediaserver.rc:1)
[  688.027136][    T1] init: processing action (khungtask.enable=true) from (/system/etc/init/llkd.rc:25)
[  688.109831][    T1] init: Command 'write /proc/sys/kernel/hung_task_timeout_secs ${ro.khungtask.timeout:-720}' action=khungtask.enable=true (/system/etc/init/llkd.rc:26) took 73ms and succeeded
[  688.132092][    T1] init: processing action (khungtask.enable=false) from (/system/etc/init/llkd.rc:31)
[  688.683682][  T413] servicemanager: Caller(pid=828,uid=1001,sid=u:r:libcuttlefish_rild:s0) Found android.hardware.radio.ims.media.IImsMedia/default in device VINTF manifest.
[  688.756204][  T413] servicemanager: Caller(pid=692,uid=1041,sid=u:r:audioserver:s0) Found android.hardware.audio.core.IModule/default in device VINTF manifest.
[  690.018987][  T413] servicemanager: Caller(pid=828,uid=1001,sid=u:r:libcuttlefish_rild:s0) Found android.hardware.radio.config.IRadioConfig/default in device VINTF manifest.
[  690.252413][  T413] servicemanager: Caller(pid=692,uid=1041,sid=u:r:audioserver:s0) Found android.hardware.audio.effect.IFactory/default in device VINTF manifest.
[  691.195389][  T413] servicemanager: Caller(pid=828,uid=1001,sid=u:r:libcuttlefish_rild:s0) Found android.hardware.radio.data.IRadioData/slot1 in device VINTF manifest.
[  691.926199][  T413] servicemanager: Caller(pid=828,uid=1001,sid=u:r:libcuttlefish_rild:s0) Found android.hardware.radio.ims.IRadioIms/slot1 in device VINTF manifest.
[  692.754082][  T413] servicemanager: Caller(pid=828,uid=1001,sid=u:r:libcuttlefish_rild:s0) Found android.hardware.radio.messaging.IRadioMessaging/slot1 in device VINTF manifest.
[  693.450501][  T413] servicemanager: Caller(pid=828,uid=1001,sid=u:r:libcuttlefish_rild:s0) Found android.hardware.radio.modem.IRadioModem/slot1 in device VINTF manifest.
[  695.135022][  T413] servicemanager: Caller(pid=828,uid=1001,sid=u:r:libcuttlefish_rild:s0) Found android.hardware.radio.network.IRadioNetwork/slot1 in device VINTF manifest.
[  696.297077][  T413] servicemanager: Caller(pid=828,uid=1001,sid=u:r:libcuttlefish_rild:s0) Found android.hardware.radio.sim.IRadioSim/slot1 in device VINTF manifest.
[  696.916264][  T413] servicemanager: Caller(pid=828,uid=1001,sid=u:r:libcuttlefish_rild:s0) Found android.hardware.radio.voice.IRadioVoice/slot1 in device VINTF manifest.
[  697.450840][  T413] servicemanager: Caller(pid=828,uid=1001,sid=u:r:libcuttlefish_rild:s0) Found android.hardware.radio.sap.ISap/slot1 in device VINTF manifest.
[  719.945885][  T413] servicemanager: Caller(pid=838,uid=0,sid=u:r:update_engine:s0) Found android.hardware.boot.IBootControl/default in device VINTF manifest.
[  734.922115][  T413] servicemanager: Caller(pid=692,uid=1041,sid=u:r:audioserver:s0) Found android.hardware.audio.effect.IFactory/default in device VINTF manifest.
[  735.364370][  T413] libbinder.Binder: Binder transaction to android.os.IServiceManager, function: isDeclared, code: 9, took 1138ms. Data bytes: 172 Reply bytes: 8 Flags: 16
[  736.058175][  T413] servicemanager: Caller(pid=692,uid=1041,sid=u:r:audioserver:s0) Found android.hardware.audio.core.IModule/default in device VINTF manifest.
[  744.303580][  T413] servicemanager: Caller(pid=813,uid=0,sid=u:r:storaged:s0) Found android.hardware.health.IHealth/default in device VINTF manifest.
[  799.231590][  T413] servicemanager: Caller(pid=821,uid=1046,sid=u:r:mediaswcodec:s0) Found android.hardware.media.c2.IComponentStore/software in framework VINTF manifest.
[  800.705532][  T413] servicemanager: Caller(pid=821,uid=1046,sid=u:r:mediaswcodec:s0) Found android.hardware.media.c2.IComponentStore/software in framework VINTF manifest.
[  801.992905][  T413] servicemanager: Caller(pid=821,uid=1046,sid=u:r:mediaswcodec:s0) Could not find android.hardware.media.c2.IComponentStore/default in the VINTF manifest. No alternative instances declared in VINTF.
[  900.343996][  T413] servicemanager: Caller(pid=692,uid=1041,sid=u:r:audioserver:s0) Found android.hardware.audio.effect.IFactory/default in device VINTF manifest.
[  901.321252][  T413] servicemanager: Caller(pid=692,uid=1041,sid=u:r:audioserver:s0) Found android.hardware.audio.core.IModule/default in device VINTF manifest.
[  923.664530][  T413] servicemanager: Caller(pid=692,uid=1041,sid=u:r:audioserver:s0) Found android.system.suspend.ISystemSuspend/default in framework VINTF manifest.
[  924.246444][  T413] libbinder.Binder: Binder transaction to android.os.IServiceManager, function: isDeclared, code: 9, took 1222ms. Data bytes: 168 Reply bytes: 8 Flags: 16
